26-4-2020,14.04,Pathfinder,10,2,1435,19
19-12-2019,2.86,Wattson,6,1,874,14
1-6-2021,10.24,Gibraltar,2,1,465,14
4-11-2020,6.12,Wraith,10,1,1469,15
2-1-2022,12.44,Wraith,6,4,991,19
6-9-2022,29.52,Lifeline,7,2,664,20
14-3-2021,3.83,Pathfinder,1,1,305,9
21-5-2020,10.24,Pathfinder,1,17,1397,12
15-4-2022,26.35,Pathfinder,3,11,1922,10
13-7-2022,17.68,Wraith,4,2,804,6
5-8-2022,25.84,Ash,4,10,2212,8
25-6-2020,18.84,Pathfinder,8,4,2076,19
3-7-2019,5.98,Bloodhound,1,7,745,1
13-9-2019,15.17,Bloodhound,1,3,474,10
10-10-2021,1.58,Pathfinder,10,4,2715,11
9-5-2020,27.86,Bangalore,8,9,1497,10
18-4-2020,22.19,Gibraltar,2,3,959,6
6-2-2022,12.7,Ash,12,3,2647,15
6-5-2021,11.29,Gibraltar,5,2,1267,4
25-6-2022,9.44,Lifeline,3,5,1440,11
13-3-2020,7.96,Ash,5,8,2230,6
3-5-2021,23.39,Lifeline,7,15,1795,2
20-1-2020,5.63,Pathfinder,12,1,2171,13
5-6-2021,21.96,Gibraltar,7,9,1244,9
12-2-2022,0.01,Lifeline,0,1,165,9
11-8-2022,28.39,Gibraltar,5,2,1064,14
31-12-2021,6.86,Gibraltar,0,0,0,2
4-9-2020,21.11,Bangalore,13,8,2424,7
6-10-2020,4.16,Gibraltar,3,1,875,17
14-10-2022,4.11,Ash,0,0,0,14
21-3-2021,28.91,Ash,3,2,915,13
12-7-2021,23.24,Bloodhound,4,2,499,17
4-11-2019,0.48,Pathfinder,9,2,1472,7
5-5-2020,5.06,Lifeline,0,3,454,3
24-12-2021,3.72,Bangalore,0,0,0,13
10-5-2019,26.5,Lifeline,4,8,2169,5
19-12-2019,28.64,Lifeline,7,6,775,3
28-2-2021,4.52,Bloodhound,8,3,1816,8
9-11-2021,3.74,Lifeline,8,0,955,18
15-9-2020,15.07,Gibraltar,4,1,377,3
21-10-2021,24.51,Ash,3,7,1687,19
7-3-2021,0.73,Bloodhound,9,14,4517,6
19-9-2022,5.44,Wattson,4,0,291,19
3-4-2020,14.82,Gibraltar,1,3,411,9
15-8-2022,22.44,Lifeline,11,12,4619,19
4-12-2022,29.95,Wattson,11,15,2073,12
1-5-2022,21.19,Pathfinder,2,6,949,18
12-2-2021,16.14,Wraith,8,2,603,8
12-11-2019,20.51,Wraith,3,9,934,8
28-11-2022,16.75,Wraith,6,4,1644,4
24-7-2021,9.32,Wraith,0,1,81,9
20-5-2019,14.45,Wraith,5,4,1289,19
18-5-2021,3.63,Ash,0,4,278,15
23-4-2020,4.71,Wattson,11,4,3291,14
3-12-2022,15.62,Wraith,8,10,3236,6
10-6-2020,24.81,Bloodhound,2,4,537,7
19-6-2022,21.82,Ash,3,5,1047,14
12-5-2021,13.52,Wraith,5,14,1347,7
9-4-2020,12.39,Ash,6,8,954,2
21-8-2019,13.88,Lifeline,11,6,1622,20
9-12-2021,14.44,Wraith,15,5,3653,10
5-11-2022,29.17,Pathfinder,4,7,1768,2
7-3-2021,23.33,Ash,11,7,2643,17
26-12-2022,18.19,Wattson,6,15,1887,4
19-2-2020,14.07,Wattson,12,6,2145,3
29-4-2021,9.16,Lifeline,0,2,337,6
17-6-2021,5.77,Bangalore,0,6,612,12
2-7-2022,16.9,Pathfinder,16,4,2768,5
18-11-2021,0.64,Bloodhound,12,5,2886,4
25-7-2021,25.21,Bangalore,7,9,3124,2
25-7-2021,23.65,Bloodhound,2,14,1547,11
8-7-2019,17.17,Wattson,1,9,1655,5
17-7-2021,6.0,Wattson,0,6,825,9
3-3-2019,20.16,Pathfinder,7,3,1336,8
9-5-2021,7.55,Bloodhound,7,4,828,2
25-11-2019,1.56,Pathfinder,1,11,2184,19
8-9-2020,20.2,Lifeline,3,4,1231,10
9-12-2021,23.33,Pathfinder,19,3,2157,11
19-6-2021,2.19,Pathfinder,3,3,847,3
7-12-2020,13.67,Wraith,3,1,481,5
1-7-2022,9.98,Wraith,2,10,1923,5
25-1-2021,1.77,Bloodhound,14,6,2273,20
16-9-2021,22.88,Ash,5,2,669,19
16-11-2022,1.28,Ash,1,3,362,7
25-2-2022,29.8,Lifeline,7,17,2998,15
29-7-2019,25.98,Bangalore,18,2,3874,17
15-6-2022,2.02,Wattson,5,5,943,7
2-8-2019,5.71,Wraith,12,1,1346,19
17-3-2022,12.0,Bangalore,1,6,1074,8
1-2-2020,20.94,Bangalore,14,5,4013,12
12-6-2019,2.33,Gibraltar,4,11,2034,15
19-11-2019,17.91,Ash,1,4,867,16
30-11-2021,19.91,Wattson,1,1,195,14
27-7-2020,25.21,Wattson,4,9,2375,6
8-3-2021,13.53,Lifeline,5,2,1363,15
1-10-2022,1.57,Wattson,0,7,720,10
13-12-2022,14.14,Wraith,11,2,2532,8
1-9-2020,3.61,Pathfinder,5,4,1124,15
16-2-2019,19.46,Bangalore,2,5,472,1
9-6-2020,4.47,Wraith,0,11,515,12
23-9-2019,22.89,Bloodhound,14,12,5195,15
21-6-2020,15.4,Pathfinder,3,3,531,9
19-3-2019,10.82,Bloodhound,6,1,1393,18
15-12-2020,1.73,Pathfinder,2,2,323,7
30-4-2020,0.09,Pathfinder,12,3,907,8
6-3-2022,27.26,Wattson,17,14,6635,1
16-12-2020,25.55,Bloodhound,3,13,1057,1
3-6-2019,8.9,Wattson,0,2,141,12
8-3-2020,20.13,Gibraltar,9,9,2265,5
31-12-2021,4.41,Bangalore,1,2,551,16
29-9-2021,2.44,Bangalore,7,19,3949,9
14-7-2021,13.87,Pathfinder,1,11,1709,7
14-3-2021,12.76,Ash,4,7,1567,2
5-12-2019,29.75,Bangalore,9,5,2564,7
12-7-2019,19.71,Wraith,4,13,2445,14
1-1-2021,6.19,Ash,3,1,237,13
3-11-2021,20.82,Bloodhound,8,10,3205,9
8-8-2020,23.39,Lifeline,4,3,1029,5
16-4-2022,1.43,Bangalore,0,3,312,3
21-4-2021,18.64,Gibraltar,3,8,1831,7
12-10-2020,8.86,Bangalore,3,16,1218,18
20-9-2021,11.05,Bloodhound,4,2,1259,10
19-1-2022,12.16,Wraith,4,9,1686,16
21-2-2022,4.18,Lifeline,4,8,1054,9
12-9-2020,16.0,Gibraltar,5,4,1396,20
18-10-2020,10.98,Bangalore,7,1,1085,6
9-12-2020,14.96,Wattson,7,4,1609,2
18-4-2021,29.99,Ash,2,14,2643,9
9-8-2019,2.74,Wraith,2,3,812,4
17-1-2020,13.64,Bangalore,2,1,602,20
19-1-2020,6.46,Lifeline,1,6,1365,16
9-2-2022,17.22,Gibraltar,1,16,2370,11
25-6-2020,22.78,Ash,2,4,845,7
13-2-2019,23.72,Lifeline,2,11,1570,8
2-9-2020,24.95,Lifeline,2,14,2591,10
10-2-2021,24.42,Gibraltar,10,6,2992,16
29-5-2020,23.03,Bangalore,13,15,2455,20
13-8-2021,19.03,Bangalore,1,5,326,6
5-10-2021,3.67,Bangalore,4,8,1275,6
29-1-2021,13.34,Bangalore,12,4,1985,3
28-11-2019,19.25,Lifeline,7,9,1550,10
4-12-2020,3.13,Lifeline,5,3,938,9
11-4-2022,10.28,Bloodhound,6,1,941,19
3-3-2020,12.55,Bangalore,4,4,1261,3
31-10-2020,9.99,Bloodhound,6,2,1567,3
12-7-2021,13.05,Ash,3,12,2512,13
6-8-2019,23.73,Gibraltar,7,12,1725,9
9-7-2021,12.48,Wattson,9,6,2380,16
22-7-2020,6.05,Wraith,12,0,861,10
21-12-2021,21.85,Gibraltar,5,2,1305,11
17-10-2020,4.44,Pathfinder,6,2,1353,4
1-8-2021,10.8,Pathfinder,4,2,515,11
10-10-2022,8.24,Bloodhound,4,2,1130,15
13-3-2020,18.64,Ash,19,1,2304,8
15-3-2019,1.89,Lifeline,13,11,4834,20
8-1-2021,9.46,Wattson,2,13,2772,10
7-12-2021,12.39,Ash,12,1,2395,14
24-7-2020,1.92,Wraith,1,13,2057,8
31-8-2021,15.55,Wattson,2,1,630,7
6-3-2020,20.58,Ash,10,3,1198,4
11-1-2021,4.17,Wraith,5,7,2021,2
17-9-2019,29.62,Ash,2,16,1443,17
1-9-2021,5.39,Wraith,4,0,374,15
10-11-2020,14.28,Bangalore,5,1,1295,7
26-11-2022,7.99,Ash,3,15,1746,9
13-9-2020,12.88,Wattson,1,5,541,19
15-2-2019,27.75,Pathfinder,11,2,1391,2
23-7-2019,13.43,Pathfinder,14,1,1923,12
9-9-2020,15.42,Wraith,1,13,2335,5
25-3-2022,1.84,Wattson,1,4,962,17
5-5-2019,28.84,Lifeline,5,5,698,20
20-1-2022,16.63,Bloodhound,15,4,3740,19
15-2-2019,17.14,Bangalore,6,19,4857,8
31-10-2021,12.05,Ash,14,9,3804,1
5-4-2022,15.07,Ash,1,2,479,17
24-8-2022,6.79,Wattson,0,0,0,13
26-1-2021,25.09,Gibraltar,7,3,1926,20
28-7-2021,12.08,Wattson,9,2,1103,4
27-10-2022,18.5,Bloodhound,2,2,545,2
19-2-2020,12.94,Wraith,6,5,964,7
16-10-2019,5.54,Ash,8,4,1894,8
25-3-2021,20.55,Lifeline,5,4,558,13
22-3-2020,8.52,Lifeline,8,3,1239,19
15-3-2019,19.57,Wattson,6,7,1392,9
27-4-2019,12.27,Bangalore,10,5,3390,9
16-7-2021,17.96,Ash,4,8,1525,7
10-9-2019,8.26,Bangalore,3,3,974,1
17-3-2019,3.28,Wraith,6,2,593,9
22-7-2019,23.38,Gibraltar,4,11,2590,19
17-8-2020,6.02,Wraith,5,7,2081,4
18-9-2021,21.85,Gibraltar,5,18,3409,10
21-2-2021,16.22,Gibraltar,2,9,1412,4
18-6-2022,14.34,Pathfinder,15,5,2057,3
28-1-2021,8.96,Lifeline,11,2,789,19
20-7-2022,21.83,Ash,3,11,1292,6
27-11-2020,18.51,Lifeline,5,15,3639,4
29-1-2021,18.1,Bangalore,6,5,1526,8
14-5-2019,2.29,Bangalore,8,3,2008,5
3-3-2021,8.3,Gibraltar,0,2,302,6
24-2-2022,23.7,Bloodhound,3,3,957,4
19-11-2022,7.32,Ash,2,4,955,12
1-3-2019,2.51,Ash,6,14,2545,12
23-1-2022,15.78,Bangalore,4,1,937,7
11-2-2021,26.24,Wattson,3,8,601,14
12-10-2019,24.0,Lifeline,4,3,691,14
7-6-2019,28.19,Wraith,3,2,747,11
2-9-2019,14.85,Bloodhound,10,1,2513,15
30-6-2021,21.33,Bloodhound,11,3,2007,11
31-12-2021,11.55,Ash,3,2,551,16
6-10-2021,19.15,Gibraltar,15,4,1628,7
3-3-2022,28.56,Pathfinder,14,2,921,20
24-7-2019,9.89,Lifeline,13,17,5980,16
15-12-2020,0.9,Gibraltar,3,1,304,9
24-5-2020,12.28,Wattson,1,3,324,13
12-5-2019,23.81,Lifeline,7,6,2103,3
6-7-2020,20.58,Wraith,11,2,1494,14
10-7-2019,22.45,Pathfinder,14,6,1804,14
2-4-2022,29.18,Wattson,2,2,283,4
7-8-2019,25.89,Ash,7,10,3293,3
18-7-2020,17.27,Bangalore,6,13,3501,12
17-6-2022,24.51,Wattson,14,10,4181,7
20-7-2021,25.03,Wraith,5,2,1408,17
27-12-2022,23.95,Bangalore,6,6,2177,6
13-9-2019,17.63,Wattson,6,2,942,8
19-10-2022,16.45,Pathfinder,1,1,209,3
24-4-2019,22.07,Bangalore,6,3,1683,7
12-11-2020,28.46,Bangalore,5,2,756,20
14-11-2020,19.59,Wraith,7,4,2082,20
15-4-2019,24.12,Pathfinder,5,9,1855,9
2-1-2020,8.61,Lifeline,11,5,2463,5
4-5-2021,2.88,Pathfinder,1,0,63,7
19-6-2020,5.73,Bloodhound,1,0,68,8
22-4-2021,0.25,Bloodhound,14,10,2361,16
8-2-2021,22.69,Pathfinder,2,2,488,18
21-2-2021,9.39,Gibraltar,0,0,0,15
18-2-2022,23.08,Gibraltar,16,4,4056,3
1-3-2020,7.97,Wattson,10,2,1275,16
3-5-2019,25.53,Wraith,10,3,2893,16
25-2-2022,22.53,Lifeline,3,3,390,3
27-6-2021,19.98,Lifeline,3,7,709,2
16-1-2021,25.06,Bangalore,5,11,1862,19
12-5-2021,8.68,Wraith,5,0,834,2
21-10-2019,26.2,Gibraltar,20,2,2063,2
4-10-2020,19.23,Pathfinder,11,2,904,12
11-12-2022,13.79,Gibraltar,14,13,4261,1
24-1-2022,10.5,Bangalore,12,12,1536,15
21-8-2020,1.5,Lifeline,2,2,762,11
26-12-2021,17.21,Wattson,5,9,2693,4
11-6-2022,17.17,Gibraltar,3,13,2653,19
19-3-2020,1.81,Wraith,0,2,269,3
14-4-2021,17.91,Gibraltar,2,1,453,9
15-11-2022,16.5,Bangalore,1,5,426,19
22-2-2022,6.93,Bangalore,0,0,0,9
24-11-2022,16.24,Bloodhound,2,18,1800,12
16-2-2019,2.61,Gibraltar,8,2,1683,2
19-5-2020,11.36,Pathfinder,5,13,3480,7
15-11-2021,17.69,Gibraltar,7,1,1459,8
1-11-2020,21.41,Bangalore,5,12,2987,8
13-9-2021,2.14,Lifeline,4,0,388,11
17-3-2019,26.26,Ash,7,2,1250,1
3-10-2021,2.67,Bloodhound,4,11,1996,8
20-8-2020,4.94,Wraith,5,4,1601,19
24-7-2021,0.45,Gibraltar,11,9,1998,14
6-6-2019,7.51,Wraith,0,1,43,5
10-8-2022,1.53,Wattson,0,12,937,9
31-7-2022,22.57,Ash,11,17,1763,17
27-7-2021,1.05,Wattson,10,6,1510,1
14-8-2019,14.15,Ash,14,1,3217,3
1-1-2022,9.4,Bangalore,3,12,1227,8
5-10-2019,25.77,Bloodhound,12,12,2449,20
24-7-2022,18.11,Pathfinder,4,3,831,18
22-2-2020,10.78,Lifeline,14,10,3974,12
24-4-2021,21.68,Lifeline,3,17,1308,17
3-12-2022,20.75,Pathfinder,6,17,2269,19
16-8-2020,10.17,Bangalore,3,7,1499,14
7-4-2020,5.48,Bloodhound,9,3,1644,9
12-11-2020,15.93,Ash,2,4,793,6
7-12-2021,22.44,Bangalore,14,11,2274,6
31-3-2022,13.75,Ash,7,7,2678,6
31-7-2022,17.86,Bangalore,8,7,2353,17
5-7-2021,20.37,Pathfinder,2,4,936,12
13-2-2020,24.88,Wattson,2,6,1070,11
17-4-2019,25.53,Lifeline,4,3,1456,17
24-12-2020,7.39,Wraith,8,6,2070,9
22-1-2020,16.83,Lifeline,11,9,1343,16
20-4-2022,12.04,Lifeline,14,6,1882,2
24-10-2022,22.6,Pathfinder,5,4,1186,11
16-1-2022,22.7,Bloodhound,8,10,2225,5
2-7-2022,22.54,Wraith,2,3,656,5
24-9-2019,6.45,Pathfinder,0,3,401,10
4-6-2022,9.1,Bangalore,0,7,898,20
9-7-2022,19.64,Gibraltar,11,5,3216,1
3-3-2022,1.42,Wraith,7,6,2503,20
16-6-2020,17.5,Bangalore,1,12,1394,16
8-8-2021,10.76,Wattson,6,1,480,18
31-3-2022,3.68,Bangalore,5,8,1451,10
30-11-2021,19.62,Lifeline,13,3,1885,1
17-10-2022,12.12,Pathfinder,6,3,1797,7
7-4-2019,25.78,Gibraltar,2,5,945,9
11-7-2022,5.9,Lifeline,6,4,1310,4
14-8-2019,15.35,Lifeline,10,1,1228,7
11-5-2019,7.94,Gibraltar,5,1,716,20
13-12-2019,19.13,Bloodhound,8,4,1556,4
9-2-2022,10.56,Gibraltar,16,13,2068,10
24-9-2022,4.63,Wraith,11,3,2433,16
9-3-2019,24.52,Lifeline,18,3,1753,1
17-10-2022,7.02,Bloodhound,0,0,0,6
26-3-2021,8.92,Bloodhound,0,9,1470,18
11-12-2021,4.01,Bangalore,13,10,2090,17
5-12-2019,8.67,Wattson,5,9,1868,4
21-11-2019,29.72,Wraith,14,3,3253,9
8-8-2019,14.65,Wattson,11,2,1900,4
9-11-2019,10.56,Bloodhound,2,10,1876,18
22-6-2019,27.05,Wraith,10,15,4856,12
8-4-2021,18.98,Gibraltar,3,5,416,13
18-7-2019,20.5,Pathfinder,3,7,1623,17
26-2-2019,3.16,Wraith,11,11,1211,9
1-4-2021,13.19,Wattson,1,5,703,8
17-2-2019,22.05,Gibraltar,8,4,2498,18
4-12-2019,6.69,Wattson,0,7,903,6
16-8-2019,3.58,Bangalore,0,2,108,7
26-9-2021,17.59,Wattson,7,16,3909,7
19-5-2020,14.86,Pathfinder,1,11,837,2
25-2-2022,9.09,Ash,1,1,261,8
19-3-2021,2.72,Pathfinder,9,18,3372,15
12-4-2019,28.36,Gibraltar,4,8,2349,16
21-11-2021,14.72,Ash,1,2,260,20
13-7-2022,26.73,Bloodhound,3,12,1323,16
19-3-2020,24.02,Gibraltar,2,20,1253,6
14-10-2022,23.15,Bangalore,15,18,4382,18
9-4-2020,3.57,Gibraltar,9,0,1097,12
29-12-2021,23.3,Gibraltar,7,8,2812,1
29-1-2020,4.74,Pathfinder,0,5,909,8
21-10-2022,1.01,Wraith,0,1,99,7
19-2-2019,30.0,Bangalore,5,3,535,4
16-1-2022,2.56,Gibraltar,0,8,919,6
23-1-2020,25.05,Wattson,12,16,5294,1
14-4-2020,26.84,Wraith,3,3,526,11
19-4-2021,6.17,Gibraltar,0,0,0,5
3-6-2019,17.92,Ash,1,3,555,18
23-5-2022,26.32,Gibraltar,2,4,466,19
17-7-2022,23.38,Wraith,2,4,1019,7
16-3-2022,21.58,Pathfinder,7,6,1266,2
20-12-2021,10.28,Wraith,2,4,1192,1
2-3-2021,15.63,Bangalore,3,8,810,19
11-6-2022,10.6,Pathfinder,8,5,1521,7
6-11-2022,7.98,Gibraltar,3,2,389,1
17-1-2021,22.69,Wraith,6,6,716,12
24-8-2021,4.29,Wraith,4,3,1314,7
12-7-2022,4.81,Wattson,10,3,2169,1
1-2-2020,3.49,Ash,1,0,202,16
24-4-2021,5.22,Pathfinder,7,0,1357,6
7-2-2020,3.69,Ash,15,1,2081,15
20-8-2022,21.04,Lifeline,6,2,1063,13
11-6-2022,9.16,Bangalore,3,1,644,1
20-4-2022,8.95,Ash,0,3,388,8
27-9-2020,24.12,Pathfinder,8,3,1869,9
15-6-2019,8.46,Bloodhound,1,2,496,12
27-4-2020,16.56,Wattson,2,8,758,16
30-4-2022,28.53,Pathfinder,3,3,924,16
30-1-2021,9.72,Gibraltar,6,0,365,7
2-10-2021,20.7,Bloodhound,15,12,5111,14
29-5-2019,5.95,Gibraltar,2,0,141,15
20-9-2022,12.05,Bloodhound,5,7,1365,17
8-9-2020,23.42,Gibraltar,4,6,1464,18
10-2-2019,28.16,Bangalore,17,8,5210,7
7-1-2020,1.82,Gibraltar,8,0,1585,6
20-2-2019,26.08,Bloodhound,6,2,627,2
10-3-2021,9.54,Bangalore,0,4,416,7
27-11-2019,7.31,Lifeline,1,1,152,7
15-2-2019,18.98,Bloodhound,3,1,505,9
23-11-2020,3.3,Wattson,16,1,2305,20
22-5-2019,6.21,Wattson,3,2,994,18
1-5-2020,26.37,Gibraltar,6,2,939,16
15-1-2022,8.33,Wraith,11,1,1772,9
30-4-2019,3.3,Bloodhound,0,2,356,15
26-11-2020,18.93,Bloodhound,11,5,2253,17
12-10-2020,7.7,Bangalore,4,4,1066,18
9-12-2019,29.36,Ash,13,12,3638,3
25-6-2020,12.23,Bloodhound,11,8,2848,13
18-3-2022,9.28,Lifeline,1,6,1370,10
13-3-2022,25.76,Ash,8,2,1628,1
28-12-2019,24.74,Bloodhound,5,2,894,20
25-12-2021,12.01,Wraith,14,3,2404,5
16-11-2019,27.98,Gibraltar,3,2,314,20
14-3-2020,25.36,Bangalore,6,2,1480,14
29-5-2022,3.89,Bloodhound,4,0,518,5
21-4-2019,9.74,Gibraltar,1,5,930,20
30-10-2020,23.53,Gibraltar,9,6,2584,4
26-11-2019,9.96,Bangalore,2,7,1483,3
6-2-2020,2.96,Gibraltar,2,2,539,12
13-2-2022,13.65,Pathfinder,12,12,2868,11
26-2-2020,25.49,Bloodhound,10,5,3174,8
20-2-2019,24.84,Pathfinder,2,17,3265,7
3-12-2019,2.31,Lifeline,1,0,226,12
13-3-2021,12.3,Gibraltar,5,4,848,15
6-2-2022,3.22,Wattson,7,1,1495,6
4-12-2022,16.37,Bangalore,2,14,2605,4
9-2-2021,11.96,Pathfinder,13,3,2232,8
9-5-2021,12.58,Bloodhound,2,5,1303,14
7-2-2022,18.36,Bloodhound,3,6,1049,7
8-1-2021,2.62,Ash,16,1,2390,20
9-9-2021,20.06,Wraith,4,3,790,15
6-12-2020,0.08,Lifeline,4,5,807,20
17-12-2021,7.85,Wattson,2,4,740,13
18-9-2021,25.06,Gibraltar,11,11,3437,3
23-9-2021,25.95,Lifeline,2,2,512,18
3-10-2022,20.37,Bloodhound,9,3,2065,18
12-7-2021,24.14,Bloodhound,8,18,5179,16
27-8-2020,21.32,Ash,12,13,2002,12
18-6-2022,15.88,Wraith,10,13,1349,5
27-7-2020,17.58,Bloodhound,8,15,3593,4
29-4-2020,0.61,Pathfinder,0,2,247,9
18-11-2021,7.04,Ash,11,11,4394,2
1-8-2022,12.55,Wattson,11,2,1765,1
23-8-2022,11.94,Pathfinder,9,3,888,18
20-12-2021,7.03,Wraith,0,8,436,20
15-2-2020,6.61,Pathfinder,2,0,318,6
14-12-2020,21.81,Lifeline,8,13,4379,10
28-5-2021,21.76,Lifeline,5,8,1876,18
26-3-2021,3.09,Lifeline,3,0,195,11
9-2-2022,22.92,Wraith,4,3,472,13
12-10-2022,19.84,Bloodhound,1,3,411,14
14-2-2022,24.09,Lifeline,2,9,1980,1
8-9-2020,12.06,Gibraltar,9,1,865,8
30-4-2022,11.4,Ash,3,16,1416,11
12-9-2020,26.07,Wraith,7,3,655,11
30-5-2021,29.23,Wraith,8,2,937,12
13-3-2021,29.03,Bangalore,3,2,459,17
22-6-2020,19.85,Bloodhound,2,6,849,14
19-8-2022,29.24,Wraith,2,8,1626,3
5-9-2022,26.31,Wattson,3,10,1304,8
6-7-2019,6.76,Wraith,1,12,1201,2
10-2-2022,9.46,Pathfinder,9,1,1233,14
28-1-2021,7.99,Bloodhound,15,11,5381,16
10-12-2022,18.64,Wattson,1,4,982,14
9-7-2019,12.63,Lifeline,5,8,2381,14
22-1-2020,12.93,Bloodhound,5,15,3579,3
24-1-2021,6.51,Bangalore,1,1,374,9
20-6-2019,19.65,Bloodhound,5,4,1293,11
23-12-2021,2.23,Gibraltar,1,6,499,1
20-8-2019,18.03,Wattson,11,3,1613,7
4-3-2019,27.48,Ash,8,4,1195,2
3-1-2020,9.68,Wattson,3,6,1209,6
14-7-2020,7.82,Lifeline,1,1,346,5
26-2-2020,8.91,Pathfinder,12,1,2450,5
14-9-2021,7.1,Gibraltar,0,4,600,7
11-11-2021,2.74,Bangalore,1,1,385,5
1-11-2020,20.92,Bloodhound,3,4,697,13
5-1-2021,16.14,Ash,2,12,2561,12
23-6-2021,5.94,Bloodhound,11,0,1964,12
24-3-2020,15.78,Ash,4,8,960,20
11-2-2022,24.73,Ash,7,7,783,5
30-7-2021,10.62,Ash,8,10,3069,8
2-11-2019,26.85,Gibraltar,9,7,1905,1
6-6-2020,9.92,Lifeline,3,4,1075,8
3-11-2019,20.86,Wraith,7,9,2448,15
29-9-2021,14.73,Gibraltar,2,6,834,5
6-1-2021,13.24,Wattson,6,6,1940,19
11-12-2020,3.23,Wattson,2,5,1240,17
7-1-2020,7.35,Lifeline,12,13,1641,9
29-3-2022,21.7,Lifeline,7,4,2142,7
3-4-2020,16.21,Ash,2,3,752,17
12-9-2019,12.12,Lifeline,15,5,2591,20
20-10-2022,20.15,Wraith,6,2,922,2
13-7-2022,22.32,Bangalore,10,18,4644,9
12-4-2020,13.22,Pathfinder,1,11,1203,14
12-11-2020,5.73,Wattson,3,0,514,3
2-11-2019,24.08,Bloodhound,12,11,4450,18
19-2-2020,12.09,Lifeline,1,10,1587,4
4-9-2019,17.57,Ash,2,3,433,19
7-12-2022,24.47,Gibraltar,4,6,1233,9
19-2-2022,21.98,Wattson,20,13,6136,20
30-4-2022,4.55,Wattson,2,13,1417,5
18-1-2020,19.38,Wraith,1,6,1018,8
25-4-2021,0.14,Ash,1,15,1002,10
22-12-2020,0.56,Gibraltar,10,4,2383,18
8-8-2019,26.69,Lifeline,2,11,1034,11
12-8-2021,27.59,Gibraltar,5,7,2360,18
1-12-2021,8.23,Lifeline,3,1,742,12
12-4-2022,14.18,Wattson,4,13,1975,5
25-11-2020,23.78,Lifeline,9,4,1701,1
24-2-2021,5.34,Bangalore,12,0,1902,9
19-8-2020,17.31,Wattson,2,2,641,16
7-10-2020,20.69,Gibraltar,13,14,5215,18
24-9-2022,28.11,Bloodhound,7,2,1237,4
30-12-2019,9.79,Bloodhound,1,4,958,19
22-4-2019,6.34,Bloodhound,15,0,1998,5
18-3-2020,28.39,Pathfinder,9,5,1160,3
7-2-2020,8.04,Lifeline,10,2,1161,14
3-9-2021,20.3,Pathfinder,7,11,3313,14
26-1-2022,4.92,Lifeline,10,4,1608,11
25-12-2022,15.89,Lifeline,19,4,3968,5
14-3-2021,16.17,Wraith,12,3,1265,14
16-9-2022,23.18,Bloodhound,7,6,2651,20
23-12-2019,14.89,Wattson,1,2,364,4
27-10-2019,22.9,Lifeline,3,7,1489,7
7-10-2019,9.5,Ash,0,7,687,18
12-3-2019,18.13,Wraith,1,4,597,10
13-1-2021,10.11,Wattson,3,2,907,18
5-12-2021,3.4,Bloodhound,3,7,1755,5
19-6-2021,1.89,Lifeline,1,3,461,15
20-10-2022,26.5,Bangalore,4,19,4382,1
9-11-2019,29.86,Pathfinder,9,5,2442,4
11-4-2022,29.31,Bloodhound,11,2,1464,7
21-8-2022,8.75,Bangalore,3,0,464,19
15-4-2019,0.32,Bangalore,7,4,884,5
20-3-2020,22.95,Ash,11,19,2477,3
16-5-2019,13.97,Gibraltar,6,7,2113,8
22-9-2022,19.41,Bangalore,4,16,1818,7
23-2-2019,27.5,Bloodhound,4,7,1138,16
31-10-2020,1.97,Gibraltar,17,1,1916,3
14-11-2021,23.62,Bangalore,4,2,937,8
14-2-2021,7.15,Lifeline,0,1,128,9
23-1-2021,10.61,Ash,6,4,599,5
16-2-2021,19.27,Ash,7,11,1556,6
25-6-2020,15.71,Gibraltar,6,1,1024,4
11-7-2022,17.16,Wattson,4,1,991,14
2-3-2021,5.47,Lifeline,2,1,502,19
20-3-2020,24.79,Bangalore,13,11,4544,14
13-9-2022,17.09,Gibraltar,7,18,2909,9
23-5-2022,17.54,Pathfinder,11,8,3347,10
18-5-2021,19.76,Bangalore,1,2,335,12
30-6-2021,4.4,Bangalore,2,8,511,14
11-5-2021,6.38,Gibraltar,2,1,291,11
19-4-2020,11.12,Lifeline,1,7,493,13
15-2-2021,15.69,Wraith,2,4,429,20
27-9-2022,7.4,Wattson,1,1,108,7
23-11-2022,23.52,Wattson,2,8,1411,18
23-5-2019,6.04,Pathfinder,17,7,2002,5
12-3-2021,21.66,Ash,4,7,2043,12
1-12-2022,10.52,Bloodhound,5,4,527,19
9-12-2020,13.14,Ash,3,5,945,1
9-4-2021,21.48,Lifeline,13,4,1682,1
19-8-2020,8.56,Wattson,4,3,1098,14
15-7-2021,6.53,Bangalore,0,3,532,1
20-11-2022,6.97,Pathfinder,17,3,3318,11
14-2-2022,9.79,Ash,7,2,1296,15
11-5-2021,0.47,Bloodhound,2,6,432,9
3-6-2022,21.48,Gibraltar,5,16,3424,7
23-10-2021,27.85,Bangalore,2,10,2070,8
26-3-2020,5.82,Pathfinder,4,4,985,16
7-6-2019,22.54,Bangalore,3,3,855,4
24-3-2022,1.37,Bangalore,2,0,204,17
1-3-2020,2.73,Bloodhound,0,4,334,9
22-8-2020,15.51,Wraith,15,6,4233,12
19-5-2021,26.92,Bloodhound,4,3,881,9
6-4-2021,3.72,Gibraltar,3,6,768,13
18-5-2021,27.79,Wattson,7,3,785,13
25-9-2022,7.48,Wraith,0,3,291,14
13-4-2019,0.54,Bangalore,2,15,2286,11
14-5-2019,1.51,Wattson,1,4,920,15
6-11-2022,18.18,Gibraltar,2,3,635,17
30-6-2020,19.13,Ash,1,15,1484,15
3-11-2021,16.23,Wattson,3,5,964,15
26-4-2019,26.0,Bangalore,10,2,1626,19
27-4-2020,24.44,Wattson,14,17,2311,17
1-2-2022,7.73,Wattson,3,7,783,12
12-4-2022,20.0,Bangalore,13,9,4332,11
30-3-2021,3.65,Wraith,1,8,477,13
17-8-2021,26.13,Wraith,7,5,880,2
13-10-2022,14.91,Bloodhound,12,2,1570,15
31-7-2022,10.77,Wattson,6,1,976,17
8-8-2020,0.51,Wattson,3,4,816,3
21-11-2022,1.61,Wattson,10,0,1726,3
9-9-2019,7.96,Wattson,14,1,2445,2
2-11-2022,11.9,Bloodhound,1,2,593,17
17-9-2020,17.17,Gibraltar,2,16,1897,15
30-8-2019,19.4,Bangalore,7,2,823,1
4-3-2019,7.6,Ash,0,4,653,18
8-12-2022,11.62,Wraith,1,13,1434,9
19-12-2019,4.95,Bloodhound,0,0,0,1
15-7-2020,9.95,Wattson,0,7,517,6
9-4-2021,25.18,Bangalore,12,11,1333,9
6-11-2020,17.83,Wraith,15,2,3130,1
28-7-2020,8.71,Bangalore,8,2,886,3
15-1-2021,21.59,Ash,9,9,2761,14
22-7-2021,20.47,Bloodhound,3,4,969,6
21-8-2019,19.96,Wraith,2,4,559,5
1-11-2019,15.0,Bangalore,7,10,2073,13
10-7-2020,6.45,Bangalore,9,5,1382,19
12-9-2020,2.99,Ash,9,15,2736,8
14-2-2022,22.29,Bangalore,2,15,2248,5
31-5-2021,6.85,Bangalore,1,1,243,14
2-12-2019,12.23,Pathfinder,4,8,2301,15
1-1-2022,7.07,Wraith,5,12,2746,4
27-9-2022,28.81,Ash,7,6,1689,6
15-7-2022,10.25,Pathfinder,1,5,507,10
26-11-2020,28.6,Wattson,2,9,2078,2
4-5-2021,29.6,Wattson,4,5,1531,13
13-12-2019,27.7,Lifeline,14,2,3566,16
5-5-2019,16.81,Bangalore,6,7,2438,10
22-3-2022,27.96,Wraith,2,2,492,20
5-6-2020,11.65,Ash,4,3,1463,18
12-3-2021,16.86,Pathfinder,5,2,768,5
2-9-2021,6.93,Wraith,3,7,1776,4
10-2-2019,8.12,Pathfinder,1,1,311,9
27-4-2021,13.81,Pathfinder,1,8,1476,4
23-7-2020,11.13,Ash,8,3,1041,8
15-9-2021,4.57,Wraith,15,0,1867,8
17-2-2022,14.26,Pathfinder,11,10,3992,16
12-9-2019,12.6,Ash,15,2,2946,18
1-10-2019,24.76,Lifeline,9,5,1453,8
2-7-2021,18.27,Pathfinder,16,3,2364,9
6-5-2020,2.32,Gibraltar,13,7,3530,1
6-5-2019,7.4,Bangalore,2,5,1153,2
29-9-2019,9.12,Lifeline,11,3,1211,15
5-4-2020,15.99,Bloodhound,4,10,1589,1
1-4-2021,20.66,Gibraltar,16,3,2921,6
1-10-2020,24.43,Ash,17,6,3175,16
18-11-2019,21.32,Lifeline,5,4,1467,16
19-2-2020,4.79,Wattson,9,3,849,14
9-3-2019,16.3,Ash,13,8,2054,10
29-9-2020,9.28,Pathfinder,5,14,1644,18
3-4-2020,23.1,Pathfinder,3,3,1152,7
26-3-2022,25.93,Ash,13,4,1794,18
4-5-2019,7.46,Lifeline,1,4,668,2
5-4-2019,1.86,Gibraltar,5,6,1881,9
23-1-2020,13.51,Bloodhound,1,4,558,1
22-8-2019,8.13,Wraith,8,3,2332,8
16-3-2021,12.58,Pathfinder,6,13,3512,16
10-11-2022,4.98,Bangalore,5,7,2278,9
16-8-2021,9.74,Bangalore,2,11,2336,14
30-11-2021,23.11,Wraith,17,7,3616,15
25-9-2019,13.94,Bloodhound,9,1,693,7
30-12-2019,27.47,Pathfinder,2,2,816,13
28-11-2020,15.04,Pathfinder,13,18,2409,5
19-3-2020,27.7,Pathfinder,17,19,2929,5
9-7-2021,9.3,Bangalore,12,1,2415,12
22-6-2019,25.94,Wattson,4,8,1554,14
17-3-2019,6.37,Pathfinder,1,1,389,1
17-8-2021,27.47,Wraith,10,2,2631,15
12-9-2021,0.95,Ash,4,3,538,20
16-5-2020,24.82,Bloodhound,5,4,788,12
14-4-2019,7.59,Wraith,3,8,1140,1
15-5-2020,9.29,Gibraltar,4,7,1827,15
5-7-2022,23.05,Wattson,4,2,776,17
18-9-2021,25.1,Lifeline,4,16,2145,12
17-4-2021,29.62,Wattson,4,3,1336,2
26-7-2021,25.4,Wraith,9,6,3043,7
22-4-2019,25.83,Bangalore,4,2,604,8
10-1-2021,3.44,Gibraltar,0,1,142,7
14-11-2020,23.96,Pathfinder,6,3,580,19
4-8-2022,21.77,Bangalore,7,11,2942,11
12-11-2020,10.16,Lifeline,1,13,2405,3
20-9-2022,0.28,Lifeline,7,9,2107,16
6-1-2021,23.14,Bangalore,2,7,1024,8
28-7-2021,26.86,Gibraltar,10,16,2019,5
2-2-2020,3.95,Gibraltar,3,0,649,15
11-2-2022,3.97,Gibraltar,12,12,2051,10
29-4-2021,18.16,Wattson,1,5,549,19
16-11-2021,4.64,Ash,4,3,572,15
3-6-2020,11.35,Ash,13,3,3262,18
16-8-2020,19.5,Gibraltar,4,4,445,1
16-3-2022,10.56,Wattson,1,3,761,10
10-6-2019,1.77,Wattson,1,4,587,18
27-7-2019,10.66,Bloodhound,3,3,1137,11
5-12-2022,16.99,Bloodhound,7,12,3134,14
7-7-2022,20.34,Wraith,12,5,1437,9
18-9-2020,19.84,Bloodhound,3,1,224,4
19-8-2019,22.26,Pathfinder,7,5,2265,17
28-2-2022,4.59,Ash,2,6,965,3
14-4-2019,26.09,Ash,5,9,1288,12
3-11-2022,11.05,Wraith,6,8,1255,2
3-5-2020,22.49,Lifeline,9,2,1492,5
31-5-2020,21.95,Wattson,11,15,4410,14
22-10-2019,25.76,Pathfinder,6,8,1298,18
11-2-2019,6.5,Wraith,8,0,597,8
15-5-2021,16.97,Lifeline,13,1,1493,19
20-4-2022,5.31,Wattson,1,9,1689,17
2-11-2019,16.68,Pathfinder,1,5,660,16
12-10-2022,21.52,Lifeline,3,14,1477,6
5-6-2020,5.94,Pathfinder,0,3,383,2
14-9-2021,8.65,Gibraltar,0,2,336,16
18-5-2021,1.45,Ash,5,7,670,16
8-2-2020,29.88,Bloodhound,10,5,1971,10
9-2-2019,19.98,Lifeline,12,3,2396,6
14-8-2022,24.67,Ash,11,11,4440,4
19-2-2022,15.98,Wattson,1,1,165,18
9-7-2020,12.94,Lifeline,2,3,611,15
10-7-2022,8.76,Gibraltar,10,7,2498,11
24-6-2022,4.82,Pathfinder,0,8,852,10
7-4-2020,10.59,Wraith,1,6,421,6
22-5-2020,22.1,Bangalore,12,6,2379,20
31-8-2019,8.57,Wraith,3,10,1910,14
6-7-2020,24.87,Bangalore,4,2,1306,19
2-9-2022,28.87,Bangalore,14,4,1554,20
11-5-2020,17.58,Wattson,10,7,3279,9
6-9-2022,29.38,Pathfinder,5,2,1453,2
26-6-2021,2.29,Bangalore,1,10,1919,5
19-10-2021,11.69,Ash,10,1,1338,15
22-4-2019,25.08,Pathfinder,12,9,4355,18
10-4-2019,26.31,Gibraltar,16,9,1652,3
18-2-2022,3.24,Pathfinder,0,0,0,4
22-9-2021,15.23,Wattson,3,6,1527,9
17-8-2020,14.88,Bloodhound,16,4,3979,4
11-1-2020,8.32,Pathfinder,10,10,1800,4
25-12-2022,17.53,Wattson,5,4,1489,14
19-6-2019,6.95,Wraith,1,10,1130,9
25-12-2022,14.82,Pathfinder,11,6,3159,4
29-3-2020,21.46,Wattson,13,12,1594,9
3-9-2019,0.39,Lifeline,1,6,632,13
27-1-2022,23.03,Wraith,6,13,2837,14
25-2-2022,29.75,Pathfinder,5,10,1616,10
8-11-2021,25.57,Ash,2,17,3669,18
29-6-2022,6.85,Gibraltar,8,2,1008,4
3-4-2019,17.9,Bloodhound,2,12,2718,2
8-8-2019,6.93,Pathfinder,1,1,240,4
24-7-2019,18.09,Pathfinder,2,3,932,9
22-6-2020,6.05,Ash,3,2,813,17
13-1-2022,5.72,Gibraltar,3,4,544,16
19-7-2019,26.92,Wraith,2,11,886,18
21-4-2022,28.39,Bangalore,2,11,728,18
12-9-2021,18.37,Bloodhound,1,7,1440,8
8-11-2022,24.02,Bloodhound,5,6,1950,7
15-6-2020,16.05,Lifeline,1,1,125,20
3-3-2021,9.57,Lifeline,4,1,683,4
3-6-2021,12.0,Wraith,2,10,2092,8
18-8-2020,11.64,Wraith,1,1,440,2
24-12-2022,24.33,Bangalore,2,4,610,5
31-7-2020,7.53,Pathfinder,0,1,186,16
3-5-2021,3.38,Wraith,2,1,626,10
17-9-2021,20.48,Ash,2,6,508,19
30-3-2022,17.7,Gibraltar,5,7,2158,15
4-7-2019,24.07,Wattson,13,13,2039,17
28-12-2020,7.47,Lifeline,4,8,1245,14
28-12-2020,11.7,Gibraltar,11,2,1430,16
29-3-2020,26.17,Lifeline,14,2,1517,3
6-11-2020,16.05,Bloodhound,6,4,1685,12
2-5-2019,18.57,Ash,7,6,1744,8
2-4-2021,2.09,Bangalore,0,1,151,2
8-9-2021,29.21,Gibraltar,8,5,958,6
24-8-2019,19.82,Bloodhound,8,2,2048,17
13-4-2021,13.29,Gibraltar,7,4,1077,11
21-9-2020,8.91,Bloodhound,3,0,279,19
13-2-2019,2.63,Bangalore,6,2,1274,5
4-10-2019,20.2,Ash,2,6,1436,4
23-6-2020,14.94,Lifeline,5,3,1709,6
24-9-2019,13.65,Wattson,2,1,249,20
15-1-2022,13.81,Wattson,4,1,841,18
7-9-2020,5.24,Wattson,3,2,486,9
10-4-2019,25.48,Bangalore,8,14,3035,16
31-8-2020,14.94,Ash,1,2,453,13
8-1-2021,1.05,Ash,9,3,1137,8
29-8-2019,6.63,Wattson,4,3,1235,20
7-3-2020,8.09,Wraith,0,1,198,11
26-12-2019,13.06,Bangalore,8,1,1379,5
22-9-2019,0.78,Wattson,10,1,2353,4
1-4-2021,13.48,Wattson,1,15,2779,6
3-10-2020,25.42,Gibraltar,6,3,1286,17
6-12-2020,23.21,Wattson,8,13,3725,18
9-12-2020,23.49,Lifeline,19,9,2710,7
4-12-2020,21.15,Ash,3,2,705,11
2-2-2022,12.63,Bloodhound,4,12,1947,15
15-6-2020,0.57,Pathfinder,1,2,360,6
2-6-2020,2.83,Wraith,2,0,399,7
16-12-2020,23.88,Bloodhound,5,6,2252,7
21-3-2020,17.93,Bloodhound,11,4,1696,13
7-7-2021,8.87,Bloodhound,18,6,2754,8
28-1-2022,10.9,Gibraltar,2,10,798,1
17-4-2022,24.25,Ash,4,16,3309,10
26-6-2019,4.12,Wraith,0,0,0,17
22-2-2021,25.53,Pathfinder,3,10,997,13
2-3-2020,0.61,Bangalore,5,8,1055,20
10-7-2022,15.86,Bloodhound,1,7,531,16
28-8-2019,2.87,Ash,0,2,101,7
4-5-2022,19.96,Wraith,11,8,3148,6
6-2-2020,1.27,Bloodhound,4,19,3479,17
18-6-2021,22.43,Wraith,4,10,2578,14
1-9-2019,27.53,Pathfinder,3,9,1257,3
16-3-2021,25.89,Gibraltar,7,3,728,9
21-9-2021,5.66,Gibraltar,7,4,2333,8
26-10-2020,7.37,Ash,9,3,2314,18
8-4-2021,13.28,Wraith,8,3,944,15
10-3-2019,5.17,Wraith,12,0,2135,4
21-7-2022,8.14,Wraith,3,3,958,20
7-9-2019,24.99,Lifeline,3,3,703,9
16-11-2022,15.29,Wraith,4,4,823,8
18-2-2019,2.91,Pathfinder,1,0,156,17
30-5-2022,6.59,Bangalore,7,2,859,13
25-2-2021,4.9,Wraith,3,0,681,20
8-6-2020,16.01,Wattson,1,2,569,15
22-3-2021,14.55,Wraith,4,5,1727,9
25-1-2020,15.59,Wattson,4,1,777,19
7-2-2022,0.89,Ash,0,4,403,8
4-4-2021,15.61,Ash,1,14,1823,14
21-8-2021,14.39,Wraith,7,1,1502,16
28-4-2021,11.16,Lifeline,9,6,1335,10
20-11-2022,17.66,Pathfinder,9,2,1927,3
3-10-2020,11.67,Bangalore,2,11,1773,6
17-12-2019,7.34,Bangalore,1,6,1186,20
10-12-2020,4.89,Wraith,1,6,349,16
30-4-2021,16.39,Gibraltar,6,3,706,20
10-9-2019,19.1,Ash,7,9,1105,12
11-5-2020,0.16,Bangalore,13,10,2625,16
4-10-2020,21.73,Ash,2,10,1857,9
16-12-2019,9.79,Wraith,1,3,720,14
18-2-2020,22.24,Bangalore,8,14,2505,10
24-4-2021,26.78,Wattson,5,3,1538,11
10-8-2022,7.72,Wraith,2,3,740,7
8-1-2020,3.71,Bangalore,2,10,1554,2
3-6-2022,4.56,Bangalore,4,2,857,10
5-10-2019,19.68,Lifeline,7,4,1702,14
21-9-2021,5.91,Wraith,8,9,2741,7
5-7-2021,10.38,Pathfinder,5,13,2723,14
11-10-2020,26.48,Bloodhound,6,12,1924,11
4-4-2022,28.11,Ash,8,11,1864,13
17-1-2022,2.87,Lifeline,1,7,1201,19
27-7-2021,25.15,Wattson,15,7,3229,20
14-12-2022,8.77,Gibraltar,14,1,3052,1
23-12-2021,10.27,Wattson,18,1,4287,11
30-9-2020,20.34,Lifeline,9,3,1576,8
13-4-2020,24.77,Lifeline,3,4,1187,1
18-10-2020,16.46,Bangalore,2,16,1407,5
22-3-2021,14.69,Gibraltar,2,5,1248,7
23-10-2021,4.45,Ash,0,9,767,17
5-6-2021,12.5,Bangalore,9,18,2218,10
29-3-2020,7.37,Ash,1,6,445,1
25-5-2022,15.96,Pathfinder,6,8,1758,20
20-11-2022,29.23,Bangalore,2,6,1487,18
14-11-2021,14.07,Ash,15,5,3900,15
5-3-2021,1.16,Bangalore,3,0,463,14
14-12-2020,1.06,Wraith,8,2,1538,17
12-6-2021,8.95,Bangalore,5,11,1604,7
6-1-2022,28.48,Ash,3,12,2609,11
23-4-2019,9.59,Bloodhound,1,8,1382,14
25-4-2021,10.07,Gibraltar,11,1,1929,1
2-12-2020,25.99,Lifeline,5,3,1343,17
3-12-2019,18.09,Bangalore,3,1,546,6
8-6-2019,16.9,Bangalore,13,1,2045,10
26-6-2021,18.64,Gibraltar,17,17,5757,1
5-5-2022,15.39,Wraith,2,18,1463,4
15-3-2021,26.68,Wraith,2,11,2040,9
14-5-2020,7.41,Pathfinder,6,0,915,12
15-6-2019,28.42,Ash,3,4,603,17
26-1-2022,7.82,Wattson,4,0,455,20
11-8-2020,6.25,Wattson,0,0,0,5
8-8-2021,18.27,Pathfinder,7,1,1483,9
28-5-2019,17.63,Lifeline,1,1,253,12
19-12-2019,4.63,Wattson,6,0,604,7
8-3-2021,18.88,Bangalore,4,4,988,7
8-4-2021,19.1,Lifeline,10,9,2329,9
22-8-2021,26.56,Wattson,7,4,2455,14
29-5-2020,7.93,Wraith,1,0,98,11
17-10-2021,3.79,Bangalore,2,3,895,10
11-11-2020,14.74,Ash,2,1,434,12
9-11-2021,3.9,Gibraltar,12,0,1077,12
18-5-2019,19.89,Wraith,2,10,958,5
14-4-2022,24.25,Gibraltar,2,2,236,3
7-12-2021,5.21,Ash,9,17,4441,18
8-2-2020,8.51,Lifeline,9,3,2075,4
9-9-2020,4.68,Bloodhound,0,1,102,6
16-11-2022,5.28,Wraith,2,10,1392,19
17-12-2019,21.4,Ash,10,9,3963,9
23-9-2019,24.41,Bangalore,6,7,2282,9
24-3-2020,6.41,Ash,4,2,1035,11
11-5-2022,19.31,Wattson,2,5,497,18
10-12-2021,2.68,Pathfinder,1,7,912,11
14-10-2021,24.95,Gibraltar,4,17,2425,12
26-9-2022,24.48,Wraith,5,2,1434,14
21-6-2021,10.77,Bangalore,16,1,2753,4
10-9-2020,11.28,Bloodhound,8,2,1130,2
22-3-2021,7.95,Wattson,9,1,2040,19
12-12-2019,24.24,Wattson,4,3,1066,12
3-1-2020,11.95,Gibraltar,5,10,2342,14
23-3-2019,17.83,Gibraltar,8,11,2753,8
25-7-2021,16.62,Bangalore,13,3,2425,3
8-8-2022,2.45,Bloodhound,1,12,793,1
12-4-2021,13.87,Wraith,4,5,1067,3
5-8-2022,1.9,Ash,10,3,773,7
1-5-2019,19.62,Ash,6,17,1631,9
13-8-2020,11.95,Ash,12,1,2757,3
22-3-2019,20.53,Gibraltar,15,4,3498,17
14-9-2020,6.65,Pathfinder,2,0,381,2
29-3-2019,22.49,Lifeline,2,3,502,3
28-7-2021,20.03,Wraith,2,4,1025,6
23-4-2020,24.44,Bloodhound,5,8,891,4
28-2-2022,19.55,Bangalore,4,3,870,9
6-3-2022,26.56,Wattson,20,5,3762,9
21-10-2021,25.16,Wattson,2,5,714,10
25-5-2019,23.29,Wraith,2,4,373,10
9-10-2021,13.87,Lifeline,1,2,589,11
11-3-2021,10.82,Wattson,1,11,957,2
23-10-2021,24.8,Bangalore,7,3,2067,14
26-8-2020,20.27,Gibraltar,9,10,1213,2
19-5-2020,12.41,Bloodhound,11,8,2672,6
13-8-2019,29.29,Ash,11,8,3433,5
1-5-2021,10.36,Pathfinder,1,3,565,7
5-9-2021,24.18,Ash,2,5,965,15
4-10-2019,6.47,Wraith,7,9,2346,5
25-8-2021,16.71,Pathfinder,13,14,4339,16
3-7-2021,10.77,Bloodhound,6,4,1416,6
2-2-2020,17.03,Lifeline,1,3,735,14
4-3-2020,12.04,Wraith,4,7,1269,15
3-12-2019,11.76,Ash,14,17,5766,1
31-7-2020,28.44,Pathfinder,10,6,3446,4
9-4-2022,27.99,Ash,15,5,1699,3
30-9-2020,6.71,Bloodhound,0,0,0,2
29-6-2019,1.41,Wattson,2,5,1148,3
12-10-2019,28.13,Bangalore,14,2,2618,17
27-6-2020,14.23,Ash,2,7,731,4
4-1-2020,12.31,Pathfinder,1,5,513,20
17-5-2021,17.57,Wattson,8,6,2930,19
17-12-2019,0.83,Gibraltar,13,0,1178,15
9-7-2019,9.18,Bangalore,1,1,176,12
6-2-2021,3.37,Wattson,3,0,504,4
26-2-2021,7.92,Wraith,1,2,170,11
26-7-2020,29.06,Bloodhound,7,3,2193,12
21-9-2021,19.86,Wattson,8,7,2677,9
13-5-2022,21.65,Gibraltar,17,10,3542,15
19-5-2019,4.55,Bloodhound,0,9,626,9
3-3-2020,13.8,Bloodhound,13,13,2616,1
17-10-2019,21.08,Bloodhound,4,2,563,4
29-10-2022,23.38,Bloodhound,5,7,1416,15
10-5-2021,28.2,Bangalore,6,2,951,4
2-4-2022,21.43,Gibraltar,6,6,1638,20
23-9-2019,11.84,Pathfinder,3,3,1263,19
20-12-2021,15.85,Wraith,6,1,406,6
27-10-2020,14.97,Ash,6,1,1548,8
5-12-2019,18.27,Wattson,4,2,462,19
1-9-2022,17.21,Bloodhound,4,8,1331,6
19-12-2022,9.64,Ash,0,4,521,5
31-1-2022,2.19,Bangalore,2,13,2798,4
25-1-2022,16.37,Wattson,2,8,1481,16
12-10-2019,19.4,Lifeline,5,2,524,1
19-3-2019,5.17,Gibraltar,7,5,2613,7
13-10-2021,25.96,Lifeline,4,2,796,8
24-3-2021,25.09,Gibraltar,2,6,1375,16
6-5-2021,21.68,Wraith,15,4,2750,15
21-3-2021,4.38,Lifeline,10,2,1293,19
16-2-2022,13.71,Ash,2,1,382,13
23-11-2021,16.35,Lifeline,5,14,2073,1
12-7-2022,29.82,Ash,6,9,2691,2
27-4-2021,14.59,Bloodhound,14,2,1382,3
15-2-2021,3.21,Gibraltar,3,13,2248,8
16-4-2022,15.5,Ash,5,18,4411,10
24-11-2019,28.72,Wraith,14,2,2478,7
3-2-2022,5.06,Pathfinder,8,0,577,1
21-6-2020,20.43,Gibraltar,6,4,2029,11
27-4-2020,29.05,Bloodhound,4,2,595,3
15-2-2019,26.28,Gibraltar,4,2,906,8
11-6-2021,3.99,Wraith,15,3,1329,18
26-11-2022,25.42,Wraith,3,2,462,1
25-7-2021,4.81,Bloodhound,0,0,0,15
11-3-2020,18.75,Gibraltar,4,9,1321,12
16-9-2020,4.74,Wraith,3,9,574,14
7-3-2020,1.78,Gibraltar,2,16,1626,5
7-9-2019,17.81,Wattson,9,1,690,2
20-8-2020,23.66,Lifeline,8,4,1574,7
22-12-2019,0.23,Wraith,4,2,678,13
27-4-2021,24.45,Ash,14,2,3308,1
23-10-2020,9.79,Lifeline,0,11,1184,5
18-12-2020,1.85,Gibraltar,10,8,1866,1
18-2-2019,2.81,Pathfinder,0,5,337,13
10-10-2021,10.05,Wraith,2,6,455,8
25-4-2019,3.24,Pathfinder,0,3,395,5
10-7-2022,3.17,Bloodhound,1,0,171,14
11-9-2020,3.64,Wattson,11,1,1052,18
26-11-2019,0.3,Wattson,3,0,255,19
12-2-2022,25.83,Bangalore,6,8,2177,2
9-3-2022,16.83,Wraith,2,7,1489,19
30-4-2022,4.69,Lifeline,3,2,460,18
11-3-2020,29.35,Pathfinder,3,5,466,1
24-12-2020,8.26,Wraith,11,0,1160,6
28-3-2019,12.47,Pathfinder,1,1,175,14
3-11-2020,20.26,Bloodhound,4,11,977,12
5-4-2019,6.51,Wraith,7,0,997,19
13-5-2021,22.14,Gibraltar,5,2,666,18
15-3-2019,2.3,Wattson,4,4,605,20
28-5-2021,10.9,Gibraltar,5,13,2129,8
5-1-2020,28.39,Wraith,8,8,2029,18
2-7-2020,9.85,Pathfinder,11,1,809,8
18-3-2020,12.33,Wraith,12,2,2531,9
4-5-2019,7.72,Wraith,0,10,1758,14
6-10-2022,17.01,Bangalore,5,6,2046,14
6-8-2020,10.89,Bangalore,1,1,181,14
24-9-2019,29.26,Ash,2,19,1942,9
16-12-2019,9.27,Wraith,6,2,1467,8
19-11-2020,8.84,Wattson,2,16,3123,8
9-12-2019,11.57,Wraith,7,1,624,17
18-4-2019,17.28,Gibraltar,1,1,155,12
4-3-2021,15.78,Wattson,9,1,1754,8
15-4-2020,4.67,Wraith,4,7,1295,6
3-7-2019,18.92,Bloodhound,2,3,964,11
19-10-2019,15.97,Wattson,16,1,1283,7
26-6-2021,8.9,Wraith,7,1,478,3
27-4-2020,9.26,Gibraltar,0,17,1494,10
28-3-2019,2.47,Gibraltar,15,10,3932,6
29-11-2020,12.17,Wattson,6,2,766,19
24-1-2022,9.05,Gibraltar,3,1,422,14
14-8-2020,23.6,Ash,2,17,2436,15
12-5-2021,2.44,Lifeline,0,1,169,15
22-7-2021,3.15,Bloodhound,13,12,2312,3
29-10-2021,12.54,Bangalore,6,2,1043,2
6-4-2021,13.67,Wraith,2,1,292,4
18-12-2020,16.12,Bangalore,3,2,532,8
5-4-2022,13.83,Gibraltar,11,2,832,6
7-10-2022,21.88,Bangalore,5,4,1350,10
21-2-2020,14.25,Wattson,3,3,1116,8
13-12-2022,3.92,Wattson,2,5,632,4
19-11-2022,23.47,Gibraltar,12,12,5105,7
23-6-2021,21.85,Pathfinder,8,3,1482,2
21-10-2019,9.53,Bloodhound,1,1,266,1
18-2-2020,2.59,Ash,2,13,2830,6
17-8-2019,6.81,Ash,2,4,990,19
14-12-2019,17.73,Ash,7,2,1602,3
31-12-2020,11.64,Ash,13,2,2890,6
22-7-2021,5.98,Pathfinder,6,9,1596,9
3-6-2021,19.24,Gibraltar,1,13,732,20
22-11-2019,0.51,Bloodhound,3,9,1348,16
8-8-2019,19.31,Ash,4,4,831,5
26-8-2021,15.83,Bloodhound,12,8,1634,12
10-7-2021,22.26,Bloodhound,7,9,2650,1
15-1-2021,5.72,Wattson,10,6,937,18
8-5-2022,28.64,Gibraltar,8,21,2905,8
21-6-2019,27.31,Lifeline,4,6,652,8
1-9-2022,6.73,Bangalore,2,10,972,7
27-4-2021,7.44,Wraith,0,10,542,1
23-9-2019,4.51,Wraith,8,3,2137,4
22-7-2020,26.64,Wattson,3,14,1250,4
5-1-2022,11.57,Bloodhound,5,4,1225,4
19-8-2022,24.74,Lifeline,4,16,3670,19
16-11-2021,1.82,Pathfinder,7,0,493,12
19-7-2022,8.83,Bloodhound,2,8,1436,16
24-1-2020,3.96,Bloodhound,11,13,3930,13
25-7-2020,27.66,Wattson,9,2,1563,9
2-11-2022,12.45,Wattson,1,10,604,8
28-4-2022,3.26,Wattson,0,2,283,2
4-11-2020,7.77,Wraith,3,2,649,8
3-4-2020,27.8,Gibraltar,2,9,1784,9
29-1-2020,17.14,Bangalore,4,2,1081,15
25-12-2022,3.12,Bangalore,0,5,608,12
26-10-2019,24.55,Bangalore,2,4,998,13
26-9-2022,7.37,Wraith,0,5,315,10
9-9-2021,13.75,Ash,3,2,538,19
17-6-2021,25.96,Bloodhound,7,19,4811,1
26-1-2020,5.02,Ash,0,8,1181,11
12-12-2020,7.63,Wattson,3,4,1061,17
14-11-2022,26.04,Ash,6,2,1119,10
28-9-2021,3.21,Lifeline,15,1,1919,5
20-10-2021,5.67,Wattson,1,10,803,18
25-2-2020,12.87,Ash,16,17,6270,10
14-3-2020,7.23,Bloodhound,5,0,1097,14
1-10-2020,19.25,Pathfinder,9,5,2644,20
11-7-2021,23.13,Wraith,11,5,1622,5
3-4-2022,14.44,Pathfinder,1,9,1029,14
19-9-2019,12.39,Pathfinder,12,16,3599,6
5-12-2019,28.6,Wraith,13,14,4373,1
26-9-2019,18.8,Bloodhound,3,9,2283,7
27-7-2020,14.88,Bloodhound,9,3,1775,8
25-7-2022,1.64,Wattson,7,3,1127,10
6-11-2022,15.2,Bloodhound,1,1,141,19
24-4-2020,14.06,Gibraltar,3,1,503,1
30-10-2022,12.4,Bangalore,1,6,1224,13
25-5-2020,8.93,Bangalore,5,0,586,17
21-8-2020,11.8,Lifeline,10,13,4207,11
23-7-2020,25.77,Pathfinder,2,13,1757,2
13-12-2020,1.55,Ash,5,0,584,10
21-4-2020,5.88,Pathfinder,1,1,251,2
21-9-2021,3.1,Wraith,6,4,672,20
24-5-2019,25.58,Wraith,11,3,2977,16
30-7-2019,11.23,Wraith,2,15,2344,13
15-2-2019,12.69,Gibraltar,1,1,423,4
6-9-2021,1.28,Lifeline,12,9,1858,11
9-8-2019,28.51,Gibraltar,4,3,1251,13
18-5-2020,3.44,Bloodhound,2,8,1902,19
7-8-2019,7.2,Wraith,4,0,828,3
20-5-2021,2.25,Lifeline,4,1,711,5
19-6-2020,29.61,Wraith,14,3,1177,20
27-1-2021,26.19,Lifeline,2,2,537,10
12-8-2020,18.0,Bangalore,12,15,3448,12
31-10-2020,10.42,Lifeline,6,19,4149,18
1-4-2022,1.22,Bangalore,8,0,490,10
11-1-2022,25.68,Bloodhound,2,8,1504,17
23-10-2019,29.72,Bloodhound,7,2,1333,16
7-4-2022,14.78,Lifeline,12,4,1540,9
11-12-2019,24.09,Pathfinder,3,10,1869,3
6-2-2021,10.49,Wattson,10,17,2565,16
14-12-2019,2.75,Bangalore,7,0,1597,5
16-10-2021,25.15,Bloodhound,16,4,3909,11
1-7-2020,4.26,Lifeline,9,14,1518,9
29-7-2019,23.33,Pathfinder,4,9,2470,9
3-11-2022,13.74,Gibraltar,17,17,3150,5
27-8-2020,28.79,Pathfinder,3,2,463,1
27-10-2019,3.42,Gibraltar,0,9,1076,11
29-1-2022,26.57,Bangalore,2,6,851,12
5-12-2019,25.3,Wattson,8,2,1498,9
27-2-2019,3.13,Lifeline,2,0,384,1
12-10-2020,6.26,Wraith,3,0,182,6
4-11-2019,27.92,Bloodhound,5,15,3372,17
24-5-2020,6.26,Wraith,9,0,1849,20
30-8-2022,16.04,Ash,3,9,1115,17
26-5-2020,22.75,Bloodhound,4,8,1798,17
6-7-2022,18.44,Lifeline,3,1,665,7
9-3-2021,0.74,Wraith,1,12,1162,5
25-12-2020,9.49,Ash,7,2,1554,11
26-4-2022,22.5,Bangalore,9,9,3072,3
6-7-2019,14.26,Pathfinder,6,19,4467,3
12-2-2022,27.28,Pathfinder,11,5,1082,9
21-1-2021,1.85,Gibraltar,14,0,1374,12
9-3-2020,18.1,Wattson,1,7,1519,19
23-11-2020,6.28,Wraith,0,1,42,2
7-12-2022,0.39,Lifeline,8,8,3417,2
11-11-2021,24.86,Bangalore,13,4,1922,16
1-9-2021,6.54,Ash,6,0,1334,18
21-12-2019,6.74,Wattson,2,0,195,20
29-9-2021,10.94,Bloodhound,1,1,306,2
27-10-2022,15.07,Bloodhound,2,13,1327,20
9-11-2021,9.78,Wraith,9,0,713,6
25-2-2021,28.48,Ash,2,8,1598,14
31-8-2021,12.42,Bloodhound,5,1,811,3
8-3-2020,17.31,Wraith,1,1,288,14
18-9-2021,0.69,Gibraltar,13,2,1345,15
13-10-2022,10.84,Gibraltar,6,18,3943,7
23-8-2019,6.14,Bangalore,8,0,1572,3
18-7-2020,26.41,Pathfinder,2,16,2721,10
25-6-2022,13.66,Gibraltar,8,6,2081,9
7-11-2021,14.97,Bangalore,1,6,823,5
18-11-2021,13.31,Lifeline,7,1,1240,19
18-7-2021,19.42,Bangalore,5,3,689,2
2-5-2020,15.71,Pathfinder,3,7,514,7
9-4-2020,9.86,Lifeline,7,1,1036,13
6-10-2021,22.97,Wraith,3,7,1802,6
12-6-2022,4.84,Wraith,0,2,331,13
27-12-2020,6.18,Ash,2,3,557,4
24-9-2019,2.53,Bloodhound,1,11,1508,12
3-12-2019,29.05,Lifeline,2,4,357,15
7-2-2021,1.33,Gibraltar,6,5,2027,10
24-4-2021,9.52,Pathfinder,3,14,2878,1
28-7-2022,11.07,Wraith,6,1,603,2
24-12-2021,3.45,Pathfinder,0,1,85,2
26-7-2020,26.0,Bangalore,12,3,2494,3
29-11-2019,21.51,Bloodhound,10,2,1631,5
27-1-2021,16.88,Lifeline,13,13,4166,2
8-1-2021,5.7,Wattson,11,2,980,18
19-1-2022,5.62,Ash,11,7,3125,16
22-9-2020,15.34,Bangalore,2,5,1339,2
17-3-2020,20.36,Wraith,16,3,2255,14
22-9-2020,1.07,Lifeline,1,0,223,3
22-7-2021,23.56,Bloodhound,6,10,890,19
21-9-2019,13.45,Bloodhound,1,12,1608,6
29-8-2019,3.9,Bangalore,5,0,1061,7
10-12-2019,10.16,Bangalore,1,6,832,13
8-3-2022,0.25,Wattson,3,9,1377,17
13-1-2022,4.58,Bangalore,13,5,3731,20
12-9-2021,18.27,Bangalore,4,3,1265,4
21-5-2020,16.02,Wraith,1,7,510,6
15-3-2020,26.27,Pathfinder,3,8,1002,15
28-5-2022,25.7,Wattson,8,16,4342,12
16-7-2019,12.66,Ash,1,2,397,17
6-3-2019,2.04,Bloodhound,7,6,2090,11
29-12-2022,21.85,Bangalore,2,5,767,19
6-12-2020,6.64,Bangalore,2,1,348,7
13-11-2019,7.17,Pathfinder,2,2,791,2
18-3-2021,13.2,Wattson,15,5,2401,16
21-7-2021,26.99,Wraith,6,11,1593,9
20-5-2021,13.33,Wraith,1,3,451,8
4-9-2019,14.24,Gibraltar,7,8,1768,12
25-6-2019,8.4,Bloodhound,0,0,0,7
19-7-2021,11.5,Bangalore,12,5,3510,5
30-3-2022,8.23,Bloodhound,5,2,1525,11
24-2-2022,29.04,Bangalore,2,3,802,9
6-9-2021,16.06,Bangalore,5,1,452,17
8-5-2019,18.94,Gibraltar,4,7,674,17
10-11-2021,24.7,Wattson,4,13,3243,18
24-1-2021,22.36,Gibraltar,2,2,704,20
6-3-2021,20.31,Pathfinder,3,5,731,17
10-3-2022,7.35,Lifeline,7,11,1561,10
14-9-2021,22.2,Pathfinder,5,5,925,3
6-6-2020,16.27,Gibraltar,8,2,1090,16
14-2-2021,27.01,Pathfinder,13,8,2071,11
20-10-2021,26.06,Wattson,3,7,807,12
27-3-2019,15.9,Pathfinder,3,10,1771,9
28-2-2022,2.94,Bloodhound,6,9,2746,16
18-9-2019,22.55,Wraith,6,4,786,20
5-1-2021,3.6,Gibraltar,10,12,2091,11
10-3-2020,21.47,Bloodhound,10,3,3004,3
18-6-2022,12.98,Lifeline,5,3,1061,3
25-6-2019,8.86,Gibraltar,0,9,829,8
3-6-2022,17.61,Wraith,1,2,302,6
24-9-2020,15.27,Gibraltar,13,5,2811,18
11-6-2021,14.97,Ash,5,2,653,15
10-1-2021,22.68,Wattson,3,11,804,14
23-4-2020,15.42,Wraith,2,1,281,13
23-9-2022,29.21,Pathfinder,9,2,1921,9
23-1-2020,23.84,Pathfinder,7,4,814,16
17-7-2022,29.86,Pathfinder,5,9,1650,19
4-3-2019,15.61,Wraith,12,3,1146,17
30-11-2022,18.92,Wattson,6,8,1739,8
1-12-2022,11.85,Wattson,5,1,1071,10
26-2-2021,5.88,Ash,0,2,223,1
3-3-2020,2.65,Ash,0,1,145,10
26-2-2019,19.83,Ash,2,7,666,1
10-1-2021,1.92,Ash,10,11,3951,17
10-12-2019,11.53,Ash,7,2,1385,13
25-10-2021,23.55,Bangalore,5,2,889,19
3-4-2022,9.48,Pathfinder,15,2,2707,16
24-1-2021,12.34,Ash,5,3,690,17
5-4-2022,18.33,Pathfinder,1,6,1010,3
16-2-2021,7.89,Lifeline,3,13,2493,5
9-6-2021,23.75,Bloodhound,12,5,3793,6
18-1-2020,3.81,Gibraltar,1,0,151,20
25-9-2022,10.24,Wraith,6,1,1223,14
30-5-2020,17.53,Lifeline,1,4,907,20
6-3-2019,0.32,Wraith,7,1,489,9
31-7-2019,29.59,Gibraltar,3,5,1079,18
1-10-2019,15.96,Bloodhound,3,7,1485,9
1-4-2022,21.48,Gibraltar,14,8,4673,5
23-7-2020,20.67,Lifeline,14,2,1344,8
3-7-2021,16.09,Lifeline,3,1,377,3
7-10-2019,6.37,Lifeline,0,2,117,7
29-5-2019,19.69,Bangalore,2,9,1225,1
14-11-2021,25.87,Lifeline,7,4,2188,10
19-6-2020,7.02,Wraith,0,1,87,1
29-12-2021,14.5,Ash,3,2,442,5
19-5-2022,2.64,Gibraltar,2,16,1149,6
24-11-2019,8.48,Wraith,10,0,711,10
13-9-2019,28.35,Bangalore,6,3,1618,15
12-9-2019,26.78,Ash,12,5,3107,2
16-5-2019,15.77,Pathfinder,2,7,1610,6
18-8-2020,22.33,Pathfinder,7,8,1217,4
17-4-2019,20.52,Pathfinder,3,2,475,3
16-12-2019,0.17,Lifeline,0,14,2390,3
30-5-2019,6.14,Bloodhound,10,2,1113,5
9-9-2022,3.66,Pathfinder,9,2,1766,19
4-3-2022,25.93,Ash,3,9,2235,14
21-2-2021,12.31,Pathfinder,9,13,3490,3
19-11-2022,12.72,Bloodhound,4,4,761,5
6-6-2020,16.98,Bangalore,15,1,2165,15
8-5-2021,2.04,Bloodhound,3,7,1118,7
6-2-2022,21.46,Wattson,3,5,1355,4
21-5-2021,9.42,Ash,9,5,2516,3
19-2-2022,14.12,Wattson,1,7,1164,12
14-10-2020,11.39,Bloodhound,7,4,994,14
25-1-2020,26.07,Pathfinder,8,2,1235,4
14-10-2019,22.38,Wraith,8,9,2480,7
16-10-2019,17.81,Ash,9,1,2189,4
8-11-2020,2.47,Lifeline,3,5,1207,16
8-6-2022,25.15,Lifeline,3,9,704,14
15-5-2022,23.17,Wraith,8,6,1199,11
15-1-2022,11.63,Pathfinder,6,4,586,11
25-8-2022,11.85,Lifeline,3,4,739,14
15-5-2019,19.07,Wattson,3,10,1656,15
21-6-2019,12.93,Bangalore,8,5,2005,10
12-10-2022,3.99,Ash,11,3,1760,8
8-7-2019,14.45,Ash,2,1,632,10
7-8-2020,22.42,Gibraltar,5,7,1700,16
3-1-2022,29.86,Wattson,5,10,1843,2
7-1-2021,5.38,Bloodhound,16,10,2205,14
24-9-2019,28.26,Gibraltar,2,14,2894,8
2-1-2020,18.6,Wattson,1,1,173,19
10-11-2022,0.91,Bangalore,16,1,1026,17
10-6-2020,26.82,Ash,2,18,1452,8
30-8-2020,19.35,Bloodhound,7,2,1265,1
9-6-2020,13.37,Lifeline,1,17,2054,3
22-4-2021,3.77,Wraith,1,1,335,6
16-2-2021,16.92,Lifeline,11,6,1244,1
26-11-2019,26.81,Pathfinder,6,3,668,6
2-11-2020,12.37,Gibraltar,1,3,258,20
20-9-2021,18.62,Lifeline,4,3,534,17
12-4-2022,6.24,Wattson,11,2,1714,20
3-3-2021,9.42,Bangalore,0,3,547,20
4-8-2019,22.86,Pathfinder,11,7,3452,12
6-6-2019,19.82,Bloodhound,1,6,626,10
9-12-2020,25.07,Gibraltar,7,4,601,11
7-4-2021,20.15,Bloodhound,2,2,775,1
11-7-2021,29.62,Gibraltar,2,17,3297,6
7-3-2022,13.55,Bangalore,7,13,1879,8
10-5-2021,22.47,Bloodhound,14,2,968,11
30-12-2020,27.49,Bangalore,11,10,3302,14
3-9-2022,19.59,Bloodhound,10,16,4974,13
20-3-2021,24.54,Pathfinder,2,8,589,12
25-5-2019,7.68,Gibraltar,3,1,460,15
9-10-2021,9.87,Lifeline,5,0,863,11
24-10-2020,3.74,Pathfinder,8,0,1058,18
18-4-2021,18.86,Bangalore,7,13,1642,7
24-10-2021,26.47,Lifeline,2,5,702,1
20-8-2020,1.08,Wattson,0,3,382,3
26-1-2022,25.71,Gibraltar,19,4,4366,10
28-8-2019,22.12,Bangalore,11,9,3449,15
20-6-2020,0.21,Gibraltar,5,3,525,17
21-7-2020,22.07,Ash,7,7,1107,18
3-6-2021,6.06,Pathfinder,1,6,757,14
19-8-2020,14.85,Bloodhound,2,2,313,2
10-9-2022,12.33,Pathfinder,10,11,3324,14
15-3-2021,8.87,Bloodhound,2,7,1094,19
17-12-2019,9.82,Wraith,1,10,545,6
27-8-2019,15.24,Lifeline,2,1,493,3
23-4-2022,6.65,Lifeline,9,0,725,9
17-10-2021,0.89,Ash,14,12,2951,14
15-2-2021,27.54,Wattson,21,4,2322,18
2-2-2021,0.05,Bangalore,2,11,822,19
30-7-2019,24.59,Gibraltar,10,9,1411,14
16-11-2022,24.86,Lifeline,3,6,675,19
19-8-2020,3.19,Wattson,1,2,495,12
16-7-2020,28.27,Bangalore,5,8,1483,12
14-6-2021,26.83,Ash,17,9,2318,13
2-4-2019,7.75,Ash,10,0,830,18
18-12-2022,12.5,Bloodhound,1,10,1253,20
15-6-2022,11.47,Lifeline,12,2,1119,11
24-9-2021,14.75,Pathfinder,7,1,901,12
7-8-2021,14.57,Bloodhound,2,7,901,11
24-7-2021,4.26,Lifeline,1,8,1545,6
15-2-2021,28.82,Wattson,2,2,285,20
6-1-2022,16.48,Pathfinder,4,1,491,8
16-4-2022,18.52,Lifeline,1,1,365,3
9-6-2022,25.27,Bloodhound,6,14,4079,17
16-9-2020,0.42,Ash,5,3,1175,19
16-5-2021,20.52,Gibraltar,10,2,1281,5
28-9-2022,25.01,Wattson,10,6,3019,4
10-1-2022,5.58,Wraith,1,17,2827,8
26-4-2020,2.36,Wraith,2,7,1413,13
13-2-2019,19.66,Pathfinder,3,1,460,11
23-10-2022,2.32,Bloodhound,5,2,761,10
30-4-2019,26.61,Bloodhound,3,11,2673,9
15-6-2021,20.14,Bangalore,2,4,772,20
18-5-2020,19.48,Lifeline,16,1,3713,14
24-8-2019,28.96,Wattson,15,2,1399,20
10-7-2019,17.63,Gibraltar,2,3,311,20
24-8-2020,29.02,Ash,6,6,1826,14
24-2-2022,28.21,Wattson,9,5,1821,1
25-2-2019,25.3,Bloodhound,8,10,2942,4
16-3-2019,26.79,Ash,4,13,1293,8
2-6-2019,5.09,Wattson,10,3,1752,11
12-2-2022,24.17,Pathfinder,8,11,2728,19
11-6-2019,22.01,Wattson,16,7,1951,20
30-3-2021,28.09,Lifeline,7,4,1553,10
27-8-2020,15.65,Wattson,1,3,687,17
20-10-2019,16.64,Gibraltar,18,1,3594,17
25-7-2022,8.68,Bangalore,12,6,2505,4
20-3-2021,20.94,Wattson,5,16,3557,10
3-1-2021,12.7,Wattson,5,9,1343,13
2-6-2021,5.62,Gibraltar,4,2,910,4
14-9-2019,21.33,Bangalore,2,8,521,8
10-12-2021,4.96,Gibraltar,7,0,610,8
31-8-2020,20.71,Bloodhound,5,12,2865,16
12-3-2021,20.33,Lifeline,2,5,827,15
5-5-2021,22.56,Gibraltar,6,8,1159,14
21-2-2019,11.37,Gibraltar,2,4,333,18
27-3-2020,7.11,Wattson,3,8,556,16
14-3-2021,6.85,Gibraltar,7,0,1493,11
16-3-2020,0.24,Bangalore,16,2,1179,16
13-10-2020,24.27,Bloodhound,4,3,1392,9
25-3-2019,4.04,Wraith,3,5,808,7
1-12-2020,14.07,Ash,6,5,837,11
30-3-2022,8.04,Wattson,2,1,399,1
9-5-2021,26.53,Lifeline,3,7,2033,7
30-3-2021,15.47,Bloodhound,7,1,1164,2
5-10-2020,26.1,Wraith,8,8,3196,18
28-1-2020,27.71,Gibraltar,2,3,289,12
22-9-2021,23.3,Pathfinder,7,14,2955,14
24-2-2019,6.73,Wattson,0,5,603,6
7-1-2022,10.43,Gibraltar,1,3,618,19
3-4-2022,16.93,Gibraltar,4,15,1948,2
29-9-2019,20.41,Wattson,8,12,3884,15
25-4-2021,4.66,Ash,1,1,129,3
23-12-2019,22.02,Ash,19,10,3773,13
6-12-2021,7.21,Wattson,1,0,198,2
3-8-2022,19.82,Wattson,1,6,759,4
30-7-2019,12.83,Bangalore,7,1,841,2
13-2-2021,16.63,Pathfinder,1,9,1685,10
25-9-2020,23.35,Pathfinder,6,2,620,9
19-11-2021,14.53,Wattson,2,1,321,11
13-1-2020,17.9,Bloodhound,9,6,2785,19
13-6-2020,23.79,Bangalore,10,17,3363,12
11-5-2019,15.34,Bloodhound,12,14,5169,4
12-9-2022,29.25,Wattson,12,9,1686,19
27-3-2020,9.15,Gibraltar,1,5,770,14
22-4-2019,18.62,Gibraltar,3,4,393,16
11-8-2021,17.13,Gibraltar,16,17,4846,3
28-3-2020,17.72,Ash,7,16,3822,3
4-12-2022,4.79,Wraith,8,10,2289,17
10-3-2021,1.92,Bloodhound,5,1,1189,14
19-11-2021,10.82,Ash,3,6,1712,14
17-4-2022,27.86,Pathfinder,10,3,2894,2
10-8-2020,6.0,Gibraltar,16,2,3181,10
12-1-2020,1.17,Gibraltar,14,4,1587,18
8-1-2020,27.32,Ash,10,2,2082,4
11-2-2019,17.17,Bangalore,7,3,1809,4
12-3-2020,24.75,Gibraltar,16,2,3679,8
20-11-2019,14.64,Lifeline,1,16,1715,20
6-2-2021,23.83,Pathfinder,2,5,796,2
30-5-2022,8.27,Gibraltar,12,0,1901,3
6-1-2022,20.08,Bangalore,3,2,761,8
28-1-2020,14.65,Lifeline,6,5,1945,7
25-9-2019,14.83,Bangalore,2,5,912,6
5-4-2020,19.77,Bloodhound,2,2,379,6
22-11-2020,10.52,Gibraltar,2,4,517,12
26-7-2022,20.72,Ash,4,6,1779,2
29-12-2022,19.16,Ash,1,4,398,9
8-3-2020,9.76,Bangalore,3,1,360,12
28-10-2021,5.29,Ash,18,1,2941,16
11-2-2020,11.73,Bloodhound,8,3,2379,2
1-3-2019,21.05,Pathfinder,7,5,1905,18
10-11-2022,18.0,Pathfinder,2,14,2246,6
5-4-2022,18.38,Pathfinder,1,15,2129,2
30-6-2021,26.98,Lifeline,6,5,1953,10
24-5-2020,29.35,Wraith,2,19,2446,11
12-3-2022,13.7,Lifeline,3,5,538,18
19-3-2020,4.91,Bangalore,0,4,706,17
10-8-2020,12.74,Lifeline,8,1,1504,18
17-3-2021,23.08,Wraith,11,2,2423,10
6-2-2020,2.15,Lifeline,5,5,919,2
30-1-2020,25.04,Lifeline,15,9,3519,1
20-7-2021,8.66,Gibraltar,11,0,1053,18
28-2-2020,0.81,Lifeline,5,9,2275,4
25-3-2019,4.41,Gibraltar,6,18,2135,9
26-4-2021,8.04,Lifeline,0,0,0,1
19-12-2020,5.48,Ash,7,6,1205,7
1-8-2021,26.47,Bloodhound,13,7,2045,9
5-3-2019,7.33,Ash,2,0,332,18
10-4-2020,13.62,Wraith,13,7,1563,3
9-6-2022,3.78,Bangalore,0,11,554,10
10-12-2022,23.43,Pathfinder,3,4,1107,5
24-1-2020,16.32,Bangalore,16,1,3119,5
24-11-2020,17.11,Bangalore,6,2,1107,17
15-4-2019,19.87,Wattson,6,6,2524,15
10-1-2022,17.27,Lifeline,10,6,1139,6
11-8-2019,13.22,Bloodhound,9,9,1861,15
5-9-2019,19.28,Bangalore,7,7,1122,11
25-9-2019,11.73,Ash,7,4,1021,5
15-1-2021,19.46,Bloodhound,10,3,1709,1
14-8-2020,12.4,Lifeline,6,2,964,7
14-2-2020,17.91,Pathfinder,2,11,1221,13
21-1-2021,27.09,Ash,9,4,1905,4
28-10-2019,13.14,Pathfinder,19,14,5336,8
16-12-2022,4.43,Lifeline,4,4,823,17
12-3-2021,25.41,Pathfinder,16,18,3859,14
24-1-2022,1.87,Gibraltar,4,7,836,17
23-6-2021,9.8,Gibraltar,4,10,2356,1
13-3-2021,10.51,Lifeline,10,9,3377,6
4-12-2020,22.21,Pathfinder,2,2,489,17
18-11-2020,1.94,Ash,3,8,982,3
8-9-2021,7.15,Ash,10,0,1959,2
27-8-2020,29.82,Pathfinder,9,8,1295,5
7-4-2022,6.68,Wattson,0,2,384,10
27-2-2021,15.0,Ash,2,3,538,9
8-9-2021,25.59,Wraith,3,3,665,9
17-12-2022,3.81,Gibraltar,7,0,1221,1
30-11-2019,11.44,Ash,1,2,206,19
23-8-2022,0.35,Ash,3,2,966,10
4-3-2019,20.83,Lifeline,4,3,526,3
18-3-2021,13.92,Bangalore,1,1,192,3
14-10-2020,17.46,Bloodhound,1,3,816,11
22-10-2020,29.52,Bangalore,3,6,688,5
31-1-2020,7.92,Bloodhound,3,2,659,12
9-11-2021,16.82,Lifeline,5,2,1590,4
17-12-2021,16.47,Wattson,6,1,935,2
7-7-2020,7.37,Bloodhound,9,2,2305,20
29-8-2021,11.13,Bloodhound,11,15,5409,14
1-11-2020,17.05,Gibraltar,14,3,1664,17
20-9-2020,8.43,Bangalore,2,5,1025,4
29-11-2020,13.53,Wraith,10,4,2800,8
25-7-2019,6.32,Wraith,0,0,0,2
7-3-2020,15.23,Lifeline,4,3,686,13
22-12-2019,4.31,Lifeline,6,17,1799,6
3-12-2019,17.19,Gibraltar,5,10,1092,5
15-4-2022,14.05,Wattson,10,9,1646,15
16-2-2021,18.9,Ash,5,3,1560,10
23-6-2022,15.19,Wraith,7,1,470,9
19-12-2021,23.73,Ash,2,3,445,9
11-5-2019,0.04,Wattson,15,15,5379,4
19-6-2019,1.84,Wraith,0,3,312,5
27-4-2019,26.32,Bangalore,7,17,4796,11
29-3-2021,4.05,Wraith,0,2,146,19
17-9-2019,0.16,Bloodhound,4,0,824,5
5-8-2021,10.95,Wraith,2,4,715,20
6-3-2022,10.74,Gibraltar,2,10,1700,5
28-10-2021,13.81,Gibraltar,2,4,590,14
4-5-2021,14.64,Pathfinder,11,9,2689,2
22-7-2021,4.85,Bangalore,17,4,1789,5
10-9-2021,14.01,Ash,4,12,2445,5
5-11-2021,25.41,Bloodhound,2,11,1697,12
31-8-2021,26.87,Bangalore,10,4,2191,17
27-2-2021,3.47,Lifeline,0,13,1580,6
10-6-2021,9.96,Pathfinder,9,6,2458,6
26-9-2021,24.72,Bloodhound,8,15,4668,4
23-12-2020,26.84,Wraith,2,12,2735,7
5-8-2019,26.33,Pathfinder,2,9,1005,7
9-1-2021,12.52,Ash,11,13,4635,2
15-2-2022,6.76,Wattson,6,13,3578,2
14-6-2021,19.32,Ash,1,9,699,3
30-3-2022,15.83,Wraith,5,9,1485,20
1-3-2019,29.95,Gibraltar,10,10,2180,5
3-12-2021,6.92,Lifeline,0,1,70,16
8-9-2020,21.9,Lifeline,7,8,3151,10
13-9-2020,5.31,Wattson,1,6,625,6
26-7-2022,20.99,Bangalore,11,2,1708,9
7-1-2022,27.95,Gibraltar,5,4,1775,19
19-8-2022,8.2,Lifeline,0,6,1095,4
27-12-2020,13.63,Bloodhound,12,9,1945,3
1-3-2019,12.72,Ash,3,19,3989,13
20-11-2021,14.51,Ash,4,1,947,7
14-7-2020,8.67,Wattson,1,11,2266,17
29-11-2021,7.52,Bangalore,0,14,2619,14
19-12-2019,4.68,Wattson,11,0,1811,14
6-10-2020,14.43,Bloodhound,3,6,567,9
25-12-2021,11.1,Pathfinder,5,11,1497,17
17-9-2019,24.22,Wattson,4,13,2076,3
20-12-2021,17.18,Ash,2,2,452,7
28-4-2019,23.12,Pathfinder,8,2,1959,3
27-7-2021,18.66,Wattson,7,8,2802,1
19-11-2021,15.12,Bloodhound,1,11,2245,14
31-10-2020,7.26,Wraith,7,12,3685,17
14-8-2019,8.19,Ash,3,6,1456,11
8-4-2020,18.68,Pathfinder,1,1,124,15
2-11-2020,19.27,Bangalore,12,2,1790,2
12-8-2021,27.53,Gibraltar,3,9,1443,1
17-5-2021,27.95,Wraith,12,12,3724,8
8-7-2019,1.75,Lifeline,0,2,291,14
24-11-2019,2.44,Bloodhound,5,0,779,14
22-12-2019,14.26,Pathfinder,2,6,796,6
12-10-2021,9.39,Bangalore,9,0,1507,16
19-6-2022,10.05,Wraith,4,3,491,4
11-12-2020,15.16,Bloodhound,2,10,617,11
26-7-2022,13.68,Ash,16,1,3802,7
31-1-2022,16.03,Wraith,5,4,1321,19
21-4-2022,22.76,Pathfinder,8,9,2752,7
28-10-2022,20.44,Lifeline,2,7,815,8
14-9-2022,25.32,Bloodhound,8,6,2471,18
12-5-2019,5.65,Bangalore,0,1,60,13
10-10-2020,8.71,Gibraltar,2,14,1461,9
1-10-2022,3.08,Bangalore,9,14,4616,2
5-5-2019,24.5,Wraith,10,12,2899,19
27-3-2019,24.16,Wraith,7,3,1827,4
16-10-2022,8.55,Wattson,1,4,280,7
18-11-2022,16.1,Wraith,2,7,740,6
1-5-2020,2.73,Wattson,3,6,1616,15
12-12-2021,15.2,Ash,3,9,834,16
14-8-2021,2.52,Lifeline,0,4,678,7
9-10-2019,26.31,Wattson,3,3,567,5
7-8-2022,29.66,Lifeline,2,2,535,5
23-4-2019,16.81,Bloodhound,2,1,644,13
24-11-2020,4.43,Pathfinder,4,4,1365,12
20-9-2019,0.16,Wraith,16,3,2545,2
10-10-2020,27.08,Lifeline,5,11,3083,19
27-6-2021,22.26,Pathfinder,5,15,1088,6
11-9-2022,1.7,Bangalore,1,3,392,6
7-3-2020,6.63,Bloodhound,0,2,108,16
29-4-2022,27.75,Wattson,5,5,1080,1
24-4-2020,19.71,Wraith,1,3,212,2
10-9-2019,11.36,Wattson,3,9,1069,13
20-6-2020,23.35,Ash,12,4,1036,16
1-12-2022,20.94,Bangalore,4,16,2972,8
25-7-2021,15.32,Bangalore,1,3,780,7
29-9-2022,3.71,Wattson,2,0,308,10
6-10-2019,23.03,Pathfinder,2,3,582,11
16-7-2022,24.33,Gibraltar,4,11,2270,10
29-1-2020,20.81,Gibraltar,4,8,1773,18
29-10-2021,27.11,Ash,2,8,940,14
18-5-2019,24.3,Bangalore,6,6,2069,18
15-12-2019,3.8,Bloodhound,1,0,173,19
20-9-2021,19.43,Bloodhound,9,6,2353,1
7-9-2019,10.31,Ash,2,16,3009,20
22-11-2022,5.37,Wattson,2,4,756,11
1-3-2019,7.47,Wattson,0,4,682,1
6-5-2021,28.15,Ash,10,2,2027,16
15-4-2020,29.97,Wattson,8,2,1472,1
10-10-2022,23.17,Wraith,6,6,1858,14
5-5-2022,14.31,Wraith,1,19,3278,12
17-7-2019,13.47,Lifeline,5,4,1536,9
5-9-2021,9.15,Pathfinder,0,3,523,17
8-8-2022,9.1,Pathfinder,2,8,1840,16
9-3-2020,19.8,Ash,4,5,959,17
9-12-2020,9.19,Pathfinder,0,2,295,4
17-6-2022,15.72,Bloodhound,8,5,2108,4
25-6-2020,4.29,Lifeline,5,0,437,18
2-2-2022,2.92,Wattson,8,2,1703,2
25-9-2020,22.09,Lifeline,10,2,2077,13
20-3-2021,7.79,Bangalore,17,8,2031,5
15-5-2019,5.09,Bangalore,8,0,665,14
4-8-2021,3.03,Bloodhound,8,2,976,5
20-12-2019,7.26,Bangalore,6,7,2200,10
11-4-2020,0.37,Ash,12,3,3110,12
19-8-2020,19.21,Bangalore,17,5,2101,3
29-5-2021,7.02,Bangalore,15,1,3451,10
15-2-2021,18.87,Lifeline,9,13,2595,7
7-4-2021,19.64,Lifeline,3,6,1569,4
28-7-2019,4.99,Bangalore,1,2,524,5
18-4-2020,16.3,Lifeline,3,17,1761,10
29-11-2021,28.69,Bangalore,6,15,4281,3
22-4-2021,19.35,Gibraltar,6,1,865,9
16-3-2021,12.05,Bangalore,1,1,380,13
1-6-2021,9.86,Wraith,17,8,4011,6
9-11-2022,23.65,Gibraltar,14,6,1954,3
9-5-2019,18.35,Wraith,4,1,645,3
2-4-2019,9.19,Wattson,3,1,467,10
30-1-2022,24.54,Wraith,5,5,1101,14
27-1-2021,7.81,Wattson,2,10,2167,14
3-7-2021,29.71,Wraith,7,3,1112,8
9-7-2019,9.48,Bangalore,1,8,1473,2
23-3-2020,19.26,Bangalore,2,1,580,15
1-9-2021,28.26,Bangalore,4,3,1508,1
27-3-2022,29.63,Bloodhound,7,3,1174,10
29-5-2019,4.02,Bangalore,0,4,272,19
4-3-2020,19.4,Wattson,1,3,710,13
31-12-2022,12.39,Pathfinder,1,12,1096,5
25-7-2020,15.17,Lifeline,4,3,692,14
14-2-2020,11.2,Lifeline,8,7,904,16
25-8-2019,0.77,Bloodhound,2,10,1108,14
22-1-2020,15.95,Gibraltar,10,11,1785,17
22-3-2022,22.11,Ash,2,17,2028,10
18-1-2020,15.82,Ash,9,1,1335,15
25-5-2021,22.36,Bangalore,3,3,410,12
30-12-2021,1.13,Gibraltar,1,5,1110,6
26-8-2019,6.57,Lifeline,11,2,1641,12
12-10-2022,10.11,Bloodhound,8,3,617,18
23-5-2019,1.51,Wattson,2,13,1190,17
24-12-2019,24.0,Gibraltar,7,2,1597,5
25-2-2021,20.33,Ash,7,6,1806,6
22-11-2021,11.0,Wraith,1,8,1065,19
1-7-2021,26.07,Lifeline,8,12,3952,14
20-12-2021,20.89,Bloodhound,2,5,370,5
9-8-2019,4.7,Gibraltar,2,7,957,3
5-3-2019,26.99,Ash,3,17,2702,15
29-12-2021,0.41,Gibraltar,1,13,2307,8
10-12-2022,21.43,Wattson,2,12,1850,10
23-10-2021,24.24,Bangalore,6,12,1950,4
10-11-2022,11.58,Wattson,13,3,2104,14
17-12-2020,22.81,Bloodhound,14,9,2885,11
1-8-2019,4.32,Bloodhound,0,0,0,3
10-3-2020,24.75,Wattson,4,7,1792,1
21-11-2019,5.63,Pathfinder,7,7,1839,12
31-5-2019,26.17,Wattson,6,2,1617,7
7-5-2021,1.43,Gibraltar,0,11,1795,11
5-7-2021,26.82,Pathfinder,2,2,526,3
27-11-2020,28.42,Gibraltar,3,6,1578,3
1-5-2019,3.89,Bloodhound,13,8,3818,13
24-12-2020,23.83,Bangalore,7,3,1504,16
18-11-2021,10.36,Gibraltar,3,10,2199,9
11-8-2020,13.07,Pathfinder,2,2,320,12
26-4-2022,22.11,Bloodhound,8,6,1949,14
26-10-2019,29.51,Bloodhound,5,15,2347,9
4-2-2022,9.21,Bloodhound,2,0,387,1
6-8-2021,1.38,Wattson,4,12,2085,7
5-12-2022,10.62,Bangalore,11,13,1596,18
28-2-2020,12.84,Pathfinder,1,2,182,17
7-3-2019,8.13,Bloodhound,1,6,382,11
21-6-2019,15.15,Bloodhound,4,2,518,4
22-6-2022,19.02,Pathfinder,12,5,2035,11
18-6-2022,16.55,Wattson,5,4,827,7
7-9-2019,2.29,Ash,7,0,1153,2
25-2-2019,6.97,Gibraltar,9,10,3911,19
14-2-2021,8.23,Ash,1,1,111,15
25-7-2019,27.38,Lifeline,7,5,1422,3
10-1-2021,17.81,Gibraltar,3,2,298,14
13-11-2019,5.59,Wraith,9,1,2031,15
15-3-2021,6.15,Gibraltar,0,6,349,20
4-12-2019,29.8,Bloodhound,2,2,421,16
16-5-2021,21.91,Bangalore,3,3,882,17
24-3-2019,12.57,Pathfinder,12,10,2500,16
1-10-2020,26.21,Wattson,3,5,1491,7
1-7-2022,3.55,Gibraltar,10,9,2926,17
22-2-2022,8.21,Gibraltar,5,8,1221,12
7-12-2019,6.0,Bangalore,1,13,1617,4
5-7-2020,13.58,Pathfinder,1,3,751,12
6-10-2022,3.34,Wraith,0,0,0,3
9-6-2021,3.69,Wraith,6,4,1488,20
5-7-2021,15.65,Wraith,1,11,1583,15
22-12-2021,4.75,Bloodhound,12,2,2697,15
18-10-2021,19.32,Bloodhound,16,5,1926,16
23-1-2022,6.73,Pathfinder,18,2,4325,16
11-4-2022,25.78,Wattson,8,2,1085,14
16-6-2022,2.67,Lifeline,3,3,1273,9
30-11-2021,20.7,Bangalore,2,7,969,17
22-10-2019,25.08,Lifeline,2,2,647,12
19-7-2022,17.2,Wattson,3,6,1212,17
13-3-2022,15.43,Pathfinder,9,5,1832,3
1-4-2021,16.22,Ash,4,1,376,11
16-9-2019,0.53,Bangalore,0,6,448,7
8-11-2019,13.77,Ash,1,4,359,12
20-9-2021,20.29,Bloodhound,20,2,4351,20
4-10-2019,7.86,Wattson,4,9,1179,14
3-6-2019,29.02,Bloodhound,3,9,1909,16
7-1-2020,17.52,Ash,8,9,1402,18
27-1-2022,13.58,Wraith,17,3,1286,2
14-2-2022,11.8,Ash,5,8,1002,5
7-12-2022,27.66,Bangalore,3,14,3159,12
24-8-2022,5.33,Lifeline,0,8,449,15
15-12-2019,24.73,Bloodhound,4,2,704,13
3-7-2022,23.2,Bangalore,2,9,1029,1
5-6-2022,26.36,Lifeline,9,5,2184,18
10-6-2021,29.71,Wattson,12,9,1295,7
17-1-2022,10.64,Bloodhound,1,2,563,11
20-11-2019,24.49,Ash,9,2,1309,14
8-8-2022,7.92,Pathfinder,13,8,4326,13
13-6-2020,12.36,Lifeline,5,3,1651,15
4-12-2020,22.15,Ash,3,9,1297,1
30-7-2020,9.46,Lifeline,4,1,1109,13
10-8-2020,10.22,Wattson,14,10,3846,4
19-11-2022,12.57,Pathfinder,9,3,1027,2
15-2-2020,5.4,Wraith,0,6,588,15
5-4-2021,15.11,Wattson,5,2,1195,4
1-1-2021,23.34,Wraith,14,9,4766,13
12-8-2020,25.07,Gibraltar,5,2,1202,19
24-4-2022,10.4,Ash,7,4,2125,3
26-11-2019,7.16,Lifeline,12,4,957,19
6-7-2020,28.41,Wraith,10,13,1881,18
11-2-2022,24.61,Wraith,6,17,3156,13
8-11-2022,8.6,Bangalore,4,7,1351,7
5-12-2020,19.22,Gibraltar,1,5,1182,19
8-7-2021,5.65,Wraith,2,1,175,3
9-8-2021,14.67,Bloodhound,14,2,3329,5
6-12-2022,13.14,Wraith,3,4,1178,14
2-8-2021,2.17,Gibraltar,0,4,435,11
17-12-2019,6.34,Wattson,0,9,456,5
20-11-2021,25.46,Pathfinder,14,2,2211,12
23-1-2020,6.28,Bangalore,2,2,442,6
27-10-2019,6.73,Pathfinder,1,1,365,4
4-5-2022,10.06,Ash,10,13,2438,15
14-1-2021,23.9,Bangalore,8,2,1661,15
7-3-2021,15.68,Wraith,7,8,990,16
2-2-2022,11.81,Pathfinder,13,3,2024,17
24-10-2021,26.44,Bloodhound,5,14,3250,7
15-12-2021,25.63,Bangalore,5,5,865,1
25-11-2019,16.57,Ash,3,3,507,11
17-4-2020,26.38,Bangalore,4,2,320,2
11-9-2021,5.11,Bloodhound,8,0,1051,18
22-6-2019,10.92,Lifeline,5,4,1419,7
28-2-2021,14.13,Bangalore,9,2,1376,11
8-7-2021,20.5,Pathfinder,14,2,1309,7
2-8-2022,25.02,Gibraltar,19,5,4399,8
19-5-2022,17.97,Wraith,15,6,4290,16
6-10-2022,2.25,Bangalore,6,9,1056,6
25-2-2019,11.27,Wraith,3,2,449,13
20-8-2019,22.17,Bangalore,10,3,1177,10
24-7-2022,19.67,Pathfinder,17,12,1846,19
24-10-2019,20.68,Wraith,4,5,1140,17
14-4-2020,8.86,Bloodhound,12,6,3724,15
29-11-2019,23.33,Wraith,7,14,2829,19
12-2-2021,9.55,Bloodhound,9,7,1572,19
26-12-2020,5.48,Bangalore,1,0,106,15
2-10-2021,27.85,Bloodhound,4,11,2705,10
5-4-2021,2.38,Bloodhound,0,4,690,8
20-7-2021,11.99,Gibraltar,3,12,971,15
28-7-2020,25.99,Lifeline,3,11,2236,19
12-12-2020,13.67,Bloodhound,1,1,295,20
17-12-2019,29.59,Bangalore,3,2,698,14
8-6-2020,25.95,Bangalore,2,14,2954,4
22-6-2022,6.56,Wraith,0,4,431,3
23-7-2019,28.23,Bloodhound,20,9,5277,15
2-7-2022,16.35,Ash,11,3,1870,19
1-7-2019,4.85,Ash,0,0,0,14
21-9-2020,1.54,Wraith,1,0,244,1
16-8-2022,12.65,Gibraltar,12,1,1501,18
3-2-2020,19.27,Pathfinder,7,3,1233,9
3-9-2022,18.35,Lifeline,8,12,1109,9
7-7-2020,3.27,Wattson,3,5,728,5
12-9-2022,28.22,Pathfinder,2,4,795,16
31-1-2022,16.27,Gibraltar,1,2,205,2
13-2-2021,26.23,Bloodhound,5,8,1147,3
10-6-2019,12.43,Ash,2,4,1073,6
11-2-2022,8.53,Lifeline,0,2,253,15
25-12-2019,12.73,Wraith,2,13,1523,17
25-9-2019,20.32,Wattson,5,8,2629,14
14-8-2022,4.94,Bloodhound,1,0,174,1
24-9-2021,25.83,Gibraltar,14,2,1298,20
1-6-2021,1.59,Pathfinder,0,7,765,7
25-3-2020,24.63,Bloodhound,10,9,2812,4
11-7-2020,3.2,Ash,0,5,861,18
26-2-2021,26.35,Bloodhound,6,3,1542,16
16-5-2022,24.14,Gibraltar,6,2,670,2
19-10-2021,1.41,Wraith,13,1,3298,9
17-11-2021,7.84,Wraith,14,5,2025,17
1-9-2020,10.49,Gibraltar,1,11,1462,12
12-2-2022,7.48,Ash,10,9,1441,7
27-3-2020,19.06,Wraith,4,11,1254,12
21-6-2020,1.68,Gibraltar,7,5,2553,16
31-7-2020,22.72,Bloodhound,4,4,1345,3
9-4-2021,1.24,Pathfinder,0,3,531,3
22-7-2022,13.12,Ash,3,17,3678,4
26-4-2019,28.57,Gibraltar,3,9,1890,18
13-12-2021,29.39,Gibraltar,5,2,949,19
13-5-2021,20.24,Wattson,5,10,2085,8
28-8-2020,22.17,Wattson,2,13,2359,8
9-2-2022,10.46,Lifeline,1,1,421,16
23-10-2022,16.9,Wraith,18,8,4163,10
6-5-2020,2.42,Gibraltar,8,3,1321,11
18-6-2019,15.8,Lifeline,1,7,1474,14
12-3-2019,18.89,Wattson,2,3,603,9
4-5-2019,9.18,Gibraltar,0,0,0,8
11-4-2019,29.03,Wraith,3,3,1218,11
14-3-2021,13.52,Gibraltar,6,13,2725,13
25-2-2021,29.69,Pathfinder,2,2,287,8
10-9-2020,16.9,Lifeline,1,8,1154,12
23-4-2022,0.53,Wraith,0,1,116,1
31-10-2022,21.8,Wattson,5,7,2442,13
9-7-2022,12.47,Wattson,3,1,662,15
19-1-2022,14.35,Wattson,5,17,2453,15
19-9-2020,24.32,Wraith,6,8,2917,7
6-11-2020,21.33,Bloodhound,6,2,497,7
13-10-2021,19.04,Wattson,3,15,1928,17
21-5-2022,11.58,Wraith,12,14,5001,4
5-7-2020,12.87,Lifeline,4,10,890,16
2-8-2021,10.96,Bloodhound,13,10,3310,3
21-12-2019,7.78,Gibraltar,0,11,950,18
8-1-2021,21.27,Wraith,3,12,2653,9
20-5-2022,0.91,Wattson,2,15,1636,16
6-2-2021,1.06,Wattson,1,8,659,20
18-4-2022,24.51,Bloodhound,5,8,1589,13
20-2-2021,14.76,Lifeline,9,1,702,3
2-7-2020,1.51,Wattson,15,6,3504,20
26-7-2019,12.43,Lifeline,1,1,278,20
1-8-2022,5.98,Gibraltar,5,1,1135,3
12-12-2022,23.58,Gibraltar,2,7,672,2
13-12-2020,4.93,Gibraltar,11,15,1787,16
30-8-2020,14.18,Bloodhound,8,7,1749,14
12-10-2019,23.67,Wattson,2,3,686,13
14-8-2019,21.58,Pathfinder,8,11,2683,16
25-7-2021,10.24,Pathfinder,18,6,4889,3
29-4-2022,26.97,Gibraltar,8,4,2096,15
24-7-2021,1.53,Wraith,7,11,3372,17
17-7-2021,1.24,Pathfinder,16,2,4161,1
27-7-2022,7.77,Wraith,0,2,363,11
6-8-2022,29.48,Lifeline,4,6,1005,13
29-8-2020,24.21,Bloodhound,17,3,1859,11
3-4-2022,14.96,Wraith,2,3,321,14
20-11-2020,24.32,Gibraltar,6,13,3093,15
6-9-2021,16.22,Lifeline,3,19,3619,3
18-10-2022,14.95,Gibraltar,16,14,6272,10
13-6-2019,21.17,Wraith,17,3,2616,10
10-2-2020,14.54,Wattson,8,5,2037,9
19-8-2019,27.07,Wraith,9,6,1458,11
7-7-2021,25.73,Wattson,5,3,1432,12
8-11-2021,5.31,Pathfinder,0,0,0,4
12-7-2022,27.45,Lifeline,16,7,1499,16
15-10-2019,16.85,Gibraltar,9,10,1395,17
11-2-2022,23.0,Ash,2,5,1115,12
5-4-2021,19.74,Wraith,5,3,1278,7
28-5-2019,7.02,Wattson,4,6,1490,19
12-10-2020,23.7,Gibraltar,5,10,1750,14
30-10-2020,26.89,Pathfinder,9,7,2257,17
14-12-2020,19.0,Gibraltar,17,1,2725,9
30-3-2021,19.07,Ash,12,4,2767,19
13-1-2022,22.16,Wattson,4,13,3048,1
25-10-2019,28.17,Lifeline,10,8,3423,6
17-5-2020,28.1,Pathfinder,5,4,1940,9
23-3-2022,15.78,Wattson,2,16,3351,8
9-3-2019,10.05,Lifeline,14,7,4682,1
6-11-2019,16.37,Gibraltar,2,9,810,1
4-11-2022,11.26,Bangalore,3,3,387,6
1-11-2021,7.39,Ash,7,12,3514,12
22-4-2020,8.3,Pathfinder,4,1,871,12
10-8-2019,29.94,Lifeline,6,17,4332,5
7-2-2022,28.7,Lifeline,12,6,2161,10
18-2-2022,16.46,Gibraltar,3,16,1219,17
21-10-2019,2.45,Wraith,2,4,921,10
2-10-2022,2.69,Bangalore,4,3,1223,14
10-6-2022,29.55,Pathfinder,3,2,958,13
30-12-2019,24.59,Lifeline,5,6,1667,3
11-4-2022,6.23,Gibraltar,5,6,914,14
15-9-2019,1.03,Bangalore,2,8,1383,1
25-7-2019,25.24,Gibraltar,8,7,2268,17
2-5-2021,4.29,Gibraltar,0,0,0,3
2-7-2021,10.73,Wattson,5,6,2120,19
22-5-2021,17.91,Bangalore,1,16,1080,10
25-1-2022,3.3,Ash,1,8,1658,17
1-4-2022,7.76,Bloodhound,1,0,68,1
9-4-2022,4.74,Wattson,3,1,498,7
20-4-2019,12.48,Wraith,2,1,429,15
10-3-2022,15.73,Bloodhound,4,14,1491,15
31-3-2020,3.71,Gibraltar,3,9,2044,12
21-2-2019,7.02,Bloodhound,7,2,1514,11
4-4-2019,10.0,Wraith,5,6,828,12
2-3-2021,25.11,Gibraltar,9,11,2531,12
10-4-2021,7.04,Ash,0,2,363,7
15-3-2022,10.85,Ash,14,4,1717,10
18-4-2021,21.06,Wattson,2,3,707,9
26-1-2022,21.87,Wattson,4,3,684,13
19-3-2020,21.53,Ash,3,15,1769,9
1-8-2020,9.27,Bangalore,0,5,848,12
24-4-2020,28.4,Pathfinder,2,3,648,16
11-1-2021,21.43,Pathfinder,8,5,2579,12
14-7-2021,11.41,Bangalore,11,2,1086,1
11-6-2020,29.68,Wraith,14,3,1891,15
18-9-2021,13.76,Ash,6,6,704,7
8-9-2020,13.23,Bangalore,1,1,356,5
21-9-2019,0.6,Lifeline,0,8,808,5
22-8-2020,19.79,Bangalore,8,16,2954,16
19-5-2022,1.32,Bloodhound,0,12,1221,17
27-6-2020,26.88,Lifeline,10,8,3938,11
9-2-2022,0.43,Bangalore,1,8,1362,15
26-9-2021,25.65,Lifeline,3,5,1083,16
24-7-2019,16.07,Ash,5,6,1504,18
12-9-2019,22.18,Bangalore,8,9,2252,18
21-12-2019,4.72,Lifeline,8,0,1166,10
22-6-2019,3.55,Ash,4,3,999,4
26-6-2022,18.22,Wattson,6,10,2682,15
8-12-2022,15.23,Ash,10,8,2220,14
28-1-2020,25.03,Bloodhound,2,6,879,15
6-10-2020,27.08,Pathfinder,9,2,730,9
22-7-2020,23.37,Wattson,2,4,701,17
1-5-2019,29.4,Bloodhound,5,2,1279,20
13-8-2019,17.05,Pathfinder,5,16,3598,6
21-4-2020,28.26,Wraith,4,8,2168,4
4-4-2019,1.67,Bangalore,11,3,1170,7
12-7-2022,6.94,Pathfinder,1,7,599,4
11-1-2021,28.17,Ash,4,13,1252,2
28-7-2019,3.16,Ash,9,18,3141,6
25-11-2021,3.62,Gibraltar,0,1,158,7
12-7-2021,23.15,Wattson,4,14,2947,2
8-12-2022,25.24,Gibraltar,10,5,1090,12
29-6-2019,19.74,Bloodhound,1,11,1847,13
5-8-2019,13.57,Wraith,2,12,1500,7
17-6-2021,25.53,Bangalore,3,2,632,16
27-9-2019,11.48,Gibraltar,15,8,2953,4
16-2-2021,1.39,Bangalore,0,2,239,12
2-4-2019,3.49,Bangalore,0,5,513,1
12-7-2021,4.46,Gibraltar,9,2,1162,9
2-1-2021,10.9,Wattson,12,1,2349,3
23-9-2019,28.98,Lifeline,5,4,581,9
11-12-2021,20.35,Bloodhound,2,7,1032,3
16-8-2019,7.17,Ash,4,6,909,18
14-12-2020,4.89,Gibraltar,0,3,176,11
20-8-2022,5.31,Lifeline,7,0,1626,9
16-2-2022,20.21,Bloodhound,2,11,2296,20
7-9-2022,20.21,Bangalore,2,8,1355,20
25-11-2021,5.15,Bloodhound,3,9,1788,16
15-5-2019,14.45,Ash,7,3,1748,19
22-9-2020,21.61,Ash,8,12,1529,9
10-8-2022,27.56,Wattson,5,17,3706,16
2-5-2022,7.49,Wattson,2,0,453,4
4-7-2021,20.12,Ash,3,12,1183,11
28-1-2020,25.06,Wattson,2,10,597,6
27-10-2021,13.74,Wattson,5,9,1913,8
6-4-2021,29.36,Wraith,14,11,5126,5
30-3-2022,20.91,Pathfinder,2,2,487,11
12-5-2019,19.5,Wraith,9,13,4525,11
24-5-2020,4.96,Pathfinder,8,4,1525,5
17-4-2022,28.87,Pathfinder,2,7,939,12
16-2-2021,17.27,Wraith,16,4,1436,16
24-2-2020,15.54,Wraith,11,4,1264,19
13-3-2022,7.71,Ash,5,0,815,2
26-6-2021,5.67,Bloodhound,10,16,3339,19
29-7-2022,7.07,Lifeline,12,4,1852,4
6-3-2022,17.61,Pathfinder,1,11,2030,11
31-12-2022,9.05,Lifeline,1,1,137,12
27-12-2021,25.88,Gibraltar,2,2,761,1
8-8-2020,25.52,Lifeline,10,6,2611,16
12-10-2022,7.4,Wraith,14,6,3941,7
26-7-2020,4.98,Bangalore,1,8,796,4
28-3-2021,15.17,Gibraltar,11,3,2794,10
29-11-2022,2.92,Bloodhound,6,2,814,5
19-11-2021,26.51,Wraith,2,10,1053,15
2-5-2019,12.35,Ash,12,4,2454,12
15-10-2019,14.87,Wattson,3,5,722,11
14-8-2020,8.19,Pathfinder,1,5,973,7
9-11-2021,15.66,Bangalore,6,1,848,11
26-4-2020,26.77,Wraith,2,4,455,5
20-5-2022,11.71,Lifeline,5,4,1963,10
29-3-2021,22.23,Wraith,2,3,446,2
12-12-2022,5.77,Gibraltar,1,1,401,13
4-4-2021,15.05,Bloodhound,1,1,259,5
19-2-2020,6.97,Lifeline,12,9,4519,19
20-2-2022,10.46,Bloodhound,1,1,117,5
20-2-2022,26.9,Wattson,4,6,1208,2
19-11-2020,28.94,Wattson,6,3,1289,1
1-6-2020,1.04,Ash,0,7,790,6
25-6-2021,6.43,Wattson,0,9,437,3
11-7-2022,4.5,Wraith,10,2,1330,11
19-2-2020,14.39,Ash,4,17,3089,3
21-11-2020,22.83,Ash,9,12,3519,10
1-4-2021,29.93,Wraith,12,15,3959,2
3-2-2020,20.77,Wattson,10,5,2041,14
25-7-2019,28.71,Lifeline,14,9,1278,2
10-10-2020,25.18,Wattson,2,5,969,8
7-8-2019,3.35,Bangalore,3,2,892,15
3-7-2020,12.12,Bangalore,3,4,677,3
9-3-2022,3.63,Bloodhound,1,3,388,20
20-12-2021,24.28,Wraith,13,4,2425,14
20-9-2020,25.59,Wattson,15,10,4992,5
9-7-2019,19.93,Bloodhound,3,12,1633,14
8-5-2022,15.31,Wraith,15,9,4258,4
5-9-2019,9.61,Bloodhound,1,1,286,15
3-4-2019,0.83,Ash,10,13,1403,6
16-5-2020,7.86,Gibraltar,1,5,821,6
10-12-2022,15.54,Wraith,3,11,1178,9
15-4-2021,5.28,Gibraltar,1,9,1086,20
14-8-2019,19.26,Lifeline,6,1,658,6
17-6-2020,29.5,Gibraltar,3,10,2080,8
28-4-2021,0.24,Wattson,0,4,486,7
26-12-2021,11.35,Pathfinder,14,6,2266,10
2-4-2022,1.38,Bangalore,2,1,402,13
19-1-2020,13.56,Bangalore,1,1,252,7
25-6-2022,23.27,Ash,8,7,3184,9
1-5-2020,29.22,Lifeline,2,18,3293,6
22-7-2020,24.37,Wraith,2,4,1070,6
8-12-2022,25.92,Pathfinder,3,16,1553,14
14-11-2019,17.59,Ash,5,5,1112,9
27-7-2019,27.87,Pathfinder,12,3,3426,10
31-12-2022,29.03,Wraith,14,3,1460,16
27-4-2020,19.36,Bangalore,4,1,928,19
14-10-2019,21.8,Bangalore,6,6,2514,11
19-7-2022,5.54,Lifeline,1,3,622,3
28-1-2021,12.25,Wattson,5,6,1389,1
31-3-2019,14.25,Gibraltar,1,7,1250,12
23-9-2020,9.5,Bangalore,4,1,883,15
28-4-2021,0.67,Bloodhound,0,4,326,5
13-5-2022,11.34,Wraith,2,6,452,3
19-12-2019,7.92,Wraith,13,1,2625,9
11-3-2019,15.62,Bloodhound,9,2,2002,7
21-6-2020,24.17,Pathfinder,10,4,1966,9
10-10-2021,1.01,Bangalore,0,7,449,18
13-10-2022,3.13,Gibraltar,9,3,2367,4
11-10-2022,19.77,Bangalore,1,1,330,15
13-9-2022,22.38,Wattson,9,4,2023,12
24-10-2019,23.75,Wattson,5,2,556,8
14-3-2019,11.85,Pathfinder,1,5,832,16
29-8-2022,5.42,Bangalore,0,17,2969,5
13-4-2021,4.63,Ash,1,7,1381,19
24-2-2022,23.39,Lifeline,7,5,1167,11
27-2-2020,23.07,Wraith,2,2,798,15
11-9-2022,3.45,Ash,1,17,2801,8
2-1-2021,29.06,Ash,3,20,4485,17
1-9-2021,22.09,Lifeline,20,16,7036,13
3-10-2022,13.48,Wraith,1,14,1323,9
27-4-2021,17.99,Bloodhound,14,1,1133,7
24-11-2022,0.91,Bloodhound,9,4,2540,15
18-3-2022,12.42,Pathfinder,1,3,701,1
26-11-2021,9.39,Ash,0,1,107,13
2-8-2022,24.73,Bangalore,6,2,1510,16
15-9-2021,3.93,Pathfinder,0,14,2262,19
28-7-2019,5.35,Wraith,9,1,881,17
16-9-2022,22.72,Bangalore,3,4,409,3
29-10-2019,14.03,Bangalore,4,10,1095,4
3-3-2020,28.81,Ash,12,2,2253,9
8-12-2019,24.05,Wattson,14,12,4389,3
12-8-2020,3.42,Pathfinder,3,9,982,10
21-6-2021,22.42,Bangalore,2,4,970,12
15-4-2020,25.95,Wattson,14,2,2230,18
17-2-2021,7.47,Pathfinder,12,7,3782,14
26-3-2021,20.34,Wraith,7,13,3003,10
17-6-2019,8.63,Pathfinder,3,6,1682,20
27-3-2021,18.67,Pathfinder,2,3,297,2
28-6-2021,10.05,Pathfinder,5,1,1234,18
20-7-2020,24.37,Bloodhound,3,2,490,20
7-4-2020,7.98,Bangalore,3,15,2149,12
27-7-2019,20.98,Ash,2,9,1558,15
28-4-2019,10.67,Wraith,1,10,1553,12
20-3-2022,15.07,Bangalore,13,1,2213,1
3-11-2022,29.99,Ash,9,2,941,9
6-4-2021,29.82,Bangalore,4,18,1120,2
4-11-2021,7.11,Pathfinder,16,7,3229,12
14-12-2019,27.38,Wattson,13,2,2496,4
14-5-2021,3.31,Pathfinder,3,4,533,14
29-10-2019,2.82,Bangalore,3,2,737,9
5-10-2021,24.79,Ash,3,4,1098,10
7-10-2021,22.83,Wraith,3,15,923,16
24-10-2020,23.32,Wattson,9,2,2392,3
30-4-2021,14.96,Ash,14,3,3646,13
8-8-2019,7.05,Ash,5,0,904,18
16-11-2022,22.19,Ash,2,5,637,2
2-5-2021,8.46,Gibraltar,0,0,0,10
22-3-2021,29.08,Pathfinder,13,4,1638,14
15-3-2021,11.66,Wraith,1,3,244,18
18-8-2019,23.23,Pathfinder,3,2,361,15
4-8-2019,13.23,Ash,10,2,1739,4
21-11-2022,3.27,Lifeline,11,1,2290,6
18-11-2021,5.33,Wattson,7,0,862,10
4-12-2021,10.49,Wattson,1,9,1541,18
28-9-2019,9.3,Gibraltar,6,2,1747,16
6-10-2020,27.98,Ash,4,6,2020,12
27-4-2021,9.77,Pathfinder,18,2,3359,2
24-1-2020,16.66,Wattson,4,3,674,12
30-11-2021,7.7,Gibraltar,6,5,1847,19
12-9-2022,10.49,Gibraltar,9,11,3005,18
17-1-2020,23.11,Ash,2,3,995,19
19-3-2021,2.85,Ash,2,3,995,10
2-3-2022,16.26,Wraith,10,7,3311,13
30-12-2019,9.4,Bangalore,4,2,409,18
22-2-2019,25.14,Wattson,5,8,1792,6
29-9-2021,12.87,Pathfinder,16,9,2066,4
14-1-2020,10.15,Wattson,3,13,1768,15
6-11-2019,6.95,Bangalore,19,0,4247,8
20-2-2019,10.19,Lifeline,8,1,824,15
29-6-2020,19.25,Wattson,5,2,831,5
22-7-2021,14.99,Bloodhound,1,6,1166,4
8-11-2020,4.41,Pathfinder,15,1,1086,6
4-4-2020,10.26,Wraith,1,2,363,14
11-10-2021,5.38,Lifeline,16,4,3266,5
18-11-2019,27.58,Bangalore,3,5,770,14
4-8-2020,28.02,Wattson,7,3,1347,7
29-1-2021,29.54,Bangalore,14,5,2577,11
29-12-2022,3.65,Pathfinder,0,18,2981,8
15-12-2021,8.56,Wraith,3,10,1744,15
7-4-2021,0.33,Lifeline,13,8,1572,18
21-9-2019,9.9,Wraith,7,4,2343,12
7-3-2022,6.05,Bloodhound,2,0,240,17
18-5-2022,14.4,Pathfinder,3,8,2033,1
11-6-2020,17.62,Pathfinder,4,4,1550,20
7-9-2019,21.22,Wraith,12,3,2470,19
19-4-2019,10.43,Ash,11,12,3107,4
9-1-2021,3.57,Bloodhound,14,0,1499,6
28-5-2019,15.66,Bangalore,6,1,713,2
11-5-2022,21.82,Wraith,4,11,1502,15
20-7-2021,11.7,Ash,11,9,4014,9
21-10-2019,14.77,Wattson,1,3,528,15
5-11-2019,14.5,Gibraltar,6,2,1506,13
29-10-2021,3.47,Gibraltar,10,1,659,12
25-10-2019,14.41,Gibraltar,2,1,493,13
24-10-2020,14.43,Wattson,17,3,2288,17
14-8-2021,16.49,Lifeline,2,2,254,3
11-7-2019,11.81,Ash,16,13,3491,5
12-11-2020,28.67,Wraith,3,14,1846,15
12-8-2022,23.97,Bloodhound,3,2,831,7
29-8-2019,26.92,Ash,2,5,1142,12
23-12-2021,12.94,Bloodhound,1,7,815,10
18-1-2021,6.53,Lifeline,0,6,389,20
12-12-2022,8.71,Pathfinder,3,0,553,18
7-12-2019,20.39,Lifeline,3,4,469,19
11-10-2021,27.11,Bangalore,3,2,512,15
16-3-2022,1.15,Wraith,3,3,1004,4
21-10-2019,12.88,Wattson,10,4,2105,13
19-10-2020,4.97,Bangalore,3,4,778,1
13-8-2022,3.77,Gibraltar,12,3,3299,20
2-12-2020,29.87,Pathfinder,4,9,2301,7
8-2-2021,27.32,Wraith,15,10,3085,8
21-12-2020,13.98,Bangalore,7,8,2497,10
18-6-2022,20.24,Lifeline,3,7,1500,16
23-2-2021,13.94,Pathfinder,5,3,1495,4
22-6-2019,4.33,Gibraltar,8,3,920,19
24-5-2020,26.38,Wraith,2,5,545,10
2-7-2019,22.97,Bangalore,11,5,2754,20
28-8-2021,25.83,Wraith,8,2,1399,19
2-6-2022,27.06,Bloodhound,4,3,514,6
30-6-2019,25.17,Ash,11,9,1832,1
23-12-2019,11.44,Bloodhound,1,10,943,14
4-9-2022,14.04,Bloodhound,5,7,2251,13
13-1-2022,12.65,Wattson,10,2,1515,18
29-8-2020,10.11,Pathfinder,1,4,637,9
28-5-2021,8.13,Ash,1,6,611,2
14-2-2019,4.68,Gibraltar,0,7,420,1
8-8-2022,8.09,Gibraltar,7,3,2003,9
6-11-2022,8.43,Lifeline,4,5,587,11
14-6-2022,0.06,Pathfinder,0,8,428,19
8-2-2022,1.61,Pathfinder,2,1,357,14
21-9-2021,3.61,Bloodhound,3,3,1008,15
9-11-2019,17.23,Wraith,3,1,407,2
27-11-2019,22.55,Bangalore,2,5,832,9
14-5-2020,9.46,Wraith,0,7,1273,15
30-3-2019,6.61,Wattson,12,7,4076,10
17-5-2022,3.2,Ash,11,5,1447,13
5-7-2021,11.51,Lifeline,8,1,627,20
29-5-2021,7.28,Bloodhound,9,1,2113,16
29-6-2022,0.72,Bangalore,4,2,375,13
17-7-2019,9.91,Gibraltar,0,8,810,19
2-9-2022,12.57,Pathfinder,5,1,481,18
3-8-2021,28.23,Bangalore,3,12,1565,16
19-12-2019,14.29,Gibraltar,9,2,1356,13
6-5-2022,17.53,Bloodhound,12,17,4990,10
23-11-2021,23.71,Lifeline,4,2,984,5
13-11-2019,3.24,Gibraltar,13,6,1577,12
22-9-2021,1.5,Pathfinder,11,11,2999,7
25-2-2019,29.03,Wraith,18,19,5328,16
1-3-2020,20.17,Bangalore,5,2,1385,3
26-2-2021,24.74,Gibraltar,3,11,2647,6
24-7-2019,17.53,Ash,4,4,1333,18
10-2-2021,9.06,Wraith,3,15,2445,19
28-12-2020,16.62,Bangalore,3,15,2555,12
6-7-2020,6.07,Ash,4,0,464,14
29-7-2020,29.35,Bloodhound,6,4,2062,1
16-1-2021,1.46,Wraith,4,6,2065,10
2-3-2019,29.67,Pathfinder,12,8,1342,8
5-8-2021,28.68,Bangalore,3,19,1558,11
28-11-2022,14.85,Ash,12,7,1801,6
3-8-2020,15.88,Wattson,9,1,1750,1
28-5-2019,23.99,Gibraltar,4,13,1042,18
11-10-2021,5.75,Lifeline,1,4,273,9
22-10-2021,18.11,Pathfinder,12,2,1997,7
13-7-2021,15.56,Ash,4,2,779,8
2-4-2021,5.9,Wattson,17,3,4400,19
4-12-2019,1.68,Bloodhound,0,0,0,19
7-6-2021,21.38,Bangalore,5,12,2469,2
24-9-2022,0.26,Ash,4,6,1721,8
10-9-2022,10.6,Wattson,5,5,1796,13
28-7-2021,1.54,Pathfinder,0,1,122,8
10-2-2019,13.68,Lifeline,12,5,1417,14
29-1-2020,29.77,Bangalore,4,2,1003,15
18-4-2021,22.43,Ash,6,3,1467,18
10-12-2021,23.28,Wraith,6,2,1030,6
28-10-2021,24.71,Bangalore,2,6,1539,20
8-9-2020,22.48,Lifeline,4,4,617,2
16-5-2021,24.86,Pathfinder,3,8,586,2
9-10-2022,22.03,Wattson,14,2,1879,18
18-10-2020,4.38,Ash,1,0,114,20
21-12-2019,12.81,Lifeline,8,3,893,14
24-8-2021,17.33,Ash,6,11,1812,11
23-1-2020,0.86,Pathfinder,1,3,353,2
20-9-2021,25.59,Lifeline,7,5,1445,10
10-6-2022,22.66,Wraith,2,5,620,16
18-2-2020,23.96,Gibraltar,7,17,1674,10
19-12-2019,15.3,Pathfinder,2,6,1348,18
31-5-2020,2.73,Bangalore,6,0,1192,11
9-7-2019,5.38,Gibraltar,17,0,2911,12
31-7-2021,11.88,Bloodhound,8,3,1897,3
24-1-2021,18.23,Ash,18,1,4227,11
25-4-2020,20.93,Lifeline,4,7,644,14
15-5-2022,2.93,Pathfinder,4,9,2235,19
6-2-2020,16.02,Gibraltar,10,3,2245,11
11-3-2021,20.55,Lifeline,2,12,1882,7
3-7-2019,5.69,Bloodhound,6,0,1104,15
14-5-2022,28.9,Ash,16,16,3007,3
11-12-2022,9.64,Bangalore,1,15,2065,3
5-12-2019,8.94,Wraith,1,16,3224,18
24-6-2022,24.2,Wraith,13,13,4755,13
25-12-2019,21.58,Lifeline,8,7,876,12
19-8-2020,2.43,Lifeline,3,4,1276,1
15-6-2020,2.77,Lifeline,4,2,1035,3
25-9-2021,6.0,Bloodhound,12,7,1731,5
30-4-2021,15.02,Bloodhound,1,12,1777,4
8-9-2019,25.42,Pathfinder,3,21,1187,19
1-2-2021,17.14,Pathfinder,11,2,1307,8
29-4-2021,3.28,Wraith,4,9,2647,1
22-6-2021,18.64,Bangalore,2,10,667,3
9-12-2021,24.55,Ash,6,8,2644,11
8-2-2022,8.38,Bangalore,4,11,2510,17
13-1-2021,0.59,Wraith,4,0,703,7
19-10-2019,20.24,Bloodhound,6,12,2439,15
23-3-2022,2.88,Ash,13,6,1465,5
15-11-2022,1.21,Bangalore,6,4,2054,19
2-10-2020,6.44,Pathfinder,4,2,891,1
23-1-2022,4.19,Bloodhound,0,0,0,3
6-11-2020,28.59,Ash,8,2,2062,2
29-7-2020,28.4,Wraith,4,4,714,13
26-1-2020,7.06,Pathfinder,7,0,805,11
3-4-2021,25.14,Gibraltar,16,9,3902,12
20-7-2020,14.03,Pathfinder,3,3,1197,6
29-11-2020,18.35,Gibraltar,13,1,823,20
22-7-2019,9.73,Wattson,2,0,405,18
26-12-2022,12.06,Wattson,1,9,805,14
30-7-2019,3.96,Lifeline,1,15,910,16
31-12-2019,26.06,Gibraltar,4,13,1555,13
2-4-2020,19.58,Pathfinder,1,13,1029,14
4-4-2021,4.0,Wattson,2,2,385,13
11-8-2021,8.83,Gibraltar,15,11,5280,8
22-4-2021,13.98,Gibraltar,1,8,1652,10
24-9-2019,4.18,Bangalore,10,5,929,6
29-9-2020,2.45,Gibraltar,0,10,1505,8
9-6-2019,25.63,Pathfinder,7,5,921,9
10-11-2021,7.97,Wattson,2,8,1688,3
18-5-2021,25.82,Bangalore,3,4,964,19
30-6-2022,22.01,Wraith,9,2,1742,14
11-3-2020,29.74,Wattson,8,14,3957,6
22-7-2019,3.44,Bloodhound,6,7,1955,3
25-3-2020,13.49,Lifeline,3,5,1104,5
15-2-2019,2.13,Ash,0,15,1763,4
27-10-2022,27.85,Ash,4,14,2712,16
11-3-2021,5.36,Lifeline,5,1,1266,16
5-11-2020,18.62,Ash,8,3,1607,6
11-8-2019,24.02,Wattson,3,3,1285,6
29-10-2021,3.86,Lifeline,2,2,658,8
25-10-2020,7.75,Pathfinder,7,2,1285,3
14-5-2019,25.9,Lifeline,7,9,2150,19
6-9-2019,6.86,Bloodhound,10,12,2790,5
7-8-2021,3.71,Pathfinder,3,14,2627,14
8-8-2021,28.57,Bangalore,4,17,1755,5
3-9-2020,22.05,Bangalore,10,5,1104,16
22-9-2021,5.76,Ash,4,2,937,14
8-9-2021,12.22,Gibraltar,7,15,4619,11
8-8-2022,10.83,Wraith,15,17,4269,20
5-3-2020,4.75,Pathfinder,0,0,0,19
27-11-2020,0.66,Lifeline,5,4,1701,13
20-12-2021,24.43,Wattson,3,3,1064,6
15-2-2019,29.58,Wraith,4,7,2284,10
4-6-2021,24.46,Wattson,14,2,2177,1
16-2-2019,26.16,Bloodhound,5,3,801,15
12-6-2019,6.24,Pathfinder,7,0,851,16
24-9-2020,18.94,Pathfinder,4,1,584,20
26-3-2021,23.87,Wraith,10,3,2767,7
30-1-2022,7.07,Wraith,2,11,2390,3
22-12-2022,8.7,Pathfinder,2,8,1549,20
5-4-2021,2.34,Lifeline,1,4,832,6
12-2-2020,8.23,Bloodhound,13,2,1522,11
30-4-2021,21.28,Gibraltar,3,11,1576,13
8-12-2021,1.81,Wraith,7,0,667,3
2-6-2022,6.85,Lifeline,3,2,663,12
25-5-2019,22.1,Lifeline,2,13,1606,19
19-2-2019,20.04,Bloodhound,6,14,4051,9
17-10-2020,10.36,Pathfinder,2,6,799,13
4-3-2021,29.53,Lifeline,2,2,745,10
18-10-2022,23.05,Lifeline,9,9,993,18
30-5-2021,26.68,Ash,8,19,4007,5
14-1-2022,14.22,Bangalore,3,4,442,17
19-10-2022,5.2,Ash,5,6,1841,11
3-3-2019,15.25,Wattson,7,11,2501,3
11-9-2022,28.11,Ash,7,8,1007,11
23-12-2019,28.2,Bloodhound,2,17,1936,12
16-12-2020,18.48,Lifeline,10,8,3659,9
10-12-2019,27.91,Wraith,10,12,3000,3
7-12-2021,20.17,Bloodhound,3,15,1765,14
12-11-2022,18.63,Gibraltar,10,3,2812,16
23-2-2022,26.05,Ash,7,12,2551,15
13-8-2021,5.41,Pathfinder,18,11,4020,17
11-12-2020,14.19,Ash,4,6,1642,9
1-7-2020,27.06,Wraith,2,6,1096,18
18-11-2022,17.34,Bloodhound,7,3,1147,10
17-9-2019,11.97,Pathfinder,3,2,518,14
10-3-2019,4.54,Pathfinder,2,0,248,6
22-3-2022,1.55,Ash,15,2,2142,1
17-1-2021,7.98,Pathfinder,1,3,413,19
4-4-2020,10.05,Bloodhound,12,2,1392,4
21-10-2021,11.86,Bangalore,2,12,2286,18
24-12-2021,5.46,Wattson,0,1,152,8
9-7-2021,2.59,Pathfinder,1,7,1330,2
18-9-2020,2.91,Gibraltar,4,15,2859,6
10-1-2022,4.23,Bloodhound,9,0,848,7
7-9-2021,25.1,Bloodhound,6,4,1738,4
9-11-2022,13.58,Ash,14,10,2349,19
30-11-2020,0.31,Wraith,8,0,1824,17
20-10-2021,2.44,Bangalore,8,0,1627,19
23-4-2022,25.45,Bangalore,3,3,976,10
14-10-2022,1.03,Lifeline,2,6,680,8
1-8-2022,2.51,Wattson,5,0,945,11
10-6-2022,29.3,Pathfinder,3,9,1454,15
11-7-2020,28.38,Gibraltar,4,5,1539,8
31-10-2021,18.75,Bloodhound,1,1,304,14
2-2-2022,29.39,Bangalore,11,2,2813,7
31-10-2019,18.14,Gibraltar,4,3,587,19
16-5-2019,8.1,Lifeline,8,11,1972,9
23-6-2021,0.44,Pathfinder,9,4,843,19
16-7-2022,16.42,Wraith,11,4,1781,16
16-12-2020,14.47,Bangalore,2,1,327,11
18-7-2020,15.11,Bloodhound,1,8,562,13
26-8-2022,9.27,Gibraltar,1,1,275,12
5-10-2021,14.67,Bloodhound,6,15,3150,8
1-10-2021,9.7,Lifeline,5,0,999,19
20-1-2020,26.23,Wraith,9,13,4066,16
9-12-2022,19.76,Lifeline,1,9,979,6
19-4-2019,11.15,Wattson,9,1,2049,5
12-7-2019,2.31,Wattson,15,4,2627,10
27-1-2022,15.2,Wraith,4,13,2536,11
13-12-2022,11.75,Lifeline,1,2,237,9
17-10-2019,2.08,Wraith,3,0,556,1
22-5-2022,17.99,Wraith,9,14,2494,6
1-5-2019,26.19,Gibraltar,14,5,3399,14
9-10-2020,11.05,Wraith,8,17,3847,13
7-3-2022,8.22,Wattson,7,4,2013,19
31-10-2019,9.08,Bloodhound,1,2,488,11
7-4-2019,3.18,Gibraltar,8,5,2491,4
18-7-2022,8.48,Lifeline,1,1,421,20
13-5-2020,19.15,Wattson,14,3,2471,11
5-1-2020,10.64,Pathfinder,14,5,3363,10
21-3-2021,2.68,Bangalore,12,1,774,3
30-7-2020,2.23,Lifeline,6,1,1066,13
14-7-2021,0.42,Wattson,12,1,759,17
22-2-2021,8.91,Ash,1,2,554,18
27-5-2019,19.37,Wattson,17,8,2295,4
22-4-2022,8.05,Gibraltar,3,4,759,13
5-8-2020,8.45,Bangalore,10,2,2675,5
8-4-2020,24.75,Gibraltar,2,7,1321,9
18-7-2019,0.8,Gibraltar,16,10,4847,19
22-7-2021,1.89,Bloodhound,0,7,1116,15
14-11-2021,15.95,Pathfinder,3,1,888,2
11-6-2021,5.69,Pathfinder,4,2,879,19
10-4-2019,18.42,Bloodhound,1,1,309,2
10-5-2019,13.19,Lifeline,6,14,1267,4
5-6-2020,4.86,Wraith,1,1,296,18
13-1-2020,20.98,Lifeline,2,5,484,2
3-11-2019,9.44,Lifeline,0,4,457,4
29-10-2022,4.81,Ash,2,5,406,8
20-6-2021,18.17,Ash,1,16,1212,17
20-3-2020,26.43,Gibraltar,5,6,1368,14
30-6-2020,22.86,Wraith,13,2,2239,5
29-3-2020,8.61,Bloodhound,13,1,1302,11
15-6-2020,13.21,Pathfinder,1,20,3181,14
9-12-2022,11.64,Bangalore,6,4,1913,6
13-10-2022,13.1,Lifeline,3,6,816,11
12-6-2020,18.52,Ash,7,2,823,20
19-3-2020,23.74,Wraith,9,13,1563,11
29-1-2022,18.8,Lifeline,3,1,337,13
28-7-2020,4.87,Pathfinder,14,0,2759,12
5-9-2019,1.53,Wattson,1,0,101,13
15-2-2020,21.65,Gibraltar,4,12,3080,20
6-5-2020,18.9,Ash,8,10,2635,15
2-7-2020,5.28,Gibraltar,1,1,287,14
1-2-2022,22.4,Ash,6,2,479,2
7-11-2019,18.98,Wraith,3,2,532,6
2-9-2019,11.44,Ash,6,1,487,4
20-5-2019,10.84,Bangalore,2,6,1026,5
12-2-2020,4.47,Lifeline,9,1,1215,20
26-11-2020,18.79,Bangalore,4,13,1117,2
22-4-2021,4.39,Wattson,7,4,1686,6
7-9-2019,23.16,Gibraltar,3,9,1269,3
8-7-2022,13.92,Bloodhound,6,12,2195,12
11-6-2022,2.5,Wattson,7,12,3142,9
25-3-2019,15.41,Wattson,1,7,1148,10
11-9-2022,22.24,Gibraltar,12,13,3375,8
29-1-2021,19.61,Gibraltar,1,8,1726,12
16-10-2021,13.9,Bloodhound,9,4,1424,6
18-10-2019,2.92,Wraith,0,11,885,5
16-10-2020,24.6,Gibraltar,7,9,2411,8
30-11-2019,0.99,Pathfinder,0,7,1287,15
5-8-2019,20.34,Pathfinder,6,7,2095,2
25-3-2019,6.55,Ash,8,4,1924,13
26-8-2021,13.18,Wattson,5,5,990,14
9-9-2022,10.56,Bangalore,1,3,609,9
3-11-2022,3.98,Wraith,5,1,1216,16
5-7-2022,8.29,Ash,9,17,3724,11
10-9-2021,20.75,Bangalore,5,3,1635,18
18-4-2020,24.52,Wattson,5,18,3341,8
2-7-2020,1.89,Bangalore,12,2,1124,12
27-8-2022,7.78,Wattson,6,2,932,1
2-4-2020,11.51,Gibraltar,5,6,2161,7
21-12-2019,20.37,Bloodhound,5,2,614,7
6-2-2020,20.5,Bloodhound,2,2,626,4
28-5-2020,11.71,Wattson,2,6,1241,5
13-9-2020,7.18,Gibraltar,4,0,614,16
10-12-2019,24.87,Bangalore,6,5,2236,19
27-9-2022,0.46,Pathfinder,2,2,531,6
17-11-2019,26.86,Gibraltar,2,6,1075,12
6-6-2021,12.36,Bloodhound,1,2,404,8
19-6-2021,13.45,Bangalore,1,2,566,6
15-1-2022,19.15,Wattson,3,7,2060,11
16-4-2019,29.08,Lifeline,13,4,3049,4
27-6-2020,5.23,Bangalore,1,15,2670,2
28-12-2019,6.65,Ash,5,8,734,15
18-1-2022,29.72,Lifeline,7,2,1197,6
3-3-2021,23.76,Ash,16,2,3978,7
16-6-2022,15.96,Pathfinder,11,2,2208,11
19-9-2020,22.24,Wraith,7,17,3786,4
17-9-2020,12.37,Gibraltar,2,9,1251,19
12-10-2021,23.68,Bangalore,10,2,1219,18
5-3-2019,10.83,Pathfinder,3,7,1859,5
25-2-2021,28.68,Pathfinder,5,3,783,17
25-9-2021,25.5,Wattson,5,12,3206,17
14-7-2021,10.33,Ash,1,1,275,1
14-5-2021,21.7,Lifeline,6,2,677,9
1-11-2021,28.66,Wraith,5,8,2232,14
21-10-2022,14.4,Bloodhound,16,4,1312,1
17-3-2020,2.05,Gibraltar,6,3,1545,15
28-7-2020,5.79,Bloodhound,1,19,2923,10
10-9-2022,0.96,Lifeline,5,1,458,2
21-5-2022,12.28,Wattson,6,13,3759,1
16-4-2020,13.89,Bloodhound,4,10,2156,4
22-9-2020,5.53,Wattson,1,16,1865,12
7-10-2020,1.67,Gibraltar,0,5,718,5
17-10-2020,11.7,Bloodhound,1,2,454,16
30-10-2020,27.38,Pathfinder,13,2,1533,13
10-7-2022,24.93,Wraith,2,4,427,19
17-9-2021,1.61,Wraith,1,2,559,19
23-5-2021,19.28,Ash,11,1,2305,12
1-11-2019,2.96,Pathfinder,0,1,136,1
22-6-2022,26.03,Ash,15,15,5477,1
26-3-2022,21.06,Bloodhound,12,11,2776,14
16-11-2022,13.99,Lifeline,3,8,1722,11
7-2-2020,0.43,Lifeline,1,3,697,15
5-12-2021,7.76,Gibraltar,7,12,1508,16
31-8-2022,5.44,Pathfinder,6,3,1770,10
20-8-2021,25.17,Pathfinder,2,10,1917,2
29-4-2020,20.34,Gibraltar,3,3,864,15
16-12-2022,4.27,Lifeline,0,2,146,19
3-2-2020,14.26,Bangalore,1,6,1106,9
18-12-2019,4.5,Lifeline,0,0,0,3
12-9-2019,3.6,Bangalore,0,7,843,2
16-8-2022,27.35,Lifeline,15,14,2917,16
10-11-2019,13.85,Wraith,7,10,2875,15
24-12-2022,5.19,Ash,10,9,2859,11
25-12-2022,19.77,Wattson,4,5,679,11
19-1-2020,11.6,Wattson,2,3,662,14
14-2-2022,8.5,Lifeline,0,8,1331,17
19-5-2020,18.15,Pathfinder,9,7,2251,11
2-10-2019,7.54,Wattson,4,1,570,3
18-10-2019,20.21,Lifeline,15,14,4705,18
17-7-2022,7.23,Bangalore,5,5,831,3
15-6-2022,24.01,Ash,3,9,2379,9
22-8-2020,19.04,Wattson,1,5,741,7
17-12-2021,17.23,Bangalore,4,2,1157,2
3-8-2020,19.45,Bangalore,1,1,247,11
10-1-2020,19.37,Ash,13,6,3994,9
30-8-2019,5.18,Gibraltar,11,3,1364,2
23-9-2019,13.85,Bloodhound,2,8,1765,17
20-5-2021,25.71,Ash,5,4,1195,18
19-4-2022,1.56,Ash,5,5,627,9
19-8-2019,12.69,Gibraltar,3,2,697,3
23-7-2022,5.59,Pathfinder,9,1,959,17
10-1-2022,25.74,Pathfinder,3,11,1260,16
19-8-2022,7.78,Wattson,12,7,3498,17
28-11-2019,25.75,Wattson,11,12,1663,12
16-5-2022,16.51,Bangalore,3,9,592,2
18-9-2020,6.74,Wattson,6,0,648,14
17-3-2022,9.07,Ash,5,2,1339,4
30-8-2019,11.57,Gibraltar,8,3,1876,14
29-7-2019,27.7,Bloodhound,5,4,687,20
23-3-2020,15.0,Ash,3,4,686,15
26-7-2020,28.6,Ash,15,3,2051,11
6-12-2022,3.09,Bangalore,8,9,2041,8
26-2-2021,19.75,Gibraltar,5,3,693,5
30-5-2022,4.95,Bloodhound,7,13,3454,18
29-12-2020,24.59,Gibraltar,2,13,1812,4
31-5-2020,11.38,Pathfinder,1,11,1617,12
3-11-2022,23.18,Pathfinder,8,2,1351,17
2-3-2020,23.4,Bloodhound,3,16,2905,6
8-11-2020,24.46,Pathfinder,3,9,2245,3
30-11-2019,7.2,Pathfinder,0,2,256,18
14-11-2019,2.03,Wattson,4,4,664,4
7-5-2022,13.17,Bangalore,6,10,2913,10
25-9-2022,12.4,Bangalore,10,1,2379,9
27-12-2019,13.14,Bloodhound,7,7,2689,20
22-12-2022,3.07,Wraith,2,0,283,5
26-12-2021,11.68,Ash,2,15,1377,2
