21-5-2020,26.02,Octane,5,5,1996,5
18-1-2022,29.86,Octane,12,3,3067,20
2-12-2021,13.83,Pathfinder,4,1,911,13
10-12-2021,9.49,Gibraltar,0,2,362,4
22-11-2022,4.44,Gibraltar,0,7,996,5
26-12-2019,23.27,Wraith,3,2,791,16
17-11-2019,7.8,Gibraltar,1,12,1160,12
21-10-2020,24.21,Lifeline,14,8,4078,18
10-12-2022,10.76,Bloodhound,12,15,2501,7
27-9-2020,24.26,Wattson,8,5,1357,11
15-2-2021,15.06,Gibraltar,5,2,700,2
4-2-2021,28.99,Lifeline,5,2,406,1
3-12-2020,8.48,Wraith,1,6,1366,17
22-3-2021,14.72,Gibraltar,7,13,1586,19
31-10-2020,7.97,Octane,0,1,99,6
11-11-2019,4.74,Octane,5,0,534,19
17-12-2021,14.0,Crypto,1,12,2314,1
16-8-2021,4.63,Wraith,1,9,1840,10
23-6-2019,12.64,Wraith,8,4,1996,9
8-7-2020,1.97,Gibraltar,8,5,2271,15
7-11-2019,4.64,Bangalore,2,1,608,12
18-10-2022,9.16,Bangalore,6,13,2968,1
11-7-2020,5.52,Gibraltar,0,0,0,19
13-6-2021,2.4,Wattson,7,16,4435,15
10-4-2019,17.58,Wattson,2,1,183,5
2-2-2020,7.8,Octane,0,2,363,9
19-3-2022,28.61,Pathfinder,5,8,1307,10
6-3-2020,22.8,Gibraltar,7,11,1071,4
2-12-2019,11.68,Wraith,3,3,784,7
25-6-2021,22.33,Octane,5,5,1534,19
15-2-2020,21.08,Pathfinder,19,13,3550,6
25-7-2021,5.98,Wraith,5,19,3371,8
22-3-2019,20.69,Octane,5,10,1204,17
21-10-2022,14.98,Pathfinder,1,10,2011,4
11-11-2021,29.8,Bloodhound,4,4,1405,1
31-12-2019,9.81,Gibraltar,5,0,696,5
20-11-2020,14.46,Wattson,13,10,2664,20
30-10-2019,2.13,Bloodhound,3,0,579,10
23-7-2022,22.62,Lifeline,17,2,4203,8
29-7-2019,25.74,Pathfinder,3,3,1226,18
28-8-2021,14.04,Octane,2,9,1912,9
29-10-2022,8.4,Wraith,0,19,2449,6
23-2-2019,3.79,Bangalore,0,0,0,9
1-10-2022,10.75,Bangalore,2,5,885,12
26-5-2022,1.99,Bangalore,3,1,853,10
3-6-2021,1.99,Crypto,3,3,538,8
8-2-2020,5.13,Wattson,8,0,528,10
3-1-2020,0.65,Wraith,2,2,230,6
14-2-2019,5.95,Wraith,7,1,1557,3
1-9-2020,15.36,Wattson,1,13,807,16
5-8-2021,28.37,Crypto,3,2,767,7
17-9-2022,9.54,Octane,9,2,871,7
2-7-2019,28.8,Lifeline,9,4,2785,8
10-3-2021,1.93,Lifeline,4,6,1320,6
14-2-2022,17.85,Wattson,4,5,1305,12
27-7-2020,26.72,Bangalore,7,3,1617,4
22-2-2019,23.12,Bangalore,8,6,2276,7
26-11-2019,1.81,Octane,7,4,1584,14
28-9-2022,3.84,Octane,0,1,115,19
1-7-2021,17.0,Gibraltar,3,16,1180,6
21-6-2021,9.24,Bangalore,1,1,247,16
18-10-2020,3.69,Octane,11,3,1636,15
13-9-2022,11.67,Gibraltar,2,17,2517,4
23-4-2020,28.57,Gibraltar,4,4,1633,6
11-11-2020,28.66,Lifeline,2,13,2760,16
26-12-2022,3.46,Crypto,12,5,1009,13
19-11-2020,4.57,Gibraltar,0,3,190,6
30-9-2020,16.69,Wraith,3,8,2002,11
21-7-2022,27.56,Pathfinder,4,4,462,10
10-3-2020,10.39,Lifeline,1,7,1434,13
29-1-2021,28.51,Bloodhound,14,10,3202,17
3-4-2020,20.08,Gibraltar,2,6,1219,18
14-7-2019,6.47,Bloodhound,4,13,965,10
4-4-2021,19.08,Crypto,9,10,3985,4
23-2-2019,25.29,Lifeline,16,4,1544,17
18-7-2020,26.64,Bangalore,7,8,2727,14
17-3-2021,13.86,Lifeline,5,6,1549,6
31-1-2020,14.13,Lifeline,1,5,972,1
27-3-2020,12.06,Bangalore,1,8,1036,11
13-1-2020,7.02,Gibraltar,2,0,382,4
18-4-2022,15.58,Wraith,1,1,427,2
30-10-2021,13.24,Gibraltar,1,2,645,14
20-4-2022,27.7,Bangalore,10,12,1237,17
30-12-2019,20.2,Bangalore,4,9,1024,2
19-7-2020,10.64,Crypto,1,8,820,15
27-12-2021,27.55,Bloodhound,2,6,848,13
24-2-2019,21.75,Bangalore,16,4,3724,9
19-8-2019,19.62,Wattson,1,9,1699,6
4-11-2022,14.06,Lifeline,1,2,478,6
15-3-2021,21.46,Gibraltar,3,7,1318,10
12-9-2022,25.51,Gibraltar,5,7,2195,13
4-12-2022,19.43,Bloodhound,1,1,363,11
20-6-2020,2.86,Pathfinder,0,2,220,17
21-10-2020,27.03,Octane,6,5,2319,6
15-7-2021,15.04,Wraith,11,6,2497,20
10-9-2022,26.41,Bloodhound,2,14,1666,7
21-4-2020,27.18,Gibraltar,13,6,4020,7
13-2-2021,15.31,Pathfinder,16,4,3833,13
23-3-2022,14.87,Wraith,6,20,1519,10
24-6-2021,5.18,Pathfinder,14,1,2550,15
15-7-2020,14.72,Bloodhound,3,9,1396,2
21-3-2021,10.93,Octane,3,12,961,14
9-3-2020,15.13,Gibraltar,19,4,2609,15
18-8-2021,24.5,Wattson,2,2,639,12
15-7-2022,12.48,Lifeline,3,5,729,2
27-9-2021,6.56,Bangalore,0,8,1312,12
25-11-2021,10.86,Bloodhound,1,3,700,15
5-12-2022,27.5,Wattson,2,2,595,10
10-7-2022,15.32,Pathfinder,2,14,2964,6
4-8-2020,29.73,Wraith,11,9,1480,7
22-3-2021,0.0,Wattson,1,0,74,10
2-4-2021,12.47,Bangalore,20,7,5329,13
28-7-2021,24.74,Lifeline,2,15,2495,13
19-9-2019,7.28,Bangalore,6,2,1742,2
1-4-2019,10.89,Octane,17,1,1859,7
11-2-2021,1.57,Bangalore,11,4,1495,20
29-5-2022,11.88,Octane,5,7,666,13
9-9-2022,18.52,Wattson,8,1,874,16
19-8-2021,21.02,Bangalore,3,3,825,18
16-10-2020,19.98,Lifeline,2,3,870,14
20-7-2020,19.02,Wattson,13,3,2888,2
17-4-2020,19.3,Lifeline,2,11,995,6
2-2-2021,3.24,Octane,3,1,616,2
29-10-2022,19.13,Wattson,5,8,2124,16
30-7-2021,28.43,Bloodhound,11,4,2849,17
30-12-2021,29.36,Octane,6,14,1185,18
13-4-2019,18.29,Wraith,2,1,254,6
15-10-2020,13.73,Bangalore,14,1,3181,5
16-1-2021,17.84,Bangalore,11,7,1540,15
13-6-2019,28.79,Bloodhound,2,9,637,19
2-8-2022,21.89,Octane,4,8,2422,13
28-12-2019,1.9,Wraith,5,7,1353,14
16-12-2020,4.61,Bloodhound,1,3,586,16
16-12-2021,3.99,Pathfinder,0,4,212,14
6-5-2021,17.7,Lifeline,12,1,1069,7
4-8-2020,22.24,Gibraltar,12,3,3111,15
15-3-2019,21.65,Lifeline,12,19,5323,11
26-11-2021,8.16,Bloodhound,8,0,1888,20
30-7-2022,13.33,Gibraltar,8,7,1541,18
22-10-2022,26.3,Bloodhound,12,2,891,4
12-6-2020,16.18,Wattson,5,1,904,11
3-7-2020,18.02,Bloodhound,6,3,871,12
21-4-2020,16.74,Octane,6,2,509,15
10-11-2021,26.01,Gibraltar,2,7,836,7
15-12-2019,8.08,Lifeline,3,2,524,11
16-3-2020,16.94,Octane,4,13,1444,16
26-5-2021,11.53,Bloodhound,15,4,3604,3
29-12-2021,13.83,Crypto,1,6,600,14
10-10-2021,12.01,Gibraltar,17,3,1866,4
5-11-2020,11.43,Octane,5,12,1481,16
17-4-2019,8.98,Gibraltar,1,0,139,3
10-11-2022,5.77,Crypto,6,1,630,20
26-6-2019,6.21,Wattson,11,2,2388,3
7-11-2022,12.95,Lifeline,6,9,1496,19
8-8-2022,24.12,Wraith,2,7,1140,5
29-3-2020,3.51,Crypto,4,10,910,6
17-7-2022,29.45,Wraith,2,5,884,12
9-1-2022,8.62,Bangalore,0,12,838,12
20-7-2019,9.6,Pathfinder,3,13,1417,18
15-6-2022,17.2,Bloodhound,11,3,2889,2
24-2-2020,9.95,Pathfinder,14,2,2713,6
15-7-2021,15.22,Gibraltar,11,3,3128,7
20-9-2022,4.5,Wraith,0,0,0,10
1-2-2021,13.95,Wraith,14,15,2040,15
26-7-2022,23.48,Bangalore,10,9,4114,10
21-6-2020,8.81,Wraith,1,0,229,14
29-9-2019,9.71,Wattson,1,1,171,11
12-3-2021,8.4,Octane,6,0,816,15
23-12-2021,20.29,Lifeline,16,2,3527,3
23-5-2022,14.18,Crypto,1,3,808,4
10-9-2021,22.91,Crypto,6,7,1378,6
2-9-2020,19.43,Wraith,9,3,2734,16
21-2-2019,12.8,Gibraltar,2,3,823,9
1-6-2020,22.07,Gibraltar,13,18,5666,4
23-4-2021,17.02,Bangalore,3,15,2488,17
10-9-2020,4.52,Gibraltar,2,2,380,2
5-1-2021,23.87,Crypto,4,2,381,7
28-8-2021,9.31,Pathfinder,0,0,0,1
12-10-2022,27.82,Pathfinder,11,18,2056,9
25-2-2019,7.62,Wattson,6,1,491,15
15-8-2019,11.27,Bangalore,2,4,546,20
2-10-2020,2.67,Bangalore,0,5,850,12
30-10-2020,2.71,Gibraltar,6,5,958,2
1-3-2022,2.21,Wraith,0,0,0,9
4-3-2019,29.71,Bangalore,2,13,2586,18
29-12-2020,27.53,Lifeline,5,6,765,12
14-11-2020,17.86,Lifeline,13,2,2242,15
3-6-2020,24.1,Octane,13,2,1812,17
28-7-2020,19.23,Pathfinder,5,15,1157,10
24-8-2019,5.13,Crypto,0,4,762,1
29-4-2021,6.99,Wraith,2,3,263,14
14-3-2019,9.62,Crypto,3,3,843,12
13-11-2022,8.21,Gibraltar,6,4,1251,11
26-9-2020,3.63,Pathfinder,0,7,452,12
15-1-2022,0.06,Wattson,3,13,1078,17
21-8-2020,2.72,Gibraltar,5,2,1276,4
27-7-2021,2.4,Wattson,2,1,572,11
24-8-2020,17.06,Lifeline,2,10,1397,15
20-7-2020,16.84,Gibraltar,2,11,1372,19
13-4-2019,5.17,Lifeline,3,4,937,2
2-11-2021,25.78,Lifeline,17,2,3988,2
20-6-2020,9.76,Bangalore,1,5,1067,9
21-3-2022,2.52,Bloodhound,2,8,689,12
26-4-2020,25.12,Pathfinder,3,3,662,1
2-3-2020,17.18,Pathfinder,8,10,2652,11
12-2-2022,10.35,Wattson,4,2,632,2
15-11-2020,9.75,Bangalore,8,2,1041,19
29-6-2021,2.76,Crypto,8,1,1371,13
13-9-2020,27.75,Lifeline,2,11,663,8
29-4-2022,7.44,Octane,5,0,667,8
15-6-2019,28.0,Wattson,4,2,336,4
19-12-2019,21.84,Bangalore,2,8,772,1
2-12-2021,17.97,Crypto,8,5,1921,8
28-2-2022,14.99,Bloodhound,10,10,1162,1
16-11-2020,29.07,Pathfinder,19,17,7361,7
14-1-2020,15.4,Gibraltar,2,10,606,16
7-3-2022,13.24,Pathfinder,3,2,1000,13
10-12-2021,18.06,Lifeline,5,8,2013,19
3-4-2022,18.19,Wattson,3,4,1270,1
8-10-2022,19.24,Lifeline,4,15,3390,19
24-2-2021,19.3,Gibraltar,6,7,1131,15
30-6-2022,10.76,Lifeline,3,17,3813,3
6-9-2022,29.48,Octane,3,3,1108,16
15-9-2020,6.78,Wattson,10,0,1721,12
16-7-2019,25.84,Crypto,8,2,1781,16
31-8-2021,5.81,Pathfinder,6,4,1884,5
19-11-2019,28.12,Bangalore,13,5,3085,7
30-8-2019,19.56,Bloodhound,3,3,867,4
28-3-2022,29.47,Wraith,4,4,491,18
29-4-2021,2.78,Pathfinder,1,12,2424,19
22-2-2019,2.59,Octane,0,7,1201,18
17-4-2021,24.28,Lifeline,12,12,2498,17
21-12-2022,28.77,Wattson,7,2,1493,13
22-12-2021,5.16,Crypto,0,6,497,1
4-12-2022,19.43,Pathfinder,14,1,2316,18
21-1-2022,10.99,Lifeline,16,2,3142,13
29-8-2021,20.99,Wattson,2,6,1020,18
13-12-2021,22.95,Wattson,19,14,4763,4
17-4-2019,18.31,Bloodhound,12,6,3901,16
13-7-2020,10.19,Crypto,7,3,1394,7
27-3-2021,23.91,Gibraltar,10,11,1546,10
18-12-2022,5.03,Octane,0,8,1080,12
3-8-2021,17.05,Pathfinder,2,3,613,2
18-7-2022,24.48,Wattson,5,5,1870,6
6-1-2022,13.95,Crypto,1,8,500,5
20-9-2022,12.64,Bangalore,11,2,2739,3
15-9-2019,0.21,Pathfinder,6,2,542,10
11-8-2022,3.22,Gibraltar,0,10,612,15
19-5-2022,12.91,Crypto,1,3,542,13
27-4-2019,11.33,Wraith,5,2,646,5
18-8-2021,29.19,Octane,18,2,2735,3
3-9-2022,5.4,Bangalore,9,0,839,13
25-1-2022,16.77,Pathfinder,10,8,1137,17
29-1-2021,29.33,Octane,2,5,1186,18
13-6-2021,28.15,Wraith,3,5,1503,12
12-6-2020,22.14,Crypto,5,4,679,4
6-7-2021,20.71,Crypto,5,9,2093,2
3-6-2020,27.47,Octane,13,6,3850,14
4-10-2020,4.64,Pathfinder,13,12,3597,3
23-9-2021,19.32,Bangalore,6,5,1770,6
12-4-2019,15.55,Lifeline,11,8,3294,9
18-11-2020,23.64,Gibraltar,8,5,1864,15
23-7-2019,24.25,Crypto,5,16,1183,8
24-2-2020,17.89,Octane,3,10,2487,17
1-11-2020,14.97,Octane,5,14,2253,13
3-12-2020,24.87,Bangalore,8,3,835,13
6-7-2019,27.09,Pathfinder,10,5,2113,8
27-2-2021,18.74,Octane,4,2,728,6
2-7-2021,17.21,Gibraltar,8,1,1738,19
4-2-2022,14.35,Bangalore,9,8,1052,10
14-8-2022,15.29,Gibraltar,13,1,1770,19
19-1-2020,5.78,Crypto,7,4,1965,5
25-12-2020,20.4,Pathfinder,12,3,1267,18
25-5-2021,3.45,Crypto,10,1,2185,7
11-1-2021,9.08,Lifeline,10,0,2232,8
9-7-2020,9.1,Bloodhound,2,15,3281,2
25-3-2020,14.82,Lifeline,2,1,566,13
1-12-2019,6.59,Pathfinder,6,10,2533,3
3-3-2019,11.68,Wattson,7,16,3493,1
2-1-2021,3.31,Lifeline,6,5,1211,13
9-11-2019,20.82,Lifeline,21,10,5684,7
21-2-2021,15.24,Bloodhound,1,3,775,2
15-6-2019,7.99,Pathfinder,6,0,612,15
17-9-2020,3.6,Gibraltar,0,1,174,7
15-6-2019,21.76,Crypto,5,4,1699,14
19-6-2022,15.46,Crypto,10,4,2384,3
18-8-2022,27.47,Gibraltar,4,10,1861,19
18-12-2020,19.01,Crypto,4,7,2049,18
16-6-2021,16.0,Crypto,14,5,1973,19
3-12-2022,16.97,Pathfinder,5,1,591,17
29-7-2020,12.49,Wraith,1,4,403,11
30-11-2022,26.94,Crypto,2,11,1694,3
31-7-2020,29.11,Gibraltar,12,2,2047,18
17-1-2021,13.98,Octane,7,3,1417,15
30-9-2022,29.82,Bangalore,19,13,3603,11
1-1-2020,21.5,Gibraltar,21,3,5093,11
27-10-2020,0.27,Wattson,2,2,798,11
27-12-2020,14.37,Lifeline,7,13,3333,15
25-9-2020,5.08,Gibraltar,12,7,1374,13
16-10-2020,20.86,Bangalore,5,3,1398,14
10-4-2019,5.74,Crypto,1,8,1236,10
1-3-2019,14.88,Octane,8,17,3314,2
11-4-2020,3.04,Pathfinder,4,1,478,4
5-8-2019,9.9,Lifeline,3,4,394,16
24-12-2020,27.83,Bangalore,8,2,1067,3
22-8-2019,3.66,Pathfinder,2,2,434,11
25-4-2022,8.49,Bloodhound,19,4,2540,20
26-5-2021,25.33,Crypto,4,12,1272,3
17-3-2021,29.15,Crypto,5,6,1342,16
22-3-2022,12.83,Pathfinder,4,6,1046,4
13-5-2021,2.82,Crypto,1,3,392,10
26-3-2022,23.93,Crypto,2,17,3704,2
18-6-2021,11.82,Pathfinder,1,18,1204,16
10-2-2019,19.26,Bangalore,4,3,1487,12
8-6-2019,2.37,Bloodhound,4,6,728,7
25-2-2020,29.82,Gibraltar,10,18,1891,13
13-12-2019,6.03,Gibraltar,9,0,1757,2
23-4-2022,15.01,Bangalore,12,2,3014,3
20-3-2020,25.48,Bangalore,9,5,2125,8
25-5-2021,11.7,Crypto,2,2,294,11
29-4-2022,26.48,Crypto,9,4,953,16
7-3-2022,23.35,Bangalore,7,7,1397,9
13-6-2021,13.18,Bangalore,4,10,1426,9
3-9-2021,28.91,Wraith,3,3,443,18
18-4-2020,12.76,Lifeline,1,17,2004,13
8-9-2021,27.42,Gibraltar,3,5,1623,19
10-5-2020,24.26,Octane,6,3,727,7
16-8-2021,27.68,Pathfinder,7,2,1166,6
31-3-2019,6.29,Wraith,0,1,149,8
13-12-2020,17.03,Pathfinder,2,9,2149,10
25-6-2019,12.33,Wraith,5,7,2081,10
5-12-2021,8.86,Crypto,1,12,1974,15
24-5-2022,22.69,Bloodhound,9,2,1824,11
23-9-2019,2.02,Lifeline,1,4,298,5
18-11-2019,28.05,Crypto,3,7,885,1
22-2-2019,3.8,Pathfinder,7,3,1944,5
17-6-2019,21.97,Wattson,2,17,3620,2
8-12-2021,15.15,Wraith,1,10,1847,11
29-9-2021,6.0,Octane,9,8,3184,7
28-2-2021,9.72,Lifeline,4,1,303,13
22-8-2020,24.9,Crypto,11,8,1357,2
16-3-2020,27.23,Crypto,6,2,914,7
4-8-2020,25.82,Bangalore,6,5,1207,15
6-7-2021,13.56,Bloodhound,8,2,973,11
10-4-2021,3.34,Bangalore,1,8,602,18
10-2-2021,11.38,Wattson,6,16,2926,20
12-10-2020,13.97,Wraith,1,1,123,2
19-5-2021,23.16,Wattson,4,4,722,7
14-9-2022,9.16,Lifeline,4,1,464,15
5-6-2022,3.04,Wattson,0,15,1565,15
31-8-2021,28.25,Lifeline,4,3,1359,18
22-7-2020,4.3,Bangalore,15,1,3162,15
7-9-2021,11.52,Wraith,4,20,4373,15
27-5-2021,29.95,Bloodhound,12,2,1417,5
29-7-2019,25.83,Crypto,9,3,2093,7
14-6-2021,20.41,Octane,4,8,1756,16
13-5-2022,1.69,Gibraltar,3,0,325,3
21-10-2020,16.86,Wraith,1,11,1153,19
29-3-2022,27.12,Crypto,3,12,1408,17
26-7-2021,9.51,Crypto,2,1,634,13
25-4-2022,10.06,Bangalore,2,4,451,11
17-5-2021,21.35,Bangalore,2,2,284,18
1-5-2020,22.94,Pathfinder,4,3,781,8
12-8-2022,4.99,Bangalore,1,18,2899,7
15-6-2021,22.6,Lifeline,2,2,490,12
22-2-2021,9.44,Wattson,1,7,546,2
4-11-2020,24.67,Bloodhound,3,10,2485,1
4-5-2022,2.62,Wattson,4,4,1485,20
15-3-2022,18.75,Bangalore,4,1,347,16
30-7-2021,27.4,Octane,11,2,1450,11
12-10-2021,7.8,Crypto,1,15,2313,4
1-3-2019,25.78,Wraith,5,10,1806,5
3-10-2020,23.12,Gibraltar,3,2,370,14
19-11-2022,8.24,Bloodhound,1,2,493,16
5-3-2022,4.61,Pathfinder,17,7,1440,16
9-9-2020,7.0,Bangalore,1,10,1365,3
6-9-2020,29.79,Pathfinder,8,8,1720,9
13-10-2021,24.16,Octane,3,7,1878,8
1-6-2020,28.85,Crypto,9,3,906,4
15-4-2020,1.21,Lifeline,11,1,1272,20
31-5-2020,2.24,Pathfinder,6,15,3299,12
6-10-2019,10.78,Bloodhound,6,9,1522,6
15-12-2019,26.25,Gibraltar,7,7,1092,15
12-1-2022,11.69,Bangalore,8,2,1831,17
27-5-2020,0.35,Octane,0,1,130,13
28-10-2021,18.79,Gibraltar,2,11,1132,3
27-7-2020,0.75,Gibraltar,8,0,1783,2
25-2-2022,0.83,Wattson,7,1,1067,4
22-3-2019,9.86,Bangalore,5,2,875,4
4-10-2022,13.59,Pathfinder,11,17,2408,18
20-1-2021,15.53,Wraith,13,1,2334,13
20-11-2021,28.14,Octane,4,4,1373,9
4-6-2022,2.04,Octane,2,5,571,13
24-10-2019,22.12,Octane,15,2,3856,19
11-2-2020,1.11,Wraith,12,11,1282,19
1-2-2020,26.08,Bloodhound,14,6,4421,8
20-11-2019,7.43,Pathfinder,6,4,1548,13
26-11-2021,27.7,Gibraltar,2,4,955,6
19-11-2022,20.46,Wattson,18,3,3116,8
16-5-2022,17.72,Pathfinder,1,2,420,3
22-5-2022,18.07,Wraith,19,7,2730,2
22-9-2022,10.75,Wattson,4,2,555,16
20-2-2019,20.78,Lifeline,6,9,2314,13
24-10-2019,8.68,Crypto,14,10,3767,13
27-11-2021,23.71,Pathfinder,4,20,4372,12
16-3-2021,11.45,Pathfinder,4,3,1323,2
3-6-2020,12.02,Crypto,1,2,352,10
17-11-2020,5.19,Crypto,6,2,1155,5
12-2-2022,4.89,Octane,0,0,0,19
26-2-2020,25.62,Bangalore,3,7,1472,2
2-4-2019,18.55,Wraith,14,1,2288,6
15-12-2022,7.87,Wattson,0,0,0,18
26-11-2021,9.8,Bangalore,3,6,1125,11
17-3-2019,1.68,Wraith,0,6,627,12
3-3-2020,3.97,Wraith,0,4,354,7
7-6-2019,15.24,Crypto,5,10,1394,17
5-4-2019,18.96,Pathfinder,7,1,1401,6
20-12-2020,11.22,Wraith,15,1,2295,19
11-12-2021,8.44,Pathfinder,1,1,250,17
23-6-2019,21.17,Octane,8,13,1965,11
8-4-2020,14.7,Lifeline,7,3,896,6
17-1-2022,6.79,Crypto,4,1,835,4
23-6-2021,8.42,Bloodhound,9,12,2134,19
8-8-2022,16.76,Lifeline,11,1,749,12
6-6-2022,12.26,Lifeline,1,4,715,18
12-4-2022,5.31,Pathfinder,13,3,1005,16
17-11-2022,7.27,Octane,0,7,643,2
22-5-2021,27.24,Gibraltar,15,3,2863,9
18-9-2019,17.93,Bangalore,9,4,1286,9
6-10-2022,11.12,Gibraltar,4,2,656,14
2-8-2020,9.47,Wattson,14,7,1901,18
2-12-2019,21.49,Bangalore,4,13,2616,16
7-5-2019,11.02,Wattson,3,9,751,15
21-9-2021,7.85,Bangalore,10,9,3855,18
15-10-2020,12.84,Bangalore,1,8,888,16
12-1-2020,23.46,Gibraltar,12,4,3140,14
26-10-2022,6.13,Wattson,7,12,3029,11
23-2-2019,11.44,Wattson,9,5,2489,16
17-7-2021,13.75,Bloodhound,3,1,610,9
17-1-2020,8.4,Wattson,14,9,1299,10
24-12-2022,23.34,Crypto,12,8,2673,20
15-12-2021,23.6,Octane,2,3,539,10
23-2-2019,12.02,Pathfinder,3,2,305,8
8-7-2021,10.38,Lifeline,2,17,3136,1
8-2-2021,2.42,Pathfinder,4,4,1391,14
24-3-2022,8.81,Wattson,6,5,1629,20
3-7-2019,9.28,Wraith,8,11,2886,12
3-1-2022,21.47,Gibraltar,4,4,1375,19
12-3-2020,11.25,Crypto,1,4,737,7
16-3-2019,23.47,Bangalore,6,3,1662,5
21-10-2020,18.66,Octane,7,12,1631,12
18-2-2020,9.18,Bloodhound,4,2,1279,6
26-1-2020,18.43,Bangalore,2,1,364,7
22-9-2020,15.11,Lifeline,5,5,1729,3
9-2-2020,11.96,Wraith,4,4,1163,4
10-5-2021,8.71,Crypto,1,0,119,7
9-10-2021,17.24,Bloodhound,8,1,1521,13
25-6-2021,27.46,Bloodhound,2,2,280,12
13-6-2021,6.8,Gibraltar,13,11,3412,15
14-6-2021,13.08,Gibraltar,1,12,1632,10
8-6-2020,1.74,Octane,3,5,1557,1
3-11-2021,20.76,Bangalore,11,9,1701,19
28-11-2020,10.57,Crypto,2,9,1954,17
8-1-2021,13.83,Pathfinder,9,2,1195,1
4-6-2019,3.05,Crypto,1,7,1431,10
6-10-2021,17.78,Lifeline,11,1,957,19
29-6-2022,0.46,Bangalore,1,0,213,8
24-10-2021,28.77,Gibraltar,9,10,1885,5
20-5-2019,24.98,Crypto,6,5,698,4
7-5-2020,6.21,Crypto,5,7,1608,7
13-7-2019,19.13,Bangalore,7,1,641,5
20-5-2021,6.7,Bangalore,3,2,928,2
15-5-2020,28.22,Crypto,20,3,3380,5
2-9-2020,10.12,Crypto,3,7,1592,3
3-7-2021,8.92,Wraith,0,3,509,2
15-9-2022,24.5,Lifeline,7,7,2111,18
16-11-2022,28.02,Wraith,5,11,2993,14
26-12-2022,11.98,Lifeline,7,9,2350,11
13-10-2019,21.55,Wattson,8,13,4201,18
5-8-2021,6.25,Crypto,1,1,166,15
10-4-2020,6.98,Pathfinder,3,16,3175,1
13-5-2021,16.56,Bangalore,9,3,1220,20
22-10-2019,5.79,Gibraltar,2,12,1109,17
12-7-2021,1.33,Pathfinder,1,1,314,11
17-12-2022,19.66,Octane,12,1,806,14
15-10-2019,12.24,Crypto,10,16,3384,18
26-9-2021,28.54,Bloodhound,9,6,2657,8
7-9-2022,3.47,Lifeline,0,1,181,18
2-7-2020,10.26,Bangalore,6,8,2168,5
16-5-2020,24.17,Pathfinder,8,11,2941,20
24-8-2019,13.67,Bloodhound,3,6,1337,7
28-11-2021,18.87,Wattson,5,3,1278,9
23-1-2021,14.53,Octane,10,5,3154,10
2-3-2021,12.18,Crypto,4,4,1522,12
26-5-2022,6.5,Octane,10,4,2553,20
8-11-2022,6.97,Bangalore,2,4,1090,20
9-7-2020,3.33,Bangalore,2,2,823,16
3-6-2019,12.71,Bangalore,2,2,517,11
8-12-2019,14.64,Crypto,5,19,2075,12
12-3-2021,22.46,Octane,2,2,628,1
3-8-2019,26.8,Pathfinder,8,2,642,6
11-12-2022,28.05,Pathfinder,8,16,3999,2
21-11-2020,0.99,Bangalore,0,9,1556,9
10-1-2021,16.34,Bangalore,20,3,4810,13
8-5-2020,13.15,Lifeline,1,11,2180,11
15-6-2020,24.32,Wattson,10,8,1317,15
25-3-2019,14.36,Pathfinder,7,1,1115,1
24-8-2022,2.91,Pathfinder,1,3,234,3
1-11-2020,29.01,Lifeline,11,2,1086,5
4-3-2021,10.01,Wattson,10,5,1991,7
28-5-2021,25.66,Lifeline,2,2,756,6
8-10-2021,29.8,Wattson,4,7,2166,18
5-6-2019,24.3,Crypto,15,2,2601,11
9-6-2021,4.87,Crypto,0,7,1078,14
17-6-2019,8.86,Bloodhound,8,1,1582,3
19-12-2021,22.03,Wattson,2,10,1360,4
31-10-2019,7.69,Lifeline,8,1,1732,15
22-10-2021,18.94,Lifeline,1,12,2189,18
20-7-2019,23.13,Octane,5,3,575,17
3-5-2021,23.03,Wattson,16,7,2655,11
19-4-2021,11.88,Octane,6,10,904,17
22-2-2019,6.94,Bloodhound,5,16,2190,1
29-9-2020,13.38,Pathfinder,10,4,1810,8
8-6-2021,8.98,Lifeline,1,7,1038,15
15-5-2022,26.22,Pathfinder,5,6,1269,11
6-1-2022,0.29,Wraith,0,15,1648,10
25-12-2020,9.68,Lifeline,0,16,2817,1
23-12-2019,12.52,Pathfinder,4,7,1020,18
27-12-2022,12.54,Wraith,14,2,1209,1
11-5-2020,7.3,Wattson,5,7,1926,6
12-7-2019,9.01,Bangalore,0,8,427,3
8-12-2022,7.17,Bangalore,13,13,3531,17
14-10-2020,6.87,Gibraltar,1,5,917,11
2-10-2022,14.36,Crypto,3,5,1428,2
4-4-2021,0.16,Wattson,2,15,1832,17
5-6-2019,2.86,Wraith,5,5,1146,19
16-7-2019,24.41,Bangalore,9,12,2372,15
7-11-2021,26.19,Gibraltar,2,13,2456,12
18-10-2022,27.31,Wattson,4,8,1789,19
7-3-2020,21.15,Lifeline,2,7,609,12
27-5-2019,27.0,Wattson,2,8,1673,18
29-6-2021,23.01,Pathfinder,15,5,4458,14
7-3-2019,21.71,Wraith,4,4,1421,11
30-6-2019,27.9,Octane,2,6,1162,8
27-2-2021,22.0,Bangalore,2,9,1525,6
31-7-2021,16.49,Wraith,9,1,1383,6
8-11-2021,1.77,Crypto,16,2,1300,6
9-9-2019,9.52,Wraith,0,8,1199,18
2-10-2021,18.58,Bloodhound,3,1,596,10
21-9-2021,14.79,Gibraltar,2,2,323,9
9-5-2021,30.0,Crypto,5,3,1658,5
17-2-2019,2.04,Gibraltar,11,1,2770,3
17-12-2021,11.61,Pathfinder,2,1,499,13
17-8-2019,5.19,Pathfinder,0,0,0,19
26-2-2020,2.4,Pathfinder,6,5,1463,17
10-9-2020,23.51,Lifeline,13,8,2532,3
14-8-2022,8.38,Wattson,3,9,2203,16
15-3-2020,22.12,Bloodhound,4,8,2206,1
10-2-2022,18.2,Bangalore,2,18,1869,19
21-8-2020,27.45,Bloodhound,5,6,1955,14
9-9-2019,28.95,Crypto,6,3,1889,2
17-6-2019,13.9,Bloodhound,1,5,939,16
12-11-2022,14.86,Wattson,1,2,374,10
15-2-2022,26.06,Wraith,6,9,1626,11
13-11-2020,1.85,Wraith,1,4,797,15
7-11-2020,3.59,Wattson,5,6,2160,11
10-10-2020,26.68,Gibraltar,6,6,1977,18
24-5-2021,13.62,Gibraltar,1,1,392,15
16-12-2020,4.57,Gibraltar,4,4,1505,17
7-6-2019,11.78,Bangalore,9,1,2115,16
26-1-2020,27.47,Crypto,10,7,2401,1
31-1-2022,12.71,Bangalore,2,13,1639,20
6-10-2019,18.02,Bangalore,13,2,1211,2
8-10-2019,11.02,Bloodhound,7,3,2002,6
25-2-2019,17.09,Octane,8,1,1231,16
2-8-2022,6.28,Crypto,14,2,1064,7
25-10-2020,2.91,Gibraltar,7,8,2763,6
16-9-2022,21.87,Pathfinder,4,2,579,19
20-10-2021,9.97,Crypto,2,0,140,7
28-11-2021,15.67,Wraith,3,2,988,3
21-10-2021,11.05,Crypto,1,1,198,19
8-12-2019,5.75,Crypto,0,19,2835,6
22-2-2019,17.19,Lifeline,4,7,1455,10
27-6-2022,19.21,Gibraltar,13,2,1454,8
10-2-2021,23.91,Gibraltar,2,6,1032,17
8-4-2021,21.68,Octane,2,9,922,12
24-6-2019,22.93,Gibraltar,4,6,1701,9
7-12-2019,9.18,Pathfinder,11,4,2285,19
13-10-2022,19.88,Lifeline,4,3,1125,17
2-7-2022,16.55,Gibraltar,8,1,1722,12
5-5-2022,16.38,Bangalore,2,5,1152,7
28-7-2019,4.39,Pathfinder,0,6,393,11
9-2-2022,12.82,Crypto,3,2,368,12
9-10-2020,6.43,Gibraltar,1,0,187,17
8-4-2019,20.99,Octane,3,5,849,17
8-2-2021,27.97,Octane,19,6,1932,18
14-12-2022,27.43,Wattson,3,14,2877,3
17-5-2021,16.81,Bangalore,4,3,1148,13
29-5-2021,2.81,Pathfinder,11,11,1324,11
13-3-2021,4.24,Crypto,5,6,2166,5
12-9-2022,14.4,Octane,9,3,691,14
30-1-2020,8.02,Gibraltar,8,9,3384,18
14-3-2019,10.83,Bangalore,2,10,1148,8
16-1-2020,23.51,Lifeline,16,14,5994,12
13-3-2020,24.92,Crypto,3,13,2851,7
22-9-2022,27.94,Gibraltar,12,2,2635,9
19-4-2020,0.26,Wraith,3,4,1023,20
2-5-2019,26.72,Gibraltar,2,2,309,8
8-10-2021,4.79,Gibraltar,15,11,3487,18
8-7-2020,10.8,Wraith,7,13,3374,7
7-3-2022,6.15,Gibraltar,9,1,1522,5
9-7-2019,28.77,Octane,3,2,885,13
12-3-2021,23.36,Crypto,3,6,1584,4
18-7-2021,25.73,Gibraltar,5,3,783,5
20-9-2019,14.66,Pathfinder,6,1,1106,1
22-9-2020,0.51,Gibraltar,13,11,4180,14
16-12-2022,0.22,Crypto,14,6,2028,14
12-12-2022,13.44,Bloodhound,15,14,1762,12
28-8-2021,10.75,Crypto,7,11,1843,7
21-1-2020,10.81,Wattson,9,1,1279,17
8-9-2022,11.0,Bloodhound,5,1,368,1
3-5-2020,6.46,Bloodhound,4,12,1853,3
28-8-2021,6.43,Lifeline,0,8,465,18
20-4-2021,21.3,Wattson,14,12,4961,15
6-10-2021,25.3,Bangalore,7,7,1140,19
17-12-2020,2.5,Gibraltar,12,8,1993,16
5-8-2020,6.65,Gibraltar,1,10,1248,20
25-12-2020,14.49,Gibraltar,12,1,1893,2
21-6-2020,28.64,Pathfinder,5,3,1622,11
17-1-2022,29.97,Wattson,2,8,1941,16
21-9-2021,23.07,Crypto,3,2,307,2
12-10-2020,20.2,Bloodhound,3,4,1218,14
26-7-2021,11.26,Pathfinder,1,1,264,20
11-11-2022,20.37,Wraith,3,2,326,16
2-1-2022,6.6,Octane,0,0,0,3
12-4-2021,10.9,Octane,10,7,1953,3
29-4-2019,18.37,Gibraltar,4,7,675,10
8-7-2019,21.63,Wattson,5,15,2956,2
23-10-2021,6.53,Lifeline,5,4,495,11
15-12-2022,25.08,Octane,2,5,991,4
11-3-2021,11.87,Octane,18,5,4574,4
1-9-2020,16.38,Bloodhound,13,5,1650,6
15-8-2020,13.68,Octane,3,2,466,2
14-6-2020,16.04,Octane,9,2,814,2
2-11-2022,5.95,Octane,0,0,0,17
22-3-2020,6.17,Crypto,14,8,2975,13
14-10-2022,29.57,Pathfinder,8,11,2278,14
23-3-2021,8.47,Bloodhound,7,4,1710,8
5-12-2020,15.62,Bloodhound,4,4,499,20
19-4-2021,16.21,Octane,2,2,797,5
15-7-2021,17.49,Wraith,5,8,2199,2
16-3-2020,19.66,Lifeline,2,15,2976,13
18-11-2022,9.86,Wattson,1,0,170,10
4-4-2022,28.94,Pathfinder,6,4,1447,3
22-4-2019,3.91,Pathfinder,6,1,1327,5
30-4-2020,1.99,Wattson,5,0,1230,5
6-1-2022,27.42,Crypto,16,4,2101,16
8-2-2020,4.68,Bloodhound,16,1,1850,9
3-6-2020,20.81,Wattson,9,12,1645,2
22-5-2019,28.03,Bloodhound,5,7,967,16
11-6-2021,3.47,Lifeline,2,7,526,15
11-2-2021,10.09,Octane,19,1,4127,16
13-9-2021,18.54,Wattson,3,14,3319,6
26-7-2019,17.42,Bloodhound,1,6,736,4
23-11-2021,4.91,Bangalore,0,1,150,4
24-3-2019,3.41,Bloodhound,15,1,1643,1
12-7-2019,18.87,Bloodhound,4,6,1849,17
28-11-2020,27.35,Gibraltar,10,2,1039,9
15-7-2021,21.04,Pathfinder,13,15,1647,8
7-5-2021,12.33,Bloodhound,3,10,1199,5
25-10-2022,1.2,Bloodhound,0,10,567,2
4-12-2022,12.43,Wattson,2,15,1148,12
25-11-2019,18.64,Wraith,9,5,2690,5
4-6-2019,18.25,Wattson,9,4,922,6
17-4-2021,11.5,Bloodhound,10,4,1424,18
1-1-2021,6.15,Lifeline,1,2,404,10
23-1-2020,18.23,Gibraltar,4,9,1293,20
7-5-2022,15.36,Bloodhound,4,6,583,16
11-8-2021,24.78,Crypto,14,2,3235,18
20-9-2019,15.8,Wraith,8,3,1523,16
21-8-2020,4.43,Wraith,3,2,1045,19
7-5-2019,10.97,Gibraltar,4,1,835,7
25-2-2019,4.8,Wattson,1,3,750,17
19-7-2019,19.97,Bloodhound,4,14,2104,2
2-7-2022,22.32,Bloodhound,3,5,1238,4
27-7-2021,25.18,Bloodhound,10,15,2434,10
21-11-2021,13.6,Gibraltar,3,17,3387,1
4-2-2020,20.62,Octane,4,9,2333,17
12-4-2022,25.9,Gibraltar,2,2,744,11
25-1-2020,11.25,Bangalore,15,12,4996,15
26-10-2021,13.9,Bangalore,1,1,361,10
27-8-2022,2.74,Lifeline,0,6,392,20
7-7-2021,18.48,Bangalore,13,10,3558,15
3-5-2020,1.14,Wraith,4,3,743,18
31-12-2020,29.76,Gibraltar,6,4,1836,4
23-11-2020,21.34,Crypto,6,19,4064,12
10-5-2019,10.37,Bloodhound,1,6,920,8
10-3-2020,5.04,Crypto,0,10,1006,18
18-5-2019,2.86,Octane,4,1,617,15
9-12-2021,12.45,Wraith,6,1,1456,3
28-10-2021,6.44,Bangalore,6,7,1095,6
7-9-2022,16.52,Pathfinder,17,1,2345,12
14-1-2021,0.2,Pathfinder,16,4,1268,20
27-11-2021,28.47,Lifeline,21,4,4541,8
24-4-2021,2.21,Gibraltar,0,4,213,3
5-9-2021,9.36,Gibraltar,0,5,422,14
1-12-2019,7.88,Crypto,2,5,574,7
23-10-2022,19.41,Wattson,11,1,1078,14
4-9-2019,22.94,Bangalore,3,3,475,18
26-10-2019,28.49,Bloodhound,3,11,2193,1
31-5-2022,26.97,Lifeline,4,7,1529,15
14-10-2020,17.7,Bloodhound,13,5,2721,19
10-1-2021,16.0,Crypto,5,3,685,5
16-5-2020,27.04,Bloodhound,19,8,1650,13
25-2-2021,26.39,Lifeline,8,2,1827,2
2-3-2022,19.74,Crypto,13,12,4497,11
19-4-2019,12.43,Wraith,8,2,1141,11
28-7-2021,14.66,Wraith,13,6,2177,18
29-1-2021,4.78,Octane,5,0,1077,18
20-6-2022,19.1,Lifeline,4,5,1647,10
20-11-2020,2.93,Wraith,1,4,259,5
11-12-2022,8.72,Gibraltar,5,5,1022,19
2-10-2019,0.5,Crypto,1,2,283,15
18-4-2019,15.09,Wraith,3,16,2628,8
11-6-2020,28.1,Bloodhound,6,2,1040,11
8-4-2022,20.22,Gibraltar,12,2,1307,16
16-5-2019,18.93,Wraith,3,2,369,3
14-9-2020,13.57,Octane,2,2,305,4
31-1-2021,14.83,Wattson,3,17,3635,12
31-5-2019,13.92,Lifeline,8,11,2648,11
16-3-2021,8.02,Pathfinder,1,0,133,6
22-10-2019,14.27,Gibraltar,7,5,1665,11
18-10-2020,18.48,Bloodhound,2,1,614,8
14-3-2020,7.65,Bloodhound,8,5,2569,18
9-11-2022,28.45,Gibraltar,3,2,516,4
11-11-2022,23.36,Wraith,7,2,1262,6
9-12-2022,25.21,Crypto,3,12,1339,10
21-7-2021,5.99,Pathfinder,5,0,1040,5
29-6-2019,28.88,Lifeline,17,8,2424,4
15-2-2020,12.76,Bangalore,6,5,700,4
25-1-2022,21.02,Gibraltar,2,2,782,20
25-11-2022,4.38,Gibraltar,0,17,1363,8
21-1-2022,22.99,Octane,2,2,671,11
19-7-2020,0.73,Crypto,7,0,1475,6
28-9-2019,3.94,Bangalore,3,16,3459,15
29-11-2019,1.53,Bangalore,2,2,685,11
18-2-2022,20.19,Bloodhound,7,3,1158,1
31-8-2022,4.52,Bloodhound,3,14,1693,11
6-2-2022,6.51,Gibraltar,0,16,2880,7
8-2-2020,4.79,Lifeline,8,11,1294,2
15-11-2020,1.26,Pathfinder,2,5,699,3
5-9-2022,15.08,Bangalore,3,10,632,15
10-3-2021,16.37,Bangalore,4,1,1024,17
29-12-2019,8.08,Octane,3,5,604,17
19-10-2021,17.58,Lifeline,1,4,845,15
8-10-2021,27.04,Bangalore,7,2,1667,16
5-9-2019,19.65,Wraith,6,10,2712,11
4-10-2020,3.04,Crypto,5,6,2058,15
13-6-2020,26.17,Crypto,11,4,3086,14
24-11-2019,5.27,Wattson,16,4,3072,15
27-7-2020,26.31,Crypto,2,9,1101,1
23-10-2019,17.93,Pathfinder,1,8,1303,2
23-6-2019,0.13,Octane,4,5,1442,7
28-12-2022,25.17,Octane,7,7,1874,15
11-3-2019,0.26,Octane,3,14,1967,16
3-11-2022,21.19,Bangalore,11,2,1208,17
7-11-2021,23.89,Bangalore,16,10,2182,18
6-10-2019,6.95,Lifeline,1,6,834,17
22-4-2019,12.06,Wattson,6,1,1210,18
15-10-2021,11.37,Bangalore,2,10,1786,1
1-6-2021,12.4,Octane,9,1,816,3
22-4-2019,6.58,Gibraltar,3,4,1401,9
15-8-2022,15.94,Wattson,1,2,156,14
25-11-2022,9.15,Wraith,2,0,229,6
1-2-2020,22.0,Wraith,4,3,1360,19
26-10-2021,2.9,Gibraltar,0,7,1029,8
12-2-2019,14.35,Bloodhound,5,16,3288,4
27-8-2020,11.63,Lifeline,17,3,4381,8
16-8-2019,10.44,Wraith,1,1,326,2
1-6-2020,22.16,Crypto,4,2,982,20
8-11-2020,18.94,Pathfinder,1,6,413,9
25-11-2021,12.34,Bloodhound,2,5,1335,15
26-6-2021,10.3,Bangalore,2,2,490,18
24-1-2021,18.39,Lifeline,3,7,688,1
20-2-2020,17.31,Bangalore,9,1,1272,1
15-9-2020,21.21,Pathfinder,4,13,1172,15
11-2-2022,13.4,Wattson,11,6,3238,13
15-1-2022,14.07,Bangalore,15,3,3211,3
14-7-2021,20.72,Bloodhound,4,11,2809,18
8-5-2020,12.62,Gibraltar,9,6,2496,10
21-2-2021,22.94,Gibraltar,9,6,3006,11
7-10-2019,9.89,Octane,6,1,1018,9
7-11-2019,28.54,Bangalore,8,5,1866,1
5-9-2020,2.58,Bloodhound,8,9,1126,6
22-5-2019,7.38,Pathfinder,0,0,0,12
13-6-2019,0.33,Lifeline,9,0,1432,7
31-5-2021,12.52,Wattson,3,14,905,4
1-5-2019,8.0,Octane,8,2,1529,7
26-10-2022,6.33,Lifeline,0,6,500,5
4-11-2020,25.16,Wraith,6,9,1394,17
29-9-2022,27.06,Bangalore,3,4,964,11
27-5-2019,23.75,Wattson,2,6,1217,9
18-2-2022,23.51,Pathfinder,3,2,360,6
13-8-2019,4.48,Crypto,1,1,211,1
23-3-2021,1.95,Lifeline,2,1,237,4
15-9-2021,12.4,Crypto,2,7,1603,14
14-7-2019,0.9,Wraith,10,6,2634,11
10-12-2022,28.06,Pathfinder,8,6,1213,8
20-9-2019,22.44,Bloodhound,10,2,1398,15
1-12-2019,18.21,Crypto,5,15,1858,7
29-6-2019,19.72,Bangalore,3,4,1487,9
6-10-2020,11.15,Wattson,2,6,545,11
21-7-2022,23.37,Pathfinder,7,2,857,10
15-2-2021,8.49,Gibraltar,4,8,1195,16
10-7-2021,26.85,Wraith,7,10,2357,17
10-12-2022,23.55,Wattson,6,2,662,12
3-12-2021,25.35,Pathfinder,2,8,816,13
30-6-2022,10.85,Crypto,18,2,2712,19
7-9-2022,22.01,Bloodhound,2,14,1002,18
13-6-2020,23.16,Bloodhound,5,2,695,9
18-5-2020,1.85,Bangalore,2,7,928,15
1-4-2022,2.85,Bangalore,12,0,2229,9
11-5-2020,13.93,Octane,8,5,2013,7
22-8-2019,7.34,Bloodhound,0,8,854,16
4-5-2019,25.8,Bloodhound,2,11,1092,8
6-3-2022,1.92,Wattson,2,2,353,15
5-3-2022,10.27,Gibraltar,3,6,1057,8
29-9-2020,13.08,Octane,5,4,1099,8
30-9-2019,5.32,Bloodhound,0,2,202,4
8-10-2022,2.12,Bloodhound,7,0,612,11
16-8-2022,25.47,Wattson,8,2,2328,17
30-8-2020,29.25,Wraith,7,3,2110,12
1-8-2021,10.6,Bangalore,1,11,1853,2
29-5-2021,22.47,Wraith,4,16,1708,3
7-3-2022,11.47,Lifeline,1,12,1386,10
26-6-2020,26.45,Wattson,6,13,1848,6
8-12-2021,27.53,Bangalore,3,5,845,15
22-9-2019,3.38,Gibraltar,3,4,1339,8
27-4-2020,14.26,Octane,4,2,550,2
22-12-2022,5.49,Bangalore,5,2,1476,1
13-10-2019,3.27,Pathfinder,2,1,194,19
26-10-2019,16.46,Octane,14,8,2405,12
12-2-2022,24.11,Pathfinder,7,18,3834,20
16-11-2021,17.84,Lifeline,1,1,116,1
30-8-2019,4.37,Bloodhound,0,1,152,5
16-12-2022,11.25,Wraith,11,3,2803,7
8-6-2020,28.29,Bloodhound,19,13,4654,3
10-5-2019,26.98,Bangalore,3,3,371,1
26-1-2020,12.28,Bloodhound,2,17,1828,5
9-10-2020,8.09,Pathfinder,4,4,1019,13
14-5-2019,16.27,Pathfinder,4,8,2430,18
26-3-2021,6.9,Gibraltar,11,4,3239,4
9-5-2022,27.79,Gibraltar,12,9,2289,10
15-8-2022,18.55,Bangalore,8,17,4381,16
30-9-2019,10.14,Lifeline,11,1,2369,9
3-1-2022,27.1,Pathfinder,5,5,1514,13
9-9-2021,5.14,Gibraltar,0,0,0,12
12-8-2022,13.57,Bloodhound,2,4,590,9
15-7-2022,1.93,Gibraltar,4,5,1706,1
2-11-2021,5.69,Wraith,0,3,194,6
25-10-2019,11.39,Wraith,1,1,258,10
30-8-2021,3.39,Octane,8,2,957,11
16-9-2020,1.1,Lifeline,3,14,882,4
2-9-2019,5.48,Pathfinder,1,6,1037,10
6-9-2021,15.82,Pathfinder,5,14,3511,19
11-7-2022,13.65,Wraith,4,4,1286,10
18-7-2021,11.37,Gibraltar,1,5,911,10
20-5-2019,28.27,Wraith,2,12,2722,18
5-5-2022,27.9,Pathfinder,4,7,1946,1
22-2-2019,26.92,Bangalore,17,3,2578,14
8-9-2022,29.94,Crypto,7,2,806,7
26-4-2021,5.92,Octane,0,11,993,18
31-1-2022,2.7,Crypto,5,5,880,19
28-11-2019,25.43,Wattson,2,10,2341,19
9-2-2022,5.95,Wattson,2,3,661,20
14-2-2022,16.5,Bangalore,4,10,2325,19
27-3-2019,3.76,Pathfinder,7,14,2012,16
23-12-2019,3.61,Wattson,2,6,627,5
22-8-2022,24.72,Lifeline,5,2,1154,16
11-7-2021,2.1,Wattson,3,2,850,5
7-10-2021,19.54,Pathfinder,6,3,1101,2
24-3-2021,21.09,Wattson,2,7,1797,16
17-3-2020,5.56,Lifeline,1,1,153,2
27-1-2021,15.07,Wraith,3,10,750,12
4-6-2021,9.37,Bangalore,4,12,2394,17
29-10-2022,6.96,Wraith,9,0,891,12
15-8-2021,18.75,Bangalore,2,2,619,6
18-12-2021,12.67,Crypto,11,3,1938,12
30-3-2021,14.01,Bloodhound,3,3,1072,5
19-11-2022,8.0,Wraith,13,0,1190,11
16-5-2019,4.36,Octane,2,0,342,17
31-5-2021,27.96,Octane,7,4,1321,7
4-9-2021,29.78,Wattson,8,11,3889,15
28-9-2020,5.85,Octane,15,15,4659,13
24-2-2020,3.12,Crypto,1,0,63,9
6-8-2021,22.13,Pathfinder,5,3,1182,11
13-5-2019,16.05,Wattson,9,3,2319,3
8-5-2022,6.76,Pathfinder,0,3,564,6
27-4-2019,22.43,Gibraltar,5,14,2634,12
7-11-2022,14.48,Wraith,10,3,1536,12
22-8-2022,25.9,Bloodhound,8,2,1795,7
21-1-2021,23.58,Wraith,2,4,691,2
16-9-2019,10.53,Wraith,3,9,1921,2
20-12-2022,23.78,Crypto,7,13,3074,7
10-7-2020,0.39,Bloodhound,7,13,3886,16
27-7-2020,11.48,Wraith,9,8,3621,6
6-9-2019,25.36,Bangalore,8,5,1310,11
15-3-2021,27.14,Octane,8,4,2543,16
31-7-2020,3.07,Bangalore,1,3,729,8
9-10-2022,0.6,Wraith,1,6,1253,16
30-8-2019,10.87,Crypto,2,1,252,2
20-6-2019,25.43,Lifeline,3,4,724,2
2-5-2021,8.59,Gibraltar,3,1,563,17
17-6-2022,25.9,Gibraltar,2,14,993,7
25-4-2019,2.15,Wattson,6,0,736,13
13-2-2022,22.75,Lifeline,8,4,2511,10
11-5-2021,18.6,Bloodhound,7,6,2520,14
30-3-2019,26.26,Wraith,2,21,2383,1
20-5-2019,29.37,Wraith,8,10,1179,14
14-2-2022,4.27,Gibraltar,6,3,1656,17
30-6-2019,19.42,Wattson,1,1,156,5
16-3-2019,9.26,Wattson,9,12,3611,20
1-2-2021,24.75,Crypto,12,6,2204,3
24-12-2019,24.5,Bloodhound,11,16,4041,2
6-5-2022,5.34,Bangalore,1,2,538,15
29-3-2022,13.59,Bangalore,8,3,863,9
27-2-2020,22.74,Wattson,9,2,831,9
15-4-2021,13.48,Lifeline,10,7,3570,6
21-12-2021,9.61,Gibraltar,0,1,163,13
5-5-2022,20.01,Pathfinder,15,2,3740,15
21-10-2020,17.17,Wraith,7,2,1978,2
18-10-2019,26.06,Pathfinder,2,7,566,14
29-8-2020,27.11,Bloodhound,19,4,2096,18
10-9-2019,26.35,Wraith,6,3,737,10
31-7-2020,7.89,Bangalore,4,0,363,9
29-4-2020,26.19,Pathfinder,3,12,2723,12
25-11-2020,2.58,Octane,3,7,1568,11
1-4-2020,2.04,Bangalore,0,1,163,5
7-10-2022,21.75,Crypto,4,3,1336,16
21-5-2019,25.6,Bloodhound,13,2,3180,8
19-7-2022,16.08,Wattson,3,1,305,11
2-5-2022,22.03,Wattson,2,6,1617,15
27-9-2022,19.87,Lifeline,4,1,923,20
9-1-2022,5.95,Wattson,1,8,593,8
14-3-2019,27.87,Gibraltar,5,8,2416,13
25-8-2021,0.31,Lifeline,6,6,1883,2
3-7-2021,22.61,Octane,6,3,984,1
7-6-2020,15.84,Pathfinder,1,1,134,3
6-8-2019,21.95,Pathfinder,2,4,705,15
27-8-2021,12.57,Lifeline,2,1,526,20
19-1-2021,20.68,Wattson,12,15,3944,17
4-4-2019,13.91,Lifeline,11,1,1693,6
8-10-2019,18.8,Lifeline,6,1,857,10
6-11-2021,14.08,Crypto,8,14,1608,12
28-3-2022,24.66,Bangalore,7,2,943,1
22-1-2022,27.99,Gibraltar,12,4,2505,19
1-12-2022,9.39,Wraith,9,3,2127,17
30-6-2019,26.71,Bloodhound,2,5,1154,16
25-6-2022,7.39,Octane,9,1,732,18
25-2-2020,22.07,Wattson,2,5,376,6
7-12-2019,15.73,Pathfinder,16,2,2259,16
6-10-2020,19.98,Pathfinder,5,1,599,3
25-11-2021,1.09,Crypto,7,11,1660,8
23-4-2020,21.56,Bloodhound,13,6,3493,1
5-12-2020,16.8,Crypto,1,7,499,3
5-1-2022,12.76,Bloodhound,8,1,947,3
30-1-2022,10.84,Wraith,2,4,539,14
30-4-2021,19.49,Octane,7,17,1317,12
29-6-2021,22.68,Crypto,19,2,1550,9
8-12-2021,9.57,Crypto,3,9,1491,13
12-10-2020,7.64,Lifeline,6,4,646,18
11-8-2019,4.35,Octane,15,1,2191,12
15-10-2021,18.66,Pathfinder,5,8,1469,15
18-2-2020,10.72,Gibraltar,9,2,1513,10
26-12-2021,26.32,Gibraltar,10,2,1776,4
24-1-2020,12.54,Bangalore,1,3,325,12
28-10-2019,13.79,Crypto,6,3,958,16
15-7-2020,25.59,Wraith,8,7,2193,4
17-4-2021,28.31,Bloodhound,4,4,1688,14
14-5-2020,15.52,Bloodhound,3,5,1081,4
7-12-2019,19.01,Pathfinder,6,3,1281,5
17-11-2019,21.18,Wattson,3,4,1343,15
4-4-2019,20.47,Wraith,2,13,1448,2
17-11-2021,10.07,Wraith,5,9,2219,18
7-1-2022,19.24,Lifeline,2,5,1030,10
17-3-2021,15.72,Pathfinder,4,3,1028,15
21-10-2020,22.76,Bangalore,12,2,815,13
5-9-2019,24.87,Gibraltar,3,15,1801,14
23-8-2021,17.35,Bloodhound,5,15,1971,5
16-1-2020,2.49,Gibraltar,3,0,441,17
14-2-2021,3.95,Crypto,1,0,166,12
6-12-2020,25.98,Bloodhound,10,8,3380,4
16-12-2020,16.33,Crypto,6,3,691,13
17-9-2019,1.63,Gibraltar,0,4,472,1
11-3-2020,29.5,Crypto,2,13,2678,17
3-2-2020,18.7,Pathfinder,9,1,1880,12
10-7-2021,19.65,Bangalore,19,5,5092,18
24-10-2019,29.33,Lifeline,7,2,1722,7
17-8-2022,15.26,Octane,5,6,2296,15
11-5-2021,1.73,Bangalore,18,2,1960,15
1-12-2019,17.99,Bangalore,13,11,5005,8
15-7-2019,12.01,Gibraltar,10,2,932,10
5-7-2022,27.49,Bloodhound,6,7,2546,3
25-12-2019,18.82,Wattson,5,8,1037,3
25-12-2020,7.77,Wattson,0,0,0,7
17-11-2022,27.18,Pathfinder,2,5,890,20
31-1-2021,10.46,Gibraltar,6,8,2013,7
2-7-2019,14.49,Wattson,1,5,645,14
1-5-2021,4.88,Wattson,11,5,2817,13
2-8-2019,7.29,Octane,1,0,121,16
23-4-2021,26.31,Bangalore,2,5,530,6
25-5-2022,26.47,Pathfinder,3,3,812,16
3-3-2019,9.48,Wattson,0,8,965,2
10-3-2022,14.72,Bloodhound,17,1,3143,18
25-1-2020,6.7,Octane,0,0,0,12
16-12-2022,17.32,Lifeline,7,13,2877,20
16-6-2020,13.96,Bloodhound,1,5,572,6
16-3-2021,26.2,Bloodhound,13,11,1653,20
26-10-2021,13.08,Bloodhound,3,1,890,7
30-4-2019,3.46,Wraith,18,10,2339,17
13-12-2019,5.82,Gibraltar,11,0,729,3
23-5-2022,17.72,Pathfinder,16,15,5562,15
1-11-2020,15.36,Bangalore,3,3,689,14
12-1-2020,24.6,Wattson,8,10,1133,15
27-10-2021,27.57,Octane,12,4,2593,5
18-1-2020,5.86,Wraith,7,4,1235,15
12-8-2019,10.67,Lifeline,12,8,4166,18
27-12-2019,12.7,Octane,6,1,726,19
27-7-2020,8.32,Wattson,0,0,0,13
11-10-2019,25.85,Pathfinder,2,13,1588,13
15-11-2022,27.79,Crypto,6,20,3818,7
15-1-2020,5.44,Lifeline,6,6,1256,1
16-7-2021,10.79,Pathfinder,3,1,804,19
21-12-2019,23.16,Bloodhound,3,12,1496,13
3-1-2020,27.79,Gibraltar,10,5,2620,7
24-6-2019,11.29,Bloodhound,3,9,1008,20
28-3-2020,14.93,Crypto,1,1,395,15
15-6-2021,11.2,Gibraltar,10,11,2524,19
9-7-2020,25.23,Gibraltar,7,12,3227,10
10-9-2021,6.44,Octane,7,3,1746,12
15-7-2019,29.43,Crypto,14,2,1468,11
13-2-2021,23.81,Wattson,4,7,1859,2
13-2-2022,18.01,Octane,1,3,235,18
12-9-2020,12.65,Pathfinder,6,3,966,7
8-1-2021,2.82,Wattson,0,9,1433,14
9-8-2022,15.51,Wraith,15,10,2878,13
6-1-2021,24.99,Wattson,2,18,1767,14
4-8-2022,16.08,Pathfinder,12,5,1661,7
30-10-2022,27.04,Bloodhound,13,8,3976,19
18-4-2021,18.97,Gibraltar,19,5,2324,6
12-11-2019,29.12,Bloodhound,2,8,1239,6
19-12-2022,21.37,Bloodhound,10,16,2291,7
26-10-2019,9.31,Octane,10,6,3449,16
7-11-2021,16.97,Wattson,9,1,649,7
10-5-2021,17.59,Bangalore,7,5,2038,20
20-12-2019,22.31,Lifeline,14,3,3012,13
13-10-2020,26.37,Bloodhound,2,11,2123,2
19-10-2019,12.93,Octane,12,12,2606,3
11-2-2019,6.8,Bloodhound,1,2,561,4
26-3-2019,7.08,Pathfinder,15,0,3073,14
16-1-2020,9.12,Bangalore,1,4,559,19
11-4-2019,6.39,Lifeline,8,6,1452,11
13-1-2022,11.74,Lifeline,10,1,645,18
2-7-2022,5.09,Pathfinder,3,3,511,5
13-9-2021,19.93,Wattson,13,1,2795,1
11-3-2022,0.41,Bangalore,3,8,2190,4
8-7-2020,1.84,Bangalore,0,2,355,19
11-7-2020,23.41,Wattson,14,2,3615,19
22-12-2021,26.73,Wattson,13,12,4529,12
9-12-2020,22.01,Octane,12,9,4103,10
28-7-2019,16.21,Wraith,13,18,2503,13
5-10-2021,9.09,Pathfinder,1,8,1045,18
8-7-2021,21.47,Gibraltar,8,14,3548,1
18-7-2021,3.72,Wattson,11,0,1060,19
17-9-2021,8.4,Wattson,3,4,1463,10
8-4-2021,18.29,Wattson,10,8,2010,17
15-6-2020,6.89,Bloodhound,5,0,653,12
19-11-2020,17.38,Wattson,2,2,352,7
5-9-2021,23.93,Pathfinder,3,11,1836,10
30-3-2022,25.52,Bangalore,15,8,2990,8
23-9-2019,12.87,Octane,2,1,569,1
19-2-2019,9.31,Crypto,3,2,332,7
25-1-2022,1.77,Bangalore,1,2,325,2
11-8-2019,11.53,Wraith,10,3,2555,7
22-8-2019,9.1,Octane,5,15,3967,8
17-2-2021,11.48,Bangalore,4,4,696,13
11-12-2021,4.09,Gibraltar,10,3,906,12
30-11-2019,15.72,Gibraltar,9,11,1142,6
3-5-2022,15.45,Wraith,1,16,2091,17
5-1-2021,19.11,Bangalore,7,2,1460,5
18-12-2022,24.37,Gibraltar,10,2,1155,13
1-6-2022,17.08,Bloodhound,3,2,920,9
30-11-2021,27.29,Pathfinder,4,3,1040,4
29-3-2019,25.85,Gibraltar,5,8,2306,14
27-8-2020,15.4,Bloodhound,1,8,1029,3
29-4-2022,29.24,Wraith,6,13,1032,10
16-3-2019,5.57,Crypto,1,1,201,7
30-11-2022,28.43,Wraith,3,2,597,10
16-3-2019,24.21,Pathfinder,5,15,3033,18
4-5-2022,3.98,Bangalore,6,2,1415,19
4-2-2020,14.75,Bloodhound,6,12,1993,19
14-1-2020,0.49,Wraith,4,0,807,13
7-4-2021,15.66,Bangalore,3,2,827,10
21-4-2022,4.41,Lifeline,9,3,995,20
19-8-2019,28.94,Pathfinder,10,8,1909,2
9-3-2019,21.19,Crypto,9,2,671,3
9-11-2021,5.74,Bangalore,0,8,1025,16
29-11-2019,27.56,Gibraltar,6,7,892,16
26-5-2022,17.12,Wattson,7,7,2679,12
23-9-2019,9.35,Gibraltar,10,6,1197,8
5-10-2020,27.57,Bangalore,11,5,1067,1
20-3-2021,2.56,Crypto,5,2,1151,20
11-4-2020,23.73,Wattson,2,6,650,5
27-6-2022,9.6,Wattson,0,11,1716,5
3-5-2019,17.47,Bangalore,7,2,1837,4
24-2-2022,4.11,Bangalore,5,3,596,17
25-8-2019,22.38,Pathfinder,14,8,1687,1
3-7-2022,25.04,Lifeline,2,2,258,6
29-1-2022,22.5,Pathfinder,2,2,796,19
1-9-2022,23.8,Wraith,16,4,2587,15
5-3-2019,20.45,Pathfinder,3,7,827,20
8-4-2020,21.98,Crypto,3,4,1043,4
31-3-2020,3.54,Bloodhound,1,2,596,9
28-5-2019,18.5,Pathfinder,4,2,939,2
29-10-2019,21.49,Wraith,3,6,556,9
14-3-2019,4.74,Pathfinder,15,3,2780,10
24-7-2020,27.5,Lifeline,3,3,822,14
5-4-2020,8.34,Octane,1,5,797,13
20-1-2020,24.99,Wattson,7,2,716,12
21-4-2020,8.58,Gibraltar,1,4,1003,13
24-2-2021,26.95,Crypto,10,8,2834,11
29-6-2020,12.1,Bloodhound,4,2,751,8
13-5-2022,26.17,Bloodhound,18,11,6016,16
4-8-2021,2.57,Bloodhound,1,10,1191,7
27-5-2020,13.07,Gibraltar,15,6,3454,8
17-9-2019,5.74,Gibraltar,10,1,2465,14
3-11-2021,25.89,Octane,7,3,1564,2
18-1-2021,12.02,Octane,2,8,1295,5
25-8-2019,3.62,Bloodhound,0,9,1077,1
2-8-2022,22.21,Crypto,17,16,3432,14
25-1-2021,16.17,Lifeline,19,5,1551,3
18-2-2020,6.81,Lifeline,2,10,839,4
6-1-2022,1.44,Crypto,0,1,151,8
10-9-2022,25.01,Gibraltar,4,6,1759,11
24-2-2022,25.16,Pathfinder,3,6,1643,1
30-1-2021,8.42,Crypto,6,10,2708,20
19-11-2022,8.26,Crypto,12,2,2293,12
14-2-2021,5.43,Lifeline,6,3,833,6
11-3-2020,7.61,Gibraltar,10,0,1819,1
10-10-2022,0.58,Wraith,2,9,1463,2
14-6-2021,7.55,Wraith,10,18,1967,12
6-10-2021,26.77,Octane,3,4,727,5
5-8-2022,5.79,Wattson,5,11,2520,11
23-6-2020,20.91,Pathfinder,8,3,1761,16
27-11-2020,2.21,Octane,8,15,3286,16
30-4-2021,6.46,Lifeline,4,4,511,11
20-8-2021,7.75,Octane,10,1,871,15
30-1-2020,19.24,Crypto,6,5,700,2
3-11-2020,13.16,Gibraltar,6,2,933,20
3-7-2021,14.08,Pathfinder,5,1,1029,6
1-12-2019,22.9,Octane,6,2,804,1
2-8-2022,22.73,Bloodhound,12,2,2947,2
14-7-2019,15.97,Crypto,12,4,2025,4
18-6-2022,7.9,Bloodhound,9,7,3468,11
20-3-2021,17.72,Wattson,1,1,272,2
1-1-2022,8.13,Wraith,1,4,581,10
17-9-2019,19.71,Pathfinder,6,14,2760,6
24-5-2019,2.87,Crypto,1,19,2203,4
5-11-2020,24.03,Lifeline,4,8,1937,16
3-1-2022,0.46,Crypto,4,10,1275,14
24-5-2022,24.88,Octane,14,3,2722,17
3-9-2022,26.65,Gibraltar,5,9,724,6
15-10-2019,10.75,Wattson,6,5,2305,3
21-9-2021,5.43,Bloodhound,6,2,520,18
14-4-2022,9.02,Bangalore,9,15,2393,7
7-5-2019,26.68,Wraith,4,13,1538,4
20-1-2021,5.03,Crypto,10,5,1497,4
5-3-2022,15.6,Pathfinder,3,4,1485,14
16-7-2021,21.85,Bloodhound,7,3,1328,13
15-9-2020,27.19,Pathfinder,6,15,2070,15
13-10-2019,8.85,Bangalore,2,0,326,13
29-3-2021,5.95,Wattson,5,11,1734,18
27-11-2020,6.26,Wattson,3,2,626,12
30-6-2019,27.57,Pathfinder,6,6,1447,7
23-1-2020,22.18,Wattson,2,14,2253,13
8-9-2021,7.83,Pathfinder,6,3,1471,8
18-10-2022,25.27,Bangalore,20,11,4537,15
11-12-2022,17.79,Octane,1,14,2666,15
20-10-2021,6.03,Lifeline,4,5,1561,19
14-4-2020,19.84,Wraith,1,2,612,2
12-12-2019,3.14,Crypto,10,6,1861,4
4-7-2022,2.96,Bangalore,8,2,1114,7
17-11-2019,17.54,Gibraltar,4,14,2998,20
8-8-2021,1.01,Bangalore,7,5,1121,13
10-2-2022,11.7,Pathfinder,4,5,1363,1
1-3-2022,25.04,Gibraltar,14,3,3002,8
26-10-2019,10.65,Lifeline,4,2,920,20
12-7-2021,18.47,Lifeline,6,8,1138,20
2-8-2020,19.06,Wattson,8,1,2012,11
12-5-2019,3.64,Pathfinder,1,0,211,4
18-6-2020,24.13,Wattson,3,6,490,6
2-5-2019,2.15,Bangalore,3,7,1566,20
11-12-2020,3.73,Octane,2,3,430,17
21-5-2019,1.89,Lifeline,2,14,1374,11
10-6-2022,13.2,Bloodhound,4,9,1236,4
24-8-2019,4.19,Pathfinder,3,11,2070,3
9-12-2019,8.77,Octane,4,11,2940,5
5-1-2020,29.33,Lifeline,7,14,2482,15
6-7-2019,21.1,Wraith,13,9,1961,18
9-10-2022,21.87,Bangalore,9,7,3315,2
27-2-2021,28.77,Octane,6,5,1795,7
14-7-2022,19.72,Bangalore,2,1,222,5
23-11-2022,15.23,Wraith,4,5,1582,14
23-11-2021,18.86,Lifeline,17,1,1213,5
16-3-2020,3.65,Lifeline,1,3,293,18
6-12-2021,10.65,Gibraltar,2,1,261,15
9-4-2022,24.04,Gibraltar,9,2,2529,9
13-4-2021,4.95,Wattson,3,10,866,20
8-3-2020,20.76,Lifeline,3,4,822,8
2-5-2019,26.99,Crypto,4,4,705,4
12-7-2019,14.22,Bloodhound,4,2,916,20
8-8-2021,0.67,Lifeline,7,4,2312,5
17-2-2022,12.19,Lifeline,3,5,566,6
21-6-2022,23.73,Lifeline,14,15,4422,4
20-12-2021,13.12,Pathfinder,1,2,495,9
10-12-2020,7.28,Pathfinder,6,1,507,19
15-6-2021,0.31,Gibraltar,2,5,947,11
8-5-2020,5.64,Octane,1,1,247,13
5-8-2022,7.83,Gibraltar,14,2,1099,4
17-2-2019,13.2,Bangalore,1,11,2042,12
14-3-2021,17.58,Gibraltar,1,1,267,14
26-2-2020,22.01,Wraith,6,19,3479,14
26-9-2019,15.53,Lifeline,4,13,858,12
7-12-2020,7.61,Wattson,0,5,328,6
8-2-2020,28.48,Crypto,7,2,817,7
14-10-2021,8.73,Bangalore,7,8,3025,18
16-1-2020,7.39,Pathfinder,3,7,1369,13
29-8-2019,19.78,Bangalore,4,4,806,15
9-12-2022,21.92,Octane,10,4,3107,14
3-10-2019,8.63,Crypto,0,2,329,1
16-10-2019,1.08,Crypto,1,12,1626,14
26-9-2020,18.92,Pathfinder,17,13,6095,9
10-6-2021,17.86,Bangalore,8,7,2435,6
10-11-2020,8.14,Bangalore,2,15,2966,11
14-5-2022,4.13,Bangalore,1,2,439,17
30-8-2021,17.57,Crypto,12,3,3215,10
8-3-2019,26.85,Bangalore,6,3,763,8
21-4-2019,0.09,Octane,12,5,1761,7
30-5-2020,29.22,Wattson,12,9,3599,10
27-2-2021,0.13,Pathfinder,2,11,1461,15
31-1-2022,24.1,Pathfinder,3,4,894,13
1-6-2021,20.23,Gibraltar,5,4,1614,12
25-9-2022,0.51,Gibraltar,16,0,2334,19
1-8-2022,5.31,Lifeline,0,2,370,5
21-11-2020,9.81,Wattson,0,0,0,13
1-3-2022,14.68,Wattson,2,13,2459,7
4-10-2022,25.33,Octane,14,5,1927,15
8-12-2020,15.77,Wattson,2,8,1546,4
5-10-2021,6.1,Bangalore,3,11,1281,10
25-5-2021,4.15,Wattson,1,1,225,7
29-10-2021,14.44,Bangalore,2,6,1451,2
17-6-2021,27.9,Pathfinder,2,5,785,3
1-3-2020,2.32,Octane,3,3,791,14
17-11-2020,6.94,Pathfinder,7,1,941,7
19-5-2021,13.21,Lifeline,7,13,2771,13
12-11-2019,6.93,Lifeline,8,1,1456,14
7-10-2021,25.32,Octane,7,2,910,7
7-8-2019,29.29,Crypto,5,10,2617,15
5-6-2020,22.54,Gibraltar,8,11,3214,1
18-10-2022,2.82,Pathfinder,14,0,1839,11
3-5-2021,15.73,Bangalore,5,2,1521,14
16-11-2019,23.62,Crypto,18,6,1981,15
5-11-2022,21.01,Pathfinder,3,2,811,10
9-4-2019,19.35,Crypto,4,3,805,3
18-10-2021,12.29,Bangalore,4,5,1079,12
17-9-2022,14.7,Lifeline,2,11,1684,16
15-4-2021,23.71,Wraith,6,4,1394,7
20-8-2021,11.29,Bangalore,4,4,569,17
13-4-2022,16.8,Bangalore,16,3,3498,20
10-9-2019,21.32,Octane,2,2,438,19
10-9-2021,5.28,Octane,18,12,4748,5
22-12-2019,13.1,Octane,7,8,2666,15
22-5-2022,5.06,Crypto,0,8,796,13
26-1-2021,24.5,Crypto,18,15,3546,9
5-12-2021,11.24,Bloodhound,9,8,1486,4
31-7-2022,29.06,Bangalore,12,14,3376,5
4-10-2019,4.84,Crypto,5,6,1412,10
30-10-2021,15.71,Wattson,5,2,1163,9
14-6-2021,8.98,Gibraltar,13,1,1156,6
17-3-2019,21.59,Lifeline,3,3,325,4
27-6-2020,21.27,Wattson,10,9,1896,2
16-2-2020,4.49,Wraith,2,1,662,4
30-12-2021,16.56,Crypto,5,1,1255,14
24-1-2020,8.18,Bangalore,4,0,406,13
28-5-2022,10.63,Gibraltar,2,18,2906,16
5-11-2022,7.79,Wattson,3,0,677,5
28-11-2019,14.95,Bloodhound,1,7,1234,20
25-4-2022,3.41,Gibraltar,10,0,1803,10
8-1-2022,15.02,Wattson,11,5,3294,20
3-5-2021,27.39,Bloodhound,13,3,3398,18
8-10-2020,21.61,Pathfinder,4,2,1020,11
23-12-2021,27.76,Bangalore,2,15,2961,6
13-10-2020,7.66,Pathfinder,0,4,269,9
27-8-2021,4.42,Wattson,0,5,421,15
28-12-2022,3.49,Gibraltar,0,11,1909,11
8-9-2020,7.87,Crypto,0,5,599,11
3-12-2022,21.27,Octane,2,2,274,18
30-11-2020,21.99,Wraith,3,4,1020,12
3-11-2022,17.56,Gibraltar,8,18,3894,9
15-4-2022,0.28,Pathfinder,0,1,118,10
17-3-2021,25.87,Crypto,3,2,816,5
19-6-2021,2.21,Crypto,10,8,1915,1
3-5-2021,19.89,Crypto,4,12,886,11
10-10-2022,23.81,Gibraltar,7,4,820,20
16-1-2021,17.69,Bangalore,10,12,3415,17
21-6-2019,11.68,Gibraltar,2,12,1784,5
18-4-2022,25.26,Lifeline,4,9,2453,13
21-4-2019,1.01,Gibraltar,1,7,773,1
31-1-2021,14.46,Bangalore,1,1,426,6
12-1-2020,23.45,Gibraltar,2,3,726,12
13-7-2022,24.79,Octane,2,2,550,12
6-2-2020,19.42,Wraith,5,1,997,8
9-7-2019,8.81,Wattson,10,0,2386,16
27-10-2022,27.89,Lifeline,9,19,4252,19
26-1-2022,25.14,Gibraltar,2,17,2774,8
19-2-2021,8.51,Bloodhound,3,1,277,12
6-12-2022,16.07,Bloodhound,1,6,793,16
11-7-2021,4.25,Bloodhound,3,0,634,12
16-5-2022,1.21,Lifeline,7,9,2611,15
15-11-2021,18.79,Bangalore,3,9,1185,13
19-4-2020,1.12,Wraith,7,1,1232,12
8-11-2020,2.6,Crypto,4,3,1343,4
30-8-2021,17.2,Crypto,3,5,1223,18
23-6-2019,5.18,Lifeline,0,11,1609,3
29-10-2019,4.19,Bangalore,1,0,207,20
7-4-2022,9.42,Wattson,4,5,1536,17
30-4-2020,17.94,Octane,6,7,1047,10
7-7-2019,28.61,Pathfinder,4,6,703,9
4-10-2020,19.27,Wattson,9,4,2049,2
24-6-2022,5.64,Crypto,0,10,673,1
12-3-2020,29.32,Gibraltar,11,10,4045,12
29-3-2019,1.97,Crypto,6,7,2190,12
2-6-2020,10.77,Bloodhound,13,2,1202,7
1-8-2022,28.86,Bloodhound,9,3,1248,1
30-4-2020,4.62,Pathfinder,5,9,1500,8
16-1-2021,0.57,Wraith,2,8,933,5
26-2-2020,23.61,Pathfinder,8,19,2923,15
28-6-2019,1.37,Gibraltar,1,3,716,13
1-9-2022,29.13,Lifeline,2,5,457,20
13-8-2019,7.32,Pathfinder,0,4,677,15
20-5-2022,4.28,Lifeline,12,8,3630,8
2-3-2020,11.82,Wattson,8,3,1568,18
16-1-2022,26.11,Wattson,3,6,1043,16
27-2-2021,18.02,Octane,10,13,3291,9
13-7-2019,11.7,Wattson,16,12,5461,4
31-3-2021,23.06,Gibraltar,17,4,2282,20
12-10-2019,29.97,Bangalore,4,8,685,6
13-2-2022,19.11,Bloodhound,10,2,2612,16
10-3-2019,9.25,Bangalore,2,2,431,4
1-12-2021,29.27,Wraith,7,4,1677,1
29-8-2020,9.22,Wraith,15,0,2874,1
5-1-2021,15.29,Crypto,3,1,653,15
25-12-2021,28.37,Octane,9,4,900,7
21-8-2019,27.01,Wraith,10,8,3476,6
19-6-2020,27.43,Lifeline,14,11,5145,1
14-7-2020,16.22,Lifeline,1,13,1962,3
1-3-2019,27.11,Wattson,5,5,1209,3
12-6-2022,8.46,Gibraltar,0,13,2394,20
5-5-2020,8.0,Pathfinder,0,8,549,5
16-10-2019,23.21,Wattson,3,13,3044,20
10-8-2021,20.52,Gibraltar,14,3,3738,14
4-5-2020,17.11,Bangalore,4,11,2439,6
27-8-2019,12.35,Octane,11,2,1721,8
2-11-2020,17.9,Wattson,8,10,3699,3
14-3-2022,18.36,Bangalore,1,2,315,13
17-3-2021,4.49,Pathfinder,4,3,1146,18
16-4-2022,9.15,Wraith,11,3,1613,14
4-5-2019,26.03,Bloodhound,19,11,3491,18
20-12-2020,20.09,Bangalore,5,10,1326,7
15-2-2022,8.57,Gibraltar,10,8,2636,7
17-6-2021,18.31,Bangalore,7,1,914,3
20-6-2021,10.66,Wattson,1,13,1118,4
14-6-2022,26.28,Wraith,2,8,1862,13
22-7-2019,9.21,Lifeline,0,10,1817,5
10-5-2020,6.63,Crypto,4,1,715,7
5-7-2020,6.33,Lifeline,1,5,909,3
26-6-2019,21.44,Octane,2,3,286,5
9-6-2022,4.38,Octane,0,7,964,6
6-6-2020,22.41,Wraith,9,18,5412,5
19-3-2020,19.97,Bloodhound,1,3,532,14
25-10-2022,23.4,Pathfinder,6,6,1932,5
26-4-2020,5.22,Octane,4,6,2095,10
17-1-2020,4.9,Wattson,2,3,718,17
3-10-2022,11.64,Bloodhound,9,1,730,15
19-5-2019,19.02,Wraith,5,4,1084,9
17-6-2022,16.81,Pathfinder,10,3,2117,4
29-10-2022,23.4,Crypto,3,2,620,1
25-11-2020,15.81,Octane,1,11,696,9
15-11-2022,28.52,Gibraltar,10,6,1189,12
5-11-2022,21.57,Gibraltar,2,2,405,5
1-12-2021,25.87,Pathfinder,4,3,1061,16
22-8-2020,21.97,Bangalore,2,6,544,13
29-8-2022,13.27,Crypto,12,2,1597,16
11-4-2022,29.4,Bloodhound,11,7,2071,12
5-11-2019,12.25,Bangalore,1,9,1482,15
21-7-2021,21.76,Lifeline,2,5,844,14
7-7-2021,18.72,Bangalore,13,17,3582,9
7-4-2019,2.97,Crypto,1,2,243,10
7-6-2019,11.0,Bloodhound,11,1,1173,14
26-2-2020,1.38,Crypto,6,0,623,6
24-2-2020,9.02,Wraith,1,16,2327,14
4-4-2020,21.53,Wattson,9,5,2282,20
22-2-2019,6.43,Bangalore,1,1,424,20
27-5-2020,12.98,Gibraltar,6,19,4686,19
8-5-2019,25.84,Octane,2,15,1886,10
11-3-2022,24.96,Octane,2,19,3351,9
21-11-2022,26.31,Octane,2,12,2555,18
14-2-2021,17.1,Bloodhound,6,1,492,11
6-9-2019,10.64,Wraith,9,3,2508,17
7-7-2021,13.64,Wraith,6,3,1178,9
31-7-2022,13.5,Pathfinder,6,10,2830,7
27-2-2022,15.7,Lifeline,5,4,1746,4
11-6-2019,15.53,Bangalore,1,1,372,18
31-10-2020,0.51,Lifeline,1,14,2488,18
28-8-2019,12.41,Wraith,8,12,2537,18
20-2-2021,15.2,Wattson,10,3,1649,10
21-10-2019,13.38,Lifeline,13,8,1985,18
16-10-2021,13.25,Lifeline,1,2,191,14
15-3-2021,29.0,Bloodhound,6,4,1534,6
23-7-2021,6.79,Wattson,5,4,1667,12
20-12-2019,21.32,Wraith,3,4,1380,6
20-1-2020,5.1,Octane,6,1,883,1
10-2-2020,11.31,Crypto,2,6,1175,11
3-7-2019,0.04,Wraith,14,0,1428,19
31-10-2019,21.69,Bloodhound,16,9,5321,5
17-2-2019,25.47,Pathfinder,12,17,2823,20
10-7-2022,0.71,Crypto,2,13,958,14
23-2-2020,0.78,Bloodhound,5,1,551,17
13-9-2020,1.18,Pathfinder,12,3,2037,9
16-8-2020,5.97,Wattson,0,0,0,16
11-6-2019,16.28,Wraith,2,16,1655,4
28-4-2020,8.59,Gibraltar,2,5,1359,14
13-2-2020,1.29,Wraith,7,12,3508,19
16-5-2019,15.27,Octane,11,17,3233,15
30-10-2019,7.63,Bloodhound,6,5,973,8
19-8-2019,4.75,Gibraltar,3,14,1642,9
17-4-2020,20.23,Bloodhound,11,8,1906,2
28-7-2019,9.31,Pathfinder,4,4,469,9
13-2-2021,6.62,Wraith,16,5,4662,17
12-2-2019,18.73,Wraith,7,14,3901,15
19-11-2020,28.05,Wattson,15,6,1928,18
2-10-2020,3.58,Pathfinder,2,5,458,14
23-1-2022,4.43,Wraith,10,8,3124,3
25-3-2022,24.9,Wattson,8,2,725,14
8-9-2022,26.65,Wattson,7,4,2040,4
24-7-2019,19.7,Pathfinder,5,3,1379,5
17-1-2021,12.62,Bloodhound,1,1,140,16
31-5-2021,15.86,Bloodhound,13,9,3404,17
14-10-2020,17.56,Gibraltar,9,15,1480,5
22-11-2022,24.03,Gibraltar,3,4,682,9
6-12-2020,8.69,Crypto,1,3,586,16
11-7-2019,5.28,Bangalore,1,6,1111,15
17-5-2020,13.89,Wraith,1,6,1209,15
3-11-2021,19.97,Lifeline,1,2,530,5
24-2-2020,27.21,Crypto,10,8,1328,10
21-12-2021,15.74,Bangalore,1,3,614,19
23-5-2019,13.77,Crypto,11,16,4114,10
27-4-2022,14.41,Pathfinder,1,1,183,9
6-5-2020,1.47,Crypto,2,11,2315,13
21-8-2022,7.24,Lifeline,9,3,1752,19
14-8-2022,17.51,Octane,1,6,574,11
5-12-2022,3.23,Gibraltar,7,8,1741,10
19-3-2019,3.69,Bangalore,3,8,1832,4
25-9-2021,14.92,Lifeline,6,17,2768,19
27-5-2022,26.07,Bloodhound,3,16,1070,18
3-7-2020,13.22,Pathfinder,4,1,842,4
8-6-2019,22.42,Gibraltar,5,8,1106,2
19-8-2020,4.31,Lifeline,9,0,768,8
9-10-2021,17.06,Bangalore,5,14,3458,12
13-11-2019,29.2,Octane,3,10,1572,18
10-4-2022,0.42,Crypto,6,4,1744,1
6-3-2022,18.96,Bangalore,1,1,218,2
16-4-2019,9.3,Wattson,10,2,1207,10
17-3-2020,6.36,Crypto,4,11,1603,13
7-9-2019,19.22,Octane,1,1,112,16
21-3-2020,15.03,Gibraltar,4,2,1238,5
23-4-2021,26.19,Wraith,2,4,891,20
8-8-2020,3.27,Bloodhound,1,0,158,4
6-12-2019,2.0,Lifeline,2,1,658,20
22-6-2019,8.87,Gibraltar,10,6,2777,7
30-9-2022,23.27,Gibraltar,13,5,3472,18
29-4-2022,6.59,Bangalore,0,11,987,18
31-8-2020,3.88,Gibraltar,5,0,688,7
8-3-2019,24.15,Lifeline,11,6,3425,16
5-11-2019,13.82,Octane,1,3,753,1
17-8-2020,20.49,Octane,8,5,1684,18
7-12-2019,10.61,Octane,2,7,1058,20
20-2-2020,5.34,Octane,3,7,1489,1
22-11-2021,23.96,Wattson,3,3,628,3
2-8-2020,16.03,Pathfinder,5,1,388,2
18-2-2022,12.67,Wattson,1,4,319,19
21-1-2022,11.18,Octane,7,4,2316,13
15-8-2019,19.57,Crypto,1,11,1873,5
29-4-2022,5.94,Bangalore,1,2,300,18
2-7-2022,15.47,Lifeline,5,2,646,10
30-10-2020,28.55,Lifeline,16,6,1794,20
30-7-2019,16.21,Octane,6,1,952,5
7-1-2021,7.48,Wattson,6,0,778,4
8-1-2022,28.71,Wraith,3,11,2480,4
11-11-2022,1.99,Pathfinder,0,1,153,3
23-9-2019,0.99,Wattson,4,5,1381,5
26-4-2020,24.11,Pathfinder,2,10,1498,16
31-3-2021,3.24,Bangalore,0,6,1055,2
19-1-2021,21.01,Pathfinder,2,11,2422,2
2-8-2020,13.84,Wattson,1,1,271,8
24-4-2019,25.7,Crypto,9,11,3511,8
14-9-2020,13.4,Wraith,1,5,774,2
18-3-2019,10.04,Gibraltar,11,10,1588,4
7-2-2022,20.26,Bloodhound,10,8,3557,13
14-8-2021,26.37,Bloodhound,12,12,1501,8
14-4-2020,5.5,Bloodhound,3,0,707,7
11-7-2022,4.5,Bloodhound,5,3,1781,4
14-6-2022,8.65,Gibraltar,9,4,2533,3
19-5-2022,28.27,Gibraltar,4,9,1790,12
16-3-2020,16.06,Wattson,12,1,2796,6
10-9-2020,18.23,Lifeline,5,2,824,20
16-10-2021,17.82,Lifeline,13,6,3485,9
26-12-2019,17.66,Bangalore,1,7,1216,20
21-5-2020,10.71,Wraith,14,2,3182,5
6-2-2022,8.99,Bangalore,2,8,1743,1
8-9-2021,29.94,Gibraltar,5,9,1706,5
10-4-2019,7.05,Lifeline,4,5,1407,5
14-7-2022,23.1,Lifeline,8,6,1078,16
20-6-2021,25.14,Octane,12,18,2858,10
21-1-2021,25.53,Octane,2,10,2020,12
26-9-2022,16.36,Wraith,14,1,2197,6
16-4-2021,0.63,Pathfinder,0,13,1677,18
17-3-2020,8.89,Crypto,3,0,311,6
13-7-2019,29.82,Bangalore,8,4,1802,4
28-3-2022,3.03,Octane,13,0,832,4
9-4-2019,20.03,Crypto,13,10,4960,7
13-8-2019,9.6,Bangalore,5,8,2385,12
8-5-2021,1.17,Wraith,1,7,1296,4
23-4-2022,10.87,Octane,8,2,1496,1
27-4-2021,7.92,Bangalore,0,7,1254,18
28-12-2021,0.07,Wattson,2,1,549,2
7-8-2022,6.46,Crypto,12,1,2550,19
24-6-2022,13.67,Wattson,3,16,2809,19
30-8-2022,27.29,Wattson,15,4,1317,12
7-12-2020,4.45,Gibraltar,0,4,221,19
10-8-2021,16.38,Wraith,8,11,3955,6
4-6-2020,8.89,Wattson,3,6,960,8
23-8-2021,0.35,Wraith,8,6,1861,8
25-5-2021,27.82,Bangalore,4,7,633,12
18-3-2020,5.47,Pathfinder,0,3,300,7
8-12-2020,18.27,Gibraltar,2,4,499,4
3-6-2022,19.93,Crypto,12,1,1988,9
22-8-2019,2.34,Gibraltar,3,1,390,4
26-6-2022,21.13,Octane,9,11,3794,17
23-5-2022,13.55,Gibraltar,3,1,669,10
7-11-2021,12.49,Pathfinder,7,1,1069,1
8-9-2022,11.71,Lifeline,4,9,1633,9
8-3-2019,10.31,Pathfinder,16,3,3110,13
18-6-2020,23.07,Wattson,11,8,3780,3
21-10-2021,23.52,Wraith,5,14,2370,15
17-4-2020,17.08,Gibraltar,18,1,1792,2
7-3-2019,14.44,Gibraltar,18,2,1519,20
15-3-2019,0.35,Wattson,15,1,1545,20
7-7-2021,23.77,Bloodhound,16,6,2004,20
16-6-2021,18.88,Wraith,1,9,1189,2
2-7-2020,22.36,Octane,5,7,2268,6
18-11-2019,19.69,Wattson,2,2,627,16
8-7-2021,25.93,Octane,2,2,222,7
2-11-2022,3.23,Pathfinder,3,5,1270,1
11-12-2021,10.72,Bangalore,4,15,3316,19
7-2-2020,23.13,Wattson,10,5,1027,17
18-2-2021,4.54,Lifeline,4,10,2440,12
21-7-2020,24.85,Crypto,6,2,1372,16
3-12-2019,20.74,Lifeline,4,6,614,1
7-6-2021,11.13,Wraith,1,1,400,6
6-11-2020,4.78,Wattson,5,3,1149,6
10-10-2021,1.39,Wattson,14,1,2492,15
4-11-2021,20.39,Pathfinder,7,6,1023,13
18-12-2019,13.8,Pathfinder,6,2,506,12
13-8-2022,22.34,Gibraltar,2,5,1314,9
6-4-2022,5.85,Bangalore,10,11,1225,7
26-5-2022,24.69,Bloodhound,2,12,1344,3
7-11-2020,26.6,Wraith,11,12,4502,14
27-6-2021,28.0,Wattson,8,2,996,11
29-9-2019,19.33,Octane,5,1,1151,5
18-2-2019,11.74,Gibraltar,1,2,163,19
11-9-2021,15.65,Gibraltar,14,2,2229,19
1-5-2019,9.39,Wraith,0,10,745,12
23-7-2022,6.66,Crypto,7,1,888,14
26-4-2022,16.75,Crypto,7,7,2927,3
7-9-2019,18.33,Crypto,8,4,2258,8
29-10-2020,23.67,Octane,3,3,590,14
24-6-2020,19.32,Gibraltar,6,6,2442,16
21-4-2022,8.63,Bangalore,2,3,832,20
18-6-2022,4.39,Pathfinder,7,2,1500,19
22-7-2020,10.8,Bloodhound,1,2,536,13
18-3-2021,6.41,Crypto,2,0,292,16
19-7-2022,24.93,Lifeline,2,3,598,20
1-5-2021,5.28,Crypto,15,9,2267,1
2-11-2019,22.56,Wraith,19,16,7580,13
27-7-2021,6.34,Crypto,5,3,1140,14
3-11-2021,25.99,Lifeline,9,2,1506,3
3-6-2019,20.28,Crypto,7,14,1103,10
29-8-2021,20.42,Bangalore,3,2,310,2
8-11-2019,6.43,Wraith,7,9,2293,4
22-1-2021,3.4,Wattson,8,0,508,8
2-10-2020,0.85,Wraith,0,0,0,1
24-12-2022,9.53,Lifeline,7,8,1189,4
2-6-2022,10.28,Wattson,3,1,900,11
26-7-2022,20.83,Wattson,10,4,1717,20
1-9-2022,8.56,Crypto,3,2,868,4
21-4-2019,5.5,Gibraltar,2,1,422,3
22-9-2019,25.86,Pathfinder,2,4,612,15
9-3-2020,20.2,Wraith,4,3,1085,13
8-6-2022,7.88,Pathfinder,0,2,214,15
25-12-2019,22.06,Wattson,7,3,833,1
18-4-2022,28.78,Bangalore,2,3,792,7
26-8-2019,19.08,Pathfinder,4,14,2155,16
13-1-2021,4.67,Crypto,0,6,807,11
24-2-2019,19.16,Bloodhound,4,15,2609,9
8-1-2022,18.12,Bangalore,3,8,2123,10
15-12-2022,14.01,Wattson,3,3,480,2
25-2-2022,25.0,Pathfinder,3,7,501,5
26-10-2022,9.49,Wraith,3,1,525,17
14-6-2020,8.54,Gibraltar,2,3,1052,19
8-4-2021,15.19,Pathfinder,3,9,1385,19
12-10-2022,17.34,Gibraltar,1,6,326,5
14-8-2019,6.28,Pathfinder,2,10,911,5
9-7-2019,24.31,Pathfinder,8,2,1789,6
30-9-2021,4.09,Wraith,17,2,2088,9
26-5-2020,0.29,Octane,4,7,1509,12
21-4-2021,22.35,Wraith,3,2,709,4
20-8-2020,22.85,Wraith,6,2,1007,2
25-6-2022,5.35,Pathfinder,2,2,626,13
18-7-2019,4.15,Wraith,2,1,149,5
24-12-2020,4.43,Octane,2,3,603,1
27-9-2019,2.22,Crypto,3,9,1983,19
25-5-2020,6.59,Bangalore,4,5,778,19
23-6-2020,26.89,Gibraltar,5,8,1016,11
11-11-2019,5.01,Octane,18,4,1879,3
25-3-2019,19.26,Pathfinder,7,3,1841,10
1-5-2021,21.25,Lifeline,8,3,2040,17
17-3-2021,21.53,Bloodhound,8,2,2165,8
5-11-2022,28.8,Pathfinder,4,7,1332,16
1-12-2021,28.75,Lifeline,12,11,1242,14
21-2-2020,3.89,Octane,0,8,864,19
11-9-2020,20.58,Crypto,17,6,4406,10
14-8-2019,25.34,Crypto,4,2,1236,14
18-5-2020,15.75,Lifeline,5,4,715,11
12-7-2022,22.5,Lifeline,8,17,3297,13
4-1-2021,11.92,Wattson,12,5,2281,5
22-11-2021,1.82,Crypto,4,0,801,7
26-11-2021,17.9,Octane,12,5,3570,20
17-12-2021,15.17,Bangalore,1,4,670,6
18-6-2021,3.98,Bangalore,5,16,1928,17
1-12-2020,27.06,Crypto,5,3,1032,3
22-10-2021,13.72,Octane,6,1,1033,14
24-4-2020,21.0,Bloodhound,15,2,1261,17
28-6-2020,18.28,Octane,1,1,204,4
7-5-2020,18.3,Octane,7,4,2282,5
10-7-2019,10.05,Bangalore,2,6,651,9
17-2-2022,5.59,Octane,2,0,397,4
27-5-2022,14.53,Gibraltar,6,12,1681,19
1-7-2022,7.22,Pathfinder,14,5,3889,8
24-10-2020,28.39,Crypto,16,8,1828,2
23-5-2022,0.11,Pathfinder,0,0,0,4
16-12-2022,0.68,Bangalore,1,7,701,1
5-4-2020,18.98,Octane,7,7,2961,2
18-10-2022,9.66,Bangalore,0,8,1053,13
26-8-2021,26.24,Bloodhound,8,7,1905,3
29-11-2020,6.91,Bloodhound,9,4,2656,8
6-7-2019,21.42,Gibraltar,11,2,2059,2
10-12-2021,26.39,Octane,3,2,1010,15
16-3-2021,16.57,Pathfinder,13,9,4399,19
28-7-2020,6.36,Lifeline,3,2,703,12
5-5-2019,21.21,Lifeline,2,15,1947,10
25-7-2020,24.28,Octane,6,2,1035,4
21-7-2019,10.1,Bloodhound,2,6,898,7
21-4-2021,0.62,Lifeline,1,3,734,14
27-12-2022,0.18,Wraith,9,0,563,15
25-10-2021,28.58,Wattson,4,6,1608,4
29-5-2021,3.37,Gibraltar,3,2,447,4
21-11-2021,20.39,Bangalore,6,8,869,9
1-2-2021,25.55,Wraith,11,4,1579,14
4-12-2020,20.73,Gibraltar,4,12,1201,20
26-3-2019,5.26,Bloodhound,5,9,1115,20
24-10-2020,22.32,Gibraltar,3,7,928,11
10-4-2021,18.66,Bangalore,5,12,2835,9
26-9-2020,16.56,Bloodhound,1,9,1192,12
8-12-2021,25.46,Wattson,2,6,936,9
14-12-2020,5.4,Bloodhound,2,8,1214,5
28-1-2022,22.61,Wattson,8,3,1639,16
28-9-2021,21.05,Gibraltar,3,14,2499,19
28-4-2019,28.78,Bangalore,2,10,1343,11
24-4-2021,22.02,Gibraltar,4,2,739,2
16-6-2022,25.14,Bangalore,6,6,2046,18
18-3-2022,24.54,Lifeline,3,2,882,6
23-7-2021,8.62,Lifeline,3,14,2650,16
30-9-2019,3.6,Wraith,9,2,1016,1
12-4-2020,0.39,Octane,10,1,1616,14
22-4-2021,29.55,Lifeline,4,2,1150,1
6-4-2021,6.29,Pathfinder,0,5,914,20
10-6-2020,23.32,Wraith,6,2,1289,15
2-1-2021,29.95,Crypto,2,9,632,14
16-10-2021,2.76,Bloodhound,7,0,1111,1
7-10-2019,6.6,Lifeline,7,0,1412,14
28-4-2020,14.18,Wraith,3,1,455,10
29-9-2021,6.33,Bangalore,1,7,789,4
26-5-2019,0.46,Octane,0,10,915,2
10-5-2022,13.6,Wraith,3,1,603,6
15-8-2020,29.37,Wattson,2,2,293,4
10-3-2020,4.19,Octane,10,13,3707,20
27-3-2022,10.36,Pathfinder,8,6,1098,4
30-4-2021,20.95,Bangalore,2,4,650,16
1-4-2020,17.36,Lifeline,1,4,938,12
29-12-2021,23.46,Lifeline,3,15,3120,7
30-11-2020,26.2,Octane,13,3,1840,5
5-10-2019,20.96,Bloodhound,14,11,3514,16
28-6-2020,22.32,Octane,18,4,5088,18
4-7-2022,1.43,Bloodhound,8,0,1228,3
14-4-2020,1.65,Bangalore,2,6,1206,1
21-11-2019,10.11,Pathfinder,1,12,2541,16
12-2-2020,17.82,Pathfinder,10,7,1474,10
24-10-2019,17.03,Crypto,2,4,337,12
5-8-2022,2.22,Gibraltar,1,6,618,3
30-3-2020,6.83,Gibraltar,13,3,2614,11
9-5-2019,26.8,Wattson,16,7,3234,10
5-6-2020,23.71,Octane,4,17,3676,8
17-11-2022,2.8,Lifeline,0,2,302,2
10-4-2019,14.29,Crypto,8,6,2381,1
16-2-2019,4.82,Lifeline,5,1,340,11
12-1-2020,24.28,Wattson,2,8,909,1
30-7-2019,22.32,Octane,10,7,917,2
19-12-2022,15.83,Wattson,3,3,907,13
11-10-2020,24.38,Gibraltar,6,9,2232,1
23-10-2020,28.25,Bloodhound,4,8,766,19
6-12-2021,26.89,Wattson,2,17,3067,18
29-5-2021,1.5,Wattson,1,1,252,19
6-4-2022,25.91,Wraith,3,8,1273,19
31-1-2020,3.12,Bangalore,3,0,348,20
28-4-2020,12.66,Crypto,3,1,335,13
11-9-2020,22.64,Lifeline,2,12,2352,20
20-11-2022,13.74,Wraith,4,10,2576,7
12-2-2022,15.38,Octane,7,14,1311,2
3-12-2022,25.02,Pathfinder,2,6,936,20
1-4-2019,7.78,Crypto,15,0,1752,8
25-9-2021,8.14,Wattson,14,14,2209,16
10-6-2019,10.85,Lifeline,11,5,901,6
17-4-2022,28.62,Lifeline,13,2,1863,1
21-3-2022,28.47,Lifeline,3,7,1774,5
30-6-2021,26.21,Lifeline,7,3,1461,4
25-7-2021,10.74,Wraith,3,4,1278,2
15-8-2021,7.61,Octane,7,0,1165,5
22-2-2022,14.62,Lifeline,1,5,608,8
9-4-2020,11.21,Gibraltar,9,2,1660,15
6-8-2022,15.53,Bloodhound,13,8,2143,4
12-10-2019,24.99,Bloodhound,11,9,2750,8
16-12-2021,5.02,Wattson,1,17,1417,6
22-10-2019,20.64,Wraith,4,2,616,8
26-7-2021,9.6,Lifeline,0,8,741,6
19-6-2022,5.27,Pathfinder,5,5,1911,2
26-5-2020,14.8,Pathfinder,3,10,707,15
25-2-2021,29.42,Octane,2,3,991,4
14-7-2020,23.8,Octane,10,10,2465,15
11-5-2021,21.92,Bloodhound,8,3,1216,1
15-9-2019,17.81,Octane,5,11,2484,6
24-3-2019,7.97,Wraith,1,2,604,10
11-6-2020,22.9,Octane,5,3,817,13
11-2-2022,26.88,Wraith,4,4,729,18
24-11-2021,12.5,Octane,12,1,2965,20
24-6-2022,14.13,Pathfinder,1,2,522,20
13-1-2020,14.97,Crypto,8,6,2221,18
21-11-2019,20.61,Bloodhound,7,2,1708,10
7-10-2021,10.77,Octane,2,6,711,18
20-12-2022,3.42,Wraith,2,6,664,5
25-5-2022,25.56,Octane,7,4,759,1
31-12-2022,25.72,Gibraltar,2,7,582,15
1-8-2021,26.68,Gibraltar,6,11,1963,15
18-11-2020,9.38,Bloodhound,12,3,2960,7
20-8-2022,26.87,Pathfinder,3,5,618,18
11-10-2019,5.73,Wattson,3,11,1566,10
16-8-2021,2.2,Lifeline,3,1,545,8
21-9-2022,14.44,Octane,4,14,2255,7
23-12-2022,17.74,Gibraltar,10,9,3814,2
28-6-2020,15.04,Wraith,3,7,1533,8
9-10-2020,29.16,Bangalore,3,3,657,7
3-3-2021,28.02,Wattson,5,10,1828,5
22-12-2021,14.44,Lifeline,17,1,2719,4
18-3-2022,5.95,Pathfinder,0,6,387,1
31-12-2022,19.29,Wraith,7,3,766,6
15-5-2021,23.35,Pathfinder,5,11,1057,19
13-12-2021,23.76,Pathfinder,8,4,752,2
26-2-2020,29.02,Bangalore,12,18,2060,5
13-9-2021,21.89,Gibraltar,9,2,1062,4
14-12-2019,11.74,Wattson,2,2,802,18
22-8-2019,12.18,Gibraltar,2,1,285,19
15-11-2022,18.82,Bloodhound,3,3,1313,6
22-6-2019,13.49,Crypto,6,1,1589,12
6-3-2021,5.33,Pathfinder,15,10,3098,16
12-12-2022,18.08,Wraith,11,8,2840,15
19-8-2019,16.54,Bloodhound,13,1,1511,6
9-7-2022,16.95,Wattson,8,5,2343,3
23-7-2021,19.24,Octane,12,4,3268,8
9-8-2022,21.84,Bangalore,14,2,2196,15
15-12-2022,28.32,Bangalore,6,9,1530,6
17-4-2022,16.58,Bloodhound,14,7,3390,16
29-6-2019,8.26,Octane,1,0,135,11
18-6-2020,16.57,Wattson,2,16,3442,18
26-4-2021,17.99,Bangalore,1,8,1002,20
9-4-2020,3.43,Gibraltar,4,8,2043,14
8-2-2020,19.8,Gibraltar,8,19,2766,1
7-9-2020,18.27,Gibraltar,1,2,448,7
24-2-2021,20.24,Crypto,4,3,874,10
6-4-2022,9.25,Wattson,2,11,1368,13
28-3-2020,26.15,Octane,6,2,714,10
8-6-2020,23.49,Lifeline,12,4,2517,6
17-7-2021,10.36,Gibraltar,6,1,1578,2
29-12-2022,1.21,Bangalore,5,4,1481,11
5-11-2020,11.85,Lifeline,1,2,198,12
21-9-2020,10.57,Lifeline,7,2,1585,1
19-7-2021,29.17,Wattson,9,10,3034,8
24-10-2021,16.6,Octane,2,16,1562,10
5-12-2019,27.98,Gibraltar,12,11,2500,10
8-8-2020,3.71,Pathfinder,15,5,1610,6
14-5-2020,1.97,Crypto,11,6,2185,18
3-8-2020,2.65,Wattson,6,5,829,17
18-9-2019,24.34,Gibraltar,2,16,1929,8
26-3-2022,11.09,Wraith,2,2,754,14
22-2-2022,4.91,Crypto,0,6,314,7
15-7-2022,10.02,Gibraltar,2,8,1837,15
10-3-2020,17.73,Gibraltar,1,6,1112,3
14-10-2022,12.6,Pathfinder,4,1,449,19
7-12-2020,20.92,Bloodhound,2,6,512,11
18-2-2022,18.84,Octane,8,12,3998,12
7-11-2021,1.01,Lifeline,13,2,2423,8
10-9-2022,23.42,Gibraltar,2,4,810,18
2-5-2020,3.69,Bloodhound,1,9,1611,6
8-10-2021,7.07,Lifeline,10,7,1451,20
15-1-2021,21.86,Pathfinder,2,4,419,3
25-11-2021,9.35,Bloodhound,1,5,878,9
24-5-2020,26.39,Octane,3,2,940,16
29-7-2020,12.63,Crypto,12,4,2324,12
4-3-2021,3.03,Pathfinder,4,0,381,8
23-1-2022,17.78,Octane,1,4,680,8
21-10-2021,21.31,Wraith,3,4,879,1
27-8-2019,29.71,Pathfinder,3,9,1370,4
9-3-2020,2.88,Crypto,7,6,1071,15
4-9-2019,27.26,Gibraltar,8,8,2539,17
24-10-2019,3.44,Gibraltar,0,4,406,7
21-3-2020,8.25,Lifeline,3,0,527,20
24-3-2021,13.49,Bloodhound,5,12,2004,12
31-1-2022,6.23,Crypto,0,12,1254,14
22-3-2019,16.55,Wattson,14,2,1403,1
27-8-2022,12.38,Wraith,6,2,1548,6
6-5-2019,27.89,Bangalore,8,8,3401,17
22-5-2019,5.74,Bloodhound,0,14,2621,3
14-5-2022,6.86,Wattson,2,0,226,1
16-12-2022,9.81,Pathfinder,5,2,1093,9
29-10-2022,16.61,Lifeline,5,6,876,5
28-9-2019,16.64,Bloodhound,3,5,783,1
3-8-2019,4.77,Wattson,8,0,1817,8
11-7-2019,20.55,Gibraltar,20,12,4483,20
1-7-2021,0.92,Crypto,3,12,2945,13
5-6-2019,17.41,Wattson,2,10,1178,5
31-1-2020,22.51,Lifeline,14,7,3061,7
7-10-2022,2.68,Gibraltar,3,4,921,2
17-3-2019,12.61,Octane,4,6,1857,12
21-11-2019,28.4,Pathfinder,13,7,2936,17
13-3-2019,18.37,Bangalore,15,10,4654,6
11-10-2021,5.62,Crypto,6,3,1216,6
22-9-2020,29.19,Bloodhound,6,10,3179,10
10-5-2022,27.67,Bangalore,3,2,1031,13
26-10-2022,0.43,Wraith,1,0,103,3
19-3-2019,8.7,Crypto,2,4,792,13
10-1-2020,6.99,Crypto,6,3,673,4
10-6-2019,5.62,Wraith,0,1,80,2
20-11-2020,19.96,Crypto,1,2,384,9
23-5-2021,21.6,Octane,8,2,1266,19
15-3-2022,11.99,Pathfinder,1,4,690,12
20-4-2020,2.98,Pathfinder,2,12,1268,9
11-10-2019,29.17,Bangalore,3,18,2324,5
9-3-2019,6.69,Wraith,2,5,817,1
16-8-2022,6.05,Octane,6,1,418,12
1-5-2021,11.91,Gibraltar,2,12,1511,13
22-11-2021,10.66,Bangalore,9,1,1845,12
26-3-2022,14.79,Pathfinder,10,7,3637,14
29-7-2019,3.76,Pathfinder,9,10,3066,11
1-5-2020,9.76,Wraith,5,3,449,12
28-11-2019,17.29,Pathfinder,2,3,539,4
28-8-2019,0.87,Pathfinder,0,2,245,4
14-7-2022,24.0,Bloodhound,10,7,1425,14
12-6-2020,23.01,Bloodhound,3,4,1172,15
28-11-2022,21.96,Wattson,9,8,2141,12
5-12-2020,9.68,Gibraltar,0,8,396,20
28-9-2020,28.16,Pathfinder,6,6,2487,12
30-12-2021,8.01,Crypto,0,9,687,19
23-8-2020,6.68,Bloodhound,6,1,911,7
24-12-2019,12.28,Pathfinder,5,11,2046,12
8-4-2022,20.92,Octane,11,3,2324,14
21-7-2021,20.47,Pathfinder,5,2,1445,14
27-6-2019,14.23,Crypto,5,4,1729,13
21-10-2021,20.63,Lifeline,5,2,1277,14
25-4-2019,20.55,Lifeline,4,5,1109,16
31-10-2019,14.73,Crypto,13,2,3316,1
6-7-2022,10.94,Wraith,10,9,2305,13
5-4-2020,10.0,Bangalore,13,17,2707,4
13-9-2022,1.54,Wattson,9,10,2803,16
12-3-2021,12.59,Pathfinder,8,11,1932,6
5-9-2021,20.99,Lifeline,2,9,1132,4
29-7-2022,11.3,Bloodhound,10,9,2727,19
5-12-2021,28.18,Crypto,2,3,997,15
29-12-2020,3.1,Gibraltar,8,0,1231,8
1-4-2021,1.56,Crypto,0,7,780,11
17-2-2021,20.97,Wattson,9,2,677,11
22-10-2020,24.52,Lifeline,18,16,3861,20
7-5-2020,22.99,Bangalore,11,8,2968,11
18-10-2020,7.71,Bangalore,2,9,936,8
20-10-2022,13.78,Octane,2,7,602,12
24-2-2022,3.15,Bloodhound,0,4,691,14
10-9-2022,0.87,Crypto,1,0,189,10
28-8-2022,26.43,Pathfinder,4,4,668,8
19-12-2022,23.21,Wattson,15,20,5879,16
24-8-2020,11.47,Pathfinder,13,9,2278,18
13-7-2020,5.51,Gibraltar,0,2,215,14
8-12-2019,28.92,Bloodhound,4,2,1162,12
7-11-2021,20.0,Bangalore,2,13,2221,7
12-3-2021,26.39,Bangalore,17,9,3472,6
17-2-2021,4.93,Wattson,10,19,1946,5
8-3-2019,6.29,Lifeline,2,2,499,18
27-10-2022,8.93,Pathfinder,0,0,0,17
15-1-2021,20.76,Octane,11,13,4081,17
23-8-2021,14.39,Bangalore,5,3,1541,17
18-7-2022,29.6,Bangalore,8,3,857,19
7-10-2019,20.98,Gibraltar,6,2,572,3
1-10-2019,18.02,Octane,7,7,1572,9
12-4-2022,15.32,Bangalore,2,4,589,17
13-8-2019,6.17,Wattson,1,0,130,7
22-2-2020,27.93,Pathfinder,3,10,1412,19
2-6-2021,1.77,Pathfinder,15,7,1952,15
11-8-2020,15.37,Octane,10,4,2929,9
23-11-2020,0.7,Bloodhound,12,2,2565,7
17-12-2019,25.07,Lifeline,11,10,3696,15
5-10-2021,11.97,Gibraltar,3,1,518,11
2-10-2021,26.3,Lifeline,2,3,918,11
30-12-2019,24.25,Wattson,2,8,1493,6
21-1-2020,23.9,Bloodhound,3,3,404,14
13-5-2021,24.12,Bangalore,5,7,2398,12
18-5-2021,9.49,Crypto,0,3,172,3
22-12-2022,10.55,Crypto,6,6,1990,9
10-7-2022,4.15,Wattson,0,0,0,1
1-12-2021,3.79,Wraith,6,7,831,20
16-3-2019,4.92,Pathfinder,5,1,479,1
23-7-2019,5.75,Pathfinder,0,15,1363,16
21-3-2020,29.37,Bloodhound,18,2,2469,15
7-2-2021,27.45,Gibraltar,15,5,3301,9
29-10-2021,28.15,Wattson,12,3,2102,11
11-10-2019,16.37,Wattson,1,7,640,15
26-3-2021,18.92,Bloodhound,1,13,2530,19
5-3-2022,12.22,Crypto,7,17,1815,18
18-10-2019,4.0,Wattson,13,2,3192,16
24-8-2021,9.96,Gibraltar,10,6,2853,11
25-3-2019,6.95,Lifeline,15,3,2417,3
20-1-2020,12.53,Wraith,10,10,3706,18
22-6-2019,29.39,Wattson,10,9,2428,4
1-11-2020,3.59,Pathfinder,1,10,1788,3
18-4-2022,28.34,Gibraltar,7,19,1866,20
16-6-2022,8.45,Crypto,0,5,723,4
5-3-2020,14.71,Wattson,9,1,1740,10
26-4-2020,0.99,Wraith,2,1,330,7
22-8-2021,20.85,Bloodhound,8,9,2338,10
28-4-2022,8.45,Wraith,3,14,3240,7
8-8-2020,1.09,Crypto,9,0,1019,12
7-12-2020,25.81,Bloodhound,9,7,1956,10
8-10-2021,24.4,Lifeline,5,2,410,7
17-7-2022,8.86,Octane,3,4,1292,13
24-11-2022,27.94,Crypto,10,11,2970,11
16-8-2021,29.94,Bangalore,3,2,483,11
16-10-2021,28.8,Lifeline,9,2,1201,14
3-11-2020,9.49,Pathfinder,1,0,192,1
30-10-2021,20.9,Crypto,9,5,3071,18
9-6-2019,24.97,Bloodhound,3,2,405,17
13-8-2022,20.34,Lifeline,4,6,842,6
25-3-2019,14.9,Bangalore,2,7,607,16
14-8-2022,11.38,Octane,4,11,1173,20
18-8-2020,9.37,Pathfinder,7,13,3423,1
25-7-2019,27.99,Wattson,3,7,1972,16
1-3-2021,28.15,Pathfinder,11,7,2214,17
25-6-2019,28.1,Bangalore,3,2,546,18
8-3-2019,27.24,Wattson,6,2,1584,4
14-12-2020,24.83,Pathfinder,4,3,896,20
19-11-2019,22.23,Bangalore,10,2,1531,1
7-6-2019,26.63,Octane,8,2,677,14
5-12-2020,12.05,Gibraltar,4,14,2748,3
16-10-2020,27.66,Lifeline,8,9,2459,6
28-8-2022,9.82,Lifeline,14,16,2195,4
30-12-2022,21.17,Wattson,9,2,695,3
19-8-2020,13.73,Wattson,1,9,936,14
22-9-2019,24.01,Bangalore,15,17,2256,1
16-12-2019,24.92,Crypto,6,2,627,5
4-4-2020,2.8,Lifeline,1,1,336,16
28-3-2019,28.52,Bloodhound,2,2,716,14
26-5-2020,27.98,Octane,13,3,2314,14
17-8-2022,21.02,Octane,2,20,2197,4
17-3-2022,14.23,Lifeline,3,3,662,15
11-6-2019,1.19,Bloodhound,7,2,800,8
16-10-2022,11.18,Lifeline,2,6,467,3
18-6-2021,1.42,Bloodhound,0,0,0,16
14-3-2020,26.81,Octane,10,5,1821,10
15-3-2020,28.44,Wraith,3,4,1148,11
24-7-2021,23.46,Wattson,3,10,1472,12
22-6-2022,27.16,Crypto,11,7,2818,4
2-5-2020,8.98,Bangalore,8,4,2165,16
18-1-2020,3.32,Bloodhound,5,0,677,13
16-1-2021,17.05,Bloodhound,7,1,769,15
10-2-2019,18.56,Gibraltar,14,1,2421,10
7-8-2022,18.29,Gibraltar,2,9,2006,13
14-12-2022,6.45,Wattson,0,5,846,16
20-6-2022,12.92,Pathfinder,13,4,1936,4
15-12-2021,29.12,Crypto,2,6,428,19
3-12-2020,0.3,Bangalore,1,0,81,1
5-8-2021,21.29,Bloodhound,5,2,967,2
27-7-2020,12.31,Gibraltar,14,3,1092,13
26-11-2019,21.12,Bangalore,2,13,1820,1
5-9-2022,20.83,Wraith,4,3,511,15
10-1-2021,13.19,Pathfinder,1,4,832,2
5-11-2022,4.27,Wattson,3,12,754,15
16-2-2019,2.93,Wattson,4,1,737,15
13-3-2020,23.98,Wattson,10,6,2584,11
30-9-2020,7.1,Gibraltar,0,4,507,20
31-8-2020,0.38,Lifeline,1,0,200,18
18-4-2022,24.68,Crypto,10,13,2139,13
7-1-2020,18.54,Pathfinder,1,7,1126,18
17-12-2021,2.11,Octane,5,5,2010,2
18-12-2020,16.84,Wraith,2,14,1465,17
4-4-2022,20.53,Lifeline,2,7,1326,10
5-5-2021,1.41,Gibraltar,3,16,2576,7
8-4-2021,0.69,Wraith,1,1,265,6
19-8-2020,20.01,Bloodhound,16,4,3096,10
5-12-2019,4.25,Lifeline,2,3,618,14
25-5-2020,29.73,Gibraltar,2,11,1313,4
2-4-2019,8.9,Crypto,2,1,367,13
3-11-2020,27.62,Crypto,4,3,765,5
22-2-2019,21.33,Crypto,9,13,2146,5
4-11-2019,5.95,Pathfinder,6,1,439,19
17-1-2020,16.21,Lifeline,2,6,1095,18
13-2-2020,25.4,Wraith,13,10,4516,10
18-6-2019,19.83,Lifeline,4,4,1067,9
16-4-2021,15.7,Gibraltar,3,3,875,2
24-10-2021,6.68,Wattson,6,0,436,19
12-8-2021,23.49,Pathfinder,9,12,2235,7
24-6-2022,24.27,Bangalore,3,15,1763,12
27-8-2020,14.52,Gibraltar,3,6,1156,2
24-9-2020,10.49,Bloodhound,1,3,474,13
18-4-2020,19.07,Wattson,1,9,1421,4
26-2-2020,19.44,Bangalore,3,4,1311,10
15-7-2019,4.94,Gibraltar,11,0,2403,3
8-5-2019,1.89,Wattson,13,8,3420,18
29-8-2020,27.06,Wraith,9,3,2383,18
6-5-2022,2.88,Octane,0,7,1296,20
29-8-2020,23.59,Wraith,11,10,2414,14
14-7-2021,2.18,Crypto,4,1,447,5
19-2-2019,16.87,Pathfinder,3,11,1706,4
27-9-2021,9.4,Pathfinder,9,0,769,8
29-9-2020,0.77,Bangalore,16,5,1824,11
11-12-2021,4.69,Bloodhound,1,1,427,3
20-8-2019,19.62,Octane,16,2,3017,9
21-11-2021,11.96,Octane,10,1,1462,3
27-8-2020,5.24,Crypto,1,0,178,12
12-8-2019,3.25,Wraith,0,6,987,13
13-7-2021,24.86,Bangalore,8,3,2354,12
9-3-2020,18.06,Bangalore,3,9,1754,3
18-12-2020,19.88,Bangalore,3,5,783,20
8-2-2021,4.84,Octane,4,9,2555,15
30-6-2020,10.66,Bloodhound,18,1,3448,16
26-2-2022,0.69,Bloodhound,4,0,547,3
12-11-2022,12.24,Wraith,17,2,2182,6
15-4-2019,0.67,Wraith,0,3,428,15
28-4-2019,2.91,Wraith,7,13,2021,11
31-1-2022,17.93,Gibraltar,2,1,278,10
19-1-2022,4.14,Gibraltar,9,2,634,15
14-3-2020,25.75,Octane,2,3,689,7
19-2-2021,8.04,Wattson,2,7,609,14
16-6-2022,3.02,Octane,4,5,1340,15
3-7-2021,13.3,Bloodhound,13,1,2056,9
17-6-2022,0.05,Octane,6,5,1121,9
12-3-2021,2.56,Bangalore,0,19,1994,12
28-7-2022,19.9,Gibraltar,4,3,1112,2
21-5-2021,19.35,Lifeline,4,12,2514,15
16-5-2021,17.19,Bloodhound,4,2,1209,6
20-4-2022,4.29,Bangalore,9,6,2907,12
19-7-2021,22.92,Wattson,2,10,2378,15
9-2-2021,26.21,Pathfinder,16,2,3052,12
14-3-2019,7.32,Octane,7,1,1803,18
22-7-2020,9.63,Bangalore,0,3,296,12
23-9-2020,5.78,Wraith,3,7,1492,3
5-10-2019,0.8,Wattson,7,2,1045,16
25-6-2020,3.2,Lifeline,12,3,3123,14
26-9-2021,27.41,Lifeline,2,2,691,18
8-1-2021,12.25,Crypto,1,9,1486,15
2-5-2020,3.67,Wraith,2,2,361,15
25-3-2019,2.22,Pathfinder,8,3,1068,11
9-12-2022,9.58,Gibraltar,3,3,432,13
30-10-2020,23.56,Lifeline,5,12,3136,13
10-10-2020,28.33,Lifeline,4,15,2386,10
15-11-2021,10.98,Bangalore,14,2,2365,13
20-10-2020,8.28,Wattson,17,1,2411,15
11-6-2020,4.88,Crypto,1,10,2021,18
10-11-2019,4.58,Bangalore,1,0,144,17
20-9-2020,4.31,Crypto,1,10,1750,9
1-12-2019,13.23,Wattson,1,4,651,17
21-11-2019,0.92,Bloodhound,19,5,4568,18
15-7-2021,4.37,Bloodhound,1,6,801,13
17-11-2020,10.19,Wattson,4,10,1361,20
10-3-2020,24.62,Crypto,3,12,1079,5
23-6-2021,8.51,Wraith,6,2,1635,15
9-12-2020,0.63,Gibraltar,10,0,1846,8
16-11-2019,17.36,Gibraltar,14,3,1507,14
9-10-2021,17.18,Lifeline,11,1,1612,9
29-9-2022,26.12,Wattson,7,15,1473,16
12-7-2022,5.44,Gibraltar,0,2,349,18
15-1-2022,19.33,Octane,2,8,1806,12
29-11-2019,29.79,Crypto,2,3,728,3
8-9-2019,25.93,Crypto,5,2,652,5
5-11-2019,17.74,Wraith,10,6,1786,7
23-6-2022,10.46,Octane,1,3,473,14
10-12-2020,7.65,Lifeline,0,8,631,9
13-8-2022,18.96,Octane,8,9,1625,17
30-12-2019,18.66,Bloodhound,13,5,1458,15
24-11-2020,3.06,Wraith,5,0,1061,19
27-10-2020,17.71,Pathfinder,14,1,1877,2
30-8-2021,1.76,Bloodhound,8,0,1394,4
9-6-2021,20.44,Gibraltar,6,3,1630,6
17-3-2019,18.78,Wraith,3,5,1010,16
2-2-2021,22.6,Octane,13,2,1511,15
10-5-2019,26.01,Gibraltar,3,6,516,6
20-11-2019,5.79,Bloodhound,10,0,852,9
19-11-2019,9.6,Bloodhound,0,2,371,12
10-10-2019,17.02,Pathfinder,12,10,2920,1
8-4-2019,11.89,Crypto,2,5,595,13
16-8-2021,24.13,Bangalore,2,6,946,17
31-10-2019,15.89,Pathfinder,8,2,2078,12
30-11-2021,13.18,Wraith,10,4,2858,20
13-10-2019,28.31,Wraith,2,10,1808,3
26-3-2019,14.73,Octane,13,1,2455,19
17-5-2021,15.89,Pathfinder,8,4,1057,6
23-6-2022,3.9,Lifeline,11,12,3836,9
30-12-2021,9.41,Octane,0,2,314,6
2-5-2019,24.66,Crypto,21,6,2892,16
16-8-2021,1.17,Bangalore,5,7,2313,20
27-12-2020,14.14,Crypto,18,7,4318,2
12-11-2019,13.96,Wattson,1,2,355,19
20-2-2020,14.23,Crypto,9,7,1134,1
12-1-2020,24.13,Gibraltar,3,11,2302,11
26-7-2021,16.64,Octane,2,3,454,13
30-3-2019,17.83,Lifeline,1,7,1454,11
5-8-2022,24.68,Crypto,7,9,1185,15
9-12-2022,3.44,Lifeline,1,4,785,18
21-7-2022,15.65,Bloodhound,1,11,1331,15
7-5-2022,26.43,Lifeline,14,2,926,6
21-1-2020,15.21,Wattson,2,3,721,19
5-9-2021,14.42,Wraith,2,6,1187,8
8-9-2020,5.71,Wattson,2,1,390,11
17-11-2019,26.24,Bangalore,2,6,1576,15
11-6-2019,3.67,Wraith,12,1,886,16
24-6-2022,16.97,Gibraltar,1,6,1303,18
4-2-2021,15.19,Crypto,7,2,828,11
14-6-2021,18.67,Octane,3,6,787,14
6-10-2020,8.98,Octane,7,0,1466,5
23-9-2021,13.11,Gibraltar,7,5,2164,16
12-1-2020,7.74,Gibraltar,0,2,297,2
20-10-2020,20.17,Octane,10,2,1535,6
2-12-2021,28.16,Wraith,9,4,1346,4
17-12-2021,20.16,Bloodhound,2,3,402,20
28-3-2020,9.71,Bangalore,0,5,769,12
3-4-2021,19.83,Octane,6,1,1487,13
23-7-2019,15.65,Gibraltar,1,1,388,15
29-11-2022,25.7,Lifeline,7,4,1426,6
28-1-2021,10.12,Bloodhound,4,2,503,15
15-11-2021,18.12,Crypto,8,11,1954,7
1-8-2020,28.58,Wraith,2,5,1096,5
15-5-2020,2.51,Crypto,7,0,1303,2
18-3-2019,11.04,Wattson,3,6,1388,7
17-11-2021,6.38,Gibraltar,9,10,2350,3
23-1-2020,23.74,Bloodhound,3,4,1228,14
3-11-2021,8.24,Crypto,0,1,118,3
20-9-2019,4.49,Bloodhound,3,15,1236,6
17-4-2022,13.34,Lifeline,3,13,2502,19
4-10-2022,23.08,Octane,12,10,4510,15
19-2-2021,17.54,Wraith,1,16,1586,16
13-3-2021,6.64,Bangalore,4,9,2385,18
24-6-2022,16.73,Octane,3,6,866,5
9-2-2021,26.76,Bloodhound,15,15,5597,2
5-4-2021,16.62,Gibraltar,2,3,381,7
10-3-2019,5.64,Wraith,6,8,1348,5
19-7-2019,8.46,Bloodhound,5,2,700,17
17-4-2019,10.63,Wattson,3,15,2544,10
8-2-2021,12.24,Crypto,1,18,3019,14
31-12-2019,4.7,Octane,1,4,767,14
15-9-2022,18.04,Lifeline,3,8,1125,19
21-5-2022,28.69,Crypto,4,10,1382,7
25-6-2019,1.29,Crypto,14,4,2248,15
24-6-2019,6.45,Pathfinder,17,5,4583,13
24-5-2022,20.68,Bloodhound,3,12,1745,19
8-9-2021,24.24,Lifeline,5,4,1154,16
18-3-2022,24.26,Bloodhound,8,8,1564,8
8-5-2020,27.75,Crypto,3,2,421,13
23-12-2019,0.24,Wraith,6,3,621,5
6-9-2022,8.47,Wattson,11,1,1052,15
19-2-2020,3.89,Lifeline,1,0,220,13
5-1-2021,28.49,Pathfinder,16,3,3125,9
2-6-2019,0.3,Wattson,2,9,2095,14
11-10-2020,24.86,Gibraltar,3,9,1792,17
21-1-2021,0.49,Wraith,0,6,733,1
14-12-2020,2.76,Bloodhound,2,8,913,4
9-2-2022,12.79,Gibraltar,1,1,346,3
22-1-2020,27.01,Wraith,2,6,583,20
25-9-2022,12.82,Lifeline,2,4,714,12
1-1-2022,0.73,Bloodhound,6,0,1397,20
6-11-2019,7.36,Wraith,5,0,332,2
5-5-2019,2.3,Octane,0,7,1200,3
5-7-2019,21.1,Wraith,16,3,4073,19
12-11-2020,22.49,Crypto,7,11,3424,11
25-12-2022,24.45,Bangalore,2,6,1362,18
4-5-2021,21.85,Gibraltar,2,2,420,18
3-1-2022,1.12,Pathfinder,2,0,339,11
4-4-2022,7.87,Wraith,2,8,1049,4
4-7-2019,22.75,Lifeline,14,4,1420,14
9-7-2019,1.26,Lifeline,0,8,544,17
31-3-2019,23.58,Pathfinder,3,2,524,7
25-3-2022,18.71,Pathfinder,2,2,385,16
10-5-2021,27.71,Bloodhound,10,2,1159,6
25-12-2022,26.53,Gibraltar,8,4,1993,3
7-10-2021,20.33,Bloodhound,2,20,1287,7
19-11-2020,9.14,Lifeline,3,4,795,19
27-7-2019,23.02,Lifeline,6,6,2486,13
15-6-2022,17.64,Pathfinder,8,2,2146,8
11-7-2020,16.39,Wraith,11,2,1926,3
24-11-2019,18.45,Octane,7,1,647,12
27-6-2019,14.06,Bloodhound,3,4,472,16
12-5-2020,2.9,Bangalore,14,3,3523,4
26-6-2020,4.58,Bloodhound,5,5,2126,7
18-6-2019,3.14,Pathfinder,1,8,812,4
27-1-2021,11.75,Bangalore,11,3,2250,6
23-3-2022,14.79,Octane,1,4,666,9
29-4-2019,5.62,Crypto,6,2,1575,10
24-6-2021,5.18,Bangalore,8,0,711,19
27-5-2020,6.51,Bangalore,1,5,463,8
14-2-2022,14.28,Pathfinder,8,4,1102,18
13-2-2022,11.73,Crypto,1,7,1146,8
8-10-2019,21.18,Lifeline,4,13,1134,10
13-11-2019,3.06,Wraith,1,4,331,13
20-12-2021,14.02,Octane,1,2,318,5
14-4-2021,2.61,Crypto,10,13,3666,1
19-11-2021,15.75,Octane,10,2,1209,1
8-10-2019,0.4,Gibraltar,0,6,970,4
23-7-2022,7.35,Wattson,0,2,201,3
24-11-2019,10.9,Wattson,20,17,5276,14
20-3-2021,1.62,Wraith,4,3,1062,19
20-3-2020,8.48,Wraith,1,3,443,15
20-6-2020,27.76,Crypto,13,5,2228,13
21-8-2021,17.11,Crypto,11,7,1540,17
28-12-2019,19.17,Octane,1,5,450,16
10-7-2019,6.32,Pathfinder,4,8,1227,8
5-8-2019,10.6,Wraith,6,12,1424,11
3-11-2022,9.15,Octane,0,1,198,20
30-9-2021,21.22,Pathfinder,15,14,5602,5
3-7-2020,13.23,Lifeline,1,8,581,13
18-10-2019,3.22,Bangalore,12,8,2600,6
29-6-2022,10.95,Pathfinder,11,6,947,1
6-3-2020,0.62,Bloodhound,2,15,2065,13
16-4-2022,0.88,Octane,1,4,654,9
1-10-2019,8.5,Lifeline,7,16,2479,14
28-2-2021,5.9,Lifeline,14,2,2020,16
20-10-2019,9.24,Lifeline,2,8,1161,12
19-5-2020,10.49,Wraith,3,12,2218,16
11-6-2020,22.66,Bangalore,3,8,964,4
5-11-2022,5.99,Wattson,2,7,1298,3
26-4-2019,4.35,Crypto,10,2,1869,13
7-6-2021,21.22,Wraith,2,7,468,18
12-12-2022,12.16,Lifeline,6,15,2164,10
18-2-2019,12.7,Bloodhound,1,11,1313,2
8-1-2022,13.02,Octane,7,8,2433,20
31-10-2019,27.01,Bangalore,5,7,1323,6
4-9-2020,18.58,Bloodhound,2,1,534,18
13-11-2019,24.82,Bloodhound,12,6,3674,12
7-2-2020,19.55,Wraith,5,1,504,8
7-9-2022,22.73,Pathfinder,10,6,1806,3
14-8-2021,17.12,Bangalore,1,5,870,14
6-5-2022,17.18,Bangalore,3,1,704,12
28-11-2020,28.09,Bloodhound,2,7,743,6
16-6-2020,25.1,Wattson,4,7,1592,19
4-6-2020,10.34,Pathfinder,5,9,2525,11
10-11-2022,7.74,Lifeline,0,8,1288,10
13-4-2021,17.55,Wattson,7,11,2768,2
10-12-2020,5.48,Gibraltar,0,5,597,16
6-5-2019,23.01,Wraith,10,6,3441,15
30-3-2021,14.18,Pathfinder,2,9,1677,18
26-11-2022,7.82,Crypto,13,7,3931,5
14-2-2022,15.88,Lifeline,3,13,2476,17
6-8-2022,24.02,Bloodhound,4,16,3634,9
7-2-2022,23.19,Pathfinder,2,13,1519,9
7-4-2019,17.8,Bangalore,6,1,1009,19
4-12-2020,29.96,Gibraltar,3,15,3050,5
28-12-2020,8.73,Lifeline,4,1,582,4
15-1-2021,9.83,Wraith,2,0,384,11
24-6-2021,24.23,Crypto,6,10,2349,13
1-11-2021,14.99,Octane,6,13,1273,7
10-9-2019,28.57,Pathfinder,8,9,1091,1
29-7-2021,20.73,Pathfinder,10,6,1186,13
23-4-2021,9.3,Octane,0,7,319,18
8-10-2019,28.64,Gibraltar,9,7,3452,3
9-12-2019,14.69,Wattson,13,1,965,2
31-12-2019,5.31,Bangalore,1,3,434,15
9-5-2021,4.59,Wattson,0,9,438,10
4-7-2021,18.95,Wraith,2,1,335,10
22-8-2022,19.92,Crypto,1,3,772,20
5-11-2022,3.97,Crypto,3,1,374,13
31-3-2019,26.08,Wattson,3,3,943,11
23-7-2020,29.11,Bangalore,3,8,1097,11
1-4-2021,21.25,Bangalore,11,4,1041,10
26-6-2022,8.01,Crypto,1,12,1645,16
11-10-2019,17.61,Octane,2,3,387,5
6-4-2022,27.94,Bangalore,14,3,3328,17
13-3-2022,2.12,Wattson,2,0,200,7
29-7-2019,8.07,Bloodhound,4,0,906,10
6-2-2021,2.63,Wattson,8,8,1654,5
23-2-2021,6.2,Wattson,3,0,568,13
8-12-2022,19.63,Octane,8,2,2011,12
19-12-2022,20.46,Pathfinder,4,3,864,11
9-6-2020,24.96,Gibraltar,2,5,793,12
30-8-2019,23.37,Wraith,5,3,1094,7
7-2-2021,15.91,Bangalore,2,5,616,13
27-8-2020,21.11,Crypto,3,11,1402,18
3-2-2022,15.57,Bloodhound,3,2,886,20
8-2-2021,19.9,Wattson,6,1,435,17
3-10-2022,19.54,Lifeline,6,7,1643,17
9-5-2021,9.65,Bloodhound,0,11,799,14
14-2-2021,1.17,Bangalore,1,13,2385,5
14-7-2019,13.14,Lifeline,1,11,1189,1
17-7-2022,11.6,Octane,1,4,685,8
11-9-2019,11.72,Lifeline,7,1,1752,16
6-11-2020,25.23,Wraith,9,2,863,16
7-2-2022,18.6,Gibraltar,2,4,1214,7
15-4-2021,1.32,Crypto,3,3,495,19
22-11-2020,5.91,Crypto,2,0,215,20
16-6-2020,0.61,Octane,0,9,1108,10
25-11-2019,13.22,Bloodhound,1,1,235,3
12-2-2020,28.7,Bloodhound,2,9,1957,14
13-6-2019,28.8,Wraith,4,2,1020,2
29-4-2021,7.9,Octane,1,0,199,20
15-6-2020,21.55,Pathfinder,2,13,816,9
3-12-2020,2.89,Gibraltar,1,11,1580,10
8-9-2020,22.66,Crypto,8,3,1494,17
1-5-2019,0.35,Gibraltar,4,1,626,9
17-7-2020,25.82,Octane,7,3,1613,15
3-12-2021,22.5,Wraith,2,12,896,6
22-7-2021,25.05,Bloodhound,3,2,665,4
6-3-2019,8.78,Lifeline,0,3,316,16
6-5-2020,27.51,Bangalore,6,5,1153,17
24-6-2021,10.56,Pathfinder,1,3,405,19
15-6-2022,28.39,Bloodhound,9,2,2288,15
3-5-2020,22.78,Wraith,2,2,625,9
6-5-2019,22.25,Bloodhound,3,8,1967,18
11-12-2021,10.25,Wraith,11,16,2454,10
27-3-2020,11.05,Octane,1,1,381,17
3-4-2022,8.61,Wattson,1,16,2964,16
2-7-2021,11.8,Gibraltar,1,7,1492,1
30-3-2020,15.72,Wraith,4,1,478,4
18-9-2020,26.65,Bangalore,14,2,1572,12
9-7-2021,15.25,Octane,6,1,1538,4
8-7-2021,2.42,Pathfinder,7,2,1726,12
28-5-2022,28.12,Lifeline,2,19,1171,14
25-10-2022,16.19,Pathfinder,4,8,1460,12
9-6-2021,20.16,Pathfinder,4,10,2639,13
11-1-2020,19.29,Bloodhound,7,1,1803,10
27-7-2022,2.73,Pathfinder,2,4,448,6
7-5-2021,17.79,Wraith,2,1,428,15
9-8-2021,18.65,Bangalore,11,5,1764,5
4-3-2022,28.47,Bangalore,8,3,1773,13
3-12-2021,4.69,Lifeline,6,0,682,16
3-2-2020,17.92,Crypto,15,7,4425,9
3-10-2022,17.89,Crypto,7,17,4492,4
27-6-2021,7.98,Pathfinder,1,2,569,9
27-9-2022,3.1,Pathfinder,9,4,1803,17
29-3-2020,26.11,Bangalore,2,10,959,6
4-8-2020,2.25,Pathfinder,0,0,0,8
23-6-2020,24.47,Wattson,2,7,563,11
7-11-2021,18.16,Bloodhound,16,7,1310,3
26-7-2020,16.15,Crypto,1,9,1008,15
17-11-2021,18.53,Wraith,1,4,437,7
21-2-2022,27.24,Wattson,6,3,1604,18
16-5-2020,2.64,Wattson,2,2,548,1
21-11-2021,3.06,Bangalore,3,4,1177,19
16-12-2019,3.13,Wattson,5,6,852,8
30-6-2020,2.67,Wattson,8,11,2850,5
22-9-2022,1.9,Bangalore,3,0,535,1
11-4-2022,25.01,Gibraltar,3,2,912,15
2-4-2021,18.99,Wattson,3,4,1502,13
13-2-2022,19.89,Wattson,11,3,2683,18
3-1-2022,2.88,Bangalore,8,3,1867,1
26-6-2019,24.75,Pathfinder,6,2,633,7
6-9-2019,22.71,Pathfinder,8,8,3386,3
5-8-2019,20.67,Bloodhound,6,5,2053,18
13-5-2020,8.81,Wraith,3,0,534,4
5-4-2019,2.34,Wattson,6,1,619,18
4-3-2019,2.79,Bloodhound,0,6,708,2
17-3-2022,15.53,Gibraltar,7,6,2325,11
18-5-2020,14.89,Crypto,3,4,1023,10
13-3-2022,18.56,Bloodhound,3,1,800,3
21-5-2020,12.38,Lifeline,14,5,1495,2
20-3-2020,26.85,Bangalore,2,5,667,18
10-11-2022,11.94,Gibraltar,4,2,522,17
19-5-2019,8.28,Bloodhound,7,9,1293,9
24-6-2020,12.01,Octane,8,1,827,10
30-1-2022,20.55,Wraith,15,10,1406,3
5-6-2022,15.7,Pathfinder,3,3,684,5
11-1-2021,3.91,Wattson,14,2,1928,20
21-2-2020,23.86,Bloodhound,6,4,683,13
22-8-2022,12.68,Wattson,11,9,2554,2
13-7-2021,16.37,Crypto,7,12,3389,3
20-3-2019,2.93,Bangalore,1,9,1342,1
30-11-2020,8.55,Bangalore,12,1,1790,19
5-4-2019,6.52,Lifeline,10,1,2186,6
26-11-2019,12.78,Octane,5,1,1387,12
1-1-2020,22.33,Lifeline,16,13,2464,8
12-11-2022,13.9,Bloodhound,6,1,780,4
21-11-2021,24.19,Lifeline,4,3,1221,7
4-4-2020,13.58,Wattson,8,5,2359,7
20-6-2021,22.75,Pathfinder,8,13,1713,19
6-7-2019,13.7,Octane,8,3,2364,1
19-12-2020,23.75,Crypto,3,15,2790,12
31-10-2019,18.25,Wraith,13,4,2930,4
13-4-2019,14.95,Pathfinder,2,1,601,2
13-5-2019,5.74,Lifeline,2,3,370,5
2-5-2020,21.23,Gibraltar,4,11,1688,8
21-10-2019,3.08,Wraith,5,3,902,17
20-6-2020,21.6,Crypto,4,11,2945,20
25-9-2022,18.24,Pathfinder,3,5,1370,16
19-4-2019,12.36,Wattson,2,1,392,10
19-10-2022,23.34,Pathfinder,3,7,988,3
3-11-2019,14.09,Wattson,6,1,843,2
1-2-2022,16.12,Bloodhound,2,15,1905,19
4-7-2022,1.62,Gibraltar,6,4,1899,9
4-4-2022,8.78,Pathfinder,4,11,1120,2
24-3-2019,9.56,Octane,10,2,1540,13
23-12-2020,17.73,Lifeline,4,7,1332,3
11-7-2020,11.49,Crypto,10,1,1604,18
15-1-2020,13.56,Bangalore,2,5,1351,20
19-4-2021,4.34,Wattson,3,0,587,17
11-7-2022,14.39,Wraith,8,13,4343,4
26-3-2020,25.99,Crypto,13,7,4288,15
15-6-2020,28.37,Crypto,2,2,805,9
13-9-2021,29.25,Pathfinder,3,14,1428,7
11-12-2022,3.3,Wattson,14,9,2615,4
14-10-2022,25.7,Octane,11,6,3312,2
21-9-2020,2.11,Wattson,0,2,259,3
16-12-2019,20.82,Bangalore,7,16,4017,13
24-5-2020,9.91,Octane,1,3,580,7
7-5-2020,25.39,Octane,5,9,2844,14
16-5-2022,24.49,Bangalore,5,5,1430,10
30-1-2021,19.74,Wraith,2,1,596,9
17-1-2022,1.24,Gibraltar,2,0,465,17
11-5-2020,16.14,Bloodhound,8,2,2277,4
22-3-2021,12.58,Crypto,2,12,1140,5
12-9-2020,25.3,Bloodhound,8,9,2448,19
6-12-2022,3.78,Lifeline,1,6,692,5
24-10-2020,28.65,Pathfinder,8,2,854,20
22-6-2021,21.61,Crypto,9,9,1791,11
14-3-2020,11.01,Bloodhound,5,4,1077,5
15-12-2019,11.95,Bloodhound,16,3,1111,14
8-5-2021,28.74,Bangalore,2,8,1684,6
15-6-2019,9.08,Pathfinder,0,1,136,17
30-12-2019,18.74,Wraith,3,3,347,9
13-12-2022,13.43,Pathfinder,3,2,747,17
7-9-2020,2.12,Gibraltar,10,8,1982,2
6-11-2019,1.97,Bangalore,3,2,480,9
8-11-2022,17.98,Bangalore,1,2,256,15
12-7-2019,3.99,Wattson,1,0,139,15
25-5-2022,27.64,Gibraltar,15,7,4424,20
17-11-2020,5.23,Bloodhound,1,3,274,5
22-5-2021,7.77,Wattson,17,10,3472,10
21-11-2020,6.72,Bangalore,5,2,1183,5
9-3-2020,17.91,Bangalore,7,5,2022,7
23-7-2020,29.42,Lifeline,10,5,2827,12
9-3-2019,24.85,Bangalore,10,12,2741,2
14-7-2020,12.02,Wraith,5,2,1487,1
12-6-2021,23.98,Lifeline,4,3,562,4
7-8-2021,17.73,Bloodhound,3,3,1280,1
4-7-2020,9.66,Crypto,7,2,1130,2
24-6-2020,22.79,Crypto,3,3,355,11
23-11-2022,26.45,Wraith,4,5,1653,3
24-2-2019,11.33,Wraith,5,1,1095,7
28-1-2021,12.27,Crypto,5,1,494,12
11-10-2021,5.49,Wraith,1,6,684,11
4-3-2019,9.89,Pathfinder,17,9,3216,10
