9-6-2022,26.04,Pathfinder,8,3,1009,15
27-6-2021,11.2,Lifeline,2,2,262,20
22-6-2022,28.44,Fuse,4,5,1003,20
11-7-2020,6.85,Mirage,8,3,1356,17
28-3-2020,14.56,Revenant,5,6,1733,10
20-4-2019,5.13,Fuse,5,13,2212,3
5-8-2019,1.93,Horizon,8,6,1829,11
12-7-2021,23.67,Pathfinder,8,1,1404,6
7-4-2021,27.43,Lifeline,2,6,1397,7
21-11-2022,5.42,Bloodhound,4,2,452,3
17-4-2019,22.34,Gibraltar,3,5,555,16
19-7-2022,8.72,Fuse,4,4,1786,16
29-11-2020,0.69,Lifeline,6,8,1107,20
15-3-2020,18.71,Mad Maggie,7,15,2246,3
18-7-2020,25.87,Lifeline,1,0,96,4
5-12-2021,13.64,Mirage,2,6,1628,16
5-11-2019,24.44,Horizon,7,8,2924,17
31-10-2020,16.95,Gibraltar,5,4,1763,15
4-7-2022,9.07,Bloodhound,4,8,2281,20
23-11-2019,24.03,Revenant,15,7,3464,14
30-8-2019,6.69,Lifeline,7,10,1835,4
24-11-2019,16.96,Wraith,2,5,917,19
19-2-2021,29.35,Lifeline,7,2,853,3
8-11-2021,28.73,Bloodhound,9,4,1820,8
11-11-2019,24.33,Fuse,4,10,3171,6
31-8-2019,4.84,Horizon,5,4,1699,1
14-9-2021,16.2,Bloodhound,10,7,3581,4
27-10-2022,11.73,Wraith,7,6,2419,6
12-10-2022,24.02,Pathfinder,7,1,1230,10
15-8-2022,2.0,Fuse,3,7,845,4
2-11-2020,2.95,Wattson,2,6,1226,8
1-6-2022,23.03,Ash,5,4,1089,9
4-4-2021,15.51,Mad Maggie,5,8,1840,14
22-1-2022,1.62,Ash,6,9,2526,13
8-6-2020,18.63,Pathfinder,8,9,3550,14
7-2-2021,13.06,Fuse,2,1,451,17
6-3-2021,15.95,Bangalore,4,3,1126,5
21-6-2020,13.18,Mirage,3,2,1206,8
13-9-2019,21.05,Wraith,7,6,1877,2
3-10-2022,22.94,Gibraltar,7,6,2251,3
30-7-2022,27.76,Bangalore,5,11,3565,12
1-7-2019,18.58,Revenant,9,13,4091,9
8-3-2019,16.97,Mad Maggie,2,1,705,3
26-7-2019,27.23,Wattson,5,1,838,19
28-6-2019,15.0,Mad Maggie,5,7,1355,19
14-8-2020,14.22,Bloodhound,5,8,2514,19
23-1-2022,7.34,Revenant,10,4,2564,18
19-7-2019,0.12,Wattson,5,7,1903,5
23-6-2022,6.26,Ash,10,8,3528,2
21-3-2019,6.74,Wattson,2,3,652,12
28-10-2020,1.98,Bangalore,1,7,1479,1
26-3-2019,17.78,Horizon,5,5,1466,19
19-9-2019,10.78,Bloodhound,3,8,2233,13
13-11-2020,19.64,Pathfinder,4,6,2258,7
26-12-2021,6.26,Gibraltar,11,5,2420,15
9-2-2019,8.12,Horizon,6,8,3476,17
29-4-2019,18.34,Bloodhound,1,3,940,2
15-9-2022,6.06,Revenant,1,7,1754,7
5-8-2019,23.51,Pathfinder,7,9,3921,19
21-12-2021,25.91,Pathfinder,8,5,2393,13
21-5-2021,9.1,Lifeline,4,8,1721,3
20-3-2021,23.0,Horizon,7,9,4139,8
14-7-2019,22.85,Lifeline,8,10,3895,19
17-6-2019,9.89,Lifeline,0,2,412,12
8-8-2020,8.01,Pathfinder,2,4,1611,6
21-9-2019,14.74,Revenant,5,3,2026,14
5-1-2020,24.14,Fuse,3,4,1856,8
21-10-2020,19.34,Gibraltar,5,5,2683,16
15-5-2020,8.14,Mad Maggie,13,9,5821,2
13-3-2019,24.75,Wattson,7,10,2713,14
19-8-2021,5.66,Bangalore,0,0,0,1
2-6-2019,8.69,Pathfinder,4,1,937,19
19-3-2020,24.95,Wattson,7,9,3488,15
8-2-2022,13.45,Horizon,4,7,2593,16
3-3-2022,21.12,Wraith,11,5,2732,9
12-9-2021,1.71,Fuse,7,5,2388,14
29-11-2022,7.29,Bloodhound,12,8,3857,9
17-7-2022,18.5,Gibraltar,1,2,408,20
31-12-2022,24.77,Ash,4,4,2194,11
18-7-2020,25.48,Lifeline,2,5,1266,5
17-9-2020,10.11,Revenant,8,8,3645,13
8-7-2020,15.34,Wattson,7,11,2903,15
29-1-2022,12.06,Lifeline,6,10,3582,7
19-3-2022,13.08,Wraith,6,13,5166,3
31-1-2022,11.52,Revenant,1,1,467,16
21-8-2022,26.64,Bangalore,6,1,1662,15
26-12-2019,1.65,Wattson,7,5,3043,7
1-2-2021,10.61,Wraith,6,6,3116,12
27-5-2020,10.9,Fuse,5,4,1924,10
1-7-2019,15.99,Bloodhound,7,5,3444,20
27-10-2020,4.42,Bloodhound,6,7,2960,1
20-3-2019,21.05,Mirage,1,3,1188,14
25-5-2021,24.79,Wraith,4,2,1041,18
12-3-2020,7.85,Wattson,2,11,3433,19
25-7-2022,11.36,Pathfinder,3,3,1791,3
20-5-2019,2.07,Wraith,5,8,3495,12
25-1-2022,13.15,Lifeline,6,11,3852,11
10-3-2022,11.3,Wraith,6,8,4027,4
2-6-2020,29.08,Wattson,1,3,1220,19
8-1-2022,24.18,Lifeline,9,4,4032,11
9-10-2019,0.84,Bloodhound,7,2,2001,19
23-10-2019,21.33,Mirage,6,6,1904,3
20-3-2021,25.18,Mirage,7,7,3627,12
17-7-2021,29.97,Lifeline,5,9,2257,16
20-6-2022,25.63,Pathfinder,14,8,6251,1
8-4-2022,4.92,Fuse,3,5,1408,18
24-4-2019,6.89,Bloodhound,2,2,1012,13
13-4-2020,4.75,Revenant,3,4,1817,17
9-7-2022,28.89,Bloodhound,4,5,2416,18
9-8-2020,7.67,Wattson,6,6,3076,4
20-2-2020,25.07,Bangalore,6,8,3654,2
9-4-2019,4.81,Fuse,6,9,3070,4
27-3-2020,10.74,Mad Maggie,5,1,1123,17
13-5-2022,2.6,Lifeline,2,3,1195,7
26-4-2021,26.73,Fuse,6,7,3015,15
8-10-2021,8.86,Ash,4,4,2398,15
22-5-2019,6.74,Ash,9,4,3802,15
16-4-2019,1.78,Bangalore,9,9,5101,18
15-5-2020,11.64,Revenant,8,6,4008,3
27-11-2022,24.1,Mad Maggie,3,7,2635,11
18-12-2019,25.82,Wattson,3,1,1070,18
31-10-2021,7.79,Wattson,5,2,1770,11
16-8-2022,24.38,Mad Maggie,10,5,4128,17
19-9-2021,20.01,Fuse,12,5,4139,3
5-7-2022,3.24,Bangalore,5,6,3221,12
28-1-2022,18.94,Gibraltar,6,7,2980,13
5-1-2021,27.85,Lifeline,5,1,1274,15
2-7-2022,18.89,Ash,1,1,415,15
12-3-2021,0.54,Wattson,3,2,1734,8
29-5-2022,0.61,Revenant,7,3,3283,15
17-8-2019,28.27,Bloodhound,8,6,2877,12
26-4-2019,12.59,Wattson,5,5,2028,5
16-4-2021,0.94,Mirage,12,6,6224,12
7-11-2022,16.28,Pathfinder,1,3,1263,13
31-12-2022,19.17,Wraith,2,2,946,19
28-11-2022,8.23,Gibraltar,4,8,3240,4
27-4-2022,22.95,Wattson,5,12,5491,11
10-7-2021,27.34,Revenant,13,9,5324,17
2-4-2020,19.02,Wraith,8,6,4145,19
22-9-2022,1.92,Horizon,10,9,3921,20
5-10-2020,26.63,Mad Maggie,0,3,887,1
2-2-2021,21.05,Gibraltar,7,3,3148,6
26-1-2021,21.77,Gibraltar,6,6,3777,17
28-12-2022,8.51,Wraith,3,4,1845,8
13-10-2022,7.59,Lifeline,7,4,3761,15
2-5-2019,2.93,Pathfinder,5,6,3474,20
7-11-2019,6.72,Bloodhound,11,9,7161,8
24-1-2021,21.22,Mirage,1,3,999,9
29-5-2021,1.99,Bloodhound,2,1,663,4
18-2-2022,26.41,Pathfinder,5,5,2408,2
2-6-2019,18.68,Bangalore,8,5,4343,14
20-5-2021,15.89,Bloodhound,7,8,5384,13
14-4-2022,17.29,Revenant,6,8,3947,5
10-3-2022,0.6,Wraith,6,14,6287,9
19-1-2020,18.5,Horizon,1,1,716,20
27-5-2022,1.16,Bloodhound,4,4,2677,14
25-5-2021,26.83,Ash,9,7,5288,19
11-8-2021,12.6,Wraith,4,4,2785,20
5-5-2022,10.89,Mirage,8,4,3012,5
24-10-2021,12.75,Revenant,5,6,3319,13
28-7-2021,20.29,Bangalore,13,7,7422,6
15-5-2019,5.02,Pathfinder,5,0,1147,6
28-8-2021,22.55,Wattson,5,5,3257,9
11-7-2019,17.82,Bangalore,3,8,3793,4
19-11-2021,27.29,Wraith,5,5,2463,20
6-8-2021,2.6,Fuse,5,8,3620,17
1-1-2021,19.85,Revenant,5,8,3741,5
6-12-2020,28.27,Gibraltar,9,7,3635,7
31-5-2022,10.28,Wattson,2,3,1673,19
3-7-2021,26.13,Horizon,1,6,2536,3
5-2-2022,13.61,Mirage,5,3,2183,17
27-3-2022,27.61,Wraith,7,9,5041,19
29-6-2020,22.94,Lifeline,7,7,3834,2
26-9-2020,15.78,Bloodhound,6,5,2827,8
27-3-2019,5.45,Bloodhound,9,9,5708,5
4-12-2022,26.17,Wattson,7,7,5326,15
1-1-2020,25.46,Horizon,6,4,3685,17
4-12-2022,4.48,Wattson,3,4,2320,16
14-10-2019,7.8,Pathfinder,7,5,4145,4
16-12-2022,24.0,Lifeline,4,6,2498,17
29-6-2020,28.34,Wattson,13,6,6925,5
3-4-2021,29.29,Mirage,8,12,5323,4
9-2-2019,19.15,Wraith,5,3,2269,20
30-3-2021,7.61,Horizon,4,5,2405,17
15-8-2022,24.45,Bangalore,8,2,2964,1
30-5-2020,20.51,Wattson,3,8,3022,1
27-6-2021,20.58,Mirage,6,7,5020,3
24-10-2022,2.79,Ash,6,10,6162,6
23-5-2020,21.93,Fuse,7,11,6491,9
24-3-2019,8.99,Fuse,0,9,2233,6
5-8-2019,10.71,Horizon,5,6,3205,5
2-10-2020,27.18,Lifeline,3,10,3225,11
27-12-2022,26.13,Wattson,4,5,3065,10
6-6-2021,19.5,Wattson,4,5,2765,4
12-2-2020,21.85,Wraith,10,9,7702,13
30-8-2019,5.19,Pathfinder,7,6,5248,1
17-2-2020,29.26,Bloodhound,6,5,3864,11
12-3-2022,1.92,Wraith,6,5,3301,15
15-4-2020,3.19,Bloodhound,3,10,3429,14
3-6-2022,25.99,Horizon,6,3,3080,1
8-8-2020,20.44,Fuse,7,5,1545,17
19-1-2020,22.41,Mad Maggie,10,12,2807,2
30-1-2021,16.74,Lifeline,10,15,1441,17
14-3-2021,11.41,Mad Maggie,3,5,1557,19
5-10-2022,25.9,Horizon,7,1,1842,9
1-10-2022,29.91,Gibraltar,5,2,1211,6
15-12-2020,10.17,Wraith,3,4,692,6
31-10-2021,26.11,Mirage,9,7,3440,10
11-5-2022,12.9,Bloodhound,7,6,1969,15
20-9-2022,5.1,Lifeline,8,8,2547,18
5-11-2019,29.75,Fuse,2,2,503,15
17-10-2020,28.23,Gibraltar,3,2,419,12
9-10-2019,2.43,Fuse,10,2,1391,12
22-3-2021,12.94,Bangalore,9,3,1237,16
5-1-2022,8.26,Lifeline,8,5,2701,6
5-12-2020,11.63,Bloodhound,7,6,2257,12
28-3-2021,4.54,Gibraltar,6,10,2931,19
18-6-2021,22.57,Wattson,0,1,118,13
24-7-2019,28.66,Revenant,3,4,658,19
1-12-2021,17.51,Mad Maggie,8,5,1924,1
3-8-2020,18.71,Wraith,5,4,931,16
12-9-2019,13.18,Mirage,8,12,1514,8
23-12-2019,3.94,Horizon,5,12,3270,10
12-6-2019,26.82,Wraith,10,6,2922,10
10-5-2022,26.91,Ash,10,1,1735,15
1-11-2019,24.42,Revenant,1,4,955,13
8-8-2021,17.42,Revenant,2,3,412,10
20-8-2021,14.73,Horizon,5,7,2328,9
17-9-2021,6.8,Pathfinder,4,6,2185,4
16-11-2022,7.71,Mirage,6,5,1733,18
21-6-2022,23.04,Bloodhound,6,13,1970,15
16-1-2021,24.96,Pathfinder,5,3,1603,9
12-7-2020,10.82,Horizon,8,7,1590,12
27-6-2022,7.52,Mad Maggie,6,8,2242,19
25-4-2022,13.76,Gibraltar,4,11,2537,7
23-6-2021,3.71,Mad Maggie,6,4,1823,11
10-9-2022,18.86,Mirage,7,10,2696,14
26-6-2021,17.65,Gibraltar,12,12,4427,2
20-9-2021,14.41,Mirage,2,2,731,18
6-4-2021,20.08,Wattson,1,9,1573,15
27-4-2021,5.38,Fuse,5,4,1285,19
31-7-2021,1.38,Bloodhound,3,7,1226,10
30-4-2022,1.58,Revenant,8,6,3187,13
29-3-2019,27.16,Mad Maggie,13,9,4994,4
3-2-2022,25.01,Revenant,11,8,3905,14
25-11-2021,11.96,Wraith,1,1,475,6
7-6-2020,14.3,Fuse,2,1,617,17
4-10-2020,18.45,Revenant,6,3,2195,2
1-2-2022,1.08,Gibraltar,12,5,2543,19
29-4-2021,5.3,Mirage,7,5,2716,18
24-5-2020,18.38,Wattson,9,10,4304,13
6-9-2021,3.88,Gibraltar,8,7,1984,10
11-5-2021,26.19,Bangalore,3,4,954,11
27-10-2022,24.43,Pathfinder,3,8,2535,1
11-4-2019,28.44,Mad Maggie,10,4,2928,8
11-2-2021,24.53,Mirage,7,7,3669,20
30-10-2020,7.12,Mad Maggie,5,9,3331,1
17-5-2020,25.07,Ash,9,5,2885,16
31-3-2019,14.9,Bloodhound,7,10,2922,5
24-8-2022,0.18,Wattson,0,1,134,8
20-12-2022,2.16,Revenant,2,3,1200,9
3-4-2022,1.71,Bloodhound,4,9,1821,11
26-11-2019,1.06,Gibraltar,3,3,722,2
27-7-2021,9.61,Fuse,4,6,1367,7
10-1-2022,0.0,Pathfinder,10,12,4760,17
22-8-2020,16.85,Mirage,6,12,4702,12
5-4-2019,11.93,Revenant,8,3,2865,17
24-9-2020,18.85,Fuse,7,2,1590,8
20-10-2020,19.21,Bloodhound,8,3,2396,13
9-6-2021,4.98,Lifeline,8,3,1581,20
27-5-2020,14.53,Wattson,11,6,3484,7
25-5-2020,28.8,Lifeline,6,12,2832,9
7-5-2019,28.02,Ash,11,7,4547,14
18-6-2022,14.44,Wraith,1,3,970,4
20-4-2020,26.71,Wattson,7,2,2298,16
21-2-2021,12.65,Gibraltar,2,2,973,14
11-4-2022,7.73,Fuse,5,7,2066,13
6-6-2019,13.69,Lifeline,6,6,2183,18
14-8-2019,24.83,Bloodhound,8,7,4295,19
26-7-2022,14.02,Wraith,14,8,5892,16
17-9-2022,10.65,Ash,0,1,224,15
3-3-2019,12.02,Mirage,2,1,475,4
15-10-2019,21.16,Gibraltar,2,2,958,7
8-6-2020,9.12,Wattson,3,4,1749,8
16-7-2021,25.43,Wattson,6,7,2739,3
27-7-2021,16.15,Mad Maggie,6,5,3271,15
3-10-2020,28.32,Lifeline,12,8,6141,4
29-11-2022,1.45,Wattson,1,0,309,1
16-10-2021,28.64,Mirage,1,6,1166,11
27-9-2022,11.49,Mad Maggie,3,4,1358,8
2-12-2022,14.16,Lifeline,5,8,1903,7
6-9-2022,14.07,Bloodhound,4,4,1765,20
13-5-2019,28.11,Bangalore,11,6,3909,6
29-8-2022,7.32,Fuse,7,10,2851,8
11-2-2019,23.54,Wattson,1,2,463,9
5-6-2022,22.87,Pathfinder,2,1,829,15
10-8-2022,15.93,Horizon,6,6,1822,1
16-5-2020,5.67,Gibraltar,4,9,3517,13
21-10-2022,4.35,Fuse,4,5,2076,2
26-12-2022,25.15,Wraith,15,14,8163,11
16-2-2022,19.59,Bangalore,9,9,3378,15
1-11-2022,8.7,Gibraltar,3,3,1657,9
8-12-2019,23.16,Gibraltar,4,3,2175,19
5-7-2021,28.29,Mirage,3,3,1378,19
23-10-2022,7.68,Wraith,3,4,2045,4
26-9-2022,27.06,Wattson,9,6,4826,16
24-6-2022,3.79,Fuse,7,9,3318,11
12-12-2022,25.61,Mad Maggie,11,8,3377,18
24-10-2021,9.19,Wraith,7,0,1750,1
15-12-2021,0.22,Gibraltar,1,2,607,10
26-8-2021,15.23,Wraith,6,11,3209,4
8-8-2021,7.11,Pathfinder,6,3,2841,13
11-4-2022,20.17,Bangalore,7,7,3636,16
9-11-2019,10.73,Bloodhound,8,7,2580,1
9-12-2021,14.44,Fuse,11,6,4889,8
3-4-2022,24.14,Gibraltar,3,4,1330,18
18-7-2021,20.16,Wraith,5,9,4234,6
26-12-2020,14.05,Wraith,4,3,1611,1
12-6-2020,13.82,Pathfinder,4,4,2333,19
14-9-2022,28.04,Fuse,5,8,2554,17
2-12-2019,16.82,Fuse,6,11,3638,12
1-12-2020,9.39,Lifeline,7,10,4784,5
15-3-2019,13.23,Wattson,1,2,824,10
1-7-2022,2.46,Wraith,4,1,1634,9
28-5-2022,29.48,Ash,4,2,1272,7
13-1-2021,14.75,Wattson,8,3,2949,10
11-6-2021,5.56,Gibraltar,12,5,4077,2
24-9-2022,7.42,Mad Maggie,5,5,2310,12
30-4-2020,18.65,Ash,6,8,3153,7
10-6-2019,22.68,Pathfinder,2,1,975,19
26-3-2021,16.64,Lifeline,6,6,3976,17
17-3-2020,18.53,Mirage,7,8,3632,17
4-10-2020,24.46,Gibraltar,8,3,3537,6
31-3-2022,10.83,Lifeline,8,4,3171,13
13-8-2022,26.0,Bangalore,6,6,2832,18
19-5-2022,19.99,Mirage,9,8,4638,13
25-3-2019,22.61,Pathfinder,1,9,3125,11
31-10-2020,29.07,Bangalore,8,2,2632,14
30-4-2020,18.64,Bangalore,3,2,1301,19
11-11-2020,7.21,Ash,9,4,3454,7
20-9-2021,12.2,Mirage,7,4,3747,2
17-3-2020,16.73,Gibraltar,6,6,3863,9
6-4-2021,23.1,Fuse,9,9,4368,4
11-6-2019,18.11,Wraith,3,2,1039,12
30-9-2020,6.3,Bangalore,2,2,1358,18
6-9-2019,23.02,Lifeline,8,9,5041,16
26-3-2020,22.1,Wattson,6,7,2951,9
9-11-2019,3.12,Wattson,5,4,3238,20
30-4-2020,26.82,Wattson,7,11,5147,1
24-7-2020,29.77,Mirage,7,10,3621,15
22-9-2020,7.06,Pathfinder,5,2,1986,1
5-11-2020,8.31,Gibraltar,2,2,1102,13
16-7-2019,0.64,Pathfinder,2,6,2304,15
29-7-2021,19.55,Pathfinder,7,7,3994,7
6-6-2020,9.01,Mirage,6,4,2430,18
19-3-2019,20.27,Fuse,7,6,4608,13
19-4-2019,9.68,Mirage,8,7,3318,7
4-12-2020,19.48,Fuse,6,4,3076,9
4-9-2019,13.3,Fuse,2,1,953,7
8-1-2021,13.92,Mad Maggie,5,5,3042,15
16-1-2022,16.39,Wattson,4,9,3424,2
27-5-2020,17.57,Wattson,4,7,3676,2
5-12-2020,0.78,Ash,5,10,4391,18
19-7-2021,4.17,Wattson,6,7,4062,2
1-5-2019,22.3,Bloodhound,1,2,992,2
6-9-2022,11.36,Bangalore,2,2,1146,13
20-3-2019,17.27,Fuse,7,3,2772,13
24-6-2021,4.04,Revenant,9,5,5294,19
29-9-2020,18.21,Mirage,5,13,4101,16
25-7-2020,14.78,Wattson,10,5,3991,1
2-6-2020,11.34,Horizon,6,8,3318,18
1-7-2021,15.35,Bloodhound,1,4,1867,7
30-12-2020,21.13,Wraith,3,5,2706,4
10-10-2019,23.13,Ash,4,2,1528,3
3-1-2021,6.7,Wraith,9,4,2960,12
23-12-2022,26.65,Wattson,5,7,3780,6
28-8-2019,5.88,Pathfinder,8,5,3880,16
5-10-2020,25.55,Gibraltar,11,9,5326,12
14-2-2020,26.34,Bloodhound,8,0,2856,5
1-5-2019,4.67,Lifeline,3,8,2989,15
24-11-2020,11.52,Horizon,7,9,4844,16
4-8-2021,25.08,Bangalore,5,8,3804,3
27-1-2021,0.92,Wattson,4,5,2565,7
7-8-2020,6.52,Bloodhound,5,6,3329,3
17-6-2021,29.44,Gibraltar,9,13,7011,1
9-2-2019,13.96,Wattson,7,1,2952,15
14-8-2020,3.66,Bangalore,3,1,991,2
21-11-2021,18.69,Revenant,5,5,2630,9
23-11-2019,1.18,Bloodhound,4,5,2873,2
5-2-2020,16.86,Wraith,6,9,5017,8
11-7-2019,19.92,Wraith,5,9,4524,12
21-2-2020,0.14,Wattson,9,6,4623,20
6-8-2021,28.47,Bloodhound,2,5,1818,18
11-4-2022,16.44,Mirage,3,4,2116,2
15-10-2021,17.43,Mad Maggie,3,2,1414,11
19-5-2020,11.65,Mirage,12,3,5541,6
18-12-2019,14.8,Pathfinder,9,8,6023,16
10-2-2020,7.84,Pathfinder,9,10,5587,11
31-10-2021,3.28,Ash,9,9,4827,13
2-7-2022,1.67,Gibraltar,0,1,301,14
24-2-2020,24.44,Horizon,1,2,402,17
29-1-2022,18.16,Gibraltar,5,2,811,9
25-9-2020,22.62,Wraith,7,8,3143,14
8-4-2020,28.23,Bloodhound,9,8,2377,13
18-1-2022,8.32,Lifeline,5,5,1518,12
3-7-2022,27.75,Wattson,9,8,1452,3
2-11-2020,27.26,Horizon,1,2,473,16
26-2-2022,0.07,Mirage,1,1,387,6
20-3-2022,2.24,Wattson,2,4,913,4
21-6-2020,0.81,Mad Maggie,7,3,1957,2
4-9-2020,19.29,Fuse,7,8,3028,7
27-4-2019,21.89,Ash,5,7,1352,19
13-3-2022,3.73,Revenant,6,6,2556,19
30-8-2019,17.76,Revenant,7,6,1441,14
2-8-2022,6.17,Horizon,1,2,495,18
11-8-2021,0.98,Pathfinder,3,9,1858,3
9-2-2022,11.15,Mirage,11,4,1411,10
18-7-2020,24.85,Bangalore,7,10,1829,15
15-8-2019,12.38,Ash,6,8,2346,15
9-7-2020,15.46,Mad Maggie,11,7,3756,2
5-12-2021,3.21,Revenant,2,4,495,19
13-9-2019,7.74,Wraith,2,5,727,6
13-11-2022,2.4,Ash,6,3,1187,4
24-10-2021,27.86,Revenant,4,8,2136,9
9-5-2020,7.3,Mad Maggie,8,8,1903,12
30-10-2021,3.05,Fuse,5,5,1071,7
29-8-2022,4.83,Horizon,7,8,2851,16
18-7-2020,14.57,Lifeline,7,0,1210,12
25-2-2019,28.85,Wattson,5,6,1618,8
7-4-2019,6.09,Gibraltar,2,2,719,15
20-6-2020,6.53,Pathfinder,3,6,1409,17
12-12-2022,9.06,Wraith,7,7,1598,16
1-1-2022,18.19,Lifeline,9,9,2018,4
9-6-2020,10.11,Wattson,10,9,3868,4
9-2-2021,5.95,Horizon,2,2,849,5
24-2-2021,22.7,Ash,7,3,1613,16
1-11-2022,13.58,Pathfinder,4,3,1330,13
22-10-2020,29.07,Wraith,6,4,1374,11
25-2-2019,19.4,Ash,5,6,2484,17
13-12-2021,19.93,Ash,7,8,2517,19
2-11-2022,19.12,Bangalore,8,12,3400,1
28-1-2020,2.13,Lifeline,2,7,1106,8
2-3-2020,4.52,Mad Maggie,4,1,1072,3
1-12-2022,26.18,Bangalore,8,5,2202,16
28-6-2019,10.52,Horizon,5,10,2722,8
5-12-2021,19.06,Gibraltar,5,6,1665,3
1-6-2019,11.79,Bloodhound,11,5,2165,10
20-11-2019,23.49,Wraith,7,13,4575,19
15-4-2019,13.02,Pathfinder,0,1,186,9
13-8-2021,25.4,Gibraltar,4,6,1466,14
9-11-2019,5.85,Mad Maggie,8,3,2745,19
11-10-2021,9.73,Mirage,5,3,1582,8
20-8-2019,27.3,Lifeline,6,4,2609,1
26-2-2021,14.65,Fuse,7,8,3863,12
26-4-2019,19.59,Lifeline,8,7,3423,12
26-8-2020,25.98,Revenant,2,1,751,15
18-11-2021,17.67,Bloodhound,7,1,1788,16
25-4-2020,11.86,Wattson,6,7,3116,17
26-1-2020,9.74,Lifeline,4,3,1732,19
9-2-2019,12.73,Pathfinder,5,4,1588,14
3-12-2022,29.05,Wraith,7,6,2530,13
1-4-2021,27.75,Bangalore,7,7,1930,12
12-12-2019,19.68,Fuse,1,3,806,14
11-3-2021,12.14,Lifeline,5,6,1332,3
27-7-2021,27.12,Wattson,2,9,2746,4
22-7-2021,12.15,Horizon,5,4,2313,12
18-10-2022,26.34,Mad Maggie,11,11,6164,17
21-10-2019,27.02,Mad Maggie,14,9,3904,5
18-7-2021,29.38,Bloodhound,12,12,6542,5
6-6-2021,22.09,Pathfinder,0,2,308,6
2-2-2022,4.87,Lifeline,2,3,1315,4
17-10-2020,11.0,Ash,5,5,1773,20
19-3-2021,16.29,Horizon,7,3,1328,1
2-3-2020,23.63,Bloodhound,10,5,2887,2
11-9-2022,0.98,Lifeline,6,6,2275,5
18-11-2019,19.54,Horizon,7,6,2638,20
14-3-2021,11.34,Lifeline,6,2,1886,8
12-8-2021,17.54,Bloodhound,2,6,1790,9
21-12-2021,27.89,Wraith,5,2,2018,17
28-6-2019,24.86,Bangalore,8,9,4074,16
22-8-2022,16.88,Wraith,4,7,2164,8
13-9-2020,4.82,Wattson,6,10,2967,12
23-3-2022,3.81,Bangalore,12,6,2653,13
29-7-2022,5.97,Pathfinder,0,6,1585,10
20-12-2019,9.59,Ash,3,2,1450,7
29-6-2021,16.26,Mirage,5,4,1864,2
1-4-2020,4.64,Mirage,4,4,1895,13
9-1-2021,13.35,Fuse,5,4,1328,16
1-2-2020,7.18,Mirage,5,5,1828,9
29-11-2021,12.66,Horizon,9,7,4287,4
7-9-2020,11.65,Gibraltar,2,4,1644,6
5-2-2020,0.04,Ash,3,1,1036,2
18-6-2020,10.48,Gibraltar,10,8,4028,6
26-4-2022,9.36,Mirage,11,6,4464,12
20-5-2020,10.56,Ash,7,6,2530,20
16-5-2019,25.83,Gibraltar,7,6,2658,14
14-1-2021,24.78,Bloodhound,8,6,3633,19
11-11-2019,16.17,Mad Maggie,5,1,1855,15
18-7-2020,15.59,Bangalore,2,10,3325,15
14-6-2019,18.07,Gibraltar,11,3,2712,4
13-10-2021,1.45,Horizon,5,3,2262,8
15-11-2021,21.11,Fuse,5,10,4342,20
5-2-2021,17.47,Pathfinder,6,6,2894,19
30-6-2019,4.7,Bangalore,7,6,3177,5
14-12-2020,25.45,Bangalore,3,2,1228,4
15-9-2019,14.31,Bangalore,3,5,1927,2
26-9-2020,13.72,Ash,11,6,3326,20
15-9-2020,19.31,Gibraltar,4,4,2550,13
19-11-2019,6.02,Lifeline,5,6,3182,5
15-6-2022,9.93,Bloodhound,5,6,2662,7
3-8-2020,4.86,Bangalore,6,13,5497,1
24-3-2020,10.02,Wattson,1,2,582,3
26-10-2022,22.79,Mad Maggie,2,1,592,13
9-3-2019,13.64,Lifeline,4,2,1297,16
26-12-2021,2.93,Wattson,6,9,3894,11
20-1-2022,21.92,Wraith,5,6,2513,14
24-4-2019,15.01,Horizon,8,5,3418,12
8-8-2020,27.34,Wraith,13,8,3881,9
30-7-2022,18.9,Pathfinder,6,2,2262,12
17-11-2022,11.16,Pathfinder,4,2,1639,16
8-2-2020,4.96,Wattson,4,3,1801,13
19-4-2021,14.26,Ash,5,6,2355,3
26-4-2020,25.42,Fuse,6,6,3886,12
24-12-2020,4.59,Wraith,9,6,2805,15
7-9-2022,14.94,Horizon,11,9,5446,3
6-3-2022,6.62,Wattson,3,6,2189,7
13-6-2021,9.3,Lifeline,1,3,1126,16
12-8-2022,15.4,Ash,3,3,1259,5
24-9-2019,20.34,Wraith,5,10,4868,13
1-3-2020,0.07,Pathfinder,4,4,1812,5
18-12-2020,15.04,Horizon,5,8,3887,10
13-9-2020,12.68,Bloodhound,7,7,3352,14
2-1-2020,1.05,Bloodhound,5,9,3001,7
4-2-2022,19.35,Ash,2,2,760,3
26-8-2020,2.39,Mad Maggie,2,10,3379,17
10-11-2022,17.3,Gibraltar,6,8,3792,3
13-2-2022,25.88,Pathfinder,10,4,4118,18
27-12-2019,16.93,Revenant,6,6,3247,13
17-8-2022,10.15,Wattson,7,8,3722,1
12-10-2020,3.11,Wraith,3,3,2083,8
29-5-2022,9.85,Mad Maggie,7,2,2090,15
5-6-2021,11.81,Fuse,2,4,1560,19
29-12-2020,20.16,Ash,9,5,3643,7
5-8-2019,11.12,Fuse,4,5,3248,19
2-12-2019,3.77,Ash,13,7,5284,13
8-3-2019,12.51,Wraith,14,6,4931,17
26-3-2019,5.52,Wraith,4,1,1226,5
30-1-2020,3.68,Mirage,7,5,3785,1
30-1-2022,15.26,Bangalore,10,5,3821,8
8-3-2019,17.19,Horizon,5,7,4207,5
7-4-2019,26.43,Wraith,6,8,2912,17
17-2-2020,26.62,Pathfinder,8,9,4746,7
16-3-2019,7.13,Lifeline,6,6,3656,8
5-10-2019,19.72,Gibraltar,0,2,525,5
9-4-2020,28.97,Pathfinder,3,1,1392,10
19-6-2021,6.21,Revenant,2,2,1282,14
6-12-2019,22.0,Horizon,6,7,4459,4
1-6-2021,3.84,Fuse,9,5,4921,11
7-5-2021,29.46,Lifeline,10,7,4642,20
17-5-2019,1.33,Lifeline,6,8,4532,11
12-5-2019,27.45,Bloodhound,1,7,2257,4
17-9-2021,9.54,Wattson,5,1,1819,17
12-3-2019,11.52,Wraith,5,3,3018,19
12-9-2022,22.51,Revenant,5,4,2576,19
3-7-2020,5.12,Gibraltar,5,10,4669,14
5-2-2020,28.29,Pathfinder,6,5,2680,9
21-2-2021,24.93,Bangalore,11,9,6268,8
22-3-2021,0.55,Wraith,1,0,308,13
16-5-2020,1.29,Fuse,3,4,2053,20
21-5-2021,29.16,Mad Maggie,4,3,2467,11
24-7-2019,20.97,Lifeline,3,6,2571,9
25-9-2021,7.38,Lifeline,10,6,4475,3
18-3-2022,4.89,Bangalore,5,6,2801,16
22-4-2022,22.62,Revenant,11,6,4458,1
22-2-2019,27.06,Horizon,4,7,4143,6
23-2-2022,23.03,Pathfinder,5,1,2274,12
13-4-2022,18.68,Mad Maggie,6,2,2082,16
25-2-2022,17.27,Mirage,7,3,2347,1
3-1-2022,6.83,Horizon,7,4,3267,20
14-10-2022,11.77,Horizon,8,15,7337,14
24-2-2020,5.31,Wraith,9,11,7468,10
29-4-2022,0.39,Lifeline,1,1,516,3
7-7-2020,17.94,Wraith,3,1,1376,16
4-10-2022,27.01,Pathfinder,3,7,3301,7
11-1-2021,15.23,Gibraltar,5,9,5228,2
5-9-2020,12.58,Ash,8,6,4615,17
13-5-2021,14.89,Lifeline,10,12,7500,10
30-7-2019,8.09,Horizon,7,6,3619,20
1-1-2022,25.52,Bangalore,3,6,2276,11
3-9-2020,18.34,Fuse,2,3,1545,17
5-3-2021,2.74,Pathfinder,2,4,1698,5
15-6-2020,14.58,Bloodhound,5,8,3614,11
6-2-2021,3.58,Revenant,4,6,3969,11
29-1-2021,28.7,Wattson,11,15,6672,9
19-6-2022,21.63,Mad Maggie,7,7,4365,1
11-2-2020,5.13,Ash,0,0,0,5
20-7-2022,5.57,Gibraltar,2,1,1171,13
4-8-2020,26.45,Gibraltar,4,3,1922,18
2-11-2021,0.53,Mad Maggie,11,6,6525,3
24-8-2021,28.93,Wattson,5,6,3099,17
14-1-2020,23.6,Bangalore,6,13,1040,11
11-3-2022,23.24,Ash,7,11,3369,17
3-5-2020,16.0,Horizon,2,2,460,20
24-9-2022,11.31,Wattson,1,8,1081,7
11-7-2022,11.98,Wraith,2,2,574,12
24-6-2019,29.35,Pathfinder,8,5,2071,4
24-4-2022,10.18,Ash,4,5,1976,15
20-12-2019,12.86,Wattson,6,9,1310,1
10-4-2021,25.93,Bloodhound,6,6,2526,9
25-12-2019,28.35,Pathfinder,4,5,677,3
24-11-2020,8.17,Lifeline,5,2,1567,6
9-6-2019,13.02,Mad Maggie,6,3,1394,14
3-6-2019,1.96,Lifeline,5,5,887,8
7-4-2019,12.5,Wraith,11,5,2566,5
13-5-2019,16.92,Mad Maggie,11,5,1874,2
24-6-2020,9.87,Horizon,7,8,2479,3
11-9-2021,26.52,Bangalore,2,3,868,17
4-10-2021,16.67,Mirage,4,11,2551,7
22-5-2019,10.98,Pathfinder,6,3,1955,11
12-6-2022,26.23,Wattson,5,5,1955,17
31-12-2020,7.91,Mirage,8,6,1200,11
24-1-2021,3.9,Ash,13,6,3846,13
24-9-2020,8.85,Bloodhound,10,6,1286,18
18-12-2019,15.53,Lifeline,2,0,170,15
19-9-2022,4.18,Wraith,9,4,1301,13
9-2-2019,17.65,Bangalore,4,5,2071,2
11-9-2020,20.17,Bangalore,7,4,1234,13
20-3-2019,26.83,Mad Maggie,6,4,1957,13
6-5-2019,8.59,Horizon,8,5,2058,18
16-9-2021,8.17,Lifeline,8,6,2783,16
25-1-2020,17.95,Wattson,4,8,2131,15
18-9-2021,20.32,Bloodhound,5,10,1662,16
12-6-2020,5.77,Horizon,2,2,520,10
9-6-2020,26.45,Lifeline,7,8,1378,17
16-6-2022,10.08,Lifeline,10,4,3417,1
5-5-2020,12.85,Pathfinder,12,9,3025,11
2-2-2020,7.32,Wraith,10,9,3306,19
24-12-2020,12.14,Revenant,5,7,2285,18
22-5-2019,20.79,Mirage,2,6,1728,2
4-10-2020,29.66,Wraith,7,5,2815,17
12-7-2022,0.56,Mad Maggie,4,4,1443,3
21-6-2019,11.49,Wattson,5,5,1009,18
13-3-2020,0.95,Wraith,6,5,2497,13
26-11-2022,13.33,Pathfinder,6,9,3005,20
25-5-2019,10.25,Horizon,0,2,346,17
9-3-2022,3.22,Pathfinder,4,7,1853,19
12-7-2019,29.82,Horizon,3,6,1984,14
8-5-2019,10.91,Wattson,6,3,2274,20
17-2-2022,10.22,Gibraltar,6,7,3114,18
25-12-2021,9.88,Mirage,5,5,2550,18
26-4-2022,15.57,Mirage,9,7,3744,17
25-10-2020,13.64,Fuse,0,0,0,18
6-7-2020,5.88,Bloodhound,3,3,685,12
12-5-2019,4.24,Bloodhound,2,4,1234,20
7-1-2021,25.81,Revenant,5,4,1484,2
28-12-2019,14.59,Revenant,5,8,2511,18
20-7-2022,19.42,Horizon,7,6,3259,4
26-4-2021,4.27,Bangalore,8,6,1712,15
11-9-2019,5.9,Pathfinder,8,1,1891,6
2-8-2021,18.28,Pathfinder,10,2,2620,15
27-10-2022,25.32,Bangalore,5,6,2621,8
20-3-2021,1.79,Mirage,7,4,1614,2
20-7-2019,13.2,Wraith,5,8,2627,7
15-8-2019,1.04,Mad Maggie,6,5,1840,13
26-9-2019,5.39,Horizon,11,6,4236,5
15-11-2022,20.86,Gibraltar,7,4,3026,10
20-4-2019,16.72,Revenant,4,6,1682,4
12-8-2020,21.59,Mirage,3,10,1845,17
12-3-2020,3.54,Fuse,8,3,3078,6
18-5-2020,4.92,Gibraltar,4,5,1139,2
5-10-2019,27.74,Ash,6,9,2612,17
29-1-2021,24.79,Pathfinder,6,8,2018,1
26-3-2020,20.8,Horizon,1,5,960,2
13-12-2020,27.75,Pathfinder,6,10,2230,4
23-1-2021,1.19,Pathfinder,4,5,2444,19
16-5-2022,29.26,Wattson,8,3,2717,16
29-7-2020,11.64,Mirage,4,5,1803,5
12-1-2020,6.41,Mirage,13,14,5978,15
18-7-2019,13.41,Bloodhound,11,11,6361,13
23-7-2021,7.58,Wattson,4,0,1044,11
10-2-2019,15.28,Mad Maggie,1,2,710,20
13-9-2020,9.77,Horizon,3,4,1053,8
30-8-2022,24.67,Bloodhound,3,4,984,1
10-3-2022,25.37,Mad Maggie,8,4,3004,3
26-3-2021,19.2,Fuse,11,8,4658,15
10-11-2021,14.84,Mirage,7,8,2411,9
16-2-2021,18.8,Wraith,0,8,1503,16
4-12-2021,18.92,Pathfinder,1,4,724,13
1-3-2019,17.93,Revenant,3,5,1269,19
4-7-2022,4.95,Wraith,6,9,4123,10
23-3-2019,6.83,Wraith,4,9,3056,16
19-12-2020,27.48,Gibraltar,5,9,3131,14
7-4-2019,27.85,Revenant,12,9,4029,17
6-12-2019,17.08,Revenant,0,1,202,18
8-7-2020,19.3,Wraith,2,5,1551,2
19-10-2021,21.32,Ash,8,3,2783,8
21-12-2020,10.95,Mirage,4,6,1620,14
30-6-2022,13.02,Gibraltar,7,8,3823,2
22-12-2020,5.16,Wattson,6,7,2630,4
20-8-2019,3.59,Bloodhound,9,7,4752,20
28-10-2021,19.94,Gibraltar,5,1,1605,4
21-12-2022,26.06,Fuse,4,1,1050,12
13-2-2021,23.3,Gibraltar,6,12,4063,11
21-10-2022,29.51,Bangalore,3,7,2707,16
7-12-2021,5.21,Gibraltar,5,9,3325,14
13-7-2021,28.97,Horizon,11,13,6444,1
4-11-2020,28.41,Horizon,7,7,2600,3
27-1-2021,28.6,Mad Maggie,4,1,1083,15
15-4-2020,27.71,Mad Maggie,5,3,1299,1
21-6-2022,7.97,Revenant,2,2,682,2
5-6-2019,15.64,Wattson,6,3,2550,19
10-8-2019,10.2,Pathfinder,8,7,4852,10
24-2-2020,28.65,Horizon,7,8,2999,17
25-11-2019,7.51,Wraith,11,8,5574,3
8-12-2019,4.01,Mad Maggie,0,0,0,12
8-8-2019,26.85,Horizon,3,5,1540,3
17-12-2021,12.71,Gibraltar,2,3,1073,5
9-3-2022,28.58,Gibraltar,11,5,5150,13
17-5-2022,2.04,Mirage,6,5,2564,18
11-9-2020,26.23,Wattson,9,6,2926,2
23-8-2021,18.08,Lifeline,11,16,7618,9
6-2-2022,22.42,Bangalore,0,0,0,4
2-10-2019,1.94,Lifeline,4,2,1139,2
21-5-2019,7.68,Horizon,8,4,2781,8
14-11-2019,29.99,Wattson,6,4,2664,7
17-3-2022,29.58,Fuse,5,12,3945,10
17-12-2022,14.73,Ash,15,5,4821,1
11-11-2019,21.89,Bloodhound,8,6,4335,11
30-6-2020,5.03,Lifeline,0,0,0,9
21-11-2019,5.91,Gibraltar,7,2,3077,7
14-4-2022,1.2,Bangalore,2,4,1920,13
14-6-2021,27.4,Revenant,5,5,2197,9
12-7-2019,14.62,Bloodhound,12,5,4305,4
15-2-2019,20.23,Ash,5,5,3275,18
18-4-2022,23.51,Bangalore,10,9,5174,17
19-4-2020,2.77,Wattson,0,0,0,19
4-2-2021,15.4,Wattson,6,6,3628,20
17-2-2020,20.63,Fuse,5,5,2643,15
5-7-2020,0.24,Gibraltar,7,4,2889,8
4-12-2020,18.99,Bangalore,6,9,5168,8
13-5-2022,28.69,Lifeline,6,11,3885,18
27-2-2021,1.83,Bangalore,10,6,3580,16
3-12-2020,3.09,Bloodhound,1,4,1247,4
6-11-2020,25.89,Revenant,3,4,1876,12
20-11-2020,29.51,Horizon,4,4,2508,3
6-7-2021,1.09,Pathfinder,7,6,3980,3
3-8-2019,12.28,Fuse,12,8,4483,10
18-10-2020,28.67,Gibraltar,7,7,3832,19
23-1-2021,4.08,Bloodhound,9,10,6559,10
10-6-2020,23.48,Bangalore,9,1,2286,9
30-11-2020,20.41,Gibraltar,11,2,4095,1
26-8-2022,2.76,Pathfinder,9,7,4230,4
5-1-2022,20.62,Pathfinder,3,10,2659,6
19-2-2019,24.45,Bloodhound,5,5,2525,11
8-12-2020,24.45,Mad Maggie,6,5,2408,18
9-2-2021,12.95,Wattson,11,9,6176,2
10-8-2021,22.87,Mirage,2,1,620,8
31-5-2019,23.46,Wattson,2,7,2679,18
10-11-2020,25.21,Revenant,7,4,3736,4
4-9-2022,5.74,Gibraltar,5,7,3593,8
4-2-2020,16.46,Ash,8,6,4123,9
6-11-2021,14.41,Wraith,14,10,5332,14
29-10-2019,20.27,Pathfinder,16,9,6421,20
11-8-2019,3.66,Bangalore,7,4,4170,16
17-11-2019,9.39,Horizon,1,3,1259,7
21-1-2020,12.95,Fuse,3,7,3039,10
19-9-2021,7.13,Wattson,6,6,3042,14
10-3-2020,21.92,Bangalore,10,6,3672,1
25-2-2022,15.64,Revenant,8,7,5275,12
7-11-2022,2.0,Gibraltar,6,6,3228,18
13-9-2020,21.22,Revenant,5,6,3447,12
1-4-2021,15.08,Fuse,1,7,2596,19
13-8-2022,13.07,Pathfinder,2,3,1397,1
6-3-2021,20.82,Bangalore,8,3,4283,15
14-10-2019,23.67,Ash,5,4,2055,15
19-3-2021,8.84,Revenant,9,9,4616,10
12-12-2021,11.05,Ash,6,7,3033,8
12-5-2019,29.45,Fuse,1,1,702,2
2-10-2020,1.65,Pathfinder,2,1,912,5
30-1-2022,8.46,Wattson,6,6,3635,1
11-12-2020,11.14,Mad Maggie,10,4,3918,13
2-9-2019,22.74,Bangalore,5,8,4265,18
25-8-2021,25.31,Wraith,11,6,6748,12
9-3-2022,7.99,Gibraltar,7,6,4898,9
22-11-2020,4.9,Lifeline,3,0,759,6
6-7-2019,9.33,Wraith,3,3,1570,17
1-4-2022,3.99,Revenant,2,4,2235,20
2-3-2022,13.26,Mad Maggie,10,12,8084,11
29-4-2022,28.54,Mad Maggie,4,8,3480,17
30-4-2021,20.67,Bangalore,14,6,5519,10
26-11-2021,8.08,Bloodhound,6,7,3528,5
23-7-2020,23.44,Gibraltar,2,4,2229,6
19-10-2019,4.12,Wattson,5,1,1713,10
26-9-2019,24.15,Wraith,4,12,4378,13
14-11-2021,3.9,Bloodhound,3,3,1899,9
25-1-2022,26.19,Mirage,9,7,5946,4
24-11-2020,24.52,Mad Maggie,11,8,6480,17
6-12-2022,10.19,Wraith,6,6,3076,5
31-7-2022,12.0,Wattson,7,3,3096,17
2-12-2022,29.64,Wraith,1,1,560,12
21-2-2019,17.94,Lifeline,3,6,1490,3
19-3-2021,15.36,Lifeline,6,8,1317,5
23-10-2022,28.4,Gibraltar,7,8,2641,11
17-6-2021,12.95,Bangalore,8,7,2157,15
2-4-2020,9.69,Pathfinder,6,8,2143,13
8-11-2022,20.08,Pathfinder,6,1,681,5
5-10-2021,20.19,Wattson,3,2,977,13
25-2-2020,6.57,Pathfinder,8,8,3145,18
27-9-2021,6.66,Wraith,7,7,2869,4
3-11-2019,5.29,Ash,4,8,1198,7
1-6-2022,16.68,Ash,5,8,2723,14
17-1-2021,2.35,Lifeline,10,6,2316,10
10-1-2021,23.93,Pathfinder,5,2,978,10
13-9-2019,10.26,Fuse,4,4,849,14
27-9-2022,8.11,Lifeline,3,3,1139,14
3-3-2020,8.87,Bloodhound,3,3,1347,19
2-9-2020,25.55,Mad Maggie,4,7,1655,5
6-11-2019,19.51,Gibraltar,6,6,2029,17
19-11-2019,12.16,Revenant,9,7,1702,15
17-2-2019,13.39,Horizon,2,2,498,15
30-11-2020,26.56,Pathfinder,3,3,867,20
2-11-2022,29.82,Ash,4,3,1122,20
18-10-2021,3.97,Bloodhound,3,5,1775,5
27-12-2020,15.0,Fuse,4,4,1325,2
2-1-2021,20.67,Wattson,9,8,2359,12
23-8-2021,9.87,Wattson,7,8,1297,18
1-6-2022,4.51,Gibraltar,0,0,0,13
27-4-2019,9.08,Bloodhound,1,2,333,16
16-6-2021,16.5,Pathfinder,6,9,1765,17
23-5-2022,7.93,Mirage,3,3,1054,3
24-5-2020,1.3,Horizon,6,5,2065,15
19-2-2020,21.86,Ash,5,7,2293,13
11-11-2022,6.27,Wraith,8,11,2883,17
26-11-2021,24.09,Bangalore,1,0,169,7
2-6-2020,18.77,Horizon,8,2,1102,20
3-8-2021,5.29,Lifeline,3,3,892,18
13-12-2019,20.38,Lifeline,5,3,1804,3
27-5-2020,6.97,Pathfinder,4,9,2278,1
11-7-2022,23.47,Ash,7,10,2531,9
15-7-2019,23.47,Mad Maggie,7,9,3340,5
31-7-2019,2.11,Mad Maggie,2,4,1038,12
4-11-2019,22.56,Bangalore,5,3,1931,2
29-10-2019,8.0,Mad Maggie,4,4,2013,1
7-7-2022,14.1,Mirage,3,8,2091,7
23-12-2022,27.46,Horizon,5,12,2282,8
18-8-2021,20.79,Bloodhound,9,9,3174,16
22-1-2020,21.44,Fuse,6,10,3466,12
29-12-2022,7.6,Lifeline,1,1,468,11
25-2-2020,15.97,Fuse,2,1,648,7
5-4-2019,29.57,Ash,6,3,1431,9
23-1-2020,29.44,Fuse,6,6,1430,6
9-8-2022,22.51,Wattson,5,5,1740,14
13-11-2020,17.1,Bangalore,11,5,2188,6
12-5-2022,10.44,Fuse,6,7,2070,12
1-5-2019,21.3,Bloodhound,2,5,832,16
19-3-2019,8.87,Mirage,1,4,1127,8
11-12-2021,9.74,Wraith,10,3,2838,4
6-5-2020,19.01,Lifeline,4,6,2272,10
14-8-2020,14.21,Ash,4,10,2987,4
2-6-2022,15.43,Fuse,13,9,4869,1
10-6-2021,2.5,Horizon,15,8,4101,13
15-10-2021,5.42,Gibraltar,5,0,735,11
9-5-2021,21.7,Bangalore,4,2,818,17
22-6-2022,3.36,Pathfinder,4,2,907,16
3-4-2019,26.4,Mirage,3,11,2981,19
9-2-2019,4.88,Mad Maggie,10,5,2247,5
12-12-2020,17.57,Fuse,6,5,2013,3
15-10-2019,27.65,Bloodhound,11,6,4353,1
31-12-2020,12.83,Mirage,0,5,739,17
17-8-2019,13.18,Pathfinder,2,3,1375,13
23-6-2020,4.64,Gibraltar,4,4,1044,18
16-1-2020,2.07,Pathfinder,12,4,2330,7
6-8-2020,15.42,Fuse,7,5,3363,1
31-3-2020,23.27,Bloodhound,10,7,4835,19
19-6-2019,28.83,Mad Maggie,8,8,3830,1
31-7-2020,19.01,Lifeline,0,1,165,16
1-12-2020,12.45,Bangalore,2,1,391,12
24-8-2022,9.38,Mad Maggie,5,5,2332,5
5-11-2020,21.01,Gibraltar,3,4,1060,3
24-11-2021,20.83,Ash,5,11,2378,19
23-1-2020,21.75,Lifeline,7,7,2756,3
25-2-2021,24.12,Wraith,6,15,5420,11
19-8-2021,1.58,Revenant,0,0,0,7
30-6-2019,19.32,Pathfinder,7,5,2393,16
7-3-2019,19.01,Revenant,2,9,2987,12
13-8-2022,1.22,Wattson,5,6,2597,1
4-8-2019,0.23,Revenant,5,6,2715,4
30-6-2021,1.94,Wattson,5,6,3179,15
23-4-2019,20.05,Fuse,9,7,4179,17
19-7-2019,1.32,Fuse,4,2,1283,17
19-7-2019,20.48,Fuse,7,2,2585,3
19-3-2021,19.37,Bangalore,5,10,4175,8
29-7-2021,9.08,Gibraltar,4,6,2017,10
25-4-2022,1.49,Bloodhound,7,4,2571,12
25-10-2021,12.04,Bangalore,6,5,2310,14
27-9-2019,29.62,Revenant,7,9,2759,8
17-10-2021,25.91,Pathfinder,0,4,880,12
26-4-2019,23.65,Wattson,1,7,2217,12
28-1-2020,14.51,Mad Maggie,2,3,1018,20
3-8-2019,5.35,Wattson,3,3,1902,15
20-11-2019,8.88,Bloodhound,4,8,3350,17
2-6-2019,24.24,Revenant,8,8,4510,13
28-9-2022,21.97,Ash,13,7,6109,3
25-3-2020,18.53,Wraith,1,4,1023,17
26-1-2022,7.05,Bloodhound,10,1,1853,16
9-3-2021,16.55,Bangalore,3,6,1639,15
12-3-2019,0.04,Wraith,5,4,1571,10
7-11-2020,1.94,Wraith,5,10,4677,20
28-10-2021,19.01,Lifeline,8,7,3052,11
31-8-2021,4.52,Bangalore,11,9,4712,14
20-3-2020,16.03,Fuse,0,1,291,12
24-9-2020,6.2,Pathfinder,2,7,1851,7
22-5-2022,0.4,Gibraltar,11,3,2602,3
17-9-2019,0.05,Pathfinder,6,3,1690,3
1-10-2019,24.66,Wattson,7,4,2867,1
8-5-2021,8.3,Horizon,5,6,3209,12
2-11-2022,15.28,Wattson,7,9,4554,5
4-11-2022,24.51,Gibraltar,7,3,2211,6
19-8-2021,28.44,Mad Maggie,8,5,3767,9
31-3-2021,23.03,Bloodhound,4,3,1814,5
16-3-2019,18.05,Lifeline,6,8,2654,10
14-9-2020,22.51,Pathfinder,6,8,4147,7
2-5-2021,0.88,Mirage,7,6,4377,5
7-10-2022,13.02,Wraith,8,9,4122,1
26-5-2020,17.94,Horizon,2,6,2541,7
23-3-2019,9.89,Bloodhound,2,1,1059,7
15-8-2021,18.37,Wattson,3,3,1716,2
14-12-2020,6.62,Wraith,5,5,2909,10
7-12-2019,2.08,Horizon,5,6,2329,8
25-9-2019,9.34,Gibraltar,6,6,2527,8
12-6-2021,20.94,Wraith,6,14,5401,10
30-11-2021,27.87,Horizon,6,0,1998,14
11-11-2022,19.96,Mirage,2,6,2599,15
11-9-2021,22.17,Revenant,5,2,1942,1
23-11-2020,24.54,Bangalore,6,3,2006,5
9-3-2021,15.36,Wraith,5,4,2316,18
1-5-2020,11.72,Mad Maggie,5,6,2901,17
19-10-2019,26.81,Lifeline,7,14,4499,13
9-3-2021,6.45,Gibraltar,2,5,1961,17
10-2-2020,28.62,Gibraltar,9,1,3382,19
28-12-2020,28.87,Bloodhound,2,3,1660,5
26-2-2020,7.34,Fuse,5,8,2978,11
27-7-2019,5.34,Ash,4,13,4414,2
30-3-2020,14.49,Ash,8,7,4642,19
28-11-2022,23.47,Bloodhound,10,12,6003,17
27-1-2022,18.63,Mad Maggie,6,1,2334,13
9-4-2019,26.23,Pathfinder,3,1,842,17
26-5-2019,24.56,Wattson,4,8,2473,10
20-7-2021,6.8,Pathfinder,8,7,3359,17
26-11-2022,13.97,Wraith,6,5,2627,13
1-8-2020,16.21,Mad Maggie,5,10,5148,13
16-3-2022,19.48,Mad Maggie,8,7,3636,5
20-4-2021,14.16,Bloodhound,3,1,1035,18
28-6-2022,6.24,Lifeline,1,3,1000,1
7-12-2021,2.75,Wattson,2,7,2583,1
16-8-2022,2.49,Bangalore,3,6,2308,8
1-8-2020,27.63,Lifeline,8,5,4423,16
27-7-2019,10.3,Wattson,10,5,3684,3
15-10-2019,14.38,Wraith,12,14,6165,14
25-1-2021,23.07,Horizon,1,2,787,10
10-3-2019,28.37,Mad Maggie,6,8,5010,14
18-3-2021,7.62,Wraith,9,2,4204,14
25-9-2019,27.17,Lifeline,7,9,4359,17
3-7-2020,10.21,Mirage,6,11,5082,11
3-6-2019,16.99,Mirage,12,12,7084,6
17-10-2020,14.48,Bangalore,8,8,4508,3
10-9-2021,14.75,Ash,0,0,0,15
17-6-2021,17.18,Mad Maggie,9,2,4360,15
21-8-2022,0.47,Ash,4,3,2383,1
21-11-2021,12.83,Wattson,5,7,3352,8
8-6-2022,21.04,Wattson,4,6,3184,9
28-2-2019,25.63,Wraith,7,9,5408,8
12-5-2021,24.15,Mirage,9,11,5867,16
3-6-2022,28.74,Gibraltar,3,9,3616,17
22-12-2020,29.39,Mirage,4,8,3303,12
5-3-2020,11.36,Mad Maggie,2,7,3314,20
16-9-2021,22.38,Revenant,4,3,2740,17
4-8-2020,10.64,Pathfinder,4,12,4682,9
9-6-2020,0.31,Lifeline,6,7,4705,18
14-1-2021,3.99,Mirage,13,11,7481,3
22-3-2020,19.63,Mad Maggie,1,1,566,7
26-7-2022,25.83,Wattson,2,4,1683,20
3-6-2022,11.47,Bloodhound,2,5,2352,16
27-9-2020,2.73,Lifeline,4,3,2392,11
11-11-2022,9.33,Revenant,4,4,2637,1
30-12-2021,18.1,Revenant,12,5,6119,16
23-2-2022,24.96,Pathfinder,9,12,5700,17
27-2-2019,28.15,Pathfinder,1,3,1119,9
20-10-2022,24.89,Wattson,5,3,2688,12
3-7-2021,12.42,Wattson,3,6,3246,17
11-3-2021,16.68,Horizon,9,5,4381,2
26-1-2022,7.94,Pathfinder,6,5,4056,20
10-8-2021,3.19,Ash,8,7,4632,5
18-1-2020,9.29,Fuse,6,12,6314,2
2-4-2020,6.18,Revenant,2,0,767,13
30-9-2019,26.69,Wraith,4,1,1681,19
7-2-2022,7.85,Horizon,3,8,3724,15
19-5-2019,10.7,Gibraltar,3,4,2776,6
27-7-2019,19.5,Fuse,5,5,3631,18
23-2-2021,7.25,Wraith,11,12,9401,17
22-7-2022,15.55,Revenant,6,7,2126,11
18-4-2021,28.32,Pathfinder,6,0,1425,9
22-10-2020,2.16,Pathfinder,5,2,1287,12
29-7-2019,12.45,Pathfinder,3,3,594,13
18-6-2020,20.83,Wraith,4,3,1207,9
9-5-2022,25.54,Mirage,5,10,3057,14
8-10-2020,20.42,Bloodhound,7,10,1914,17
16-7-2019,16.29,Mirage,9,6,1401,5
18-11-2019,2.68,Fuse,2,0,504,20
3-12-2019,3.09,Mirage,3,1,433,20
8-7-2021,9.02,Gibraltar,2,8,1236,4
5-4-2020,24.46,Wraith,7,5,1041,4
10-1-2022,23.04,Pathfinder,11,8,2037,19
18-12-2021,24.8,Gibraltar,13,8,3000,3
29-3-2021,12.33,Mad Maggie,11,11,4387,19
18-6-2019,12.62,Wraith,0,9,1168,10
20-10-2022,16.31,Revenant,6,2,1113,2
21-2-2022,8.91,Gibraltar,3,11,1668,4
2-3-2020,21.04,Wattson,4,4,1077,4
14-5-2020,14.64,Fuse,6,6,1486,15
4-5-2021,21.16,Bloodhound,6,9,3464,11
5-12-2019,17.45,Gibraltar,6,6,2603,12
17-7-2021,7.75,Bangalore,3,0,558,18
26-2-2021,24.68,Mirage,1,1,230,20
12-10-2022,10.16,Pathfinder,8,4,1290,7
10-10-2021,19.81,Pathfinder,6,6,1717,19
17-5-2019,6.18,Mirage,5,4,993,14
12-8-2019,8.38,Lifeline,10,12,3391,10
4-9-2021,23.93,Pathfinder,10,12,3154,15
12-4-2022,24.8,Lifeline,2,1,527,6
15-1-2022,29.56,Lifeline,3,6,806,4
15-10-2022,20.88,Bangalore,4,6,1723,2
16-3-2019,15.43,Revenant,6,5,955,2
16-11-2020,10.41,Wraith,4,5,1580,1
6-11-2021,2.58,Mirage,5,5,1207,1
24-1-2020,23.68,Ash,8,13,2793,17
4-5-2020,27.57,Fuse,7,1,847,14
9-12-2020,23.21,Pathfinder,3,3,976,19
12-9-2022,0.4,Lifeline,4,2,1017,2
30-4-2020,12.75,Mirage,3,3,573,8
29-6-2021,10.35,Lifeline,11,5,2925,15
24-9-2022,28.46,Bangalore,5,6,1084,20
27-11-2019,10.87,Lifeline,6,7,2262,16
19-8-2019,24.52,Ash,0,3,256,4
27-5-2022,16.91,Fuse,5,8,1817,12
28-2-2019,3.63,Bloodhound,7,2,1967,14
28-11-2019,9.56,Pathfinder,8,8,3005,10
4-4-2022,3.14,Mad Maggie,8,5,2890,11
11-7-2019,22.25,Gibraltar,8,8,3821,16
16-5-2020,17.32,Pathfinder,7,8,3719,18
29-11-2019,16.53,Mad Maggie,4,3,1570,1
14-4-2019,22.28,Pathfinder,5,6,1309,4
4-5-2019,3.31,Bloodhound,6,6,2287,20
16-12-2019,24.99,Bangalore,5,3,1386,12
15-2-2020,13.22,Fuse,4,9,3370,14
25-4-2021,20.67,Pathfinder,8,10,2687,2
13-8-2020,11.08,Bloodhound,7,13,4816,14
1-11-2022,13.48,Wraith,5,3,1535,9
20-3-2020,13.84,Bangalore,3,1,631,8
29-6-2021,13.97,Bloodhound,4,5,2335,1
7-11-2020,0.09,Lifeline,10,3,3219,4
12-8-2020,18.92,Bangalore,5,6,2868,1
25-2-2019,1.57,Bangalore,7,5,1845,7
23-8-2022,20.94,Wattson,8,6,2774,3
14-6-2020,27.3,Horizon,1,0,278,16
15-11-2020,19.21,Gibraltar,2,2,1020,8
18-3-2019,2.53,Mad Maggie,3,9,2151,16
20-3-2021,12.91,Gibraltar,5,3,1239,7
6-9-2020,4.07,Pathfinder,12,4,2440,14
16-3-2022,1.79,Horizon,12,9,3088,4
18-10-2019,2.47,Gibraltar,10,6,3569,10
18-5-2021,1.94,Wraith,0,1,227,2
27-9-2022,23.58,Revenant,2,2,971,2
6-7-2021,22.84,Pathfinder,9,7,2273,9
3-6-2021,26.15,Pathfinder,12,6,4982,1
15-5-2021,15.04,Fuse,6,10,4425,7
8-5-2019,18.04,Gibraltar,8,6,3503,16
13-10-2019,5.03,Mad Maggie,8,10,4363,16
6-6-2021,15.89,Wattson,0,4,591,3
22-12-2021,14.25,Lifeline,3,1,1116,16
2-10-2020,7.44,Horizon,2,2,921,6
27-5-2020,27.76,Ash,10,4,3559,12
15-2-2020,4.31,Bangalore,4,4,1168,16
28-6-2020,19.56,Gibraltar,6,5,2917,15
29-10-2021,0.85,Revenant,9,7,3406,10
22-2-2021,4.37,Horizon,2,4,1577,1
2-4-2022,19.91,Bangalore,3,3,1468,9
23-5-2022,4.27,Wattson,5,3,1597,19
26-8-2019,3.87,Revenant,9,4,3235,20
12-8-2020,16.15,Wraith,10,5,4295,7
21-1-2021,24.53,Mad Maggie,5,13,3434,20
24-7-2022,23.88,Horizon,10,7,2922,20
21-1-2022,29.36,Gibraltar,1,5,1672,17
15-7-2021,9.39,Wattson,1,1,535,15
23-6-2022,14.75,Ash,5,3,2007,5
18-8-2021,10.1,Wraith,7,3,2054,15
16-3-2020,22.43,Lifeline,9,5,3394,9
16-1-2021,7.26,Bloodhound,6,9,2660,9
22-3-2020,12.31,Revenant,7,8,3141,5
17-7-2020,12.83,Gibraltar,4,4,1325,12
11-4-2019,9.94,Wraith,1,3,644,11
13-12-2019,15.91,Revenant,8,3,2477,1
29-8-2020,4.04,Pathfinder,4,9,3301,9
7-5-2022,21.9,Gibraltar,12,6,3153,18
15-6-2022,15.55,Wraith,6,11,3728,10
29-8-2022,6.14,Mad Maggie,8,14,6074,8
11-6-2019,8.67,Bloodhound,2,4,1312,10
3-3-2019,6.13,Gibraltar,2,7,1801,20
27-4-2021,25.98,Pathfinder,4,3,2211,18
7-3-2020,29.73,Mad Maggie,10,11,3620,7
19-3-2020,9.52,Mirage,11,5,4034,11
21-2-2020,10.31,Pathfinder,5,10,2690,15
22-8-2021,24.71,Gibraltar,7,10,3340,18
23-2-2022,19.51,Wattson,0,7,1753,19
16-5-2020,8.74,Bloodhound,3,4,2189,14
26-12-2022,11.17,Wattson,10,6,4456,15
13-2-2022,6.1,Gibraltar,4,7,2641,5
4-11-2020,17.34,Lifeline,6,6,2967,9
4-10-2022,10.15,Wraith,5,6,3060,12
12-5-2019,4.44,Pathfinder,8,7,2661,7
8-9-2021,27.35,Fuse,2,9,2111,8
15-11-2022,21.94,Ash,2,1,691,1
1-5-2020,22.71,Wattson,3,3,1235,15
15-12-2021,25.15,Revenant,9,4,2842,5
9-5-2019,24.72,Revenant,5,5,2632,3
20-9-2020,21.51,Bangalore,5,6,3492,7
30-9-2022,22.2,Revenant,14,13,5671,10
18-3-2022,11.66,Mirage,2,1,542,15
30-12-2020,11.73,Mad Maggie,4,4,2187,18
27-11-2021,18.53,Horizon,5,3,2249,8
14-8-2020,21.37,Mad Maggie,6,4,2928,15
27-1-2021,25.6,Ash,10,6,3129,2
9-4-2021,26.76,Gibraltar,11,9,4388,8
22-7-2021,1.16,Fuse,6,14,4248,5
9-11-2020,12.2,Gibraltar,2,0,654,5
9-6-2019,6.41,Bloodhound,4,2,1872,16
6-9-2022,27.13,Mirage,4,3,1975,11
9-11-2022,12.48,Mad Maggie,3,7,2146,19
22-8-2019,4.45,Bloodhound,6,6,2670,10
25-2-2019,23.82,Gibraltar,6,6,3053,12
4-5-2021,7.65,Ash,7,7,3970,1
14-1-2021,0.92,Wraith,3,2,1251,20
8-11-2021,14.16,Mad Maggie,6,2,1634,16
30-8-2019,21.09,Revenant,6,9,5238,3
30-10-2022,15.95,Ash,4,3,1639,1
28-3-2021,3.8,Mirage,5,4,2869,13
16-6-2019,26.0,Mad Maggie,14,7,4337,16
12-12-2020,8.96,Wraith,9,13,6764,17
19-2-2019,27.44,Wattson,1,1,488,4
30-10-2020,16.9,Mad Maggie,3,4,2396,15
9-4-2021,22.53,Ash,5,2,1835,13
7-7-2022,17.46,Revenant,9,10,5728,10
11-8-2021,11.68,Mirage,9,9,5115,2
5-5-2022,18.96,Ash,6,11,6148,1
19-11-2019,26.29,Wattson,7,8,4766,19
22-2-2019,23.46,Ash,6,1,2236,2
4-4-2022,20.75,Mad Maggie,2,6,2153,15
24-8-2022,8.58,Gibraltar,2,7,2389,20
16-12-2020,15.42,Ash,5,10,4664,4
8-12-2022,7.5,Revenant,10,7,5476,17
12-7-2021,1.66,Pathfinder,6,5,2552,2
19-8-2020,12.57,Mad Maggie,7,10,3835,3
15-1-2020,2.25,Mirage,1,2,909,1
9-8-2019,9.75,Bangalore,3,5,2210,2
27-1-2021,18.74,Mirage,2,4,2092,16
23-11-2021,1.17,Wraith,5,9,3064,5
8-9-2021,28.66,Revenant,4,14,4775,2
18-9-2019,16.25,Wattson,5,9,4361,19
16-5-2022,9.55,Revenant,8,8,5826,20
28-3-2021,24.92,Bloodhound,1,5,1592,7
21-5-2019,17.65,Revenant,1,1,484,15
13-1-2021,23.85,Horizon,3,4,1765,9
3-1-2021,23.59,Bangalore,4,5,3209,4
28-8-2022,2.31,Revenant,5,6,4087,8
3-5-2022,0.38,Mirage,9,9,5523,17
17-9-2021,6.84,Pathfinder,6,9,4948,2
2-7-2019,26.26,Wraith,2,3,1940,15
26-5-2022,21.01,Mad Maggie,8,1,2845,20
8-1-2021,0.47,Bloodhound,5,8,4012,4
7-10-2020,19.61,Fuse,4,6,2590,11
12-7-2020,22.7,Wattson,5,8,5048,3
1-3-2020,19.56,Bangalore,7,8,5886,15
12-11-2022,15.92,Bloodhound,6,10,6205,20
20-11-2021,26.15,Wattson,1,4,1510,10
6-8-2020,19.79,Mirage,2,9,3066,13
3-4-2019,26.49,Mad Maggie,9,5,4806,9
27-7-2022,21.07,Bloodhound,3,9,4186,9
5-11-2022,28.98,Bloodhound,7,9,5303,15
28-12-2020,20.75,Revenant,10,8,6879,2
12-5-2021,10.44,Bloodhound,9,7,5380,8
25-8-2019,28.13,Wraith,0,2,663,14
14-11-2022,3.0,Ash,9,9,4433,11
19-10-2021,9.55,Bangalore,7,3,2909,15
8-11-2021,27.66,Mirage,6,9,5522,2
13-3-2020,22.7,Gibraltar,11,9,7626,6
3-8-2021,10.07,Gibraltar,6,12,4978,12
29-9-2020,8.09,Revenant,6,6,3432,3
19-11-2019,17.62,Wraith,5,0,1833,18
19-8-2020,14.66,Ash,3,2,1404,15
15-5-2021,6.24,Fuse,2,2,1210,2
27-3-2021,16.55,Revenant,4,5,824,12
28-4-2021,9.53,Ash,4,10,1374,9
25-11-2021,3.88,Bloodhound,12,6,1347,5
21-3-2021,13.77,Ash,7,11,3483,1
4-1-2022,19.89,Mad Maggie,0,2,341,18
11-8-2020,0.32,Bangalore,4,3,793,5
19-8-2022,14.93,Mirage,4,3,1492,15
3-9-2020,17.2,Wraith,6,4,738,2
22-6-2020,14.34,Gibraltar,4,7,2055,18
26-8-2019,18.59,Ash,11,6,3514,11
1-1-2022,22.84,Gibraltar,7,11,1778,13
18-6-2022,1.6,Wraith,0,0,0,7
11-8-2021,26.67,Fuse,5,11,2489,11
12-11-2019,10.51,Gibraltar,2,2,744,9
27-5-2021,19.71,Gibraltar,4,6,1650,12
22-12-2021,9.35,Wraith,4,4,1261,12
19-11-2021,20.51,Bloodhound,11,10,3167,19
18-3-2020,24.03,Wattson,10,6,2401,3
15-12-2019,8.6,Fuse,3,5,1686,5
18-2-2022,16.07,Mad Maggie,4,2,617,5
10-12-2019,27.32,Horizon,4,9,2048,9
6-6-2022,13.99,Ash,7,3,982,6
27-3-2020,6.88,Mad Maggie,7,7,2199,7
2-10-2019,21.21,Mirage,8,6,3300,12
16-8-2022,6.66,Fuse,15,8,2399,16
24-5-2019,22.76,Bangalore,4,7,1133,8
4-4-2021,11.42,Pathfinder,1,4,488,17
13-1-2020,5.53,Bangalore,6,8,3240,12
28-8-2019,2.78,Bloodhound,5,8,2479,9
12-5-2020,25.68,Bangalore,11,6,2205,2
11-6-2019,12.22,Bloodhound,6,8,2485,12
27-7-2021,17.28,Revenant,6,11,3904,1
21-11-2021,16.93,Fuse,1,0,220,13
7-9-2020,8.56,Wattson,2,10,1167,1
13-6-2021,14.45,Horizon,6,2,1721,10
16-3-2022,25.9,Wattson,3,3,1428,12
26-6-2021,13.35,Fuse,4,4,1426,9
1-7-2022,15.77,Wraith,5,9,2546,1
20-12-2021,23.13,Horizon,10,6,2772,8
20-3-2019,18.21,Horizon,1,2,489,10
24-3-2020,28.55,Mad Maggie,4,2,737,3
18-2-2019,2.39,Gibraltar,2,2,469,9
26-2-2020,12.13,Horizon,11,3,2569,7
9-9-2019,22.72,Lifeline,6,5,1140,7
5-7-2022,9.97,Mirage,10,10,2457,16
19-9-2019,23.04,Wattson,12,15,5270,16
4-6-2021,14.91,Mirage,6,0,1142,20
20-5-2020,9.55,Revenant,2,4,893,20
10-10-2020,20.86,Revenant,3,2,1124,13
13-3-2020,4.85,Horizon,3,4,1326,12
31-12-2020,16.51,Gibraltar,6,6,3132,6
2-12-2020,5.8,Horizon,6,6,2897,9
18-11-2021,13.85,Wattson,13,7,5236,11
9-7-2020,25.44,Bloodhound,1,5,1427,10
13-6-2019,14.15,Pathfinder,2,4,1338,19
23-7-2019,20.13,Wattson,5,3,1255,2
18-2-2021,27.82,Ash,6,12,4157,5
5-2-2021,0.08,Wattson,4,6,1126,15
11-2-2022,19.2,Gibraltar,6,5,1717,18
13-7-2021,2.31,Wattson,9,7,2582,8
21-6-2019,4.26,Lifeline,4,2,832,9
29-6-2021,23.16,Bloodhound,1,1,273,1
7-9-2021,20.48,Wraith,7,4,2896,14
22-7-2020,26.67,Fuse,5,9,2421,18
13-3-2019,20.63,Gibraltar,6,6,2195,1
23-5-2019,6.69,Revenant,6,5,3047,13
24-2-2022,2.29,Wraith,8,11,4098,14
12-12-2019,21.89,Pathfinder,0,1,132,10
21-6-2019,26.67,Wraith,3,4,1647,14
5-10-2022,14.82,Fuse,9,4,2822,6
19-9-2022,29.01,Lifeline,7,8,1984,7
11-7-2020,7.37,Bloodhound,6,6,1550,13
9-10-2020,0.74,Bloodhound,11,7,3439,10
2-9-2019,2.03,Bangalore,10,8,5028,13
9-6-2021,15.04,Wattson,1,3,1113,6
7-2-2020,27.85,Lifeline,2,5,1356,12
22-9-2022,26.72,Fuse,3,6,1259,18
28-11-2021,9.2,Revenant,5,6,2395,7
12-11-2020,25.19,Bangalore,8,6,3774,14
2-1-2020,11.37,Bloodhound,7,5,2527,19
19-5-2021,4.75,Ash,7,7,2783,10
14-7-2021,21.53,Wraith,5,1,1325,12
14-7-2020,10.83,Fuse,3,6,2505,19
25-5-2021,11.7,Horizon,9,2,2225,3
17-8-2020,2.89,Horizon,6,4,2827,9
21-10-2022,8.56,Bloodhound,5,4,1614,1
26-3-2021,27.12,Gibraltar,10,7,4339,10
27-9-2021,20.57,Lifeline,8,6,1985,14
7-12-2022,18.46,Gibraltar,1,5,1436,9
6-11-2020,1.83,Mirage,2,3,1410,19
9-12-2020,20.27,Bangalore,5,3,2231,6
2-9-2021,22.57,Pathfinder,3,6,2059,9
30-6-2021,0.39,Fuse,8,5,3506,10
6-7-2021,8.96,Ash,8,10,3285,11
27-1-2020,2.27,Revenant,8,6,3545,5
11-9-2022,0.38,Revenant,0,1,165,14
1-1-2021,24.5,Wraith,8,5,3202,12
27-9-2020,25.0,Bloodhound,5,11,3125,6
23-5-2020,22.58,Horizon,4,10,2218,18
2-9-2022,29.93,Gibraltar,6,5,2892,11
12-1-2022,26.99,Lifeline,12,9,5027,4
10-6-2020,24.17,Ash,7,10,4519,4
4-12-2022,24.25,Gibraltar,4,2,1022,4
31-3-2020,4.73,Pathfinder,5,1,1482,12
10-1-2020,5.81,Gibraltar,3,2,1316,13
11-9-2019,20.66,Bangalore,4,11,3312,8
12-4-2021,14.57,Ash,6,4,2955,14
23-1-2021,7.74,Fuse,5,5,2630,3
2-7-2022,8.6,Gibraltar,6,9,3457,13
6-7-2019,29.64,Mad Maggie,2,5,2002,18
7-3-2022,3.0,Mirage,1,1,441,1
19-5-2022,24.73,Fuse,3,3,1544,15
17-6-2022,23.74,Bangalore,4,4,1951,1
8-10-2021,23.94,Revenant,5,5,2732,11
2-11-2019,6.1,Bangalore,8,10,3000,12
25-7-2021,4.55,Bangalore,6,11,4773,3
11-9-2021,18.91,Ash,4,5,2889,17
11-2-2019,28.14,Bloodhound,5,4,1862,18
10-12-2019,29.49,Lifeline,7,3,2956,9
19-10-2019,6.05,Gibraltar,11,5,4091,4
7-9-2019,7.74,Pathfinder,9,4,2637,2
27-6-2020,15.87,Lifeline,12,12,4278,1
31-8-2022,7.04,Horizon,6,8,3139,9
20-2-2022,22.23,Wattson,2,5,1278,19
3-10-2019,6.34,Pathfinder,4,2,1934,4
17-1-2021,14.93,Bloodhound,3,6,2859,13
12-4-2021,11.87,Horizon,3,7,2801,16
5-8-2021,16.0,Wraith,6,5,2359,20
28-1-2022,0.1,Pathfinder,6,7,3274,9
7-5-2022,3.59,Ash,6,13,3795,1
27-12-2022,23.4,Bangalore,6,6,2539,6
29-8-2022,1.13,Bangalore,1,5,1918,8
3-7-2020,26.26,Gibraltar,2,7,2509,11
10-10-2021,8.88,Pathfinder,7,6,2444,3
3-1-2021,2.56,Ash,4,7,2789,13
6-8-2020,19.81,Bangalore,5,5,1949,18
25-12-2019,22.38,Wraith,7,11,5302,8
18-10-2021,17.43,Pathfinder,6,3,2967,8
19-6-2022,24.83,Horizon,5,6,2185,16
18-5-2021,24.91,Bangalore,4,3,2099,10
16-11-2021,14.23,Bangalore,5,5,2528,2
29-7-2022,28.58,Horizon,4,6,3048,14
3-10-2020,12.09,Mirage,6,6,3961,15
11-9-2020,19.41,Fuse,10,7,4200,5
5-6-2020,14.86,Gibraltar,3,2,1297,11
26-11-2020,13.27,Wattson,6,6,3707,8
3-9-2021,13.47,Ash,3,3,1533,18
29-1-2021,3.96,Bangalore,6,10,4768,12
2-9-2020,0.52,Gibraltar,5,4,3287,11
18-8-2022,14.78,Revenant,6,5,3260,15
15-11-2019,24.87,Wattson,8,6,4759,18
30-12-2022,1.16,Revenant,0,4,895,4
21-2-2019,0.28,Bloodhound,2,1,848,3
24-3-2022,28.61,Ash,5,4,3263,13
21-8-2021,1.81,Wraith,5,3,2662,5
23-6-2022,3.42,Fuse,5,4,3020,8
26-9-2019,4.13,Fuse,6,11,3876,15
28-11-2021,1.55,Wattson,6,6,2659,14
25-10-2020,3.28,Wattson,8,0,2339,6
16-8-2022,11.74,Revenant,4,2,2065,6
21-9-2021,2.59,Pathfinder,7,9,4366,8
4-4-2019,20.43,Wraith,5,8,4659,11
29-5-2019,28.37,Bangalore,5,4,3252,8
3-11-2020,24.07,Bloodhound,11,11,8183,9
3-6-2021,2.72,Mad Maggie,8,6,3929,3
15-1-2021,25.98,Horizon,2,6,2863,8
26-2-2020,14.88,Bloodhound,2,5,1983,19
14-6-2020,28.65,Fuse,3,9,4108,15
16-1-2021,6.15,Wattson,3,7,3680,5
16-2-2021,18.06,Mad Maggie,9,5,4483,13
4-8-2021,9.6,Revenant,7,12,6355,4
12-12-2019,29.86,Mad Maggie,8,10,4066,9
29-10-2021,24.41,Ash,6,9,3496,5
7-10-2019,13.76,Bloodhound,2,1,919,15
8-12-2020,14.63,Bangalore,9,2,2935,6
15-6-2019,13.36,Bangalore,3,3,2232,15
4-8-2019,19.38,Revenant,11,5,5813,20
7-5-2021,12.81,Lifeline,6,7,3965,18
13-10-2021,23.88,Lifeline,8,8,4486,13
29-8-2020,8.55,Bloodhound,0,3,729,7
9-8-2021,9.67,Revenant,2,5,2598,18
23-6-2019,11.63,Bangalore,9,10,5107,17
13-9-2020,21.67,Fuse,6,6,4360,10
20-11-2022,10.48,Ash,6,5,3878,5
9-8-2022,29.16,Pathfinder,11,11,7936,6
22-10-2019,26.44,Wraith,6,8,5079,7
5-6-2020,27.41,Revenant,3,5,1956,5
30-10-2021,19.2,Gibraltar,6,8,5383,15
30-11-2022,8.24,Wattson,11,3,4544,3
10-4-2019,26.35,Bloodhound,6,7,4109,20
25-8-2019,9.03,Mad Maggie,7,7,3503,16
1-5-2020,6.67,Wattson,7,6,4059,14
21-12-2019,16.74,Horizon,6,10,5459,12
23-5-2020,15.0,Mad Maggie,1,6,2683,17
27-8-2020,27.64,Horizon,1,7,2832,15
24-12-2019,26.68,Ash,9,4,4091,3
2-7-2022,2.06,Wraith,5,3,2270,15
26-11-2020,17.09,Bangalore,11,6,4883,17
19-5-2019,28.01,Fuse,6,14,7164,5
6-1-2021,4.09,Pathfinder,10,6,6206,9
9-8-2022,20.08,Mad Maggie,1,5,1176,16
18-9-2020,22.98,Mirage,5,4,1939,1
14-8-2021,18.42,Mirage,3,8,729,10
5-1-2021,7.89,Ash,4,3,758,9
5-4-2019,9.42,Bangalore,4,5,891,14
5-6-2021,5.13,Mad Maggie,12,5,1801,1
21-12-2021,9.39,Pathfinder,8,9,2434,2
6-1-2020,16.46,Ash,2,0,155,1
3-4-2022,10.14,Wattson,1,1,417,2
15-5-2021,5.27,Lifeline,7,2,1367,15
22-7-2021,28.14,Fuse,7,6,1857,18
16-5-2022,10.21,Ash,4,6,1659,12
7-9-2022,8.66,Wraith,10,6,3605,5
9-4-2022,27.79,Ash,7,8,2724,1
25-8-2022,3.26,Gibraltar,2,2,850,8
25-12-2022,5.35,Lifeline,3,4,1180,19
7-8-2021,1.03,Bangalore,2,2,686,1
1-1-2022,1.31,Mad Maggie,3,3,1185,7
8-7-2021,23.27,Gibraltar,7,7,3071,8
7-3-2022,6.01,Gibraltar,11,7,3419,16
6-10-2021,6.87,Gibraltar,6,7,2149,3
8-11-2020,19.19,Mad Maggie,6,0,904,7
2-2-2022,12.24,Horizon,3,4,883,17
26-8-2019,17.39,Wattson,8,4,1217,6
19-11-2022,11.26,Bloodhound,8,3,2454,3
3-2-2021,7.88,Wraith,9,7,2742,20
26-3-2022,15.51,Pathfinder,6,6,2770,18
25-1-2020,20.21,Horizon,7,6,2778,17
19-6-2021,23.81,Pathfinder,4,5,1381,5
20-5-2021,2.05,Ash,5,4,867,11
21-12-2021,6.52,Fuse,4,9,2432,16
30-9-2020,26.83,Horizon,8,4,2041,7
4-1-2022,2.68,Bloodhound,7,5,2534,3
5-8-2019,10.09,Fuse,8,9,3612,12
25-1-2020,21.38,Mad Maggie,6,7,1217,19
25-3-2019,15.83,Bangalore,3,0,770,10
26-7-2021,15.1,Fuse,4,4,1861,5
28-3-2021,0.26,Bloodhound,8,5,1639,6
30-11-2020,15.54,Horizon,4,4,1129,13
23-6-2019,5.73,Mirage,4,4,758,9
8-4-2019,7.46,Ash,6,8,3172,6
2-5-2020,0.76,Gibraltar,6,7,2345,10
18-1-2020,18.87,Wattson,3,7,2205,3
28-8-2022,8.33,Gibraltar,4,1,882,12
25-1-2021,4.16,Wraith,8,2,1954,18
27-7-2020,26.45,Horizon,8,6,3038,6
11-9-2021,3.4,Ash,5,7,2755,17
23-2-2021,10.53,Revenant,8,5,1763,2
16-3-2020,7.48,Ash,9,6,2293,18
11-5-2021,29.2,Fuse,3,1,1004,4
31-12-2021,9.64,Mad Maggie,1,1,217,7
18-7-2022,7.24,Bangalore,2,6,1143,4
7-7-2022,15.24,Ash,10,7,3374,4
4-6-2022,25.41,Fuse,7,10,2920,12
6-11-2019,9.41,Horizon,6,5,1581,19
22-12-2020,22.49,Lifeline,6,12,4434,10
26-1-2020,19.53,Bangalore,2,4,857,4
6-1-2022,28.43,Bangalore,7,2,1643,19
6-10-2022,29.46,Lifeline,13,3,3917,20
18-6-2019,15.76,Horizon,5,7,2403,7
5-2-2022,24.17,Bangalore,7,4,2711,13
16-6-2022,14.23,Bloodhound,7,5,2159,17
29-6-2021,17.98,Wraith,7,11,4753,9
21-12-2019,1.34,Ash,3,0,729,20
14-11-2019,11.89,Fuse,4,2,1314,1
13-9-2019,14.21,Pathfinder,2,2,758,13
9-3-2022,3.33,Horizon,4,3,1518,17
22-9-2019,12.88,Horizon,4,7,2667,12
13-1-2022,12.81,Wattson,8,5,2931,3
4-9-2020,26.52,Ash,7,6,2916,14
13-11-2021,3.16,Wattson,0,4,983,3
9-4-2019,7.64,Bangalore,8,1,2391,6
9-3-2019,0.29,Bangalore,2,3,987,2
5-11-2020,4.03,Lifeline,3,3,1344,6
23-9-2022,16.58,Gibraltar,11,6,3494,19
12-10-2021,22.24,Gibraltar,7,12,3253,12
6-2-2021,6.04,Horizon,7,6,2987,16
20-7-2021,2.44,Lifeline,0,4,894,13
10-5-2021,19.52,Mirage,3,1,1135,12
23-2-2020,2.89,Horizon,5,5,2916,11
16-2-2022,24.6,Wraith,8,5,2056,5
19-1-2022,28.14,Wattson,8,9,4055,17
7-5-2021,24.68,Ash,9,6,4199,2
19-12-2020,15.03,Lifeline,14,15,7896,19
19-2-2022,2.25,Bloodhound,0,0,0,12
17-11-2019,29.98,Bloodhound,4,1,864,20
18-6-2021,18.76,Mad Maggie,5,3,2080,1
15-1-2022,15.73,Mirage,7,5,3439,7
2-2-2022,2.21,Mirage,4,11,4030,4
10-6-2021,8.64,Ash,6,5,2323,14
25-5-2020,29.07,Revenant,6,13,4765,1
3-11-2020,22.29,Lifeline,1,1,416,2
20-3-2021,3.46,Bloodhound,1,1,602,6
7-7-2019,1.29,Lifeline,9,4,2465,18
27-11-2019,4.08,Fuse,3,4,1284,3
29-10-2019,7.16,Wraith,4,7,3251,17
5-9-2020,11.32,Mad Maggie,8,5,3482,15
20-5-2022,27.42,Wraith,9,13,4136,2
30-9-2021,6.25,Ash,1,5,1682,14
11-4-2021,3.45,Wraith,2,2,1064,1
2-6-2019,1.17,Pathfinder,10,5,4812,10
11-12-2019,19.33,Bangalore,4,4,1413,13
2-8-2020,23.17,Bloodhound,5,6,2745,14
12-10-2019,7.0,Mirage,5,8,2062,3
4-3-2020,11.61,Gibraltar,12,10,4070,2
6-1-2020,7.18,Revenant,0,2,549,10
29-10-2019,17.71,Ash,1,3,659,2
2-6-2020,18.01,Fuse,2,3,1577,8
23-2-2022,14.0,Ash,5,7,3681,19
5-7-2020,5.06,Wraith,4,6,2934,14
13-5-2020,27.84,Lifeline,8,8,5052,2
31-8-2022,17.6,Gibraltar,8,9,5196,9
13-7-2020,9.64,Ash,4,1,1313,18
6-7-2021,7.74,Mad Maggie,3,4,1921,8
8-6-2022,21.62,Pathfinder,7,3,2298,14
18-7-2021,0.12,Mad Maggie,9,5,3202,15
14-10-2021,13.12,Pathfinder,13,4,3433,5
18-1-2021,29.17,Revenant,6,5,2987,3
13-3-2022,13.49,Fuse,6,6,3441,12
11-5-2020,26.89,Wraith,3,2,1190,18
28-9-2020,5.41,Wraith,1,1,442,17
16-1-2022,25.76,Gibraltar,7,6,3271,16
21-10-2020,28.01,Bloodhound,5,11,3293,4
25-1-2022,7.85,Wattson,5,6,1980,19
23-6-2020,27.05,Wattson,7,6,4356,11
4-10-2019,8.43,Lifeline,13,6,5598,11
23-7-2022,9.38,Bloodhound,8,2,1822,8
4-2-2022,19.94,Ash,1,1,480,5
24-1-2022,23.71,Mirage,7,4,3251,8
6-1-2022,28.4,Fuse,8,6,3828,17
3-10-2020,8.56,Lifeline,6,9,3274,9
29-7-2021,18.37,Revenant,14,7,6551,4
24-11-2020,14.24,Wattson,7,9,3961,9
24-3-2022,2.66,Gibraltar,0,3,577,8
23-7-2020,16.17,Fuse,2,5,1746,8
8-10-2021,0.02,Mad Maggie,3,6,2681,13
8-1-2021,28.66,Horizon,9,6,3035,9
2-9-2020,21.58,Gibraltar,4,7,2201,1
14-2-2019,7.04,Bangalore,5,5,2863,10
19-7-2021,27.89,Lifeline,10,14,4886,20
17-11-2020,9.78,Lifeline,3,6,2023,18
20-5-2020,13.45,Gibraltar,2,3,1689,6
19-12-2020,29.4,Bangalore,5,2,1835,20
22-2-2021,7.14,Bangalore,4,8,2403,5
11-8-2020,14.89,Horizon,5,8,3456,7
16-5-2020,28.8,Mad Maggie,11,10,5299,11
14-11-2020,6.84,Bloodhound,6,8,3410,9
2-7-2019,7.1,Fuse,5,0,1322,1
30-11-2021,20.5,Wraith,5,4,2503,13
23-12-2021,12.35,Horizon,3,3,1278,1
1-7-2022,17.92,Bloodhound,10,4,3930,16
9-5-2021,29.56,Revenant,7,6,3307,6
29-6-2022,13.25,Mirage,12,6,4029,3
10-4-2021,8.11,Revenant,7,13,5873,15
7-3-2019,24.77,Horizon,8,9,5963,5
11-12-2021,18.42,Mirage,1,3,1343,20
15-10-2020,11.88,Ash,3,2,1343,13
3-8-2019,18.55,Pathfinder,4,4,2969,20
5-12-2021,22.34,Horizon,10,5,4790,9
7-6-2022,9.03,Wattson,6,5,3056,3
24-1-2021,22.25,Lifeline,13,13,7378,19
28-11-2021,25.79,Lifeline,3,1,952,2
1-4-2022,9.66,Wraith,7,1,1786,5
13-7-2021,29.49,Revenant,3,3,1649,12
4-11-2022,13.9,Wraith,3,6,2891,14
7-4-2019,26.62,Horizon,13,8,4714,11
1-9-2022,23.4,Mad Maggie,6,7,4049,20
8-12-2022,2.83,Mad Maggie,12,11,7487,13
25-8-2022,20.5,Pathfinder,5,1,2391,17
14-9-2021,12.71,Lifeline,7,2,3151,3
13-3-2019,29.12,Wraith,5,6,2930,16
28-2-2019,7.32,Lifeline,4,4,2912,4
30-10-2020,6.8,Horizon,5,4,3284,20
8-6-2022,19.96,Horizon,7,6,2979,19
23-1-2021,14.59,Mad Maggie,14,7,7079,17
30-12-2022,9.45,Horizon,1,3,1433,12
9-5-2019,2.97,Mirage,1,3,1496,6
18-9-2020,15.6,Wraith,4,3,2153,10
9-11-2020,19.69,Gibraltar,4,4,2974,16
24-10-2020,2.33,Fuse,10,4,5242,5
11-1-2022,16.31,Bloodhound,6,5,3633,8
16-1-2022,24.32,Mad Maggie,6,8,5211,18
7-4-2020,22.05,Wattson,6,7,3136,11
28-8-2020,7.21,Ash,1,1,774,7
25-2-2020,6.84,Mirage,4,3,1859,12
15-1-2022,8.06,Lifeline,6,5,2887,6
6-8-2022,12.96,Pathfinder,4,4,2043,10
8-1-2021,24.51,Mirage,9,7,4104,14
5-2-2022,18.21,Bloodhound,11,16,10573,15
29-4-2021,29.34,Pathfinder,2,4,2270,14
18-3-2019,0.11,Fuse,1,4,1954,8
1-2-2020,25.15,Bloodhound,4,8,4706,6
19-2-2021,18.87,Mirage,5,7,4772,10
21-7-2020,27.28,Ash,8,8,5617,10
16-11-2022,13.55,Lifeline,13,7,7241,1
31-5-2019,16.33,Revenant,7,9,4483,12
28-10-2021,23.72,Lifeline,1,1,588,15
5-5-2020,25.02,Fuse,8,10,6592,11
13-6-2019,27.12,Bloodhound,8,6,5577,10
8-3-2022,14.31,Bangalore,7,3,2671,11
28-3-2020,23.0,Horizon,4,5,1380,8
21-2-2019,9.67,Wraith,11,6,2074,9
8-2-2021,0.05,Lifeline,6,8,1273,5
5-8-2019,1.56,Revenant,2,0,255,15
7-10-2019,23.14,Wraith,2,8,901,11
6-1-2021,13.34,Mirage,8,5,1788,7
17-9-2022,7.76,Horizon,3,3,1181,5
8-11-2022,21.35,Mad Maggie,5,7,1818,12
27-3-2022,10.79,Fuse,6,6,1580,1
13-4-2019,6.14,Wraith,9,6,2250,11
10-11-2020,9.16,Horizon,3,1,632,17
8-6-2021,5.78,Bloodhound,7,3,808,2
17-1-2022,13.5,Mad Maggie,4,7,2087,16
10-12-2022,1.1,Gibraltar,9,3,2153,5
16-7-2021,0.26,Horizon,6,10,1886,4
5-8-2022,20.55,Ash,7,6,919,15
24-2-2021,16.44,Mirage,10,8,2117,17
21-10-2020,6.71,Pathfinder,1,4,1105,14
24-6-2022,28.05,Wraith,7,6,1203,16
10-5-2020,6.32,Ash,7,6,1486,12
22-12-2021,6.55,Bloodhound,9,4,3000,17
19-8-2020,0.12,Mad Maggie,4,4,1018,16
25-3-2019,22.48,Wraith,10,8,2832,18
24-10-2020,12.42,Mad Maggie,11,7,3444,10
22-7-2020,0.71,Revenant,1,4,987,15
9-11-2019,15.48,Wattson,6,4,2418,2
17-10-2019,3.0,Gibraltar,6,2,1339,12
13-6-2022,5.26,Ash,10,4,2587,13
15-2-2022,18.0,Gibraltar,10,7,2567,18
19-7-2022,24.26,Horizon,9,6,2791,9
27-5-2019,19.84,Bangalore,13,7,2260,12
15-12-2020,19.54,Bloodhound,0,6,835,14
5-4-2022,28.11,Mirage,6,5,2136,19
20-8-2020,8.05,Fuse,2,5,1036,1
6-10-2020,7.36,Lifeline,5,5,2389,15
12-3-2020,19.33,Bangalore,5,5,973,14
2-3-2022,22.65,Horizon,9,6,3668,13
28-12-2019,0.83,Mirage,7,6,2304,20
15-9-2021,21.47,Mad Maggie,1,2,627,18
28-12-2020,26.54,Ash,2,2,822,15
2-5-2021,0.85,Gibraltar,2,10,2294,16
8-10-2019,0.17,Mad Maggie,3,3,760,2
31-1-2020,24.16,Mirage,10,4,3079,18
29-1-2022,8.57,Mad Maggie,6,5,1491,15
22-7-2021,14.15,Bloodhound,6,9,3483,1
15-8-2020,0.89,Mad Maggie,5,8,2654,13
21-8-2019,13.7,Fuse,7,3,2107,16
21-9-2021,14.23,Ash,5,2,1008,9
12-9-2019,4.92,Horizon,3,3,759,7
6-9-2019,17.34,Revenant,8,7,3120,12
7-12-2021,5.37,Mad Maggie,5,7,1789,5
24-4-2021,4.26,Wattson,6,13,3633,2
8-5-2019,2.97,Gibraltar,0,1,133,15
19-3-2020,18.24,Lifeline,3,7,1194,13
10-9-2020,0.61,Wattson,3,2,1097,9
12-10-2019,1.4,Revenant,7,5,3211,1
30-1-2021,16.6,Bloodhound,4,10,2311,6
5-6-2022,9.31,Horizon,11,5,2681,10
15-4-2022,24.72,Fuse,12,9,4206,18
2-12-2020,28.22,Bloodhound,2,4,1387,14
3-1-2021,8.03,Bloodhound,5,3,1941,6
13-12-2020,27.11,Wraith,3,8,1243,3
16-9-2020,23.23,Horizon,10,5,3003,4
6-12-2019,20.6,Pathfinder,9,9,3755,14
11-7-2019,0.17,Fuse,9,11,5057,2
17-2-2020,18.87,Bangalore,8,9,3330,18
28-2-2021,16.04,Gibraltar,3,7,1735,9
17-3-2021,8.17,Gibraltar,2,3,1130,15
16-2-2022,18.21,Mirage,9,2,2272,17
8-2-2021,7.95,Horizon,3,6,1620,15
6-6-2020,19.85,Fuse,4,4,1519,16
22-3-2022,8.68,Gibraltar,6,8,2603,2
25-4-2020,16.8,Revenant,7,9,2609,17
30-9-2021,25.46,Revenant,3,3,1071,2
14-2-2021,27.4,Bangalore,7,5,2380,8
21-11-2022,26.07,Wattson,3,10,2843,8
31-1-2021,19.77,Mirage,5,5,2380,5
23-9-2019,22.2,Lifeline,6,5,2021,10
12-12-2022,9.13,Fuse,10,11,3907,17
23-2-2022,26.0,Pathfinder,8,8,2702,15
27-8-2019,18.19,Horizon,0,0,0,20
5-4-2020,10.0,Gibraltar,1,2,635,20
26-11-2019,21.54,Mad Maggie,3,4,1762,13
25-2-2020,18.93,Bloodhound,4,3,1717,14
13-3-2020,4.22,Wattson,6,10,3251,15
1-10-2021,9.43,Bloodhound,7,9,3367,14
26-8-2020,6.59,Pathfinder,9,6,2126,14
27-9-2020,22.07,Wraith,0,5,1062,3
17-9-2022,11.17,Pathfinder,2,3,944,9
12-3-2020,23.13,Horizon,4,4,1707,12
6-5-2022,28.41,Pathfinder,7,6,2993,6
15-7-2022,16.22,Lifeline,12,5,5138,20
5-12-2022,4.67,Ash,5,11,3258,20
2-1-2021,24.55,Fuse,12,7,4050,14
27-12-2022,25.85,Gibraltar,3,8,1776,6
26-6-2020,12.04,Bloodhound,5,1,1362,11
10-6-2019,28.32,Revenant,6,2,1878,15
8-12-2021,28.34,Pathfinder,5,3,1524,11
24-6-2019,14.21,Wraith,9,5,2998,4
15-1-2022,3.37,Wattson,7,9,2639,7
8-11-2019,25.23,Pathfinder,7,8,4608,2
12-10-2022,27.5,Wattson,4,5,2078,11
11-2-2019,17.6,Mirage,2,8,2307,18
24-12-2019,1.51,Wraith,3,3,954,15
2-9-2022,3.7,Mirage,6,5,2872,18
25-6-2019,25.97,Gibraltar,6,13,5017,5
13-9-2020,26.12,Wraith,11,6,4615,8
4-4-2022,2.9,Lifeline,10,6,4946,12
25-9-2021,14.17,Bangalore,7,1,1754,2
10-3-2021,20.09,Gibraltar,4,2,1670,16
20-10-2021,24.88,Wraith,4,5,1875,15
24-8-2021,11.04,Wraith,3,9,2293,13
10-4-2020,10.53,Gibraltar,4,10,2903,16
17-4-2020,25.27,Fuse,7,7,4533,6
4-5-2020,14.83,Lifeline,11,8,3534,2
9-3-2020,2.88,Revenant,2,1,581,9
15-4-2022,17.35,Mad Maggie,1,5,1192,13
23-6-2021,25.66,Pathfinder,4,6,2519,20
21-6-2021,17.98,Bangalore,7,6,3045,20
27-2-2020,25.87,Wattson,5,10,3745,6
21-9-2022,7.28,Fuse,5,6,2235,5
15-8-2020,20.01,Revenant,9,7,4716,18
31-10-2022,20.58,Mad Maggie,1,4,1527,9
12-12-2022,5.1,Mad Maggie,6,3,2016,20
30-4-2020,26.55,Ash,5,3,1821,11
27-9-2022,19.69,Pathfinder,8,6,2611,4
20-4-2019,29.1,Wraith,5,9,3403,9
6-6-2021,24.45,Horizon,5,8,3177,1
5-5-2020,11.23,Mirage,10,11,5035,13
4-1-2022,13.35,Gibraltar,2,5,1476,1
29-11-2022,23.26,Revenant,2,2,748,18
12-5-2019,0.79,Ash,9,2,2304,9
15-10-2020,2.67,Lifeline,8,8,3474,9
15-4-2021,20.03,Mad Maggie,8,5,3023,2
15-5-2020,13.66,Mad Maggie,6,9,3798,4
23-7-2021,24.13,Mad Maggie,7,13,6299,10
28-5-2020,29.41,Revenant,5,5,2603,1
11-3-2020,0.29,Bloodhound,4,1,1127,6
11-2-2020,20.15,Bangalore,4,10,4600,13
10-11-2019,18.05,Mad Maggie,10,7,5402,11
18-6-2022,27.66,Wraith,8,7,5088,2
15-11-2022,29.68,Revenant,15,7,4974,16
14-10-2022,12.15,Bangalore,9,7,3556,8
12-11-2022,20.67,Gibraltar,7,2,1963,10
26-6-2020,13.25,Bangalore,4,9,3774,14
28-4-2021,24.33,Horizon,4,4,2713,9
27-12-2022,6.61,Fuse,4,10,4899,8
19-1-2021,28.98,Wraith,6,6,3437,13
6-5-2021,26.02,Ash,9,6,3640,14
16-9-2020,9.8,Fuse,8,9,3651,3
1-6-2021,24.08,Horizon,2,9,2514,8
25-7-2019,28.14,Horizon,3,3,1496,1
21-11-2019,3.24,Bloodhound,5,2,2014,6
4-12-2019,1.61,Bangalore,7,4,2576,14
4-12-2022,24.72,Wraith,6,4,2562,16
30-4-2019,15.36,Bangalore,8,10,5625,16
24-12-2022,14.22,Gibraltar,7,9,3465,1
24-1-2022,12.69,Mad Maggie,0,0,0,20
25-2-2020,3.37,Mirage,2,7,2182,8
31-5-2019,10.96,Wattson,9,7,5336,19
20-8-2020,25.4,Mad Maggie,8,7,4238,18
7-5-2019,21.44,Fuse,6,12,4664,17
28-4-2021,6.75,Wraith,7,11,6062,10
1-8-2021,8.21,Revenant,7,10,5673,10
18-2-2019,27.72,Bangalore,4,4,2775,18
22-11-2022,13.06,Wraith,3,3,1942,18
1-5-2022,21.16,Lifeline,3,4,2229,14
7-12-2022,4.97,Horizon,7,7,3870,13
13-5-2021,27.72,Bangalore,6,7,4888,4
23-6-2020,29.64,Revenant,8,7,5004,6
21-9-2021,28.91,Lifeline,6,8,4513,3
8-1-2021,4.81,Gibraltar,0,1,342,7
28-5-2021,0.31,Wraith,3,4,2058,11
1-5-2020,1.71,Revenant,4,5,3236,1
16-7-2021,28.04,Fuse,10,5,5211,17
2-2-2020,24.11,Mad Maggie,8,5,3845,15
12-12-2022,18.75,Ash,8,9,3985,17
4-8-2020,5.36,Wattson,6,6,3122,5
28-8-2020,7.25,Mirage,1,0,298,18
16-2-2022,18.89,Bloodhound,4,3,2151,19
16-2-2019,28.38,Pathfinder,7,5,4287,19
18-7-2022,19.68,Bloodhound,8,6,3483,12
19-4-2019,28.73,Wattson,6,5,2602,9
3-6-2022,6.84,Gibraltar,6,6,3740,1
15-3-2022,21.63,Horizon,8,7,5784,4
28-7-2022,10.43,Mirage,3,0,1014,7
19-12-2022,0.21,Lifeline,2,6,2313,11
1-3-2021,24.21,Revenant,2,9,2647,16
18-4-2022,19.31,Wraith,7,5,3664,1
23-11-2020,0.34,Horizon,4,4,2092,15
27-12-2019,19.34,Bangalore,11,10,8186,13
7-5-2021,22.81,Revenant,10,14,6841,2
27-4-2019,10.73,Bangalore,1,1,547,12
19-1-2020,12.68,Wattson,1,4,1360,14
8-10-2019,24.33,Horizon,3,3,1821,2
29-7-2019,19.49,Mad Maggie,6,6,3083,3
10-12-2022,12.24,Bloodhound,8,7,5545,12
6-6-2021,12.92,Mad Maggie,7,6,4960,4
20-6-2021,12.92,Wraith,10,7,4463,8
19-5-2022,29.18,Bloodhound,0,6,1769,4
1-8-2019,0.31,Gibraltar,3,3,457,20
18-10-2022,9.29,Ash,3,2,900,15
18-5-2020,24.96,Lifeline,8,5,893,6
25-6-2020,10.89,Bangalore,9,5,2347,13
11-12-2019,27.36,Gibraltar,6,5,1069,3
24-7-2022,11.19,Wraith,9,9,2644,20
16-9-2020,27.05,Wraith,0,4,610,15
9-8-2020,24.06,Revenant,3,2,700,14
26-11-2020,10.3,Fuse,2,4,796,7
11-12-2020,7.14,Mirage,6,4,1915,8
26-9-2021,9.36,Wattson,6,6,2379,18
6-3-2020,18.24,Fuse,12,5,2232,14
8-8-2022,25.09,Pathfinder,8,8,2705,19
13-1-2021,1.14,Bloodhound,7,2,1494,5
10-3-2021,0.49,Wraith,2,4,697,12
5-8-2021,25.58,Pathfinder,2,6,1481,14
13-12-2021,1.35,Wraith,7,3,1191,18
15-12-2021,3.13,Wattson,4,9,2227,2
2-3-2020,12.72,Ash,6,7,1460,3
11-2-2019,17.24,Wraith,7,11,2436,13
21-1-2020,12.95,Ash,4,1,643,3
20-7-2019,10.87,Mad Maggie,1,1,261,10
22-11-2019,28.17,Lifeline,4,9,1303,9
5-6-2020,0.45,Lifeline,4,8,1768,4
18-2-2019,22.89,Revenant,6,11,2947,12
2-3-2021,23.48,Revenant,13,10,4337,13
7-2-2020,26.64,Mad Maggie,7,10,3838,1
19-10-2022,18.37,Ash,0,4,745,20
12-1-2020,17.48,Ash,2,4,548,9
1-8-2022,23.89,Fuse,3,8,2351,16
5-9-2022,26.24,Bloodhound,6,3,1133,6
29-12-2021,12.21,Wraith,9,4,3031,6
15-9-2021,11.22,Lifeline,6,7,1822,13
11-8-2020,14.29,Wraith,15,9,3651,7
13-5-2020,9.36,Mad Maggie,5,2,970,11
14-3-2019,24.65,Ash,2,5,1400,18
4-1-2022,2.24,Wattson,9,4,3168,9
1-5-2019,19.45,Fuse,4,5,1558,11
11-8-2022,10.47,Pathfinder,5,7,1606,15
29-7-2019,26.9,Mad Maggie,11,6,3854,17
19-12-2022,21.3,Lifeline,7,7,3545,20
16-5-2020,10.28,Mirage,5,3,1792,2
25-3-2020,25.12,Ash,6,5,1896,10
10-9-2020,28.0,Lifeline,5,5,1704,4
9-8-2021,27.95,Bloodhound,8,5,1743,11
25-1-2021,3.7,Mad Maggie,8,6,2042,16
16-10-2022,0.01,Wattson,5,10,1998,17
15-3-2020,3.79,Wraith,6,6,1416,7
28-7-2019,1.92,Bangalore,0,2,243,4
14-12-2020,20.18,Horizon,2,1,480,1
14-2-2020,17.5,Wattson,3,7,2108,12
18-11-2022,3.03,Revenant,8,3,1296,16
24-9-2019,1.6,Fuse,7,4,2948,11
9-12-2021,22.86,Bloodhound,9,6,3632,4
28-1-2022,29.77,Pathfinder,11,8,4012,3
26-2-2020,20.08,Wraith,2,2,913,17
29-7-2019,20.78,Fuse,4,1,605,7
12-8-2021,13.15,Mad Maggie,4,4,998,18
2-6-2022,3.96,Revenant,11,7,3478,5
8-10-2020,27.98,Horizon,9,5,3788,13
18-4-2019,19.86,Pathfinder,6,6,2378,6
15-6-2021,21.38,Mad Maggie,6,12,3527,11
10-12-2021,17.46,Revenant,3,5,1969,3
26-3-2022,21.01,Bloodhound,2,1,456,16
12-5-2021,15.79,Mad Maggie,2,3,972,7
7-12-2020,29.82,Wattson,12,5,4252,19
15-7-2021,3.89,Ash,5,5,1222,3
7-8-2019,6.9,Mad Maggie,6,5,2081,5
5-12-2022,5.95,Bloodhound,8,10,3943,19
27-5-2019,0.76,Wattson,5,1,969,19
9-4-2022,7.08,Wattson,1,3,533,4
25-1-2022,5.98,Mad Maggie,4,2,1365,5
10-3-2019,16.65,Wraith,8,6,3850,12
6-3-2022,2.59,Revenant,7,4,2804,14
17-6-2022,27.26,Bangalore,6,9,3536,12
1-10-2020,25.31,Bloodhound,17,9,6179,1
28-12-2020,10.7,Revenant,5,0,1248,10
12-12-2020,12.27,Wattson,2,2,988,4
9-7-2022,17.71,Fuse,5,6,1776,15
22-12-2021,24.39,Gibraltar,9,3,2854,6
27-7-2020,25.9,Ash,6,6,1885,5
8-12-2020,5.23,Wattson,6,5,2450,13
14-10-2021,14.75,Bloodhound,14,11,3518,14
14-2-2019,29.04,Mirage,5,0,1131,1
4-3-2020,20.71,Bloodhound,1,4,956,12
3-10-2021,12.26,Fuse,2,3,1206,18
13-6-2022,15.11,Mad Maggie,8,8,4425,18
8-10-2021,2.3,Mirage,4,7,2962,10
2-6-2022,12.79,Ash,13,6,3584,11
21-9-2020,26.67,Wattson,15,10,7571,8
9-6-2021,12.01,Horizon,1,3,565,3
14-4-2019,1.57,Wattson,1,7,1303,5
28-8-2021,23.93,Bloodhound,3,4,1174,17
6-1-2022,11.96,Pathfinder,8,3,2492,17
12-1-2020,16.43,Bangalore,5,8,3338,8
27-9-2020,6.43,Pathfinder,11,9,5912,10
14-12-2022,5.86,Mirage,13,7,4104,10
20-4-2019,15.12,Revenant,0,0,0,9
18-7-2020,22.09,Ash,4,2,1898,6
2-10-2021,18.76,Bangalore,4,2,1103,1
14-11-2020,4.89,Horizon,4,6,2600,2
16-7-2022,28.4,Fuse,8,9,4465,20
30-4-2020,13.22,Mirage,6,7,2298,3
2-2-2020,29.78,Bloodhound,7,12,3637,7
14-5-2020,20.4,Gibraltar,5,1,1264,9
11-3-2019,4.64,Gibraltar,4,5,2713,19
11-7-2022,16.75,Pathfinder,5,3,1752,17
19-2-2021,23.43,Wraith,3,5,2269,2
8-2-2021,5.39,Bloodhound,12,4,3576,20
6-7-2020,0.59,Mirage,7,14,4962,17
15-7-2020,24.66,Fuse,11,9,4467,18
1-11-2019,21.39,Bloodhound,8,8,4605,11
27-2-2020,3.4,Pathfinder,2,2,949,18
7-10-2020,22.78,Bangalore,6,6,3502,8
12-3-2022,6.82,Wattson,7,5,2257,7
7-10-2020,17.31,Mad Maggie,7,8,2769,19
12-1-2020,21.59,Wraith,7,9,4777,3
25-3-2020,12.77,Wattson,6,6,2186,13
20-8-2020,2.65,Mirage,3,5,2377,18
22-1-2021,14.3,Wattson,3,1,1077,2
15-11-2022,13.38,Revenant,4,5,2775,14
23-5-2020,2.03,Revenant,3,9,3781,15
16-2-2021,29.53,Ash,9,14,5682,15
5-12-2022,5.86,Bloodhound,10,6,2862,15
24-4-2022,28.64,Horizon,9,9,5534,15
8-12-2021,13.4,Lifeline,0,6,1290,8
13-6-2021,7.17,Mad Maggie,2,2,1185,14
11-6-2022,23.2,Lifeline,9,5,4654,15
13-4-2022,17.64,Gibraltar,10,3,4272,3
9-1-2022,24.79,Bloodhound,6,10,4432,4
14-12-2022,25.63,Lifeline,11,7,5535,3
11-4-2019,21.77,Mirage,7,8,4315,12
19-5-2022,1.07,Gibraltar,7,4,2994,8
22-6-2021,25.98,Wattson,11,4,4940,3
23-8-2021,26.78,Ash,11,4,2925,12
29-7-2020,8.44,Horizon,5,4,2907,1
20-12-2020,21.94,Pathfinder,5,7,3239,2
19-11-2020,3.31,Horizon,9,6,3515,8
2-3-2020,25.88,Ash,7,9,3655,12
25-11-2020,4.34,Bloodhound,1,4,1596,17
6-4-2022,3.95,Revenant,1,1,675,2
25-7-2020,23.19,Gibraltar,5,7,2658,14
23-10-2021,17.79,Horizon,5,5,3202,19
10-6-2021,15.48,Revenant,9,7,3885,19
8-5-2019,25.52,Ash,13,6,5940,14
15-11-2021,9.17,Bangalore,10,10,6167,18
7-12-2022,9.06,Wraith,1,2,635,11
16-5-2021,17.51,Revenant,1,3,968,5
10-2-2020,24.82,Wraith,8,3,3292,10
9-3-2022,24.47,Bangalore,11,11,6664,20
27-4-2020,6.57,Revenant,6,7,3052,17
29-9-2021,10.4,Mirage,5,10,4571,15
17-9-2020,29.27,Mirage,10,8,6215,14
29-3-2022,14.86,Gibraltar,8,1,2325,3
15-2-2020,2.91,Fuse,1,4,1042,6
15-5-2021,12.61,Wraith,3,3,1265,2
3-12-2019,8.75,Horizon,3,6,2173,16
1-3-2020,26.3,Wattson,4,6,3573,5
18-11-2021,0.06,Pathfinder,6,5,2485,20
13-1-2022,19.21,Ash,8,9,3892,15
30-4-2019,9.42,Mad Maggie,1,1,515,11
1-10-2020,12.31,Wattson,2,1,953,7
10-12-2019,21.23,Ash,2,8,3520,10
22-4-2019,14.83,Gibraltar,4,8,3972,20
27-8-2021,16.79,Mirage,13,7,4839,1
5-3-2019,15.01,Lifeline,8,6,4334,2
12-2-2019,29.86,Lifeline,7,7,5143,19
17-4-2020,9.21,Gibraltar,0,0,0,3
1-12-2022,6.25,Revenant,1,4,1280,5
1-11-2019,25.24,Fuse,9,3,3423,14
19-7-2020,16.77,Mad Maggie,4,5,2451,15
1-1-2021,25.14,Wraith,6,7,4670,8
11-9-2020,25.82,Revenant,8,9,4375,19
12-9-2022,26.82,Wraith,15,8,6897,6
11-11-2021,3.73,Ash,1,0,394,8
20-4-2022,27.6,Wraith,8,4,3521,4
10-10-2019,12.83,Wraith,4,4,1934,20
24-4-2020,18.53,Horizon,3,12,4019,6
4-8-2020,25.22,Wraith,7,9,4259,1
8-2-2022,22.67,Ash,8,8,6002,10
2-7-2020,5.96,Horizon,8,7,4544,10
15-5-2019,27.34,Fuse,3,8,4066,20
4-4-2019,14.0,Wattson,3,7,2696,10
6-10-2021,14.99,Lifeline,3,6,3170,5
23-3-2019,8.53,Revenant,11,4,4765,7
8-7-2019,28.31,Horizon,6,7,4772,1
18-4-2020,6.25,Fuse,10,9,6530,1
21-8-2021,6.92,Fuse,6,6,3673,5
29-6-2019,0.06,Wraith,5,5,3107,11
5-5-2019,16.55,Revenant,2,2,1082,19
17-4-2022,20.54,Gibraltar,6,2,3231,19
14-5-2021,2.75,Bloodhound,11,4,4187,7
15-8-2019,2.59,Gibraltar,4,4,3185,20
28-6-2022,26.4,Mad Maggie,9,7,4963,1
7-11-2021,5.03,Gibraltar,8,6,4498,19
5-3-2022,27.0,Wattson,5,3,2599,16
3-10-2021,24.7,Horizon,3,7,3532,5
15-2-2021,18.08,Ash,4,3,2352,4
25-8-2019,4.48,Bloodhound,7,3,2489,20
22-7-2020,6.14,Bangalore,6,4,2846,3
10-3-2020,0.1,Wraith,9,5,2765,2
8-9-2020,2.39,Horizon,6,10,988,12
4-1-2020,14.93,Wraith,1,8,1281,9
14-3-2022,4.19,Gibraltar,4,4,761,2
4-9-2019,10.8,Wattson,3,2,1029,16
28-1-2022,13.08,Lifeline,8,12,1728,1
7-3-2022,17.88,Bloodhound,9,6,2059,13
30-11-2022,24.67,Fuse,7,6,2752,1
17-6-2019,1.19,Mirage,8,8,3540,15
13-4-2019,3.86,Gibraltar,2,0,410,19
1-10-2022,13.98,Gibraltar,2,3,680,11
17-1-2021,23.69,Wattson,3,8,912,6
14-1-2020,15.81,Mirage,7,3,980,20
21-12-2020,8.89,Wattson,7,4,1774,15
22-8-2021,13.37,Bloodhound,11,10,2901,7
6-12-2021,11.72,Mirage,9,6,1546,3
10-4-2022,7.73,Horizon,1,1,414,4
8-12-2020,6.74,Bloodhound,4,4,1730,3
9-5-2019,29.9,Bloodhound,2,10,1381,1
18-12-2022,17.44,Wattson,4,8,1603,1
25-9-2020,22.07,Wraith,11,9,1981,10
17-6-2021,14.31,Mad Maggie,12,6,2817,4
11-7-2019,17.83,Mirage,11,10,2858,19
7-8-2021,19.79,Mad Maggie,2,1,649,20
27-10-2020,10.99,Mad Maggie,1,4,593,16
10-5-2022,1.28,Lifeline,10,3,1586,20
24-3-2022,21.38,Mad Maggie,8,4,2022,19
5-10-2022,25.38,Lifeline,7,10,2691,8
26-8-2019,2.26,Bloodhound,11,5,2293,12
7-2-2021,3.38,Bloodhound,6,6,2314,12
24-1-2020,22.75,Bangalore,1,0,163,13
9-1-2021,27.27,Revenant,6,7,1554,14
31-7-2020,28.1,Bloodhound,5,6,2171,6
23-9-2021,12.52,Mirage,7,4,1178,1
20-7-2020,11.51,Bloodhound,5,4,2160,1
20-6-2022,26.1,Fuse,6,8,2796,1
22-9-2022,28.33,Bloodhound,6,7,2763,11
27-4-2021,3.94,Horizon,1,4,454,14
26-5-2020,2.84,Wraith,1,2,294,20
25-10-2022,1.26,Gibraltar,4,2,876,17
13-6-2020,9.23,Horizon,3,5,1519,3
12-6-2019,8.42,Gibraltar,5,6,2254,18
16-6-2022,25.4,Revenant,10,8,3914,6
13-2-2022,3.3,Horizon,13,10,4629,3
2-11-2020,20.59,Ash,6,1,805,6
28-11-2020,2.57,Bangalore,1,6,915,12
13-6-2022,1.25,Mad Maggie,2,3,1087,6
12-7-2021,13.78,Mad Maggie,4,5,1975,16
19-6-2021,24.31,Fuse,11,7,2719,9
27-2-2021,27.33,Bloodhound,11,6,2755,3
28-4-2019,3.85,Mad Maggie,9,10,2672,8
29-5-2019,13.85,Mirage,0,2,325,20
28-8-2019,29.06,Revenant,3,5,1557,3
28-7-2022,13.63,Gibraltar,6,10,4204,8
1-11-2019,28.82,Pathfinder,7,6,1879,12
22-11-2021,29.32,Fuse,6,4,1438,3
11-4-2020,21.25,Wraith,7,7,3392,12
30-6-2019,9.19,Gibraltar,12,13,3433,16
9-12-2022,0.91,Gibraltar,4,3,1352,13
5-12-2020,21.07,Fuse,3,2,992,7
29-4-2022,6.05,Ash,2,2,874,6
4-8-2020,22.87,Mirage,6,8,1902,12
13-7-2019,0.39,Mirage,4,7,2764,5
12-3-2019,26.72,Ash,7,8,1898,3
20-12-2019,14.11,Bloodhound,13,10,5339,20
14-2-2019,13.36,Bangalore,3,2,1169,12
5-10-2022,0.6,Wattson,1,2,366,12
4-4-2019,18.66,Gibraltar,3,2,1260,14
10-2-2022,12.97,Lifeline,7,4,3045,6
5-4-2022,25.45,Revenant,5,6,1474,19
26-1-2020,26.07,Mad Maggie,11,7,3503,17
3-4-2021,27.87,Bangalore,7,11,4427,8
18-6-2020,7.25,Bangalore,0,0,0,9
5-4-2021,15.38,Wraith,2,5,1095,11
16-9-2019,7.14,Revenant,4,2,1578,1
12-10-2020,20.33,Wattson,6,5,2901,2
18-6-2022,10.93,Mirage,5,9,1867,15
9-1-2020,1.07,Lifeline,9,5,2226,19
10-12-2019,7.24,Bloodhound,11,8,5386,19
25-1-2021,24.44,Mirage,1,5,1372,16
17-4-2019,19.44,Fuse,3,9,3012,17
9-4-2020,15.34,Mirage,7,4,2950,4
30-3-2021,25.7,Bangalore,6,3,1752,19
24-6-2021,14.81,Wattson,11,7,4072,7
9-3-2022,13.59,Bloodhound,7,5,2345,4
14-12-2021,2.57,Revenant,13,6,4444,5
4-4-2019,11.7,Bloodhound,0,0,0,3
4-7-2020,0.72,Fuse,1,4,688,20
29-5-2019,22.45,Bangalore,3,9,2802,18
9-5-2021,22.44,Mad Maggie,9,4,2308,17
2-6-2022,28.55,Wattson,7,4,2159,12
13-8-2020,2.79,Bloodhound,7,5,2276,14
26-9-2019,20.91,Lifeline,8,12,4302,15
25-10-2019,16.43,Bloodhound,2,0,435,6
30-11-2021,20.39,Wraith,6,2,1917,1
19-7-2020,20.99,Horizon,4,4,1402,20
16-11-2021,22.88,Ash,8,11,3264,12
20-8-2022,4.57,Bangalore,9,8,3787,9
3-6-2021,29.24,Mirage,6,11,4635,9
15-2-2022,0.68,Mad Maggie,13,6,3464,10
22-4-2019,9.26,Mirage,2,6,1771,2
14-2-2019,15.62,Wattson,4,6,2851,5
4-6-2022,13.17,Pathfinder,6,6,1919,8
28-6-2020,23.11,Mirage,5,5,1754,9
6-6-2021,4.32,Gibraltar,7,7,2219,1
12-1-2021,9.7,Ash,6,7,3219,8
13-10-2020,29.42,Gibraltar,7,9,4180,15
28-2-2020,1.62,Bloodhound,1,3,881,7
25-6-2021,27.49,Revenant,5,2,1735,16
2-8-2022,26.31,Gibraltar,6,2,1578,6
27-10-2022,1.78,Fuse,6,9,2529,1
29-8-2021,28.52,Bloodhound,8,7,3986,7
24-1-2021,15.05,Wraith,11,7,4684,17
21-5-2021,21.33,Gibraltar,6,7,2729,4
17-8-2020,7.28,Lifeline,2,8,2873,4
1-8-2019,6.08,Revenant,4,1,1219,14
11-7-2021,0.68,Mad Maggie,2,6,1338,3
26-12-2019,2.26,Bloodhound,8,7,2861,1
18-6-2019,14.26,Lifeline,5,4,1578,6
24-5-2020,14.8,Wattson,8,6,4257,2
1-8-2022,21.32,Gibraltar,8,7,3361,14
12-7-2021,3.23,Bloodhound,2,1,971,14
13-7-2022,12.66,Lifeline,2,3,1221,14
17-1-2021,25.77,Gibraltar,5,8,2354,18
3-9-2020,5.38,Fuse,5,4,2474,14
10-2-2022,2.86,Horizon,8,6,3266,17
8-7-2019,11.12,Fuse,5,6,2952,16
2-11-2020,22.1,Mirage,8,6,4318,4
27-10-2022,16.93,Ash,5,1,1697,2
21-12-2019,4.04,Revenant,1,5,1512,2
13-11-2020,0.61,Bloodhound,3,2,1153,12
14-2-2021,5.5,Gibraltar,4,8,3709,7
19-6-2020,15.33,Lifeline,9,5,3831,9
5-5-2021,12.21,Wattson,7,14,5877,11
29-1-2021,11.62,Wattson,8,12,6831,20
14-7-2021,16.01,Wraith,3,5,1639,11
4-10-2022,17.77,Lifeline,2,1,948,7
30-11-2021,8.03,Ash,10,2,4316,8
15-7-2020,29.95,Fuse,7,3,2552,3
14-8-2021,20.0,Lifeline,5,6,2180,7
29-3-2019,15.23,Fuse,6,9,3902,6
26-4-2020,14.37,Mad Maggie,7,8,4774,13
24-2-2022,29.48,Gibraltar,1,4,1072,14
11-12-2021,1.12,Horizon,1,4,1053,7
14-10-2021,14.23,Wraith,5,2,2531,2
23-7-2019,19.47,Mad Maggie,3,3,1235,1
18-2-2019,20.42,Revenant,10,10,4107,8
22-7-2020,26.87,Mad Maggie,6,11,3675,11
16-3-2021,15.91,Lifeline,8,8,3710,8
15-10-2019,0.4,Pathfinder,0,0,0,5
27-5-2020,14.92,Lifeline,4,2,1807,10
26-4-2021,4.03,Wattson,9,4,4515,10
10-11-2019,4.35,Mirage,5,3,2367,2
15-4-2022,5.2,Ash,6,4,2886,19
30-1-2022,16.81,Wattson,6,8,3485,16
4-10-2021,23.38,Wraith,8,12,5823,3
4-4-2019,17.45,Pathfinder,1,0,369,7
15-9-2022,21.71,Fuse,5,1,1593,1
9-3-2021,20.24,Pathfinder,5,3,2829,10
18-2-2019,6.33,Ash,9,12,7714,5
19-2-2021,11.43,Ash,4,8,2664,6
7-7-2019,0.42,Horizon,5,5,2871,1
17-2-2021,22.16,Revenant,7,9,3629,6
5-10-2019,8.55,Revenant,3,7,3444,3
13-12-2021,3.57,Mirage,7,3,3327,20
22-9-2021,12.2,Bloodhound,3,4,1864,10
4-11-2019,18.14,Ash,7,5,4012,14
2-8-2019,29.9,Bloodhound,9,5,4397,19
27-4-2021,15.48,Fuse,9,12,6949,1
12-3-2019,5.47,Lifeline,6,7,3093,12
5-1-2022,8.07,Horizon,0,0,0,3
31-7-2020,18.02,Bloodhound,3,2,1337,4
17-12-2020,28.98,Mad Maggie,4,4,2508,12
4-5-2021,1.33,Bloodhound,3,6,2289,8
2-12-2020,5.33,Lifeline,6,8,4963,3
9-12-2022,25.21,Fuse,8,6,3398,2
25-12-2019,24.68,Lifeline,10,7,5983,2
9-1-2022,13.22,Horizon,2,0,684,10
3-11-2019,4.6,Mirage,7,2,2532,4
16-8-2019,9.67,Revenant,5,4,2922,13
3-7-2021,14.4,Ash,7,4,4030,11
11-8-2020,20.13,Gibraltar,6,5,2699,1
2-6-2021,8.43,Mirage,10,7,6356,15
8-3-2020,6.28,Ash,10,6,5051,5
23-12-2021,4.17,Ash,0,0,0,10
11-5-2022,29.88,Pathfinder,9,10,5488,9
10-8-2019,10.66,Fuse,2,2,1133,19
24-6-2019,13.47,Ash,12,3,5413,3
2-6-2020,27.54,Pathfinder,9,5,4723,2
19-5-2020,23.11,Bangalore,10,7,6020,3
24-7-2022,1.56,Wattson,7,10,6203,6
4-10-2022,6.37,Pathfinder,0,1,252,9
27-7-2020,17.39,Ash,3,10,4100,4
9-2-2020,13.58,Gibraltar,9,2,3150,15
11-9-2020,12.5,Pathfinder,6,9,5950,16
24-3-2019,8.69,Fuse,12,6,6219,7
13-9-2020,26.12,Wattson,6,8,5159,5
6-8-2019,4.35,Bangalore,6,8,3916,12
11-5-2021,17.89,Revenant,0,4,1172,17
7-12-2022,11.55,Horizon,2,3,1713,10
2-12-2021,27.62,Lifeline,2,4,587,14
13-1-2021,18.17,Ash,6,10,3203,4
19-6-2019,11.59,Fuse,8,4,1226,8
11-5-2020,14.68,Mad Maggie,5,8,2499,5
6-2-2020,18.46,Bangalore,12,7,3775,3
30-10-2019,12.78,Wattson,2,2,621,18
2-4-2020,16.78,Fuse,2,5,781,12
26-10-2021,21.52,Pathfinder,2,4,499,4
5-8-2022,13.36,Mirage,8,9,2533,6
1-2-2021,23.8,Wraith,6,6,1245,10
30-11-2019,11.35,Revenant,7,10,1369,9
12-12-2021,6.48,Fuse,7,10,3416,10
4-4-2021,28.71,Wattson,9,6,3396,17
30-7-2019,24.25,Gibraltar,3,9,2411,2
15-12-2019,8.19,Wraith,2,3,330,6
24-2-2022,8.54,Horizon,3,8,818,17
6-11-2020,4.61,Wattson,10,4,1389,14
12-9-2019,21.55,Bangalore,5,6,953,1
18-8-2019,5.5,Lifeline,10,13,4463,13
26-6-2019,11.8,Wraith,3,1,739,2
24-7-2020,8.27,Mirage,5,2,594,11
17-5-2022,5.96,Horizon,3,6,1104,20
4-12-2019,5.27,Ash,3,3,1415,20
31-1-2020,8.93,Bloodhound,4,12,3220,17
15-3-2019,18.82,Wraith,7,6,1343,19
16-9-2022,28.56,Wraith,8,7,2329,7
30-7-2019,10.04,Ash,5,0,562,3
26-10-2021,9.37,Wattson,1,4,796,10
12-10-2020,17.4,Wraith,8,2,2470,13
21-8-2020,26.63,Pathfinder,6,3,1876,2
8-1-2022,16.62,Wattson,4,5,2087,8
14-5-2022,1.21,Ash,5,7,2198,20
24-1-2022,19.89,Mirage,9,8,3943,8
25-8-2020,16.15,Mirage,3,6,1531,12
14-10-2021,0.66,Mad Maggie,3,2,977,9
4-7-2022,5.66,Lifeline,2,3,661,5
2-8-2019,15.5,Gibraltar,7,4,1422,11
2-8-2019,2.68,Bangalore,6,4,1998,19
19-2-2019,8.43,Mirage,7,6,1765,11
10-9-2019,12.41,Pathfinder,7,10,2044,9
8-5-2020,14.42,Ash,0,2,368,16
5-8-2020,1.09,Ash,1,4,604,14
20-6-2020,0.61,Fuse,3,2,1010,19
10-7-2019,14.71,Revenant,6,3,1308,15
31-7-2022,15.98,Mad Maggie,10,7,4255,19
16-12-2020,3.55,Gibraltar,6,5,2485,16
2-1-2021,17.27,Ash,9,7,3249,7
18-11-2019,8.73,Mirage,4,2,1342,11
19-9-2019,28.69,Gibraltar,10,7,3613,5
1-11-2022,6.55,Wattson,5,2,749,9
15-11-2021,21.69,Revenant,7,8,3001,3
15-8-2021,25.65,Pathfinder,5,5,1794,3
10-3-2019,20.61,Horizon,7,8,3955,16
2-7-2019,28.22,Gibraltar,6,13,4634,16
19-1-2022,7.26,Gibraltar,2,4,676,13
23-6-2020,0.46,Gibraltar,3,8,1672,8
21-6-2020,5.01,Fuse,2,3,968,4
13-8-2022,8.53,Wraith,3,5,1233,8
1-1-2022,28.18,Horizon,4,5,2150,4
7-11-2022,10.57,Horizon,5,5,1375,2
10-6-2020,28.01,Revenant,7,10,3021,11
5-3-2021,9.11,Bloodhound,2,0,509,18
22-5-2020,15.08,Mad Maggie,2,7,2219,17
2-3-2022,14.0,Bloodhound,3,4,833,19
24-10-2020,29.54,Fuse,4,5,2289,10
8-9-2019,5.81,Mirage,4,7,2175,1
11-2-2020,11.29,Gibraltar,12,11,4220,20
7-9-2020,29.57,Revenant,7,10,3386,3
3-2-2020,9.6,Bloodhound,1,0,270,16
14-3-2021,7.2,Fuse,3,3,1138,3
2-11-2019,16.7,Pathfinder,2,3,1002,5
16-2-2020,4.0,Ash,7,6,3347,16
21-11-2019,26.86,Fuse,8,5,2254,12
10-6-2020,18.7,Wattson,7,10,3791,4
31-5-2020,8.63,Bloodhound,6,12,4533,12
14-9-2020,9.55,Gibraltar,1,4,1232,17
6-6-2021,17.85,Lifeline,2,2,705,13
2-10-2022,29.8,Gibraltar,2,7,1709,15
6-10-2021,17.88,Revenant,3,6,2523,20
17-11-2021,23.16,Lifeline,6,5,2392,15
23-8-2019,9.53,Bloodhound,7,5,3487,17
7-10-2021,10.11,Ash,7,10,4513,20
4-6-2021,16.77,Mad Maggie,2,3,844,20
31-1-2020,13.85,Bloodhound,4,1,1393,1
13-3-2022,2.56,Pathfinder,3,3,1331,20
26-6-2019,20.68,Fuse,3,5,1098,13
8-9-2021,28.5,Lifeline,5,6,3195,8
29-4-2022,8.67,Mirage,10,6,3926,20
20-9-2021,20.49,Wattson,6,7,3016,3
16-3-2020,11.54,Gibraltar,1,0,248,8
20-9-2019,25.47,Mad Maggie,3,9,2328,10
18-9-2020,2.8,Bangalore,3,4,2000,12
16-12-2021,10.26,Bangalore,7,11,3322,1
14-10-2022,21.66,Wattson,4,4,1918,15
15-1-2022,23.72,Revenant,7,8,4155,7
19-7-2021,1.99,Mirage,6,8,4082,3
12-8-2019,8.48,Fuse,0,3,666,13
31-10-2022,26.99,Lifeline,2,8,2122,11
24-8-2022,16.26,Lifeline,8,6,3367,3
7-5-2022,25.06,Pathfinder,5,9,3432,16
28-5-2022,22.0,Mad Maggie,10,4,3099,17
1-6-2021,23.83,Fuse,6,7,3739,2
5-1-2021,27.08,Wraith,9,8,3141,3
30-11-2021,13.51,Bloodhound,7,8,3704,18
26-2-2022,22.26,Bangalore,2,2,1122,6
5-9-2021,9.63,Bangalore,2,10,3629,17
7-10-2022,29.27,Horizon,6,6,3112,6
5-7-2019,28.17,Ash,6,7,4027,5
24-2-2022,15.8,Wraith,10,11,4885,18
20-1-2020,0.58,Ash,9,6,2730,19
8-4-2019,22.05,Lifeline,7,4,2747,3
19-12-2021,22.22,Mirage,2,3,1335,9
10-12-2021,29.62,Ash,5,4,1902,16
18-10-2020,23.09,Mad Maggie,5,3,2464,5
18-1-2020,5.79,Fuse,4,4,1653,9
22-9-2021,5.06,Revenant,6,12,4723,3
31-5-2019,23.78,Gibraltar,7,7,3725,16
14-11-2019,24.36,Gibraltar,3,2,918,1
19-2-2019,4.57,Lifeline,7,5,4102,16
19-10-2020,8.45,Revenant,2,3,1017,19
2-7-2021,21.96,Lifeline,6,5,2879,17
8-3-2022,6.31,Bloodhound,4,5,2223,14
13-10-2019,12.45,Mad Maggie,5,7,2665,18
13-8-2020,1.08,Mirage,6,7,2902,16
9-11-2022,12.62,Mad Maggie,0,4,1213,1
18-12-2022,27.62,Bangalore,5,1,1345,14
22-6-2020,13.14,Bloodhound,7,3,2393,9
1-2-2021,25.52,Ash,10,9,4222,19
21-12-2021,17.48,Horizon,9,13,4725,13
6-9-2019,19.27,Horizon,10,7,4414,9
21-7-2022,9.62,Pathfinder,7,6,4218,13
21-12-2020,3.67,Wraith,2,1,863,11
12-6-2020,5.02,Gibraltar,1,1,635,9
8-2-2021,13.39,Gibraltar,4,5,2235,10
8-10-2021,22.77,Fuse,7,6,4113,19
4-7-2022,8.69,Gibraltar,4,4,2405,1
4-6-2022,23.94,Bloodhound,12,7,6223,5
8-3-2019,0.68,Pathfinder,9,8,3729,20
28-5-2019,29.69,Lifeline,5,2,2492,11
11-6-2021,1.8,Wattson,1,2,821,14
6-1-2022,24.44,Fuse,5,3,2473,12
27-3-2019,1.93,Horizon,3,3,1588,12
20-11-2022,23.89,Revenant,7,5,3321,16
7-8-2021,3.55,Bangalore,10,7,4888,17
13-4-2020,15.5,Pathfinder,13,7,4801,14
9-4-2019,24.05,Fuse,2,0,689,6
28-4-2019,17.71,Bloodhound,2,6,1681,20
29-4-2021,12.78,Fuse,8,2,2551,4
30-11-2022,15.9,Lifeline,11,6,6100,14
13-6-2019,18.43,Lifeline,6,9,3715,8
24-6-2022,9.71,Mad Maggie,5,11,3932,18
17-7-2020,10.24,Mad Maggie,6,6,3676,12
29-5-2020,25.01,Fuse,5,8,3701,17
16-1-2022,4.77,Ash,5,3,2616,13
20-1-2022,24.42,Wattson,6,2,2792,4
22-6-2020,10.29,Fuse,5,9,4724,16
26-12-2020,18.28,Bangalore,11,6,4666,5
14-6-2020,6.51,Revenant,6,6,4337,3
1-5-2019,26.21,Revenant,14,8,5254,20
22-5-2021,4.84,Gibraltar,3,3,1520,5
22-10-2020,12.66,Pathfinder,1,7,1901,2
19-4-2021,24.32,Horizon,6,2,1852,9
23-12-2022,22.74,Mirage,10,5,3606,3
9-6-2019,6.83,Lifeline,5,5,2266,9
3-1-2022,13.09,Wraith,7,12,5312,16
6-12-2020,16.82,Wattson,6,8,5062,16
2-6-2019,14.88,Horizon,1,0,320,2
30-11-2022,24.82,Revenant,7,2,3094,3
23-12-2021,19.35,Wraith,4,3,2540,2
7-4-2020,19.54,Wattson,8,3,3848,3
19-1-2022,15.41,Gibraltar,10,5,5470,10
19-1-2020,10.19,Bangalore,5,11,4759,10
1-10-2019,7.41,Pathfinder,8,9,4232,7
10-2-2022,5.01,Bangalore,0,1,259,12
24-3-2021,21.84,Pathfinder,2,6,1853,13
18-5-2019,23.02,Lifeline,4,3,2432,19
20-2-2020,15.32,Pathfinder,4,9,4518,1
31-1-2021,18.01,Gibraltar,5,6,4010,16
6-10-2020,6.79,Gibraltar,5,5,3137,16
16-3-2021,3.8,Wraith,7,7,4008,14
28-6-2019,8.01,Wattson,1,0,286,5
13-11-2019,11.68,Lifeline,6,1,2854,5
14-12-2020,29.04,Bloodhound,5,8,3298,17
5-4-2019,2.67,Pathfinder,6,9,4786,7
2-2-2021,0.26,Bangalore,8,7,5633,6
5-10-2020,7.26,Horizon,5,7,3199,6
12-2-2022,2.63,Fuse,12,6,7050,18
11-4-2020,21.2,Mad Maggie,2,0,693,7
13-6-2022,19.57,Mirage,2,3,1588,5
19-6-2019,19.85,Bloodhound,3,2,1896,15
1-7-2020,7.49,Revenant,9,6,4928,2
30-1-2020,2.37,Lifeline,4,4,2416,12
9-10-2019,19.89,Mad Maggie,6,6,3522,14
18-11-2020,6.44,Bangalore,8,6,4877,20
17-7-2022,23.96,Bloodhound,7,1,3002,3
13-1-2021,25.61,Gibraltar,6,8,5294,19
11-10-2019,24.27,Bloodhound,8,6,3786,5
18-11-2022,15.06,Horizon,5,4,2786,18
2-5-2021,1.1,Bangalore,4,9,3955,8
14-12-2021,19.57,Revenant,9,11,5112,17
16-12-2019,19.13,Revenant,8,9,2394,5
25-9-2019,13.01,Horizon,7,3,1811,11
21-4-2021,7.57,Gibraltar,2,1,508,16
15-7-2021,27.22,Bangalore,3,4,1179,14
21-6-2019,24.78,Horizon,7,5,1271,1
15-2-2022,8.31,Bangalore,9,5,894,19
21-9-2021,29.19,Lifeline,11,14,1745,18
9-11-2020,20.89,Bangalore,8,9,3159,13
27-9-2020,9.3,Revenant,0,0,0,7
24-5-2022,0.22,Gibraltar,2,2,309,4
5-3-2020,5.43,Horizon,4,4,652,16
16-3-2019,18.94,Pathfinder,11,3,1606,20
8-9-2021,29.56,Ash,7,12,1577,17
8-12-2019,29.98,Bangalore,7,6,916,3
12-9-2020,20.59,Gibraltar,9,6,1829,10
15-6-2020,18.85,Mirage,1,6,1167,6
1-1-2020,22.86,Wattson,4,2,1385,7
29-11-2019,22.98,Mirage,2,6,1166,14
24-3-2019,28.01,Gibraltar,6,4,1352,12
12-4-2020,13.85,Ash,4,6,1904,12
22-12-2021,4.97,Wraith,7,6,1653,18
29-8-2021,29.33,Wraith,8,11,1917,19
4-6-2022,3.72,Wattson,0,5,896,12
19-4-2021,1.32,Wraith,3,7,1959,20
6-2-2022,27.14,Pathfinder,4,9,1562,18
5-8-2022,9.24,Wattson,10,8,4094,4
27-6-2019,18.22,Bloodhound,6,6,1516,11
30-10-2021,14.32,Revenant,9,6,1836,18
4-7-2020,17.7,Bangalore,9,11,3714,15
20-5-2020,12.55,Wattson,9,3,2553,7
5-9-2020,1.69,Lifeline,4,3,893,3
20-8-2019,1.08,Bangalore,3,3,1143,5
24-1-2020,28.01,Wraith,3,6,1240,1
29-10-2020,29.58,Lifeline,8,9,1838,5
26-6-2021,8.08,Bangalore,5,10,2480,2
4-5-2021,0.22,Pathfinder,9,14,5400,6
19-7-2019,25.31,Horizon,2,0,379,8
26-11-2019,17.07,Mirage,4,1,952,18
21-5-2020,21.99,Gibraltar,2,5,1377,16
6-3-2022,13.11,Mirage,4,5,1213,8
4-9-2022,26.75,Gibraltar,14,7,2560,5
26-6-2022,26.5,Pathfinder,12,7,3901,8
12-9-2021,5.66,Ash,9,7,3949,20
2-9-2019,16.46,Wraith,5,2,1765,6
10-5-2021,0.6,Fuse,1,3,690,16
24-1-2021,21.23,Wraith,2,3,951,9
8-7-2019,17.29,Horizon,4,9,2413,18
10-11-2022,4.83,Wattson,4,4,975,12
23-2-2020,29.44,Wraith,8,8,3710,3
21-7-2022,21.6,Mirage,8,11,3578,14
24-4-2022,3.36,Bloodhound,0,0,0,4
3-6-2022,13.47,Ash,1,4,928,5
7-10-2021,22.63,Gibraltar,2,5,1640,2
24-11-2022,14.0,Mad Maggie,5,3,1849,9
18-5-2019,22.69,Wattson,10,6,3120,10
28-10-2019,7.2,Fuse,7,10,2750,5
12-11-2020,27.75,Bloodhound,11,8,2278,16
26-12-2019,12.86,Wraith,0,0,0,6
6-5-2020,2.58,Wraith,2,1,668,10
26-2-2020,10.24,Wattson,7,4,1999,7
10-10-2021,3.05,Wraith,3,5,1834,5
9-1-2020,28.25,Bangalore,8,9,3220,10
8-8-2021,28.93,Mirage,9,12,5192,2
30-4-2019,1.07,Wraith,10,6,4323,17
26-8-2022,19.13,Mirage,1,8,1308,6
25-9-2021,14.49,Pathfinder,5,4,2179,8
7-1-2022,6.12,Bangalore,3,8,1999,6
2-7-2021,18.88,Mirage,4,6,1320,19
15-7-2020,12.55,Wraith,6,6,1522,2
5-2-2022,12.57,Mirage,9,10,4762,2
30-9-2019,18.01,Pathfinder,6,10,4464,11
28-10-2021,12.81,Wattson,0,0,0,10
27-11-2021,1.17,Gibraltar,6,1,1577,15
22-7-2022,19.51,Wattson,4,4,1168,9
18-12-2019,8.38,Wraith,4,3,1775,5
14-5-2019,12.85,Pathfinder,8,6,2981,9
26-12-2020,27.86,Mirage,6,15,4524,7
17-6-2020,12.77,Mad Maggie,9,9,4524,9
22-6-2020,20.28,Wraith,3,5,2116,16
5-3-2022,18.62,Wraith,8,6,2806,5
13-8-2020,17.69,Bloodhound,5,3,1736,7
26-10-2022,21.08,Bloodhound,6,4,1919,4
9-7-2019,14.58,Lifeline,4,4,1374,7
28-1-2020,3.91,Fuse,5,7,2894,6
20-10-2022,2.32,Bloodhound,6,9,2112,3
2-3-2020,2.73,Wattson,3,1,1097,19
4-9-2020,8.73,Wattson,1,1,447,5
8-3-2020,10.41,Gibraltar,4,3,1386,15
2-1-2020,25.72,Bangalore,9,8,4029,7
22-2-2021,29.46,Pathfinder,11,13,7026,7
18-6-2021,22.48,Revenant,6,6,2051,11
3-7-2021,17.37,Wraith,13,11,6207,20
4-9-2019,26.16,Ash,2,2,1151,17
19-9-2019,27.12,Bangalore,2,9,2930,14
8-6-2022,5.79,Revenant,5,10,3717,8
2-11-2020,25.05,Revenant,3,7,2638,17
12-8-2021,17.51,Wattson,9,4,2207,15
24-1-2022,12.69,Lifeline,7,6,2377,11
11-7-2022,26.29,Wraith,9,13,3691,20
17-10-2022,27.44,Lifeline,3,8,2766,2
