7-7-2020,9.23,Revenant,6,3,1248,15
13-12-2020,9.56,Pathfinder,4,7,1303,18
21-12-2021,16.4,Revenant,6,4,758,12
14-2-2020,9.8,Crypto,7,7,1184,10
18-1-2022,16.56,Pathfinder,6,6,2081,5
17-9-2022,20.08,Caustic,8,7,3287,8
19-10-2022,22.58,Valkyrie,8,7,1796,3
31-5-2021,12.02,Crypto,0,0,0,15
22-3-2020,5.71,Bloodhound,3,4,504,7
21-3-2020,29.89,Caustic,3,6,1272,17
1-1-2021,3.49,Octane,5,6,1062,8
16-11-2022,21.31,Revenant,8,7,2659,19
18-3-2022,7.4,Mad Maggie,7,13,1508,7
13-1-2020,29.44,Bangalore,7,10,3690,18
25-8-2021,24.06,Rampart,4,2,1265,15
3-4-2019,2.07,Rampart,2,4,1229,2
4-12-2021,10.84,Revenant,2,3,750,12
29-4-2021,13.47,Crypto,5,5,1039,7
5-8-2020,12.84,Horizon,7,5,1822,7
3-5-2022,14.42,Octane,7,8,2291,8
8-1-2020,9.7,Pathfinder,7,6,2620,20
11-3-2021,6.36,Horizon,6,5,1240,14
20-9-2020,29.57,Ash,5,5,1688,5
26-2-2021,28.49,Bloodhound,6,6,2560,8
4-8-2019,6.42,Rampart,5,4,1547,20
12-7-2022,13.98,Octane,5,8,1455,15
16-4-2021,14.21,Octane,5,7,1655,7
31-10-2020,17.11,Valkyrie,8,6,1386,5
1-2-2022,23.61,Lifeline,4,0,983,1
4-2-2022,1.9,Bloodhound,5,1,1511,7
25-4-2022,2.53,Octane,2,2,421,4
11-4-2022,11.14,Wraith,4,7,1266,15
15-11-2020,22.55,Caustic,8,7,2595,19
27-8-2019,18.61,Crypto,11,6,3175,18
3-4-2022,22.79,Pathfinder,8,10,2478,13
14-7-2022,22.82,Wraith,6,0,1275,15
5-9-2020,25.34,Mirage,2,4,1047,6
11-1-2020,10.57,Octane,5,2,1248,12
9-7-2022,17.88,Valkyrie,7,4,2027,13
19-8-2022,25.14,Bangalore,4,5,862,15
24-9-2020,19.75,Rampart,5,7,1896,6
19-3-2022,14.1,Gibraltar,12,7,3208,4
27-4-2019,6.52,Lifeline,4,5,2154,20
1-4-2021,3.74,Wattson,3,3,1133,10
26-12-2022,4.22,Caustic,10,3,1422,11
8-8-2021,9.3,Revenant,5,12,2742,12
12-5-2022,27.96,Bloodhound,13,7,3079,2
9-5-2019,8.08,Mad Maggie,11,7,4409,2
12-7-2019,24.52,Bloodhound,6,10,3017,10
4-2-2021,20.57,Horizon,0,0,0,12
20-5-2021,6.8,Wattson,1,6,730,4
27-8-2020,3.58,Gibraltar,2,3,833,11
31-7-2021,24.3,Revenant,6,5,2281,18
8-2-2020,6.83,Valkyrie,4,10,1740,15
2-6-2020,11.34,Bloodhound,13,7,2546,4
5-5-2022,2.22,Wraith,6,9,3151,9
6-12-2021,18.78,Bloodhound,8,3,1882,6
22-8-2020,19.02,Revenant,3,1,758,4
31-8-2019,4.24,Revenant,3,6,1331,10
24-1-2021,28.77,Mad Maggie,4,4,1702,17
28-4-2020,7.21,Ash,10,6,3688,5
28-10-2020,19.91,Rampart,11,6,3784,8
18-8-2021,29.46,Wraith,8,10,3732,6
4-9-2020,23.53,Wattson,3,1,964,13
11-6-2022,6.01,Valkyrie,1,1,441,15
9-7-2020,4.34,Wraith,6,4,1481,3
2-5-2019,29.4,Mirage,6,4,1534,3
12-2-2019,19.04,Rampart,5,4,2456,4
9-10-2020,20.69,Lifeline,7,5,2975,20
29-4-2021,21.55,Mirage,8,8,3222,19
2-6-2021,23.68,Revenant,1,3,634,13
30-10-2019,9.48,Mad Maggie,3,8,2922,12
4-10-2020,3.47,Horizon,4,2,1737,20
1-4-2020,13.39,Bloodhound,3,8,1811,9
21-8-2021,9.84,Valkyrie,4,5,2503,19
21-3-2019,2.38,Mad Maggie,9,5,3075,14
28-6-2021,21.2,Caustic,9,7,4651,11
2-8-2020,0.02,Gibraltar,0,3,460,4
27-8-2020,2.62,Caustic,4,1,805,12
28-9-2022,4.86,Caustic,3,3,1122,11
15-8-2022,4.63,Caustic,3,3,1353,9
10-7-2021,24.41,Crypto,13,5,4421,17
10-11-2022,3.11,Bangalore,5,8,2624,2
7-3-2022,3.6,Rampart,6,7,2702,15
6-11-2020,6.29,Rampart,1,0,291,7
16-4-2022,15.88,Bloodhound,4,6,1426,18
13-3-2021,20.16,Bloodhound,6,3,2161,15
3-9-2020,26.95,Lifeline,3,5,1857,18
23-1-2020,9.37,Wattson,5,8,3835,5
28-2-2021,6.81,Wraith,7,7,2484,16
5-1-2021,27.72,Ash,7,8,4047,14
14-4-2020,7.67,Mirage,0,4,853,8
3-3-2020,19.28,Bangalore,7,1,1499,7
25-10-2020,17.76,Horizon,5,6,2430,18
28-8-2021,15.56,Pathfinder,4,7,3312,12
31-1-2020,11.32,Bloodhound,6,9,3803,8
5-7-2022,2.97,Bloodhound,7,7,3375,7
12-12-2022,1.15,Rampart,9,9,2773,6
5-9-2019,0.99,Gibraltar,0,2,308,8
26-6-2022,26.85,Rampart,4,2,1646,18
29-9-2020,17.24,Rampart,2,3,787,13
28-4-2022,4.69,Bloodhound,6,4,2595,10
18-2-2020,23.08,Wraith,4,4,1610,5
22-11-2022,25.06,Bloodhound,10,7,3786,6
2-4-2022,18.01,Crypto,10,7,5086,16
25-8-2021,26.11,Mirage,7,0,2112,1
20-1-2021,7.39,Horizon,1,2,687,19
23-11-2021,19.77,Horizon,3,11,2945,2
30-9-2021,26.53,Octane,5,4,1823,13
31-3-2021,0.53,Horizon,4,7,2642,8
16-10-2021,26.45,Revenant,8,14,4347,5
4-8-2019,28.86,Wraith,9,9,4813,1
14-1-2022,26.24,Ash,0,1,275,19
10-8-2021,24.26,Horizon,3,6,2555,19
6-3-2022,26.51,Horizon,8,5,2261,17
2-7-2021,2.79,Horizon,5,6,2303,12
28-12-2022,9.19,Wraith,6,11,4347,8
6-4-2019,15.11,Revenant,8,5,3294,13
2-4-2020,17.61,Wraith,10,9,3589,14
3-9-2020,13.36,Lifeline,0,0,0,10
2-2-2022,13.03,Rampart,5,3,2337,14
17-9-2022,28.92,Wattson,4,6,2551,5
15-8-2021,6.71,Revenant,5,10,2608,18
19-4-2022,19.32,Wattson,6,4,3324,5
26-12-2021,23.07,Lifeline,6,8,3654,5
16-1-2020,23.67,Wraith,8,8,3872,4
2-11-2021,13.05,Rampart,1,0,312,20
19-8-2022,15.84,Mirage,1,6,1608,3
25-2-2019,26.06,Wraith,6,10,3062,16
31-3-2021,14.18,Caustic,5,5,2683,18
29-4-2022,7.56,Revenant,4,6,1955,19
3-4-2022,25.39,Mirage,7,8,2962,14
24-2-2019,1.94,Wraith,7,7,3266,17
5-3-2022,11.78,Valkyrie,7,1,2686,18
23-7-2019,7.42,Octane,8,7,4307,12
11-7-2022,29.1,Revenant,9,2,2687,13
14-10-2022,11.66,Ash,5,3,1700,18
8-9-2022,2.64,Octane,4,10,4256,15
6-7-2019,1.73,Octane,8,5,2636,7
23-7-2019,23.85,Ash,9,7,3467,15
14-3-2019,15.86,Bangalore,0,1,203,12
26-9-2019,24.85,Horizon,6,1,1685,6
8-4-2021,1.13,Mirage,3,4,1735,11
25-9-2019,0.54,Ash,3,3,1789,12
8-3-2021,11.33,Gibraltar,4,8,3188,1
12-11-2022,6.31,Ash,9,6,3149,8
11-8-2021,6.68,Gibraltar,8,11,4627,20
22-10-2021,8.53,Crypto,2,0,476,17
12-9-2020,10.45,Horizon,2,4,2046,2
9-8-2019,26.43,Mirage,9,4,4561,1
14-8-2019,10.49,Lifeline,5,7,3358,15
11-3-2021,3.89,Crypto,6,4,2388,8
12-12-2020,3.39,Octane,11,11,5670,13
30-6-2020,21.8,Gibraltar,8,9,4235,11
19-6-2021,28.67,Lifeline,0,5,1389,13
1-12-2022,4.78,Wattson,3,4,2110,8
6-8-2019,27.88,Crypto,8,10,5884,13
2-5-2021,18.4,Lifeline,4,3,1594,8
15-7-2020,2.72,Caustic,9,10,4274,9
20-5-2021,4.77,Lifeline,5,8,3962,3
3-9-2020,7.31,Octane,10,11,6357,11
17-7-2022,6.13,Caustic,4,4,2668,16
19-6-2021,25.39,Revenant,4,3,1564,18
8-7-2019,7.81,Rampart,5,2,1611,5
5-2-2021,10.07,Horizon,3,5,2737,7
15-3-2019,24.91,Pathfinder,6,10,4017,11
13-3-2020,9.66,Ash,5,11,4065,12
20-3-2021,8.95,Gibraltar,12,7,5971,18
1-4-2022,6.86,Rampart,4,8,4464,19
3-12-2021,3.27,Pathfinder,4,4,2767,20
18-8-2022,25.02,Lifeline,2,4,1373,20
21-10-2021,10.97,Horizon,8,5,4079,4
2-6-2022,27.27,Bangalore,4,6,3671,8
30-4-2021,15.03,Rampart,7,5,4084,8
31-8-2020,19.27,Bloodhound,13,11,5988,4
10-10-2019,19.1,Horizon,4,1,1921,12
30-6-2022,9.54,Wattson,7,7,3372,12
28-1-2021,25.21,Bloodhound,7,3,3442,14
28-11-2021,1.17,Ash,5,3,2585,14
22-7-2020,28.88,Ash,8,6,3455,15
4-9-2020,20.45,Caustic,8,8,4200,15
28-6-2021,19.22,Gibraltar,9,6,4311,11
16-8-2022,20.57,Bloodhound,6,2,2406,3
19-4-2020,18.03,Horizon,1,1,620,20
8-3-2019,19.36,Valkyrie,7,5,4505,2
29-8-2022,20.04,Mirage,5,8,5103,11
16-8-2020,13.43,Caustic,11,5,4174,5
30-10-2021,0.73,Bloodhound,5,5,3397,1
10-10-2019,28.11,Mirage,7,6,4979,1
17-4-2019,22.57,Ash,1,3,1028,4
11-8-2020,7.99,Lifeline,3,8,4232,17
5-12-2021,9.39,Horizon,4,5,3574,14
25-9-2020,22.82,Wraith,5,5,3801,6
20-10-2022,19.13,Ash,5,7,4694,11
6-9-2021,11.65,Bangalore,5,5,2647,11
3-12-2021,13.89,Wattson,9,6,3985,19
26-6-2020,26.3,Wraith,3,2,1268,11
20-7-2021,4.96,Mad Maggie,1,2,1096,13
21-8-2022,28.43,Pathfinder,5,10,4603,11
4-6-2020,29.32,Octane,4,8,4350,17
6-5-2022,6.59,Mirage,10,5,1955,19
1-7-2020,19.93,Octane,9,12,4295,14
2-7-2022,2.69,Caustic,8,12,2280,8
19-12-2020,3.19,Lifeline,2,0,307,1
7-12-2022,23.05,Bangalore,5,4,1159,5
23-9-2020,3.24,Bangalore,4,3,973,3
9-4-2021,22.44,Wattson,7,8,1680,16
20-11-2020,14.55,Mirage,4,6,969,10
26-3-2021,17.31,Gibraltar,7,5,982,18
17-12-2019,13.55,Bloodhound,6,11,2183,1
1-2-2020,24.18,Valkyrie,2,7,798,1
31-12-2020,20.1,Bloodhound,2,3,720,11
24-6-2020,18.42,Horizon,5,8,1901,10
25-10-2019,6.66,Pathfinder,3,3,1223,14
25-5-2019,27.46,Wraith,7,10,2606,14
30-3-2020,25.79,Lifeline,6,12,3661,12
18-12-2021,17.85,Wraith,7,9,3401,14
2-9-2019,21.13,Pathfinder,3,0,302,14
12-7-2020,6.53,Revenant,3,2,1161,6
4-10-2020,16.86,Bangalore,2,9,1539,1
2-10-2019,28.0,Wattson,7,8,2456,9
24-7-2022,13.52,Bangalore,4,4,1537,10
19-10-2021,3.84,Mad Maggie,6,11,1821,9
1-8-2019,0.66,Horizon,9,6,1819,8
27-7-2020,8.25,Mad Maggie,2,4,1074,6
21-6-2022,18.59,Bangalore,2,8,2046,19
12-8-2019,2.42,Valkyrie,2,2,378,9
24-7-2020,16.42,Crypto,3,9,1809,7
31-8-2021,12.47,Ash,7,6,1537,10
1-11-2020,23.74,Mad Maggie,12,10,2627,10
20-10-2020,4.7,Bloodhound,12,10,2703,18
24-1-2020,24.63,Octane,6,3,1082,19
20-7-2021,25.6,Valkyrie,1,6,1024,11
17-9-2020,24.19,Lifeline,4,3,1737,18
12-8-2019,10.15,Valkyrie,3,8,2454,10
2-11-2021,7.36,Wattson,4,10,1751,7
14-8-2019,24.75,Mad Maggie,10,8,4446,7
10-4-2020,10.98,Octane,8,8,2903,20
1-7-2022,24.95,Mad Maggie,4,6,2459,8
17-4-2019,26.91,Valkyrie,5,10,3229,7
1-10-2022,22.99,Mirage,5,5,1773,5
28-9-2022,1.35,Valkyrie,4,5,914,3
6-2-2022,10.62,Mirage,5,8,1999,14
25-12-2020,25.74,Horizon,6,6,1954,16
20-6-2019,10.34,Valkyrie,8,12,2792,14
9-6-2019,17.77,Mad Maggie,5,2,1194,10
4-7-2021,27.45,Valkyrie,4,3,1332,11
12-7-2022,16.23,Horizon,9,3,2449,2
27-8-2020,5.26,Caustic,9,5,3389,11
13-3-2020,5.21,Mad Maggie,7,9,2434,7
6-10-2021,19.16,Octane,6,6,2908,3
20-12-2021,20.94,Mirage,7,7,3648,4
2-3-2022,23.63,Rampart,0,2,305,3
22-1-2022,12.56,Lifeline,4,5,1464,13
16-10-2019,29.84,Ash,4,3,956,7
2-8-2022,19.1,Bloodhound,5,4,1717,5
14-4-2020,1.59,Crypto,6,7,2913,6
19-2-2020,11.88,Valkyrie,11,7,4316,7
10-7-2020,14.75,Pathfinder,8,7,2815,19
29-8-2019,4.08,Crypto,0,1,177,3
20-3-2020,11.64,Octane,5,1,1557,7
2-1-2020,16.06,Mirage,5,9,3765,9
26-2-2022,20.15,Gibraltar,4,5,1598,20
16-10-2022,20.45,Horizon,6,6,2412,18
1-8-2019,18.75,Valkyrie,5,6,1499,18
6-6-2022,2.52,Bangalore,7,12,3198,17
4-7-2020,22.64,Crypto,0,2,431,12
3-4-2020,2.66,Bangalore,4,2,1604,5
5-7-2021,6.2,Mad Maggie,4,2,1649,10
29-3-2022,23.36,Wraith,13,4,2224,15
12-6-2020,9.98,Revenant,4,6,2497,5
21-11-2022,15.72,Mirage,7,9,3015,9
5-6-2022,6.38,Wraith,8,9,2624,17
30-12-2021,19.51,Rampart,1,6,896,19
18-1-2021,23.16,Gibraltar,7,2,2401,1
28-8-2020,10.16,Rampart,2,2,1020,7
6-3-2022,7.43,Crypto,9,5,2842,8
29-12-2020,3.75,Octane,8,4,2402,5
17-8-2021,16.29,Rampart,9,5,3262,9
28-7-2019,4.51,Revenant,6,6,2416,20
13-12-2022,4.55,Mirage,2,1,699,10
23-6-2022,10.41,Mirage,3,1,1021,3
26-9-2020,28.59,Bangalore,8,2,2272,5
25-8-2020,26.88,Gibraltar,6,3,2269,12
31-1-2022,13.06,Rampart,6,4,2460,19
2-11-2021,0.83,Horizon,10,7,2984,17
19-1-2022,0.45,Caustic,6,8,2913,3
25-2-2019,28.02,Rampart,1,7,1714,4
1-9-2021,16.92,Mirage,2,5,1095,8
9-9-2019,21.32,Ash,8,6,3691,19
13-3-2022,11.2,Pathfinder,3,10,3385,3
1-11-2022,23.2,Horizon,4,13,4155,14
26-8-2021,10.48,Rampart,11,7,4510,12
9-6-2021,8.37,Mad Maggie,10,9,5701,3
9-9-2019,2.5,Rampart,4,4,1493,3
3-8-2022,22.92,Lifeline,4,1,1387,15
27-3-2019,0.95,Rampart,8,4,3152,19
7-12-2020,26.94,Pathfinder,10,11,3334,9
11-2-2020,21.38,Octane,4,5,2577,6
7-9-2021,2.85,Mad Maggie,5,7,2997,12
4-5-2020,12.12,Ash,7,6,2099,5
19-7-2020,28.56,Rampart,2,2,702,3
10-7-2019,5.69,Octane,1,1,391,13
16-1-2022,14.36,Wattson,5,3,2000,9
20-9-2021,10.85,Wattson,4,4,1569,11
28-2-2020,28.56,Octane,5,8,2727,6
30-12-2019,27.72,Wattson,10,8,4879,4
11-2-2019,28.45,Bangalore,12,7,3106,2
4-8-2020,29.45,Crypto,4,5,1564,12
30-9-2021,0.11,Mirage,6,8,4196,12
2-10-2021,0.77,Horizon,4,2,1457,20
12-8-2020,14.77,Revenant,5,7,2600,10
25-9-2019,26.8,Pathfinder,5,12,2805,3
6-1-2022,3.36,Bloodhound,5,13,5000,13
3-7-2021,1.56,Ash,6,9,4100,9
16-12-2022,29.27,Lifeline,2,3,1162,14
4-5-2020,0.81,Ash,4,1,1525,16
4-3-2019,4.57,Lifeline,7,3,1941,14
10-9-2019,1.51,Mad Maggie,3,4,2271,7
28-4-2021,8.11,Octane,4,9,4181,15
8-9-2021,7.13,Pathfinder,12,6,4347,1
31-12-2022,16.68,Wattson,7,6,2963,6
16-12-2020,12.77,Wattson,2,1,868,10
7-3-2021,14.6,Gibraltar,5,4,1948,5
25-8-2019,23.16,Valkyrie,10,6,4464,12
21-2-2019,4.65,Wraith,3,4,1843,10
30-7-2022,28.38,Revenant,8,8,4088,2
11-2-2019,8.11,Gibraltar,7,6,3893,3
1-1-2022,21.52,Mad Maggie,7,9,4721,7
7-5-2022,20.0,Wraith,9,2,3745,13
20-12-2020,10.81,Rampart,2,5,2326,9
1-10-2020,23.52,Ash,5,4,2433,17
25-10-2019,2.51,Rampart,8,3,2464,11
20-8-2021,17.2,Gibraltar,6,7,3268,1
8-1-2022,7.62,Horizon,8,5,3670,10
13-12-2020,14.47,Octane,7,7,2875,20
26-12-2019,28.78,Wattson,4,3,2356,15
9-9-2022,21.26,Mad Maggie,2,2,1369,2
8-12-2020,13.96,Mirage,3,4,2045,14
24-6-2019,29.72,Crypto,3,8,3414,19
28-1-2020,4.85,Valkyrie,5,4,3243,4
24-12-2022,25.63,Ash,6,7,3540,12
2-1-2021,22.22,Rampart,6,9,4582,3
7-4-2022,21.28,Mad Maggie,4,2,1514,16
14-6-2022,23.58,Revenant,5,3,1913,17
3-8-2021,7.16,Lifeline,3,2,1011,6
4-1-2020,21.93,Horizon,4,7,2996,14
16-7-2019,26.3,Mirage,5,7,2917,7
7-11-2022,22.21,Wattson,11,5,4525,5
28-11-2022,6.72,Wraith,6,6,4321,4
13-10-2022,3.24,Wraith,5,1,1644,1
5-1-2022,21.47,Mad Maggie,2,2,1164,4
7-7-2021,6.15,Crypto,4,5,2472,5
26-9-2021,23.56,Crypto,4,7,3307,3
24-8-2022,6.9,Pathfinder,9,10,5896,7
5-9-2020,18.93,Lifeline,9,6,5024,10
17-12-2020,23.85,Ash,6,10,4356,16
10-10-2022,24.81,Gibraltar,5,10,4269,17
1-6-2022,23.5,Wraith,2,6,2059,20
2-3-2021,4.01,Octane,8,7,5143,7
12-2-2021,1.44,Gibraltar,3,10,3935,19
15-4-2021,5.65,Mirage,4,7,2559,3
19-8-2022,26.23,Revenant,9,6,5053,20
11-7-2022,1.37,Wattson,6,7,2847,14
21-11-2021,17.28,Revenant,3,2,1334,5
13-4-2019,1.3,Rampart,5,3,1988,17
19-8-2020,4.61,Crypto,2,2,1210,6
24-8-2021,28.76,Valkyrie,3,3,1429,4
18-7-2020,25.95,Mad Maggie,7,8,3501,12
19-10-2019,29.48,Wattson,6,7,3936,14
23-11-2022,27.52,Gibraltar,8,8,3834,10
7-5-2020,0.49,Revenant,0,0,0,7
9-5-2022,9.18,Horizon,2,1,1007,8
25-9-2022,22.08,Wraith,6,4,2697,20
24-9-2021,10.57,Pathfinder,3,10,3548,10
28-10-2022,27.67,Octane,12,8,6639,15
16-7-2021,3.12,Bloodhound,9,8,6513,12
2-4-2022,1.94,Valkyrie,7,10,4359,6
8-8-2019,11.59,Caustic,1,8,2878,16
6-6-2022,3.0,Crypto,3,1,1527,7
22-1-2021,0.99,Mirage,2,5,2028,11
20-6-2022,12.47,Wraith,3,3,1678,9
1-2-2021,7.17,Lifeline,6,6,4551,5
18-12-2020,22.16,Lifeline,13,12,8503,3
10-8-2019,4.47,Ash,6,7,3512,8
11-10-2021,22.17,Caustic,7,10,6630,4
1-2-2020,22.85,Mirage,4,5,2803,15
12-11-2021,27.08,Crypto,5,8,3641,20
21-12-2021,8.58,Mirage,4,7,2891,1
30-10-2020,29.66,Wattson,4,10,4530,8
2-9-2020,27.39,Caustic,7,8,5249,4
24-4-2021,21.9,Octane,8,8,6496,18
11-8-2019,5.69,Revenant,0,0,0,10
17-10-2019,15.6,Horizon,3,3,1983,19
30-9-2021,28.13,Wraith,4,2,1514,4
20-11-2020,22.26,Mirage,6,4,3186,4
30-1-2020,8.73,Wraith,4,6,3685,15
18-10-2022,16.77,Bloodhound,5,8,4282,7
16-9-2021,5.75,Bloodhound,8,10,5215,15
10-1-2021,18.63,Valkyrie,2,6,3205,5
26-3-2019,14.87,Valkyrie,6,1,1053,13
11-11-2020,27.05,Caustic,10,5,2161,5
10-9-2021,28.06,Pathfinder,8,12,3321,9
4-9-2021,15.27,Valkyrie,4,7,2260,8
15-1-2021,0.98,Mad Maggie,6,9,2665,1
29-7-2022,21.26,Rampart,12,8,1923,4
18-4-2019,19.08,Lifeline,3,5,559,20
1-9-2019,15.43,Pathfinder,7,2,1927,9
13-2-2019,8.7,Gibraltar,2,3,607,1
26-7-2021,1.42,Pathfinder,4,3,603,3
17-11-2022,26.14,Ash,5,13,3543,10
10-7-2021,18.36,Revenant,5,9,2080,16
29-10-2019,7.34,Pathfinder,8,8,1164,3
9-11-2019,10.83,Pathfinder,0,6,570,4
21-3-2021,19.53,Gibraltar,1,7,1695,5
1-7-2020,24.98,Revenant,3,3,811,20
21-4-2019,5.84,Rampart,10,9,3576,4
27-5-2019,22.25,Lifeline,7,5,2314,4
10-10-2020,18.26,Pathfinder,7,6,2743,2
28-1-2021,9.94,Mirage,13,8,4144,16
17-9-2022,8.35,Wraith,0,0,0,3
21-4-2022,27.58,Bangalore,10,8,3612,5
16-10-2020,17.85,Gibraltar,2,8,1501,3
22-1-2021,24.53,Octane,5,4,1998,8
18-5-2019,17.89,Pathfinder,5,11,2688,10
27-8-2022,26.33,Rampart,5,6,1309,15
10-8-2020,22.82,Wraith,15,11,4639,18
19-7-2019,13.18,Rampart,7,3,1657,9
15-8-2021,11.99,Valkyrie,6,4,1858,17
12-2-2020,8.19,Bloodhound,2,3,616,16
11-10-2020,13.45,Horizon,9,4,2877,16
18-7-2020,6.44,Rampart,7,9,1565,1
10-11-2021,9.72,Valkyrie,6,10,2219,15
16-12-2022,8.26,Horizon,13,13,2460,2
18-9-2020,3.96,Mad Maggie,2,1,410,8
16-2-2020,7.61,Bangalore,1,1,208,9
27-9-2020,22.45,Lifeline,2,3,449,1
31-8-2020,21.93,Lifeline,5,4,1651,14
21-7-2022,28.57,Pathfinder,10,8,3732,14
22-12-2022,8.32,Horizon,10,8,3310,12
22-10-2020,29.57,Valkyrie,7,7,2521,6
18-4-2022,12.95,Pathfinder,3,2,1235,19
8-4-2020,1.59,Caustic,4,3,1646,1
13-10-2021,6.74,Revenant,4,6,2384,8
13-10-2020,11.67,Wraith,5,7,1762,7
11-7-2019,17.68,Mirage,10,4,1812,3
14-11-2022,16.26,Caustic,8,10,2242,3
12-7-2019,5.99,Revenant,6,7,1882,19
4-8-2019,18.56,Wattson,0,4,648,20
29-7-2021,0.45,Revenant,5,2,1837,10
7-10-2022,8.83,Valkyrie,2,6,1114,16
17-1-2020,6.61,Gibraltar,3,10,2083,9
12-3-2022,15.49,Octane,7,5,2714,17
15-4-2020,21.04,Wraith,7,6,2172,18
26-9-2022,7.8,Gibraltar,9,8,4229,9
31-10-2022,26.63,Mirage,4,4,1714,13
23-11-2021,25.01,Lifeline,2,3,1097,9
30-3-2022,2.06,Horizon,7,7,2767,12
27-3-2020,12.62,Gibraltar,5,4,1635,8
23-11-2020,4.06,Gibraltar,6,6,2336,18
19-7-2021,18.06,Gibraltar,6,11,3880,15
19-6-2021,1.77,Bloodhound,11,11,5709,7
13-3-2021,3.29,Horizon,0,5,1164,13
27-8-2021,23.81,Rampart,3,1,951,3
5-4-2020,1.07,Wraith,2,2,592,7
31-10-2019,4.24,Wattson,6,10,3548,18
7-12-2019,3.33,Gibraltar,9,6,4047,18
8-10-2019,7.79,Wraith,5,8,3185,4
22-2-2021,9.26,Octane,7,7,1929,2
22-6-2022,26.13,Pathfinder,0,3,508,8
26-9-2022,27.59,Caustic,3,1,824,18
27-7-2022,25.62,Octane,8,5,3280,10
26-9-2021,1.3,Bangalore,6,8,3663,6
1-1-2021,13.5,Pathfinder,7,9,3141,8
27-10-2021,27.62,Mad Maggie,6,6,3008,2
11-10-2020,10.08,Lifeline,6,11,3782,6
24-6-2021,6.09,Valkyrie,5,3,1480,4
28-9-2020,0.49,Crypto,3,7,2287,18
13-9-2022,1.94,Wraith,3,2,729,18
10-5-2022,17.97,Gibraltar,5,5,1753,8
22-10-2022,15.24,Wraith,13,8,5682,6
15-10-2019,27.5,Ash,8,5,2756,3
20-8-2021,13.77,Ash,7,7,2496,8
10-8-2022,17.12,Valkyrie,5,1,946,20
5-12-2022,17.29,Octane,2,3,1079,18
9-9-2019,28.88,Bangalore,8,5,1855,13
25-6-2021,13.49,Mirage,9,7,4852,16
15-9-2021,20.47,Bangalore,8,4,2443,19
29-4-2022,16.98,Mad Maggie,5,6,1754,2
26-3-2021,24.9,Gibraltar,6,6,2391,7
9-7-2020,12.85,Pathfinder,6,1,1138,17
15-4-2020,1.32,Wattson,3,1,1187,9
17-12-2022,12.62,Rampart,3,2,806,17
8-9-2019,12.91,Horizon,5,3,1829,2
30-1-2020,8.14,Mad Maggie,4,4,2312,17
9-7-2021,19.34,Bloodhound,13,8,4072,16
15-3-2021,8.78,Valkyrie,7,7,4057,19
6-2-2020,7.28,Ash,1,0,291,6
26-6-2019,3.72,Rampart,1,8,2116,18
11-2-2019,0.64,Revenant,2,5,1928,4
1-10-2022,2.34,Lifeline,3,3,1064,20
24-1-2020,22.95,Caustic,8,6,2218,3
6-12-2020,26.09,Mad Maggie,7,9,3540,13
24-4-2021,22.0,Crypto,7,9,3205,1
9-9-2022,29.2,Crypto,10,8,3122,11
1-12-2019,27.75,Valkyrie,3,8,3141,18
4-3-2019,28.0,Crypto,7,7,3080,19
18-11-2019,2.49,Crypto,3,4,1810,2
30-1-2022,25.16,Ash,6,7,2510,2
12-3-2022,4.73,Caustic,11,5,5225,4
22-11-2021,23.67,Ash,10,10,4695,7
9-7-2019,12.05,Wattson,0,5,940,9
14-2-2019,9.05,Wraith,1,1,589,17
2-8-2021,21.91,Wraith,7,4,3071,8
24-9-2021,19.62,Pathfinder,6,7,2347,14
23-11-2020,1.18,Pathfinder,4,5,2256,11
19-2-2020,12.65,Wattson,6,11,5381,20
25-11-2021,21.67,Rampart,7,8,3455,17
11-6-2021,6.74,Wattson,2,1,583,10
3-8-2021,0.14,Ash,4,3,1594,9
4-5-2019,24.74,Wraith,4,9,3524,14
5-5-2021,12.76,Wattson,4,11,4577,7
19-11-2022,1.96,Bloodhound,5,12,3253,12
19-8-2021,13.58,Horizon,6,11,4345,19
29-12-2021,11.28,Mad Maggie,6,14,6374,13
8-9-2019,19.21,Octane,5,4,2977,7
29-8-2021,18.96,Rampart,1,3,743,3
24-5-2021,12.05,Lifeline,2,4,1610,5
20-3-2020,4.2,Octane,7,3,2179,10
6-10-2021,23.59,Horizon,7,5,2852,17
23-7-2021,6.55,Wattson,13,5,3669,1
21-11-2020,27.85,Bloodhound,7,14,4266,16
25-3-2019,6.88,Crypto,0,0,0,16
13-7-2022,11.34,Crypto,2,1,1046,2
8-10-2019,10.31,Rampart,2,3,1550,10
27-10-2021,17.52,Bloodhound,5,8,2454,20
13-2-2021,2.44,Bloodhound,5,5,2680,11
17-3-2019,25.15,Mad Maggie,5,9,4552,11
3-5-2020,2.92,Bangalore,9,8,5030,9
17-9-2021,8.18,Gibraltar,1,4,1631,16
6-10-2021,10.71,Horizon,3,5,2069,15
26-4-2020,19.33,Wattson,7,2,3207,15
25-9-2020,26.62,Revenant,4,4,1671,20
10-12-2022,22.2,Wraith,4,4,2394,17
7-3-2021,16.94,Ash,6,6,3009,6
28-10-2019,9.85,Caustic,6,6,3962,14
11-1-2020,13.86,Horizon,6,0,1672,10
4-4-2020,1.52,Wattson,2,5,2292,14
1-10-2020,2.34,Caustic,3,7,3005,12
6-2-2022,14.45,Crypto,4,9,3313,13
15-7-2019,29.05,Ash,10,4,4310,5
11-4-2020,26.17,Lifeline,6,5,2487,6
23-3-2022,26.85,Lifeline,9,14,5158,20
28-1-2021,3.65,Pathfinder,6,5,3569,4
18-12-2021,23.8,Bloodhound,4,2,1796,18
11-10-2020,27.74,Rampart,3,2,1719,20
18-6-2020,12.61,Mirage,6,12,4854,5
5-10-2022,2.32,Rampart,5,4,3191,8
30-4-2020,9.23,Crypto,5,6,2528,10
9-9-2022,8.45,Bangalore,9,6,4989,8
6-11-2019,23.6,Rampart,0,7,1733,1
16-7-2022,5.33,Gibraltar,2,7,2403,10
12-4-2019,16.64,Wattson,4,3,1609,4
15-7-2019,23.84,Revenant,11,3,4968,15
4-1-2021,18.63,Bloodhound,10,6,3847,11
18-1-2022,13.66,Mad Maggie,8,11,4329,15
15-6-2020,16.78,Horizon,10,6,5610,14
19-12-2021,19.83,Pathfinder,7,1,2152,16
7-1-2022,9.09,Lifeline,1,1,476,2
19-12-2019,22.08,Crypto,6,6,3714,18
3-12-2021,19.56,Ash,3,4,2313,11
29-4-2020,10.75,Mad Maggie,8,6,4160,20
5-8-2019,25.01,Wattson,8,12,5728,9
13-2-2022,21.17,Bloodhound,7,9,5199,19
17-10-2021,21.87,Bloodhound,3,0,795,19
7-3-2020,3.07,Mad Maggie,1,1,706,17
10-1-2020,20.1,Revenant,2,6,2998,4
29-10-2019,5.72,Lifeline,7,7,5225,20
11-9-2019,24.73,Ash,12,6,5591,14
2-2-2022,16.54,Revenant,6,9,4355,5
12-11-2022,27.14,Bangalore,9,8,4517,4
14-3-2020,20.89,Lifeline,4,0,1321,14
22-10-2020,27.79,Caustic,3,2,1191,9
15-3-2019,22.62,Horizon,5,3,2529,12
27-8-2021,25.26,Revenant,9,4,4853,15
1-12-2019,2.81,Valkyrie,7,5,3921,14
30-4-2019,25.51,Lifeline,6,6,4555,12
18-1-2021,2.53,Mad Maggie,10,9,4980,13
2-4-2020,11.93,Wattson,6,1,2875,8
5-9-2022,23.55,Pathfinder,4,5,3099,18
28-9-2019,9.62,Mirage,9,2,3390,14
31-3-2019,21.3,Horizon,5,8,4867,3
30-10-2020,28.17,Rampart,7,7,4095,11
25-5-2020,17.84,Pathfinder,6,6,4067,10
22-8-2021,17.9,Pathfinder,10,8,6055,4
23-6-2020,6.76,Ash,5,1,2204,4
28-2-2021,12.59,Caustic,3,1,1055,14
9-12-2022,4.93,Lifeline,4,4,2178,6
25-4-2020,19.46,Wraith,11,3,4030,6
15-8-2022,17.8,Wraith,5,10,5188,2
11-8-2021,27.99,Revenant,5,6,2148,17
30-6-2020,29.87,Valkyrie,11,7,2800,1
26-11-2020,9.11,Crypto,0,2,181,13
2-7-2019,10.73,Lifeline,1,1,211,9
11-11-2022,11.66,Wattson,2,4,861,18
31-8-2021,21.56,Bangalore,6,9,1063,13
17-1-2020,21.48,Ash,5,5,1112,19
1-7-2021,0.52,Valkyrie,5,5,1184,3
10-9-2020,17.39,Mirage,12,6,3893,1
14-11-2019,0.97,Lifeline,4,1,1122,6
8-5-2021,25.84,Valkyrie,3,3,889,3
16-9-2021,23.26,Gibraltar,6,6,2113,3
14-9-2021,9.49,Revenant,7,4,1753,2
29-8-2022,21.35,Wraith,10,5,1839,10
20-12-2020,5.12,Mirage,8,5,1398,11
14-7-2022,14.43,Wattson,7,8,1099,1
23-3-2021,14.7,Bloodhound,4,6,869,18
1-5-2022,8.43,Lifeline,2,1,449,18
15-3-2022,12.43,Caustic,2,8,1958,6
19-5-2021,27.54,Rampart,7,7,1696,17
22-2-2021,26.93,Caustic,4,9,1405,9
3-3-2021,12.59,Bangalore,11,7,3375,17
28-4-2019,4.34,Crypto,9,9,1590,1
4-11-2021,13.44,Rampart,0,2,350,13
11-10-2020,15.16,Revenant,2,6,1101,18
6-3-2021,23.68,Wattson,9,5,3066,19
4-11-2019,12.36,Gibraltar,7,3,1997,3
12-11-2020,29.9,Pathfinder,9,4,2002,19
5-10-2022,25.78,Wattson,10,5,3205,1
31-3-2019,0.65,Bloodhound,6,7,2106,7
14-8-2021,14.71,Wraith,3,0,723,6
18-10-2019,22.13,Bloodhound,4,3,1367,11
27-12-2019,17.47,Bangalore,2,3,466,2
19-11-2022,0.32,Caustic,6,6,2667,2
20-2-2019,11.26,Ash,13,5,3557,14
19-9-2022,22.97,Wattson,5,12,3002,4
6-2-2021,16.17,Horizon,12,14,6014,18
13-1-2022,4.73,Wattson,1,0,187,6
4-1-2022,2.59,Ash,2,8,1762,6
10-12-2022,14.44,Crypto,6,4,1421,12
25-8-2019,26.61,Wraith,6,8,1549,14
9-12-2022,17.61,Bloodhound,12,9,2266,12
2-1-2021,9.93,Valkyrie,6,5,1247,13
6-11-2019,24.58,Crypto,9,6,1653,18
6-10-2020,28.28,Octane,5,5,2431,3
26-1-2020,11.42,Revenant,3,2,1220,12
18-12-2020,27.95,Octane,2,6,1460,15
21-9-2019,29.24,Ash,6,6,2490,2
14-10-2021,8.85,Caustic,6,4,1124,3
7-9-2022,20.61,Pathfinder,8,7,2380,10
25-4-2022,29.19,Crypto,10,9,3893,1
11-2-2022,11.03,Ash,7,1,1444,1
6-7-2020,26.87,Valkyrie,3,2,907,3
11-3-2019,19.86,Bloodhound,10,4,2112,20
4-7-2019,10.97,Octane,4,4,1356,5
23-4-2020,6.06,Wraith,5,4,2237,14
3-2-2021,21.05,Bangalore,8,7,1883,19
21-12-2020,1.27,Wraith,13,10,3027,16
9-3-2022,16.23,Valkyrie,3,0,450,12
25-7-2022,27.85,Mirage,9,7,3793,5
21-3-2021,5.7,Mirage,2,5,884,9
4-12-2021,6.7,Wattson,10,7,2186,11
1-4-2021,3.71,Bangalore,8,6,2679,6
1-8-2020,17.07,Gibraltar,8,9,2330,6
20-5-2019,26.34,Bloodhound,7,13,2444,9
13-8-2021,5.33,Caustic,5,0,1280,10
15-8-2020,0.06,Bloodhound,8,2,2839,18
10-9-2019,10.2,Wattson,5,2,1969,15
21-9-2020,16.39,Octane,4,5,2425,17
5-11-2022,6.27,Caustic,6,8,3294,14
5-3-2022,0.19,Rampart,8,5,2661,8
3-12-2022,0.57,Gibraltar,8,10,3638,13
21-5-2021,17.32,Ash,7,0,1903,13
21-6-2019,24.44,Wraith,1,1,351,5
7-6-2021,28.36,Bloodhound,7,4,2451,17
13-6-2020,5.37,Crypto,3,4,898,2
12-9-2021,19.04,Horizon,9,6,3949,20
2-4-2021,5.03,Ash,13,6,4713,7
14-7-2021,10.77,Caustic,9,6,2886,14
18-12-2022,3.13,Ash,3,3,883,12
23-2-2019,17.06,Mad Maggie,1,1,533,12
19-4-2021,21.4,Horizon,7,4,2300,16
29-12-2020,24.49,Lifeline,7,10,4256,10
30-10-2019,0.21,Horizon,6,6,1926,18
3-3-2019,24.11,Lifeline,6,7,3457,17
30-12-2021,1.23,Ash,6,11,4028,15
27-11-2022,4.52,Caustic,1,1,325,11
27-7-2020,10.49,Wattson,3,3,980,14
20-12-2022,28.99,Mad Maggie,5,3,1744,4
17-1-2022,23.1,Valkyrie,3,8,2203,18
26-1-2021,7.49,Valkyrie,5,5,2911,15
16-2-2020,15.14,Octane,7,6,3146,20
16-3-2019,12.59,Revenant,7,7,2113,2
7-5-2021,18.51,Ash,2,7,1371,12
1-10-2019,3.2,Valkyrie,8,3,2885,8
27-5-2021,26.71,Rampart,3,4,1651,1
12-11-2019,12.66,Gibraltar,8,3,3485,12
26-3-2022,13.36,Gibraltar,5,4,2187,5
27-10-2021,16.09,Valkyrie,7,5,3153,8
7-9-2022,7.63,Wraith,8,9,3789,12
6-4-2021,16.96,Bangalore,6,2,2182,3
14-3-2020,9.58,Octane,2,4,1307,11
10-5-2022,1.4,Caustic,3,2,1106,10
2-4-2021,29.58,Wraith,6,6,3588,9
20-12-2022,29.42,Bangalore,6,8,2905,20
6-5-2022,20.53,Wattson,6,11,3693,4
4-2-2022,2.49,Lifeline,11,9,4594,11
23-11-2020,29.05,Valkyrie,4,6,3184,8
18-10-2021,15.11,Gibraltar,1,5,1127,2
12-10-2021,1.73,Horizon,3,6,2740,9
21-3-2019,9.85,Wraith,9,3,3767,20
6-11-2019,10.46,Wattson,4,4,1349,1
26-12-2022,9.88,Lifeline,5,5,1805,10
30-3-2021,13.34,Wattson,14,7,5105,3
11-2-2021,28.22,Lifeline,2,6,2292,2
2-7-2019,4.88,Pathfinder,4,2,1618,5
3-8-2022,13.91,Valkyrie,4,5,2912,2
28-4-2022,18.69,Wraith,7,3,2470,11
9-9-2021,14.49,Revenant,5,6,2241,16
21-8-2019,19.75,Valkyrie,10,9,5450,15
12-1-2020,15.73,Mad Maggie,10,6,5007,12
5-4-2019,29.71,Gibraltar,1,3,1049,9
13-10-2022,2.98,Lifeline,6,5,3173,12
18-6-2022,19.25,Gibraltar,6,8,2862,14
13-9-2019,9.47,Rampart,7,4,3300,16
19-10-2022,20.44,Crypto,4,4,1627,7
31-8-2020,15.52,Pathfinder,13,12,8139,1
2-7-2021,3.74,Horizon,10,7,5429,20
18-11-2021,9.36,Ash,0,7,1627,11
30-12-2021,5.11,Crypto,3,4,1999,3
5-9-2021,9.72,Gibraltar,3,2,1186,4
2-8-2021,5.78,Lifeline,3,4,1748,7
13-7-2021,15.48,Pathfinder,9,5,2743,16
1-11-2022,17.2,Revenant,9,9,3985,10
6-6-2022,12.45,Caustic,14,8,7412,2
9-6-2020,25.04,Valkyrie,3,2,1176,19
22-7-2022,28.4,Wraith,7,7,3647,3
10-12-2022,27.11,Gibraltar,6,5,3070,8
20-8-2022,28.26,Caustic,8,5,3278,2
26-6-2019,24.19,Mirage,4,7,3313,5
11-4-2019,12.76,Ash,8,7,4023,13
10-5-2019,2.32,Mad Maggie,8,10,6295,13
24-9-2022,24.15,Octane,2,3,1096,2
15-12-2019,11.13,Wattson,1,4,1623,11
27-4-2022,25.94,Octane,3,5,2091,14
16-10-2022,4.54,Gibraltar,5,4,2917,5
18-8-2020,23.27,Rampart,6,6,2399,5
9-3-2020,25.25,Ash,9,7,4921,16
21-10-2020,18.57,Bloodhound,7,9,4673,19
27-8-2019,8.26,Rampart,1,9,3340,12
6-5-2022,11.32,Revenant,3,8,3305,10
16-12-2019,29.4,Horizon,3,4,2503,18
22-9-2019,13.52,Valkyrie,9,5,5226,9
25-8-2022,20.88,Ash,10,6,5862,15
25-10-2022,16.23,Bloodhound,9,7,5121,6
21-10-2021,1.69,Bloodhound,11,6,4597,13
29-6-2019,15.39,Wraith,3,5,2582,9
12-4-2019,14.27,Bangalore,9,3,2773,7
14-5-2022,20.48,Bloodhound,2,9,3290,13
11-2-2019,9.13,Mad Maggie,3,5,1958,18
20-8-2022,12.4,Bloodhound,6,6,3953,14
22-12-2019,29.76,Rampart,10,7,6285,12
10-12-2019,8.43,Rampart,10,12,8001,20
16-12-2020,22.8,Horizon,4,6,3424,11
25-9-2020,21.62,Mad Maggie,5,3,3027,19
20-9-2020,5.51,Lifeline,2,5,2545,8
23-5-2022,18.06,Bloodhound,6,7,3259,12
17-6-2021,5.35,Bloodhound,4,7,2915,15
4-3-2021,14.86,Gibraltar,8,5,4602,11
16-12-2019,25.47,Wraith,7,9,5211,4
1-7-2020,9.73,Gibraltar,3,4,2494,5
30-8-2019,29.13,Lifeline,4,1,1205,4
28-3-2019,1.63,Ash,5,3,1897,18
31-12-2022,17.34,Pathfinder,6,5,2583,10
12-6-2022,17.96,Wattson,7,6,3724,15
6-8-2019,15.89,Caustic,13,8,5272,11
27-11-2020,2.08,Bloodhound,6,9,5422,8
20-12-2020,9.91,Gibraltar,6,0,2126,13
4-3-2022,14.19,Ash,3,1,1524,14
15-8-2022,0.85,Horizon,8,3,2780,2
23-10-2021,23.73,Mirage,7,6,3104,2
29-3-2020,8.22,Horizon,4,11,5654,18
22-2-2020,27.69,Octane,8,7,4185,7
14-12-2021,8.41,Lifeline,12,7,6829,10
20-12-2022,28.83,Rampart,2,1,831,9
25-4-2020,10.76,Crypto,6,2,2612,9
20-2-2019,12.82,Horizon,6,3,3449,11
1-5-2022,10.24,Bloodhound,4,6,3770,19
14-6-2022,14.06,Revenant,4,4,2488,20
1-6-2022,19.15,Valkyrie,8,6,4250,11
16-3-2019,20.57,Rampart,7,9,6089,18
5-1-2020,15.96,Revenant,4,7,2800,4
27-1-2022,16.91,Mirage,8,1,2490,6
1-11-2021,15.99,Horizon,6,9,4516,16
5-5-2022,1.36,Ash,6,3,3673,7
26-7-2022,6.92,Wattson,9,8,5455,10
9-11-2020,9.68,Bangalore,8,9,5152,17
20-11-2020,13.01,Wraith,8,6,5694,7
9-3-2019,29.52,Ash,4,1,1307,12
2-2-2022,25.51,Rampart,10,3,3576,11
28-12-2021,20.4,Gibraltar,7,4,2220,11
16-10-2019,8.91,Revenant,7,3,919,16
20-2-2020,23.24,Gibraltar,7,8,1384,8
20-8-2020,17.68,Wattson,6,9,2817,3
10-7-2022,13.49,Ash,7,6,1050,14
5-10-2019,5.13,Valkyrie,2,8,1093,1
22-7-2020,28.35,Bangalore,2,5,553,17
4-1-2020,0.9,Mirage,2,4,403,17
8-8-2019,3.8,Gibraltar,4,8,2253,3
23-3-2019,12.53,Ash,5,6,770,16
8-7-2021,5.23,Revenant,11,5,1722,5
21-5-2019,23.1,Ash,8,6,2789,4
9-11-2020,13.54,Bangalore,3,7,1066,3
4-10-2022,19.06,Octane,8,2,2145,11
20-9-2022,23.25,Revenant,3,7,1950,16
8-9-2022,22.21,Rampart,5,8,1306,16
6-4-2021,22.41,Crypto,6,7,2051,10
23-10-2020,22.87,Valkyrie,7,12,2013,11
27-8-2022,3.86,Revenant,6,6,1142,16
14-11-2019,0.37,Revenant,3,3,1414,10
30-7-2020,17.6,Bloodhound,3,2,397,2
27-1-2021,19.73,Lifeline,4,12,3291,6
24-6-2021,17.68,Ash,10,5,1505,4
15-12-2020,6.73,Octane,7,5,1161,4
31-1-2022,13.03,Octane,10,7,2349,14
30-10-2020,5.21,Horizon,8,9,3815,15
23-10-2022,21.7,Mad Maggie,3,0,402,5
6-9-2019,11.13,Rampart,8,5,3199,13
7-4-2021,9.33,Rampart,2,2,579,15
20-11-2020,9.81,Crypto,4,3,1027,1
10-6-2020,25.79,Ash,8,5,1560,5
18-7-2019,15.7,Caustic,7,7,1318,6
31-8-2022,23.21,Lifeline,11,7,2345,14
9-9-2021,5.95,Gibraltar,2,7,1793,17
4-3-2022,26.74,Rampart,10,4,1769,8
31-5-2022,0.85,Wattson,6,6,3014,13
9-7-2022,18.2,Mirage,4,5,1866,18
13-3-2020,16.96,Rampart,4,4,1472,5
10-1-2021,25.97,Gibraltar,11,8,4440,7
25-8-2021,23.79,Bloodhound,14,6,4131,12
12-5-2019,23.35,Revenant,8,3,1357,10
10-5-2020,6.65,Crypto,5,6,2350,17
19-7-2021,8.71,Wattson,7,3,2157,6
18-6-2020,28.86,Revenant,7,4,1143,11
16-1-2022,20.67,Bloodhound,5,5,1904,19
31-8-2020,17.84,Caustic,7,5,2223,4
17-4-2021,13.84,Revenant,12,7,4204,15
28-10-2021,29.79,Rampart,0,1,241,3
8-11-2020,16.18,Lifeline,1,5,843,19
10-12-2019,5.37,Wattson,5,2,1265,5
21-4-2021,8.76,Wattson,9,5,2987,9
24-9-2019,17.01,Lifeline,6,6,1613,2
13-10-2019,2.15,Bloodhound,8,5,3048,20
29-4-2021,5.21,Lifeline,10,9,4484,6
2-12-2022,8.36,Crypto,1,0,174,8
18-1-2021,28.52,Crypto,5,8,2824,12
13-9-2021,4.4,Valkyrie,3,8,1591,20
21-9-2021,7.88,Octane,9,5,3047,18
25-7-2021,8.91,Horizon,13,11,4619,3
17-9-2020,7.83,Octane,14,9,2941,16
28-4-2019,6.68,Mad Maggie,8,6,2869,9
20-10-2019,17.53,Octane,2,3,1185,13
31-1-2022,26.43,Lifeline,8,3,2917,1
27-5-2021,1.73,Lifeline,3,5,1824,11
6-12-2020,4.99,Lifeline,3,11,2515,11
5-7-2022,24.72,Gibraltar,6,8,3670,16
17-6-2020,22.71,Pathfinder,8,7,2491,10
17-12-2022,20.88,Bloodhound,9,8,2827,17
25-7-2022,3.35,Lifeline,2,0,305,7
25-6-2021,9.53,Crypto,1,3,716,1
9-6-2019,19.7,Valkyrie,5,6,1948,2
21-8-2019,11.91,Wraith,4,4,1111,14
3-7-2019,9.2,Bangalore,4,6,1394,20
18-8-2022,3.16,Octane,5,6,2481,16
3-10-2021,23.42,Octane,12,10,3428,15
5-8-2019,4.96,Gibraltar,3,2,1186,3
15-11-2022,23.54,Gibraltar,4,6,2542,13
18-12-2022,15.95,Caustic,4,4,1911,6
7-9-2020,0.2,Pathfinder,9,8,3539,6
19-1-2021,8.19,Mad Maggie,8,9,3418,1
14-5-2021,3.44,Gibraltar,5,10,2681,18
26-2-2020,26.5,Mad Maggie,14,10,3481,9
26-6-2022,4.55,Wraith,0,6,805,2
3-8-2022,12.2,Mirage,3,4,1533,2
24-12-2021,22.56,Wraith,4,8,3376,2
10-6-2020,19.3,Rampart,5,3,2344,3
30-10-2022,18.15,Horizon,4,5,1481,14
31-5-2020,14.98,Gibraltar,9,8,2552,19
3-9-2022,7.5,Wraith,7,7,2883,15
1-8-2021,22.1,Revenant,2,2,1214,14
28-10-2021,1.45,Wattson,5,4,1589,12
6-4-2020,15.62,Crypto,4,5,2511,12
26-4-2020,10.37,Pathfinder,3,3,1035,5
8-3-2020,20.17,Mirage,7,14,5571,7
26-9-2019,15.96,Crypto,12,7,4004,9
3-1-2022,4.14,Rampart,11,11,5831,14
24-8-2022,24.77,Pathfinder,2,2,1168,1
28-5-2020,25.83,Bloodhound,3,2,1470,14
23-9-2022,5.58,Mirage,7,2,2816,13
11-4-2020,6.14,Wraith,8,4,3582,6
4-7-2019,20.68,Valkyrie,5,7,2445,1
4-9-2019,16.66,Mad Maggie,8,11,4003,5
12-6-2022,4.18,Bloodhound,9,8,5129,4
3-1-2020,14.15,Lifeline,2,3,1000,10
20-1-2022,8.23,Wraith,6,4,2881,1
7-11-2022,21.07,Ash,3,4,2043,11
4-7-2021,25.87,Bangalore,10,6,4130,10
31-1-2020,16.73,Bangalore,6,4,2592,1
25-2-2019,12.89,Wraith,5,7,2489,8
11-3-2021,23.23,Ash,11,8,5705,11
8-4-2021,20.98,Caustic,7,1,1684,10
22-12-2019,10.75,Ash,5,3,1617,17
15-7-2020,18.47,Pathfinder,3,8,2986,17
16-1-2022,5.59,Pathfinder,8,6,3374,20
13-9-2019,19.95,Rampart,8,6,2724,17
19-12-2019,6.54,Pathfinder,7,5,2243,1
17-7-2022,26.14,Crypto,7,12,3772,9
9-4-2020,29.37,Horizon,1,4,995,9
4-11-2022,14.4,Lifeline,9,8,4502,19
20-6-2020,29.94,Wattson,3,9,2481,15
25-12-2019,0.04,Wraith,3,4,1777,5
30-4-2022,28.21,Wraith,11,6,3768,15
14-3-2020,15.73,Wraith,9,9,3400,16
18-5-2021,15.12,Caustic,6,6,3161,18
22-5-2020,8.59,Wattson,0,7,1212,15
13-9-2021,17.29,Horizon,4,1,1552,13
26-2-2022,0.97,Lifeline,3,8,3504,1
12-6-2022,11.15,Caustic,8,5,3791,9
9-12-2019,15.88,Wraith,4,4,2552,11
19-1-2021,21.47,Mad Maggie,6,7,4232,11
23-4-2022,15.71,Mad Maggie,7,6,4201,1
18-8-2019,18.38,Ash,6,0,1775,2
6-10-2022,29.71,Horizon,6,1,1501,1
5-5-2020,18.15,Valkyrie,7,9,5025,13
29-1-2022,11.25,Bangalore,3,11,3367,13
22-2-2021,14.49,Caustic,11,5,5253,2
26-10-2022,16.25,Valkyrie,5,10,3624,12
15-9-2019,13.09,Crypto,13,11,6228,14
6-6-2021,9.32,Pathfinder,0,5,1352,18
6-10-2020,22.07,Caustic,6,9,3059,17
2-8-2020,26.17,Mad Maggie,7,3,2383,15
15-12-2019,11.26,Horizon,3,6,2536,6
11-3-2020,19.7,Crypto,6,5,2736,8
2-8-2021,0.19,Horizon,5,7,4133,20
20-12-2019,14.87,Rampart,12,8,6931,2
17-9-2020,25.83,Revenant,3,2,1814,1
1-9-2020,16.83,Lifeline,1,1,419,19
23-12-2022,2.41,Wraith,7,5,3835,13
31-3-2020,2.16,Gibraltar,4,8,4159,14
16-9-2021,28.27,Mirage,11,4,4574,14
12-3-2020,12.45,Bloodhound,12,11,5669,20
20-12-2019,6.54,Mirage,13,6,7021,19
26-2-2020,28.81,Pathfinder,4,3,2331,15
4-12-2020,18.4,Caustic,4,5,1969,9
20-3-2019,2.24,Mad Maggie,7,3,2789,10
9-5-2021,21.58,Octane,5,5,3218,7
24-5-2020,11.69,Horizon,5,5,3099,5
1-7-2020,12.66,Valkyrie,6,5,3248,13
4-8-2020,12.84,Crypto,6,12,5652,13
8-3-2020,18.64,Wraith,3,0,819,11
31-7-2021,29.76,Revenant,2,2,1312,4
19-11-2020,17.13,Ash,6,2,2433,19
25-12-2021,23.67,Mad Maggie,9,8,5643,16
19-5-2019,1.75,Rampart,5,5,3694,1
30-5-2019,28.39,Wraith,6,6,3701,3
15-7-2019,17.47,Rampart,7,7,5073,15
3-5-2021,12.74,Lifeline,0,0,0,9
9-7-2019,18.93,Mirage,3,2,1541,14
9-4-2019,29.75,Revenant,4,3,2502,9
23-2-2020,18.64,Ash,4,9,3492,11
9-7-2022,14.88,Crypto,5,8,4802,15
16-2-2020,23.16,Ash,14,14,9880,18
10-11-2020,29.98,Crypto,14,7,7917,7
18-10-2020,29.82,Pathfinder,3,10,3594,18
3-11-2020,0.19,Revenant,2,2,1387,4
23-5-2022,19.97,Lifeline,4,7,2864,19
21-6-2019,16.41,Gibraltar,3,11,5154,2
4-7-2020,2.44,Ash,11,6,4170,20
6-11-2021,24.16,Valkyrie,10,9,5875,8
7-9-2019,27.31,Mirage,10,11,6870,8
1-2-2022,14.48,Caustic,6,1,2242,20
26-2-2022,4.19,Rampart,3,4,2093,19
9-12-2022,16.85,Lifeline,4,3,2234,11
10-4-2022,1.84,Crypto,8,6,4997,20
20-8-2022,23.0,Horizon,6,6,3924,14
28-7-2022,27.43,Wraith,14,8,5631,9
30-5-2019,23.85,Wattson,12,8,6911,18
4-6-2020,16.69,Bangalore,1,2,1059,16
28-7-2020,13.38,Caustic,1,2,1147,20
16-9-2019,16.16,Caustic,9,3,3904,6
21-5-2020,7.57,Mirage,5,6,3420,13
15-1-2022,11.65,Caustic,6,7,4280,3
29-3-2022,5.2,Pathfinder,9,9,5975,14
22-9-2020,27.94,Caustic,6,9,3954,5
26-3-2022,10.19,Mirage,0,1,372,3
24-9-2019,23.9,Rampart,3,1,1387,5
5-4-2019,13.58,Valkyrie,4,5,2890,18
30-12-2022,24.9,Octane,7,3,2589,19
18-2-2020,9.13,Mad Maggie,4,5,2922,7
18-2-2022,25.63,Rampart,13,6,7104,7
4-7-2021,12.9,Gibraltar,10,7,2249,14
25-2-2020,24.48,Pathfinder,1,1,228,6
26-2-2021,28.47,Horizon,5,7,1488,10
18-2-2019,12.7,Horizon,3,5,1283,13
10-11-2022,0.31,Rampart,6,5,2051,7
2-3-2022,14.55,Wattson,9,5,1963,5
20-8-2022,16.68,Bloodhound,6,10,3444,7
6-5-2022,10.66,Wattson,8,7,1555,4
3-2-2021,2.08,Revenant,1,0,116,2
20-4-2022,25.93,Wattson,8,2,2244,17
13-12-2022,21.19,Mirage,3,5,907,11
20-7-2020,27.97,Caustic,3,6,985,7
31-1-2021,4.87,Pathfinder,4,5,871,13
12-4-2022,17.87,Wattson,6,13,2904,5
4-2-2022,18.6,Mirage,8,6,2952,12
20-6-2019,17.73,Revenant,5,4,946,9
8-2-2020,28.66,Gibraltar,3,4,1556,6
10-3-2021,9.98,Lifeline,2,4,781,17
18-6-2020,28.9,Horizon,7,3,978,11
4-11-2020,9.22,Horizon,4,4,864,3
15-9-2021,27.11,Wraith,7,6,2468,19
13-2-2020,0.71,Mirage,8,12,2815,4
9-3-2021,19.87,Horizon,2,1,293,10
3-10-2020,23.45,Crypto,3,4,1055,13
2-8-2021,19.15,Wattson,3,2,737,10
15-8-2019,4.73,Horizon,9,4,1564,8
13-5-2022,25.4,Wattson,8,5,1823,9
20-4-2019,14.77,Rampart,10,5,2296,18
26-7-2021,12.15,Valkyrie,11,9,3805,5
29-3-2022,5.57,Valkyrie,4,7,2251,15
16-6-2021,6.82,Valkyrie,1,1,399,11
24-6-2022,16.68,Horizon,3,4,613,7
13-4-2020,9.08,Mirage,3,3,1363,15
27-4-2020,11.8,Lifeline,4,5,1544,17
11-6-2019,5.84,Gibraltar,5,5,1377,6
20-4-2021,13.11,Lifeline,12,7,1782,2
23-10-2019,11.73,Octane,1,0,106,19
28-4-2022,3.16,Wattson,1,2,403,7
18-5-2020,7.73,Bloodhound,4,6,1302,1
24-4-2020,20.32,Mirage,8,8,1750,2
3-4-2021,8.07,Wattson,8,12,4027,17
29-5-2021,9.31,Lifeline,10,8,3766,12
27-12-2019,18.83,Gibraltar,8,7,2682,9
2-12-2021,4.98,Bloodhound,0,0,0,8
29-9-2020,15.2,Bloodhound,2,2,470,7
21-6-2022,24.89,Bloodhound,3,7,2368,8
18-4-2022,11.66,Caustic,5,6,1115,7
14-7-2020,1.54,Valkyrie,9,6,2445,16
22-4-2021,25.64,Revenant,6,12,2316,18
7-1-2020,15.47,Octane,6,9,3736,7
6-9-2020,23.55,Bangalore,3,8,2329,20
19-7-2020,23.8,Crypto,7,6,3445,12
15-9-2019,14.36,Wraith,3,5,1214,19
17-5-2019,27.58,Valkyrie,5,10,2164,2
3-6-2020,14.37,Valkyrie,6,12,4058,20
27-6-2020,21.91,Bangalore,9,12,5096,17
16-7-2021,18.76,Octane,7,8,3217,3
8-9-2020,26.92,Wattson,9,0,1565,18
2-2-2021,15.56,Pathfinder,2,2,800,10
1-4-2021,29.67,Mirage,3,9,1927,9
25-5-2022,1.02,Wraith,3,5,1252,19
10-6-2022,2.75,Octane,4,4,1396,18
3-9-2021,26.62,Bangalore,9,7,1925,15
9-10-2020,5.38,Revenant,10,8,3037,14
25-9-2019,29.94,Crypto,3,4,1577,16
16-8-2020,16.26,Crypto,3,5,1214,18
19-11-2019,28.66,Caustic,10,3,1888,1
25-8-2021,9.89,Bangalore,3,4,1044,20
8-1-2021,13.21,Wraith,4,4,1379,15
22-11-2019,18.36,Lifeline,6,6,2033,16
5-6-2022,5.9,Revenant,6,8,3254,11
27-9-2020,5.35,Rampart,0,0,0,2
11-8-2022,9.49,Rampart,3,2,1242,13
23-9-2019,13.23,Wattson,6,4,1574,17
8-6-2019,25.48,Mirage,3,6,1992,9
20-10-2020,7.9,Revenant,7,4,3065,12
6-5-2021,23.47,Revenant,8,9,4187,10
11-9-2021,7.79,Bloodhound,6,12,2973,10
20-6-2020,17.92,Horizon,5,0,1600,13
1-4-2022,10.6,Rampart,1,8,1848,4
21-12-2022,2.13,Rampart,3,2,1130,1
22-7-2021,4.55,Gibraltar,6,3,2203,18
23-9-2020,26.9,Lifeline,7,5,2707,3
22-11-2022,14.91,Revenant,8,5,2897,9
1-2-2021,24.64,Mirage,9,9,4429,6
11-9-2022,20.75,Caustic,0,0,0,1
16-7-2020,27.49,Gibraltar,4,2,1459,7
30-9-2021,29.76,Rampart,3,8,2291,9
24-10-2019,19.43,Crypto,6,5,3326,20
15-6-2021,17.94,Bangalore,5,13,4658,10
1-1-2021,23.12,Mirage,9,7,2970,5
23-12-2020,15.95,Ash,12,8,3453,15
11-7-2021,28.76,Valkyrie,1,3,966,10
20-12-2022,26.51,Bloodhound,4,6,2075,17
3-7-2022,27.65,Rampart,8,3,1995,9
28-3-2022,21.29,Bloodhound,3,3,1367,4
7-5-2021,11.66,Gibraltar,11,4,2701,18
12-6-2021,2.96,Mad Maggie,9,6,3976,10
15-2-2022,17.27,Bloodhound,12,7,4696,20
11-10-2020,1.4,Bangalore,1,3,1082,10
30-11-2022,8.34,Valkyrie,3,2,1124,16
25-5-2021,11.7,Mad Maggie,3,3,1399,14
9-2-2022,22.63,Crypto,5,6,2591,16
10-1-2021,14.67,Horizon,5,5,2099,11
25-12-2021,2.85,Wattson,5,5,2142,16
13-9-2022,9.79,Crypto,8,6,3337,10
6-8-2019,14.18,Crypto,6,6,3481,19
15-11-2021,13.54,Valkyrie,6,4,3074,8
6-1-2021,18.54,Mad Maggie,9,6,3108,2
12-11-2020,5.94,Revenant,8,11,5640,1
22-4-2022,14.49,Revenant,4,10,3380,3
2-5-2019,22.6,Horizon,14,7,5844,14
23-11-2022,21.52,Bangalore,7,8,2739,2
24-7-2020,9.12,Gibraltar,4,5,2339,18
9-4-2022,21.82,Mirage,1,8,2644,9
31-12-2022,0.76,Caustic,6,3,2501,6
26-5-2021,27.05,Valkyrie,7,5,3015,10
14-2-2022,4.34,Rampart,4,4,1895,18
1-11-2019,15.65,Rampart,6,6,3125,17
20-8-2021,20.34,Caustic,10,8,3700,7
8-9-2021,12.04,Bangalore,0,3,565,7
6-5-2022,2.34,Caustic,5,1,1727,16
1-7-2019,9.06,Lifeline,7,2,2010,4
21-6-2022,22.94,Gibraltar,8,11,5612,18
22-3-2022,15.62,Gibraltar,5,4,2666,15
10-1-2022,2.59,Octane,5,12,5043,16
1-9-2022,29.02,Bloodhound,12,12,6881,5
22-4-2021,20.89,Mirage,1,1,437,1
4-6-2020,17.55,Wattson,2,2,976,14
18-10-2022,29.6,Pathfinder,3,8,2619,6
5-12-2020,13.24,Caustic,3,3,1432,11
19-12-2019,22.23,Revenant,8,11,5725,14
10-5-2020,11.88,Gibraltar,9,7,4855,8
9-4-2019,12.76,Mirage,10,10,5291,14
19-4-2022,12.72,Octane,5,6,2881,8
16-5-2022,6.0,Bloodhound,4,5,2978,17
25-6-2022,20.29,Revenant,8,3,2758,16
21-9-2022,28.27,Revenant,13,11,6580,18
1-5-2021,2.88,Lifeline,5,4,2830,20
25-7-2022,3.48,Rampart,8,7,3560,19
11-1-2021,18.46,Gibraltar,13,11,7521,7
29-9-2019,22.23,Gibraltar,0,0,0,11
23-9-2022,5.3,Bangalore,5,5,2701,4
5-4-2019,17.01,Wraith,4,6,3096,9
2-8-2022,16.49,Wattson,6,7,4075,16
11-7-2019,12.65,Rampart,4,4,2609,12
2-3-2022,13.01,Crypto,6,13,5813,15
6-6-2019,18.24,Mirage,8,11,6035,15
2-8-2019,3.39,Gibraltar,0,0,0,2
29-4-2019,14.4,Crypto,8,3,3774,15
12-10-2022,14.57,Horizon,3,5,2008,4
19-2-2021,16.61,Bangalore,3,4,1480,17
28-10-2022,6.59,Pathfinder,5,7,4202,11
15-11-2019,14.37,Wattson,6,7,3842,1
9-6-2022,6.21,Mad Maggie,7,8,3384,10
23-10-2020,10.63,Lifeline,8,5,3771,8
23-6-2019,23.56,Caustic,1,1,471,6
15-7-2019,5.8,Pathfinder,3,2,1591,10
11-9-2019,0.76,Wattson,8,6,3222,6
4-7-2020,17.44,Mirage,13,6,4528,9
28-7-2019,8.66,Wraith,6,6,3184,13
23-5-2019,29.83,Pathfinder,7,10,6253,19
10-1-2020,12.09,Mirage,0,1,235,18
10-6-2020,4.73,Mirage,5,1,1541,16
8-4-2020,22.82,Rampart,5,4,3011,11
4-12-2021,22.16,Bangalore,4,4,1931,19
22-9-2022,11.62,Bloodhound,5,6,3506,18
4-6-2021,20.06,Octane,9,11,7351,5
2-7-2019,8.94,Wraith,6,9,5391,9
30-6-2021,25.95,Pathfinder,3,1,1433,10
21-1-2021,9.11,Octane,4,1,1359,11
17-9-2021,20.69,Bloodhound,3,7,2652,2
11-11-2022,1.47,Valkyrie,3,10,4499,7
6-11-2020,22.82,Octane,6,6,3566,4
5-10-2022,2.39,Mirage,13,5,4546,19
5-5-2019,25.21,Revenant,9,10,7264,11
18-2-2020,5.94,Caustic,0,8,2915,17
9-3-2021,12.1,Lifeline,1,4,1146,16
18-4-2019,17.41,Ash,6,7,4065,11
4-12-2019,0.45,Horizon,3,6,2512,8
26-11-2020,11.41,Mirage,10,6,5117,13
26-11-2019,7.07,Horizon,8,8,5636,15
23-2-2021,23.4,Octane,11,8,5213,2
20-8-2020,4.81,Mad Maggie,0,0,0,10
5-6-2021,6.61,Crypto,3,1,1625,14
4-12-2021,11.84,Valkyrie,6,4,4068,7
22-10-2020,20.52,Mad Maggie,4,10,3795,3
9-5-2021,26.56,Bloodhound,7,8,4781,1
5-3-2019,8.67,Mad Maggie,7,7,5197,20
15-8-2021,28.4,Wattson,8,12,6217,14
21-5-2021,20.7,Gibraltar,0,2,727,9
6-6-2020,2.65,Wraith,8,1,3575,13
21-2-2022,10.94,Gibraltar,2,4,1495,6
13-10-2020,28.09,Pathfinder,11,4,4343,17
15-10-2020,9.84,Lifeline,9,5,5012,15
26-9-2020,18.0,Caustic,11,9,8134,17
4-11-2019,20.57,Horizon,10,10,6151,6
26-12-2021,1.72,Crypto,2,1,1080,7
19-1-2022,14.06,Valkyrie,4,2,2426,8
7-2-2022,19.43,Crypto,3,9,3516,16
8-1-2020,25.07,Wraith,8,6,1555,7
18-1-2021,3.51,Ash,5,5,1452,20
13-3-2020,18.46,Wraith,5,6,1205,17
27-1-2020,24.9,Wraith,6,8,1100,11
1-3-2019,1.99,Caustic,0,3,550,18
27-8-2019,6.84,Horizon,4,7,1190,7
7-4-2021,1.43,Gibraltar,4,3,685,16
12-8-2020,27.05,Pathfinder,4,6,1727,6
10-12-2021,19.03,Ash,8,4,1361,6
4-11-2020,19.8,Revenant,9,5,2584,1
23-2-2022,2.23,Caustic,6,12,3724,17
25-2-2022,2.86,Ash,2,4,1299,2
5-12-2020,5.83,Ash,5,5,1218,11
11-11-2021,6.53,Revenant,3,3,564,3
13-6-2022,5.12,Mad Maggie,4,8,2214,5
8-8-2022,14.37,Crypto,5,11,2831,16
8-2-2021,20.55,Pathfinder,8,11,3444,14
23-3-2019,24.83,Bloodhound,7,9,2182,11
21-6-2021,2.02,Caustic,2,0,426,14
28-2-2021,3.69,Mirage,8,5,2786,19
1-2-2021,27.61,Gibraltar,5,6,1314,8
24-2-2019,3.89,Gibraltar,3,4,1217,5
6-11-2022,27.67,Mad Maggie,6,5,2437,5
17-9-2022,8.6,Wattson,5,8,2442,7
3-4-2020,14.36,Caustic,8,11,3854,6
28-12-2019,6.83,Wattson,2,6,985,5
2-2-2021,8.45,Crypto,2,3,773,20
25-4-2021,20.44,Wraith,3,6,1862,15
19-8-2022,24.33,Wraith,10,4,3057,7
4-10-2019,3.52,Mad Maggie,7,9,3473,6
21-11-2021,11.82,Lifeline,6,7,2527,17
24-12-2022,2.35,Wraith,10,11,2829,14
26-7-2021,4.98,Mirage,0,1,129,11
15-7-2019,14.47,Mirage,4,6,959,19
8-10-2021,21.35,Mirage,3,2,783,19
31-10-2021,22.75,Ash,9,4,3185,16
10-8-2022,27.6,Bangalore,6,10,3225,9
1-12-2020,18.88,Mad Maggie,8,5,1587,1
2-7-2022,3.87,Caustic,10,7,3019,3
28-9-2022,8.55,Bloodhound,1,7,1357,16
29-4-2021,10.75,Bloodhound,3,5,856,15
5-4-2019,1.71,Crypto,3,4,713,1
15-12-2019,8.47,Valkyrie,6,5,1810,13
10-6-2019,15.3,Bangalore,7,8,2477,12
29-8-2019,18.17,Mirage,10,6,3303,16
15-9-2021,15.98,Octane,7,7,2906,6
31-10-2021,14.78,Pathfinder,2,1,396,10
12-8-2021,10.9,Revenant,1,4,1128,20
18-11-2020,13.68,Bloodhound,2,2,1020,7
4-1-2022,23.02,Bangalore,5,5,1788,9
13-9-2019,12.64,Gibraltar,4,6,1089,20
22-6-2020,19.74,Caustic,6,5,2396,10
22-3-2019,6.75,Bangalore,6,9,2290,10
30-7-2022,19.74,Ash,1,0,169,11
19-10-2019,0.9,Mirage,1,6,1283,19
30-11-2019,20.46,Wattson,3,3,1094,18
29-6-2022,12.18,Caustic,5,4,1262,10
17-12-2021,0.46,Caustic,6,12,2496,2
22-9-2022,18.72,Octane,7,9,2960,19
8-8-2022,3.27,Pathfinder,6,10,2906,5
18-12-2021,27.2,Lifeline,4,6,2668,14
21-2-2021,17.5,Revenant,9,5,2787,8
21-5-2019,0.69,Octane,11,2,3723,6
15-8-2019,9.28,Horizon,3,6,2248,10
9-4-2021,22.17,Crypto,7,7,2805,9
19-1-2021,1.89,Ash,8,7,2957,15
2-12-2021,20.91,Lifeline,8,8,3399,9
22-2-2020,25.97,Octane,1,1,443,6
25-6-2022,2.05,Bangalore,5,1,1527,4
7-9-2020,18.22,Wraith,4,2,1406,14
17-11-2019,8.56,Valkyrie,6,3,2221,17
29-10-2019,22.54,Bloodhound,5,6,1362,2
8-2-2021,7.71,Mirage,5,6,1993,20
11-6-2020,4.55,Caustic,9,8,2969,3
20-4-2020,7.19,Pathfinder,6,1,1928,15
28-9-2021,9.2,Wattson,1,1,279,17
13-9-2022,20.15,Lifeline,6,2,2372,6
25-6-2019,8.63,Wattson,3,5,1351,17
17-12-2020,21.65,Ash,4,7,3047,18
21-10-2019,2.64,Wraith,5,8,2795,3
30-11-2021,0.81,Pathfinder,13,8,6077,13
27-12-2019,24.41,Pathfinder,1,3,1098,14
5-9-2019,10.38,Wattson,9,8,4738,18
1-8-2020,8.8,Mirage,10,4,2200,8
10-1-2022,6.82,Octane,4,9,2855,8
12-10-2022,20.04,Mirage,5,4,2198,1
31-12-2022,3.16,Mad Maggie,9,10,5287,11
27-8-2019,9.21,Wraith,6,8,3141,4
27-9-2021,15.92,Mad Maggie,2,5,1995,10
9-12-2022,13.59,Crypto,2,1,502,20
17-8-2022,13.7,Crypto,4,3,1342,15
11-6-2022,7.22,Horizon,5,5,1586,13
18-2-2021,7.01,Crypto,6,8,3736,8
9-10-2019,11.39,Crypto,7,7,4021,20
2-5-2021,20.17,Bloodhound,6,7,3308,2
8-11-2021,15.74,Horizon,1,3,873,13
24-12-2019,6.52,Octane,3,4,1136,18
2-4-2021,17.93,Revenant,11,6,4260,4
28-6-2019,29.19,Caustic,8,4,3711,8
5-10-2020,16.32,Crypto,4,13,4221,1
17-3-2022,17.82,Revenant,5,11,3109,6
12-3-2021,3.81,Mad Maggie,10,9,3707,3
10-12-2022,9.27,Pathfinder,6,6,3108,17
24-12-2019,17.69,Horizon,6,3,2523,20
1-9-2022,19.55,Wraith,2,4,1344,11
24-10-2021,0.61,Gibraltar,4,5,2014,4
3-10-2021,10.9,Valkyrie,5,5,2923,16
7-7-2022,4.69,Wraith,6,7,3303,5
2-7-2019,20.46,Octane,9,8,3825,19
10-2-2021,16.63,Rampart,2,0,623,12
12-11-2020,9.2,Lifeline,3,2,1520,11
17-10-2021,13.46,Rampart,2,11,2351,9
16-2-2022,11.45,Horizon,5,8,2402,5
15-6-2019,14.39,Revenant,7,6,3897,2
20-10-2019,15.55,Revenant,8,6,2926,9
8-3-2020,7.33,Wattson,8,6,3058,13
13-1-2022,17.83,Mad Maggie,6,5,3541,3
9-5-2022,12.48,Wattson,2,1,979,14
15-7-2021,7.55,Mirage,2,11,3662,20
7-2-2020,21.82,Pathfinder,5,4,2339,20
21-3-2019,10.94,Gibraltar,5,10,3519,4
11-6-2022,18.86,Lifeline,7,8,4403,16
10-12-2022,7.58,Bloodhound,6,6,3967,5
29-11-2021,19.27,Bangalore,1,6,2002,20
24-9-2019,19.84,Horizon,1,8,2414,15
19-3-2019,20.28,Ash,4,10,3852,6
16-8-2020,14.43,Mirage,4,4,2205,20
24-7-2019,28.83,Octane,6,8,4145,20
16-1-2020,18.58,Caustic,6,7,2447,11
10-7-2020,11.18,Octane,8,14,5482,1
9-10-2021,24.76,Rampart,1,10,3494,6
3-10-2020,7.36,Ash,4,3,2199,10
2-11-2019,12.64,Pathfinder,7,4,3496,2
19-10-2020,16.58,Rampart,5,8,4370,6
18-1-2022,14.63,Gibraltar,7,9,3911,8
21-10-2022,2.06,Caustic,5,6,3162,14
6-10-2020,5.54,Caustic,12,6,3764,5
14-11-2021,0.71,Gibraltar,2,0,628,8
27-12-2020,12.79,Rampart,2,4,1956,18
29-11-2022,0.4,Mirage,7,10,3732,5
4-11-2019,1.76,Horizon,6,4,3030,6
24-9-2021,13.84,Ash,6,5,2345,1
29-1-2022,20.26,Pathfinder,6,7,3080,12
15-8-2022,18.21,Gibraltar,9,6,4842,4
11-9-2020,4.33,Lifeline,0,7,2071,10
28-7-2021,10.97,Bloodhound,7,7,4050,15
16-9-2021,27.76,Revenant,5,3,1746,1
14-8-2019,8.42,Horizon,6,4,2320,13
7-12-2019,12.38,Caustic,4,5,2802,8
26-2-2021,22.91,Caustic,7,9,4116,14
21-4-2021,3.17,Rampart,9,6,3602,6
11-7-2019,9.48,Bloodhound,1,3,1271,10
27-7-2021,23.74,Wraith,6,4,3218,16
17-9-2020,26.37,Mad Maggie,11,4,4899,17
28-9-2021,14.54,Pathfinder,3,4,1600,19
8-1-2020,6.11,Crypto,8,5,3432,19
12-5-2021,20.48,Wattson,5,7,4055,20
16-12-2020,10.64,Bloodhound,6,12,4566,3
16-2-2019,21.78,Revenant,1,0,233,3
22-4-2019,29.55,Wattson,6,2,2986,15
4-10-2020,28.15,Horizon,2,9,3145,1
21-8-2021,29.09,Gibraltar,6,9,3248,13
24-9-2021,15.88,Mirage,5,5,3765,14
18-12-2020,13.67,Crypto,7,7,3395,15
9-6-2021,13.59,Octane,8,7,3307,20
25-8-2021,19.3,Ash,0,5,1452,18
20-4-2019,2.43,Lifeline,2,2,1207,14
7-8-2022,17.79,Lifeline,2,2,1471,18
9-2-2020,1.41,Mad Maggie,10,3,4902,5
10-5-2019,26.94,Rampart,8,8,5729,16
3-3-2020,6.35,Valkyrie,6,5,3388,4
10-4-2020,21.2,Caustic,7,7,5141,10
26-10-2020,9.25,Revenant,2,0,716,3
3-11-2019,22.72,Wattson,6,2,2160,13
16-10-2020,0.57,Valkyrie,8,4,2986,20
5-12-2022,22.25,Horizon,8,6,4358,20
14-5-2020,20.11,Pathfinder,5,5,2682,19
6-1-2022,18.48,Wattson,10,5,5939,20
5-10-2022,10.65,Bloodhound,6,10,4662,3
20-8-2021,5.19,Mirage,2,0,754,9
6-5-2022,8.46,Bloodhound,1,8,2455,13
21-4-2019,3.77,Mad Maggie,2,2,1262,18
6-11-2019,8.73,Lifeline,5,7,4221,5
1-6-2022,22.18,Bangalore,5,5,3111,17
19-4-2022,24.13,Ash,5,10,3603,3
27-12-2020,21.77,Crypto,8,6,3448,12
29-9-2020,3.76,Pathfinder,6,6,3610,10
18-7-2021,3.06,Pathfinder,2,1,1021,15
25-5-2019,6.55,Gibraltar,2,2,1487,4
15-10-2019,16.13,Pathfinder,4,6,2598,5
24-11-2021,23.37,Ash,4,5,2989,14
10-12-2020,5.75,Octane,11,5,6335,1
12-8-2020,27.11,Lifeline,7,9,5138,5
16-1-2020,0.24,Wattson,1,3,1362,7
16-12-2022,26.77,Mirage,5,2,2888,2
24-8-2020,20.71,Ash,2,5,2601,12
30-4-2021,12.59,Caustic,4,5,3555,14
2-9-2021,28.06,Crypto,10,8,5739,11
20-5-2020,5.92,Pathfinder,5,6,3751,3
24-7-2020,12.89,Mirage,8,10,6894,3
14-10-2020,16.69,Valkyrie,0,7,1085,17
21-1-2020,26.15,Pathfinder,4,1,778,16
21-9-2022,27.21,Gibraltar,4,8,677,6
14-7-2022,8.38,Crypto,7,5,872,13
8-3-2022,25.9,Mad Maggie,5,13,3358,4
20-2-2019,11.34,Wraith,5,6,993,20
13-3-2022,8.66,Gibraltar,6,7,1883,13
16-4-2022,4.3,Mirage,5,1,438,4
8-8-2019,18.79,Mirage,2,4,492,7
17-12-2022,15.09,Pathfinder,4,5,1151,4
15-4-2020,11.9,Bloodhound,6,6,2419,4
22-2-2022,12.54,Lifeline,7,8,2025,5
18-6-2021,23.37,Bloodhound,7,9,1764,1
12-8-2021,24.24,Revenant,11,6,1862,15
13-11-2021,1.9,Valkyrie,2,2,331,6
15-9-2021,28.64,Octane,1,2,331,16
11-1-2022,26.77,Revenant,6,7,2114,5
29-6-2021,11.97,Rampart,3,3,942,5
1-4-2020,14.74,Valkyrie,5,4,1257,18
23-5-2021,0.04,Crypto,5,9,1689,4
13-8-2022,3.85,Lifeline,7,6,1249,19
5-6-2021,1.54,Crypto,3,5,1338,12
7-7-2019,29.54,Bloodhound,3,5,1493,4
20-9-2020,12.99,Rampart,3,4,1245,14
10-9-2019,21.95,Mad Maggie,5,12,1258,4
10-5-2022,23.32,Caustic,6,4,2432,19
5-7-2022,29.97,Mirage,7,7,1333,19
9-4-2020,7.69,Mad Maggie,7,6,3098,19
10-8-2021,17.27,Ash,0,3,607,10
20-4-2020,1.73,Octane,1,2,454,5
17-4-2019,26.29,Pathfinder,6,2,1325,15
30-8-2022,2.68,Ash,9,7,3077,17
16-11-2019,2.47,Wattson,5,6,1005,11
20-5-2019,28.4,Lifeline,8,6,1960,19
6-11-2019,28.67,Horizon,9,7,2724,1
19-8-2021,23.28,Gibraltar,2,4,905,4
6-3-2020,11.33,Bangalore,1,1,513,10
14-5-2019,20.17,Ash,3,5,1376,6
19-7-2019,5.64,Crypto,9,5,2648,17
29-6-2019,25.93,Wattson,5,8,1276,8
4-6-2020,19.51,Rampart,6,5,1646,20
12-5-2019,9.65,Rampart,6,7,3010,12
9-9-2022,28.74,Valkyrie,1,6,1392,20
26-5-2020,24.54,Wattson,3,4,1466,7
8-6-2019,0.58,Mirage,2,2,488,7
1-9-2022,3.89,Wraith,8,3,2706,13
4-7-2021,22.81,Crypto,11,8,4764,14
28-2-2021,22.02,Wattson,8,9,1778,20
7-5-2021,8.11,Mad Maggie,8,6,1544,12
4-5-2021,4.66,Bangalore,0,4,728,6
10-6-2019,21.76,Octane,2,1,780,20
19-9-2019,18.14,Bloodhound,4,2,1520,1
21-2-2022,20.67,Gibraltar,4,4,989,1
21-12-2022,0.04,Mirage,8,4,2404,18
24-6-2022,18.52,Wraith,6,5,2934,9
31-5-2021,4.92,Wattson,10,7,2421,9
15-2-2022,23.04,Revenant,7,3,1393,12
4-5-2020,9.32,Gibraltar,7,1,1322,18
15-12-2021,16.73,Lifeline,2,10,1556,12
22-7-2021,9.83,Bangalore,6,3,2005,4
22-8-2020,12.29,Wattson,6,10,3889,17
18-3-2020,9.51,Lifeline,6,5,1423,20
22-11-2020,15.47,Valkyrie,6,9,1934,1
8-6-2021,3.72,Octane,5,5,1202,17
15-10-2022,1.84,Bloodhound,8,3,1927,19
3-6-2022,21.15,Ash,2,4,1058,15
11-1-2022,18.59,Mad Maggie,3,4,1487,10
3-3-2020,10.1,Mad Maggie,4,6,1823,8
19-12-2020,22.35,Crypto,6,7,1977,19
25-10-2019,12.28,Wraith,12,12,3484,12
1-7-2022,16.91,Rampart,2,3,601,19
31-10-2021,25.16,Revenant,4,4,1170,3
23-12-2019,27.41,Mirage,4,5,1562,15
7-3-2019,16.4,Caustic,6,4,1431,9
8-9-2021,20.88,Crypto,9,7,3595,9
27-9-2020,21.13,Gibraltar,7,6,3664,20
23-5-2021,11.19,Octane,8,8,3905,10
4-7-2020,19.7,Horizon,1,5,1368,10
10-12-2020,15.51,Bangalore,6,5,2607,18
22-12-2019,8.03,Crypto,3,2,1245,14
20-12-2022,2.08,Valkyrie,8,3,3237,8
29-3-2019,9.06,Gibraltar,12,4,3330,11
21-10-2020,9.88,Caustic,6,9,3788,18
26-6-2019,16.04,Wattson,10,8,3258,2
5-12-2019,9.63,Octane,0,3,605,19
4-7-2021,10.55,Lifeline,1,5,1082,19
21-11-2020,12.53,Crypto,5,2,1072,15
9-10-2021,19.86,Bloodhound,6,4,2203,7
12-9-2019,12.04,Revenant,4,8,2870,11
6-10-2021,21.65,Rampart,9,6,4002,5
7-1-2021,9.74,Horizon,6,6,2071,2
8-2-2022,28.69,Bangalore,4,1,1120,12
6-7-2020,18.96,Pathfinder,4,5,1388,4
20-6-2019,14.06,Lifeline,2,4,1721,8
30-7-2022,1.88,Mad Maggie,9,10,3981,18
22-11-2020,13.43,Octane,5,9,3367,5
21-3-2019,13.41,Rampart,5,7,2689,15
8-9-2020,8.71,Caustic,6,11,2760,14
23-6-2020,15.98,Lifeline,2,3,819,6
14-2-2020,16.61,Rampart,11,1,2596,12
23-2-2022,2.23,Bangalore,3,5,2019,6
29-11-2019,27.87,Octane,6,9,3259,6
25-12-2020,1.74,Wattson,10,13,4889,19
1-3-2019,11.87,Ash,5,7,3609,10
5-7-2022,10.89,Caustic,8,10,3617,20
29-11-2021,22.24,Mirage,2,2,684,14
20-8-2020,19.19,Horizon,6,9,2475,2
11-3-2022,7.5,Pathfinder,2,3,980,9
21-11-2021,5.05,Rampart,4,5,1493,3
26-9-2021,22.28,Horizon,4,10,3980,12
12-4-2021,25.31,Ash,6,5,2340,18
30-5-2022,9.55,Caustic,8,7,4734,14
14-9-2021,4.53,Mirage,3,4,1604,2
29-9-2021,2.19,Pathfinder,2,1,781,9
3-11-2020,23.92,Rampart,8,2,1788,3
10-3-2020,12.01,Gibraltar,5,3,2445,1
4-6-2021,9.1,Revenant,6,8,2852,19
20-8-2022,3.0,Mad Maggie,14,8,5594,14
28-9-2022,21.3,Wattson,7,9,2966,13
26-4-2022,13.53,Revenant,6,8,3151,8
14-9-2019,18.73,Valkyrie,8,2,1822,19
21-11-2019,22.3,Valkyrie,6,8,2557,1
20-7-2021,11.52,Mirage,3,8,2306,3
14-7-2022,18.48,Valkyrie,6,6,3711,4
28-6-2020,5.3,Crypto,8,5,3937,18
28-9-2019,12.89,Wattson,6,7,3227,15
22-2-2022,26.64,Horizon,1,1,424,1
2-1-2020,20.59,Bangalore,8,4,2609,14
2-2-2021,28.63,Valkyrie,5,4,2707,17
28-5-2021,21.68,Caustic,3,12,4693,7
19-12-2021,22.16,Mad Maggie,9,8,5865,11
23-10-2021,7.79,Octane,6,10,3407,17
9-7-2022,9.85,Ash,13,10,7617,5
27-11-2019,19.91,Valkyrie,8,8,4270,10
20-4-2019,27.91,Wattson,9,5,3733,16
16-1-2021,10.1,Caustic,10,11,7097,6
5-9-2021,21.93,Valkyrie,7,6,2696,9
30-4-2021,22.43,Ash,5,8,2906,1
14-2-2022,21.25,Octane,12,9,5617,19
26-8-2022,7.61,Ash,10,6,3238,14
11-4-2021,22.39,Mirage,7,3,2350,4
22-5-2022,2.97,Horizon,3,2,1424,4
3-11-2022,6.27,Wattson,2,2,1373,16
14-6-2019,5.72,Pathfinder,3,8,3084,5
17-5-2020,23.14,Ash,11,11,5563,11
31-3-2021,11.53,Wraith,13,5,4462,13
2-4-2022,6.89,Wraith,7,6,4665,8
31-12-2022,4.1,Ash,1,2,906,7
18-6-2022,13.85,Octane,4,5,3147,17
2-4-2021,24.94,Gibraltar,5,2,2439,3
9-7-2020,14.89,Octane,6,4,2237,5
29-12-2021,16.11,Gibraltar,7,5,4103,5
20-5-2019,18.87,Wattson,5,9,4980,19
31-1-2020,25.03,Revenant,8,11,6636,19
16-2-2019,11.19,Valkyrie,1,3,1408,15
16-6-2022,20.19,Mirage,5,4,2282,3
23-2-2022,17.49,Revenant,10,7,4703,12
15-8-2019,6.95,Bloodhound,6,5,3757,14
3-11-2020,5.51,Octane,8,5,3149,17
13-9-2019,16.92,Lifeline,9,8,4237,16
25-7-2019,3.2,Wattson,10,12,7682,6
25-7-2019,19.34,Bloodhound,2,3,1218,15
10-3-2021,10.44,Mirage,1,1,422,6
27-10-2022,17.47,Bloodhound,7,2,2050,10
21-2-2019,7.58,Rampart,3,4,1890,9
19-5-2021,15.59,Ash,6,10,3750,4
15-9-2021,6.31,Horizon,9,5,4358,12
21-8-2020,14.28,Valkyrie,6,10,4210,17
14-7-2022,23.21,Caustic,1,3,1098,11
30-4-2022,19.28,Wraith,3,2,1248,4
14-2-2022,17.33,Crypto,3,3,1426,1
2-11-2022,11.58,Octane,5,7,2825,2
3-4-2019,28.16,Caustic,12,8,5040,18
2-1-2021,3.05,Revenant,8,8,6137,5
3-12-2022,23.58,Pathfinder,9,6,5446,13
25-8-2020,15.64,Mirage,5,1,2072,10
5-6-2019,8.71,Pathfinder,2,5,2140,6
1-6-2020,7.07,Caustic,2,5,2226,6
8-4-2022,9.82,Mad Maggie,7,3,2987,2
12-10-2022,22.29,Crypto,4,8,3585,6
28-9-2021,14.19,Wraith,14,5,5584,3
25-8-2020,4.52,Octane,9,6,3576,12
17-3-2022,18.97,Gibraltar,5,2,2231,9
14-10-2019,13.67,Wattson,4,7,4188,7
2-3-2020,10.64,Crypto,3,5,2850,15
8-7-2022,24.43,Bangalore,4,4,2651,17
10-11-2022,12.94,Revenant,7,8,4276,2
16-12-2019,4.69,Valkyrie,6,8,3492,13
24-2-2022,17.96,Wraith,12,6,6865,19
26-12-2020,27.79,Gibraltar,3,3,1599,16
4-11-2019,21.6,Gibraltar,3,6,2916,3
15-6-2019,20.44,Horizon,3,3,2289,9
16-7-2020,29.47,Wattson,4,6,3560,16
6-12-2019,16.12,Lifeline,6,6,3451,17
12-10-2022,1.81,Rampart,5,10,4918,8
2-12-2020,1.21,Ash,8,6,3557,6
22-10-2022,3.78,Bloodhound,1,2,795,14
16-6-2020,12.24,Bangalore,1,1,810,14
3-6-2021,29.91,Mad Maggie,4,3,2141,20
3-11-2020,8.63,Caustic,9,4,3911,18
17-4-2019,3.11,Mirage,7,5,2109,9
19-2-2021,13.46,Rampart,8,11,2264,9
14-7-2019,1.64,Bloodhound,6,11,2953,3
8-1-2020,17.87,Rampart,4,3,1045,18
31-1-2022,25.63,Pathfinder,1,2,418,12
22-5-2019,13.36,Bangalore,4,5,1791,15
12-10-2020,7.53,Caustic,5,5,2205,20
13-6-2019,10.69,Mad Maggie,7,4,713,18
13-3-2019,9.2,Revenant,9,7,2250,7
8-6-2019,11.7,Rampart,10,6,2558,2
18-7-2022,8.26,Caustic,3,2,1017,18
9-11-2022,3.13,Revenant,1,1,275,8
10-2-2019,6.34,Bloodhound,7,2,1191,20
16-11-2019,29.41,Pathfinder,12,9,1595,1
25-8-2022,9.1,Bloodhound,5,4,1985,7
21-5-2019,26.46,Pathfinder,6,10,2859,14
25-7-2019,4.74,Mirage,6,7,2498,8
24-6-2019,20.2,Octane,2,1,602,7
19-9-2020,25.84,Bloodhound,2,3,1129,3
19-4-2021,0.81,Rampart,3,6,934,6
17-9-2021,19.05,Horizon,4,6,1942,18
14-8-2022,13.45,Revenant,5,10,2081,11
7-11-2020,5.81,Wraith,5,13,3995,6
4-1-2020,24.39,Ash,9,9,4147,10
4-4-2022,9.63,Revenant,3,6,932,9
14-7-2019,14.0,Gibraltar,4,1,810,6
22-12-2021,2.49,Gibraltar,2,4,1130,2
26-8-2021,0.89,Ash,7,4,979,13
18-5-2020,16.23,Revenant,4,7,1954,2
16-1-2021,18.44,Horizon,7,6,3051,15
31-5-2022,17.58,Bangalore,7,8,2611,16
3-7-2020,20.21,Horizon,1,3,454,14
11-1-2022,3.43,Wraith,3,1,457,15
26-10-2022,4.96,Ash,2,2,946,4
6-3-2020,18.67,Mad Maggie,5,4,1095,13
31-8-2020,22.05,Mirage,8,11,3639,6
13-7-2021,26.0,Caustic,12,7,2337,19
28-3-2022,13.42,Octane,7,7,3167,2
6-2-2020,16.63,Caustic,7,2,2136,9
12-11-2020,7.08,Valkyrie,2,5,870,19
4-3-2020,7.08,Horizon,3,3,1364,9
12-9-2022,23.51,Crypto,4,3,1495,6
27-2-2021,26.63,Mad Maggie,10,7,4168,19
28-1-2021,6.34,Octane,6,10,2640,5
18-2-2019,12.42,Bloodhound,8,7,1543,3
23-9-2022,8.5,Caustic,8,1,1493,19
16-4-2019,0.95,Wattson,2,7,2073,17
3-6-2021,26.45,Gibraltar,2,4,931,8
15-3-2021,4.83,Caustic,6,5,2045,3
27-7-2020,14.23,Crypto,5,5,2437,18
6-3-2021,4.3,Caustic,7,5,2254,20
29-10-2022,14.94,Valkyrie,8,8,3964,5
1-9-2020,22.76,Valkyrie,3,2,1085,8
30-8-2019,28.86,Pathfinder,2,11,3124,13
20-5-2021,11.28,Wattson,5,3,2138,1
1-9-2019,7.97,Crypto,4,3,914,17
5-9-2021,0.97,Wraith,9,6,3314,1
26-10-2022,26.61,Valkyrie,13,6,3575,3
21-5-2019,15.45,Pathfinder,7,9,4287,10
27-11-2020,21.07,Crypto,2,7,1541,11
13-10-2020,23.04,Bangalore,1,5,954,14
6-7-2022,6.9,Horizon,2,2,923,19
31-3-2021,26.87,Horizon,4,5,2426,2
17-11-2019,27.56,Mad Maggie,12,7,4500,14
12-7-2021,17.28,Mirage,6,6,3187,2
6-5-2022,27.5,Gibraltar,11,11,4087,14
1-9-2020,17.44,Bangalore,1,2,349,16
20-11-2021,28.67,Wattson,2,4,1520,4
2-11-2022,23.19,Mirage,4,4,1453,6
1-6-2020,10.31,Mirage,3,3,1545,7
4-3-2021,22.15,Mirage,5,7,3126,3
2-10-2019,15.53,Lifeline,12,7,4006,19
8-9-2019,23.74,Horizon,8,12,4771,1
23-7-2019,6.47,Rampart,0,3,394,14
17-2-2021,29.02,Revenant,7,4,1920,13
4-4-2019,5.23,Bloodhound,3,6,1313,16
5-5-2019,19.24,Wattson,4,4,2184,6
18-8-2022,22.2,Mad Maggie,13,6,4886,11
19-11-2019,22.68,Crypto,8,12,3187,10
9-6-2021,28.91,Rampart,7,9,3070,9
26-11-2021,10.16,Horizon,5,4,1502,7
10-2-2020,14.67,Valkyrie,1,6,1271,2
12-9-2019,7.04,Mad Maggie,4,2,1617,12
13-12-2020,14.24,Octane,3,4,1954,17
1-8-2020,12.43,Pathfinder,9,8,3661,9
22-8-2021,21.29,Bangalore,12,5,5074,11
7-5-2019,25.83,Pathfinder,8,6,2759,7
6-11-2021,1.43,Gibraltar,0,3,815,10
6-10-2019,27.49,Bangalore,5,7,2797,6
30-3-2020,12.97,Valkyrie,2,2,823,9
17-2-2021,9.85,Revenant,3,4,1255,14
30-4-2021,10.87,Mad Maggie,5,6,1842,5
10-11-2019,29.74,Crypto,7,7,2548,4
7-12-2021,15.75,Wattson,7,9,2566,6
27-2-2021,29.53,Crypto,1,1,546,7
17-3-2020,3.29,Bangalore,1,8,2045,20
10-6-2022,17.26,Wraith,3,3,1285,3
26-12-2022,3.75,Revenant,5,4,2147,12
12-9-2022,29.2,Mad Maggie,5,10,3205,9
23-4-2020,21.37,Bloodhound,12,8,3860,14
1-11-2020,0.94,Pathfinder,14,13,8192,3
12-12-2019,21.33,Wattson,3,1,835,20
20-5-2020,8.74,Rampart,4,1,1235,19
13-11-2019,17.72,Bloodhound,3,3,1301,12
7-9-2019,13.97,Pathfinder,7,3,1949,8
20-2-2019,24.48,Gibraltar,7,9,3047,7
11-4-2021,2.72,Rampart,8,5,3866,19
29-9-2020,20.27,Valkyrie,9,12,5513,3
11-10-2020,24.44,Lifeline,5,2,1647,15
29-6-2019,10.93,Lifeline,3,1,884,12
12-11-2019,17.3,Horizon,6,2,2512,17
18-8-2020,3.81,Octane,3,3,1554,9
10-11-2019,6.67,Valkyrie,12,7,3590,16
9-6-2019,26.42,Crypto,7,7,4420,10
11-2-2022,14.98,Gibraltar,14,6,5710,8
18-4-2021,25.88,Wattson,2,1,805,12
27-11-2020,6.95,Gibraltar,2,4,1431,14
25-3-2020,6.0,Mad Maggie,2,9,2282,4
12-6-2021,19.14,Bloodhound,5,6,2680,15
23-10-2019,23.46,Bloodhound,6,7,2502,17
14-11-2021,20.59,Valkyrie,10,5,4529,3
23-10-2019,29.15,Revenant,6,10,3718,9
28-3-2022,8.79,Mirage,4,9,2896,11
27-11-2022,15.58,Crypto,1,2,823,7
7-7-2020,18.34,Mirage,5,9,4137,14
13-3-2019,29.01,Valkyrie,9,4,2914,12
5-6-2020,25.09,Pathfinder,8,12,4077,6
2-5-2021,15.54,Wattson,6,9,4754,12
25-10-2019,2.24,Valkyrie,6,6,3112,1
20-12-2020,11.49,Lifeline,0,4,990,7
11-11-2021,18.84,Rampart,1,1,581,5
15-10-2021,6.03,Lifeline,2,4,1540,4
3-5-2020,1.23,Horizon,5,4,2689,20
31-3-2019,24.17,Bloodhound,6,6,3291,5
24-6-2019,2.16,Lifeline,5,6,2861,19
31-8-2020,13.24,Horizon,6,13,5339,5
23-1-2022,14.25,Lifeline,4,2,1166,9
13-9-2020,10.83,Wattson,4,1,1785,9
30-7-2019,28.82,Pathfinder,9,8,4948,14
7-2-2021,24.65,Ash,4,9,3825,18
6-2-2020,23.45,Bloodhound,5,9,3566,4
12-7-2022,23.9,Caustic,7,12,5044,20
7-8-2021,1.2,Bloodhound,8,6,5061,1
29-3-2020,19.42,Lifeline,3,0,1073,16
31-10-2020,11.86,Lifeline,1,3,932,4
7-3-2019,6.31,Revenant,2,5,2330,1
5-3-2019,24.67,Rampart,4,4,2581,17
18-5-2021,25.03,Gibraltar,6,9,4723,15
27-10-2021,11.94,Rampart,5,6,3716,7
21-7-2019,0.4,Revenant,6,10,4129,18
2-3-2022,17.66,Bangalore,7,5,4103,6
8-2-2020,10.92,Revenant,6,1,1729,8
1-5-2021,3.67,Crypto,3,2,1259,5
4-8-2020,4.91,Octane,3,5,1764,1
25-8-2019,8.26,Rampart,10,6,3839,12
19-7-2021,4.2,Valkyrie,5,9,3585,5
12-6-2020,7.69,Pathfinder,6,9,5165,18
27-12-2019,24.38,Crypto,7,0,2070,2
12-8-2022,16.52,Lifeline,2,1,1143,20
2-8-2020,23.64,Horizon,10,6,5556,10
14-8-2019,14.28,Ash,3,4,2008,5
1-12-2019,25.94,Bangalore,6,9,3973,15
21-10-2019,21.7,Mirage,8,9,5481,7
28-11-2022,29.09,Mad Maggie,9,16,8149,19
30-9-2022,9.66,Wattson,2,0,470,13
5-11-2022,1.52,Pathfinder,3,4,2511,9
22-5-2020,9.51,Wraith,7,2,2600,4
13-9-2022,22.78,Bangalore,5,3,2513,9
19-11-2020,2.85,Mad Maggie,4,8,4025,16
26-8-2020,15.06,Mad Maggie,6,10,5530,3
17-9-2020,7.89,Caustic,6,7,3202,3
20-12-2021,26.97,Bangalore,2,1,739,18
19-6-2022,18.88,Crypto,1,3,1029,10
26-6-2022,5.1,Mad Maggie,2,4,1789,14
24-9-2021,20.06,Octane,9,10,6779,19
7-12-2022,15.56,Bangalore,6,9,4005,12
25-5-2021,28.05,Revenant,6,7,3943,20
3-9-2021,15.9,Lifeline,6,8,3506,19
8-2-2021,1.69,Rampart,3,1,1559,8
30-11-2020,3.67,Revenant,3,6,2203,1
28-5-2019,8.77,Lifeline,2,4,1760,18
5-9-2021,25.12,Bloodhound,10,10,5016,2
3-7-2021,2.74,Ash,6,9,4095,1
27-10-2021,12.25,Crypto,6,8,4097,1
27-7-2019,21.16,Revenant,9,12,7744,8
17-11-2021,11.81,Pathfinder,0,6,1566,4
15-7-2021,26.4,Wraith,3,3,2267,1
16-6-2020,20.8,Crypto,5,6,3482,17
3-6-2022,21.85,Valkyrie,5,6,3699,1
25-12-2021,2.16,Mirage,4,6,3565,10
16-6-2021,28.04,Bangalore,7,5,4340,20
9-6-2019,6.6,Wattson,7,11,4919,18
22-3-2020,0.33,Bangalore,3,0,1141,13
4-5-2020,5.05,Lifeline,1,1,551,15
5-11-2021,25.41,Pathfinder,2,7,3191,10
3-8-2022,7.66,Wraith,3,3,2278,16
28-3-2022,27.12,Lifeline,6,13,5450,17
20-10-2022,4.04,Revenant,12,10,8273,6
28-10-2022,14.4,Wraith,8,7,4911,3
15-4-2019,12.74,Bangalore,1,2,1122,9
9-6-2022,27.68,Pathfinder,3,4,737,20
24-10-2020,15.08,Wraith,6,2,1403,8
3-10-2021,18.62,Pathfinder,4,4,1109,12
17-4-2019,7.78,Revenant,4,4,1123,5
10-8-2019,24.52,Lifeline,9,5,2013,18
10-6-2020,13.82,Crypto,8,6,1512,2
16-6-2019,19.31,Mirage,0,2,247,8
27-1-2020,12.54,Valkyrie,2,1,637,19
3-3-2022,24.32,Crypto,3,9,2058,4
17-3-2021,24.57,Mirage,5,3,1491,4
27-3-2021,6.32,Mirage,7,5,1843,9
19-9-2019,18.05,Wattson,7,9,2892,8
5-12-2021,20.87,Gibraltar,8,6,2797,16
9-5-2019,15.74,Octane,0,1,167,5
4-5-2020,26.32,Ash,2,2,884,15
29-10-2020,16.54,Revenant,5,9,1301,9
27-1-2022,8.87,Wattson,6,3,2096,5
7-3-2022,12.85,Rampart,5,7,1306,20
24-9-2020,21.05,Mirage,6,7,1348,6
2-10-2020,14.8,Revenant,12,8,3877,4
18-5-2020,29.71,Rampart,1,9,1074,20
16-12-2021,24.37,Rampart,2,3,1018,18
19-8-2019,17.43,Bangalore,3,4,1376,11
11-10-2021,13.84,Caustic,6,6,1830,2
28-12-2020,24.97,Revenant,11,6,3608,3
3-7-2020,29.79,Gibraltar,6,14,2363,15
16-6-2021,1.88,Lifeline,6,7,3064,2
23-10-2020,26.11,Bloodhound,2,1,340,16
11-1-2021,29.41,Wattson,1,2,355,17
17-10-2022,9.01,Mad Maggie,5,3,1442,7
10-5-2020,11.56,Wraith,8,5,2904,2
16-1-2022,1.52,Revenant,8,9,1478,1
20-11-2021,4.09,Lifeline,6,8,3038,20
16-2-2022,1.45,Gibraltar,9,7,2602,10
16-5-2021,3.61,Horizon,2,2,389,1
12-4-2021,14.73,Gibraltar,1,2,540,1
21-1-2021,2.69,Bangalore,5,7,1603,20
21-3-2020,0.11,Valkyrie,4,3,1296,20
9-5-2020,12.46,Crypto,4,9,2517,17
27-5-2021,8.74,Wattson,10,9,3831,16
23-1-2022,0.41,Octane,9,6,3929,5
12-6-2019,17.01,Mirage,3,2,1125,16
3-4-2022,16.83,Lifeline,3,2,496,14
9-2-2021,17.66,Wraith,3,4,1314,20
18-9-2021,25.56,Mirage,4,4,1941,17
26-12-2021,16.4,Mad Maggie,4,6,2208,14
28-1-2022,19.99,Caustic,9,14,5609,14
7-7-2020,18.05,Valkyrie,8,9,2187,2
8-10-2021,25.05,Crypto,5,2,1665,6
26-8-2022,2.36,Valkyrie,1,4,586,18
3-4-2022,15.95,Ash,7,4,2246,16
20-5-2020,9.55,Crypto,5,8,3189,6
21-8-2021,8.09,Octane,6,6,2345,5
5-6-2022,19.51,Gibraltar,7,11,3183,20
23-1-2022,13.95,Crypto,11,7,3189,19
21-2-2019,10.86,Caustic,1,3,476,5
28-11-2021,5.29,Horizon,2,1,423,19
11-3-2019,6.76,Mad Maggie,3,2,1325,18
1-9-2022,15.52,Mad Maggie,4,3,1417,13
15-8-2021,22.04,Lifeline,6,6,2551,7
10-3-2022,9.48,Revenant,6,5,2205,17
9-9-2021,23.99,Bangalore,7,7,2830,12
6-8-2022,24.53,Bloodhound,3,3,1385,8
30-1-2020,26.4,Gibraltar,2,3,1305,20
2-3-2021,27.57,Octane,4,3,867,14
18-3-2021,3.15,Crypto,4,11,3937,15
25-5-2019,22.29,Octane,4,6,1562,7
29-10-2019,27.85,Wattson,6,8,1931,3
14-7-2022,2.79,Octane,11,7,4052,3
6-6-2022,2.66,Caustic,3,3,1695,1
21-8-2022,22.32,Ash,7,4,2529,13
6-8-2022,4.56,Revenant,3,3,1606,4
19-4-2021,9.82,Gibraltar,6,3,1674,17
7-11-2022,6.25,Mad Maggie,5,7,2170,11
17-12-2022,8.6,Revenant,10,12,2816,4
15-11-2022,23.37,Mirage,8,11,4839,19
7-2-2022,0.81,Valkyrie,0,0,0,11
11-6-2021,0.88,Gibraltar,2,4,1498,10
10-3-2022,27.48,Mad Maggie,9,2,2968,12
4-6-2021,6.4,Crypto,3,4,1762,10
24-2-2020,16.74,Lifeline,5,7,2410,12
18-10-2021,5.52,Lifeline,5,6,1893,12
24-7-2021,21.39,Pathfinder,9,7,3145,12
10-5-2021,4.64,Wattson,3,1,584,20
16-9-2019,4.69,Ash,3,6,2194,4
30-11-2022,0.44,Gibraltar,2,7,1310,13
4-12-2020,14.03,Octane,6,3,2205,6
20-9-2019,29.73,Lifeline,8,4,2326,7
19-2-2020,19.03,Octane,5,8,2728,13
12-5-2020,6.78,Wattson,7,6,1966,12
22-2-2020,1.13,Crypto,3,5,1679,7
23-10-2020,12.69,Valkyrie,4,5,2522,12
7-4-2021,21.0,Gibraltar,4,2,1541,17
4-4-2020,21.55,Mad Maggie,9,9,3406,14
17-5-2019,4.64,Octane,10,8,2903,16
29-8-2019,17.97,Revenant,11,8,5441,9
9-2-2021,7.92,Lifeline,9,7,2727,14
27-10-2021,21.49,Revenant,1,4,949,13
3-4-2021,8.79,Wraith,5,2,1373,3
27-1-2022,3.6,Rampart,2,4,1217,14
25-3-2019,15.77,Revenant,6,6,3581,4
14-11-2019,28.67,Horizon,7,6,4003,17
13-4-2022,9.32,Bloodhound,5,7,2182,10
17-10-2022,21.39,Ash,7,12,2978,4
15-1-2020,21.18,Bloodhound,1,7,1945,1
9-11-2021,22.81,Revenant,2,5,1857,16
21-11-2020,26.16,Valkyrie,8,3,2493,19
24-3-2020,18.14,Mad Maggie,3,3,1050,10
3-3-2021,25.42,Lifeline,6,10,4634,14
20-8-2021,18.61,Octane,7,10,2925,12
9-7-2019,25.58,Revenant,8,6,4218,8
1-12-2019,16.75,Crypto,0,3,827,13
10-11-2021,15.24,Lifeline,2,1,553,8
5-10-2019,15.1,Bangalore,4,7,3476,18
10-6-2020,23.1,Bloodhound,7,5,2634,19
28-3-2021,5.75,Ash,4,11,4320,20
22-10-2019,2.95,Wraith,7,12,5752,14
19-1-2020,2.55,Mad Maggie,15,13,7815,7
24-9-2021,5.18,Mirage,0,3,782,3
28-3-2022,3.36,Valkyrie,1,1,459,10
4-10-2020,11.61,Wattson,4,2,1359,17
11-5-2019,5.88,Octane,3,9,3461,17
12-5-2022,4.09,Revenant,12,8,6167,10
4-12-2021,4.19,Bloodhound,9,7,4069,5
13-2-2021,27.0,Horizon,8,9,4966,12
21-3-2021,24.98,Caustic,2,2,764,8
28-10-2019,15.92,Ash,2,1,793,19
24-9-2022,3.51,Pathfinder,4,2,1328,1
28-11-2021,9.41,Caustic,4,8,3464,2
8-1-2020,11.03,Wraith,4,5,2969,7
16-2-2021,7.16,Rampart,6,6,2715,5
26-9-2022,12.66,Mad Maggie,6,12,5063,8
10-11-2022,7.45,Lifeline,5,2,2143,10
21-7-2021,9.88,Rampart,2,5,1771,15
13-10-2022,10.42,Horizon,4,3,1597,2
5-8-2022,7.99,Horizon,5,3,1525,10
26-1-2021,5.03,Horizon,9,13,5513,19
11-8-2021,14.87,Wattson,5,13,5953,4
7-9-2019,7.43,Mad Maggie,7,7,3704,14
12-8-2022,10.34,Wattson,5,2,1433,8
23-3-2020,25.77,Crypto,3,2,1125,6
21-11-2019,22.89,Caustic,8,6,3407,12
29-5-2021,25.19,Mirage,4,4,1860,7
3-4-2022,25.56,Valkyrie,5,9,2921,16
20-2-2022,28.93,Bloodhound,8,8,5028,3
13-10-2019,1.19,Bangalore,7,11,5229,16
15-8-2021,24.86,Pathfinder,0,5,1344,7
17-4-2019,21.21,Bangalore,3,4,1464,12
11-10-2021,12.42,Rampart,7,3,3496,11
20-7-2019,22.72,Horizon,6,5,3153,15
5-4-2020,14.75,Caustic,8,5,4651,12
25-2-2019,19.39,Gibraltar,7,12,5760,8
8-5-2021,10.35,Rampart,6,12,6331,6
25-12-2022,10.38,Ash,1,2,964,3
20-6-2021,26.45,Lifeline,3,2,1317,9
19-5-2019,5.15,Bloodhound,3,10,3044,11
5-8-2020,7.36,Bangalore,6,10,3789,3
16-10-2022,6.88,Wraith,12,8,5351,5
30-5-2019,6.3,Revenant,5,7,3225,10
2-10-2020,27.69,Crypto,9,11,7409,16
20-12-2021,22.55,Horizon,4,5,3278,12
30-11-2022,5.0,Pathfinder,2,4,1379,6
15-1-2020,24.37,Mad Maggie,8,7,5087,15
9-3-2022,0.76,Revenant,5,5,2826,4
13-5-2021,0.47,Gibraltar,10,5,4086,2
13-8-2022,22.92,Crypto,7,7,4677,17
21-4-2019,17.09,Ash,6,6,3206,3
27-6-2020,23.7,Gibraltar,1,5,1875,1
5-9-2020,15.79,Mirage,1,2,962,8
21-12-2022,27.88,Gibraltar,5,2,2344,6
25-11-2020,17.99,Mirage,9,11,5054,16
28-5-2020,11.28,Ash,4,5,2295,1
3-12-2019,0.89,Rampart,5,6,3043,9
25-1-2020,23.75,Rampart,11,7,6438,1
8-7-2021,23.76,Octane,3,0,1160,8
26-9-2020,24.99,Caustic,2,4,2131,8
20-2-2021,14.98,Bloodhound,6,8,3746,14
6-10-2021,18.95,Crypto,5,3,2961,8
27-6-2020,3.36,Gibraltar,4,7,3401,13
30-6-2022,12.15,Gibraltar,11,5,5705,20
11-8-2020,18.95,Valkyrie,7,7,3947,8
9-10-2019,2.31,Mad Maggie,0,2,539,7
16-6-2022,21.17,Rampart,2,4,1707,5
1-12-2021,18.01,Bangalore,7,5,4075,11
16-10-2022,12.1,Wraith,3,7,2423,1
19-6-2020,3.17,Mirage,9,8,4578,3
26-9-2021,6.62,Pathfinder,5,8,4808,5
27-9-2020,11.5,Revenant,6,10,5515,4
15-7-2021,16.61,Wattson,9,3,4675,5
28-8-2020,9.21,Lifeline,1,6,2183,18
3-10-2020,14.2,Mad Maggie,7,3,3679,7
10-4-2021,15.56,Crypto,6,5,3801,4
21-3-2021,16.15,Mad Maggie,5,9,3939,10
3-3-2022,29.3,Lifeline,9,11,7931,9
4-3-2020,3.24,Mad Maggie,6,6,3751,14
2-10-2019,14.74,Mad Maggie,2,1,1218,13
19-6-2021,15.98,Gibraltar,3,4,2191,12
9-11-2019,27.22,Lifeline,5,5,3365,15
16-8-2022,11.03,Crypto,7,4,3072,16
26-3-2022,2.99,Mad Maggie,8,7,4015,20
10-3-2019,25.06,Octane,6,10,1299,1
20-2-2022,6.71,Ash,6,7,1625,18
28-10-2021,8.84,Bangalore,1,0,96,2
15-5-2022,22.24,Crypto,1,5,533,16
23-9-2019,2.97,Lifeline,3,9,1495,3
30-3-2021,26.19,Gibraltar,4,6,1722,11
6-4-2021,17.71,Horizon,12,6,2981,17
4-11-2020,16.15,Mad Maggie,6,8,1065,18
13-9-2019,11.36,Rampart,13,11,5169,6
11-5-2021,26.5,Lifeline,0,2,209,18
19-8-2020,24.04,Octane,3,10,2139,20
30-3-2019,9.52,Bangalore,3,2,509,20
31-12-2021,22.18,Horizon,4,6,1773,4
21-12-2020,3.17,Mad Maggie,6,8,983,12
30-10-2021,26.32,Lifeline,7,13,1864,18
19-9-2019,10.69,Mirage,6,12,1152,5
10-12-2020,4.51,Ash,4,2,1344,2
25-3-2021,5.24,Caustic,1,5,787,19
12-7-2019,9.14,Rampart,8,8,3081,18
20-1-2022,18.78,Crypto,4,3,796,6
2-3-2020,28.75,Rampart,6,9,2673,16
25-6-2019,5.59,Bangalore,6,5,1440,9
9-6-2021,5.49,Caustic,7,8,2288,10
27-11-2019,25.74,Revenant,0,1,164,16
30-4-2021,14.61,Bangalore,2,1,533,2
7-5-2019,2.69,Rampart,2,2,584,16
27-5-2020,14.23,Rampart,6,5,915,15
20-10-2021,12.2,Horizon,4,5,1977,15
19-7-2020,25.97,Octane,5,5,2049,18
14-2-2019,10.89,Ash,6,9,1725,20
7-1-2021,22.48,Mirage,2,1,688,1
30-12-2020,0.91,Mad Maggie,8,1,2223,12
4-10-2022,11.36,Mad Maggie,2,3,1143,1
22-5-2020,14.14,Wattson,5,3,726,14
9-3-2020,20.79,Revenant,8,4,2668,8
11-4-2022,11.18,Ash,11,10,2200,11
4-12-2020,22.28,Wraith,7,7,2801,4
16-9-2021,29.24,Revenant,2,2,676,19
23-11-2020,24.73,Rampart,2,6,1365,2
19-5-2020,5.84,Revenant,3,4,855,5
13-5-2022,11.64,Wattson,8,3,2697,6
1-3-2020,20.97,Pathfinder,7,7,3465,15
7-12-2021,28.79,Bloodhound,6,11,3889,9
22-9-2022,1.45,Bloodhound,14,8,2523,3
3-4-2021,25.13,Ash,4,3,1142,14
5-11-2020,14.65,Wattson,4,6,1111,11
13-8-2021,12.29,Lifeline,5,6,2623,6
2-10-2021,5.06,Wattson,12,6,4515,9
26-4-2019,0.25,Valkyrie,5,4,1527,10
16-8-2021,25.56,Gibraltar,6,5,2541,10
5-11-2021,23.89,Wraith,8,11,4208,1
17-5-2022,15.44,Mirage,1,2,581,7
14-4-2022,25.6,Lifeline,7,7,2819,14
12-7-2019,28.61,Mirage,3,4,1132,15
29-1-2020,18.95,Valkyrie,7,4,1475,16
1-10-2021,23.37,Bloodhound,5,8,2152,11
30-1-2021,29.66,Wraith,5,5,1348,5
29-9-2019,0.58,Wraith,7,14,5006,8
28-1-2022,2.03,Wattson,5,3,1318,8
12-9-2022,7.75,Octane,1,7,1172,13
11-9-2022,17.85,Crypto,4,3,1198,1
6-11-2020,29.47,Mad Maggie,12,5,3014,12
4-7-2019,25.63,Revenant,12,8,5138,4
22-3-2021,15.39,Wraith,11,8,4861,16
4-10-2020,22.43,Rampart,8,10,4097,12
24-8-2022,10.53,Ash,2,3,660,7
10-12-2020,28.14,Mirage,6,3,2592,1
14-7-2019,1.98,Revenant,4,4,2064,12
3-7-2020,17.83,Mad Maggie,4,6,2689,6
11-8-2022,23.6,Crypto,8,11,5129,18
22-3-2019,23.62,Crypto,9,7,4299,20
8-5-2022,20.87,Octane,11,10,4815,4
13-1-2021,28.38,Ash,7,5,2430,7
12-2-2019,9.88,Rampart,1,5,1198,1
30-4-2022,12.2,Lifeline,11,5,3545,16
22-2-2019,10.92,Horizon,3,5,2189,13
21-11-2020,13.78,Wraith,4,8,3338,3
19-1-2020,17.75,Bangalore,6,11,4390,10
8-7-2019,11.73,Pathfinder,6,7,3401,3
9-1-2021,9.92,Rampart,2,1,509,15
23-7-2021,17.17,Pathfinder,6,4,1776,8
24-9-2021,13.16,Mirage,3,6,1312,10
25-5-2019,2.33,Rampart,8,3,1739,5
29-12-2021,12.15,Mad Maggie,5,5,2098,11
25-8-2022,1.73,Wraith,10,8,4863,13
16-12-2022,21.02,Lifeline,8,12,4693,10
25-3-2022,8.61,Octane,0,0,0,15
10-6-2022,2.03,Mad Maggie,1,2,757,3
21-12-2021,1.83,Pathfinder,2,2,1222,13
15-9-2021,5.82,Ash,3,6,1826,19
16-7-2021,15.25,Wraith,5,4,2413,12
10-7-2020,1.48,Wattson,7,6,2640,5
28-11-2022,21.07,Wraith,11,8,4788,9
11-11-2022,27.96,Crypto,2,2,749,4
31-12-2021,21.67,Horizon,1,1,533,20
2-6-2019,18.76,Mad Maggie,7,3,2280,2
4-5-2022,0.11,Mad Maggie,3,6,1698,8
31-12-2020,0.5,Pathfinder,4,4,1344,11
15-11-2022,13.04,Pathfinder,7,6,2084,11
24-11-2020,15.0,Mirage,9,9,4403,9
24-9-2022,19.43,Valkyrie,6,0,1139,9
15-12-2020,12.9,Bangalore,3,5,1572,16
21-10-2020,24.41,Mad Maggie,5,8,4049,13
12-11-2021,8.56,Caustic,5,3,1348,20
5-5-2020,7.31,Pathfinder,5,9,4147,9
15-12-2020,0.48,Lifeline,5,12,4786,12
2-10-2020,15.97,Mirage,7,10,5101,8
15-7-2019,3.53,Bloodhound,0,0,0,3
24-4-2021,12.55,Gibraltar,7,4,2875,17
1-1-2022,2.08,Mirage,2,2,732,20
9-3-2020,0.65,Crypto,3,3,1693,5
6-7-2022,7.0,Caustic,10,6,5039,3
5-5-2022,28.63,Crypto,8,7,3371,9
19-3-2020,10.42,Mirage,10,7,3959,16
7-10-2021,25.51,Valkyrie,2,4,1290,3
9-4-2022,29.71,Mad Maggie,4,1,919,19
19-6-2019,14.96,Bangalore,4,8,2570,3
2-4-2021,1.08,Horizon,7,4,3406,11
11-4-2019,16.1,Ash,5,5,2890,10
6-3-2021,20.94,Revenant,6,11,2941,2
30-5-2019,19.14,Mirage,7,7,3920,8
28-6-2020,19.52,Rampart,1,0,294,8
18-7-2019,17.92,Gibraltar,3,1,1102,14
10-12-2021,22.52,Ash,4,4,2008,3
23-5-2020,3.1,Horizon,4,4,1683,1
31-7-2022,13.68,Lifeline,5,9,4289,18
5-9-2021,23.41,Gibraltar,9,6,4053,10
25-7-2019,24.32,Valkyrie,9,7,4544,3
23-6-2020,6.2,Pathfinder,7,0,2290,6
5-9-2019,14.13,Mad Maggie,4,2,1543,1
13-2-2021,7.45,Pathfinder,9,4,3227,16
25-10-2021,0.06,Wraith,3,9,3492,19
16-8-2022,11.34,Rampart,6,4,3028,4
11-5-2022,18.19,Crypto,8,10,5968,19
20-11-2022,24.52,Mad Maggie,8,10,5648,7
11-12-2019,19.77,Valkyrie,0,2,544,3
1-3-2021,20.9,Bangalore,4,1,1018,13
30-5-2019,4.63,Wattson,6,5,3404,13
17-5-2019,24.3,Ash,4,4,2196,13
25-3-2020,22.9,Crypto,12,9,6205,8
6-8-2021,29.13,Horizon,12,8,5974,10
6-2-2021,18.14,Crypto,10,12,7000,14
22-5-2021,10.64,Pathfinder,0,3,893,19
12-11-2020,18.79,Rampart,4,2,1702,17
19-9-2020,7.93,Lifeline,11,5,3936,1
9-7-2021,2.59,Valkyrie,4,3,1541,20
9-4-2022,6.43,Rampart,4,4,2228,12
26-2-2022,20.81,Revenant,11,5,4132,15
23-4-2021,20.7,Revenant,12,14,6273,19
25-6-2020,4.09,Wraith,3,2,1211,7
13-12-2022,2.62,Ash,1,1,709,14
11-1-2020,27.35,Caustic,5,5,3405,5
22-8-2022,11.49,Bangalore,4,4,1999,14
17-9-2020,27.71,Crypto,11,10,5998,20
25-12-2021,1.9,Horizon,6,8,3597,15
26-3-2019,18.73,Mirage,6,10,3896,14
31-7-2022,3.19,Octane,4,0,1568,17
13-2-2019,23.04,Pathfinder,3,5,2588,11
8-12-2022,5.72,Wattson,2,6,2604,3
20-9-2022,27.4,Valkyrie,9,5,3421,7
19-1-2022,12.61,Bangalore,6,4,3686,18
15-7-2019,6.32,Gibraltar,6,12,5023,4
6-10-2020,7.25,Mad Maggie,7,6,4870,11
27-11-2022,8.46,Bangalore,1,2,897,5
3-5-2021,20.04,Valkyrie,2,5,1618,8
5-11-2020,18.92,Bangalore,2,3,1554,19
1-4-2022,27.41,Mad Maggie,6,5,2553,20
4-12-2020,15.3,Caustic,4,12,4955,15
10-12-2022,1.07,Crypto,5,12,3806,1
4-4-2022,29.19,Rampart,6,12,5744,1
26-12-2021,20.57,Rampart,7,7,5197,2
13-5-2022,24.25,Horizon,5,3,2392,3
6-9-2022,1.43,Valkyrie,7,8,4996,7
16-9-2019,5.89,Wraith,3,6,2898,4
2-4-2021,14.45,Lifeline,10,4,3358,8
23-12-2019,4.57,Bangalore,12,5,6274,18
16-11-2022,6.35,Octane,8,8,5434,19
24-1-2022,21.54,Bangalore,1,5,1495,15
17-7-2022,4.65,Octane,3,4,2495,1
5-9-2019,11.53,Wraith,2,4,1732,14
29-10-2020,24.57,Crypto,5,5,2765,10
25-12-2022,25.28,Gibraltar,4,6,2403,18
7-8-2019,10.62,Octane,5,6,4042,13
17-3-2020,12.51,Revenant,7,6,3284,20
22-10-2019,15.07,Pathfinder,1,5,1923,15
24-11-2021,4.66,Wraith,1,3,1343,9
27-3-2022,4.01,Caustic,3,2,1425,11
20-12-2019,2.49,Pathfinder,6,6,3241,17
9-4-2022,11.74,Mad Maggie,6,5,2964,1
18-5-2022,11.58,Bloodhound,5,6,4364,10
3-6-2022,25.78,Wattson,7,9,4669,1
22-4-2019,15.16,Pathfinder,1,0,412,15
12-4-2022,24.85,Octane,3,4,2000,4
12-12-2021,28.34,Bangalore,5,5,2901,3
9-4-2019,24.89,Octane,5,7,3837,14
3-2-2020,7.49,Lifeline,10,7,5722,4
29-1-2022,10.17,Crypto,5,12,6262,10
16-11-2022,23.43,Crypto,10,7,4541,20
28-4-2020,27.92,Horizon,0,4,1399,2
25-12-2019,3.07,Mirage,1,5,2107,20
6-12-2021,3.32,Pathfinder,5,4,1145,16
14-1-2021,19.65,Mirage,4,6,2025,12
16-11-2020,27.0,Octane,7,6,1971,2
22-5-2020,4.6,Pathfinder,5,9,1914,11
5-12-2020,13.5,Mirage,7,10,3269,11
18-9-2022,1.03,Wattson,0,1,178,20
14-6-2019,6.7,Horizon,4,8,1956,5
22-11-2022,18.8,Mad Maggie,5,2,1391,11
30-4-2020,21.6,Crypto,3,5,1118,15
26-3-2019,6.34,Octane,6,11,3485,16
1-4-2020,27.09,Pathfinder,8,8,3164,18
16-4-2022,25.26,Rampart,6,8,2448,2
8-7-2021,20.03,Rampart,3,4,1314,8
17-6-2020,16.8,Horizon,3,3,897,15
6-6-2022,20.66,Valkyrie,2,8,2105,10
1-2-2020,19.24,Horizon,4,4,1590,15
25-4-2019,27.24,Mirage,4,5,1881,17
16-8-2020,13.38,Valkyrie,8,7,3132,6
1-9-2020,11.53,Revenant,6,6,2725,5
27-8-2020,12.75,Mirage,1,2,649,4
7-7-2020,6.08,Ash,1,3,772,13
16-6-2019,1.65,Rampart,2,2,720,5
10-3-2022,23.47,Valkyrie,7,5,1184,9
5-11-2021,19.61,Revenant,4,8,1798,8
18-8-2021,21.28,Mad Maggie,8,8,3607,1
2-4-2022,26.49,Lifeline,10,8,1961,3
2-3-2021,9.54,Wattson,3,0,371,13
3-6-2020,25.5,Bangalore,9,5,1579,2
14-11-2020,23.65,Lifeline,2,9,945,15
10-12-2020,2.43,Valkyrie,4,3,772,4
9-1-2021,0.81,Wraith,5,4,1439,18
10-12-2020,2.17,Caustic,7,6,1165,2
12-9-2020,25.37,Wraith,11,7,2536,2
17-6-2022,6.88,Mad Maggie,0,0,0,18
11-3-2021,16.52,Gibraltar,7,8,1600,12
14-3-2021,15.77,Valkyrie,4,3,1097,15
13-7-2022,26.91,Mirage,6,8,2037,9
23-5-2020,1.23,Crypto,4,11,2061,18
1-5-2019,27.98,Valkyrie,6,9,1415,1
10-10-2022,18.55,Mirage,7,7,1970,14
26-10-2021,28.18,Rampart,2,2,940,17
10-11-2020,10.11,Pathfinder,1,1,443,2
3-8-2021,26.29,Lifeline,3,4,1172,12
20-3-2021,2.14,Wraith,4,4,1743,17
5-7-2021,15.84,Valkyrie,6,4,1141,6
8-7-2021,25.82,Octane,10,8,2494,2
21-6-2020,13.42,Octane,6,13,3389,15
22-6-2022,13.06,Ash,0,2,441,20
30-9-2019,4.27,Ash,1,1,521,7
13-10-2019,0.66,Rampart,6,4,1642,7
9-3-2019,19.66,Wraith,7,6,2983,4
16-11-2022,14.89,Ash,4,7,1659,18
20-7-2021,7.56,Valkyrie,6,5,1971,12
6-10-2022,7.56,Pathfinder,12,8,4448,10
5-7-2022,18.98,Octane,0,1,132,9
24-4-2022,8.6,Bangalore,3,1,716,5
18-6-2021,14.8,Horizon,2,5,781,11
10-4-2020,5.26,Lifeline,5,8,1855,8
6-3-2021,29.64,Valkyrie,6,7,2628,14
6-3-2019,16.45,Caustic,6,5,1367,5
6-7-2022,2.57,Horizon,7,7,3704,7
21-11-2021,24.81,Mirage,6,4,2565,15
7-6-2019,19.97,Horizon,2,2,1111,20
13-6-2021,9.4,Horizon,3,8,1843,8
19-8-2019,20.34,Pathfinder,4,4,1182,12
31-8-2021,29.42,Wraith,7,5,2203,2
19-10-2022,11.7,Bangalore,14,7,4840,11
26-5-2020,13.26,Valkyrie,9,7,2944,19
7-8-2020,20.62,Rampart,4,2,855,17
7-8-2021,2.32,Ash,4,3,987,9
16-6-2019,29.27,Caustic,2,8,1749,3
12-2-2020,11.91,Bangalore,6,5,2595,11
15-5-2020,25.69,Gibraltar,5,4,1362,6
17-6-2019,21.08,Valkyrie,5,5,1967,17
13-11-2019,8.11,Mirage,6,8,3196,9
2-5-2019,1.29,Caustic,3,2,1326,4
22-11-2022,19.08,Pathfinder,5,5,2097,10
3-9-2019,21.03,Mirage,7,7,2399,9
23-7-2020,29.68,Caustic,7,5,1671,14
11-7-2022,3.59,Ash,4,6,1640,4
5-8-2020,20.41,Wraith,8,6,2816,9
23-11-2021,21.3,Rampart,13,11,5171,11
7-9-2020,4.14,Gibraltar,2,0,524,11
6-9-2021,3.57,Octane,3,4,1248,18
7-10-2021,1.01,Revenant,3,3,1516,7
9-6-2022,22.2,Ash,3,10,3428,7
7-5-2020,12.31,Horizon,5,4,2166,7
9-5-2021,1.7,Octane,5,9,3234,4
24-1-2020,6.33,Ash,9,9,3453,19
21-4-2020,15.87,Bangalore,3,5,2167,1
4-4-2020,14.35,Pathfinder,3,6,1685,11
24-6-2022,10.75,Horizon,4,9,3605,4
1-8-2019,22.1,Lifeline,3,5,1492,2
4-11-2021,16.71,Octane,5,5,2922,17
14-7-2019,1.54,Octane,9,5,2512,14
21-5-2021,16.23,Crypto,10,11,3842,4
17-5-2022,27.12,Pathfinder,7,2,1633,16
13-9-2021,0.86,Mad Maggie,6,1,1955,16
23-11-2020,23.74,Horizon,4,5,1851,12
6-10-2020,0.04,Mad Maggie,5,6,3268,1
2-1-2020,23.07,Rampart,7,4,1802,5
10-10-2020,8.68,Rampart,5,7,2306,4
13-5-2021,21.42,Ash,14,11,5269,15
10-1-2021,17.01,Wattson,7,7,3757,1
25-9-2020,20.52,Revenant,2,2,1169,3
14-3-2019,9.32,Rampart,4,8,3759,2
13-1-2022,7.75,Mirage,4,7,3354,10
1-10-2020,14.44,Wattson,6,5,3241,14
31-3-2022,12.05,Mirage,8,7,4854,14
27-4-2020,3.04,Rampart,6,8,3444,4
25-6-2022,12.87,Gibraltar,5,0,938,5
30-9-2021,7.15,Ash,4,4,2075,6
2-7-2019,0.24,Lifeline,3,3,1279,13
28-10-2020,5.38,Valkyrie,3,6,2768,4
11-9-2019,6.17,Gibraltar,7,5,3138,13
19-5-2019,26.19,Bangalore,13,7,5919,6
2-12-2020,8.72,Rampart,6,9,3270,10
5-7-2022,11.07,Horizon,2,1,904,13
20-1-2022,11.14,Valkyrie,1,1,537,13
29-8-2019,4.9,Caustic,9,6,3108,2
26-7-2021,0.04,Mad Maggie,6,4,3306,3
22-5-2022,11.26,Valkyrie,8,4,3001,8
22-2-2019,14.5,Octane,6,6,3367,16
28-5-2021,5.73,Mirage,6,6,2954,16
1-8-2021,14.21,Ash,1,3,1142,16
12-8-2020,17.06,Gibraltar,1,2,957,8
24-9-2019,9.08,Revenant,4,4,2416,3
4-1-2020,2.7,Valkyrie,4,10,3497,18
9-5-2020,5.57,Horizon,6,6,3784,6
28-6-2022,13.92,Bloodhound,9,10,4198,2
2-4-2019,3.09,Valkyrie,10,9,5094,4
15-7-2022,1.3,Mirage,0,1,245,6
20-8-2019,9.23,Mad Maggie,1,2,781,20
6-9-2020,10.82,Caustic,2,9,2552,18
26-9-2021,14.76,Wraith,4,3,1800,7
30-3-2021,10.17,Wattson,5,8,3773,10
3-12-2021,11.95,Crypto,8,8,4984,10
28-11-2019,25.64,Ash,10,11,5852,11
30-8-2020,3.54,Gibraltar,6,1,1686,15
7-9-2022,18.35,Bloodhound,3,5,2506,3
12-2-2020,11.09,Mirage,6,2,2454,10
27-2-2020,0.12,Pathfinder,3,5,2318,11
21-9-2021,11.75,Octane,4,4,2050,1
10-12-2022,10.05,Pathfinder,5,5,3378,17
26-12-2022,23.6,Ash,8,8,5027,11
12-2-2020,19.1,Valkyrie,5,3,2297,15
24-9-2019,21.66,Caustic,7,6,3250,8
24-10-2020,21.19,Mirage,3,7,3217,1
3-8-2019,27.78,Bloodhound,6,3,2005,20
2-9-2020,29.37,Mirage,8,7,4289,5
18-12-2021,7.26,Octane,5,6,3770,4
19-11-2019,9.26,Horizon,6,12,3672,15
10-7-2019,16.49,Gibraltar,2,1,781,12
1-3-2020,8.61,Mad Maggie,2,5,2091,18
2-11-2020,25.16,Gibraltar,2,6,2552,12
15-6-2020,19.53,Octane,10,8,4723,2
14-5-2020,14.14,Lifeline,5,4,2209,2
8-9-2022,8.16,Rampart,6,6,3160,19
29-4-2022,17.62,Caustic,10,7,5340,5
7-10-2019,14.15,Gibraltar,4,4,2588,9
9-6-2021,14.3,Pathfinder,3,4,2056,9
15-6-2021,12.15,Horizon,3,3,1980,14
10-10-2020,27.99,Pathfinder,6,4,3418,19
10-8-2021,16.54,Bloodhound,6,5,2804,15
29-8-2019,0.61,Caustic,9,5,4911,2
16-12-2020,1.34,Bloodhound,11,6,4832,16
3-11-2020,19.34,Crypto,1,3,1033,8
14-6-2022,13.01,Lifeline,5,2,2763,10
6-8-2020,7.31,Bangalore,2,3,1257,15
8-8-2021,13.12,Bangalore,6,3,3133,4
29-1-2021,16.17,Valkyrie,8,6,3390,15
22-12-2021,7.79,Mirage,6,8,4282,5
1-9-2020,25.56,Bloodhound,14,10,8889,19
14-11-2022,22.4,Mad Maggie,1,6,2420,19
29-6-2022,18.23,Revenant,5,2,2439,7
18-10-2022,24.29,Bangalore,7,3,3446,19
4-10-2019,28.36,Valkyrie,9,4,4866,15
15-2-2022,9.48,Rampart,10,6,5769,3
9-1-2020,5.38,Lifeline,9,5,4785,11
26-5-2020,12.41,Rampart,12,6,5113,17
20-10-2021,29.55,Ash,0,5,1518,5
28-11-2022,11.81,Crypto,2,1,739,4
27-6-2022,7.11,Rampart,2,3,1206,7
13-9-2020,10.63,Lifeline,4,4,1944,12
3-5-2019,22.84,Caustic,5,12,4523,10
26-1-2021,28.81,Wattson,7,9,4441,17
3-2-2022,19.54,Pathfinder,8,14,8478,14
3-7-2021,15.96,Caustic,1,2,1080,6
26-3-2022,24.16,Bloodhound,2,4,2226,18
12-3-2020,5.71,Mad Maggie,6,2,2793,13
17-12-2021,1.29,Wraith,7,7,5372,12
8-4-2020,26.03,Gibraltar,6,5,3805,7
3-1-2021,3.73,Lifeline,9,9,6778,12
6-3-2019,20.75,Pathfinder,8,9,4809,16
1-7-2019,18.63,Wraith,2,3,1953,3
29-9-2021,8.08,Ash,4,3,2044,16
17-8-2021,10.11,Horizon,7,3,2706,16
15-6-2019,21.69,Gibraltar,7,7,5616,7
23-9-2020,6.05,Ash,4,5,2264,18
11-3-2021,10.79,Wraith,8,5,3641,17
20-9-2021,24.29,Mirage,6,8,1950,15
29-3-2020,16.44,Horizon,1,0,215,3
11-3-2019,19.92,Ash,2,6,1078,2
13-5-2020,26.43,Bloodhound,4,7,929,14
12-8-2021,5.23,Mirage,5,3,1546,20
13-4-2021,17.09,Mad Maggie,5,7,663,15
11-3-2021,20.59,Mad Maggie,5,8,1549,15
26-2-2021,29.27,Wraith,6,7,1627,20
31-5-2021,11.17,Crypto,1,8,1053,16
3-3-2020,22.49,Caustic,4,2,708,8
21-5-2019,22.07,Valkyrie,2,8,1081,16
24-3-2022,25.29,Octane,6,11,2168,17
29-8-2019,29.03,Wraith,6,6,1002,2
29-1-2021,5.51,Revenant,6,7,1126,20
8-12-2019,0.54,Rampart,8,7,2713,2
28-4-2019,27.57,Gibraltar,1,7,1380,2
24-3-2021,27.23,Revenant,2,2,871,13
26-7-2019,20.52,Lifeline,6,4,860,7
30-11-2019,11.75,Pathfinder,5,5,1487,20
3-6-2022,19.7,Horizon,4,4,1677,9
17-11-2019,11.58,Mad Maggie,7,5,1776,8
7-5-2019,18.29,Valkyrie,10,6,1304,11
3-9-2021,14.66,Horizon,4,0,1024,11
6-1-2021,12.7,Bangalore,3,4,531,14
24-8-2020,4.72,Horizon,8,5,1224,10
15-8-2021,14.91,Horizon,5,7,2620,18
11-10-2021,26.57,Mad Maggie,5,8,2822,10
20-3-2020,8.29,Bloodhound,6,6,2478,13
26-7-2020,19.71,Mad Maggie,10,14,2748,19
22-7-2020,15.27,Gibraltar,6,1,1376,8
14-7-2020,26.1,Horizon,2,1,501,13
8-7-2022,26.52,Revenant,6,5,2617,11
14-3-2020,27.79,Mad Maggie,8,6,2151,16
7-9-2020,14.41,Wraith,4,7,2227,5
1-10-2021,21.15,Lifeline,12,11,4019,15
15-11-2021,26.08,Pathfinder,12,10,2925,20
15-4-2019,29.98,Ash,6,3,2115,4
10-7-2021,3.62,Crypto,2,6,740,18
31-12-2019,23.67,Gibraltar,4,4,1853,4
19-10-2020,8.02,Wattson,5,3,1385,15
15-1-2021,29.37,Wattson,7,10,3096,9
11-12-2019,1.64,Wattson,7,5,2512,3
26-7-2020,17.23,Wattson,9,6,3487,13
25-4-2019,27.28,Octane,1,9,1014,2
4-7-2022,13.08,Horizon,2,3,593,7
21-4-2019,10.59,Mad Maggie,8,6,2988,4
28-3-2021,17.61,Ash,3,10,2121,7
13-6-2019,24.71,Valkyrie,5,9,1726,1
10-6-2020,1.58,Rampart,5,6,1441,9
19-11-2020,9.77,Horizon,6,7,2945,4
24-6-2019,18.44,Mirage,0,1,155,19
10-1-2021,11.94,Octane,2,1,784,20
15-4-2020,14.65,Valkyrie,2,4,1255,10
25-6-2019,9.9,Wattson,3,3,667,14
25-11-2022,3.16,Wraith,10,6,2676,5
8-10-2021,12.52,Mad Maggie,10,5,1900,16
27-6-2019,24.78,Horizon,11,14,2767,19
18-3-2021,18.17,Pathfinder,3,3,1522,14
22-3-2019,16.87,Wattson,2,1,461,16
26-12-2019,15.51,Lifeline,5,5,2082,9
17-1-2021,21.31,Pathfinder,5,5,2151,4
23-8-2022,16.17,Rampart,4,7,2446,1
5-11-2019,9.4,Pathfinder,7,5,3346,14
27-2-2020,15.06,Bangalore,7,7,2878,15
1-12-2019,18.4,Caustic,4,3,1182,18
6-8-2021,17.46,Pathfinder,2,3,1040,5
31-5-2021,5.17,Horizon,2,2,716,16
2-11-2019,14.76,Wraith,4,9,2211,3
10-1-2021,8.43,Bangalore,8,5,3253,8
2-3-2019,1.6,Wraith,9,12,4575,14
3-5-2022,3.49,Bangalore,9,14,4676,19
14-9-2020,1.1,Revenant,4,5,2403,8
4-3-2019,8.25,Mirage,9,4,2932,16
13-3-2022,15.8,Pathfinder,3,3,1386,9
17-2-2020,25.37,Valkyrie,9,9,3150,10
28-4-2022,14.16,Gibraltar,5,12,3969,12
3-11-2019,5.19,Octane,5,8,3163,13
9-4-2020,3.96,Mirage,6,11,3970,4
13-8-2022,16.51,Caustic,6,4,2932,13
15-1-2021,1.24,Bloodhound,5,3,1401,14
29-5-2019,14.41,Rampart,3,9,2722,19
21-10-2020,11.29,Valkyrie,5,12,4546,1
8-3-2020,21.7,Caustic,4,5,2282,12
7-11-2019,13.78,Lifeline,6,5,2663,6
18-8-2021,3.76,Octane,12,8,5753,2
8-3-2021,9.45,Horizon,3,1,1117,14
2-4-2019,29.98,Gibraltar,2,1,549,18
8-11-2020,27.43,Wraith,9,3,1892,3
14-8-2022,26.79,Pathfinder,3,3,1260,15
1-6-2022,20.5,Wattson,5,7,3097,19
28-9-2021,11.07,Revenant,7,8,3857,7
30-7-2022,9.06,Rampart,10,7,3061,19
10-11-2022,21.51,Horizon,1,2,534,8
10-2-2022,21.12,Mad Maggie,5,9,4043,3
10-11-2022,8.74,Pathfinder,2,6,2004,19
10-12-2022,14.69,Pathfinder,3,3,1623,6
7-11-2021,14.85,Caustic,12,4,3108,10
6-7-2022,21.41,Lifeline,9,12,6401,12
1-1-2022,10.64,Wraith,14,6,6035,4
7-9-2022,29.25,Wattson,3,8,3185,8
