1-12-2022,25.71,Mad Maggie,4,6,1849,9
4-11-2021,28.58,Bloodhound,2,1,379,15
21-4-2019,26.11,Gibraltar,6,8,1192,10
17-1-2021,19.21,Bangalore,4,8,2014,4
21-2-2022,12.66,Revenant,7,7,887,4
26-11-2020,18.53,Pathfinder,5,7,1273,20
15-12-2021,25.02,Mad Maggie,7,7,906,1
3-5-2021,21.8,Bangalore,4,0,305,6
2-12-2019,12.31,Gibraltar,2,3,846,15
1-6-2021,5.47,Revenant,2,2,833,6
21-2-2019,25.77,Horizon,5,3,1368,15
18-7-2020,9.5,Octane,5,4,1472,19
28-9-2019,1.99,Fuse,5,6,1818,5
23-8-2019,1.89,Revenant,8,8,2072,2
15-5-2020,16.38,Bangalore,1,3,593,5
12-6-2022,1.15,Lifeline,3,2,1026,9
21-9-2019,23.74,Wraith,3,7,1690,19
4-4-2021,9.26,Pathfinder,8,3,1230,13
25-1-2022,24.97,Pathfinder,7,6,1667,4
1-12-2022,14.84,Fuse,10,7,1821,6
28-9-2021,18.46,Bloodhound,15,8,1983,10
22-3-2021,13.14,Pathfinder,4,4,997,16
8-11-2020,0.87,Bangalore,10,1,2407,5
1-6-2019,22.32,Octane,4,4,1155,16
16-9-2022,26.61,Gibraltar,6,4,1431,20
12-11-2022,12.73,Crypto,7,5,1349,14
28-4-2020,27.88,Lifeline,6,6,1839,6
1-11-2021,12.36,Lifeline,12,6,3556,4
16-5-2021,1.05,Lifeline,3,2,768,6
30-1-2020,21.22,Bangalore,6,3,1259,4
22-4-2019,2.09,Octane,2,5,975,10
29-12-2019,6.13,Octane,9,3,1341,5
23-7-2020,23.13,Crypto,4,12,3660,11
28-6-2020,13.45,Octane,12,8,4766,6
7-3-2022,7.31,Octane,6,6,2653,13
19-7-2019,1.0,Pathfinder,4,4,1955,14
12-5-2022,9.22,Octane,3,3,767,20
22-8-2021,11.92,Fuse,2,4,585,15
13-9-2021,18.39,Revenant,4,4,1419,11
26-10-2021,6.93,Bangalore,5,9,3311,9
7-6-2022,26.44,Mad Maggie,6,5,1462,13
16-10-2021,23.91,Crypto,6,11,3046,8
31-12-2021,19.24,Octane,2,5,698,3
21-9-2022,26.09,Pathfinder,1,3,692,1
21-5-2021,25.45,Wraith,2,12,1611,10
8-12-2021,11.87,Bangalore,5,3,900,7
10-3-2020,22.91,Fuse,9,6,3107,15
1-12-2020,5.59,Bloodhound,11,7,4061,12
4-11-2021,9.42,Octane,7,7,2067,1
17-8-2020,3.73,Octane,2,8,1955,3
17-12-2020,27.28,Bloodhound,8,1,2391,19
16-8-2021,12.29,Horizon,6,8,3229,13
29-10-2019,18.65,Gibraltar,4,4,1635,18
16-9-2019,11.32,Bloodhound,4,4,1803,16
16-7-2022,4.22,Gibraltar,9,7,3900,2
25-12-2019,21.71,Bangalore,7,7,1537,7
6-9-2022,16.19,Fuse,2,7,961,2
6-12-2019,4.51,Pathfinder,2,1,348,10
17-9-2020,11.92,Revenant,2,7,2068,9
12-12-2020,29.83,Gibraltar,3,13,1811,10
15-10-2021,22.83,Fuse,8,4,2011,19
22-1-2021,27.7,Horizon,8,5,2236,2
11-10-2022,14.79,Revenant,11,7,3171,6
7-4-2020,1.62,Gibraltar,0,1,204,5
22-10-2019,12.77,Pathfinder,4,3,1862,9
1-10-2020,10.15,Wraith,2,3,1075,8
20-3-2022,8.83,Octane,7,11,4209,13
12-1-2021,6.43,Horizon,6,7,3203,10
17-2-2020,14.75,Bangalore,5,6,1920,14
16-10-2022,4.89,Bloodhound,12,7,4165,5
29-12-2020,15.12,Bangalore,6,5,3026,1
21-8-2020,23.22,Octane,6,2,1829,9
27-2-2022,15.68,Bloodhound,3,4,1291,11
18-2-2022,1.86,Bloodhound,3,5,1731,7
22-11-2021,24.22,Wraith,6,5,2287,18
10-5-2021,24.55,Crypto,6,8,2708,17
11-9-2020,24.79,Octane,16,12,6647,10
22-2-2019,2.91,Gibraltar,0,8,1198,14
16-12-2022,19.95,Pathfinder,1,2,614,1
3-11-2020,0.83,Lifeline,5,2,1045,13
6-12-2020,4.72,Crypto,4,4,2080,11
23-11-2020,24.89,Pathfinder,4,5,1569,13
6-7-2022,10.16,Horizon,5,5,2088,17
18-4-2022,17.91,Mad Maggie,8,8,2978,17
16-2-2022,17.42,Horizon,4,1,1139,9
31-12-2022,4.02,Bloodhound,3,4,2026,14
5-1-2022,8.01,Mad Maggie,2,6,1736,12
26-10-2020,23.78,Gibraltar,7,8,3976,17
29-8-2020,10.06,Pathfinder,4,10,2332,18
14-3-2019,6.01,Bangalore,6,9,2529,1
21-7-2020,25.55,Lifeline,13,7,3488,16
26-11-2019,6.25,Gibraltar,1,0,228,7
27-7-2021,5.77,Bangalore,2,1,550,14
8-1-2022,26.89,Gibraltar,9,4,3629,15
2-6-2022,15.72,Lifeline,9,5,2967,16
11-3-2020,25.07,Octane,6,10,4290,2
20-2-2022,1.58,Bangalore,10,10,5269,3
6-3-2019,6.32,Gibraltar,6,9,3866,10
28-9-2020,1.06,Bangalore,0,3,589,12
25-5-2022,9.79,Gibraltar,2,1,569,6
15-8-2019,11.22,Mad Maggie,7,9,2506,6
17-7-2020,26.72,Lifeline,9,4,4036,1
30-8-2022,13.55,Wraith,6,4,1662,9
14-4-2022,20.65,Horizon,10,5,2524,4
26-7-2020,14.56,Bangalore,7,10,2717,7
4-7-2020,8.78,Gibraltar,3,1,1005,17
14-7-2022,7.06,Bloodhound,1,3,991,4
23-5-2020,11.5,Bangalore,3,2,902,2
28-12-2020,28.02,Gibraltar,6,3,2511,2
17-4-2020,28.15,Octane,10,7,4552,8
30-1-2020,29.4,Gibraltar,6,6,2461,19
26-6-2019,7.73,Wraith,7,6,2880,11
11-6-2021,25.56,Octane,6,5,2685,6
31-12-2020,18.87,Bangalore,2,1,887,9
3-3-2021,25.54,Gibraltar,4,4,2038,14
8-7-2020,3.96,Bloodhound,6,7,2513,9
29-11-2019,26.92,Revenant,8,5,3732,3
3-8-2019,15.05,Pathfinder,8,7,3234,11
9-8-2022,17.52,Bangalore,12,8,5184,9
19-7-2022,19.62,Mad Maggie,2,1,989,5
11-4-2022,18.53,Lifeline,8,5,2837,11
6-12-2019,7.97,Bangalore,7,2,2681,2
23-5-2020,4.73,Lifeline,7,4,3077,11
8-4-2022,15.04,Bloodhound,10,12,5839,5
15-5-2020,20.0,Mad Maggie,9,5,2903,19
3-9-2019,18.53,Wraith,10,6,3886,15
10-1-2020,9.14,Bangalore,2,0,586,13
1-8-2022,20.17,Horizon,2,10,3889,18
1-8-2022,14.1,Mad Maggie,3,2,1027,1
30-6-2021,18.18,Horizon,5,5,3185,20
14-8-2020,10.92,Octane,6,9,3166,3
1-12-2021,6.66,Bangalore,5,5,2866,19
24-3-2022,1.43,Crypto,12,8,6264,19
25-4-2021,4.82,Mad Maggie,1,1,447,8
13-5-2021,22.31,Revenant,1,4,1239,6
15-4-2019,6.76,Octane,3,6,3072,15
3-2-2021,26.24,Pathfinder,3,12,3241,9
21-12-2020,11.94,Bangalore,9,4,4576,4
8-12-2020,14.06,Revenant,8,5,2605,18
23-2-2019,6.13,Wraith,7,6,2825,7
30-5-2020,16.02,Fuse,0,1,248,3
20-5-2019,25.21,Octane,8,3,2498,2
7-6-2019,2.22,Horizon,4,4,2180,15
23-2-2019,11.32,Crypto,6,8,3402,14
12-10-2019,13.54,Revenant,5,6,2273,6
24-5-2019,15.29,Revenant,6,7,3328,17
28-7-2022,25.2,Lifeline,8,10,5564,11
3-11-2020,4.79,Mad Maggie,0,1,251,7
27-12-2022,16.34,Mad Maggie,2,7,2872,3
6-6-2022,7.55,Lifeline,4,4,1620,3
24-1-2021,14.44,Octane,6,5,2315,7
12-1-2020,8.23,Bangalore,7,10,4160,12
25-5-2021,3.44,Lifeline,8,6,3836,2
17-10-2022,3.31,Mad Maggie,12,7,4219,12
22-7-2021,22.32,Revenant,0,0,0,4
26-2-2020,20.3,Bloodhound,5,10,4445,7
20-6-2019,25.85,Mad Maggie,7,3,3175,14
5-3-2020,2.38,Pathfinder,3,7,2193,5
4-7-2021,29.72,Wraith,9,6,3779,2
22-4-2021,10.41,Gibraltar,9,11,6254,17
11-7-2022,14.84,Bangalore,11,11,5413,20
20-9-2019,21.65,Revenant,2,3,1084,3
3-5-2022,4.2,Mad Maggie,1,9,2529,16
20-4-2020,20.6,Wraith,3,7,3176,6
17-5-2022,0.15,Pathfinder,3,3,1619,11
7-3-2021,23.69,Lifeline,8,6,4375,16
16-10-2021,28.0,Mad Maggie,7,11,5465,14
19-11-2022,18.86,Fuse,10,8,5553,13
12-1-2022,27.76,Pathfinder,5,5,2809,13
5-11-2019,26.51,Gibraltar,2,10,3602,5
21-7-2021,24.88,Lifeline,7,10,5788,18
15-5-2019,9.78,Bangalore,5,5,2334,11
8-7-2021,16.19,Wraith,4,9,4594,10
16-3-2022,26.67,Octane,7,12,6059,19
14-9-2022,16.32,Octane,12,12,6613,2
26-8-2021,26.02,Lifeline,1,4,1795,20
22-9-2022,8.38,Mad Maggie,2,1,1007,11
25-9-2021,1.32,Bloodhound,4,3,2271,3
20-2-2019,29.12,Crypto,4,9,3726,8
11-6-2020,27.94,Revenant,8,7,5117,4
24-9-2020,4.25,Wraith,6,10,5913,19
7-6-2019,6.15,Horizon,6,7,4576,16
7-8-2020,19.85,Pathfinder,0,1,308,13
11-3-2019,29.45,Horizon,4,5,3225,15
14-10-2019,17.26,Bangalore,5,6,3886,17
25-1-2022,19.25,Bangalore,8,7,4123,7
30-10-2020,19.13,Gibraltar,7,6,3792,8
10-7-2020,23.71,Octane,9,9,6183,2
2-1-2021,13.5,Pathfinder,6,6,4581,14
22-3-2022,16.61,Lifeline,4,3,2018,10
26-1-2020,28.17,Wraith,2,6,2768,9
7-7-2019,8.86,Crypto,2,6,1975,7
26-5-2019,14.84,Octane,12,4,4351,20
24-6-2019,24.25,Mad Maggie,7,7,3595,1
17-12-2021,27.19,Lifeline,12,6,5534,3
31-3-2022,5.02,Horizon,6,14,5023,1
10-6-2019,21.97,Fuse,8,1,2756,17
15-4-2021,10.95,Bangalore,7,2,3164,7
15-6-2021,29.99,Bangalore,6,12,4655,12
13-11-2021,0.28,Mad Maggie,8,4,4625,19
26-9-2020,13.93,Lifeline,9,10,3470,16
7-12-2019,3.16,Pathfinder,14,6,1968,19
6-1-2020,11.2,Bangalore,12,8,1545,10
19-1-2022,13.27,Gibraltar,4,2,1186,7
21-1-2022,15.05,Horizon,2,4,394,1
20-7-2019,15.39,Crypto,2,3,734,13
10-4-2020,24.53,Lifeline,7,4,966,5
3-10-2022,5.7,Mad Maggie,6,4,1914,16
24-5-2020,20.72,Bangalore,7,7,2396,10
21-9-2021,3.58,Gibraltar,14,13,5641,1
6-3-2019,16.67,Bloodhound,4,0,519,14
15-3-2022,11.34,Pathfinder,3,5,1235,7
14-10-2020,21.27,Horizon,3,2,628,11
31-8-2020,20.14,Octane,6,8,1726,8
30-6-2021,3.37,Bangalore,8,4,2394,5
25-2-2020,15.74,Bloodhound,7,6,2474,1
18-9-2020,23.97,Octane,6,6,1893,1
28-4-2019,4.5,Bangalore,4,1,1102,14
8-10-2020,11.76,Octane,1,10,1105,16
28-7-2020,10.91,Octane,2,2,363,19
29-6-2019,2.51,Lifeline,3,3,725,4
1-9-2020,7.03,Revenant,9,4,2536,15
4-10-2021,16.18,Lifeline,5,8,2715,13
19-7-2022,0.11,Crypto,6,11,2660,19
25-3-2020,29.64,Lifeline,1,2,650,17
12-4-2021,10.72,Revenant,1,1,271,13
9-5-2021,9.7,Bangalore,9,4,2855,13
6-10-2021,24.03,Gibraltar,12,6,4004,6
1-10-2022,20.71,Wraith,9,7,3587,11
16-6-2021,11.88,Wraith,12,6,2838,19
29-4-2022,10.45,Mad Maggie,9,8,3902,3
11-4-2022,11.82,Octane,0,1,189,11
24-12-2020,28.24,Mad Maggie,1,1,476,20
11-10-2019,9.5,Octane,6,2,1104,9
24-11-2021,5.85,Crypto,5,3,1164,3
14-12-2021,20.38,Bloodhound,5,10,1403,16
9-7-2021,21.48,Wraith,7,6,3059,9
12-5-2019,7.72,Fuse,8,6,2080,18
5-3-2019,26.57,Octane,0,2,244,11
9-3-2022,6.98,Revenant,5,6,2211,15
6-12-2019,14.71,Gibraltar,3,2,1187,7
10-1-2022,6.9,Horizon,7,3,1546,6
23-4-2019,20.5,Bangalore,4,4,1531,13
4-9-2021,9.59,Lifeline,5,7,2477,7
15-5-2019,5.5,Gibraltar,7,13,4355,15
24-9-2019,14.08,Pathfinder,3,4,1696,11
23-2-2019,19.84,Revenant,4,1,1381,7
7-9-2019,23.28,Revenant,3,3,991,14
24-1-2022,9.42,Horizon,4,3,1340,16
24-12-2019,0.5,Wraith,4,7,2633,17
1-12-2019,24.81,Lifeline,10,8,3974,6
23-5-2021,11.73,Bloodhound,6,14,3321,10
6-10-2019,8.98,Gibraltar,2,2,847,11
4-11-2022,4.58,Lifeline,2,5,1537,17
4-7-2019,27.11,Octane,3,2,971,5
22-8-2019,6.01,Mad Maggie,7,4,2128,8
27-8-2022,24.1,Fuse,12,5,3046,14
14-11-2020,11.16,Lifeline,9,6,2836,9
10-4-2019,22.59,Pathfinder,9,10,3786,3
30-5-2022,3.44,Fuse,3,2,650,4
1-11-2020,17.68,Lifeline,2,9,1242,1
14-12-2020,9.54,Gibraltar,2,2,1093,4
27-5-2019,26.05,Lifeline,8,9,3348,12
11-9-2020,17.02,Octane,5,8,3511,15
18-1-2022,12.53,Octane,6,10,2769,15
15-10-2021,22.85,Horizon,10,9,3717,20
25-2-2020,9.14,Lifeline,0,0,0,15
23-11-2020,24.2,Mad Maggie,8,2,1389,14
29-12-2020,29.82,Pathfinder,4,2,956,2
7-9-2021,12.85,Gibraltar,4,5,2233,20
23-3-2020,25.6,Revenant,5,4,2095,12
9-11-2021,25.59,Mad Maggie,6,7,2599,2
14-11-2022,1.27,Bangalore,11,9,3930,6
3-9-2020,9.75,Lifeline,1,1,519,19
13-4-2021,3.13,Revenant,1,3,1089,9
12-11-2019,5.0,Lifeline,3,2,871,8
18-12-2020,7.64,Horizon,6,4,1358,4
27-7-2020,26.39,Gibraltar,5,5,1860,16
14-4-2019,29.4,Mad Maggie,10,8,2574,17
29-5-2020,6.87,Horizon,7,11,4610,10
1-9-2022,19.38,Lifeline,6,3,2085,15
22-5-2022,23.68,Octane,3,8,2468,12
21-9-2019,13.77,Octane,3,8,2603,13
8-6-2021,6.98,Lifeline,5,3,1247,13
19-11-2022,18.01,Lifeline,5,7,3009,7
27-4-2020,26.66,Gibraltar,9,11,4288,11
13-12-2021,28.22,Fuse,10,9,3794,14
9-7-2019,3.17,Mad Maggie,1,0,245,13
17-2-2019,24.26,Wraith,2,3,1469,18
26-9-2020,3.11,Octane,3,4,1810,20
18-9-2020,3.77,Fuse,6,4,2489,16
23-3-2020,4.56,Wraith,11,11,3716,6
11-12-2021,22.01,Horizon,6,10,3352,6
28-7-2020,9.83,Crypto,14,7,5072,7
8-6-2022,6.31,Gibraltar,0,3,479,2
4-5-2020,12.42,Fuse,5,2,2218,5
14-9-2020,23.34,Bloodhound,2,4,1415,19
15-1-2022,16.2,Octane,7,4,1996,14
1-7-2020,9.73,Mad Maggie,4,8,2135,14
2-8-2020,10.24,Bloodhound,8,5,3454,14
3-4-2021,13.88,Lifeline,6,8,2989,18
7-5-2021,10.14,Pathfinder,4,0,863,9
10-5-2019,3.3,Fuse,1,3,1184,4
14-11-2022,22.22,Bloodhound,3,8,1697,4
25-3-2019,21.46,Gibraltar,5,5,2160,8
27-8-2022,7.87,Lifeline,6,6,3747,19
19-12-2020,12.31,Horizon,11,6,4930,1
30-3-2019,24.82,Pathfinder,10,9,4738,14
2-8-2021,0.03,Wraith,4,7,2687,5
7-7-2021,26.49,Crypto,2,4,989,1
23-10-2019,27.19,Wraith,7,3,2295,16
18-6-2021,23.78,Revenant,3,10,3706,11
11-9-2022,25.12,Pathfinder,4,7,2571,6
10-5-2021,10.32,Revenant,5,6,2398,5
21-3-2019,19.1,Fuse,9,6,3406,7
4-6-2019,4.22,Fuse,0,7,1450,9
17-6-2022,8.21,Lifeline,4,6,1957,6
26-1-2022,6.12,Wraith,7,5,2377,4
18-9-2021,6.3,Crypto,9,8,3155,8
27-12-2021,17.58,Mad Maggie,9,9,4356,19
25-3-2022,0.94,Pathfinder,5,5,1751,14
20-6-2022,20.07,Pathfinder,15,8,4712,8
26-3-2022,6.05,Gibraltar,6,0,1961,11
11-5-2020,19.51,Mad Maggie,5,4,1699,10
20-5-2021,11.04,Horizon,4,4,1408,6
19-10-2020,9.36,Mad Maggie,4,4,2080,11
26-3-2019,8.06,Lifeline,4,8,3004,13
27-10-2021,18.64,Revenant,9,10,5367,4
10-11-2021,18.03,Fuse,11,11,6081,7
7-4-2019,11.69,Mad Maggie,0,2,601,12
23-10-2020,4.52,Bangalore,2,3,1112,19
23-5-2021,8.94,Bangalore,2,4,1732,4
6-2-2020,2.59,Octane,6,3,3033,3
27-7-2019,22.74,Fuse,6,8,4759,10
20-6-2020,6.03,Gibraltar,12,7,4960,15
25-4-2020,28.42,Pathfinder,11,8,5330,14
4-11-2020,26.7,Crypto,5,1,1207,12
3-9-2022,10.3,Octane,3,1,1254,2
19-6-2019,2.59,Lifeline,3,2,1197,9
25-10-2021,18.96,Mad Maggie,5,4,2508,3
9-3-2019,1.3,Wraith,8,9,5346,13
11-3-2020,29.16,Pathfinder,9,9,4804,5
15-12-2022,9.7,Fuse,14,8,5748,15
22-2-2019,6.95,Gibraltar,1,0,302,15
1-2-2021,12.3,Horizon,2,7,1905,5
2-9-2021,4.29,Lifeline,3,10,3113,12
21-4-2019,16.46,Revenant,3,4,1885,14
21-3-2022,7.91,Wraith,9,6,5021,3
10-7-2022,19.19,Crypto,10,6,5270,5
20-8-2022,18.1,Lifeline,8,7,3474,14
27-10-2019,7.67,Lifeline,0,4,1164,16
30-5-2021,11.13,Mad Maggie,2,2,1226,5
13-2-2019,6.42,Bangalore,2,5,1899,20
22-3-2022,13.22,Fuse,4,4,2850,18
21-4-2022,19.2,Pathfinder,6,4,3493,12
30-11-2021,28.32,Lifeline,5,12,4885,1
12-7-2022,8.59,Bangalore,12,10,7172,5
25-11-2022,5.06,Gibraltar,6,0,1334,5
26-1-2020,22.15,Fuse,3,3,2037,1
28-9-2022,15.39,Gibraltar,2,3,1676,14
13-11-2020,15.05,Crypto,6,5,3838,15
7-12-2021,2.53,Bloodhound,4,6,3602,2
30-5-2022,12.38,Mad Maggie,10,7,6466,8
5-8-2021,19.32,Bloodhound,9,14,5215,16
6-10-2021,7.22,Wraith,0,1,219,19
13-8-2022,9.35,Wraith,2,1,1035,4
12-9-2020,4.48,Horizon,5,7,2726,2
17-5-2021,26.72,Octane,3,10,4023,13
26-10-2021,25.25,Revenant,4,10,5091,17
24-12-2022,19.7,Fuse,7,6,4494,4
8-1-2022,24.39,Pathfinder,8,6,3980,19
3-12-2021,9.49,Horizon,4,2,2038,8
9-8-2020,5.3,Mad Maggie,1,2,815,9
24-1-2022,14.09,Fuse,4,2,1736,14
12-11-2022,23.76,Bangalore,6,4,3844,15
6-9-2019,12.26,Gibraltar,5,8,3892,8
16-11-2022,19.76,Mad Maggie,8,6,4196,17
16-4-2020,1.53,Octane,10,9,5444,4
8-3-2020,19.55,Revenant,6,5,2825,2
1-9-2019,23.2,Wraith,6,6,4647,4
21-11-2021,2.05,Lifeline,3,3,1838,18
1-5-2022,22.29,Revenant,3,5,2303,17
26-9-2021,6.59,Bangalore,8,4,3198,7
9-1-2021,19.85,Fuse,7,6,4422,8
21-9-2020,1.47,Octane,6,7,4738,13
19-8-2020,1.46,Crypto,1,3,1074,6
2-2-2021,15.47,Fuse,3,2,1266,14
21-4-2022,6.76,Fuse,4,2,1858,18
28-4-2022,8.24,Fuse,9,3,4594,2
15-6-2019,7.64,Lifeline,5,10,5486,20
28-5-2021,7.65,Crypto,13,14,7178,6
6-7-2021,5.31,Crypto,8,6,4470,18
9-9-2021,25.28,Lifeline,6,0,1906,12
3-5-2020,13.12,Lifeline,9,1,3635,11
31-7-2019,2.65,Bloodhound,2,9,3788,12
1-6-2019,21.99,Pathfinder,6,4,3428,18
3-2-2020,26.89,Fuse,6,7,3382,20
10-5-2021,28.28,Lifeline,7,7,4869,17
21-8-2021,14.27,Fuse,7,6,3469,19
24-5-2022,25.14,Bangalore,8,2,3537,16
11-2-2021,1.29,Crypto,3,1,484,13
25-8-2020,19.99,Gibraltar,10,3,910,9
18-9-2019,14.81,Octane,8,5,1585,2
22-2-2019,26.35,Revenant,8,10,1270,7
29-3-2021,26.79,Lifeline,5,12,2134,9
30-5-2022,13.81,Lifeline,6,9,1904,15
10-8-2019,3.56,Pathfinder,3,7,1422,9
13-1-2021,1.26,Gibraltar,2,6,744,2
20-4-2022,0.05,Fuse,5,3,677,16
18-12-2020,26.56,Bloodhound,7,9,2709,2
21-8-2020,2.56,Lifeline,9,9,1503,3
11-6-2021,21.32,Lifeline,9,7,2208,7
29-12-2022,13.19,Revenant,11,12,3807,10
4-1-2020,28.17,Lifeline,4,1,1058,20
8-1-2020,6.05,Wraith,2,2,374,1
22-6-2020,7.18,Gibraltar,2,3,1005,9
5-11-2022,14.68,Fuse,3,5,1164,19
9-2-2021,9.09,Crypto,5,7,1656,3
14-3-2019,13.75,Gibraltar,7,5,2169,9
5-9-2022,27.14,Gibraltar,11,10,2400,13
7-8-2019,28.29,Revenant,3,1,523,6
19-7-2019,11.06,Crypto,4,8,2036,17
21-8-2020,12.59,Fuse,9,4,1665,10
5-11-2022,8.88,Wraith,3,7,1008,7
28-1-2022,16.2,Horizon,12,6,1700,9
26-6-2022,25.49,Horizon,5,7,1683,15
3-4-2022,13.58,Mad Maggie,11,14,5481,17
28-5-2019,17.08,Revenant,4,4,1198,17
23-10-2022,3.15,Wraith,1,6,591,13
9-12-2020,29.66,Bangalore,2,4,684,20
29-11-2020,29.98,Pathfinder,11,5,3605,2
21-2-2022,8.21,Bangalore,4,4,1876,18
5-5-2022,4.51,Wraith,12,9,4186,4
20-6-2019,27.6,Lifeline,7,13,3752,20
6-10-2021,8.72,Mad Maggie,3,4,1496,17
3-4-2022,2.81,Gibraltar,3,5,997,8
28-5-2019,26.09,Fuse,12,3,1593,4
31-10-2020,15.66,Bloodhound,3,3,1141,13
16-12-2021,4.31,Bangalore,5,4,1938,17
20-4-2021,22.13,Pathfinder,9,9,1750,8
9-12-2022,24.37,Octane,10,8,3355,10
5-2-2022,14.23,Bloodhound,3,1,1008,3
10-12-2019,23.53,Horizon,4,8,2075,5
19-12-2020,8.62,Crypto,5,3,856,14
3-4-2020,6.01,Horizon,5,7,1640,1
15-5-2022,23.5,Bloodhound,14,7,4625,14
2-11-2021,8.15,Bangalore,5,10,1862,19
27-5-2019,17.93,Revenant,6,10,2021,2
24-8-2019,4.49,Horizon,0,1,171,19
21-11-2021,20.45,Bloodhound,6,4,1975,11
24-3-2020,12.64,Wraith,8,3,2457,17
2-8-2020,27.75,Mad Maggie,5,3,1730,1
12-9-2021,26.77,Revenant,7,13,3496,5
21-3-2022,1.2,Horizon,6,7,1869,12
7-10-2019,11.61,Pathfinder,6,10,3489,3
18-3-2020,12.57,Gibraltar,1,3,760,3
4-3-2019,3.62,Gibraltar,5,5,2269,7
8-4-2020,19.12,Bloodhound,2,2,567,7
16-12-2021,12.75,Fuse,4,7,2005,17
31-12-2022,10.48,Bangalore,5,7,2494,15
3-5-2020,8.0,Revenant,7,6,2851,19
30-6-2019,26.55,Mad Maggie,8,7,3307,4
28-12-2022,18.68,Octane,4,1,1248,11
17-2-2022,9.04,Horizon,1,9,1812,1
6-9-2021,26.7,Gibraltar,2,3,892,17
12-3-2022,21.5,Octane,6,6,1457,16
13-5-2020,20.39,Revenant,12,6,4858,13
15-5-2020,6.64,Crypto,5,6,1571,11
6-8-2022,21.75,Crypto,12,7,4306,9
29-6-2022,5.72,Gibraltar,2,4,1027,8
18-9-2020,16.15,Lifeline,1,5,999,19
5-12-2021,17.4,Bangalore,6,3,2381,7
29-5-2022,24.0,Gibraltar,3,5,1612,12
6-3-2022,26.37,Wraith,5,6,1880,17
4-2-2021,21.77,Horizon,8,5,2251,17
22-12-2022,22.38,Lifeline,10,10,3551,8
27-11-2019,4.65,Octane,0,0,0,9
20-12-2021,17.54,Octane,1,2,779,17
9-7-2022,10.52,Bloodhound,2,5,1168,7
2-9-2021,15.6,Bangalore,11,8,5352,4
21-10-2021,18.4,Horizon,4,5,1472,3
15-2-2021,1.58,Revenant,5,7,1978,12
13-7-2019,13.32,Gibraltar,6,9,3842,4
15-7-2021,13.49,Revenant,2,1,623,19
17-6-2021,0.67,Lifeline,5,5,1714,12
28-9-2020,17.61,Pathfinder,4,3,1114,8
14-10-2022,21.38,Bangalore,10,11,4746,14
2-9-2021,11.33,Wraith,5,8,2538,5
4-9-2022,24.39,Mad Maggie,10,8,3132,3
23-12-2019,28.61,Bloodhound,12,8,5177,7
5-12-2021,9.9,Crypto,1,0,286,19
10-9-2022,24.57,Lifeline,8,3,2862,5
15-7-2022,27.47,Mad Maggie,6,5,2393,16
16-8-2020,6.61,Lifeline,4,5,1441,5
24-11-2019,21.17,Pathfinder,5,9,2632,9
1-9-2020,2.86,Bloodhound,7,5,2179,8
11-7-2019,13.34,Revenant,6,6,1876,9
22-2-2022,12.76,Wraith,4,6,2633,12
13-10-2019,9.29,Revenant,7,1,2105,16
25-10-2021,5.88,Mad Maggie,4,5,1599,16
26-8-2020,23.45,Fuse,4,4,1332,15
3-3-2021,10.38,Pathfinder,4,5,2519,10
23-6-2022,0.76,Fuse,6,10,3254,11
28-10-2019,19.23,Fuse,8,6,2363,19
15-7-2019,11.45,Lifeline,3,2,1348,4
7-10-2022,27.54,Mad Maggie,7,5,3819,3
17-6-2019,8.16,Gibraltar,2,4,1442,1
2-4-2022,27.32,Wraith,6,11,3171,11
7-8-2021,20.71,Mad Maggie,11,5,5273,11
5-4-2022,26.63,Gibraltar,12,7,5904,17
9-2-2019,24.46,Crypto,8,11,3983,16
21-11-2020,7.78,Bloodhound,1,0,168,10
1-4-2022,22.4,Wraith,4,2,1165,14
28-10-2019,12.1,Revenant,6,2,1987,12
3-12-2020,23.82,Pathfinder,3,9,3017,4
3-9-2020,0.52,Horizon,8,4,3777,5
15-10-2021,15.28,Pathfinder,10,5,3213,18
28-11-2020,17.06,Horizon,16,6,7387,1
26-8-2021,6.16,Gibraltar,1,2,544,4
28-12-2021,13.95,Revenant,1,4,1404,12
31-10-2019,9.42,Octane,2,9,2887,16
26-3-2021,16.72,Octane,4,7,3556,2
26-12-2022,16.54,Pathfinder,4,8,3736,6
20-6-2021,6.67,Pathfinder,6,6,2177,7
25-1-2021,22.24,Pathfinder,7,10,4989,7
28-4-2019,8.81,Fuse,4,3,1839,8
27-10-2020,19.45,Horizon,1,2,559,3
4-9-2022,21.28,Bangalore,10,8,5226,16
12-4-2022,24.95,Bangalore,6,6,3894,12
28-7-2020,18.96,Bangalore,4,5,2254,11
1-1-2020,6.14,Crypto,13,5,4166,9
1-7-2019,1.09,Gibraltar,7,7,4476,2
23-6-2020,12.69,Bloodhound,2,4,1738,14
30-3-2020,4.08,Horizon,7,1,1903,15
1-8-2022,4.23,Gibraltar,4,3,2073,19
11-1-2020,11.87,Lifeline,4,7,2862,13
6-8-2020,24.73,Fuse,7,5,2556,5
15-4-2019,11.26,Horizon,5,7,4072,11
29-9-2021,4.45,Fuse,6,6,2827,7
10-4-2022,28.38,Horizon,9,4,3976,1
29-6-2021,28.89,Mad Maggie,2,5,2131,13
2-11-2022,29.14,Gibraltar,4,2,1808,18
27-3-2020,7.93,Bangalore,4,9,3607,3
17-2-2022,28.6,Pathfinder,9,10,3864,8
3-12-2020,2.65,Revenant,12,7,5205,12
11-9-2022,28.62,Bloodhound,9,11,6832,19
15-3-2022,25.4,Mad Maggie,3,0,1145,1
19-12-2020,16.79,Pathfinder,6,1,2250,4
5-6-2022,10.53,Revenant,8,4,4147,16
4-9-2020,16.39,Pathfinder,4,13,5629,14
15-8-2019,1.96,Pathfinder,9,4,4070,13
26-4-2021,25.52,Mad Maggie,15,9,5918,9
30-3-2020,23.9,Lifeline,12,10,6920,10
18-11-2021,7.56,Crypto,0,5,1591,9
8-10-2022,29.39,Mad Maggie,3,3,1422,18
20-3-2022,18.21,Wraith,3,3,1876,9
19-8-2019,17.1,Horizon,8,7,4428,9
10-2-2019,10.26,Wraith,7,4,2780,14
19-5-2020,13.09,Octane,5,7,3624,9
15-11-2020,29.25,Horizon,11,13,7624,6
22-3-2022,20.81,Revenant,3,1,954,6
22-9-2022,24.97,Wraith,6,2,3050,17
16-4-2020,29.27,Lifeline,12,2,4937,5
1-1-2022,8.32,Revenant,9,6,3544,12
8-9-2022,8.76,Revenant,5,5,3055,4
17-9-2022,8.74,Fuse,6,8,4138,11
6-9-2020,25.56,Revenant,13,8,6737,12
27-10-2022,24.52,Fuse,1,2,803,6
11-3-2021,21.07,Bangalore,3,1,1561,11
14-8-2021,28.05,Bangalore,4,5,2691,5
26-9-2019,1.8,Gibraltar,4,5,3092,6
14-7-2021,20.93,Gibraltar,11,5,5542,1
20-9-2021,28.15,Wraith,8,5,3427,1
18-8-2022,8.95,Horizon,8,7,5668,14
13-10-2022,12.65,Wraith,0,8,2843,7
11-6-2020,3.84,Crypto,5,6,4218,1
6-11-2021,17.26,Pathfinder,2,3,1722,12
25-1-2020,4.57,Fuse,8,6,3541,4
2-6-2019,15.21,Lifeline,5,6,3890,9
16-10-2021,18.39,Bloodhound,5,8,4744,2
27-8-2022,23.68,Lifeline,10,7,5437,4
19-6-2020,3.33,Bloodhound,3,0,739,4
25-11-2021,3.38,Horizon,1,1,496,8
25-6-2021,6.83,Wraith,2,3,1543,17
19-12-2022,9.32,Octane,5,4,3310,4
30-1-2022,5.69,Revenant,8,7,4720,5
15-6-2022,26.47,Mad Maggie,12,5,4545,18
11-9-2020,13.41,Bangalore,6,6,4169,8
31-10-2021,10.24,Wraith,0,0,0,11
8-2-2022,27.04,Lifeline,5,6,2981,9
12-8-2020,6.72,Mad Maggie,2,6,2437,16
27-3-2021,17.7,Gibraltar,5,7,3402,18
31-5-2022,13.54,Bangalore,6,5,2944,4
10-6-2022,13.77,Lifeline,6,5,3232,14
19-10-2021,5.99,Octane,6,7,4896,20
31-3-2019,28.28,Pathfinder,4,5,2461,6
12-2-2019,21.23,Mad Maggie,4,6,3617,13
9-12-2022,22.42,Lifeline,3,8,3489,16
2-9-2021,18.73,Mad Maggie,9,3,3185,10
15-11-2019,15.15,Pathfinder,4,8,3501,2
17-10-2019,2.68,Fuse,8,6,2698,15
19-12-2021,9.0,Bloodhound,8,6,1141,11
14-8-2019,26.98,Wraith,2,2,369,11
10-1-2022,15.07,Bloodhound,6,4,1913,5
17-9-2019,26.26,Bloodhound,4,3,649,7
27-4-2021,21.1,Bloodhound,11,4,1548,19
25-2-2019,20.58,Octane,4,5,1755,16
10-3-2022,27.02,Bangalore,6,10,1409,1
10-11-2022,25.62,Bloodhound,14,8,3003,18
10-1-2022,26.4,Horizon,3,1,910,6
10-4-2019,28.08,Lifeline,3,2,849,2
22-2-2019,4.84,Lifeline,2,7,1590,6
29-7-2022,9.08,Crypto,3,9,2132,13
1-10-2020,29.18,Revenant,10,7,3043,20
24-2-2021,7.13,Crypto,10,12,4126,5
29-6-2019,1.51,Octane,6,6,1608,16
20-4-2022,5.36,Gibraltar,4,0,978,15
23-6-2022,7.47,Bangalore,2,2,290,18
9-9-2021,18.52,Bangalore,9,5,1825,4
1-7-2021,18.52,Wraith,7,4,1537,12
2-1-2021,17.68,Gibraltar,9,10,3408,14
4-8-2022,11.2,Crypto,7,7,1830,15
25-2-2021,2.19,Pathfinder,6,10,3223,12
23-4-2021,15.75,Wraith,5,1,800,11
7-9-2019,21.48,Crypto,2,1,659,7
11-6-2019,29.53,Crypto,2,6,777,6
22-3-2021,7.75,Wraith,3,6,1303,2
5-6-2021,19.93,Bangalore,5,12,3695,1
28-1-2022,27.49,Pathfinder,7,11,2534,17
1-6-2019,1.73,Revenant,7,6,1129,10
9-11-2019,0.98,Revenant,2,2,545,17
3-8-2021,26.01,Bangalore,3,4,624,9
30-8-2022,25.97,Gibraltar,4,2,1105,14
19-7-2020,1.28,Fuse,5,5,909,5
1-12-2022,17.36,Bangalore,4,11,1360,18
16-12-2020,16.07,Crypto,7,6,2661,17
15-8-2022,8.27,Revenant,15,11,4208,6
25-5-2022,8.94,Bloodhound,1,2,490,2
22-5-2020,3.11,Pathfinder,3,5,706,7
20-10-2020,20.69,Bloodhound,4,8,2829,9
28-2-2022,0.63,Octane,4,6,1898,15
20-8-2022,14.29,Bangalore,9,6,2408,4
28-9-2020,16.56,Bloodhound,12,5,2116,17
23-3-2021,18.68,Fuse,13,6,2115,6
9-10-2020,12.71,Fuse,7,4,2610,14
23-11-2022,25.21,Crypto,5,5,1683,17
6-10-2020,0.34,Wraith,3,7,1765,16
27-4-2020,27.57,Crypto,9,7,2533,17
25-12-2022,11.09,Pathfinder,6,5,2048,7
12-11-2022,2.95,Octane,6,5,1237,8
12-11-2022,16.6,Crypto,9,11,2467,10
3-8-2020,6.89,Revenant,3,0,378,12
4-8-2022,24.36,Crypto,7,3,2543,20
10-11-2019,3.21,Bangalore,2,7,2169,11
17-4-2021,26.78,Fuse,9,6,3900,12
19-6-2022,27.28,Bloodhound,12,5,2704,7
18-9-2019,12.74,Wraith,5,6,2835,17
29-4-2021,22.09,Wraith,6,13,3923,11
12-6-2019,22.0,Gibraltar,4,4,1085,13
3-9-2020,19.44,Fuse,2,10,1505,9
26-5-2019,7.64,Octane,6,2,2095,13
18-7-2022,10.02,Wraith,4,4,1361,4
14-12-2019,20.58,Bangalore,9,9,4131,6
3-6-2019,6.18,Mad Maggie,5,9,1816,4
22-10-2021,28.32,Wraith,14,9,3875,5
17-9-2019,18.81,Revenant,1,9,2579,14
3-1-2022,15.35,Fuse,1,3,681,18
8-10-2020,1.08,Bangalore,2,2,1040,6
25-9-2019,9.21,Mad Maggie,5,4,1327,12
10-8-2022,29.28,Bloodhound,7,6,1880,6
26-10-2022,13.25,Bangalore,7,9,2570,5
5-12-2019,6.69,Lifeline,6,12,3492,16
2-11-2019,4.03,Crypto,3,6,1234,16
26-8-2019,1.79,Crypto,3,1,808,5
20-5-2022,26.02,Octane,6,3,1894,15
11-7-2021,27.22,Bloodhound,9,4,2875,10
17-9-2022,16.13,Horizon,5,7,2099,3
15-2-2020,12.08,Octane,5,10,3997,6
4-2-2020,15.25,Octane,6,8,3989,2
3-5-2020,23.27,Fuse,1,2,663,20
20-6-2020,15.95,Lifeline,8,1,2518,12
23-7-2022,29.26,Horizon,4,5,1224,5
9-6-2021,6.96,Mad Maggie,4,6,1853,6
2-6-2022,0.17,Fuse,4,5,1245,5
2-3-2020,1.6,Horizon,12,5,4253,20
16-9-2022,13.8,Fuse,9,6,3555,16
6-1-2021,18.98,Bloodhound,2,0,650,15
21-8-2021,14.84,Octane,2,4,1520,15
11-2-2020,4.11,Fuse,7,9,3032,13
10-10-2020,22.72,Octane,4,8,2190,18
26-7-2020,9.16,Mad Maggie,5,4,1972,6
2-2-2022,2.72,Pathfinder,7,8,4318,6
4-6-2020,22.62,Fuse,7,12,2885,17
7-8-2022,24.52,Revenant,3,2,1395,17
19-3-2022,11.64,Pathfinder,5,1,1657,9
23-5-2021,19.63,Revenant,4,9,2292,14
26-8-2019,24.9,Wraith,3,3,1107,2
2-11-2019,1.73,Mad Maggie,7,9,4160,3
29-10-2022,20.05,Wraith,9,8,2938,9
27-6-2019,22.66,Fuse,12,9,6466,6
26-1-2022,12.38,Wraith,6,3,2533,15
1-10-2020,7.61,Octane,4,3,1762,12
4-3-2022,28.68,Crypto,5,3,1730,1
17-1-2022,5.24,Wraith,3,4,1232,7
29-5-2020,6.89,Fuse,5,5,2323,16
12-5-2021,1.24,Bangalore,7,6,3644,5
3-12-2021,19.54,Gibraltar,10,6,3740,7
30-11-2022,3.41,Revenant,2,4,1248,18
13-6-2019,11.64,Revenant,2,2,761,14
18-1-2021,21.53,Fuse,4,7,2450,8
30-9-2019,29.95,Gibraltar,9,5,4362,2
19-1-2021,20.43,Revenant,12,9,6564,3
23-4-2022,12.36,Gibraltar,14,6,5461,17
14-9-2020,19.99,Lifeline,7,11,3436,6
29-1-2022,4.55,Bloodhound,5,1,1963,13
14-10-2022,1.4,Revenant,2,7,1703,18
26-11-2019,23.96,Crypto,4,2,2046,10
13-3-2019,14.59,Mad Maggie,4,5,1637,16
8-8-2022,22.67,Fuse,4,5,2512,11
20-3-2019,16.0,Fuse,10,12,4392,3
25-11-2020,17.31,Fuse,7,8,4914,3
2-11-2020,2.09,Wraith,1,1,353,6
24-2-2019,12.7,Bloodhound,4,4,1871,13
29-10-2020,26.15,Octane,2,6,2569,7
14-8-2020,10.2,Mad Maggie,6,4,2536,17
22-12-2021,4.34,Gibraltar,8,6,3746,2
10-3-2020,25.52,Fuse,6,5,3707,10
1-7-2019,8.59,Crypto,9,6,4517,1
12-8-2019,16.42,Fuse,4,0,1041,20
5-1-2020,0.08,Horizon,1,1,616,20
2-12-2022,5.04,Octane,2,4,1589,9
11-4-2020,5.6,Gibraltar,3,4,1854,2
30-3-2022,2.2,Bloodhound,4,6,2570,18
5-10-2020,27.55,Gibraltar,6,10,4121,3
18-9-2022,0.44,Gibraltar,11,7,5434,19
19-3-2019,29.73,Revenant,7,2,2535,18
7-10-2022,15.47,Wraith,2,2,942,15
21-5-2021,13.49,Gibraltar,2,2,1273,4
15-8-2022,3.13,Mad Maggie,3,9,2744,18
18-5-2022,16.24,Octane,11,5,3193,2
20-4-2020,7.84,Horizon,8,9,4253,18
9-1-2021,26.09,Gibraltar,10,13,7795,7
7-10-2022,1.45,Octane,1,3,1025,14
5-3-2021,2.31,Revenant,7,1,2078,13
1-6-2021,22.13,Bangalore,4,6,3213,2
18-7-2021,6.98,Fuse,5,5,3399,2
6-6-2022,15.3,Gibraltar,4,6,2466,5
5-2-2020,18.69,Bloodhound,5,9,3478,18
21-1-2021,11.61,Pathfinder,12,12,5866,8
3-8-2019,29.3,Horizon,1,3,1285,2
13-4-2020,6.29,Gibraltar,1,2,811,12
23-6-2022,1.91,Revenant,6,7,4388,8
21-1-2022,20.9,Bangalore,4,4,2243,2
24-3-2021,29.91,Revenant,9,14,7876,4
2-12-2021,2.13,Horizon,7,8,4333,18
30-3-2019,20.63,Crypto,6,9,3843,16
28-3-2022,14.5,Octane,0,1,201,12
29-4-2019,6.28,Horizon,5,2,2208,13
14-6-2022,22.65,Wraith,2,2,1269,5
24-2-2019,9.87,Octane,3,8,3115,3
17-8-2020,7.7,Revenant,4,4,2404,17
28-11-2022,13.58,Fuse,7,9,4057,8
15-5-2020,19.42,Revenant,8,7,5103,7
12-10-2019,23.1,Pathfinder,1,4,1497,13
25-2-2020,26.23,Revenant,8,3,2597,19
25-8-2021,7.25,Bangalore,7,2,2427,13
13-11-2020,1.67,Mad Maggie,5,8,3575,14
25-4-2021,19.44,Lifeline,4,5,2060,2
16-6-2020,1.45,Octane,5,7,4239,8
18-5-2020,17.31,Gibraltar,6,8,3663,12
13-7-2021,16.19,Bangalore,6,2,2324,13
27-10-2019,16.69,Fuse,1,5,1708,13
14-10-2019,5.61,Wraith,3,2,1576,2
8-5-2022,10.73,Fuse,3,10,3973,5
1-9-2019,23.75,Octane,8,7,5381,7
30-7-2019,16.78,Crypto,10,6,4884,20
18-11-2019,23.08,Gibraltar,10,7,5952,2
15-9-2020,29.41,Wraith,7,5,4003,2
2-3-2022,17.79,Bloodhound,3,4,1663,2
18-3-2022,9.03,Crypto,3,6,2560,8
24-9-2021,0.06,Bloodhound,4,4,2560,10
23-8-2020,13.67,Wraith,5,6,3668,7
5-10-2019,11.86,Horizon,6,5,3098,7
25-12-2022,18.42,Wraith,7,9,6157,4
18-8-2019,4.44,Crypto,0,0,0,9
25-5-2021,20.78,Wraith,2,2,1042,7
2-9-2022,28.83,Mad Maggie,4,2,1949,15
24-12-2019,12.95,Pathfinder,4,6,3688,9
27-12-2022,29.41,Octane,8,9,5801,16
12-10-2022,21.91,Octane,7,7,3996,18
9-9-2021,21.81,Bangalore,11,7,5778,10
14-6-2022,4.68,Bangalore,1,0,388,20
18-12-2022,0.71,Horizon,1,2,1131,7
19-11-2019,0.28,Mad Maggie,4,5,2258,15
20-7-2021,0.49,Bangalore,3,3,1695,2
12-5-2021,8.22,Fuse,7,4,4505,14
24-1-2022,24.69,Octane,5,12,5123,14
9-10-2020,1.34,Wraith,10,9,6033,2
4-5-2022,4.32,Pathfinder,3,0,1038,14
1-8-2022,26.99,Mad Maggie,3,1,1103,8
11-9-2019,25.84,Horizon,6,7,1273,1
21-8-2021,25.72,Crypto,4,7,1710,10
11-11-2022,2.42,Bangalore,8,6,2228,16
21-9-2021,12.71,Mad Maggie,7,7,2770,2
16-9-2019,2.11,Bangalore,13,11,3656,6
28-3-2022,3.63,Bangalore,4,0,994,19
4-3-2022,7.65,Crypto,4,4,944,16
5-2-2021,7.03,Octane,4,3,796,19
20-9-2021,20.99,Mad Maggie,4,5,1737,19
2-12-2022,1.64,Octane,5,8,1673,4
18-10-2021,13.38,Mad Maggie,8,9,2934,8
29-12-2020,28.91,Lifeline,10,9,3434,6
1-1-2022,27.63,Mad Maggie,2,4,549,10
20-10-2021,18.64,Fuse,4,9,1204,20
23-1-2020,7.14,Bloodhound,7,6,1379,13
1-11-2022,21.5,Revenant,9,4,1978,3
7-2-2022,9.12,Octane,13,8,3905,5
30-11-2020,26.9,Gibraltar,9,7,3532,14
22-9-2019,20.16,Bloodhound,10,6,2385,20
4-4-2021,16.11,Fuse,8,1,1951,16
4-2-2021,21.78,Revenant,2,4,790,15
25-9-2022,25.71,Crypto,6,4,2206,10
18-2-2022,6.21,Octane,11,6,3934,18
30-9-2019,8.13,Bloodhound,8,7,1892,8
7-4-2019,25.86,Mad Maggie,9,10,2377,12
1-2-2020,7.94,Bloodhound,6,7,1546,14
14-2-2020,6.89,Fuse,1,7,648,18
1-3-2022,4.53,Revenant,2,7,1098,19
10-1-2020,10.89,Horizon,8,6,2665,3
8-7-2022,1.17,Fuse,3,4,861,15
31-3-2020,14.15,Wraith,4,5,1410,14
19-6-2020,8.76,Revenant,7,5,1142,19
4-5-2022,0.74,Gibraltar,11,14,5771,14
14-9-2019,14.67,Horizon,2,0,214,18
17-3-2021,24.66,Wraith,1,1,200,7
19-4-2019,25.88,Lifeline,4,6,2122,9
1-7-2020,15.45,Horizon,4,5,823,12
20-10-2019,11.37,Gibraltar,11,10,5038,12
4-2-2020,29.2,Gibraltar,6,8,1632,5
13-6-2022,2.92,Bangalore,9,9,3373,20
16-6-2022,4.63,Lifeline,0,0,0,7
24-10-2020,20.96,Revenant,8,5,3220,19
27-3-2020,29.71,Wraith,7,7,3445,13
9-8-2019,13.37,Bangalore,5,3,1308,11
22-10-2019,5.45,Bloodhound,13,5,2338,2
5-4-2019,25.91,Pathfinder,11,14,4824,3
9-10-2022,22.7,Gibraltar,8,7,3055,5
18-9-2022,29.65,Pathfinder,2,2,748,6
23-4-2022,16.87,Crypto,4,1,598,5
13-6-2019,6.01,Wraith,2,4,909,6
15-10-2021,28.66,Bloodhound,5,5,2559,13
12-4-2021,25.68,Gibraltar,5,4,2328,8
4-6-2021,0.49,Mad Maggie,7,5,2076,8
28-8-2019,12.91,Gibraltar,9,10,2618,4
19-6-2021,20.03,Horizon,1,2,725,16
29-9-2021,26.19,Fuse,3,3,1602,10
18-8-2022,17.85,Octane,3,3,1326,15
10-7-2022,17.07,Horizon,8,4,1946,1
10-7-2019,3.64,Lifeline,10,6,3086,16
26-1-2020,23.24,Pathfinder,10,5,2852,3
5-10-2021,3.02,Horizon,6,13,3107,2
29-1-2021,15.23,Gibraltar,3,5,1850,19
27-11-2021,10.66,Wraith,6,2,2135,20
31-10-2020,28.76,Octane,2,8,2286,11
4-9-2019,2.28,Lifeline,3,6,2451,9
3-1-2022,29.57,Bloodhound,5,4,1215,10
15-7-2019,2.77,Gibraltar,6,5,1770,14
20-10-2021,4.0,Mad Maggie,9,10,5260,18
22-8-2021,8.84,Bangalore,1,2,499,4
30-4-2021,2.13,Pathfinder,2,1,695,5
9-8-2021,7.14,Wraith,3,2,1230,16
13-2-2022,11.61,Crypto,5,4,1126,4
16-2-2020,18.98,Horizon,8,6,1844,20
19-4-2020,4.98,Gibraltar,5,6,2007,14
20-10-2020,14.78,Fuse,11,8,3296,6
20-2-2020,0.48,Mad Maggie,1,5,957,19
8-12-2019,8.19,Lifeline,3,1,683,8
6-3-2020,9.05,Horizon,3,8,2112,10
28-10-2022,24.25,Wraith,4,7,2301,2
8-10-2020,7.27,Bloodhound,4,9,2967,19
9-6-2020,21.82,Pathfinder,6,6,3359,13
26-1-2021,5.91,Bloodhound,9,6,2053,4
19-7-2022,20.47,Bloodhound,6,2,1916,7
3-10-2019,20.34,Mad Maggie,1,3,693,15
14-11-2022,22.79,Bloodhound,9,5,2952,4
1-9-2022,1.03,Crypto,5,5,1774,17
2-1-2020,26.83,Fuse,5,4,2326,5
26-5-2020,15.78,Octane,6,7,2114,6
8-6-2022,24.47,Wraith,9,8,4015,17
7-5-2020,12.81,Pathfinder,1,9,1501,1
1-7-2019,25.3,Wraith,4,8,3537,2
18-6-2022,10.39,Fuse,2,3,863,19
14-4-2022,1.09,Bloodhound,3,11,3402,2
19-3-2022,13.16,Fuse,10,6,3007,10
27-10-2021,19.36,Revenant,5,5,2466,19
13-5-2019,14.93,Wraith,13,7,5189,11
29-5-2022,3.78,Fuse,5,1,1706,4
24-10-2020,28.54,Bloodhound,6,1,1641,1
6-12-2021,10.59,Lifeline,7,3,2768,10
22-8-2019,12.5,Fuse,5,3,1647,13
20-10-2022,13.94,Revenant,6,6,1865,9
24-9-2020,22.17,Crypto,6,10,3486,18
30-12-2019,27.21,Wraith,8,7,3315,13
25-6-2020,10.98,Gibraltar,1,0,264,15
14-2-2021,15.93,Lifeline,4,4,1934,10
14-7-2020,28.03,Bloodhound,4,11,2634,8
21-4-2022,1.09,Bangalore,6,7,2639,17
21-2-2019,7.07,Revenant,6,11,4979,15
26-5-2020,25.83,Crypto,6,8,4109,14
18-6-2020,16.27,Mad Maggie,7,10,3842,18
7-11-2022,5.1,Fuse,1,7,2123,12
9-12-2022,25.18,Revenant,2,8,2758,12
12-8-2019,3.83,Crypto,2,5,1709,5
20-9-2022,12.98,Revenant,6,7,3873,2
19-2-2022,18.78,Bloodhound,6,11,5294,8
10-9-2022,24.06,Gibraltar,6,8,4354,16
26-6-2021,29.37,Bangalore,7,11,3513,16
24-5-2021,25.79,Lifeline,0,2,334,1
28-12-2021,28.2,Mad Maggie,7,6,3111,16
29-9-2021,4.85,Bloodhound,4,8,2875,11
17-4-2022,11.54,Crypto,4,5,1729,18
29-5-2022,8.85,Wraith,5,10,4652,16
15-7-2019,12.81,Bloodhound,7,8,4923,19
8-8-2022,24.8,Pathfinder,11,8,6079,15
21-2-2022,23.51,Gibraltar,1,5,1575,7
10-9-2020,6.89,Horizon,4,3,1671,6
6-5-2019,23.98,Bloodhound,3,3,1353,13
5-5-2022,7.64,Revenant,12,6,5456,15
1-11-2022,20.57,Lifeline,8,8,4070,16
21-5-2020,20.48,Crypto,6,6,2965,12
24-7-2022,26.1,Bangalore,14,10,4540,11
1-11-2022,29.61,Mad Maggie,3,4,2353,20
31-3-2020,0.26,Horizon,1,5,1537,18
14-6-2021,11.48,Crypto,9,7,4517,16
27-1-2020,29.83,Horizon,8,4,2492,11
1-6-2020,28.34,Bloodhound,7,8,3474,15
8-1-2020,1.98,Gibraltar,11,5,3224,4
7-5-2021,10.18,Wraith,8,8,4272,7
19-5-2019,29.66,Octane,4,5,2867,12
13-4-2021,26.81,Mad Maggie,2,9,3339,4
17-11-2021,20.96,Revenant,2,3,1607,8
13-6-2021,12.69,Wraith,3,12,3842,3
13-6-2020,22.89,Gibraltar,6,12,5089,3
25-3-2021,20.27,Bangalore,8,10,3666,2
29-6-2021,16.75,Mad Maggie,6,12,3837,10
21-2-2019,13.55,Gibraltar,1,1,705,6
4-8-2022,1.73,Horizon,5,7,3625,2
14-5-2020,23.6,Bloodhound,7,4,3833,10
1-12-2019,10.16,Crypto,4,5,2528,9
1-11-2022,4.98,Gibraltar,7,4,2616,6
9-4-2021,0.39,Bloodhound,8,5,3653,16
6-10-2020,16.55,Fuse,8,9,3945,16
24-7-2020,7.94,Gibraltar,3,3,1880,12
28-3-2019,19.26,Mad Maggie,7,2,2870,2
24-2-2020,14.98,Wraith,4,3,1740,5
8-6-2020,26.28,Horizon,7,6,4767,3
10-3-2019,11.84,Bloodhound,5,5,2989,6
22-12-2022,22.37,Mad Maggie,9,12,6612,7
21-9-2020,29.08,Gibraltar,13,6,5216,18
9-5-2019,4.87,Fuse,8,9,3900,19
23-7-2020,6.42,Wraith,2,2,1020,4
12-10-2019,5.37,Lifeline,4,8,2715,7
23-6-2022,8.56,Crypto,3,3,1784,17
20-7-2020,27.95,Wraith,6,5,3425,4
1-10-2019,18.05,Bangalore,8,14,6470,2
17-11-2019,24.7,Bloodhound,8,8,5931,2
12-12-2019,20.34,Gibraltar,2,5,2130,13
3-11-2021,17.14,Octane,1,9,2458,11
13-9-2022,17.77,Horizon,11,5,3632,10
18-1-2021,18.96,Crypto,4,8,3356,7
7-9-2020,27.67,Bloodhound,8,4,4447,7
19-8-2019,26.47,Bangalore,10,8,5992,8
2-5-2021,9.46,Wraith,9,11,6399,2
18-8-2021,26.08,Crypto,0,3,1020,14
25-4-2022,13.47,Crypto,1,2,772,11
1-8-2022,7.72,Bloodhound,3,3,2171,17
26-2-2021,22.85,Octane,4,4,2626,14
18-1-2022,24.17,Octane,4,12,5759,4
19-5-2020,11.91,Mad Maggie,8,5,4402,10
28-4-2019,27.8,Lifeline,7,9,4833,16
2-4-2022,10.9,Horizon,1,0,359,4
25-12-2021,17.31,Mad Maggie,6,3,2551,8
9-5-2019,23.55,Bloodhound,6,2,2781,15
4-4-2019,0.86,Fuse,3,4,2228,20
30-7-2022,27.58,Mad Maggie,7,14,7918,1
8-7-2019,12.56,Bangalore,10,5,5625,18
18-6-2019,10.23,Bloodhound,12,7,6352,19
28-6-2022,28.51,Revenant,3,7,3435,9
21-3-2021,5.89,Bloodhound,5,8,3462,5
15-2-2021,4.42,Lifeline,7,10,4572,14
14-2-2022,9.61,Fuse,7,8,4350,1
15-11-2019,16.53,Gibraltar,7,10,4867,18
24-11-2022,8.9,Pathfinder,7,9,4226,11
18-5-2022,22.54,Octane,8,8,5335,12
24-11-2022,28.8,Lifeline,2,2,1352,4
14-12-2022,7.52,Bloodhound,4,1,1297,12
20-9-2022,14.68,Wraith,8,8,5896,20
14-12-2021,18.57,Revenant,6,3,2421,2
24-5-2021,5.38,Octane,5,6,3325,2
24-5-2021,0.75,Wraith,8,5,4571,5
30-9-2019,9.94,Bloodhound,9,9,1379,1
26-4-2020,7.76,Bloodhound,4,0,648,3
30-8-2021,18.29,Bloodhound,3,5,1273,17
9-12-2020,13.99,Fuse,2,4,582,13
4-3-2021,10.17,Revenant,4,5,837,20
27-9-2021,14.17,Pathfinder,11,4,1738,5
3-2-2020,1.76,Gibraltar,7,5,1237,3
26-11-2020,9.6,Bloodhound,8,6,1095,17
11-11-2022,16.02,Crypto,1,0,170,14
15-12-2020,9.11,Bloodhound,1,1,211,5
20-1-2021,29.8,Octane,4,7,1604,17
10-6-2019,12.78,Pathfinder,7,4,1599,17
10-11-2021,21.61,Lifeline,4,6,1365,4
19-3-2022,0.79,Pathfinder,5,7,907,17
20-8-2019,20.78,Fuse,11,8,2843,18
13-3-2021,17.48,Wraith,2,2,707,19
26-4-2022,21.28,Lifeline,2,1,587,16
9-4-2022,2.17,Mad Maggie,2,5,543,2
28-11-2022,10.64,Octane,3,8,1379,11
10-9-2020,18.99,Pathfinder,10,6,2290,6
19-10-2019,6.82,Fuse,5,7,1876,18
31-1-2021,4.25,Revenant,8,12,1779,1
3-2-2022,9.78,Octane,2,1,288,1
6-12-2021,2.31,Wraith,10,1,1068,5
22-4-2022,29.39,Revenant,4,7,1023,4
30-8-2020,13.14,Lifeline,3,8,1539,14
12-1-2021,23.4,Crypto,5,8,2152,12
27-6-2022,12.78,Gibraltar,5,6,2619,6
7-4-2020,11.09,Mad Maggie,6,10,2946,19
7-2-2021,10.39,Wraith,0,3,569,3
3-3-2021,3.28,Pathfinder,1,6,1376,10
18-6-2019,19.63,Octane,5,2,918,20
3-2-2020,6.29,Mad Maggie,3,4,1295,16
10-3-2021,3.81,Crypto,10,4,1349,10
12-5-2022,24.22,Lifeline,6,8,2984,2
17-9-2020,9.37,Crypto,6,6,2410,6
24-4-2019,15.49,Bloodhound,0,7,1019,7
18-2-2022,6.28,Bangalore,2,3,573,12
9-4-2022,28.42,Octane,7,11,2267,17
5-8-2020,29.18,Octane,5,5,1395,8
19-9-2022,4.56,Lifeline,4,6,1583,17
7-1-2021,11.45,Revenant,6,6,1719,1
9-2-2020,24.96,Octane,10,8,2241,8
13-9-2022,20.43,Revenant,0,0,0,2
1-10-2019,9.64,Revenant,2,2,416,20
4-7-2022,15.68,Horizon,2,3,673,15
14-6-2021,5.22,Bloodhound,5,3,1382,1
9-5-2022,12.43,Pathfinder,6,6,2949,10
5-7-2020,7.82,Gibraltar,6,8,2195,3
27-6-2022,24.19,Fuse,9,8,3842,11
26-12-2020,26.06,Mad Maggie,4,1,1199,19
4-9-2020,9.23,Horizon,1,6,1117,8
2-5-2021,7.27,Gibraltar,9,3,2738,16
26-4-2020,10.28,Gibraltar,11,6,2766,1
16-5-2022,17.09,Lifeline,4,6,2497,9
25-3-2020,24.18,Horizon,10,6,3221,14
11-10-2022,26.14,Wraith,11,9,3160,18
14-5-2021,6.93,Fuse,7,6,2160,1
6-4-2020,6.86,Lifeline,1,7,1942,11
11-4-2022,10.39,Bangalore,4,2,1210,10
10-10-2022,25.71,Pathfinder,5,4,1562,8
23-3-2021,25.76,Lifeline,6,5,1329,6
12-11-2022,13.07,Wraith,6,6,1628,3
3-3-2022,11.47,Revenant,7,8,3905,2
30-3-2019,23.83,Pathfinder,2,9,2305,13
26-5-2019,23.36,Bangalore,5,4,2326,7
23-12-2020,12.32,Fuse,7,2,1285,2
25-10-2022,24.8,Crypto,8,8,2651,13
5-4-2021,23.52,Pathfinder,5,6,2062,14
9-10-2019,25.11,Fuse,9,5,2466,3
18-3-2022,6.62,Gibraltar,13,6,4208,8
15-5-2021,19.15,Crypto,4,5,2177,3
17-10-2020,28.32,Horizon,2,4,1373,12
1-5-2022,6.25,Bloodhound,3,3,1531,14
1-10-2019,22.15,Wraith,13,4,4650,18
11-7-2020,19.13,Octane,6,10,4256,1
2-10-2020,12.08,Horizon,10,9,3932,11
18-9-2020,14.7,Wraith,6,7,3534,15
12-1-2020,7.42,Crypto,2,0,344,6
28-11-2020,25.64,Octane,1,6,1726,9
19-5-2020,20.1,Pathfinder,4,9,3035,8
17-3-2020,26.74,Bloodhound,5,6,2815,7
23-6-2020,28.11,Wraith,9,11,3226,3
6-8-2020,27.67,Octane,8,12,3484,4
14-10-2019,4.25,Gibraltar,14,10,4080,16
27-12-2022,25.19,Gibraltar,9,4,3462,15
25-2-2019,22.39,Crypto,6,7,1892,16
5-2-2020,25.96,Bangalore,4,9,3555,12
13-11-2022,8.84,Octane,7,4,2831,6
5-12-2021,24.52,Wraith,5,10,4011,18
29-4-2021,3.78,Bangalore,6,7,2766,13
15-1-2021,3.46,Gibraltar,6,9,3058,6
22-11-2019,4.67,Bloodhound,6,1,1661,13
19-12-2020,4.97,Revenant,3,5,1450,14
28-7-2022,0.74,Bloodhound,8,2,2731,7
15-9-2020,27.19,Pathfinder,8,5,3111,18
28-11-2022,8.9,Bangalore,4,4,2386,18
3-8-2021,15.24,Bloodhound,6,12,3680,17
23-7-2021,1.82,Fuse,7,11,4075,4
29-5-2019,10.61,Mad Maggie,0,3,674,8
9-5-2020,24.24,Revenant,3,2,995,17
10-6-2020,23.06,Horizon,3,6,1457,2
12-11-2020,27.36,Octane,6,4,2189,18
9-5-2021,11.49,Gibraltar,7,11,4044,13
13-7-2019,23.15,Revenant,7,10,4883,7
5-8-2020,25.51,Bangalore,13,7,6024,12
29-4-2019,23.59,Revenant,3,1,1186,6
13-2-2022,22.46,Fuse,7,2,2169,10
14-6-2022,1.7,Bloodhound,2,6,1422,6
8-9-2022,17.45,Fuse,3,6,2581,13
10-7-2020,26.13,Crypto,5,8,2988,16
23-2-2020,22.67,Pathfinder,6,13,3952,1
29-3-2022,12.93,Bloodhound,10,7,4716,12
30-8-2022,1.26,Mad Maggie,2,0,702,12
6-4-2020,26.45,Bangalore,8,3,3426,2
29-3-2021,17.05,Pathfinder,4,6,2424,7
6-6-2022,8.99,Pathfinder,4,3,1240,1
11-6-2019,0.9,Horizon,9,4,2469,13
26-1-2021,28.16,Octane,7,12,3902,19
27-4-2021,15.91,Horizon,9,10,4909,16
14-2-2019,9.16,Lifeline,3,0,938,1
1-9-2022,9.39,Gibraltar,1,1,431,19
2-5-2020,11.9,Crypto,2,7,1790,20
1-3-2021,25.07,Crypto,7,7,2664,9
25-6-2022,29.26,Pathfinder,5,4,1639,2
28-5-2020,9.02,Wraith,10,9,4903,7
6-1-2021,2.21,Pathfinder,7,6,2561,12
8-10-2019,21.0,Gibraltar,3,0,918,8
8-7-2019,12.3,Pathfinder,6,2,1637,13
19-5-2021,0.91,Lifeline,6,6,2209,11
10-8-2020,3.71,Pathfinder,3,6,2991,7
13-9-2021,7.12,Revenant,4,4,1923,4
25-5-2022,10.58,Lifeline,7,6,2459,5
30-11-2021,8.45,Wraith,6,10,3978,16
29-3-2019,16.66,Lifeline,1,1,536,3
26-12-2021,23.87,Revenant,2,7,2890,17
8-3-2022,19.11,Revenant,5,7,3426,20
3-8-2021,3.8,Gibraltar,10,4,3971,16
22-5-2021,3.76,Crypto,6,4,2759,12
20-4-2021,24.79,Crypto,8,12,5687,6
9-7-2020,3.53,Gibraltar,10,11,6510,19
14-10-2020,6.57,Fuse,2,4,1142,10
1-7-2020,17.4,Revenant,2,8,2437,8
10-5-2022,3.8,Lifeline,10,7,6045,10
13-11-2022,15.84,Gibraltar,5,4,3055,6
1-9-2019,7.28,Bangalore,6,4,2515,8
25-9-2020,9.89,Pathfinder,5,5,2240,17
20-4-2022,6.28,Gibraltar,13,9,5378,18
20-8-2021,4.24,Revenant,3,6,2810,7
16-7-2019,8.65,Octane,2,2,1394,13
15-10-2019,17.24,Crypto,2,6,1763,12
29-5-2021,28.65,Pathfinder,5,3,2105,7
5-9-2021,22.38,Bloodhound,4,12,5538,19
4-8-2020,15.25,Revenant,6,12,4303,1
6-2-2020,3.9,Bangalore,10,7,5450,6
24-3-2021,23.12,Wraith,5,1,1362,6
5-12-2021,3.86,Mad Maggie,5,6,3130,8
22-4-2021,7.49,Crypto,3,5,2498,8
11-2-2020,12.51,Pathfinder,6,4,2327,19
14-2-2019,7.31,Crypto,7,8,4778,2
28-1-2022,22.41,Fuse,11,5,3506,1
18-9-2022,3.36,Wraith,10,8,6508,4
5-9-2020,6.93,Fuse,5,1,1384,2
23-4-2020,16.1,Wraith,2,1,1155,19
3-12-2022,25.54,Mad Maggie,5,4,2427,18
25-9-2022,9.86,Gibraltar,4,4,1981,17
27-12-2022,4.36,Octane,6,5,3345,12
31-10-2019,26.8,Mad Maggie,16,9,8777,19
20-9-2021,17.34,Horizon,9,9,4625,15
29-4-2022,14.14,Wraith,1,7,2099,3
15-1-2021,28.94,Pathfinder,3,3,1379,8
19-2-2022,0.73,Crypto,4,2,1922,19
3-11-2022,0.8,Wraith,4,3,2099,16
24-9-2020,0.76,Pathfinder,9,4,4036,20
31-1-2020,0.06,Mad Maggie,5,12,3845,20
14-5-2022,14.94,Horizon,6,10,4129,18
14-6-2022,23.59,Crypto,6,1,1867,1
14-5-2019,9.19,Bangalore,4,3,2534,1
27-5-2022,25.75,Lifeline,3,6,3163,19
6-9-2019,21.88,Fuse,5,5,3757,1
17-5-2019,16.87,Pathfinder,9,4,4844,9
7-11-2020,12.15,Pathfinder,8,12,6182,9
7-9-2022,26.81,Revenant,8,7,4321,12
17-11-2020,28.6,Horizon,11,0,3853,3
1-10-2019,0.73,Bangalore,1,5,1924,18
9-11-2022,3.92,Gibraltar,2,3,1306,19
20-1-2022,6.57,Gibraltar,3,5,2941,5
16-6-2019,3.46,Revenant,5,4,3382,2
23-9-2020,17.56,Wraith,7,7,5517,12
13-11-2021,7.07,Lifeline,6,6,3568,17
1-7-2021,3.55,Horizon,4,2,2379,1
16-5-2022,22.15,Wraith,2,2,1390,8
1-11-2021,25.1,Gibraltar,4,8,3345,3
20-3-2019,14.0,Bangalore,4,9,3895,7
5-1-2022,11.61,Horizon,4,5,3103,12
11-1-2021,9.07,Crypto,8,10,7189,5
27-4-2020,9.7,Bangalore,6,8,5336,3
21-3-2020,26.75,Revenant,0,5,1399,2
28-1-2022,17.4,Bangalore,2,4,1830,16
17-11-2020,12.33,Mad Maggie,9,4,4515,6
4-1-2022,9.9,Bangalore,3,3,733,15
15-3-2020,8.86,Octane,12,4,2545,5
4-5-2021,1.63,Bloodhound,8,5,2558,10
24-8-2021,26.79,Pathfinder,11,8,3073,5
10-12-2022,5.28,Revenant,2,0,347,16
8-3-2021,2.58,Crypto,6,4,765,11
28-5-2021,24.93,Octane,5,5,1531,2
28-12-2019,23.74,Gibraltar,3,4,436,20
27-4-2021,25.61,Gibraltar,9,11,1918,12
29-12-2020,29.79,Crypto,10,9,2476,5
14-10-2019,10.84,Pathfinder,11,8,2736,9
22-9-2020,17.68,Gibraltar,0,5,934,15
31-12-2021,20.57,Fuse,2,2,312,17
22-8-2020,18.02,Wraith,3,3,807,13
6-12-2019,14.96,Gibraltar,5,12,3441,12
4-1-2020,7.31,Mad Maggie,4,8,2428,14
19-7-2021,6.06,Bangalore,11,10,2797,18
30-5-2022,0.29,Pathfinder,8,15,1697,14
14-3-2019,13.61,Revenant,2,1,273,10
28-4-2020,15.47,Octane,3,1,943,20
12-7-2022,25.96,Pathfinder,11,5,2496,18
14-5-2021,28.78,Bloodhound,7,3,1363,20
2-7-2020,3.01,Lifeline,7,4,2528,6
11-7-2019,27.11,Bloodhound,8,6,1761,11
24-1-2021,1.12,Octane,11,8,3017,5
16-12-2022,9.54,Bangalore,0,0,0,14
13-7-2019,12.55,Gibraltar,6,1,1635,9
21-6-2022,14.11,Crypto,3,11,3100,10
20-11-2020,28.39,Lifeline,7,5,1079,3
18-12-2021,23.9,Bloodhound,5,6,2602,18
29-8-2019,12.14,Horizon,10,6,3125,2
23-2-2021,10.48,Bangalore,6,8,2635,10
12-9-2021,3.59,Bangalore,1,1,466,4
29-1-2020,3.65,Revenant,1,6,619,5
16-3-2021,16.92,Revenant,3,2,1062,20
17-8-2019,21.81,Gibraltar,13,8,3637,11
30-1-2022,22.4,Fuse,4,7,1667,14
3-2-2020,27.99,Revenant,10,10,4644,11
18-7-2021,8.29,Mad Maggie,9,8,2342,3
26-12-2022,10.38,Octane,3,3,1498,10
1-5-2019,22.16,Mad Maggie,2,2,513,17
12-12-2021,23.49,Horizon,4,2,1492,15
29-1-2021,19.0,Gibraltar,5,12,3303,3
8-9-2022,16.65,Crypto,6,10,3824,3
8-2-2020,27.39,Octane,5,8,2436,14
25-9-2021,20.1,Pathfinder,6,7,2754,19
30-9-2020,27.28,Mad Maggie,1,0,283,9
10-6-2020,8.33,Crypto,8,4,2119,9
20-5-2020,23.55,Wraith,3,4,1154,7
21-10-2020,2.12,Lifeline,3,10,2678,13
2-5-2021,26.69,Horizon,10,6,3150,18
25-10-2020,20.68,Lifeline,11,6,3394,13
23-1-2020,27.77,Gibraltar,9,10,3550,3
21-12-2021,9.3,Mad Maggie,0,4,910,8
13-9-2020,28.67,Fuse,2,3,677,14
16-11-2021,28.86,Gibraltar,3,5,1037,15
17-8-2022,28.25,Mad Maggie,3,4,1227,8
27-1-2020,12.52,Mad Maggie,6,4,1279,15
18-10-2019,7.3,Crypto,5,9,3090,18
19-11-2020,22.27,Fuse,7,11,2272,17
12-10-2020,5.31,Pathfinder,8,3,1711,19
25-12-2020,7.65,Wraith,1,1,256,13
25-11-2021,7.78,Fuse,3,2,694,8
25-7-2022,23.47,Lifeline,6,5,2126,1
3-1-2020,28.83,Crypto,11,6,4079,10
5-10-2021,27.29,Horizon,8,7,2815,13
24-2-2019,13.49,Crypto,6,10,2262,13
13-2-2021,11.49,Horizon,0,0,0,5
10-7-2021,27.52,Pathfinder,9,5,2666,3
18-2-2022,1.92,Mad Maggie,4,2,1085,20
25-1-2020,25.83,Fuse,3,7,2386,17
21-3-2022,14.01,Wraith,6,6,2012,13
21-11-2020,3.16,Lifeline,5,5,1925,19
15-8-2021,27.91,Crypto,9,7,4622,18
24-8-2019,21.46,Pathfinder,4,6,2738,13
12-10-2021,24.4,Pathfinder,1,9,2084,15
9-4-2020,23.56,Revenant,6,2,1428,9
14-7-2022,19.05,Octane,3,10,1936,19
22-11-2021,27.77,Lifeline,6,4,1361,8
29-1-2021,28.3,Pathfinder,9,7,4157,15
24-8-2021,16.74,Fuse,8,10,4826,19
7-12-2020,5.44,Crypto,7,1,1871,18
7-10-2021,25.85,Horizon,2,3,1205,6
18-10-2020,29.99,Crypto,7,5,1666,14
8-2-2020,19.7,Lifeline,5,5,2921,4
16-2-2020,13.73,Gibraltar,4,4,1403,11
18-2-2022,28.55,Pathfinder,7,5,2546,9
14-6-2020,10.55,Bangalore,6,7,3131,14
18-2-2021,15.22,Fuse,1,4,1119,13
28-2-2019,5.01,Bloodhound,1,6,1362,15
17-12-2020,3.3,Mad Maggie,2,2,762,11
23-12-2019,17.57,Horizon,4,10,2781,17
30-10-2022,3.2,Revenant,10,4,3031,1
7-7-2022,24.85,Gibraltar,6,5,3301,12
9-1-2022,11.46,Mad Maggie,8,7,4074,6
14-8-2021,9.89,Wraith,0,7,1458,20
9-3-2020,9.84,Fuse,3,3,1879,1
26-10-2019,10.24,Horizon,2,2,912,12
21-5-2019,23.38,Octane,11,4,2547,12
16-8-2020,23.44,Pathfinder,12,5,2924,17
12-9-2021,23.39,Bangalore,6,8,2267,8
8-4-2019,4.32,Pathfinder,8,9,3103,4
7-12-2020,16.65,Fuse,5,2,2212,3
10-2-2021,25.21,Horizon,3,6,1835,1
19-12-2019,18.26,Mad Maggie,3,4,1589,6
1-6-2021,17.12,Pathfinder,4,4,2269,16
9-2-2022,9.81,Revenant,8,9,3093,7
6-4-2022,8.36,Pathfinder,8,5,3499,19
9-5-2019,13.88,Fuse,7,6,3418,12
6-12-2022,13.3,Crypto,4,10,2478,8
30-5-2019,24.25,Bloodhound,2,3,1427,9
28-10-2019,7.85,Bloodhound,3,3,1828,4
23-7-2021,13.88,Octane,8,6,4001,5
7-4-2022,16.41,Revenant,11,7,5644,8
10-8-2021,21.31,Crypto,6,11,4697,2
25-5-2019,26.34,Horizon,8,7,4669,16
22-7-2022,5.87,Wraith,0,0,0,8
31-12-2020,14.79,Wraith,5,3,1993,11
14-1-2021,6.5,Revenant,2,6,2064,5
2-8-2021,8.89,Bangalore,3,9,2456,9
17-5-2022,12.54,Fuse,5,7,2709,19
2-11-2021,28.27,Bloodhound,10,7,5457,19
8-9-2020,10.65,Bloodhound,9,12,4012,1
31-10-2020,17.13,Horizon,7,4,3739,19
20-9-2019,26.67,Pathfinder,4,4,2246,14
13-2-2022,13.69,Gibraltar,3,4,1942,17
12-4-2020,3.56,Octane,9,3,4184,7
27-1-2022,29.35,Wraith,6,6,2404,20
27-4-2022,29.54,Mad Maggie,11,12,7461,1
15-8-2019,18.83,Fuse,6,13,3674,9
9-5-2021,8.17,Pathfinder,4,1,1019,5
21-10-2021,24.28,Crypto,6,2,2371,18
10-7-2019,9.09,Crypto,2,2,1082,14
10-3-2019,3.75,Gibraltar,5,4,1931,19
3-2-2022,22.68,Bloodhound,7,7,4096,1
15-1-2022,16.76,Octane,7,6,2788,14
9-6-2022,13.75,Pathfinder,6,9,3568,4
22-7-2022,4.49,Revenant,0,1,211,18
26-8-2022,27.05,Pathfinder,6,7,3200,4
12-11-2019,6.05,Mad Maggie,5,5,2780,16
18-6-2019,10.51,Gibraltar,3,3,1825,3
4-4-2022,18.59,Wraith,6,6,3449,2
19-4-2022,19.2,Fuse,11,5,4622,5
7-6-2021,20.84,Pathfinder,8,7,3012,16
18-11-2019,24.61,Bangalore,2,3,1059,20
2-3-2021,4.53,Bloodhound,8,3,2444,4
23-2-2020,23.36,Pathfinder,3,5,2198,14
24-9-2019,6.42,Mad Maggie,7,3,2397,18
23-6-2019,21.52,Pathfinder,4,7,2459,13
28-6-2021,28.06,Octane,8,6,3325,15
3-10-2021,10.32,Fuse,15,6,5702,1
2-4-2022,6.58,Bangalore,6,3,2271,8
19-12-2020,17.81,Wraith,2,3,1543,6
24-2-2020,22.0,Pathfinder,3,9,3818,6
29-4-2019,13.16,Bangalore,12,7,5878,13
30-8-2021,0.54,Gibraltar,5,5,2316,2
22-4-2019,5.11,Gibraltar,9,5,4300,19
26-11-2019,21.23,Fuse,6,13,5836,6
1-6-2022,21.21,Pathfinder,3,4,1798,6
26-1-2022,3.7,Bangalore,4,5,2750,6
19-3-2021,10.23,Pathfinder,4,3,1656,7
2-12-2022,22.29,Pathfinder,6,4,2494,20
23-12-2019,16.12,Bloodhound,4,11,5301,19
11-9-2019,5.46,Wraith,9,13,5220,17
10-7-2022,12.95,Horizon,6,6,3474,14
23-10-2019,23.78,Wraith,2,3,1165,9
1-4-2021,13.9,Crypto,2,1,727,5
12-3-2022,14.35,Mad Maggie,2,2,1187,11
30-12-2019,23.77,Pathfinder,13,10,6660,10
29-4-2022,25.87,Wraith,5,6,4031,7
27-3-2021,6.22,Bloodhound,14,11,8255,4
10-3-2019,27.29,Revenant,10,6,3907,2
12-6-2021,13.8,Revenant,1,5,1607,13
29-9-2022,1.37,Gibraltar,1,5,2138,13
20-12-2020,21.16,Fuse,6,3,3528,18
5-8-2020,25.85,Crypto,7,5,2896,20
21-5-2019,16.8,Bloodhound,4,7,3714,9
16-4-2021,24.37,Gibraltar,12,6,5828,6
12-1-2020,28.42,Horizon,7,9,4402,16
14-8-2019,27.01,Lifeline,2,4,1659,14
10-11-2022,20.49,Bloodhound,7,1,1927,1
2-7-2022,2.02,Revenant,2,2,1474,15
21-2-2020,12.49,Bloodhound,4,4,2356,13
30-4-2019,9.18,Crypto,4,9,4936,14
30-6-2020,18.12,Gibraltar,6,7,3939,16
15-9-2019,2.91,Mad Maggie,12,6,7040,18
22-5-2020,13.98,Crypto,6,3,2637,13
8-10-2021,14.63,Pathfinder,3,7,3910,5
31-10-2019,15.82,Wraith,4,3,2564,13
8-8-2019,13.92,Pathfinder,8,8,4503,14
17-11-2019,29.79,Octane,7,5,4531,3
1-7-2021,7.43,Pathfinder,5,9,5479,20
20-1-2022,6.71,Horizon,8,7,4632,15
15-10-2020,26.41,Lifeline,7,2,3127,3
23-9-2019,2.88,Crypto,1,1,508,3
22-11-2020,15.78,Revenant,4,4,2817,6
29-3-2022,7.69,Gibraltar,4,6,3807,20
27-12-2022,4.99,Lifeline,4,5,3414,2
16-8-2019,17.29,Bangalore,6,9,4443,12
24-2-2022,5.73,Crypto,12,11,6168,19
6-5-2022,28.22,Wraith,0,3,193,8
29-8-2020,14.47,Revenant,2,4,733,1
24-7-2022,25.99,Pathfinder,5,5,859,5
23-9-2020,4.01,Pathfinder,4,3,1153,9
14-3-2022,22.69,Octane,4,9,1769,11
25-11-2021,26.52,Bloodhound,6,15,1671,4
13-9-2020,26.81,Horizon,10,10,3878,11
28-3-2019,15.29,Lifeline,1,5,996,8
7-8-2020,25.43,Fuse,1,4,570,19
17-9-2019,16.31,Bloodhound,7,4,1905,15
11-6-2020,25.39,Octane,4,6,1818,6
19-3-2019,2.74,Horizon,4,6,1910,4
1-6-2022,6.65,Pathfinder,5,7,1833,20
5-3-2020,13.9,Bloodhound,6,6,2224,10
22-2-2020,5.88,Pathfinder,2,6,913,15
17-9-2022,27.2,Mad Maggie,2,4,1162,18
6-5-2021,7.36,Lifeline,9,2,2383,7
25-10-2021,18.74,Revenant,8,8,2248,12
11-2-2021,22.86,Gibraltar,7,5,2716,18
25-2-2022,0.2,Bangalore,7,5,1375,17
13-11-2019,26.72,Horizon,7,6,1216,18
2-11-2021,20.32,Mad Maggie,2,1,313,15
18-6-2022,2.72,Revenant,2,10,2088,4
20-7-2019,26.07,Fuse,3,4,856,5
5-5-2019,18.44,Crypto,9,3,1771,3
6-9-2020,2.35,Gibraltar,4,10,2454,11
18-8-2021,29.02,Horizon,7,7,2079,19
12-3-2019,17.69,Horizon,7,8,2305,14
8-4-2021,16.88,Mad Maggie,6,1,1335,2
17-1-2020,7.79,Crypto,1,2,548,3
25-11-2022,25.01,Revenant,3,5,818,14
25-4-2021,26.16,Octane,5,5,1588,20
5-9-2022,15.7,Horizon,4,5,1661,15
17-2-2021,19.34,Mad Maggie,6,8,3234,8
24-11-2022,25.84,Octane,10,9,4116,2
5-7-2022,5.9,Horizon,5,0,1271,7
19-4-2019,0.9,Horizon,3,2,1239,2
3-3-2019,22.05,Horizon,3,2,964,4
6-11-2022,2.14,Fuse,4,3,963,16
20-11-2021,17.98,Fuse,9,5,3557,17
24-11-2019,9.81,Lifeline,5,6,2166,2
26-5-2021,9.14,Wraith,10,6,1921,19
19-7-2022,14.59,Pathfinder,2,6,1329,17
7-12-2021,9.8,Crypto,8,1,1125,14
28-3-2019,23.02,Wraith,7,4,2839,12
2-5-2019,14.45,Octane,5,4,1311,8
1-3-2022,10.52,Bangalore,5,4,953,6
26-4-2020,20.38,Bangalore,9,12,3089,3
24-11-2020,27.56,Wraith,10,14,5341,19
8-9-2022,3.47,Wraith,1,0,255,15
25-12-2022,29.94,Lifeline,2,3,674,11
21-11-2020,3.12,Gibraltar,2,9,2009,8
7-1-2020,3.2,Fuse,9,3,2059,6
3-10-2022,22.78,Wraith,8,5,2038,18
18-7-2020,13.81,Fuse,9,6,1859,6
5-5-2019,9.87,Horizon,6,13,4203,18
26-12-2021,4.15,Revenant,0,1,132,1
19-3-2019,26.11,Lifeline,2,1,578,2
5-12-2019,1.57,Lifeline,7,3,1198,2
30-4-2021,23.57,Lifeline,5,4,1709,6
27-12-2020,24.62,Pathfinder,7,5,3264,8
15-2-2020,14.73,Horizon,8,9,3150,11
24-5-2019,16.65,Octane,10,15,5664,18
25-8-2019,4.15,Bloodhound,0,0,0,10
11-4-2022,13.05,Bangalore,6,2,2109,16
31-8-2021,2.3,Horizon,6,4,2482,11
12-6-2021,29.65,Bangalore,8,6,3684,17
10-6-2021,29.55,Bloodhound,6,8,2447,10
21-10-2019,13.15,Octane,6,8,3041,7
3-9-2020,2.43,Pathfinder,7,6,3552,13
11-7-2021,19.52,Crypto,0,1,167,8
23-7-2019,20.39,Bloodhound,3,5,1203,5
4-11-2019,19.94,Horizon,3,5,2020,16
4-12-2019,28.2,Crypto,4,4,1966,14
9-4-2019,0.13,Lifeline,9,9,4661,18
27-12-2019,28.92,Mad Maggie,7,10,4218,3
6-4-2019,8.84,Horizon,7,7,3957,15
2-7-2021,27.63,Lifeline,3,7,1359,2
17-1-2022,9.38,Lifeline,1,3,784,15
22-3-2022,25.57,Gibraltar,3,4,926,7
13-9-2020,14.23,Fuse,6,5,1487,7
15-8-2021,5.3,Pathfinder,8,4,2954,15
17-3-2019,7.73,Fuse,8,9,3814,8
18-5-2021,17.53,Horizon,7,7,3758,8
11-9-2021,20.0,Bangalore,1,4,1237,4
16-9-2021,29.23,Lifeline,1,4,718,19
21-9-2019,1.97,Wraith,3,2,766,6
2-4-2021,19.3,Mad Maggie,10,5,4085,18
18-2-2021,1.08,Wraith,5,7,2069,5
24-8-2020,17.95,Lifeline,5,7,1966,4
14-6-2021,15.58,Pathfinder,12,10,4825,5
15-7-2021,11.74,Lifeline,6,1,1755,17
7-11-2020,26.94,Horizon,10,2,2752,1
19-6-2021,13.79,Bloodhound,5,6,2572,8
6-8-2021,17.48,Bangalore,4,3,1655,1
13-7-2019,4.58,Lifeline,11,5,3543,20
30-10-2020,14.9,Fuse,9,7,3533,10
21-4-2020,7.74,Revenant,6,8,3558,5
20-9-2019,27.43,Crypto,1,8,1851,6
19-4-2022,24.29,Bangalore,1,3,761,19
3-1-2022,17.4,Gibraltar,3,2,1019,5
11-3-2019,27.57,Bangalore,5,10,3028,15
12-2-2020,26.06,Bangalore,6,5,2401,19
12-11-2020,10.42,Horizon,8,9,4392,4
19-11-2022,25.69,Pathfinder,7,6,3907,17
24-12-2022,6.13,Bloodhound,2,0,399,8
27-10-2022,4.16,Pathfinder,3,1,1024,15
26-8-2022,10.46,Gibraltar,3,5,1773,1
16-5-2021,17.38,Pathfinder,5,4,2186,17
8-6-2020,11.59,Horizon,6,6,2424,20
18-6-2019,16.59,Lifeline,13,7,6567,9
19-5-2020,5.83,Mad Maggie,7,6,3547,16
9-3-2022,8.16,Crypto,1,5,1881,2
10-3-2020,18.68,Mad Maggie,1,3,1130,16
16-4-2020,1.17,Bloodhound,8,9,4821,5
13-10-2019,14.18,Gibraltar,3,4,1370,10
6-4-2020,24.16,Revenant,8,5,3917,17
18-1-2022,12.38,Mad Maggie,5,8,3649,2
27-12-2019,26.15,Fuse,15,8,4037,2
24-8-2022,27.66,Bangalore,2,1,999,20
9-3-2019,20.75,Horizon,6,4,2576,12
4-1-2022,3.81,Fuse,2,5,1935,15
4-7-2021,8.11,Octane,6,3,2245,3
25-1-2021,14.91,Bangalore,12,12,7443,12
30-6-2019,19.27,Crypto,9,6,4097,18
3-10-2021,15.49,Bangalore,7,15,6006,19
2-1-2022,28.05,Bloodhound,7,5,3078,13
22-12-2022,11.66,Bloodhound,4,1,1149,11
20-9-2020,7.05,Revenant,3,3,1103,10
3-8-2020,15.06,Lifeline,4,5,1718,11
27-6-2022,13.9,Gibraltar,5,10,4106,12
29-7-2019,29.7,Gibraltar,8,7,4916,15
29-9-2020,12.44,Mad Maggie,9,9,5511,3
8-9-2022,11.03,Octane,3,5,2313,14
18-2-2020,18.46,Bangalore,9,1,2391,3
19-2-2021,29.55,Fuse,5,8,2885,15
10-7-2021,1.69,Horizon,4,4,2775,20
25-12-2022,10.43,Horizon,4,4,2256,20
15-3-2020,26.25,Gibraltar,9,6,4426,6
10-1-2021,4.14,Wraith,7,11,3661,10
16-4-2020,16.58,Mad Maggie,10,4,3002,8
27-11-2019,4.33,Gibraltar,4,3,2401,14
25-4-2019,16.05,Fuse,3,4,2091,11
10-10-2022,21.03,Gibraltar,4,12,4884,5
27-12-2021,23.83,Revenant,9,4,3884,10
9-4-2019,0.98,Lifeline,9,10,5924,10
10-5-2021,6.04,Bangalore,12,12,6555,12
30-4-2022,13.51,Mad Maggie,1,6,1780,17
3-8-2019,6.77,Bloodhound,7,7,3022,16
9-12-2020,3.95,Revenant,5,4,3199,18
15-2-2021,12.87,Octane,7,4,3852,11
18-7-2019,28.45,Bloodhound,6,13,4215,10
5-6-2020,21.38,Octane,9,5,3853,10
26-4-2021,29.02,Wraith,8,8,3347,17
9-7-2021,0.96,Bangalore,1,3,1335,11
7-2-2021,23.7,Lifeline,4,2,1911,1
13-12-2020,19.97,Fuse,6,8,3774,15
7-10-2020,18.25,Bloodhound,11,4,3766,12
3-5-2022,23.77,Wraith,5,5,2668,8
24-7-2019,27.43,Bangalore,5,5,2402,18
11-5-2021,4.57,Crypto,8,9,4038,19
2-8-2020,13.7,Octane,6,5,3331,1
16-12-2019,17.67,Revenant,7,2,2380,17
10-11-2022,3.34,Fuse,3,6,2616,12
26-10-2021,1.72,Crypto,4,9,4142,5
19-6-2022,2.79,Gibraltar,8,4,3272,8
8-6-2021,26.25,Octane,7,9,5146,18
23-2-2021,16.29,Crypto,14,14,9396,20
24-12-2021,23.5,Horizon,3,2,1782,18
24-7-2022,23.47,Mad Maggie,4,4,2793,15
14-7-2022,1.82,Mad Maggie,8,2,3065,6
1-4-2022,27.65,Horizon,7,6,3189,12
24-7-2019,4.49,Octane,4,5,3225,17
18-2-2021,4.37,Octane,6,5,3173,17
25-7-2022,12.96,Fuse,9,8,5237,1
24-10-2022,29.77,Bangalore,3,7,2601,3
13-6-2019,25.09,Pathfinder,4,5,3161,10
20-6-2020,11.41,Wraith,3,3,2205,7
24-12-2021,1.56,Gibraltar,4,10,4892,13
18-9-2019,28.46,Octane,6,7,4591,3
11-7-2021,27.93,Fuse,6,5,3709,3
1-6-2019,15.65,Octane,7,7,5040,18
9-9-2019,3.91,Pathfinder,0,6,2043,13
5-1-2022,20.47,Mad Maggie,7,2,2563,4
13-6-2021,26.5,Octane,4,5,3487,17
4-3-2022,11.56,Crypto,7,3,3697,9
24-10-2020,12.13,Bangalore,9,5,4965,14
28-5-2022,25.37,Gibraltar,5,6,3229,17
6-5-2022,13.16,Mad Maggie,6,7,4274,20
11-2-2022,22.77,Crypto,0,5,1916,4
6-3-2021,19.1,Revenant,1,3,1478,3
1-7-2019,21.84,Bangalore,7,4,3139,20
10-6-2022,4.88,Horizon,3,9,3788,16
3-11-2020,18.03,Lifeline,6,5,4050,15
21-7-2019,29.74,Pathfinder,7,7,4303,17
20-12-2019,14.24,Gibraltar,9,8,5278,16
7-8-2020,2.31,Wraith,2,5,2827,5
27-2-2020,22.95,Pathfinder,4,2,2068,7
7-10-2021,12.92,Horizon,4,3,2936,5
15-7-2021,3.44,Lifeline,4,5,2573,1
12-7-2021,14.83,Lifeline,8,7,996,4
12-6-2022,21.2,Bloodhound,10,7,1467,11
24-5-2021,22.4,Gibraltar,8,13,3892,19
6-6-2022,24.84,Lifeline,3,1,250,8
11-3-2021,14.29,Bangalore,5,3,460,14
16-11-2022,26.35,Pathfinder,8,8,2004,14
20-1-2020,11.87,Lifeline,7,5,1087,20
7-8-2021,18.31,Octane,4,4,915,20
22-2-2019,22.13,Crypto,9,8,2635,19
14-7-2021,18.09,Octane,8,13,2989,12
23-11-2021,14.04,Horizon,0,7,773,14
31-5-2021,26.07,Gibraltar,7,1,1436,19
2-11-2022,6.39,Revenant,4,4,1517,14
21-7-2022,12.92,Bloodhound,5,10,2618,8
11-3-2019,29.88,Bangalore,6,6,1961,8
2-8-2021,23.59,Bangalore,7,8,2693,9
18-2-2022,1.36,Gibraltar,6,9,1737,7
6-1-2020,25.87,Mad Maggie,1,0,201,1
7-5-2022,23.67,Lifeline,4,2,1439,8
6-6-2019,4.81,Pathfinder,2,9,1205,17
5-11-2020,1.96,Wraith,7,4,1869,13
12-5-2020,29.06,Mad Maggie,9,7,2090,9
29-3-2019,27.02,Bangalore,6,10,1356,6
7-5-2021,29.33,Wraith,8,6,2133,8
27-2-2020,27.66,Pathfinder,1,2,581,3
14-3-2020,0.92,Revenant,1,2,530,3
28-3-2019,5.08,Bloodhound,9,3,2782,17
6-5-2021,8.79,Pathfinder,6,9,3419,17
5-9-2020,15.87,Octane,4,6,2013,3
3-9-2021,8.31,Crypto,5,14,1943,5
30-6-2021,13.56,Octane,9,15,2594,15
3-12-2020,18.2,Fuse,10,0,1228,13
8-12-2019,8.03,Fuse,5,10,3468,4
21-2-2020,24.43,Crypto,4,3,1665,3
29-7-2019,12.97,Fuse,4,6,1135,7
9-2-2020,11.5,Horizon,6,9,2933,4
9-3-2020,7.55,Octane,10,8,2623,19
1-11-2021,12.84,Octane,14,9,5014,20
27-9-2022,17.41,Crypto,3,1,888,8
21-11-2020,12.19,Mad Maggie,2,5,1297,18
4-3-2019,24.11,Horizon,6,5,2588,16
15-3-2020,21.01,Crypto,5,9,2896,11
7-12-2021,4.21,Gibraltar,10,5,3672,2
15-12-2020,13.59,Bloodhound,7,11,3451,12
1-1-2020,25.76,Pathfinder,10,7,3975,15
28-12-2020,15.48,Gibraltar,8,1,956,10
23-2-2019,5.33,Fuse,10,4,2507,19
16-9-2021,27.56,Bloodhound,3,5,1049,11
30-7-2022,21.37,Horizon,3,8,2037,11
1-3-2019,22.11,Gibraltar,9,9,4475,1
20-6-2019,20.5,Bloodhound,5,7,2019,4
22-7-2021,11.16,Crypto,6,6,1662,2
1-9-2019,26.73,Pathfinder,2,1,832,1
8-4-2020,18.8,Lifeline,2,5,1717,3
21-6-2020,29.02,Octane,8,4,1402,15
21-11-2022,0.34,Revenant,6,11,3078,9
6-4-2020,2.98,Revenant,6,6,2051,19
9-4-2020,17.55,Mad Maggie,10,8,2697,14
5-10-2020,12.53,Wraith,7,6,3467,4
1-11-2021,4.26,Mad Maggie,4,0,853,14
9-12-2019,7.57,Gibraltar,3,3,1298,3
28-1-2021,10.02,Bloodhound,2,2,950,18
1-1-2021,28.58,Lifeline,4,10,3627,11
31-7-2020,20.02,Wraith,7,9,2338,15
14-1-2022,1.98,Crypto,9,8,2507,18
4-3-2020,6.37,Mad Maggie,7,6,1565,17
22-3-2022,8.39,Horizon,4,9,2969,18
15-2-2020,0.79,Octane,2,1,766,12
30-7-2019,21.26,Bangalore,5,8,2989,6
9-7-2020,6.13,Horizon,5,10,3405,14
18-9-2022,13.47,Revenant,5,7,2048,3
7-10-2019,13.34,Bloodhound,5,10,2972,14
4-8-2019,7.63,Pathfinder,6,10,2775,12
5-7-2021,12.55,Octane,1,2,454,8
28-11-2019,2.8,Gibraltar,1,5,1130,8
16-5-2019,2.83,Octane,6,10,4221,15
10-1-2021,11.9,Bloodhound,6,5,2050,17
8-10-2021,26.14,Lifeline,5,10,3181,13
16-8-2021,22.31,Fuse,9,13,4747,17
23-5-2020,3.52,Bangalore,10,11,3351,12
9-5-2021,0.7,Bloodhound,3,2,1418,16
12-9-2020,15.71,Gibraltar,2,3,1126,4
31-5-2020,21.96,Gibraltar,9,8,4046,3
12-2-2020,2.47,Mad Maggie,4,6,2069,11
2-10-2019,21.8,Gibraltar,8,10,2789,5
25-7-2020,5.61,Fuse,6,5,2401,1
20-7-2020,6.1,Mad Maggie,12,9,3201,18
26-9-2022,2.19,Pathfinder,0,1,210,13
23-6-2021,23.8,Bangalore,5,5,2391,7
20-12-2019,6.22,Horizon,7,3,1968,19
10-4-2020,11.45,Bloodhound,9,3,2375,16
30-11-2020,17.78,Bangalore,7,12,3207,6
16-2-2021,29.48,Revenant,8,5,2404,3
21-9-2020,8.83,Crypto,10,6,3211,19
1-2-2020,1.1,Gibraltar,3,1,916,5
17-6-2019,11.02,Mad Maggie,1,2,741,14
26-4-2022,23.12,Mad Maggie,3,9,2933,4
21-12-2020,10.54,Wraith,9,7,3395,18
20-8-2022,5.58,Gibraltar,8,4,3431,16
14-5-2021,26.04,Octane,6,13,4967,20
14-6-2022,27.43,Crypto,7,13,3322,1
16-3-2022,7.86,Gibraltar,1,4,1199,1
28-4-2022,28.15,Fuse,3,7,2611,6
27-2-2021,16.33,Revenant,4,3,2090,2
10-9-2019,17.89,Horizon,8,7,2592,14
18-9-2022,19.47,Revenant,4,5,2007,14
24-5-2019,24.84,Wraith,6,10,3302,5
25-3-2020,12.53,Horizon,6,7,2129,16
24-6-2020,10.94,Horizon,0,6,1256,2
20-2-2021,26.8,Bloodhound,4,6,2001,6
7-5-2019,28.89,Gibraltar,4,7,2420,1
10-9-2021,16.23,Lifeline,9,5,2594,6
21-9-2021,7.55,Pathfinder,12,5,3768,13
4-7-2019,13.97,Pathfinder,5,6,2299,14
1-6-2021,27.27,Crypto,12,8,5646,15
29-1-2020,26.11,Fuse,0,0,0,3
19-3-2021,22.08,Revenant,8,2,3439,16
13-4-2021,29.34,Wraith,5,4,2249,14
2-6-2022,4.0,Fuse,3,6,2791,20
26-3-2020,28.13,Fuse,6,5,2737,17
6-6-2019,8.05,Octane,8,6,4644,10
11-11-2019,6.53,Lifeline,7,6,2372,12
28-9-2022,5.18,Bangalore,5,0,1641,20
24-2-2021,19.63,Wraith,3,2,1635,19
3-1-2021,24.23,Horizon,2,3,1187,20
30-6-2020,9.03,Gibraltar,7,5,3934,16
7-4-2019,29.17,Horizon,6,5,2511,1
17-12-2020,16.28,Pathfinder,12,6,5132,4
15-4-2022,19.07,Octane,7,10,4128,19
4-10-2020,23.34,Pathfinder,3,2,1526,19
19-1-2020,17.01,Revenant,1,7,2347,19
11-5-2020,25.09,Pathfinder,11,9,5371,2
26-12-2022,21.99,Bangalore,4,13,3643,6
6-7-2020,5.33,Bloodhound,7,8,3663,2
3-12-2019,10.1,Horizon,5,10,4107,15
24-4-2019,21.19,Octane,10,7,5146,3
27-8-2019,0.57,Lifeline,3,0,1132,17
27-2-2022,17.76,Gibraltar,7,4,2409,4
11-11-2019,27.12,Fuse,3,3,1991,1
22-12-2020,0.73,Crypto,7,4,2583,15
7-7-2021,22.98,Bloodhound,6,8,3710,3
28-6-2019,21.79,Lifeline,10,8,5241,8
12-1-2021,17.42,Bloodhound,7,6,4102,7
12-4-2021,21.27,Bloodhound,1,3,913,18
25-4-2019,8.72,Horizon,6,2,2343,7
13-6-2021,21.43,Lifeline,2,4,1494,8
8-6-2020,26.79,Fuse,8,8,3490,15
25-6-2021,14.69,Mad Maggie,5,5,2669,16
15-7-2022,19.77,Fuse,6,6,4027,8
26-2-2020,3.75,Crypto,8,10,3760,3
17-9-2021,24.85,Gibraltar,2,1,703,5
21-1-2020,24.67,Lifeline,1,5,1210,13
2-3-2021,23.98,Bangalore,6,4,3010,11
5-5-2020,21.76,Bangalore,5,11,3946,18
8-10-2022,0.48,Gibraltar,6,6,2535,9
30-4-2020,5.62,Octane,9,7,5746,19
25-12-2020,29.43,Horizon,8,13,7650,16
15-2-2020,29.23,Lifeline,6,1,1888,16
24-7-2019,2.67,Horizon,2,2,1059,9
20-5-2022,7.58,Lifeline,2,4,1481,4
16-3-2021,18.9,Horizon,13,5,5449,15
7-10-2019,26.08,Bangalore,6,6,4215,18
22-4-2020,11.65,Pathfinder,8,5,4353,1
25-8-2021,3.93,Crypto,7,10,4783,4
23-2-2019,8.28,Horizon,0,3,704,1
28-1-2022,14.61,Lifeline,7,5,3008,7
19-10-2019,3.3,Crypto,3,6,2874,13
30-5-2019,3.54,Bloodhound,11,3,3182,1
17-10-2021,3.67,Lifeline,4,9,4330,18
30-9-2019,10.14,Bloodhound,13,11,5820,15
14-6-2020,13.9,Crypto,7,11,6497,17
22-4-2022,26.81,Pathfinder,1,2,1103,15
24-1-2021,13.81,Horizon,6,6,3672,17
26-9-2021,25.23,Bloodhound,3,3,2255,3
7-10-2019,22.39,Revenant,7,7,3557,10
23-1-2022,14.26,Bangalore,4,5,3132,15
16-8-2020,25.28,Bloodhound,6,6,2836,9
11-3-2019,4.97,Mad Maggie,6,6,4294,7
28-5-2019,7.29,Bangalore,4,1,1473,18
7-1-2022,14.34,Bloodhound,5,1,1610,14
18-1-2021,28.55,Bloodhound,8,4,2841,13
30-4-2020,28.54,Octane,5,6,2646,2
21-12-2022,25.13,Bangalore,11,5,4709,18
6-8-2022,18.83,Fuse,6,7,4097,20
4-2-2021,29.85,Mad Maggie,14,9,8120,3
16-5-2021,15.29,Wraith,6,1,2182,15
21-3-2022,14.74,Horizon,6,9,5692,11
13-4-2022,15.91,Bloodhound,7,10,6311,19
17-3-2019,28.15,Horizon,3,4,2628,4
8-3-2019,28.07,Crypto,7,8,3654,1
30-7-2022,28.35,Revenant,7,6,4691,12
17-7-2022,12.05,Lifeline,10,7,4937,7
28-11-2021,19.46,Lifeline,4,1,1527,18
31-8-2020,13.2,Bangalore,1,3,1056,9
19-6-2019,10.93,Horizon,7,2,2282,12
12-10-2022,4.19,Fuse,4,9,5025,12
26-6-2021,0.11,Bangalore,4,7,3437,13
27-4-2021,13.63,Octane,5,12,5625,13
23-11-2020,7.41,Fuse,7,8,5856,18
11-5-2020,11.93,Lifeline,3,3,1634,11
1-3-2021,11.54,Revenant,3,5,1190,8
6-10-2019,10.74,Bloodhound,2,4,1240,17
21-1-2022,13.27,Lifeline,9,9,3239,11
10-9-2020,20.63,Bangalore,7,11,3620,16
24-4-2021,29.29,Octane,5,8,2623,14
13-10-2022,27.43,Fuse,10,6,1711,14
3-10-2019,25.13,Revenant,6,1,850,18
16-11-2021,4.0,Fuse,2,2,338,9
20-12-2019,14.86,Revenant,6,5,1183,11
2-10-2020,26.27,Mad Maggie,11,9,1801,6
28-7-2021,23.84,Octane,7,8,3234,15
14-6-2021,13.1,Gibraltar,8,8,2672,4
11-3-2019,10.41,Revenant,6,11,2766,3
12-6-2020,18.27,Mad Maggie,1,3,792,16
24-11-2019,5.32,Bangalore,1,1,484,2
18-7-2019,22.49,Lifeline,2,3,993,4
7-1-2020,2.22,Lifeline,8,4,1479,8
18-12-2022,2.7,Bangalore,4,4,1029,6
30-6-2022,23.27,Gibraltar,10,11,2677,10
18-12-2021,10.72,Wraith,10,6,3255,17
4-4-2020,5.56,Lifeline,2,4,803,2
21-4-2019,6.07,Mad Maggie,1,2,365,11
16-10-2020,7.97,Revenant,2,4,871,18
2-4-2020,5.65,Horizon,7,3,922,16
29-6-2020,3.66,Pathfinder,4,7,1803,12
10-10-2022,3.95,Revenant,7,5,1326,18
16-9-2022,14.58,Octane,6,7,2881,2
1-8-2021,6.46,Lifeline,2,5,706,14
22-10-2019,16.26,Pathfinder,6,5,1988,20
29-7-2019,8.82,Lifeline,7,2,1603,18
21-5-2020,15.73,Bangalore,7,3,2444,3
13-4-2022,25.46,Bloodhound,5,11,3250,12
17-3-2021,11.94,Bloodhound,5,8,2579,6
12-5-2020,24.88,Horizon,10,6,3150,6
17-9-2021,8.73,Gibraltar,5,1,565,18
24-12-2020,13.48,Crypto,3,5,978,9
29-5-2020,3.29,Wraith,7,5,2706,15
29-8-2019,19.89,Pathfinder,5,9,2099,3
2-6-2020,22.67,Mad Maggie,6,8,3337,17
27-1-2022,7.15,Wraith,5,6,2425,18
31-5-2019,3.18,Revenant,8,8,2680,2
18-2-2021,4.75,Gibraltar,3,3,1501,5
11-1-2022,29.94,Bangalore,3,2,1189,2
17-1-2021,4.88,Revenant,5,4,1181,10
6-12-2021,1.6,Bloodhound,4,6,1874,17
11-6-2020,4.21,Pathfinder,5,6,1722,5
22-1-2020,27.51,Revenant,6,11,2632,9
25-7-2020,23.03,Gibraltar,7,6,3335,11
8-9-2022,11.77,Pathfinder,8,4,1484,17
21-5-2019,7.85,Bangalore,1,4,1122,16
7-2-2022,3.19,Pathfinder,8,6,3647,9
5-4-2020,24.41,Horizon,11,10,2272,2
11-4-2019,15.01,Bloodhound,7,5,2817,14
12-9-2021,15.03,Wraith,6,9,2434,5
21-8-2022,16.92,Fuse,7,8,3434,8
14-3-2022,11.96,Bloodhound,4,7,1726,1
25-7-2019,23.83,Horizon,3,2,663,20
29-4-2020,7.17,Fuse,8,7,3013,1
16-6-2020,6.7,Bangalore,3,9,2266,18
26-5-2019,19.28,Pathfinder,5,5,1861,13
18-4-2021,15.12,Revenant,5,14,3881,13
19-5-2020,22.73,Revenant,8,8,3902,3
5-11-2019,24.0,Revenant,3,2,627,13
4-12-2022,21.34,Pathfinder,7,1,1445,13
22-3-2021,14.1,Bangalore,6,4,1208,2
9-4-2020,20.76,Octane,11,6,2541,20
9-4-2019,18.96,Wraith,10,9,3307,7
22-3-2019,16.61,Lifeline,10,7,4704,4
25-8-2021,12.22,Bloodhound,6,9,2864,6
11-3-2020,16.06,Pathfinder,1,2,423,19
1-7-2022,17.39,Octane,2,10,1483,4
12-11-2021,6.76,Gibraltar,4,5,1852,10
20-3-2020,0.44,Revenant,5,9,2961,13
21-1-2020,20.15,Gibraltar,4,6,2174,15
29-9-2021,25.7,Horizon,9,9,3715,17
25-10-2019,18.31,Fuse,6,6,2869,14
10-2-2021,8.66,Lifeline,8,0,2422,13
10-5-2022,16.76,Crypto,10,3,2074,20
30-6-2019,15.87,Octane,4,4,1955,10
30-8-2022,29.9,Gibraltar,7,4,3061,11
3-3-2019,28.16,Fuse,9,5,2640,7
15-3-2021,22.59,Mad Maggie,6,9,3458,14
26-10-2020,15.44,Bangalore,8,6,2774,3
3-8-2021,3.54,Bloodhound,4,1,1335,12
2-7-2022,14.71,Octane,2,2,944,20
5-8-2021,26.98,Pathfinder,7,6,2703,4
11-7-2020,7.73,Fuse,4,3,1044,10
31-12-2021,16.19,Horizon,7,7,3739,20
4-12-2020,17.35,Bloodhound,9,5,3672,20
17-9-2020,16.4,Pathfinder,6,10,2362,14
3-12-2021,5.55,Revenant,0,1,196,3
11-11-2020,18.84,Horizon,6,2,2057,17
9-7-2019,23.29,Crypto,5,4,1601,13
22-1-2020,27.04,Bangalore,8,6,3098,13
17-10-2019,0.79,Horizon,4,8,2065,2
4-4-2019,0.2,Mad Maggie,5,12,2763,12
21-9-2019,23.4,Lifeline,6,6,2676,2
20-9-2020,25.62,Mad Maggie,2,1,680,20
17-12-2022,0.85,Bangalore,3,8,1758,9
16-4-2019,1.39,Bangalore,8,3,2401,19
19-12-2019,11.37,Crypto,5,6,3049,4
6-9-2020,17.4,Revenant,4,7,2903,14
10-8-2022,1.83,Bloodhound,7,6,3376,16
19-12-2022,16.86,Gibraltar,7,10,3298,16
29-3-2019,15.06,Bloodhound,1,7,1867,1
24-1-2022,12.38,Fuse,1,3,1153,13
24-2-2022,26.43,Mad Maggie,4,4,1457,14
8-2-2022,10.28,Horizon,7,4,2076,17
14-7-2019,27.01,Horizon,6,5,2074,19
20-2-2019,9.47,Horizon,7,7,2532,13
6-11-2020,26.4,Horizon,8,8,2610,15
25-10-2019,21.03,Octane,3,0,1037,16
14-12-2020,19.9,Bangalore,1,3,1001,12
7-3-2020,15.79,Bangalore,2,3,1544,3
27-11-2022,21.19,Lifeline,7,5,3472,17
17-8-2019,20.44,Octane,5,5,1869,3
11-11-2020,29.47,Bloodhound,14,7,5450,2
30-10-2019,6.73,Fuse,6,7,2666,16
9-4-2019,0.99,Octane,2,0,468,7
14-10-2019,4.28,Bangalore,3,5,2454,12
24-8-2020,16.36,Revenant,6,6,2415,9
29-12-2020,18.27,Crypto,11,6,3302,6
23-4-2019,29.78,Lifeline,13,8,4211,1
6-8-2022,25.44,Revenant,5,9,4009,7
23-10-2022,9.63,Bangalore,6,6,3566,9
4-10-2019,7.79,Pathfinder,8,0,2929,12
2-6-2021,7.34,Fuse,1,3,1084,12
9-10-2021,11.36,Crypto,4,2,2102,14
1-6-2022,21.92,Lifeline,4,4,1975,17
8-3-2021,0.23,Fuse,4,6,1942,1
16-1-2020,2.74,Bloodhound,6,10,4720,4
9-4-2020,14.56,Pathfinder,6,9,5029,20
28-7-2019,10.65,Gibraltar,0,1,299,17
29-11-2021,2.57,Horizon,3,1,1316,20
17-4-2020,10.64,Gibraltar,6,2,1907,16
2-8-2022,26.48,Octane,4,5,1754,11
18-5-2020,17.86,Octane,6,8,4079,10
30-5-2021,20.78,Crypto,12,10,6597,15
26-12-2019,14.15,Fuse,7,7,3668,1
6-3-2021,29.88,Pathfinder,2,0,446,8
29-1-2020,18.45,Pathfinder,1,1,517,20
1-8-2022,12.21,Crypto,3,2,985,6
12-12-2021,1.8,Bangalore,6,4,1982,5
26-6-2021,11.43,Octane,7,9,4927,3
2-12-2021,18.68,Octane,9,7,4163,20
18-6-2020,11.22,Mad Maggie,8,6,2882,18
26-10-2019,15.76,Lifeline,1,5,1825,14
3-8-2020,22.05,Bangalore,3,2,1728,10
20-3-2019,23.51,Wraith,4,4,2128,8
17-11-2020,9.97,Bangalore,4,3,1486,9
28-4-2021,16.82,Lifeline,7,4,3455,3
17-1-2020,17.65,Revenant,6,7,4592,3
8-1-2021,11.36,Bangalore,10,7,5883,1
26-12-2019,7.65,Crypto,2,4,2106,13
10-8-2022,14.39,Bangalore,5,4,2457,19
9-2-2021,16.03,Bangalore,3,2,1557,13
25-10-2022,14.25,Gibraltar,10,3,3238,13
4-7-2020,15.66,Octane,4,4,2051,14
2-9-2019,24.26,Crypto,6,5,2892,2
19-2-2021,27.3,Mad Maggie,7,7,3139,7
19-10-2020,27.1,Lifeline,0,2,477,4
3-7-2022,20.56,Lifeline,2,8,2225,7
14-7-2021,4.36,Mad Maggie,7,4,2421,18
3-6-2019,26.39,Bangalore,10,6,4040,4
19-5-2022,18.0,Bloodhound,6,5,3962,9
2-7-2019,0.36,Bangalore,8,8,4841,9
19-3-2021,14.98,Mad Maggie,7,8,4552,8
23-8-2019,24.32,Gibraltar,2,0,453,14
26-3-2020,16.52,Bangalore,2,1,781,12
3-5-2020,24.68,Fuse,3,6,3267,1
24-9-2022,28.58,Wraith,3,5,2103,4
11-11-2022,14.92,Pathfinder,4,10,4977,4
25-3-2019,16.18,Horizon,7,5,3346,4
3-2-2022,18.74,Pathfinder,7,10,4918,5
27-8-2022,14.64,Pathfinder,4,6,3250,18
22-3-2020,7.27,Gibraltar,5,1,1451,7
23-9-2019,7.67,Lifeline,6,4,3176,12
4-6-2022,2.47,Bloodhound,6,10,3749,3
3-8-2019,5.77,Revenant,4,13,4461,18
16-3-2022,14.15,Octane,7,9,6020,2
18-8-2019,0.35,Gibraltar,6,9,5413,17
11-3-2019,26.9,Bloodhound,4,9,4129,7
19-8-2019,9.0,Fuse,2,1,1046,15
6-10-2021,20.83,Octane,3,2,1233,13
27-8-2021,26.24,Mad Maggie,14,4,7048,1
14-5-2019,28.06,Bangalore,8,4,4505,11
3-12-2021,3.37,Crypto,7,5,2894,10
18-7-2020,14.11,Octane,6,9,4946,15
16-8-2022,7.81,Fuse,0,3,931,4
6-8-2022,19.16,Pathfinder,5,3,2000,3
23-1-2021,25.05,Fuse,9,4,4181,4
2-3-2020,9.54,Horizon,5,7,3503,20
26-2-2022,15.04,Wraith,8,7,5776,1
28-8-2022,27.55,Wraith,10,10,6724,6
12-10-2021,17.93,Wraith,9,10,4799,2
13-10-2021,7.29,Fuse,0,3,979,9
23-7-2020,12.31,Horizon,2,3,1414,2
25-8-2021,29.19,Revenant,3,7,3803,3
25-9-2022,27.31,Lifeline,5,4,3499,9
7-7-2021,2.23,Octane,9,4,3779,16
26-9-2021,0.74,Bloodhound,5,7,1054,5
27-7-2022,15.56,Revenant,8,7,3083,7
5-9-2021,21.54,Horizon,2,6,1171,3
28-11-2019,21.93,Bangalore,2,2,755,7
20-2-2019,0.51,Revenant,7,4,1600,3
26-8-2020,22.98,Bloodhound,4,4,957,1
10-4-2022,17.04,Bloodhound,6,9,2116,1
9-3-2021,28.05,Gibraltar,7,7,1483,17
24-3-2022,0.18,Lifeline,8,6,1775,19
18-7-2022,20.0,Bangalore,1,3,789,14
16-3-2021,25.57,Horizon,3,1,578,10
28-9-2021,15.82,Bangalore,2,4,1113,5
26-4-2022,19.88,Gibraltar,8,6,2749,14
4-5-2021,26.16,Octane,7,8,1738,12
3-7-2019,27.54,Octane,7,5,1607,13
20-10-2022,18.87,Wraith,7,7,1273,12
23-10-2022,12.8,Bloodhound,3,2,420,20
16-9-2021,3.13,Bangalore,5,1,881,11
9-6-2022,29.13,Fuse,2,4,1255,6
22-4-2022,21.65,Lifeline,7,8,2860,7
4-8-2022,6.56,Mad Maggie,9,4,2373,16
9-4-2020,15.71,Bloodhound,5,8,1867,17
9-11-2019,9.89,Gibraltar,6,11,3836,8
18-4-2019,24.9,Bangalore,7,2,1634,16
1-5-2022,22.1,Horizon,7,1,1031,2
25-2-2022,25.4,Pathfinder,2,5,1117,2
19-4-2022,5.26,Revenant,6,3,1628,16
7-8-2021,2.64,Gibraltar,7,11,1711,17
31-5-2022,29.96,Horizon,5,10,2824,7
13-4-2019,26.81,Gibraltar,6,7,1875,6
13-11-2022,20.29,Pathfinder,1,1,170,9
8-9-2019,11.11,Crypto,1,3,852,18
13-12-2022,5.72,Lifeline,5,3,1184,8
23-10-2019,28.26,Octane,4,9,2517,9
30-7-2022,20.34,Revenant,5,4,2008,10
20-8-2022,2.17,Mad Maggie,6,5,2307,19
5-11-2020,7.26,Fuse,8,8,2919,5
20-9-2022,0.3,Mad Maggie,0,1,123,15
23-2-2021,23.42,Fuse,2,1,647,13
27-4-2021,10.75,Wraith,2,3,802,8
10-5-2022,25.98,Lifeline,9,3,2816,10
21-3-2019,21.85,Wraith,9,7,2498,4
12-2-2020,5.67,Fuse,14,6,2593,20
23-4-2020,27.87,Gibraltar,8,11,2791,10
6-2-2022,4.15,Horizon,2,6,792,18
11-2-2020,29.87,Bloodhound,3,6,1935,9
4-3-2020,16.56,Horizon,4,5,1419,5
8-5-2021,5.26,Pathfinder,8,6,1860,8
3-5-2021,22.64,Bangalore,6,6,1342,17
5-1-2022,26.66,Fuse,11,6,2807,16
21-4-2021,18.56,Wraith,7,11,3607,12
17-10-2021,8.16,Octane,1,3,625,2
16-2-2019,6.83,Lifeline,2,3,965,12
1-1-2021,2.18,Revenant,4,4,919,17
9-9-2022,10.43,Lifeline,3,3,819,12
2-6-2019,18.97,Revenant,5,7,2545,7
12-5-2020,2.18,Bangalore,5,6,2826,4
30-6-2020,18.16,Fuse,7,6,2546,1
7-5-2020,15.43,Pathfinder,1,1,265,17
30-3-2022,26.51,Bangalore,5,2,1524,9
6-4-2022,4.31,Octane,3,5,1057,19
20-11-2020,1.72,Wraith,8,4,3199,13
25-8-2021,5.07,Fuse,8,12,2890,1
25-9-2022,19.18,Crypto,5,6,2848,18
23-8-2021,12.59,Bangalore,11,9,3729,18
27-12-2020,20.59,Gibraltar,0,4,554,8
26-10-2020,25.41,Octane,9,1,1802,4
12-5-2019,8.2,Wraith,7,8,2129,3
10-5-2022,1.15,Lifeline,5,8,1680,18
22-3-2019,2.11,Horizon,7,12,4112,8
11-3-2021,16.23,Horizon,6,10,3398,18
5-3-2022,1.83,Fuse,6,13,2906,16
7-4-2022,14.47,Mad Maggie,0,4,604,3
15-10-2021,18.95,Wraith,2,3,813,14
6-11-2021,13.68,Horizon,2,4,1123,5
31-3-2022,14.87,Wraith,8,5,2179,6
23-10-2021,0.59,Fuse,5,5,2784,13
12-6-2021,4.19,Horizon,5,6,1802,7
28-9-2020,0.31,Mad Maggie,9,6,3416,19
12-7-2020,4.03,Horizon,7,0,1367,14
11-5-2021,10.5,Mad Maggie,4,1,1386,14
1-6-2019,21.67,Crypto,3,3,1597,16
7-3-2021,28.83,Mad Maggie,8,4,2354,2
17-6-2019,25.7,Crypto,5,6,1915,6
26-10-2019,0.58,Lifeline,5,5,2511,17
3-6-2020,21.54,Horizon,9,6,4381,14
4-9-2021,3.75,Revenant,6,4,2157,16
5-10-2022,19.3,Octane,6,5,2533,4
27-8-2019,15.04,Crypto,5,3,2151,16
3-3-2021,26.35,Pathfinder,6,6,2374,3
24-11-2020,25.52,Fuse,6,6,2123,2
16-7-2019,13.81,Crypto,11,7,4583,20
21-7-2022,5.96,Fuse,12,13,7380,7
17-6-2019,5.1,Crypto,4,6,1460,13
14-1-2022,7.04,Wraith,1,1,391,2
24-10-2021,4.05,Mad Maggie,3,4,1460,18
21-4-2019,10.35,Fuse,5,3,1519,9
28-4-2022,20.23,Lifeline,6,5,2918,8
30-1-2022,0.0,Lifeline,10,11,5668,3
24-1-2021,25.94,Revenant,9,13,4259,9
6-5-2022,22.87,Octane,3,4,1809,9
4-4-2022,24.91,Crypto,7,3,2932,2
22-5-2021,22.25,Bangalore,9,7,2844,3
10-7-2021,8.69,Revenant,5,4,2698,3
19-5-2022,26.34,Octane,7,5,2422,20
13-4-2019,18.7,Bangalore,6,11,5282,13
4-11-2020,20.43,Fuse,11,7,3658,11
15-9-2021,13.28,Lifeline,1,6,1364,5
15-2-2019,20.37,Horizon,1,8,1442,20
5-9-2022,25.56,Bangalore,3,4,2010,7
21-8-2021,19.54,Octane,4,6,1808,7
17-4-2019,13.48,Horizon,6,7,3241,8
30-9-2020,2.44,Gibraltar,5,9,2893,20
27-4-2022,7.58,Mad Maggie,9,13,5808,3
3-7-2022,27.33,Gibraltar,2,2,1101,5
16-10-2021,13.88,Bangalore,2,8,1997,14
9-8-2019,0.17,Bloodhound,8,2,2348,11
10-10-2021,16.83,Wraith,4,8,2178,14
27-1-2021,16.93,Lifeline,5,4,2376,14
24-10-2021,7.23,Bloodhound,5,6,1937,6
30-10-2019,19.7,Mad Maggie,6,9,3607,10
11-11-2021,21.91,Pathfinder,5,8,2337,14
25-7-2020,2.56,Revenant,5,1,1211,14
25-1-2022,16.23,Bloodhound,2,4,1534,5
20-5-2019,19.12,Revenant,4,3,2071,1
27-5-2019,10.84,Fuse,6,12,4722,2
31-3-2021,10.04,Bangalore,8,7,4016,15
2-12-2021,19.43,Gibraltar,6,6,3363,9
30-7-2019,16.28,Revenant,1,1,586,20
23-10-2022,4.71,Bangalore,6,5,3659,11
26-11-2019,19.83,Mad Maggie,2,7,2856,2
4-3-2020,4.68,Lifeline,4,5,2698,5
21-4-2021,0.23,Mad Maggie,5,7,4075,3
22-10-2022,20.89,Revenant,8,7,4052,8
28-3-2021,23.5,Pathfinder,6,6,2634,19
18-8-2022,29.16,Bloodhound,2,2,1278,17
21-7-2022,24.46,Lifeline,10,3,3722,10
19-12-2020,26.37,Lifeline,3,3,1507,19
13-4-2020,22.52,Fuse,5,4,2349,6
15-8-2020,28.9,Revenant,12,4,5079,17
22-12-2021,10.26,Crypto,5,8,4040,7
19-2-2021,1.68,Bangalore,11,7,3787,2
11-4-2020,27.3,Bloodhound,5,9,4588,16
19-7-2021,8.62,Wraith,1,4,1365,8
11-12-2021,4.06,Bloodhound,8,11,5320,20
2-2-2020,17.91,Octane,5,5,2148,8
21-8-2022,4.09,Lifeline,5,6,3660,16
20-11-2019,24.72,Wraith,7,9,3527,1
12-6-2021,24.58,Wraith,11,7,4815,3
29-4-2020,6.01,Horizon,4,0,1136,1
22-6-2019,2.11,Fuse,1,2,811,4
30-10-2020,24.84,Fuse,2,7,2695,4
6-10-2021,14.47,Octane,6,7,3328,5
21-3-2021,8.27,Gibraltar,10,7,3758,3
12-11-2021,19.44,Pathfinder,7,9,4194,19
2-9-2021,29.82,Horizon,6,11,3845,13
7-4-2022,0.74,Wraith,0,3,786,6
29-7-2020,28.34,Crypto,5,1,1545,15
9-2-2021,8.4,Crypto,4,3,2647,2
21-2-2020,25.42,Wraith,8,6,3393,15
18-4-2022,23.97,Bloodhound,6,5,3602,2
22-7-2021,17.52,Revenant,5,6,3232,15
31-7-2021,14.69,Octane,13,6,7230,6
2-10-2022,20.58,Horizon,1,6,2025,9
29-1-2022,16.2,Lifeline,3,2,1459,11
22-3-2020,15.46,Bloodhound,5,6,3094,3
5-7-2020,26.96,Octane,6,5,2799,12
10-8-2019,18.92,Lifeline,5,5,3108,6
25-3-2022,20.52,Wraith,7,6,3581,18
25-12-2020,14.67,Octane,9,10,6303,1
20-7-2019,28.75,Fuse,3,2,1489,5
3-1-2022,20.62,Horizon,1,4,1526,13
24-9-2019,15.48,Mad Maggie,9,9,6270,7
8-4-2022,28.13,Horizon,10,9,5094,19
16-7-2019,28.46,Wraith,8,10,6223,17
18-3-2019,22.67,Crypto,11,7,6192,4
1-9-2022,20.26,Crypto,9,9,5743,4
23-6-2021,29.31,Horizon,6,3,2334,2
17-1-2022,18.05,Bangalore,7,2,2260,17
23-11-2020,21.19,Octane,5,2,2171,17
30-9-2021,26.85,Gibraltar,4,5,2480,10
13-11-2020,10.87,Octane,4,5,2647,8
30-11-2022,3.26,Revenant,8,5,4028,1
29-12-2020,8.19,Fuse,6,12,4885,11
14-7-2021,14.0,Horizon,3,10,4255,3
26-8-2022,14.24,Pathfinder,1,3,1274,11
13-3-2021,1.64,Bloodhound,5,2,1797,15
25-8-2021,28.5,Bloodhound,3,5,2777,5
16-12-2022,21.77,Octane,14,6,5210,20
30-6-2022,0.11,Gibraltar,9,5,3613,17
12-9-2022,14.89,Lifeline,8,6,5363,1
22-11-2022,8.74,Horizon,3,0,1109,15
23-4-2020,19.56,Horizon,3,4,2600,6
25-1-2022,0.03,Octane,2,2,1343,3
20-10-2022,3.18,Wraith,11,3,4105,14
7-2-2020,24.06,Horizon,7,6,3481,15
7-12-2019,7.85,Revenant,7,8,4886,14
25-9-2022,21.7,Mad Maggie,6,6,3161,17
10-12-2022,16.33,Bloodhound,0,0,0,3
23-1-2020,4.91,Lifeline,1,2,1026,14
25-3-2019,24.29,Pathfinder,4,10,2857,10
28-11-2020,29.06,Crypto,5,4,1823,10
19-2-2021,16.37,Horizon,8,9,3444,7
1-2-2022,4.65,Crypto,12,14,4674,16
29-3-2022,8.59,Gibraltar,10,8,1584,14
31-8-2022,25.51,Bloodhound,2,3,889,14
28-11-2021,4.65,Gibraltar,1,2,636,15
1-5-2019,10.62,Gibraltar,2,2,789,4
21-7-2019,27.75,Bloodhound,5,11,2027,6
18-7-2021,8.8,Bloodhound,4,5,1670,10
5-8-2019,22.19,Octane,7,12,3664,19
4-6-2021,22.7,Lifeline,8,7,2638,4
28-11-2021,5.06,Crypto,0,5,701,20
12-5-2022,16.21,Fuse,4,4,1415,3
8-4-2019,19.91,Bloodhound,3,5,1600,1
7-4-2022,22.81,Wraith,6,5,1132,7
6-10-2019,22.39,Octane,6,7,1371,4
13-3-2022,24.34,Revenant,10,8,3669,16
18-1-2022,0.15,Bloodhound,6,10,3589,10
4-5-2021,0.13,Revenant,0,9,1786,13
25-12-2022,14.35,Octane,6,1,1534,19
3-3-2019,22.24,Bloodhound,11,2,2322,16
13-3-2022,7.53,Fuse,3,6,927,18
2-1-2021,14.89,Bloodhound,6,4,1629,14
11-8-2019,14.44,Gibraltar,5,5,1353,5
28-10-2021,20.98,Mad Maggie,10,8,4125,20
21-11-2021,12.59,Pathfinder,6,7,2362,5
25-9-2019,29.21,Bloodhound,5,2,1506,13
31-7-2019,19.47,Horizon,8,3,1565,4
23-6-2022,27.74,Bloodhound,7,3,1159,8
26-3-2021,5.21,Bloodhound,9,4,1835,6
9-5-2022,5.64,Gibraltar,5,5,2387,19
24-10-2022,26.2,Octane,7,6,1990,1
1-3-2020,19.29,Pathfinder,6,5,1782,5
28-10-2020,5.43,Wraith,2,1,648,12
21-4-2019,26.74,Octane,3,4,1285,2
12-1-2022,22.04,Horizon,3,8,1726,9
23-7-2019,19.35,Mad Maggie,8,9,3500,5
8-1-2020,16.64,Crypto,5,5,2287,4
5-1-2021,18.26,Pathfinder,11,14,4793,16
30-11-2020,25.05,Mad Maggie,3,3,635,8
18-10-2020,21.09,Revenant,4,1,776,10
4-4-2019,26.63,Mad Maggie,7,2,1693,15
5-6-2019,21.83,Pathfinder,5,8,2183,8
5-12-2021,25.2,Bloodhound,4,7,2716,13
16-4-2021,17.15,Bloodhound,6,6,2739,4
28-12-2019,27.44,Bangalore,16,9,3892,18
24-9-2020,10.25,Fuse,2,0,397,16
18-8-2020,8.3,Octane,2,1,439,18
10-11-2022,4.08,Bangalore,5,5,1395,1
26-6-2022,21.09,Pathfinder,5,4,1116,15
23-6-2022,21.25,Lifeline,6,6,2130,20
7-6-2019,5.97,Horizon,5,7,2135,9
24-4-2020,29.93,Wraith,13,6,4667,16
25-9-2020,22.56,Lifeline,9,10,2877,12
9-5-2022,7.39,Horizon,2,8,2039,19
15-6-2021,8.15,Pathfinder,9,2,2529,8
22-7-2020,24.8,Mad Maggie,8,5,1752,11
21-3-2022,3.27,Pathfinder,7,8,1758,9
11-8-2021,13.45,Horizon,5,10,3314,4
3-7-2022,22.03,Bloodhound,9,7,2901,19
11-12-2021,16.63,Revenant,4,9,2844,10
20-3-2019,17.23,Horizon,2,1,590,15
13-12-2019,28.97,Horizon,5,4,1345,5
19-4-2021,8.81,Revenant,5,10,3356,14
28-10-2019,27.34,Crypto,6,6,3018,15
9-6-2019,24.45,Crypto,7,9,1968,15
25-12-2022,2.57,Mad Maggie,7,6,2555,13
16-2-2021,12.78,Wraith,4,0,544,14
27-1-2022,17.02,Fuse,3,4,1257,12
8-11-2019,2.94,Horizon,6,4,1499,18
9-6-2020,20.75,Horizon,4,8,2977,13
4-6-2020,2.57,Wraith,4,5,2029,18
10-5-2020,9.93,Gibraltar,6,7,3504,18
15-5-2020,21.15,Pathfinder,9,6,2925,15
13-8-2022,3.88,Bloodhound,0,0,0,3
6-8-2021,22.82,Pathfinder,5,2,1222,15
16-7-2021,2.22,Wraith,11,2,1809,18
22-7-2022,7.8,Mad Maggie,4,9,2447,20
5-4-2021,28.63,Mad Maggie,9,4,2814,2
13-12-2021,1.23,Crypto,5,6,2228,6
25-6-2020,20.05,Bloodhound,14,10,4098,6
18-3-2021,12.6,Fuse,0,0,0,16
10-6-2021,29.84,Fuse,8,1,2591,8
26-11-2022,17.29,Mad Maggie,3,4,1728,16
6-2-2022,9.66,Lifeline,10,5,3559,20
31-3-2021,29.65,Octane,5,8,3683,17
7-8-2019,7.73,Bangalore,5,6,2809,18
9-10-2020,28.27,Bangalore,7,8,2984,4
4-5-2022,11.43,Mad Maggie,3,7,1737,20
8-6-2019,15.51,Crypto,2,3,1190,4
12-12-2022,17.9,Horizon,4,4,2177,16
1-9-2022,26.97,Crypto,5,3,1700,14
12-7-2021,2.67,Lifeline,9,12,3973,18
15-8-2021,2.94,Wraith,9,6,2257,8
18-8-2022,1.24,Mad Maggie,7,6,3936,16
25-7-2019,11.74,Fuse,0,4,660,15
25-8-2021,12.43,Fuse,3,6,1380,11
20-6-2022,9.59,Gibraltar,5,6,1826,20
12-10-2022,19.13,Crypto,10,9,5892,7
24-7-2022,0.3,Mad Maggie,5,4,2050,17
1-3-2021,3.69,Gibraltar,9,6,4143,18
28-12-2020,28.07,Bloodhound,11,12,4743,18
24-1-2022,3.46,Crypto,1,1,348,5
27-11-2022,15.43,Octane,3,3,1657,11
14-5-2020,1.0,Pathfinder,3,2,1489,18
27-5-2022,24.66,Fuse,3,6,1645,4
12-11-2021,15.64,Horizon,6,4,2498,6
27-8-2021,19.87,Bangalore,5,6,2631,18
28-5-2022,3.37,Crypto,6,7,2317,8
25-4-2019,19.38,Mad Maggie,5,1,1389,15
7-8-2020,26.56,Pathfinder,6,3,2327,5
30-6-2020,27.24,Bangalore,2,3,1062,15
8-6-2019,10.96,Octane,3,7,2611,4
12-10-2019,6.51,Bloodhound,11,7,5563,10
30-4-2022,16.81,Pathfinder,8,7,3284,17
7-3-2019,8.77,Horizon,9,6,3491,9
21-1-2022,12.66,Mad Maggie,0,0,0,15
13-4-2020,13.21,Wraith,8,3,2838,16
14-8-2021,8.82,Lifeline,3,2,1216,2
13-2-2019,25.35,Gibraltar,12,8,4981,18
3-7-2020,7.02,Bangalore,5,4,2260,13
28-4-2019,20.82,Revenant,9,12,5263,11
14-1-2022,21.08,Mad Maggie,7,8,4362,2
23-12-2021,14.3,Mad Maggie,3,0,785,2
1-11-2019,10.48,Crypto,1,5,1621,18
17-7-2019,2.79,Bloodhound,9,5,2982,8
11-3-2021,25.96,Revenant,5,6,2658,13
10-10-2019,22.93,Pathfinder,6,6,3196,2
18-6-2019,18.33,Pathfinder,7,5,3273,11
28-10-2019,25.83,Bangalore,10,7,4849,15
3-11-2020,6.59,Horizon,1,2,773,16
12-8-2022,25.5,Horizon,3,2,1421,20
30-9-2021,26.83,Wraith,2,3,1288,2
6-8-2021,15.08,Lifeline,3,9,3040,6
20-6-2022,2.66,Bloodhound,5,9,3353,8
27-12-2021,1.98,Octane,6,8,3483,13
8-6-2020,16.31,Wraith,9,6,3491,1
3-3-2020,26.18,Revenant,1,2,1028,9
25-6-2022,7.59,Revenant,3,1,838,11
9-8-2020,14.78,Bloodhound,3,5,2101,9
18-7-2020,29.48,Crypto,8,4,3910,2
27-3-2020,2.06,Lifeline,4,9,3302,12
26-10-2021,16.25,Fuse,10,6,4926,19
9-2-2022,19.0,Wraith,6,8,3556,5
23-1-2021,13.42,Bloodhound,2,5,2273,8
31-5-2019,19.89,Horizon,4,9,4502,1
16-4-2021,9.24,Crypto,7,3,2391,17
8-6-2019,4.65,Fuse,11,8,3945,8
2-8-2021,21.86,Bloodhound,8,5,4152,7
3-10-2021,6.46,Wraith,9,5,3171,20
1-9-2021,8.52,Octane,7,12,4652,16
25-3-2019,9.67,Gibraltar,0,0,0,15
17-9-2020,13.77,Octane,5,5,2463,1
14-5-2021,0.35,Mad Maggie,4,2,1505,2
14-9-2022,12.03,Wraith,10,4,4937,7
8-4-2022,18.25,Horizon,7,4,2376,16
11-5-2020,24.87,Lifeline,11,7,5562,14
20-3-2019,9.46,Wraith,14,9,7548,14
13-3-2022,23.96,Bloodhound,4,1,1299,6
25-6-2021,13.26,Crypto,5,5,3632,14
6-5-2022,2.8,Fuse,3,3,1716,18
6-3-2022,14.02,Bangalore,7,5,3903,13
4-11-2021,2.99,Lifeline,7,11,6037,17
26-8-2019,4.33,Bangalore,5,8,4616,4
3-7-2021,28.4,Wraith,11,13,6259,17
18-10-2019,16.01,Octane,2,1,719,20
31-1-2021,24.78,Bangalore,2,7,2546,4
31-12-2022,11.84,Gibraltar,2,3,1709,5
1-12-2022,4.65,Horizon,4,5,2743,8
17-12-2019,6.94,Crypto,4,6,2362,15
9-1-2022,12.71,Bloodhound,7,6,4605,2
10-4-2021,25.86,Fuse,16,6,5721,19
26-10-2022,19.04,Octane,3,1,1319,12
28-4-2022,5.63,Bloodhound,1,1,569,5
3-1-2022,12.99,Horizon,2,3,1636,10
4-1-2020,0.58,Gibraltar,3,5,3042,2
17-8-2020,25.09,Pathfinder,4,9,4803,4
18-10-2020,19.08,Gibraltar,9,6,5875,6
26-11-2022,27.32,Octane,6,10,5113,18
14-6-2021,9.27,Mad Maggie,4,0,1670,9
17-11-2020,12.4,Pathfinder,1,7,2309,11
24-4-2021,23.91,Gibraltar,10,9,5555,3
4-12-2019,7.66,Crypto,5,5,2740,4
6-4-2022,24.05,Mad Maggie,4,10,4966,14
16-1-2021,22.65,Bangalore,7,7,3335,6
13-6-2019,6.49,Fuse,12,8,4951,11
17-3-2021,19.79,Mad Maggie,5,3,2935,15
17-12-2019,1.8,Bloodhound,8,7,5963,9
16-2-2021,19.91,Horizon,8,2,2802,7
17-7-2019,16.43,Octane,4,7,4131,5
27-12-2019,17.39,Bloodhound,5,9,4601,6
10-8-2022,13.46,Lifeline,5,5,2548,7
5-12-2019,18.91,Octane,7,8,4660,13
21-4-2021,8.55,Octane,0,5,1644,13
14-1-2021,20.82,Mad Maggie,9,1,3085,2
20-8-2022,5.42,Horizon,6,8,4826,18
20-7-2021,28.94,Gibraltar,6,9,5712,20
7-4-2019,8.61,Revenant,5,10,5411,7
11-6-2019,4.01,Fuse,7,5,3653,10
31-5-2019,18.45,Revenant,6,14,2351,19
13-5-2020,17.16,Wraith,3,0,251,14
26-9-2022,14.89,Wraith,3,9,1905,15
15-5-2020,11.05,Lifeline,3,3,1095,20
20-10-2019,22.16,Octane,12,9,2724,6
24-10-2019,13.18,Fuse,6,13,2470,2
18-8-2020,19.07,Fuse,8,6,1720,15
17-4-2020,10.45,Crypto,6,7,2488,2
16-11-2020,19.02,Bloodhound,0,4,666,14
5-12-2022,23.96,Fuse,6,1,1507,12
26-2-2019,22.09,Wraith,5,4,1733,2
30-7-2019,3.1,Bangalore,3,8,1756,1
22-10-2020,6.49,Gibraltar,5,10,1911,5
29-3-2020,27.74,Bloodhound,7,6,1397,16
8-11-2022,27.9,Octane,7,9,1830,2
4-10-2019,5.57,Bloodhound,0,1,184,12
10-9-2021,4.44,Crypto,6,3,1249,8
23-7-2020,1.15,Wraith,2,3,888,7
24-10-2021,0.05,Gibraltar,3,3,1092,12
27-12-2021,12.44,Bloodhound,5,4,1872,4
11-12-2020,29.89,Wraith,13,8,3220,4
19-10-2022,4.5,Gibraltar,13,8,2875,9
24-1-2022,16.2,Pathfinder,2,0,177,8
28-11-2021,21.72,Crypto,6,1,1373,15
24-1-2020,29.33,Revenant,9,3,1047,10
22-9-2019,4.5,Bangalore,4,5,882,2
8-9-2020,10.71,Horizon,4,8,2713,14
9-7-2021,26.03,Crypto,9,10,2396,10
20-3-2022,2.27,Horizon,6,10,1404,4
6-5-2019,12.72,Lifeline,3,3,1395,12
4-5-2020,22.37,Pathfinder,3,1,632,3
16-7-2022,25.7,Octane,6,11,2505,9
26-7-2019,10.89,Horizon,5,3,775,4
15-5-2022,27.51,Fuse,11,5,2906,18
29-9-2019,18.7,Revenant,7,9,3148,20
14-11-2020,12.83,Bloodhound,6,8,3085,2
8-5-2019,6.0,Mad Maggie,1,4,1073,14
20-3-2019,21.6,Wraith,4,2,1248,11
9-7-2020,9.31,Revenant,3,11,1807,20
12-12-2022,12.8,Bloodhound,9,10,4283,4
13-8-2021,21.18,Bangalore,12,8,2570,11
3-11-2021,15.42,Gibraltar,5,8,2149,10
3-12-2020,23.76,Bloodhound,8,8,3022,20
2-3-2021,17.67,Crypto,5,1,1063,5
14-2-2021,12.43,Horizon,4,2,1588,11
4-6-2020,8.46,Wraith,8,8,2202,11
11-5-2019,2.16,Horizon,4,5,1142,5
30-11-2022,11.14,Lifeline,4,5,1863,14
9-3-2020,22.13,Horizon,10,9,3321,18
31-7-2019,13.2,Lifeline,9,7,1847,3
16-5-2020,5.19,Crypto,0,0,0,16
8-9-2020,27.78,Octane,3,2,974,9
24-9-2022,6.26,Horizon,7,7,1546,16
16-5-2020,17.31,Pathfinder,3,10,2510,9
28-2-2019,27.09,Lifeline,5,10,2646,15
16-1-2020,13.5,Horizon,10,6,2465,17
26-5-2020,0.91,Octane,8,6,2891,8
3-10-2019,25.65,Bangalore,4,2,1464,1
22-4-2020,14.15,Lifeline,6,2,1636,7
2-1-2020,0.46,Lifeline,3,2,790,10
14-8-2022,3.43,Bloodhound,6,4,1519,6
23-9-2020,9.42,Pathfinder,9,10,2207,3
5-11-2019,15.53,Fuse,5,7,1707,17
15-1-2020,8.46,Lifeline,7,7,2727,18
14-6-2020,7.21,Octane,0,0,0,1
23-7-2019,7.27,Bangalore,6,7,2805,14
29-8-2020,28.73,Bangalore,7,5,2425,6
24-9-2022,2.76,Bloodhound,6,8,3410,5
18-3-2021,28.3,Mad Maggie,4,6,2656,8
5-10-2021,28.83,Pathfinder,7,8,3679,6
3-11-2020,24.89,Bangalore,6,6,1855,13
18-11-2021,17.73,Wraith,6,2,2206,8
11-4-2021,16.67,Horizon,1,4,1203,20
3-8-2022,23.77,Bloodhound,4,4,1366,1
15-4-2019,7.04,Wraith,3,3,1093,10
3-3-2020,18.16,Revenant,5,8,3578,1
3-5-2020,13.75,Octane,7,5,3318,20
4-9-2021,5.97,Pathfinder,10,6,2155,20
28-1-2021,9.68,Gibraltar,2,0,439,18
11-8-2021,22.5,Lifeline,5,2,1695,15
1-5-2021,20.86,Fuse,7,7,2164,13
18-3-2022,17.68,Wraith,4,5,1245,2
29-6-2022,5.66,Bangalore,5,8,2041,10
29-8-2022,23.2,Wraith,6,8,2860,18
13-5-2022,6.87,Fuse,13,12,4464,15
30-1-2021,6.16,Octane,1,0,245,11
18-12-2022,12.79,Mad Maggie,2,1,701,20
2-2-2021,13.25,Lifeline,3,8,2762,13
7-6-2021,9.66,Wraith,8,7,3477,10
17-6-2019,2.62,Gibraltar,8,4,3533,10
26-1-2022,6.24,Gibraltar,7,9,3206,10
9-5-2021,9.63,Mad Maggie,11,8,3192,12
25-7-2022,27.33,Bloodhound,0,3,819,2
14-4-2020,18.61,Horizon,3,2,1580,1
29-5-2022,6.29,Lifeline,5,7,2828,11
23-4-2021,21.91,Horizon,3,4,1302,9
31-5-2019,3.95,Wraith,8,4,2952,3
1-12-2022,10.19,Mad Maggie,12,7,5169,16
2-5-2020,16.81,Pathfinder,6,12,4153,4
13-4-2020,11.2,Mad Maggie,2,2,994,15
