13-10-2019,25.68,Valkyrie,2,4,928,4
9-3-2020,8.48,Mad Maggie,2,10,2119,5
25-2-2022,23.76,Wattson,6,8,2409,15
18-7-2019,21.65,Crypto,11,4,1137,18
14-2-2020,2.08,Octane,5,4,767,9
26-9-2022,0.37,Bangalore,9,5,1591,4
29-4-2020,29.6,Pathfinder,7,6,2792,4
12-2-2022,17.05,Bloodhound,2,6,1175,6
25-9-2022,14.15,Lifeline,2,2,387,7
20-12-2021,15.52,Octane,2,2,422,18
5-2-2022,18.77,Caustic,4,3,778,14
16-2-2022,1.04,Pathfinder,4,4,1652,4
14-10-2020,6.28,Lifeline,7,9,1255,11
18-6-2021,17.08,Revenant,7,6,953,6
17-8-2019,5.17,Crypto,0,2,382,10
15-3-2019,1.92,Wattson,2,5,1435,5
24-12-2021,20.88,Crypto,6,3,1477,2
20-8-2020,18.14,Mirage,4,4,644,17
14-7-2020,23.47,Valkyrie,9,7,1925,4
11-9-2021,21.37,Caustic,6,6,1191,17
20-9-2021,1.57,Gibraltar,10,8,4167,3
8-9-2022,10.38,Mirage,0,2,205,16
24-1-2021,27.93,Crypto,1,2,502,11
19-9-2020,17.24,Crypto,3,2,1003,14
16-8-2019,12.75,Revenant,8,6,3327,15
5-3-2020,18.64,Crypto,11,7,2509,16
27-5-2020,2.73,Valkyrie,11,6,2975,13
6-10-2020,25.12,Wraith,7,12,2621,16
7-10-2020,29.61,Ash,1,1,371,11
6-10-2019,5.08,Horizon,3,8,1059,1
6-12-2020,20.17,Mad Maggie,5,6,2582,13
14-8-2022,6.5,Revenant,6,3,944,15
27-12-2019,21.38,Mad Maggie,5,10,2668,19
20-1-2021,0.62,Wattson,8,11,4549,15
19-12-2020,28.89,Bangalore,6,13,2262,10
31-7-2021,29.84,Wattson,3,2,1094,20
26-1-2022,4.17,Octane,1,3,688,17
5-7-2022,17.16,Wraith,6,6,2981,20
18-8-2021,22.58,Wattson,11,3,1461,17
13-8-2021,11.29,Wattson,5,4,1536,1
5-12-2021,9.97,Horizon,6,5,1171,16
25-6-2019,29.94,Mad Maggie,7,10,3223,3
8-8-2019,10.65,Mirage,0,5,774,8
8-1-2022,9.41,Bangalore,3,4,1527,9
20-9-2021,18.99,Bloodhound,4,4,1050,3
6-7-2021,20.75,Horizon,4,5,1329,5
15-11-2021,17.69,Revenant,6,6,1556,4
24-7-2019,25.99,Wattson,7,8,2007,7
15-11-2019,13.25,Gibraltar,8,13,4336,7
16-10-2022,17.89,Mirage,2,1,681,9
27-3-2019,16.83,Bloodhound,1,1,401,4
14-7-2020,6.64,Caustic,3,6,1613,4
26-8-2019,2.7,Lifeline,4,3,1491,4
16-4-2022,11.2,Lifeline,5,8,2894,6
28-6-2019,3.72,Mad Maggie,8,9,2083,1
26-10-2022,9.93,Mad Maggie,12,6,4559,10
6-12-2021,9.22,Valkyrie,1,3,732,13
22-1-2020,1.98,Gibraltar,2,1,683,18
15-5-2021,27.68,Wraith,5,9,1882,7
13-12-2021,1.32,Wattson,6,3,2127,20
26-12-2019,28.59,Caustic,8,4,1773,19
21-3-2019,17.14,Caustic,8,8,3173,4
4-2-2022,1.58,Bloodhound,10,6,3495,12
11-1-2021,6.25,Gibraltar,1,1,268,7
3-2-2022,14.33,Octane,1,1,570,9
4-7-2020,0.13,Crypto,7,2,1542,12
20-2-2019,27.3,Bloodhound,6,7,3171,7
6-8-2021,0.12,Bangalore,4,6,2746,2
8-12-2021,29.23,Bangalore,11,6,4441,4
29-5-2019,7.0,Valkyrie,6,6,2325,8
8-2-2021,20.02,Octane,6,6,1718,19
20-4-2019,13.9,Valkyrie,3,6,1236,1
27-5-2021,1.06,Wraith,6,8,3915,9
16-2-2021,7.76,Crypto,8,4,2589,19
3-5-2021,25.08,Valkyrie,4,9,2441,8
15-12-2022,1.6,Pathfinder,5,13,2955,4
26-9-2019,6.66,Crypto,7,6,3818,11
25-10-2019,15.13,Octane,3,7,2343,13
15-8-2019,21.97,Valkyrie,1,3,708,2
17-8-2020,14.11,Bloodhound,10,3,3032,20
18-9-2021,14.19,Wattson,6,8,3600,9
7-8-2021,28.72,Caustic,4,9,1962,9
2-9-2019,20.81,Octane,6,11,2867,19
5-10-2020,10.16,Lifeline,10,11,4648,19
3-12-2022,11.81,Caustic,7,2,1889,18
10-3-2020,3.05,Bangalore,4,4,2379,6
29-11-2020,2.81,Ash,11,11,6289,7
1-5-2022,5.59,Caustic,8,8,2853,13
29-7-2019,1.32,Mad Maggie,8,4,2265,2
6-10-2021,7.1,Wraith,8,6,3237,7
8-10-2019,1.98,Crypto,7,10,4031,11
17-10-2021,1.44,Bangalore,4,7,2909,1
10-7-2021,3.75,Ash,1,1,410,14
10-8-2020,10.74,Mad Maggie,2,2,603,9
27-9-2022,16.8,Ash,10,9,4249,14
8-6-2019,28.31,Gibraltar,8,6,3709,19
26-9-2021,8.71,Bangalore,8,5,3597,6
2-8-2021,24.83,Horizon,9,12,6331,6
7-6-2021,17.39,Gibraltar,2,4,921,11
25-10-2020,27.67,Wraith,6,2,1318,3
5-10-2020,6.07,Lifeline,7,2,1914,10
19-9-2019,20.41,Horizon,7,7,2284,2
17-10-2020,11.41,Crypto,7,7,3610,13
8-8-2020,2.68,Revenant,6,5,2171,17
26-10-2019,21.78,Mirage,6,9,3543,17
27-7-2021,5.39,Octane,1,1,450,6
26-3-2020,24.68,Mirage,8,2,1650,20
3-7-2019,20.74,Wattson,7,2,1546,4
10-11-2020,23.31,Wattson,5,5,3082,7
6-9-2020,28.09,Caustic,13,8,6599,9
24-12-2021,18.72,Lifeline,7,6,3836,20
14-7-2021,20.93,Crypto,7,7,3819,2
9-7-2021,7.32,Valkyrie,9,0,3030,18
9-12-2020,14.27,Horizon,8,4,3571,4
20-11-2019,2.46,Gibraltar,10,11,6340,12
24-1-2022,27.71,Mad Maggie,8,6,3039,18
23-9-2019,28.25,Wraith,6,4,2212,17
16-8-2021,20.53,Octane,7,10,3581,9
22-9-2021,22.48,Mirage,7,13,3430,1
3-2-2021,21.47,Gibraltar,1,1,649,1
31-10-2022,6.34,Crypto,2,1,939,1
24-8-2021,26.55,Wraith,7,4,2628,9
7-11-2019,2.96,Bloodhound,8,10,4759,18
18-11-2022,19.03,Wattson,8,5,2547,4
9-10-2021,12.91,Mad Maggie,8,11,4227,14
12-12-2022,19.46,Mad Maggie,9,8,4026,11
28-8-2022,13.89,Gibraltar,6,7,4022,14
14-2-2021,6.04,Mad Maggie,1,6,1646,13
5-9-2019,15.03,Pathfinder,2,8,2964,20
13-3-2020,20.69,Revenant,7,3,2344,10
10-11-2022,26.57,Revenant,6,11,4941,15
11-3-2021,12.02,Pathfinder,5,5,2950,4
24-3-2020,3.35,Revenant,7,6,3978,16
25-1-2021,28.75,Pathfinder,2,7,2194,20
31-5-2022,7.16,Wattson,4,1,1618,5
17-2-2020,0.56,Valkyrie,3,4,2031,15
24-6-2021,26.97,Caustic,5,3,1810,20
4-10-2019,2.79,Mirage,5,4,2950,12
6-11-2019,9.82,Bloodhound,6,7,4054,17
18-5-2020,27.96,Lifeline,13,9,7503,4
13-7-2021,11.32,Mirage,0,0,0,20
22-7-2021,10.51,Crypto,2,1,821,17
21-7-2022,12.55,Bangalore,2,6,1893,7
18-11-2019,15.83,Crypto,3,8,3596,8
8-11-2022,25.66,Horizon,7,7,3564,11
1-7-2019,27.04,Mirage,6,7,2810,19
24-7-2021,14.56,Valkyrie,9,10,6347,19
3-2-2022,12.13,Horizon,1,1,709,9
11-2-2021,24.7,Octane,6,2,2569,17
1-7-2020,11.37,Caustic,5,3,1957,8
11-2-2019,22.55,Mad Maggie,4,7,3121,8
13-10-2022,15.5,Horizon,6,9,3560,12
20-6-2021,14.14,Bangalore,6,9,5245,10
14-7-2022,29.92,Bangalore,10,6,5856,10
15-1-2020,16.34,Revenant,2,3,1448,11
8-7-2021,21.16,Pathfinder,7,1,2872,4
2-11-2021,21.35,Wattson,5,7,2801,13
27-3-2019,6.77,Crypto,5,6,2743,20
5-6-2021,1.29,Mad Maggie,9,4,3313,7
3-11-2022,1.18,Lifeline,5,9,4817,12
17-1-2022,0.95,Mirage,6,11,5773,15
15-6-2020,13.47,Mirage,0,1,282,19
20-4-2020,22.65,Mad Maggie,6,2,1801,17
7-10-2022,15.93,Gibraltar,6,3,2340,7
8-6-2020,16.06,Mirage,7,6,4130,17
14-8-2022,12.91,Horizon,13,4,5968,12
29-10-2019,5.91,Mad Maggie,5,8,3290,17
30-5-2022,22.17,Octane,12,8,7652,15
4-7-2022,27.31,Ash,6,8,3522,7
27-6-2021,23.48,Wraith,4,3,1774,9
11-6-2020,27.75,Wraith,5,3,2876,9
27-3-2021,0.56,Wraith,3,5,2050,18
2-7-2019,10.22,Gibraltar,6,4,2971,15
21-8-2019,8.96,Lifeline,8,6,5170,19
5-11-2021,18.44,Ash,7,8,3621,16
7-5-2022,2.0,Crypto,5,1,2171,19
4-6-2021,6.9,Crypto,3,7,2669,18
16-7-2022,12.68,Wattson,3,2,1280,5
6-1-2022,28.14,Crypto,4,10,4219,4
16-5-2021,10.61,Wattson,10,6,5009,13
29-4-2022,27.32,Mirage,7,6,5012,1
7-7-2020,15.97,Caustic,9,9,4744,1
30-5-2022,13.93,Ash,1,0,357,20
12-1-2022,26.03,Bangalore,4,5,2979,3
31-12-2021,22.89,Ash,2,8,2703,7
6-1-2020,7.7,Octane,4,6,2439,13
28-1-2020,8.85,Revenant,4,4,3056,20
7-9-2020,29.56,Gibraltar,10,7,5660,15
26-1-2022,7.91,Crypto,6,13,5875,1
6-3-2020,2.17,Bloodhound,2,0,566,12
7-10-2021,3.12,Gibraltar,3,1,1489,8
27-6-2022,6.24,Lifeline,8,7,3889,12
1-2-2020,8.58,Caustic,5,5,2747,6
14-3-2022,14.22,Mad Maggie,5,4,2477,4
28-9-2021,27.21,Lifeline,5,6,2843,2
10-7-2019,18.44,Lifeline,11,11,5552,1
19-5-2021,5.31,Bangalore,1,0,342,3
29-8-2019,12.84,Revenant,2,7,2331,9
28-4-2020,28.09,Horizon,3,3,1975,12
11-10-2022,22.71,Caustic,7,10,6032,17
25-8-2021,6.94,Bangalore,8,8,2112,4
20-3-2022,11.95,Wattson,10,8,2847,8
11-3-2020,0.07,Lifeline,11,6,2342,5
23-10-2021,26.36,Octane,2,2,511,11
14-11-2019,13.39,Wattson,6,5,770,7
10-8-2021,16.35,Crypto,2,2,730,8
13-8-2022,12.66,Revenant,3,5,569,12
24-3-2019,4.93,Wattson,4,5,1720,7
1-11-2021,0.04,Bloodhound,9,5,1640,4
13-3-2020,23.27,Caustic,7,11,2547,6
15-8-2021,12.76,Horizon,2,0,230,16
28-6-2019,17.1,Revenant,2,4,1166,1
12-11-2022,15.21,Octane,6,6,1226,11
10-8-2022,12.89,Mirage,4,4,1284,2
17-9-2020,26.3,Horizon,6,5,947,15
24-6-2020,12.84,Bloodhound,12,5,1500,3
27-11-2019,26.96,Ash,8,12,3011,3
16-4-2019,18.97,Valkyrie,1,5,1141,2
15-9-2021,12.5,Wraith,2,6,1451,14
11-2-2021,20.68,Valkyrie,2,11,2744,1
13-11-2021,6.46,Gibraltar,8,5,2339,2
3-1-2022,26.64,Pathfinder,6,11,3002,6
10-8-2019,7.04,Caustic,11,6,2664,13
14-7-2020,24.39,Wattson,9,12,4174,20
26-4-2020,15.1,Octane,4,2,612,14
10-12-2020,24.52,Bloodhound,7,3,1400,2
30-10-2020,16.76,Mad Maggie,3,5,1521,16
3-4-2022,17.91,Crypto,4,6,2005,11
7-11-2021,27.28,Horizon,4,6,1371,19
18-7-2021,5.12,Gibraltar,11,9,1709,3
13-5-2022,18.64,Bloodhound,7,9,2588,18
3-3-2021,1.71,Mirage,4,3,1569,9
25-1-2021,15.84,Valkyrie,3,2,817,15
31-1-2020,29.13,Mad Maggie,4,5,1933,2
12-12-2022,11.26,Crypto,3,3,1141,17
31-8-2021,21.75,Mad Maggie,4,5,1895,19
26-11-2020,28.49,Octane,7,5,2071,2
27-6-2020,16.02,Crypto,6,8,3395,8
17-10-2020,13.13,Gibraltar,1,6,731,1
12-9-2022,8.92,Crypto,3,1,621,12
8-4-2022,4.41,Lifeline,7,9,3865,12
20-3-2021,21.73,Octane,6,9,1559,12
27-11-2019,4.67,Bloodhound,10,6,2501,20
3-2-2020,23.09,Crypto,10,8,4013,16
2-12-2019,27.92,Valkyrie,12,7,4689,6
27-10-2021,4.87,Horizon,7,1,1688,14
12-11-2019,25.29,Lifeline,2,1,394,3
18-9-2019,29.18,Revenant,6,9,3353,14
31-1-2022,8.69,Bloodhound,6,3,1696,10
15-12-2021,19.13,Caustic,7,5,2321,1
2-9-2021,2.98,Pathfinder,9,8,3201,18
3-6-2022,24.46,Octane,8,9,2781,15
5-10-2022,8.63,Horizon,0,0,0,18
28-2-2020,19.42,Ash,3,4,1808,12
3-8-2020,18.77,Wattson,3,10,3297,12
15-4-2019,24.68,Caustic,4,4,1711,18
3-9-2019,24.98,Valkyrie,4,8,2390,3
16-5-2021,29.57,Ash,10,11,4548,7
27-7-2019,25.4,Gibraltar,8,7,2220,2
19-7-2019,28.84,Wattson,3,2,998,12
13-7-2022,4.4,Caustic,1,1,267,20
11-2-2021,24.97,Wattson,4,4,2078,10
28-10-2022,27.17,Bangalore,13,6,4523,11
4-3-2022,7.57,Octane,7,4,1897,2
28-11-2020,5.73,Pathfinder,11,5,4596,12
11-9-2019,10.24,Wattson,7,7,3655,1
7-11-2022,19.82,Horizon,8,5,2272,9
22-2-2021,6.38,Horizon,8,1,2479,9
1-3-2021,19.38,Crypto,3,3,1497,17
11-8-2020,28.35,Horizon,6,7,3167,14
26-10-2019,6.29,Octane,9,5,3564,20
16-9-2022,0.67,Crypto,7,6,3264,8
7-2-2021,9.86,Caustic,12,8,3225,17
1-7-2020,20.46,Wattson,7,1,1165,2
18-9-2021,7.63,Pathfinder,2,1,792,3
4-10-2022,1.41,Bloodhound,10,5,2944,2
18-3-2019,6.46,Valkyrie,8,4,1786,11
14-3-2021,23.96,Bloodhound,6,4,2352,10
1-8-2019,15.16,Mad Maggie,6,6,2781,8
1-10-2019,3.32,Wattson,7,6,3090,19
23-3-2022,8.12,Caustic,2,0,612,16
9-10-2021,20.69,Pathfinder,4,2,1822,5
12-6-2021,7.13,Pathfinder,3,3,939,4
12-10-2019,12.01,Wraith,3,6,2533,9
30-10-2019,19.15,Pathfinder,8,8,3696,18
9-1-2022,2.03,Lifeline,5,6,2423,11
8-11-2019,23.64,Wraith,13,6,3068,5
8-7-2021,2.44,Gibraltar,7,4,2010,16
11-1-2021,3.57,Pathfinder,6,1,1402,10
15-2-2021,18.48,Octane,3,6,1586,18
18-6-2022,1.8,Wattson,6,8,2285,13
2-11-2020,23.68,Pathfinder,7,11,3602,11
22-12-2021,17.87,Mad Maggie,8,5,2824,4
9-7-2022,27.17,Pathfinder,9,7,4905,3
3-9-2019,20.89,Wattson,1,4,1385,10
25-10-2022,10.26,Caustic,2,3,1043,20
10-9-2022,9.4,Ash,6,8,3482,4
16-9-2019,19.43,Octane,4,5,2569,17
4-1-2020,23.49,Wattson,4,5,1757,14
2-7-2019,16.04,Lifeline,6,9,4153,10
25-6-2022,8.44,Horizon,6,12,3787,9
28-6-2021,18.24,Crypto,1,2,483,10
19-12-2020,16.55,Octane,2,6,1641,14
29-10-2020,8.68,Gibraltar,6,2,1960,5
14-7-2020,16.78,Octane,4,3,1779,5
9-9-2020,5.69,Pathfinder,4,5,1911,5
25-11-2022,2.61,Gibraltar,7,14,3991,20
13-12-2021,19.76,Crypto,6,6,2585,7
5-10-2022,0.18,Wattson,6,2,2391,12
9-12-2019,3.48,Revenant,10,2,3768,7
13-11-2020,27.24,Mad Maggie,9,8,2846,17
24-10-2020,3.54,Wraith,4,7,2646,10
25-10-2022,16.7,Octane,7,5,3840,20
13-3-2021,10.32,Ash,6,7,2373,7
10-11-2021,27.56,Crypto,12,12,4984,18
20-8-2022,8.56,Pathfinder,1,2,506,6
3-11-2020,16.32,Wraith,6,4,1800,2
25-8-2020,11.54,Bangalore,4,10,4380,7
12-4-2021,4.03,Bloodhound,4,5,2764,19
3-2-2022,12.45,Revenant,9,6,2950,17
3-7-2019,3.13,Revenant,7,7,2763,8
13-4-2020,20.68,Pathfinder,7,9,3576,11
9-7-2019,14.09,Wattson,3,5,1495,19
24-4-2022,1.75,Wattson,1,4,1311,10
24-4-2020,19.69,Octane,5,6,2848,1
24-1-2020,18.22,Ash,3,6,2190,14
9-9-2022,27.18,Pathfinder,6,5,3688,15
20-7-2019,0.35,Lifeline,6,6,3796,9
11-7-2021,10.97,Ash,7,6,4399,16
9-10-2022,24.89,Wraith,2,1,731,15
15-9-2022,4.77,Lifeline,3,1,805,12
22-8-2019,4.88,Revenant,5,4,2215,8
11-4-2020,4.28,Wraith,3,4,2235,20
13-1-2021,14.75,Valkyrie,5,5,2114,2
21-5-2021,4.8,Wattson,6,9,4443,18
23-2-2021,3.9,Crypto,10,8,3430,16
27-7-2020,8.65,Gibraltar,7,0,2210,2
18-11-2020,1.7,Crypto,9,3,3744,19
28-7-2022,6.61,Bloodhound,7,2,2126,6
25-6-2022,25.94,Caustic,3,7,3013,3
20-12-2020,14.76,Bloodhound,4,4,1865,2
26-3-2020,14.51,Ash,5,5,3369,19
16-4-2020,29.27,Gibraltar,13,14,8140,7
20-8-2019,8.28,Mad Maggie,4,2,1410,7
21-3-2021,18.92,Bloodhound,2,3,1505,13
3-11-2021,23.08,Pathfinder,3,3,1267,3
28-2-2019,4.57,Wattson,8,5,4479,15
21-3-2019,23.04,Wraith,8,9,4202,10
16-11-2022,29.35,Pathfinder,7,6,4112,12
8-5-2021,12.18,Revenant,6,13,4590,5
18-9-2019,25.54,Octane,4,5,2458,12
28-10-2020,12.22,Valkyrie,4,2,1332,15
30-4-2022,14.45,Revenant,3,5,1760,20
13-10-2022,19.36,Octane,11,4,3146,11
24-7-2022,16.14,Crypto,6,4,2648,13
8-4-2019,14.72,Mirage,7,6,3419,19
1-10-2021,1.89,Octane,10,9,5981,16
5-1-2021,18.03,Ash,3,5,2834,4
7-4-2019,16.99,Horizon,1,9,3342,9
30-6-2019,12.58,Revenant,8,3,3112,8
2-3-2019,8.05,Lifeline,7,7,4778,11
23-6-2020,29.29,Bangalore,5,11,5208,4
18-6-2022,4.43,Valkyrie,9,6,4838,10
8-4-2021,22.26,Bangalore,8,11,5359,2
25-7-2020,29.31,Horizon,7,6,4255,6
9-3-2020,8.17,Wattson,4,1,1747,2
30-12-2021,20.63,Octane,4,3,2251,6
24-3-2020,17.31,Horizon,8,6,3349,9
28-2-2021,26.83,Wraith,4,5,2347,19
12-4-2020,20.4,Lifeline,7,11,4105,11
17-10-2020,29.32,Valkyrie,7,8,5207,8
6-9-2021,14.96,Mirage,6,0,1886,2
4-7-2021,2.96,Horizon,2,2,1288,12
11-2-2021,2.88,Gibraltar,5,5,2709,12
20-1-2020,10.74,Mad Maggie,5,8,4484,10
27-6-2020,2.12,Wraith,4,4,1987,11
18-1-2022,5.64,Octane,10,7,5303,10
15-4-2020,20.48,Mad Maggie,10,6,3967,3
28-3-2022,28.58,Lifeline,0,8,2615,5
16-11-2022,10.25,Bloodhound,4,7,2586,8
11-3-2020,14.33,Wraith,2,6,2153,2
29-4-2022,21.34,Octane,6,8,3826,13
15-10-2021,11.13,Bloodhound,4,5,2181,19
3-1-2020,10.81,Octane,12,5,6577,18
30-4-2019,0.01,Wattson,14,7,5675,14
23-5-2020,1.06,Crypto,1,1,643,3
1-11-2019,4.42,Octane,4,1,1305,15
26-3-2019,11.04,Mirage,4,2,1907,10
9-6-2019,20.2,Valkyrie,4,4,3120,3
15-10-2022,13.44,Wraith,8,5,3645,5
11-2-2019,27.97,Bloodhound,13,7,6226,7
14-6-2021,16.05,Wattson,9,7,4734,15
20-6-2019,1.31,Crypto,7,1,2158,2
10-9-2019,23.28,Bloodhound,3,3,1761,20
18-7-2020,7.44,Crypto,7,2,3282,4
21-12-2020,19.6,Wattson,3,10,3233,14
24-6-2022,19.93,Pathfinder,7,9,6041,7
29-3-2019,11.72,Horizon,5,5,3936,15
27-8-2020,25.22,Valkyrie,8,10,7323,12
15-6-2019,24.09,Mirage,4,2,2074,13
12-4-2021,20.67,Pathfinder,1,2,533,11
22-2-2019,0.83,Wraith,2,8,518,16
3-3-2019,24.19,Bangalore,5,9,2887,17
17-3-2020,27.63,Bangalore,10,10,2133,20
20-6-2021,1.1,Gibraltar,7,6,2510,20
10-6-2019,6.69,Mirage,8,8,2298,16
9-10-2019,25.4,Gibraltar,0,2,207,17
5-11-2021,27.22,Horizon,2,4,340,12
12-1-2021,28.24,Bangalore,4,9,2227,14
16-6-2020,17.56,Ash,9,6,2418,12
4-6-2021,19.55,Mad Maggie,6,5,2049,18
7-5-2020,13.63,Revenant,5,10,3184,9
3-9-2020,29.65,Crypto,6,9,2931,7
23-10-2020,24.06,Crypto,4,3,929,20
9-9-2019,29.61,Ash,2,3,672,2
29-7-2020,1.61,Caustic,2,6,865,16
27-5-2022,17.61,Octane,3,12,2218,1
31-3-2021,19.63,Gibraltar,5,6,2110,5
1-4-2019,16.45,Pathfinder,12,5,2162,20
25-2-2019,20.36,Valkyrie,12,6,2825,17
6-9-2019,16.13,Revenant,2,3,1023,5
19-5-2022,21.62,Wraith,2,2,547,2
3-6-2021,11.43,Revenant,2,7,1234,11
3-4-2020,28.71,Octane,10,5,3196,11
21-6-2019,29.32,Crypto,14,4,1750,4
31-12-2021,9.84,Wattson,10,8,2189,20
17-11-2020,8.91,Crypto,7,9,1613,12
18-12-2019,13.85,Wattson,3,5,1009,16
9-12-2021,26.73,Horizon,8,3,2257,11
10-7-2022,0.55,Pathfinder,2,5,1540,2
24-7-2021,22.79,Crypto,3,7,918,4
30-11-2021,25.5,Horizon,7,5,2364,6
21-11-2021,17.14,Bloodhound,5,9,2718,16
7-1-2020,25.48,Octane,9,13,2259,12
5-3-2020,24.17,Gibraltar,2,4,1165,15
11-5-2020,13.25,Crypto,8,7,2102,2
12-3-2020,9.98,Wattson,5,6,1859,17
10-7-2021,18.6,Lifeline,3,12,3112,10
2-2-2021,9.36,Bloodhound,5,10,1665,10
9-10-2019,21.99,Bangalore,10,6,2403,19
18-3-2019,21.51,Revenant,7,7,3273,17
28-4-2022,10.86,Bangalore,1,2,708,15
4-4-2019,3.25,Wraith,5,2,1546,6
29-8-2020,5.08,Wraith,2,6,981,18
7-7-2020,14.32,Pathfinder,8,6,2915,11
25-4-2021,7.83,Caustic,6,12,3878,14
15-8-2020,12.71,Bloodhound,9,7,2920,8
26-12-2022,22.7,Gibraltar,12,6,2292,6
10-8-2020,17.32,Ash,2,5,1260,2
14-10-2022,6.25,Revenant,2,2,484,3
2-10-2021,3.57,Gibraltar,4,7,1612,17
15-8-2021,9.8,Bangalore,5,3,1143,8
1-4-2022,28.05,Gibraltar,6,6,1727,9
1-12-2020,24.73,Wattson,7,9,4148,8
14-5-2019,19.76,Revenant,10,16,6105,16
8-12-2019,22.02,Wraith,1,3,695,3
16-8-2022,23.54,Lifeline,3,2,615,15
8-4-2020,16.83,Valkyrie,4,4,1038,15
5-8-2021,28.7,Wattson,9,5,1679,8
28-4-2019,13.12,Bangalore,6,4,1536,7
25-4-2020,14.74,Gibraltar,8,11,5070,10
23-10-2019,0.15,Octane,9,7,3163,5
5-3-2021,6.99,Mirage,7,0,1141,5
25-12-2020,10.55,Mad Maggie,3,1,695,6
9-11-2019,1.13,Pathfinder,7,8,3381,14
6-12-2020,4.3,Mirage,3,3,1176,9
16-4-2019,10.01,Lifeline,10,4,2132,20
17-11-2022,16.32,Ash,7,8,2423,18
13-11-2022,22.03,Gibraltar,12,11,4106,3
12-10-2019,5.2,Wraith,2,0,625,7
6-10-2019,5.61,Bloodhound,10,2,3062,6
7-9-2019,5.7,Mirage,6,7,3217,10
18-4-2022,13.83,Mad Maggie,3,5,1044,12
12-10-2021,29.31,Caustic,7,7,2311,13
6-7-2021,7.37,Wattson,14,6,4136,12
8-11-2022,8.65,Caustic,9,6,2163,6
13-3-2022,15.82,Wraith,3,6,1794,2
11-8-2020,19.56,Ash,5,2,1467,3
4-8-2021,7.86,Bloodhound,5,10,2968,12
16-4-2019,13.89,Revenant,3,4,1457,7
27-4-2020,20.64,Wraith,8,10,4848,3
23-6-2020,1.78,Wraith,5,5,2453,15
13-4-2019,29.71,Crypto,10,8,4720,14
10-4-2021,28.68,Valkyrie,2,0,337,13
21-7-2021,24.51,Ash,5,2,1847,1
6-10-2020,20.6,Ash,8,3,1834,14
29-6-2022,0.7,Wraith,5,8,2801,13
12-3-2019,1.39,Valkyrie,9,5,3923,15
25-12-2022,28.9,Wraith,5,6,2831,1
3-3-2020,5.94,Gibraltar,9,8,3840,7
15-4-2020,3.97,Mad Maggie,3,0,899,12
22-1-2021,25.86,Valkyrie,7,2,2428,19
23-10-2022,12.56,Ash,3,4,1691,7
5-4-2019,4.65,Wraith,7,5,3002,20
16-11-2020,7.52,Bangalore,4,4,1900,10
20-5-2021,28.91,Revenant,6,7,2805,6
5-3-2022,16.29,Valkyrie,7,7,2171,13
7-9-2022,13.73,Revenant,3,3,1306,13
12-3-2022,25.36,Wattson,2,4,1539,19
15-6-2020,5.38,Gibraltar,5,2,2291,14
19-8-2020,26.71,Valkyrie,4,7,2043,15
3-12-2019,2.75,Octane,5,5,2427,7
17-6-2019,17.06,Caustic,11,7,5636,17
23-12-2020,15.32,Lifeline,7,8,2541,19
28-8-2019,5.54,Caustic,7,2,1793,19
29-9-2021,8.98,Horizon,3,1,1072,1
14-4-2022,24.64,Mirage,9,2,3315,8
1-9-2022,21.08,Bangalore,4,3,1401,17
29-7-2019,10.88,Pathfinder,11,5,4255,14
2-6-2020,23.87,Ash,12,9,3571,10
9-6-2020,0.48,Valkyrie,7,9,2947,11
28-6-2022,13.94,Wraith,2,1,620,14
25-3-2022,27.34,Ash,5,5,1914,2
8-3-2019,14.0,Bangalore,8,3,3205,5
5-8-2019,15.87,Wraith,7,5,2671,10
23-9-2019,21.71,Horizon,4,6,2432,11
22-3-2021,7.2,Mad Maggie,5,5,3012,20
11-2-2021,9.49,Valkyrie,6,13,5938,19
14-9-2022,7.78,Lifeline,1,4,1030,3
3-9-2021,27.0,Crypto,3,5,1858,20
2-1-2021,24.27,Bangalore,3,9,2815,1
10-4-2021,23.39,Pathfinder,8,10,5454,10
14-3-2022,7.4,Octane,7,6,3930,15
5-4-2022,0.71,Caustic,7,5,2428,1
18-12-2020,28.3,Mirage,8,10,4540,19
29-10-2022,4.61,Valkyrie,5,3,2657,19
5-9-2022,16.59,Octane,4,1,1388,12
23-10-2021,26.31,Ash,6,4,2197,3
5-3-2020,18.87,Valkyrie,5,12,3258,9
11-10-2021,18.03,Mirage,7,6,3284,4
17-11-2022,6.71,Bloodhound,5,8,2721,19
12-12-2022,14.62,Mad Maggie,6,6,3608,4
10-4-2022,11.39,Octane,6,2,1522,9
14-2-2020,11.7,Caustic,2,1,588,12
8-10-2019,6.71,Crypto,6,3,2572,15
5-11-2019,28.36,Lifeline,6,6,2409,20
16-7-2021,27.68,Caustic,7,12,4025,13
4-5-2021,19.92,Wraith,6,6,3680,17
1-7-2021,26.48,Gibraltar,8,9,4911,10
31-3-2019,26.09,Wraith,1,1,424,8
25-12-2021,18.83,Valkyrie,5,7,4180,9
30-5-2019,5.94,Ash,7,6,2760,11
29-7-2022,5.36,Revenant,3,3,1182,2
8-8-2021,24.59,Mirage,11,7,4615,8
26-6-2019,29.6,Ash,8,10,6062,17
11-5-2020,18.69,Wraith,9,14,7486,1
6-11-2021,4.65,Bangalore,3,3,1320,19
18-9-2021,13.93,Caustic,2,2,1236,20
25-8-2021,2.08,Ash,4,2,1737,3
13-12-2022,5.31,Valkyrie,3,3,1374,8
6-11-2022,15.53,Bloodhound,7,8,4090,15
7-6-2019,23.86,Gibraltar,5,9,3637,12
2-1-2021,0.79,Mad Maggie,6,8,3389,8
13-11-2022,24.3,Bangalore,6,2,1714,11
29-5-2020,13.29,Mad Maggie,5,2,1629,11
19-10-2020,27.85,Gibraltar,8,5,4760,6
9-10-2022,4.13,Revenant,3,3,1849,17
10-6-2020,8.92,Revenant,4,4,1687,8
3-5-2019,2.58,Bloodhound,8,7,4004,17
3-9-2019,29.12,Valkyrie,7,9,4186,13
12-7-2019,25.34,Ash,0,2,466,6
6-2-2022,13.28,Mad Maggie,1,3,952,16
26-4-2022,18.91,Pathfinder,7,3,3344,14
19-10-2022,11.32,Mirage,5,5,3462,4
27-12-2019,9.93,Revenant,5,5,2319,20
8-4-2019,10.02,Wattson,9,8,5248,12
29-3-2021,27.97,Horizon,6,6,3767,9
6-9-2022,21.38,Bloodhound,6,5,2715,14
26-6-2022,23.71,Horizon,4,2,1640,4
7-3-2021,27.63,Crypto,3,2,1814,18
22-3-2021,21.51,Wraith,7,4,2703,19
29-6-2021,19.55,Valkyrie,9,7,4433,17
21-4-2019,29.48,Mirage,10,7,5678,17
14-2-2021,19.85,Bangalore,14,9,7303,17
22-6-2021,9.36,Bangalore,5,6,4163,14
23-4-2020,2.3,Bangalore,4,2,1850,4
6-5-2021,2.52,Pathfinder,3,3,1673,8
26-7-2022,1.06,Horizon,4,7,3850,14
11-2-2022,14.01,Wattson,6,5,2830,5
5-3-2022,22.6,Octane,6,6,3910,9
30-9-2019,25.48,Caustic,10,10,4773,5
7-11-2021,14.51,Horizon,1,1,673,13
5-7-2022,8.59,Ash,3,2,1947,12
20-9-2021,21.43,Mirage,5,3,2232,14
31-12-2022,24.31,Wraith,6,4,3753,1
15-3-2022,5.05,Wraith,7,6,4523,17
16-9-2022,10.42,Bangalore,8,6,5313,17
7-12-2022,10.32,Caustic,7,8,4770,2
8-12-2019,2.48,Octane,7,1,2839,11
30-9-2020,26.72,Octane,4,3,2008,2
11-1-2022,10.16,Mirage,2,6,2929,8
23-2-2022,17.39,Valkyrie,7,4,4368,4
6-11-2021,6.67,Lifeline,4,5,2905,15
28-1-2022,28.44,Gibraltar,9,6,4496,16
2-4-2019,9.03,Wraith,13,8,7571,13
18-11-2021,4.29,Ash,2,2,1341,11
6-10-2019,11.13,Wraith,1,8,2251,18
18-4-2022,16.5,Pathfinder,2,5,2034,7
25-4-2022,25.15,Crypto,3,6,2357,12
31-1-2022,25.92,Wraith,5,6,4378,14
1-8-2021,2.94,Pathfinder,7,8,1404,17
6-3-2021,20.6,Mirage,6,10,2002,16
6-7-2021,5.03,Wattson,5,5,1076,5
14-3-2019,9.77,Caustic,2,4,1020,16
14-10-2019,9.31,Crypto,2,3,494,5
6-9-2021,29.66,Mad Maggie,8,8,1114,15
26-4-2021,26.2,Wattson,5,9,1501,8
28-5-2021,10.31,Mad Maggie,7,9,2168,15
11-5-2021,23.01,Bangalore,10,9,3662,10
16-2-2021,24.43,Revenant,1,6,1351,9
20-4-2019,28.24,Bangalore,8,3,985,17
5-1-2020,12.16,Lifeline,7,5,2124,15
28-4-2019,22.96,Octane,6,4,1339,11
17-11-2020,11.0,Wraith,12,4,1837,14
19-2-2021,4.58,Gibraltar,13,5,2724,2
28-10-2021,17.47,Caustic,8,9,2078,4
6-1-2021,28.48,Bangalore,6,4,958,20
5-5-2021,10.72,Valkyrie,2,10,2198,3
7-5-2021,27.7,Wraith,8,2,2292,15
30-9-2021,18.43,Bloodhound,5,7,1870,1
22-8-2020,23.41,Mirage,6,5,2312,1
16-11-2022,20.39,Mirage,10,8,2326,2
4-2-2020,11.39,Pathfinder,9,12,3339,12
19-4-2020,10.86,Pathfinder,0,0,0,12
30-12-2022,28.19,Valkyrie,4,5,1032,20
6-6-2021,18.99,Revenant,2,3,1149,11
29-10-2019,18.25,Gibraltar,7,9,1944,11
22-7-2021,22.14,Caustic,6,10,3000,15
3-5-2019,14.54,Pathfinder,5,10,1603,3
16-11-2022,10.48,Revenant,8,6,2855,6
18-7-2019,1.56,Revenant,0,1,136,1
12-6-2021,13.86,Pathfinder,1,3,371,3
17-8-2020,25.38,Pathfinder,5,9,1559,5
20-8-2020,20.59,Horizon,6,3,1354,17
19-2-2019,10.31,Caustic,8,6,3285,7
3-12-2021,0.32,Pathfinder,6,5,1428,1
2-11-2020,28.88,Valkyrie,9,8,3509,10
5-9-2021,8.65,Revenant,0,5,794,5
24-12-2021,24.72,Mirage,2,4,1493,19
15-2-2022,25.32,Lifeline,3,7,970,9
23-1-2021,7.05,Bloodhound,3,3,1196,14
26-9-2019,12.04,Horizon,8,5,1775,16
16-8-2021,9.65,Pathfinder,5,11,2677,9
27-10-2022,28.31,Mirage,13,6,4237,18
26-2-2021,24.57,Ash,1,0,166,15
6-3-2021,25.14,Lifeline,5,3,1534,20
17-5-2021,0.61,Bloodhound,9,3,2904,6
24-2-2020,12.7,Valkyrie,3,5,1500,9
16-12-2022,1.52,Horizon,6,4,2232,12
23-6-2022,9.64,Pathfinder,5,5,2132,6
11-3-2022,29.5,Ash,12,9,3085,18
23-7-2021,15.72,Octane,1,1,337,18
1-7-2020,16.15,Crypto,3,2,1118,14
26-6-2020,18.22,Lifeline,7,5,2189,6
29-5-2020,9.2,Mirage,6,6,2083,14
30-4-2021,24.97,Bangalore,6,7,1661,10
18-12-2019,4.7,Crypto,7,11,2708,8
18-1-2021,3.58,Bangalore,6,11,3852,9
29-8-2020,5.41,Horizon,5,6,2187,13
12-5-2022,27.72,Caustic,8,7,2193,3
23-6-2022,13.28,Valkyrie,3,3,909,9
31-7-2020,13.07,Mad Maggie,4,8,2875,18
28-8-2019,20.04,Caustic,6,4,1482,5
11-10-2021,5.55,Ash,7,6,1530,20
27-2-2019,17.52,Gibraltar,13,10,3499,4
22-6-2020,28.38,Bangalore,3,2,1237,18
20-7-2021,17.41,Bangalore,4,1,1452,15
30-11-2020,11.42,Mirage,3,4,1483,3
29-8-2022,13.89,Ash,5,5,2373,10
30-11-2020,10.4,Revenant,8,5,2899,11
9-5-2019,9.69,Crypto,5,6,2707,4
20-7-2020,23.37,Wattson,15,9,5598,19
27-5-2020,0.33,Mad Maggie,1,3,909,20
26-5-2022,23.9,Valkyrie,6,3,2374,12
8-6-2022,20.27,Wraith,5,6,2675,15
28-1-2022,29.57,Octane,6,7,1707,8
1-9-2019,10.5,Mad Maggie,7,10,4004,20
24-10-2019,2.41,Lifeline,6,14,5056,14
9-9-2022,2.27,Caustic,7,7,2154,20
24-2-2019,21.78,Caustic,2,4,781,3
26-11-2019,14.27,Revenant,5,4,2562,4
27-3-2019,19.49,Octane,5,6,1912,3
1-2-2020,2.69,Mad Maggie,5,3,1593,7
21-2-2019,11.67,Mirage,4,5,2079,10
18-3-2019,19.3,Wattson,7,6,3041,9
16-5-2020,25.82,Wraith,11,7,2747,14
17-9-2020,6.51,Horizon,1,0,264,20
13-2-2019,29.81,Ash,1,7,1167,10
22-4-2022,21.22,Pathfinder,4,6,2576,11
5-2-2022,25.85,Bloodhound,11,7,2700,19
4-12-2021,7.02,Pathfinder,8,8,3208,6
15-11-2022,17.44,Mirage,5,6,2861,3
3-11-2021,1.52,Ash,14,15,8458,15
19-4-2021,11.36,Gibraltar,6,2,1772,19
26-11-2019,22.14,Horizon,2,2,765,19
24-9-2021,26.46,Crypto,2,6,1433,1
29-8-2022,29.03,Bangalore,9,5,4138,15
24-8-2022,13.85,Mirage,5,4,2230,8
18-7-2019,18.75,Lifeline,7,5,2650,11
25-11-2020,10.41,Mad Maggie,7,14,4771,11
4-12-2019,13.23,Ash,5,2,1952,20
14-2-2020,25.88,Lifeline,5,3,1690,18
27-6-2021,29.73,Pathfinder,4,9,2546,20
3-11-2020,15.91,Crypto,4,5,1415,10
21-6-2019,11.26,Revenant,5,7,3479,13
7-5-2021,15.23,Wraith,8,11,3624,17
13-9-2019,27.36,Wattson,6,9,3137,4
2-5-2020,5.98,Mirage,1,5,1225,19
20-5-2019,7.16,Mirage,4,1,1001,12
4-1-2022,10.38,Pathfinder,6,4,3121,11
1-5-2022,24.66,Ash,4,7,3372,11
27-9-2019,15.76,Gibraltar,9,10,6071,1
19-6-2021,10.86,Ash,5,6,3411,5
8-8-2022,16.69,Wraith,10,7,3301,14
8-5-2019,25.25,Wraith,3,1,840,2
8-3-2022,5.79,Crypto,1,5,1311,13
28-12-2019,19.22,Wraith,8,3,3706,5
22-3-2019,24.39,Mirage,5,8,3085,8
24-7-2021,17.96,Valkyrie,9,12,6170,10
27-2-2022,22.77,Valkyrie,14,5,5159,13
1-2-2022,11.69,Valkyrie,7,6,3259,11
8-9-2019,1.09,Wattson,1,0,330,19
24-5-2022,9.93,Ash,2,7,1701,17
21-2-2020,27.6,Revenant,7,10,3619,16
24-12-2021,23.95,Horizon,5,5,1829,15
4-7-2022,8.52,Mad Maggie,10,8,3537,14
13-11-2019,1.93,Valkyrie,5,7,3576,11
5-4-2022,20.85,Bloodhound,13,9,7209,8
3-5-2022,18.5,Lifeline,0,2,520,12
14-10-2022,3.23,Caustic,3,2,1316,1
12-12-2020,12.7,Ash,3,3,1336,20
14-4-2021,16.24,Wattson,4,5,2362,13
9-5-2020,7.34,Crypto,5,5,3282,20
20-3-2022,23.85,Bloodhound,14,7,6429,7
8-9-2022,2.96,Lifeline,9,13,6051,15
21-4-2020,7.84,Wattson,2,2,836,12
6-1-2020,24.82,Wattson,5,2,2099,10
3-12-2022,25.54,Mad Maggie,7,7,4897,16
18-2-2020,11.86,Mad Maggie,4,6,2913,19
18-10-2022,26.82,Lifeline,6,7,2734,9
13-12-2021,18.79,Pathfinder,11,5,5298,4
12-12-2019,8.51,Horizon,9,6,5313,5
12-4-2022,28.78,Valkyrie,7,0,2245,12
19-11-2021,10.01,Wattson,5,3,2338,18
14-12-2019,27.78,Ash,3,8,2706,2
15-3-2022,13.44,Bloodhound,10,8,4337,14
18-2-2022,2.89,Pathfinder,4,6,3324,16
17-7-2019,11.57,Horizon,10,7,3535,14
5-7-2022,10.31,Ash,7,6,3024,3
5-4-2019,21.11,Wraith,2,0,728,13
30-9-2021,7.27,Pathfinder,5,1,1680,8
19-12-2020,19.73,Valkyrie,4,2,1489,3
3-5-2020,16.04,Caustic,5,4,3067,20
30-8-2021,2.77,Bangalore,5,4,1938,2
17-8-2022,20.84,Pathfinder,6,8,5060,9
1-3-2022,3.52,Ash,11,7,6063,8
28-8-2019,8.61,Octane,4,9,3250,12
13-7-2020,26.52,Wraith,1,7,1993,18
20-5-2019,6.37,Octane,8,7,4845,2
2-10-2020,11.98,Wattson,5,6,3431,8
27-2-2019,27.39,Caustic,10,13,6049,9
7-9-2019,18.01,Octane,7,14,5489,10
10-10-2020,24.65,Ash,10,14,7853,9
30-3-2019,4.15,Caustic,1,0,377,4
25-6-2021,15.49,Valkyrie,5,2,1548,12
1-6-2022,8.71,Valkyrie,2,2,1410,18
1-2-2021,23.23,Octane,5,5,2838,10
28-9-2019,2.46,Crypto,4,12,5546,11
28-2-2022,3.26,Wraith,10,7,5260,10
17-7-2020,18.35,Valkyrie,10,7,5598,2
28-7-2021,28.51,Wraith,3,0,1012,5
26-5-2019,0.41,Bangalore,3,1,1122,11
28-1-2020,19.16,Revenant,3,6,2179,6
16-6-2022,18.25,Crypto,6,6,3483,19
7-5-2022,23.8,Ash,5,5,3501,6
20-4-2022,14.65,Mad Maggie,8,11,4791,11
24-10-2019,29.38,Crypto,7,10,4332,9
12-7-2021,29.96,Mad Maggie,4,2,2286,5
3-12-2019,11.35,Bloodhound,1,1,613,19
26-4-2019,24.22,Mirage,4,2,1589,7
20-1-2020,4.35,Caustic,3,7,2771,3
8-12-2020,18.0,Pathfinder,4,5,2408,8
19-7-2020,15.0,Mad Maggie,8,6,3904,5
8-3-2022,10.78,Crypto,6,16,5568,7
16-3-2019,2.91,Caustic,1,0,391,5
13-10-2019,8.12,Lifeline,4,2,1581,9
1-12-2019,5.1,Valkyrie,6,2,3052,1
18-12-2019,12.32,Gibraltar,5,3,2254,16
22-5-2019,15.19,Crypto,10,5,5711,8
16-12-2019,4.94,Octane,7,7,3841,19
11-4-2020,27.51,Gibraltar,14,8,8653,4
30-6-2022,12.01,Mirage,1,0,309,5
12-7-2021,24.35,Valkyrie,8,3,3211,6
4-12-2022,6.22,Wraith,2,8,3018,2
19-10-2022,3.64,Mad Maggie,7,8,3915,8
25-11-2021,24.95,Pathfinder,5,9,5437,3
19-6-2019,19.0,Bloodhound,5,5,3516,10
9-5-2022,10.35,Valkyrie,10,11,7446,6
29-1-2020,23.87,Bloodhound,2,2,1047,16
30-12-2022,19.13,Crypto,10,8,4969,1
18-2-2019,2.37,Horizon,2,2,264,15
12-2-2022,21.31,Valkyrie,6,3,563,20
18-4-2020,24.52,Horizon,12,9,1460,11
12-7-2022,17.84,Mirage,7,5,1353,7
1-8-2020,20.34,Octane,6,9,2554,19
2-6-2020,18.46,Mirage,4,0,669,18
26-6-2019,17.2,Gibraltar,2,2,816,6
23-12-2022,21.51,Octane,6,2,1141,20
13-9-2021,9.18,Horizon,3,6,779,1
23-6-2020,18.24,Ash,10,5,2512,14
8-12-2020,16.39,Wraith,6,11,3192,12
16-4-2022,5.6,Pathfinder,6,8,2831,17
26-4-2021,28.5,Caustic,8,3,2190,10
4-12-2022,20.33,Bloodhound,2,5,454,16
24-6-2021,26.42,Gibraltar,8,4,1296,13
9-12-2019,9.32,Wraith,7,3,1189,16
16-6-2019,25.82,Octane,4,6,1273,18
30-10-2022,29.8,Bloodhound,6,9,1679,19
6-6-2021,27.95,Bloodhound,7,9,1275,2
5-9-2019,2.79,Octane,2,2,456,12
13-1-2021,4.6,Crypto,8,7,1881,7
27-8-2022,25.82,Ash,4,11,2653,10
5-1-2021,25.38,Wraith,3,6,730,11
14-11-2019,4.48,Octane,9,12,2251,1
9-2-2022,29.73,Caustic,11,6,1516,19
25-9-2022,20.41,Bloodhound,7,10,1932,3
24-11-2022,3.67,Bangalore,5,3,1529,5
22-2-2022,17.66,Bloodhound,2,8,2035,9
1-3-2022,12.56,Wattson,9,7,3392,1
13-8-2020,24.64,Bloodhound,6,8,2934,3
10-1-2021,21.78,Octane,5,5,1405,6
11-9-2019,28.08,Bangalore,12,13,4719,13
24-4-2021,6.9,Crypto,7,7,1273,16
13-5-2020,14.47,Crypto,1,0,124,3
30-12-2019,5.01,Valkyrie,3,1,1035,4
19-3-2019,19.88,Ash,3,9,1738,1
5-8-2021,23.69,Mad Maggie,8,3,1714,20
18-7-2022,16.02,Mad Maggie,5,7,2242,11
16-4-2021,24.88,Mad Maggie,10,6,3186,17
28-3-2021,7.03,Wraith,8,8,2257,1
7-3-2019,27.81,Horizon,2,4,705,18
8-1-2021,16.51,Ash,7,2,2308,20
3-3-2020,16.97,Lifeline,8,2,1249,1
1-4-2021,12.4,Bangalore,6,4,1959,8
13-2-2021,11.56,Horizon,4,6,1021,7
29-6-2019,2.94,Bangalore,10,12,4934,3
9-6-2021,14.74,Bloodhound,12,6,3545,19
23-3-2020,2.55,Revenant,5,2,1831,14
22-2-2022,12.38,Caustic,1,3,522,20
12-10-2021,7.03,Crypto,3,2,1012,17
2-8-2020,11.58,Crypto,8,6,3211,1
10-10-2019,19.43,Horizon,8,6,2677,3
5-12-2022,18.76,Lifeline,5,7,2431,20
7-1-2021,20.8,Gibraltar,9,8,1964,14
10-7-2020,9.2,Lifeline,0,0,0,9
24-4-2020,14.89,Bloodhound,10,6,3591,16
20-8-2021,12.14,Wattson,2,3,932,20
4-5-2021,26.91,Horizon,6,3,2451,17
20-2-2021,13.48,Pathfinder,9,8,4216,13
21-10-2022,23.6,Caustic,15,8,2823,2
30-10-2020,11.09,Wraith,9,7,1950,9
20-7-2022,1.04,Lifeline,2,2,969,14
25-11-2019,12.4,Revenant,8,1,1858,18
25-6-2022,9.13,Gibraltar,2,2,772,2
7-4-2019,21.72,Octane,10,4,3926,11
2-6-2019,5.96,Caustic,5,8,1546,5
10-11-2021,9.98,Wraith,6,14,4535,12
9-8-2020,28.29,Mad Maggie,14,12,4731,16
15-5-2019,13.19,Valkyrie,1,0,186,12
18-10-2019,11.66,Bangalore,3,2,1154,3
4-11-2021,23.0,Gibraltar,9,4,2305,16
26-4-2020,24.41,Wraith,7,6,3728,9
19-10-2021,13.94,Revenant,7,6,2788,19
14-10-2020,3.44,Gibraltar,9,5,2879,18
8-1-2020,9.41,Caustic,6,9,2854,8
13-5-2022,18.48,Bangalore,3,0,925,17
31-7-2019,4.75,Caustic,3,6,1274,3
2-6-2021,11.2,Horizon,3,2,883,4
21-7-2021,18.0,Revenant,8,6,2256,1
2-2-2021,0.4,Pathfinder,8,6,2146,19
9-6-2021,13.56,Caustic,8,10,5246,19
20-1-2020,29.59,Crypto,6,6,1769,8
27-4-2021,8.09,Caustic,2,2,573,8
26-3-2019,21.77,Wattson,4,2,1043,19
24-2-2022,2.18,Bangalore,2,3,1256,19
28-5-2020,16.55,Crypto,4,4,1821,18
8-12-2020,11.18,Gibraltar,10,5,2911,12
24-6-2021,24.01,Crypto,13,10,4418,15
8-8-2020,0.83,Caustic,6,7,3048,14
15-5-2019,18.22,Horizon,6,4,1766,10
9-10-2020,16.56,Horizon,2,1,456,6
23-3-2021,23.4,Lifeline,2,2,804,8
19-12-2021,25.56,Mad Maggie,7,5,2805,1
10-10-2021,26.22,Ash,8,6,3843,11
15-3-2019,13.58,Revenant,6,5,3430,11
14-9-2021,26.72,Mad Maggie,9,9,3157,13
14-11-2020,25.58,Wattson,2,2,612,16
20-3-2021,8.85,Revenant,3,5,1248,19
6-11-2019,5.78,Wraith,4,7,2618,17
25-7-2022,15.0,Wraith,11,4,3956,5
26-8-2021,9.99,Ash,4,10,4069,6
6-8-2021,20.53,Wraith,7,6,3047,8
8-12-2020,20.4,Lifeline,7,10,3263,8
3-1-2022,11.25,Mirage,7,5,2612,5
1-12-2022,16.69,Gibraltar,5,2,1883,11
2-8-2022,13.68,Crypto,4,3,1504,17
18-5-2022,26.75,Bloodhound,5,5,1586,1
30-9-2021,26.72,Wattson,6,8,3628,12
23-7-2021,26.46,Horizon,6,8,2357,20
17-9-2022,21.61,Bloodhound,8,6,3375,3
14-6-2021,20.69,Mad Maggie,1,5,1397,11
15-10-2022,9.64,Crypto,1,2,550,16
7-7-2019,12.84,Octane,6,6,3215,13
14-4-2021,22.32,Lifeline,3,3,1262,6
27-5-2021,3.14,Wraith,7,6,2552,8
15-11-2019,24.01,Crypto,9,7,3089,1
8-3-2020,3.91,Lifeline,6,9,4607,9
12-10-2019,2.5,Bloodhound,2,3,1365,13
25-7-2022,8.88,Ash,3,8,2775,11
14-2-2021,22.25,Mirage,7,5,2847,8
22-7-2019,21.63,Bloodhound,11,5,2969,3
11-5-2019,5.73,Octane,4,4,2256,16
14-1-2021,0.84,Bangalore,9,14,4088,8
24-2-2019,1.61,Revenant,10,14,7479,8
27-3-2021,23.0,Ash,0,1,227,12
25-11-2022,28.23,Gibraltar,4,1,944,4
18-9-2021,22.49,Wattson,3,2,1276,6
14-10-2021,3.41,Wattson,4,6,3179,5
23-12-2020,16.99,Ash,6,8,3864,8
8-12-2019,13.93,Octane,10,6,4360,20
21-10-2020,11.88,Caustic,7,6,2890,7
22-5-2021,11.02,Horizon,1,3,1234,17
30-5-2022,10.23,Octane,7,5,3416,20
28-8-2019,19.43,Lifeline,3,5,2471,16
30-10-2022,29.25,Mad Maggie,3,7,3058,16
6-6-2020,13.74,Revenant,6,8,3555,14
24-10-2019,17.59,Mad Maggie,7,10,4660,1
28-7-2021,3.66,Gibraltar,6,13,4829,1
19-4-2019,19.3,Mad Maggie,4,1,1497,2
15-1-2021,8.27,Mad Maggie,2,1,723,7
19-3-2019,15.62,Caustic,4,5,2878,5
25-3-2022,20.88,Pathfinder,4,9,4051,2
26-12-2021,17.37,Revenant,5,6,3346,12
29-12-2020,19.49,Lifeline,9,6,4273,11
28-4-2020,3.41,Mirage,7,7,4135,4
24-9-2022,13.49,Caustic,0,0,0,12
8-7-2021,13.2,Valkyrie,2,1,1035,17
2-4-2020,14.65,Gibraltar,4,2,1349,12
12-10-2020,12.97,Valkyrie,9,5,3381,16
3-10-2022,28.79,Revenant,7,5,4338,2
7-5-2022,24.97,Revenant,5,7,3835,6
26-3-2019,5.63,Octane,7,7,3678,4
16-2-2021,13.37,Caustic,1,8,2983,17
13-3-2020,2.56,Octane,2,2,902,6
10-4-2022,16.09,Pathfinder,6,3,2009,13
14-9-2022,4.58,Crypto,4,3,2380,14
24-3-2019,5.44,Ash,4,8,3228,4
8-10-2021,0.9,Mad Maggie,7,6,3033,20
12-12-2019,10.37,Bloodhound,6,6,3872,10
11-2-2019,17.42,Lifeline,0,1,314,10
15-7-2021,1.86,Bangalore,1,2,895,1
29-4-2019,22.57,Bangalore,6,11,4727,10
27-5-2019,11.83,Pathfinder,4,6,3529,17
10-5-2021,19.06,Gibraltar,4,6,2673,17
17-12-2022,18.66,Mirage,7,6,4730,14
21-4-2019,20.03,Lifeline,7,7,3911,20
29-8-2020,24.41,Pathfinder,5,3,2486,9
11-5-2021,29.51,Octane,2,3,1572,17
30-6-2020,9.1,Bangalore,2,4,2179,3
19-10-2020,2.23,Gibraltar,7,4,3990,7
6-12-2020,26.41,Revenant,6,5,2811,9
31-3-2019,13.62,Pathfinder,13,7,6725,2
29-7-2020,9.93,Mirage,8,6,5513,16
24-1-2021,27.55,Gibraltar,1,5,1543,4
16-7-2019,24.34,Caustic,6,3,2727,1
29-11-2020,26.1,Lifeline,4,2,1676,6
12-5-2021,17.13,Mad Maggie,9,5,4288,6
24-6-2020,29.38,Revenant,6,12,6074,17
22-12-2021,0.12,Caustic,6,12,6726,10
12-3-2021,3.69,Crypto,12,6,6575,10
19-8-2022,15.34,Lifeline,2,2,1525,7
3-7-2020,13.48,Bangalore,3,1,1222,19
22-2-2021,20.16,Horizon,2,2,1359,8
17-12-2022,14.92,Horizon,4,3,2182,16
30-5-2020,20.42,Mirage,4,8,4702,2
20-2-2020,15.3,Wattson,5,6,4342,20
6-9-2021,25.04,Pathfinder,8,8,4937,17
21-3-2020,22.67,Bloodhound,2,1,867,16
20-7-2022,27.0,Valkyrie,2,5,2618,11
24-7-2020,22.19,Gibraltar,3,7,3526,15
6-7-2022,12.59,Horizon,7,5,3754,15
8-10-2022,17.48,Crypto,6,6,3052,12
24-2-2021,23.65,Revenant,8,8,4689,6
26-2-2019,25.71,Octane,14,11,7257,19
19-10-2022,17.41,Wattson,2,0,800,11
1-9-2022,8.74,Ash,4,2,1646,14
8-4-2021,28.46,Revenant,4,6,3187,9
18-4-2020,16.02,Revenant,4,8,3578,8
13-11-2019,25.82,Wraith,6,13,5025,20
3-6-2022,11.63,Gibraltar,7,5,4714,3
22-10-2021,20.9,Horizon,7,10,2760,13
26-8-2019,29.15,Mirage,3,4,758,15
19-10-2020,10.47,Mirage,3,1,509,7
12-4-2022,22.12,Wattson,4,11,3029,8
28-1-2021,25.88,Gibraltar,9,6,1774,12
7-4-2020,23.94,Pathfinder,5,12,2439,7
4-4-2020,20.0,Gibraltar,12,7,2139,12
6-9-2020,21.54,Crypto,15,14,2307,10
12-9-2022,23.35,Mirage,1,2,313,6
5-3-2020,17.39,Lifeline,6,3,1775,6
27-9-2020,4.77,Crypto,4,7,1769,4
12-6-2021,23.65,Wraith,7,9,1649,20
18-10-2019,8.42,Gibraltar,7,6,1534,11
20-5-2021,18.38,Mirage,8,10,1919,10
11-8-2022,19.37,Pathfinder,6,7,991,20
20-8-2021,9.67,Gibraltar,0,0,0,11
11-4-2021,4.54,Mirage,7,6,1479,3
3-1-2022,1.11,Pathfinder,5,2,1071,19
21-7-2021,0.79,Caustic,3,6,1983,19
12-4-2022,6.91,Wattson,8,5,2189,7
16-9-2019,9.81,Horizon,5,5,1648,13
18-9-2020,12.75,Horizon,13,7,3196,10
31-5-2022,19.19,Crypto,1,0,107,17
16-6-2022,8.09,Caustic,2,2,752,15
3-6-2019,11.4,Wraith,2,4,1271,13
28-4-2021,10.82,Mirage,6,3,1701,9
16-11-2022,27.72,Bangalore,5,7,2410,1
21-6-2022,15.43,Gibraltar,6,7,2132,1
8-12-2019,28.17,Crypto,7,10,3762,3
13-1-2020,29.28,Crypto,2,0,546,8
18-11-2022,0.75,Octane,6,5,2354,6
13-6-2019,3.75,Wraith,10,9,1817,15
3-12-2022,12.92,Mad Maggie,7,3,1867,5
28-3-2022,15.65,Revenant,10,6,3674,12
28-4-2021,21.0,Mirage,6,5,1696,9
13-2-2021,10.56,Ash,9,8,2471,3
31-3-2022,18.96,Wattson,3,2,934,19
14-7-2019,12.88,Ash,1,1,318,13
3-10-2021,25.5,Octane,10,3,2087,8
19-7-2019,18.61,Octane,4,5,2091,6
30-12-2019,7.75,Wraith,5,11,2441,10
8-6-2020,7.43,Gibraltar,5,13,3414,10
25-2-2021,1.44,Crypto,8,11,4097,15
5-1-2022,19.44,Pathfinder,9,6,1730,7
4-9-2020,6.27,Bangalore,5,6,2749,8
19-1-2021,19.24,Gibraltar,8,6,3364,18
28-9-2022,3.0,Valkyrie,9,3,1907,4
24-4-2021,25.49,Mad Maggie,10,7,2661,7
22-8-2021,26.16,Valkyrie,7,11,3372,15
25-8-2022,12.44,Ash,8,12,5022,1
3-4-2021,22.46,Revenant,6,5,1934,20
29-12-2019,15.81,Pathfinder,4,3,1759,9
22-10-2019,12.2,Wraith,6,2,1496,9
15-3-2022,6.24,Lifeline,5,9,2984,1
7-2-2021,10.85,Mad Maggie,5,6,1463,13
29-11-2021,27.77,Mad Maggie,5,7,3014,3
20-10-2019,5.68,Bangalore,7,6,3468,12
6-11-2022,29.6,Wattson,5,7,1555,3
9-4-2019,21.75,Horizon,3,2,555,13
28-6-2021,27.35,Gibraltar,4,2,1155,18
6-7-2020,11.4,Wattson,9,6,2924,6
12-6-2021,13.57,Pathfinder,5,7,2731,18
17-2-2021,14.84,Bangalore,14,6,3923,14
15-12-2021,22.99,Mirage,10,6,2024,16
2-11-2021,29.12,Gibraltar,9,0,1593,14
29-4-2020,7.43,Pathfinder,4,2,1546,1
9-2-2020,8.6,Valkyrie,3,3,1580,8
29-1-2021,15.79,Lifeline,5,4,2378,17
3-8-2020,2.19,Pathfinder,5,5,1585,2
1-11-2022,14.11,Lifeline,14,8,6070,10
24-8-2020,5.81,Wattson,8,6,3975,12
14-10-2020,19.17,Horizon,6,1,1161,5
3-6-2022,20.12,Wattson,7,2,1957,12
12-11-2019,12.16,Mirage,7,8,2039,10
7-9-2019,20.01,Lifeline,4,7,1826,10
1-7-2021,11.06,Mirage,4,5,1880,18
18-2-2021,12.56,Mad Maggie,5,5,2562,3
18-6-2020,29.18,Wraith,8,6,3177,11
11-11-2021,14.12,Ash,0,6,740,4
26-5-2019,22.75,Mirage,4,4,1807,7
21-2-2019,28.81,Wraith,4,2,1216,15
22-11-2019,19.37,Horizon,9,4,3086,5
16-3-2019,22.25,Mad Maggie,8,5,2021,17
7-6-2019,12.9,Mad Maggie,5,6,3045,19
23-2-2020,11.4,Wattson,6,15,5424,5
20-1-2022,14.8,Bangalore,1,1,483,13
11-5-2022,1.22,Gibraltar,4,2,873,12
14-1-2020,26.49,Gibraltar,2,4,1612,11
27-3-2022,27.14,Octane,6,6,3200,2
17-3-2021,22.64,Bloodhound,8,5,3722,11
18-6-2020,12.0,Bloodhound,8,7,2457,6
29-7-2021,0.68,Crypto,11,8,3188,6
9-11-2022,25.45,Ash,2,5,1413,14
2-4-2020,15.12,Bloodhound,1,1,497,13
27-9-2019,0.97,Mad Maggie,2,2,848,17
21-4-2019,3.87,Crypto,5,3,1970,3
15-1-2022,25.92,Octane,11,7,3186,13
4-11-2021,14.93,Gibraltar,8,9,3044,18
4-11-2020,27.5,Bangalore,10,7,4171,18
10-4-2022,12.32,Lifeline,3,4,1973,14
9-7-2020,28.64,Bloodhound,4,1,1293,20
17-2-2020,1.36,Bloodhound,2,5,2011,1
13-9-2021,0.46,Pathfinder,4,5,2193,9
18-4-2021,6.48,Revenant,5,4,2436,18
20-3-2021,25.44,Mirage,10,6,5019,20
30-1-2022,27.93,Mirage,6,7,2141,17
23-12-2019,3.02,Gibraltar,4,0,1371,15
17-11-2020,0.78,Mirage,2,2,1063,2
2-3-2020,20.83,Lifeline,6,9,3111,8
4-9-2020,25.73,Valkyrie,5,4,2834,16
17-1-2020,11.45,Wattson,8,8,3103,12
17-8-2019,13.49,Pathfinder,5,6,3076,10
2-6-2022,11.32,Wattson,9,8,4112,10
7-9-2021,21.49,Bloodhound,4,2,1630,2
5-5-2022,20.9,Ash,11,6,4736,3
6-6-2019,22.96,Bloodhound,2,6,1415,9
29-9-2022,22.45,Revenant,7,6,2913,17
12-12-2019,25.35,Octane,7,5,3078,5
9-2-2022,20.42,Bloodhound,9,7,3820,9
16-3-2021,4.54,Ash,6,10,3325,1
23-6-2019,4.98,Bloodhound,4,6,1979,4
16-10-2022,13.8,Caustic,4,5,1761,2
4-3-2020,7.91,Horizon,5,5,2593,3
20-3-2019,6.19,Bloodhound,7,6,4371,12
12-7-2019,13.35,Mad Maggie,4,4,2295,12
4-5-2021,3.17,Mirage,9,13,6886,6
29-6-2019,6.28,Revenant,11,6,4847,17
2-6-2019,0.71,Horizon,0,5,978,15
3-2-2021,3.84,Crypto,1,7,1818,11
18-5-2022,20.32,Caustic,3,8,2463,17
15-11-2022,4.49,Mad Maggie,5,3,1681,4
13-10-2020,22.24,Lifeline,8,6,4271,10
16-9-2019,19.06,Bloodhound,9,5,3303,9
30-7-2021,11.8,Valkyrie,14,14,6850,5
8-7-2020,26.54,Bangalore,7,9,3697,3
14-8-2020,9.76,Mad Maggie,7,2,2035,17
10-9-2019,25.9,Crypto,4,6,3328,8
7-8-2019,1.25,Mad Maggie,6,8,3681,18
22-10-2019,15.95,Valkyrie,5,7,3172,9
29-4-2021,15.32,Mirage,5,13,3822,10
10-12-2020,2.66,Crypto,7,6,2534,6
28-3-2019,19.55,Mirage,3,2,1125,6
21-5-2021,20.28,Wraith,4,3,1814,3
28-4-2020,26.64,Gibraltar,3,7,2744,16
14-9-2020,23.82,Ash,4,5,2024,5
13-11-2020,1.48,Horizon,6,4,2997,20
21-3-2020,2.97,Caustic,9,9,5437,14
4-5-2020,26.16,Wraith,9,9,4652,7
17-3-2019,14.93,Gibraltar,2,9,3634,10
3-8-2020,18.42,Gibraltar,8,3,3778,1
12-7-2019,10.97,Mirage,7,2,2984,14
7-5-2021,8.48,Mad Maggie,6,4,2471,9
29-11-2021,5.53,Mirage,5,6,3318,14
4-5-2019,12.21,Lifeline,7,8,3943,11
17-4-2021,28.41,Lifeline,11,9,4354,18
18-1-2021,16.43,Crypto,3,6,2449,20
12-9-2022,16.08,Revenant,6,2,1941,11
11-8-2022,21.88,Mad Maggie,9,3,3822,12
3-9-2019,19.29,Wattson,5,4,3185,19
14-4-2021,26.9,Bangalore,8,7,5186,15
19-7-2019,21.52,Bangalore,5,5,2925,16
4-7-2020,2.55,Mirage,14,13,6415,13
30-1-2021,15.64,Bangalore,4,7,3304,11
24-11-2021,25.99,Pathfinder,5,9,3955,10
3-5-2021,21.44,Gibraltar,2,10,4044,11
5-10-2022,12.22,Octane,7,4,3224,1
4-8-2020,15.09,Bangalore,4,4,2302,5
15-2-2020,16.69,Gibraltar,5,12,6097,1
6-6-2021,25.65,Lifeline,16,7,8133,7
7-3-2019,8.87,Bangalore,5,2,2017,4
16-8-2022,17.06,Pathfinder,8,1,3171,9
5-1-2020,24.6,Lifeline,5,8,4251,13
5-11-2020,3.83,Crypto,4,4,2899,1
29-9-2019,4.14,Revenant,4,8,3517,6
7-3-2019,20.02,Lifeline,5,5,3850,15
13-2-2021,10.72,Wattson,6,7,4409,16
4-10-2019,27.22,Gibraltar,6,8,3949,4
19-6-2019,29.86,Octane,1,9,2945,9
20-7-2022,18.39,Gibraltar,3,3,1685,3
2-5-2019,0.89,Wattson,4,8,4361,20
17-5-2022,13.86,Valkyrie,4,5,2418,15
11-11-2020,8.29,Wraith,5,6,3186,13
8-9-2021,24.95,Octane,8,12,4866,4
22-9-2019,13.88,Bangalore,4,1,1551,11
6-4-2022,6.88,Caustic,1,2,1151,6
12-5-2021,22.11,Crypto,10,2,4370,3
22-6-2020,14.94,Pathfinder,5,4,2265,5
21-4-2021,23.38,Pathfinder,7,6,3793,3
27-8-2020,27.51,Pathfinder,11,8,4992,6
5-8-2022,28.5,Caustic,10,6,5840,19
17-4-2022,25.55,Crypto,5,1,1825,8
15-9-2020,9.26,Lifeline,4,1,1991,7
15-2-2021,12.5,Pathfinder,5,8,3491,7
16-2-2020,4.54,Ash,7,5,3926,6
18-2-2019,25.36,Mad Maggie,5,5,2992,13
22-3-2022,13.97,Horizon,12,6,6106,16
18-11-2020,7.37,Ash,7,12,5856,8
2-11-2020,9.71,Valkyrie,4,5,2878,9
1-11-2022,6.8,Wattson,3,1,1647,1
12-10-2020,4.97,Caustic,2,6,2280,16
10-7-2019,1.73,Ash,4,12,2491,18
24-3-2022,19.78,Bangalore,6,8,2560,15
9-9-2021,1.51,Octane,10,14,2433,2
9-6-2022,28.83,Ash,7,12,1309,2
18-7-2022,3.44,Mad Maggie,1,0,86,9
2-7-2019,3.96,Octane,4,7,2061,3
28-2-2020,25.14,Bloodhound,5,4,1492,5
14-8-2020,16.46,Bloodhound,5,3,748,11
27-2-2020,4.94,Mirage,9,8,2216,7
5-10-2019,17.48,Mirage,5,8,1214,13
14-8-2022,8.27,Mirage,8,6,2759,20
2-7-2020,26.77,Revenant,8,1,1070,5
28-9-2021,14.46,Pathfinder,1,2,345,6
30-12-2020,4.62,Pathfinder,8,4,1001,20
2-10-2020,24.52,Lifeline,12,12,2823,9
16-9-2022,24.93,Mirage,8,11,3173,9
11-9-2020,2.25,Ash,5,12,2337,15
19-8-2019,26.11,Gibraltar,12,10,3816,7
1-11-2020,26.64,Horizon,8,2,2243,14
5-11-2019,16.63,Bangalore,4,2,1377,11
24-4-2022,18.4,Gibraltar,8,5,1575,9
27-10-2021,5.72,Lifeline,8,5,3021,8
29-10-2022,27.79,Caustic,6,4,2100,1
19-6-2019,9.8,Bangalore,7,5,2822,10
31-12-2022,20.11,Bloodhound,6,10,1688,17
21-9-2022,24.23,Octane,2,6,806,19
25-12-2019,27.16,Lifeline,2,1,380,5
12-8-2022,11.74,Horizon,6,4,948,5
13-4-2022,15.05,Bangalore,8,6,2818,19
26-4-2020,23.9,Pathfinder,7,4,2522,11
2-4-2021,5.06,Octane,14,6,3124,18
24-9-2019,1.33,Wraith,8,13,2913,10
17-3-2021,17.96,Bloodhound,4,0,833,5
14-12-2021,0.27,Wraith,1,1,359,17
21-2-2020,13.74,Bloodhound,3,2,1224,20
30-10-2019,11.65,Horizon,5,6,1278,6
23-7-2019,3.74,Mad Maggie,4,8,1113,11
4-9-2022,20.6,Wraith,8,9,1709,3
19-3-2020,14.09,Bloodhound,6,8,3019,19
27-7-2021,20.39,Bloodhound,3,2,1050,16
19-5-2022,3.89,Bloodhound,1,1,277,20
10-10-2020,17.14,Pathfinder,4,4,1411,11
6-10-2021,15.98,Bangalore,3,4,934,6
25-11-2019,13.04,Mad Maggie,11,11,4284,16
11-2-2020,20.56,Caustic,13,7,4694,6
24-4-2020,20.7,Wraith,12,7,4158,18
15-11-2019,21.2,Valkyrie,8,0,1553,3
21-2-2021,21.5,Wattson,1,1,302,12
10-2-2019,29.28,Wattson,3,5,1905,5
18-12-2019,7.99,Ash,3,3,1497,14
28-12-2021,11.22,Gibraltar,6,6,3149,10
20-3-2021,23.48,Ash,12,8,2447,9
16-1-2021,27.79,Octane,9,11,2989,2
16-11-2021,1.32,Crypto,8,7,3580,11
5-6-2022,9.62,Bangalore,3,4,1120,14
26-12-2020,15.84,Octane,5,6,2466,13
20-9-2021,7.0,Crypto,5,4,1435,17
27-4-2020,20.12,Caustic,8,7,3319,9
28-3-2020,10.56,Wattson,9,7,2334,11
17-11-2022,21.06,Bloodhound,8,7,3256,1
28-5-2020,16.72,Bloodhound,1,3,951,6
10-12-2022,3.64,Wraith,1,3,708,12
1-8-2021,14.29,Valkyrie,4,3,959,4
27-5-2022,7.48,Horizon,3,3,1056,16
5-3-2021,19.82,Crypto,6,11,2867,7
25-1-2022,20.72,Octane,8,6,3757,18
16-11-2020,5.98,Gibraltar,14,6,3394,7
1-10-2019,13.42,Crypto,6,2,2196,19
2-8-2022,21.99,Bloodhound,1,4,815,14
13-7-2022,11.87,Ash,10,4,3382,15
24-8-2021,19.62,Caustic,4,10,2148,10
8-3-2022,20.76,Wattson,7,4,1555,8
23-7-2022,11.56,Bloodhound,7,10,4068,6
29-3-2020,6.77,Wattson,10,6,4213,10
11-11-2021,16.5,Pathfinder,2,0,370,15
12-1-2020,13.63,Lifeline,3,3,925,20
27-6-2020,24.67,Gibraltar,7,12,5050,9
23-7-2021,8.27,Ash,4,5,1330,16
8-5-2022,9.27,Bloodhound,4,4,1098,12
1-2-2022,26.47,Bloodhound,12,8,3759,9
26-9-2022,29.55,Pathfinder,6,10,4623,16
2-4-2019,19.26,Lifeline,0,10,1680,4
14-6-2022,17.07,Mirage,8,4,1876,3
15-2-2022,15.77,Bangalore,4,2,1295,15
6-12-2021,13.54,Mad Maggie,6,7,3220,17
17-3-2021,28.58,Mirage,5,6,2008,3
18-12-2021,24.29,Mad Maggie,9,7,4014,3
16-8-2020,13.3,Valkyrie,14,11,3646,15
2-1-2022,25.31,Wattson,1,2,777,11
27-8-2022,17.78,Caustic,3,3,1197,15
15-2-2021,19.34,Wattson,4,7,3052,17
31-7-2019,22.71,Bloodhound,4,4,2381,7
18-3-2019,15.28,Wraith,5,7,2225,13
13-6-2022,5.52,Lifeline,10,5,3522,17
22-10-2021,8.8,Pathfinder,11,11,3769,15
19-3-2019,20.3,Caustic,2,2,1062,19
30-7-2021,19.11,Mad Maggie,5,3,1352,12
13-12-2019,7.6,Octane,3,3,1290,17
27-10-2019,13.29,Wraith,9,8,2986,8
26-11-2020,16.79,Revenant,5,7,2540,12
19-7-2021,0.56,Lifeline,8,5,4021,7
21-4-2019,4.1,Mad Maggie,6,6,3592,13
17-2-2020,27.09,Bloodhound,4,4,1383,13
7-5-2022,14.48,Octane,3,1,1084,12
7-3-2022,10.15,Wraith,2,2,925,1
16-3-2019,23.27,Horizon,6,5,3366,18
9-12-2019,12.1,Wraith,5,5,1792,17
27-12-2022,16.04,Caustic,5,6,1836,20
23-2-2022,17.85,Wraith,10,10,5954,2
8-4-2021,23.65,Octane,6,5,2735,17
2-11-2021,15.89,Valkyrie,1,5,1360,14
2-5-2019,3.97,Mirage,4,3,2171,6
7-8-2021,23.5,Mirage,3,13,3983,5
17-11-2022,26.28,Bloodhound,8,5,2904,19
4-5-2019,29.91,Bangalore,7,6,3459,8
3-3-2019,25.88,Wraith,10,8,3276,2
5-3-2020,14.83,Ash,1,1,344,14
30-1-2020,0.4,Lifeline,1,4,1253,8
23-2-2020,28.37,Mirage,4,4,1454,2
6-1-2021,19.26,Gibraltar,4,8,2504,16
13-1-2020,16.13,Pathfinder,9,8,4672,4
21-5-2022,21.72,Pathfinder,11,7,5777,17
8-1-2020,23.36,Wraith,6,6,2993,14
28-2-2021,15.0,Gibraltar,5,4,2245,9
5-7-2022,24.94,Mirage,3,2,1434,19
13-10-2021,20.57,Ash,2,8,2649,9
8-7-2019,5.65,Mirage,4,3,1806,2
1-7-2021,0.1,Octane,9,4,3977,13
8-3-2021,21.82,Horizon,7,5,2862,11
10-4-2021,4.82,Bangalore,11,6,5223,6
2-2-2021,12.25,Lifeline,0,4,1177,7
21-8-2022,20.33,Pathfinder,5,7,2616,10
28-4-2021,21.18,Bangalore,3,2,1304,12
3-9-2022,15.16,Mad Maggie,4,8,3598,10
5-10-2020,25.23,Gibraltar,5,13,5935,1
12-6-2021,21.71,Crypto,9,5,2898,13
7-11-2019,21.73,Wattson,11,11,6664,19
29-11-2020,24.88,Ash,2,1,1011,15
8-8-2021,5.19,Octane,1,2,869,8
27-7-2019,17.47,Bangalore,4,5,2871,20
11-9-2019,0.53,Octane,3,3,1910,7
22-9-2019,18.29,Mirage,4,4,2125,16
19-8-2022,13.32,Bangalore,5,7,3552,11
29-12-2019,23.65,Ash,10,7,6050,13
29-9-2022,12.92,Octane,8,7,4271,12
21-3-2020,28.44,Bangalore,3,3,1376,6
30-9-2021,22.1,Pathfinder,4,4,2128,4
21-8-2021,12.94,Gibraltar,4,4,2140,5
6-8-2021,26.91,Wattson,5,7,3946,1
24-3-2022,12.86,Gibraltar,6,7,2932,14
12-1-2021,2.16,Wattson,11,6,4052,5
29-8-2019,6.01,Wraith,0,4,932,13
5-6-2021,1.4,Wattson,1,1,434,20
26-6-2022,15.23,Gibraltar,2,3,1759,10
16-8-2020,15.92,Ash,4,7,2551,20
7-9-2022,15.19,Wattson,4,6,2413,12
9-8-2021,16.67,Valkyrie,5,13,3803,9
22-9-2019,8.72,Crypto,7,6,4026,6
22-2-2019,9.14,Caustic,2,4,2097,12
29-3-2020,7.87,Gibraltar,2,2,1436,11
23-3-2020,2.18,Bloodhound,2,3,1139,17
15-2-2020,22.02,Wattson,5,4,3352,2
17-3-2019,0.5,Revenant,7,4,2962,20
28-12-2020,20.4,Mad Maggie,9,11,4476,19
13-11-2022,11.59,Lifeline,9,7,4237,20
5-6-2020,23.97,Crypto,2,2,1039,19
16-9-2019,22.47,Caustic,2,4,1635,1
26-5-2019,2.23,Octane,3,2,1483,11
5-9-2019,0.26,Gibraltar,5,6,2686,9
27-4-2022,29.77,Crypto,9,9,6634,15
16-10-2021,19.09,Ash,10,7,4411,3
8-7-2020,1.32,Wattson,6,11,3963,10
29-10-2021,17.27,Crypto,1,4,1568,18
21-1-2020,1.7,Ash,5,1,1693,12
17-9-2021,17.52,Pathfinder,9,2,3884,20
24-8-2022,5.12,Horizon,4,7,4073,7
12-4-2021,2.41,Lifeline,10,4,4217,6
15-1-2021,21.77,Valkyrie,6,15,6441,8
5-2-2020,14.8,Mad Maggie,11,11,7323,8
15-12-2021,1.76,Pathfinder,3,1,1063,16
18-11-2021,15.47,Revenant,4,2,1962,6
29-4-2019,25.24,Horizon,5,5,3860,16
17-5-2020,13.42,Gibraltar,4,4,2034,20
27-2-2019,11.17,Octane,5,12,4467,19
13-2-2021,21.61,Pathfinder,8,6,4107,5
1-7-2022,16.18,Bloodhound,7,7,4318,13
19-1-2022,17.25,Ash,6,6,3664,19
7-8-2021,28.2,Caustic,3,4,1750,19
20-7-2022,3.7,Horizon,2,2,1593,8
12-12-2019,25.41,Bangalore,6,6,3232,12
19-11-2020,2.47,Valkyrie,4,7,3841,19
20-12-2020,2.63,Wraith,10,5,4218,1
8-2-2021,28.26,Wattson,7,10,5734,13
12-12-2019,6.46,Horizon,5,0,1523,18
2-9-2020,19.0,Caustic,6,4,3498,1
5-4-2021,28.88,Revenant,4,6,3393,8
26-5-2021,1.26,Valkyrie,8,4,3044,5
8-11-2020,17.72,Bloodhound,8,6,5707,19
25-5-2022,20.32,Gibraltar,12,10,6935,19
14-11-2021,14.56,Octane,7,6,4559,18
14-8-2022,5.15,Wattson,5,0,410,3
28-2-2021,16.99,Wraith,5,2,407,14
10-7-2019,14.94,Horizon,6,8,1054,17
2-5-2022,23.37,Bangalore,5,7,1216,14
6-1-2020,15.24,Horizon,5,5,772,1
3-11-2021,8.42,Crypto,6,7,1707,8
18-12-2022,9.47,Ash,8,6,1444,7
3-12-2021,18.15,Mirage,3,1,824,18
4-9-2022,21.71,Valkyrie,2,1,373,11
29-8-2019,15.82,Horizon,2,6,971,13
2-10-2022,22.26,Mirage,5,5,1374,11
5-1-2020,6.67,Octane,7,6,1805,12
2-5-2019,9.83,Lifeline,6,9,2030,7
31-3-2020,19.17,Octane,6,12,3845,13
17-1-2021,18.01,Crypto,1,0,137,16
27-10-2021,11.34,Horizon,1,2,706,18
1-12-2022,12.22,Octane,6,5,1525,14
26-12-2020,7.72,Mirage,3,8,1602,14
2-3-2021,7.57,Pathfinder,11,7,3777,3
8-11-2022,9.61,Wattson,5,10,1068,11
4-8-2022,8.09,Horizon,11,11,4154,11
31-10-2022,1.78,Octane,0,5,598,12
14-4-2021,7.67,Bloodhound,1,1,257,5
4-1-2022,4.05,Octane,2,4,521,11
25-10-2021,17.92,Wraith,5,3,1258,6
3-10-2019,2.72,Ash,7,10,3628,9
7-6-2019,1.99,Valkyrie,5,9,1764,11
10-9-2020,29.69,Crypto,9,8,2706,13
3-7-2019,2.44,Revenant,2,3,680,6
18-11-2020,3.12,Wraith,4,1,615,7
19-6-2021,7.1,Horizon,2,2,841,5
8-7-2022,25.05,Gibraltar,3,4,809,15
28-11-2021,1.49,Gibraltar,10,6,1373,9
11-2-2019,22.95,Caustic,10,7,3588,19
16-11-2021,7.2,Revenant,6,7,2635,5
3-11-2019,25.64,Wattson,2,4,1190,8
9-2-2021,11.62,Lifeline,2,3,1258,17
15-2-2022,20.9,Pathfinder,3,3,613,1
19-8-2021,2.36,Mirage,4,5,1079,15
9-2-2022,20.93,Mirage,4,9,1572,15
27-4-2022,7.32,Pathfinder,5,6,1115,11
29-5-2021,22.1,Mirage,7,7,1667,2
15-12-2021,7.01,Caustic,1,3,766,8
5-2-2022,26.05,Revenant,3,6,1807,17
26-8-2022,22.05,Mirage,4,8,2061,13
20-5-2019,27.45,Valkyrie,4,4,2003,8
23-4-2022,22.38,Lifeline,6,4,1158,15
1-12-2019,15.7,Lifeline,7,6,2495,15
13-4-2021,21.12,Horizon,10,10,4035,7
11-5-2019,25.68,Horizon,2,2,702,8
2-10-2021,5.63,Horizon,4,4,1182,15
1-7-2021,23.5,Crypto,5,7,1648,5
22-1-2020,7.98,Horizon,6,3,1873,20
26-3-2022,11.64,Wraith,4,10,2372,4
5-8-2019,15.44,Wattson,5,13,3621,6
4-7-2021,13.03,Caustic,7,10,2681,19
7-10-2022,11.17,Revenant,3,1,641,6
16-2-2020,8.55,Mad Maggie,1,1,242,15
11-5-2021,27.35,Mirage,5,3,1316,9
29-9-2021,2.44,Wattson,3,5,1442,17
24-2-2020,2.89,Octane,4,4,2057,17
18-12-2019,10.0,Mirage,9,5,1829,12
6-9-2022,15.27,Octane,6,7,3219,14
9-5-2019,26.21,Revenant,0,4,874,11
13-10-2022,25.97,Crypto,8,7,2561,12
29-6-2019,11.82,Revenant,7,2,2485,7
1-5-2019,2.22,Gibraltar,9,4,3075,1
27-5-2021,3.94,Wattson,7,11,4916,7
23-2-2020,13.53,Bangalore,7,8,3708,17
2-9-2022,1.15,Valkyrie,6,7,2094,9
31-10-2021,10.35,Gibraltar,1,8,2180,10
4-9-2022,26.26,Bloodhound,9,2,2546,10
2-7-2020,8.65,Mad Maggie,7,2,2637,5
14-5-2021,16.57,Gibraltar,6,3,1911,9
10-5-2022,29.43,Mirage,6,6,2075,11
29-5-2019,4.75,Octane,5,5,1537,9
1-11-2022,16.23,Pathfinder,8,7,3928,15
13-1-2020,11.97,Gibraltar,4,1,873,3
1-11-2020,28.01,Horizon,4,2,822,15
5-7-2022,21.18,Wraith,6,3,1636,6
12-3-2022,17.72,Gibraltar,6,5,2479,15
10-1-2021,7.16,Octane,7,4,2491,2
20-4-2019,27.59,Gibraltar,12,11,4931,4
1-12-2022,18.1,Caustic,7,6,2652,4
16-10-2019,5.4,Ash,3,4,1979,16
25-3-2021,15.37,Pathfinder,4,8,1669,17
20-8-2021,8.02,Bloodhound,3,8,1840,8
5-7-2019,7.03,Octane,11,4,4472,2
6-11-2019,17.22,Pathfinder,5,6,2885,12
2-8-2021,4.47,Octane,7,7,2834,6
21-2-2022,3.78,Valkyrie,6,7,3682,11
12-7-2022,29.37,Pathfinder,0,2,432,15
8-3-2019,26.68,Lifeline,6,2,1453,14
19-8-2022,25.95,Octane,3,5,2038,7
30-4-2019,18.46,Wattson,10,7,3319,18
26-11-2021,6.73,Caustic,5,4,2149,8
3-8-2019,16.8,Ash,7,13,4540,9
14-1-2022,10.11,Wraith,7,6,3695,13
2-8-2022,16.13,Octane,1,4,1085,2
2-6-2021,13.98,Crypto,3,4,1535,19
7-11-2022,14.78,Pathfinder,6,2,1787,16
11-4-2021,1.03,Mad Maggie,3,4,2082,18
15-12-2020,29.89,Crypto,5,5,3001,11
11-4-2022,18.08,Wraith,9,9,5129,6
12-8-2022,1.54,Ash,14,6,6378,12
19-12-2020,13.88,Pathfinder,3,6,1405,8
18-7-2020,11.18,Gibraltar,5,1,1296,17
27-4-2022,9.84,Octane,5,4,2338,17
16-8-2019,14.06,Horizon,4,4,2186,17
14-2-2022,0.36,Valkyrie,6,5,2637,20
4-10-2022,18.37,Lifeline,8,5,2396,1
13-9-2019,9.18,Lifeline,8,7,4787,18
25-3-2022,1.97,Wraith,4,0,836,3
14-12-2022,20.03,Bangalore,4,5,2045,11
26-3-2020,17.41,Octane,4,4,1614,7
9-5-2019,28.11,Revenant,11,9,3786,1
12-10-2022,3.55,Wraith,9,4,2838,8
7-4-2019,24.59,Mad Maggie,11,9,5212,17
24-12-2022,15.51,Lifeline,8,9,4194,16
4-4-2019,29.35,Horizon,0,4,799,16
26-11-2022,18.46,Bangalore,1,3,1192,13
27-12-2020,22.01,Revenant,3,7,2781,15
22-3-2021,7.92,Mad Maggie,7,11,5338,3
20-11-2020,25.15,Caustic,9,11,4588,15
16-12-2021,25.82,Horizon,6,13,5289,7
25-2-2022,4.51,Wattson,10,7,5834,12
9-10-2019,0.38,Mirage,0,0,0,3
9-10-2021,9.87,Horizon,1,5,1869,1
13-9-2020,10.47,Revenant,2,5,1356,5
2-10-2022,29.59,Valkyrie,7,7,3466,16
21-10-2019,18.61,Bloodhound,6,5,2968,15
28-1-2021,7.92,Wattson,8,9,5748,4
13-11-2020,26.96,Crypto,12,8,6733,14
19-7-2022,6.31,Octane,0,0,0,10
24-8-2019,8.63,Ash,1,1,400,15
15-12-2020,8.98,Wraith,9,5,3686,12
23-11-2022,3.22,Mad Maggie,7,5,3500,5
29-8-2022,26.54,Horizon,8,4,3755,4
9-8-2021,23.28,Valkyrie,9,5,3136,12
30-1-2020,25.37,Wraith,9,8,5891,12
24-5-2021,9.93,Mirage,2,7,2206,6
16-10-2021,1.64,Wattson,8,5,3435,5
4-5-2021,0.04,Bangalore,2,4,1608,16
4-7-2019,22.87,Ash,5,6,2833,14
5-2-2020,11.81,Revenant,7,7,5041,6
26-6-2021,15.4,Lifeline,6,6,3517,3
30-1-2020,3.93,Bloodhound,7,8,5346,13
10-8-2020,15.85,Bloodhound,1,2,947,10
1-4-2022,14.23,Revenant,5,7,3589,3
27-10-2021,21.2,Caustic,7,7,3649,8
18-6-2020,4.57,Wattson,3,5,2316,19
6-6-2021,18.05,Octane,6,6,2595,9
31-7-2020,18.38,Bloodhound,5,7,3914,6
15-6-2021,18.97,Mirage,14,8,4962,11
13-3-2020,27.78,Crypto,5,3,2469,9
25-7-2022,22.33,Gibraltar,2,3,1332,17
13-3-2020,15.22,Valkyrie,3,7,2653,18
6-7-2022,25.9,Wraith,4,11,4893,14
10-8-2021,24.18,Bloodhound,6,7,3160,14
7-3-2021,23.6,Octane,5,12,6005,20
24-12-2020,17.51,Valkyrie,12,6,5002,7
12-3-2020,10.47,Lifeline,1,4,1268,6
1-7-2020,2.59,Gibraltar,1,3,1345,15
18-1-2020,25.26,Caustic,8,4,4215,10
5-8-2020,21.4,Horizon,8,6,4126,11
6-7-2019,26.98,Revenant,7,5,2715,6
16-12-2022,25.18,Gibraltar,14,5,6771,17
28-2-2021,7.22,Revenant,8,9,4884,16
22-6-2021,9.3,Bangalore,1,1,482,6
8-10-2022,19.8,Horizon,3,2,1838,13
12-6-2022,29.48,Mad Maggie,12,2,3206,10
27-10-2019,13.19,Bangalore,8,5,4466,6
7-10-2021,19.05,Valkyrie,5,12,4082,3
23-7-2021,25.52,Bangalore,7,9,4691,18
26-7-2019,20.08,Bloodhound,10,7,4170,18
3-2-2021,26.77,Pathfinder,2,3,1951,12
16-5-2020,1.41,Octane,4,3,2206,19
19-12-2019,3.19,Bloodhound,8,6,4409,12
17-12-2022,20.42,Mad Maggie,5,3,2276,18
1-8-2022,7.61,Lifeline,4,4,2685,9
25-7-2021,20.22,Lifeline,5,7,3657,6
15-2-2019,12.76,Mirage,7,11,5891,17
3-6-2019,22.08,Pathfinder,5,0,1315,10
21-10-2021,27.21,Octane,6,2,1943,17
6-6-2021,18.54,Crypto,4,6,3274,5
10-9-2019,2.37,Mad Maggie,4,6,3644,2
9-1-2020,19.03,Crypto,6,7,4662,4
16-10-2021,8.62,Horizon,5,8,3580,18
23-2-2019,5.06,Mad Maggie,7,11,5719,19
20-3-2019,7.31,Revenant,0,2,698,4
26-8-2019,29.27,Ash,2,3,1894,17
26-4-2020,29.97,Ash,5,5,3177,5
27-7-2021,6.93,Bangalore,3,4,2609,15
29-11-2020,0.83,Horizon,6,4,3536,6
4-12-2019,15.63,Gibraltar,5,5,3804,15
16-10-2020,10.55,Octane,14,8,5628,14
28-10-2020,24.35,Crypto,10,4,3995,6
16-5-2022,2.6,Bloodhound,4,3,2873,7
20-8-2020,18.27,Gibraltar,2,6,2990,1
18-4-2021,13.62,Mad Maggie,5,8,3516,1
20-2-2019,19.91,Bangalore,4,6,1697,1
16-12-2019,29.92,Valkyrie,6,8,1091,1
9-5-2021,15.23,Lifeline,7,6,1500,5
8-4-2022,12.04,Pathfinder,0,7,1149,1
8-3-2021,27.12,Lifeline,4,9,1729,15
29-4-2022,4.3,Bangalore,2,3,281,19
23-1-2020,28.36,Octane,3,4,1028,5
5-6-2021,10.44,Wattson,8,11,3414,14
9-3-2022,5.51,Bloodhound,8,6,1854,20
14-12-2022,5.38,Valkyrie,8,8,2325,3
30-11-2020,24.63,Valkyrie,1,0,128,18
29-8-2022,6.0,Ash,3,4,515,17
5-2-2021,9.63,Ash,2,2,629,7
6-2-2022,12.82,Octane,8,4,1390,8
30-10-2021,4.27,Crypto,4,5,1133,13
29-6-2019,16.15,Mirage,5,6,1988,20
17-9-2020,1.84,Horizon,7,7,2347,10
18-8-2022,3.15,Valkyrie,0,2,170,2
18-6-2019,18.23,Lifeline,5,1,1093,5
27-12-2022,20.69,Mad Maggie,5,5,2075,13
1-9-2022,15.54,Caustic,8,4,1727,17
1-10-2019,5.28,Ash,5,4,700,10
6-5-2022,3.52,Pathfinder,7,5,1189,2
10-2-2022,16.65,Mad Maggie,6,6,2708,15
9-6-2020,5.77,Wattson,3,1,905,17
3-12-2022,29.53,Caustic,6,9,2877,18
11-2-2022,13.27,Ash,4,3,1340,18
24-12-2020,10.58,Pathfinder,5,6,1259,1
10-2-2020,3.48,Lifeline,9,9,4186,6
21-4-2022,8.44,Lifeline,8,11,3193,3
7-9-2020,14.26,Mad Maggie,6,10,1401,16
24-4-2021,20.67,Mad Maggie,7,2,2185,20
9-4-2022,5.8,Bangalore,1,2,619,5
30-11-2019,7.42,Revenant,5,7,2434,15
22-3-2019,14.43,Caustic,6,4,1948,6
23-11-2019,22.73,Caustic,7,13,4042,20
4-8-2020,8.49,Gibraltar,6,11,3587,16
18-11-2020,12.21,Horizon,6,10,2683,7
11-8-2019,21.53,Crypto,5,1,685,8
19-6-2021,12.62,Horizon,2,1,412,10
26-3-2021,1.47,Gibraltar,7,4,1319,16
9-5-2022,1.94,Bangalore,7,8,2729,2
31-5-2019,17.9,Pathfinder,5,9,2801,3
29-6-2019,16.15,Pathfinder,11,6,3763,3
24-3-2021,9.06,Valkyrie,11,11,3921,20
13-3-2022,24.33,Valkyrie,3,1,475,15
13-3-2019,6.22,Revenant,8,3,2018,16
25-12-2019,27.43,Mirage,7,4,1563,1
19-4-2021,11.26,Gibraltar,3,5,1889,20
31-7-2021,18.9,Pathfinder,4,4,1371,15
19-6-2021,18.96,Octane,6,8,3370,14
15-1-2022,2.03,Caustic,10,9,4334,12
17-7-2020,10.2,Wraith,1,0,249,11
19-8-2022,2.05,Crypto,1,2,340,18
18-3-2021,3.28,Revenant,4,3,946,1
5-5-2021,14.13,Revenant,6,11,3499,5
24-8-2019,21.82,Bloodhound,4,7,1778,10
14-8-2021,26.6,Horizon,8,13,3073,1
14-9-2022,4.81,Valkyrie,7,11,2748,15
2-5-2022,5.53,Octane,4,5,2257,7
13-8-2021,16.45,Octane,2,2,815,16
9-11-2022,24.62,Caustic,2,5,996,15
13-3-2020,0.89,Crypto,3,3,1491,5
1-11-2020,9.39,Wattson,5,5,1532,17
17-9-2020,1.37,Mirage,11,10,4415,3
29-6-2021,20.49,Octane,6,8,3608,9
25-9-2020,25.44,Bangalore,0,0,0,3
29-6-2021,25.75,Octane,2,1,712,14
6-3-2022,17.65,Bangalore,3,6,1501,15
24-7-2022,28.03,Bangalore,3,11,3171,18
30-5-2019,2.47,Gibraltar,7,6,3098,1
16-7-2019,7.09,Crypto,6,5,2615,1
27-4-2020,4.43,Pathfinder,7,14,3810,4
9-5-2020,24.97,Bangalore,2,4,1251,3
16-6-2022,7.98,Mad Maggie,9,9,4619,12
17-7-2021,22.86,Pathfinder,10,3,3565,3
24-7-2021,12.59,Octane,9,4,3150,3
23-2-2021,23.81,Lifeline,6,9,2493,8
2-9-2020,3.88,Mirage,13,5,2856,15
1-9-2022,7.96,Pathfinder,10,7,4282,6
15-11-2020,26.91,Octane,5,2,2117,8
19-3-2021,19.78,Octane,5,3,2299,7
19-8-2020,18.45,Horizon,3,2,1422,5
19-5-2021,18.43,Bangalore,6,9,2094,16
16-4-2019,27.28,Mirage,9,5,3111,18
7-9-2022,26.29,Wattson,8,8,3912,17
9-12-2021,17.55,Caustic,14,10,3830,12
18-8-2022,0.69,Horizon,0,1,246,16
15-12-2020,2.36,Revenant,2,2,697,11
26-5-2020,18.11,Lifeline,2,2,1143,19
11-12-2021,18.01,Crypto,4,3,1827,9
30-10-2020,26.74,Bloodhound,5,4,2260,11
20-11-2019,12.02,Valkyrie,10,5,4167,13
20-11-2021,0.64,Mad Maggie,13,6,4034,18
8-3-2019,5.22,Revenant,4,2,1558,11
26-4-2021,28.93,Lifeline,6,3,1409,4
5-12-2020,7.2,Octane,3,5,2080,11
3-10-2022,29.9,Lifeline,4,7,2767,1
4-9-2019,26.85,Bloodhound,11,5,4376,4
13-11-2019,0.29,Mirage,5,5,1679,4
9-2-2019,9.25,Horizon,6,10,4643,16
26-11-2020,25.35,Horizon,3,5,2346,1
30-6-2021,22.11,Mad Maggie,2,6,2140,6
7-8-2022,3.66,Horizon,3,2,1355,20
31-1-2021,24.66,Bangalore,4,6,2514,2
20-3-2021,18.5,Valkyrie,5,8,3612,12
3-9-2020,29.49,Mirage,5,12,4485,17
31-1-2021,26.74,Ash,13,11,6633,12
7-6-2021,10.0,Wattson,5,1,1234,4
12-1-2022,18.47,Pathfinder,4,1,1161,3
1-10-2021,5.27,Octane,4,2,1602,20
4-9-2021,15.62,Crypto,5,3,2401,18
17-8-2020,22.75,Mirage,7,5,3208,12
10-11-2019,0.17,Ash,6,6,2400,3
28-2-2020,13.76,Ash,14,7,5291,14
17-7-2020,25.58,Octane,6,1,1235,1
9-5-2020,14.3,Ash,8,3,1967,8
6-6-2020,19.0,Pathfinder,3,4,2050,18
16-9-2019,9.05,Octane,9,6,2771,15
19-9-2021,5.52,Gibraltar,7,5,3763,18
3-4-2021,2.17,Bangalore,5,14,3617,19
28-10-2019,13.21,Gibraltar,9,6,3178,6
13-9-2020,13.36,Caustic,9,1,3541,18
14-5-2019,10.11,Caustic,10,2,4182,11
18-11-2022,1.22,Caustic,3,2,1376,14
1-8-2020,2.67,Caustic,3,5,2624,12
7-12-2019,15.62,Caustic,6,6,2718,20
18-2-2021,26.91,Crypto,6,6,2689,17
7-9-2021,10.0,Valkyrie,6,6,2425,20
12-9-2022,12.86,Crypto,4,1,935,7
15-1-2020,23.5,Lifeline,4,2,2093,8
16-2-2019,29.82,Wraith,4,3,1602,14
1-11-2020,1.15,Horizon,3,3,1477,5
23-1-2022,6.57,Bloodhound,6,7,2874,12
10-8-2020,2.66,Valkyrie,5,10,3720,20
16-12-2020,11.96,Bloodhound,7,10,4200,19
20-4-2022,24.92,Wraith,1,7,2140,7
22-11-2019,12.42,Octane,7,4,2353,20
17-11-2020,16.23,Wraith,5,9,4210,3
16-10-2021,20.78,Caustic,3,4,1446,11
14-2-2020,11.03,Wraith,8,7,3688,17
26-3-2022,8.58,Horizon,5,7,3350,1
4-12-2020,26.88,Gibraltar,11,6,4813,12
8-8-2019,3.77,Horizon,7,2,1984,10
14-7-2021,10.47,Revenant,2,1,635,12
25-8-2020,28.48,Wraith,3,4,1924,4
28-1-2021,6.77,Ash,9,5,5122,19
28-4-2021,11.49,Caustic,10,5,3585,15
18-12-2019,25.78,Valkyrie,7,9,3575,14
1-10-2020,27.75,Lifeline,9,11,6260,7
1-7-2019,16.98,Wraith,1,1,680,1
9-11-2020,5.78,Valkyrie,3,4,2290,19
29-3-2019,15.82,Horizon,6,2,2124,7
17-6-2020,1.99,Horizon,6,6,4124,2
23-4-2022,20.93,Revenant,10,6,3938,1
24-2-2022,26.61,Caustic,13,10,8047,11
19-9-2021,19.09,Revenant,10,14,7576,5
4-2-2020,11.95,Pathfinder,1,3,867,1
4-10-2020,28.42,Wraith,11,2,4972,8
28-5-2019,29.0,Pathfinder,4,4,2666,3
23-11-2022,3.22,Horizon,8,6,5058,3
6-9-2022,3.8,Crypto,4,7,3726,9
30-8-2020,17.25,Ash,12,8,6377,10
13-9-2019,7.63,Bloodhound,10,11,6237,19
16-11-2020,0.99,Mirage,2,1,949,20
13-4-2020,27.49,Wraith,2,4,1637,19
12-5-2022,5.75,Bangalore,7,5,2736,13
25-5-2019,25.61,Crypto,5,4,3072,14
11-6-2022,8.99,Mirage,4,4,2829,1
22-10-2021,24.22,Revenant,8,11,6464,6
14-1-2020,20.57,Mad Maggie,7,6,3380,17
28-1-2022,13.14,Wraith,0,8,2364,17
5-6-2022,27.53,Octane,1,3,1379,12
17-9-2022,21.12,Revenant,4,3,1727,14
26-11-2019,6.48,Lifeline,3,3,1831,15
25-4-2019,6.87,Gibraltar,5,4,3344,5
26-5-2022,15.91,Bangalore,9,7,4620,5
9-2-2019,6.28,Gibraltar,7,6,3845,19
16-5-2021,20.16,Gibraltar,1,5,1603,16
18-3-2022,4.66,Gibraltar,6,2,2199,10
4-6-2020,13.91,Pathfinder,2,4,1949,20
13-4-2019,12.93,Gibraltar,4,10,5194,10
20-12-2019,21.19,Valkyrie,13,6,5823,13
1-6-2021,2.3,Mad Maggie,13,6,7378,13
9-9-2020,3.56,Lifeline,7,6,3824,17
30-8-2020,6.05,Valkyrie,4,0,1011,11
2-12-2022,18.62,Bangalore,3,2,1299,13
27-12-2019,14.83,Caustic,3,7,3738,8
28-8-2019,10.6,Octane,7,8,5110,8
6-5-2021,4.7,Mirage,5,4,2222,11
15-8-2019,0.79,Mad Maggie,5,8,3141,1
24-12-2022,5.85,Wattson,6,7,4435,12
10-4-2021,22.52,Mad Maggie,2,4,2117,1
5-6-2022,26.03,Wraith,4,2,1793,12
9-3-2020,3.25,Pathfinder,5,9,5015,6
6-2-2021,6.87,Gibraltar,9,4,5401,13
25-12-2020,21.44,Mirage,7,5,4397,14
31-12-2021,26.99,Valkyrie,8,7,5722,11
20-10-2019,26.24,Mirage,10,7,6149,6
30-11-2019,17.98,Pathfinder,1,5,2109,12
31-5-2019,22.26,Horizon,2,1,374,18
31-3-2019,25.52,Revenant,7,2,1389,19
6-10-2019,3.74,Ash,5,3,1525,5
5-10-2021,19.42,Valkyrie,5,4,1037,10
1-10-2021,5.78,Mirage,10,5,1466,11
13-11-2021,19.42,Wraith,9,8,1747,18
20-5-2021,2.14,Crypto,8,0,1383,7
10-8-2022,8.29,Mirage,10,1,1331,4
27-11-2021,2.1,Mad Maggie,10,2,1929,14
21-6-2021,6.17,Bangalore,7,4,2338,6
6-9-2022,9.12,Wattson,8,4,1279,12
9-2-2021,20.59,Bangalore,7,7,1098,5
6-3-2022,4.68,Wattson,7,6,2248,1
7-12-2020,26.74,Bloodhound,4,6,2111,5
12-6-2021,26.1,Pathfinder,4,2,1149,14
12-9-2022,4.49,Mirage,3,3,1067,9
18-10-2022,22.31,Wraith,3,4,566,11
26-7-2022,11.17,Valkyrie,11,6,3091,17
9-11-2020,13.8,Mirage,11,6,2571,20
30-3-2019,6.93,Gibraltar,11,6,2641,6
17-6-2022,4.93,Mirage,0,2,366,9
5-11-2022,1.86,Bloodhound,3,4,705,14
9-1-2022,21.83,Gibraltar,6,5,1730,5
1-11-2022,18.4,Horizon,4,7,2103,12
14-10-2021,12.11,Lifeline,5,6,1330,5
23-1-2020,15.81,Bloodhound,6,5,2416,14
12-11-2021,28.05,Valkyrie,10,11,1782,19
8-10-2022,28.96,Horizon,1,3,414,10
27-6-2021,6.53,Pathfinder,2,6,1309,12
21-6-2020,18.65,Horizon,3,5,1267,13
20-9-2019,0.94,Ash,3,6,1156,8
19-11-2020,29.06,Octane,7,5,1215,16
6-9-2021,27.82,Wraith,7,11,2116,4
24-2-2022,0.65,Gibraltar,7,11,3659,16
6-3-2021,19.67,Ash,1,1,487,4
16-5-2020,24.9,Horizon,7,2,2230,20
2-1-2022,21.68,Crypto,4,6,2098,14
12-10-2019,19.71,Revenant,3,3,1305,12
12-10-2019,27.83,Mirage,8,8,1873,3
13-1-2021,28.82,Ash,12,11,5673,8
14-8-2020,11.26,Octane,10,9,3802,17
27-3-2019,25.57,Pathfinder,4,2,1499,7
23-1-2020,25.53,Ash,3,6,1125,20
18-12-2019,27.47,Valkyrie,9,11,2175,11
29-1-2021,25.02,Ash,8,13,2165,3
22-12-2020,11.01,Ash,8,4,2431,5
22-12-2022,14.36,Caustic,9,7,3830,15
1-5-2022,18.29,Mad Maggie,6,6,2171,7
27-10-2019,6.67,Mirage,3,3,1252,18
17-9-2021,11.62,Gibraltar,2,5,719,5
1-12-2020,0.89,Ash,5,5,1153,1
19-11-2022,14.92,Horizon,5,10,3828,18
4-4-2022,25.34,Mad Maggie,8,8,3997,1
10-3-2021,0.23,Horizon,7,14,4243,7
22-4-2022,11.69,Valkyrie,6,9,2473,9
26-12-2022,3.54,Valkyrie,6,1,1876,4
24-7-2021,22.33,Gibraltar,2,5,1059,13
22-1-2022,2.94,Mirage,5,2,1152,10
26-11-2019,27.96,Horizon,4,4,2037,13
19-12-2021,11.7,Mirage,4,6,1915,6
24-10-2020,1.2,Horizon,8,5,3040,19
9-7-2021,1.59,Ash,6,6,2014,17
19-3-2019,14.22,Horizon,1,4,1250,3
1-10-2022,13.36,Mad Maggie,4,3,1752,19
2-9-2021,18.84,Octane,3,12,3042,6
30-12-2020,23.53,Pathfinder,7,4,1511,8
25-4-2020,0.03,Octane,6,6,2254,7
3-6-2019,25.95,Pathfinder,10,7,3617,8
11-5-2019,14.1,Bangalore,9,12,3640,2
19-12-2022,18.23,Horizon,2,0,353,17
21-2-2022,10.94,Mirage,7,5,1980,10
26-2-2019,22.24,Pathfinder,6,3,2094,18
8-2-2020,23.16,Lifeline,3,5,1776,20
10-12-2019,24.55,Wraith,5,6,3119,5
17-9-2021,5.21,Octane,5,5,1885,20
14-8-2020,26.7,Horizon,10,10,2708,15
9-5-2022,17.21,Pathfinder,2,1,848,4
7-2-2022,26.22,Mad Maggie,7,3,2143,14
30-6-2022,13.73,Octane,9,3,2723,4
1-4-2022,14.74,Caustic,6,8,3554,5
10-7-2019,29.07,Octane,6,5,1870,16
20-10-2019,8.3,Mirage,7,5,1840,5
30-12-2020,18.8,Revenant,9,6,3721,15
23-12-2019,26.9,Horizon,1,2,815,17
27-8-2020,1.73,Octane,4,3,1217,3
20-5-2019,23.35,Ash,10,10,4031,17
2-10-2021,29.84,Valkyrie,4,5,2345,11
2-9-2021,6.5,Wattson,7,4,3300,9
13-12-2021,22.83,Bangalore,13,7,4156,8
29-8-2022,0.53,Horizon,7,14,3156,8
29-5-2020,15.7,Mad Maggie,1,1,380,7
3-11-2020,3.06,Gibraltar,2,7,2427,8
11-11-2022,11.97,Wattson,6,2,1801,10
28-11-2019,22.22,Crypto,5,5,1661,10
4-11-2019,4.32,Lifeline,9,7,4406,20
7-6-2019,8.0,Bloodhound,13,6,5620,17
5-10-2022,9.54,Wattson,7,7,3338,16
28-3-2020,11.21,Valkyrie,0,2,339,1
22-12-2020,27.45,Revenant,4,2,951,7
22-12-2022,27.63,Mirage,3,5,2319,9
8-9-2021,19.05,Bloodhound,13,4,3508,5
8-3-2020,26.64,Mirage,9,5,4286,16
28-2-2020,21.46,Revenant,9,6,3476,6
18-12-2019,17.62,Caustic,7,7,2962,6
30-3-2021,28.88,Gibraltar,3,1,869,19
24-11-2020,17.37,Revenant,9,1,2844,9
20-3-2022,6.54,Ash,5,2,2161,1
30-11-2021,27.19,Lifeline,8,7,3554,1
5-11-2020,10.46,Octane,5,7,3635,5
9-6-2019,4.98,Mad Maggie,10,10,5125,8
3-3-2020,14.12,Mad Maggie,8,9,3703,15
18-10-2022,18.21,Mad Maggie,2,3,959,15
28-7-2020,7.55,Crypto,2,5,1186,10
28-8-2022,14.75,Octane,6,4,2353,14
2-10-2019,4.35,Horizon,6,4,2970,4
19-12-2021,26.91,Bloodhound,12,4,4451,20
9-9-2021,6.86,Crypto,7,8,4035,5
28-10-2020,3.04,Revenant,6,9,3483,19
14-11-2019,4.31,Mirage,0,2,411,17
23-6-2020,7.33,Wattson,2,4,1826,1
16-9-2021,25.87,Mad Maggie,4,9,3630,20
6-5-2021,19.85,Wraith,7,7,4214,5
27-2-2019,9.45,Crypto,5,4,2005,14
14-5-2021,27.44,Revenant,7,11,4296,14
9-9-2020,27.57,Bangalore,7,7,3680,12
6-6-2022,27.99,Mirage,1,4,1185,4
14-6-2022,2.5,Octane,1,2,727,18
30-8-2021,14.54,Mirage,6,6,2972,8
7-8-2021,9.62,Wattson,5,3,2175,2
1-7-2022,20.83,Lifeline,10,9,4316,6
22-8-2020,15.61,Bloodhound,10,9,3739,7
28-7-2019,10.38,Valkyrie,6,6,2439,11
16-1-2020,9.9,Crypto,4,0,908,1
11-10-2020,15.39,Horizon,4,2,1610,1
17-8-2020,24.69,Lifeline,4,4,1539,12
12-1-2022,14.67,Octane,3,9,3030,5
11-7-2021,24.45,Revenant,6,6,2424,17
10-2-2021,11.14,Revenant,6,11,3271,18
7-6-2022,5.17,Lifeline,6,7,3170,12
10-3-2020,3.15,Ash,4,6,2791,13
29-12-2021,17.52,Octane,3,2,1134,2
9-10-2021,11.06,Mad Maggie,4,5,2102,18
23-2-2019,26.17,Pathfinder,10,6,5466,9
10-3-2021,27.67,Crypto,5,12,4134,11
3-5-2020,0.22,Bloodhound,7,5,2750,7
19-12-2019,4.17,Mad Maggie,9,6,4764,14
18-11-2020,22.02,Ash,2,6,2021,4
28-2-2019,22.33,Wraith,3,2,1180,11
3-3-2021,11.18,Bloodhound,2,3,1661,9
7-1-2021,6.96,Wattson,4,7,3800,13
12-11-2020,19.67,Valkyrie,7,6,2764,2
19-6-2021,27.17,Valkyrie,8,9,5552,8
2-8-2020,20.54,Revenant,8,10,4896,8
25-3-2020,3.23,Revenant,4,0,1257,19
8-11-2020,11.63,Bloodhound,1,2,760,14
22-11-2021,11.71,Bloodhound,3,6,2999,9
1-9-2021,20.47,Crypto,12,4,5650,17
17-2-2022,9.08,Mad Maggie,5,6,3425,5
24-12-2022,2.1,Bangalore,6,5,3166,15
4-5-2019,26.76,Caustic,8,7,5212,1
8-1-2022,8.51,Wraith,5,4,2266,13
8-5-2019,19.51,Wraith,2,2,1446,6
7-6-2022,0.48,Ash,7,2,2182,6
3-3-2020,4.88,Crypto,4,8,3430,8
13-4-2021,9.5,Bloodhound,8,5,4023,4
6-6-2021,0.27,Revenant,6,5,2784,6
29-3-2019,25.01,Wraith,7,9,4573,14
16-4-2022,26.61,Mirage,6,7,4074,13
5-12-2020,1.6,Crypto,6,7,3218,12
1-10-2021,9.97,Caustic,2,4,1832,10
12-6-2019,15.4,Pathfinder,4,3,2509,16
14-1-2022,14.62,Wattson,4,4,1957,4
27-9-2022,14.71,Horizon,6,7,4227,7
4-10-2021,2.73,Crypto,9,13,6970,11
15-8-2020,6.51,Wraith,0,2,635,4
31-8-2020,17.03,Wattson,5,3,2924,6
13-10-2020,23.61,Pathfinder,2,6,2846,5
1-6-2021,2.23,Crypto,11,5,5353,14
23-7-2020,2.28,Crypto,4,5,3052,4
16-9-2020,20.33,Lifeline,6,10,4948,12
17-9-2019,0.62,Mirage,7,9,4457,7
15-11-2020,0.05,Wattson,1,0,368,19
1-4-2020,25.5,Caustic,7,10,5806,7
19-5-2022,23.06,Gibraltar,2,4,1887,10
2-11-2021,3.49,Lifeline,4,9,3551,12
11-9-2021,5.67,Bloodhound,7,6,4574,1
29-8-2020,3.34,Crypto,5,5,3506,8
4-12-2021,21.73,Crypto,9,10,7488,9
14-3-2022,29.88,Gibraltar,1,7,2586,15
14-3-2020,2.55,Wattson,6,3,3121,7
28-4-2020,19.59,Horizon,3,5,2819,7
10-7-2020,10.83,Horizon,13,10,7154,15
5-12-2019,9.68,Horizon,10,7,4940,12
22-5-2021,20.1,Horizon,8,7,4803,9
6-11-2021,8.48,Horizon,10,6,6052,14
17-2-2019,29.61,Horizon,1,2,1141,15
12-8-2022,3.85,Bloodhound,5,5,2682,20
20-11-2022,21.35,Mirage,8,9,5713,6
17-6-2019,1.67,Bangalore,6,3,3461,18
10-12-2022,22.91,Wattson,6,7,5230,2
11-8-2022,0.21,Bangalore,6,10,2790,12
24-6-2022,1.19,Ash,6,6,911,7
9-11-2022,13.1,Pathfinder,2,2,629,12
6-10-2020,21.76,Crypto,3,2,1081,5
21-1-2020,11.37,Wraith,2,8,1756,7
12-5-2022,7.08,Mirage,7,3,873,19
20-4-2019,14.43,Mad Maggie,4,5,1897,10
26-8-2019,5.13,Mad Maggie,9,8,2006,1
14-11-2021,20.93,Bloodhound,7,7,1249,15
9-6-2022,5.6,Valkyrie,0,5,904,6
25-6-2021,10.28,Revenant,4,1,443,13
12-11-2019,21.11,Lifeline,5,11,1262,11
10-8-2021,10.43,Bloodhound,3,3,688,2
14-4-2021,16.94,Mirage,6,6,1417,8
24-9-2021,1.96,Wattson,5,11,3410,15
11-11-2021,19.95,Bangalore,8,6,1483,1
5-12-2021,23.79,Revenant,1,5,693,15
5-9-2022,29.96,Horizon,4,1,501,15
3-9-2021,4.7,Revenant,2,4,1057,10
8-4-2021,28.54,Horizon,11,6,2535,15
16-12-2021,10.14,Octane,9,5,2229,2
7-4-2019,2.02,Ash,9,9,1756,1
8-10-2021,27.92,Wattson,9,9,1633,12
5-9-2020,29.2,Gibraltar,2,10,1039,6
11-6-2020,28.03,Mad Maggie,5,4,1776,10
6-3-2020,25.82,Gibraltar,5,2,1045,14
21-5-2022,12.29,Gibraltar,8,3,897,12
19-5-2020,23.42,Bloodhound,9,5,3404,2
3-6-2020,2.4,Horizon,11,9,2487,18
28-2-2020,27.94,Caustic,9,9,3166,3
7-6-2020,19.2,Horizon,4,3,824,3
2-10-2020,20.43,Revenant,4,2,1256,15
22-3-2021,17.41,Valkyrie,2,2,451,4
3-12-2019,21.15,Mirage,9,4,2527,8
16-7-2021,20.65,Caustic,7,4,2124,12
9-1-2022,5.64,Ash,9,11,4065,18
15-5-2022,21.94,Bangalore,8,7,2667,19
13-8-2019,6.31,Gibraltar,3,5,1109,17
20-8-2020,28.55,Pathfinder,8,3,1721,11
8-12-2022,25.53,Valkyrie,3,9,1404,11
26-12-2020,6.56,Bangalore,10,4,3589,6
20-10-2020,8.7,Octane,4,5,1918,12
29-3-2019,18.5,Wraith,8,8,2351,15
22-5-2021,8.37,Revenant,6,6,1792,12
20-7-2019,26.73,Revenant,3,3,775,11
6-4-2019,8.92,Mirage,2,10,1831,18
23-1-2020,21.86,Valkyrie,6,4,1343,15
18-6-2019,29.47,Horizon,7,3,2498,6
21-6-2019,12.23,Horizon,4,6,1942,1
2-1-2021,12.67,Valkyrie,6,6,2373,17
4-3-2021,5.18,Octane,6,7,1524,2
13-4-2022,11.31,Mad Maggie,8,3,1539,12
28-1-2020,10.26,Bangalore,1,4,1245,19
18-7-2022,13.92,Horizon,5,5,2083,17
8-4-2021,20.22,Mad Maggie,8,5,2273,10
4-11-2019,3.31,Crypto,6,9,1942,16
19-8-2019,12.55,Crypto,5,11,3580,12
31-3-2019,26.49,Crypto,8,8,3991,9
24-8-2021,1.47,Horizon,1,0,245,10
22-3-2020,9.01,Lifeline,1,1,348,17
23-8-2021,4.88,Horizon,3,2,882,7
11-6-2022,18.95,Revenant,10,7,4480,17
22-9-2020,1.45,Wattson,8,4,2739,13
23-8-2022,21.54,Octane,5,5,2539,7
25-11-2020,19.75,Horizon,9,8,4533,13
26-12-2022,26.88,Pathfinder,3,1,588,11
15-5-2020,14.82,Octane,2,6,943,7
3-7-2022,15.33,Octane,4,2,1089,10
22-10-2020,7.23,Crypto,5,4,2065,4
23-11-2022,0.74,Pathfinder,6,8,2556,17
11-5-2019,24.66,Gibraltar,12,7,2929,14
15-6-2020,29.12,Octane,13,10,4398,7
19-4-2020,1.55,Wattson,0,0,0,1
9-8-2021,21.07,Wraith,5,2,1292,1
27-4-2020,11.18,Valkyrie,3,2,1087,20
18-9-2019,14.46,Wraith,4,3,1109,6
24-12-2019,11.67,Octane,8,6,2626,6
2-8-2020,24.31,Crypto,9,8,2959,4
21-2-2020,0.93,Revenant,9,9,4069,8
1-10-2022,20.76,Mad Maggie,1,0,290,5
23-7-2022,17.5,Pathfinder,5,5,2803,7
16-6-2022,6.11,Horizon,6,2,2372,9
1-9-2019,13.05,Crypto,7,10,3919,14
15-10-2022,22.02,Wattson,5,7,1680,2
26-3-2022,23.75,Gibraltar,14,6,2892,5
23-1-2020,19.39,Lifeline,8,6,2498,18
11-5-2021,20.32,Valkyrie,2,1,814,13
19-11-2021,21.8,Crypto,1,5,1054,20
8-12-2019,26.18,Horizon,3,4,1214,15
23-3-2019,16.4,Gibraltar,4,4,1735,5
18-9-2019,3.29,Pathfinder,4,5,1871,14
15-2-2022,16.16,Ash,6,10,3854,10
1-11-2019,16.07,Caustic,7,8,3392,15
5-9-2020,7.42,Crypto,1,2,703,14
19-6-2019,24.0,Lifeline,2,5,1240,8
14-7-2022,6.53,Gibraltar,3,6,1882,2
26-7-2022,1.18,Crypto,4,4,1310,11
25-1-2020,29.28,Wraith,6,4,2617,4
17-7-2020,21.81,Horizon,6,9,2824,11
22-8-2019,2.58,Bloodhound,7,7,3687,13
25-4-2020,10.28,Wraith,2,0,422,16
17-6-2020,0.75,Mad Maggie,2,1,839,17
1-10-2022,4.73,Pathfinder,5,4,2834,20
5-9-2021,4.83,Ash,4,4,1276,4
5-2-2022,14.7,Crypto,7,6,3840,4
26-7-2020,10.43,Mirage,5,8,2754,1
21-2-2021,21.64,Valkyrie,9,9,4517,20
23-5-2022,8.13,Wattson,3,5,2186,7
25-5-2022,14.17,Mad Maggie,6,1,1654,19
5-6-2020,11.39,Ash,2,2,1215,5
31-7-2019,26.99,Bangalore,4,7,2897,18
17-7-2022,29.49,Caustic,4,6,2996,8
10-10-2020,23.89,Bangalore,6,8,3426,16
4-4-2021,23.51,Caustic,11,13,4689,11
24-12-2019,15.22,Wattson,0,5,1120,17
18-9-2019,10.38,Lifeline,1,1,573,18
7-11-2019,20.0,Pathfinder,4,3,1739,3
1-6-2020,23.95,Revenant,5,6,3218,18
31-1-2021,3.84,Bangalore,4,5,2100,5
25-9-2019,16.58,Caustic,6,8,3191,18
28-10-2019,18.78,Caustic,9,9,4122,1
1-3-2019,1.25,Pathfinder,3,2,1518,7
2-2-2022,12.25,Revenant,1,1,393,3
5-1-2022,10.16,Pathfinder,4,5,2718,6
16-12-2021,28.67,Lifeline,13,13,6184,20
17-11-2020,14.09,Wraith,7,7,2973,18
8-5-2021,20.63,Mad Maggie,8,6,3269,10
12-6-2019,8.25,Crypto,9,8,3309,13
27-4-2020,0.83,Valkyrie,6,3,2977,18
13-10-2021,17.38,Mirage,3,4,1321,20
12-4-2020,6.29,Gibraltar,2,3,1628,10
21-12-2020,14.79,Revenant,5,7,3884,2
21-7-2019,21.62,Valkyrie,6,10,3977,18
2-8-2021,5.88,Lifeline,5,11,4596,18
13-12-2022,19.95,Wattson,11,11,7472,13
16-9-2020,6.34,Mad Maggie,2,1,984,20
28-2-2020,14.42,Revenant,2,4,1867,13
11-7-2020,12.55,Bloodhound,2,4,1545,8
18-7-2019,25.04,Mirage,6,8,4039,19
12-4-2021,21.37,Mirage,10,5,4953,14
1-9-2021,4.84,Horizon,5,8,4338,17
5-7-2020,6.82,Caustic,11,8,5844,7
4-11-2020,11.29,Horizon,0,0,0,1
8-4-2021,4.87,Valkyrie,5,9,3833,18
19-7-2021,5.92,Mad Maggie,7,9,5500,17
22-3-2020,5.12,Wraith,3,3,1289,1
12-8-2020,21.64,Mad Maggie,6,4,3472,2
30-10-2021,28.67,Revenant,8,6,4302,18
22-6-2022,26.79,Ash,8,12,6195,1
12-11-2021,27.35,Bangalore,2,2,1197,19
2-11-2022,18.66,Mirage,1,2,787,17
23-10-2022,20.55,Mad Maggie,7,3,3052,15
20-4-2020,7.09,Gibraltar,8,5,4070,17
14-3-2021,13.41,Crypto,9,5,4655,18
8-4-2022,4.24,Lifeline,7,10,5582,7
9-4-2021,24.84,Wraith,10,6,4222,1
10-11-2019,24.41,Wattson,2,6,2661,18
1-12-2021,12.95,Valkyrie,6,3,2714,15
14-11-2021,14.86,Bloodhound,4,5,3193,5
19-9-2020,24.96,Horizon,4,6,3563,18
6-1-2020,4.68,Revenant,4,7,3372,3
11-6-2019,21.18,Octane,5,6,3510,19
29-4-2019,17.93,Revenant,7,6,4697,11
17-9-2019,14.38,Crypto,0,0,0,10
7-4-2021,5.43,Bloodhound,1,1,629,7
10-3-2020,8.6,Mad Maggie,3,2,1485,12
19-12-2021,8.59,Mirage,4,5,2401,4
8-12-2021,5.11,Pathfinder,6,5,3190,11
4-4-2022,1.62,Mad Maggie,10,5,5155,9
21-11-2019,13.4,Horizon,7,7,4815,3
20-6-2022,15.39,Wattson,0,4,1309,6
28-6-2019,14.85,Mirage,9,6,5717,10
25-6-2022,29.88,Revenant,7,3,3608,1
11-11-2019,22.52,Mirage,8,7,5613,11
29-10-2019,9.92,Mirage,4,9,3177,10
14-8-2022,14.28,Gibraltar,6,6,3268,12
26-4-2022,21.32,Bloodhound,13,9,8590,2
26-9-2020,21.94,Mad Maggie,3,0,720,4
27-3-2020,9.78,Horizon,1,2,826,17
28-8-2019,9.62,Gibraltar,8,4,3476,12
8-5-2022,13.31,Wraith,3,6,2435,13
1-3-2021,12.28,Revenant,13,8,8027,4
15-3-2019,25.9,Wattson,6,7,4416,6
16-5-2021,4.45,Octane,7,9,4242,11
14-2-2022,20.49,Bloodhound,1,1,669,19
11-2-2019,21.07,Gibraltar,2,6,2073,12
10-9-2021,23.78,Gibraltar,5,3,2275,7
26-10-2019,7.34,Lifeline,3,6,2454,15
16-3-2019,26.4,Crypto,7,11,5317,1
3-11-2022,15.09,Valkyrie,9,8,6256,19
19-6-2022,19.08,Bloodhound,8,8,6307,15
5-4-2020,25.89,Mirage,5,6,3940,14
13-5-2020,20.43,Pathfinder,4,3,2018,16
12-2-2019,28.74,Lifeline,11,3,4235,1
25-4-2021,16.15,Gibraltar,4,7,2851,10
28-3-2021,11.85,Ash,5,7,3046,7
17-3-2022,30.0,Gibraltar,7,9,4735,10
26-7-2022,7.64,Gibraltar,9,12,8193,5
1-7-2021,7.53,Lifeline,2,1,882,16
15-12-2022,17.05,Lifeline,1,2,890,2
28-5-2019,3.57,Bloodhound,10,3,2109,11
20-7-2021,8.03,Mirage,4,6,2095,11
21-3-2021,2.25,Valkyrie,8,4,2469,8
30-1-2020,27.56,Revenant,5,5,1332,2
19-11-2019,20.73,Wattson,8,9,1129,17
7-3-2022,11.3,Pathfinder,4,2,1368,3
13-1-2021,20.29,Gibraltar,3,5,855,3
10-6-2022,5.06,Bangalore,8,3,2276,5
15-2-2021,9.05,Bangalore,6,5,1077,17
16-9-2020,10.96,Horizon,4,9,2054,6
14-3-2020,2.13,Pathfinder,12,5,1452,11
31-5-2022,21.01,Pathfinder,6,6,1432,17
27-6-2022,23.93,Ash,1,2,376,17
10-7-2022,2.09,Revenant,6,7,2751,9
24-9-2022,12.64,Wattson,2,2,663,10
23-11-2020,7.73,Caustic,7,4,1150,20
16-8-2021,9.59,Bangalore,6,9,2028,1
11-6-2021,2.57,Lifeline,8,7,2597,1
1-2-2020,5.13,Caustic,6,6,1161,2
2-12-2019,12.85,Ash,0,0,0,14
6-5-2019,0.09,Lifeline,2,8,1225,12
30-12-2021,25.01,Pathfinder,7,2,1584,19
10-1-2021,12.89,Revenant,5,3,1375,10
25-6-2022,8.7,Ash,13,6,3328,20
25-11-2020,25.3,Wraith,10,8,1494,8
23-12-2022,3.67,Wattson,12,6,4019,17
7-9-2021,23.03,Ash,3,3,647,3
27-12-2019,8.62,Valkyrie,8,1,2362,16
31-3-2021,1.09,Caustic,6,5,2484,5
6-12-2020,18.46,Horizon,4,6,1730,8
1-9-2019,18.94,Octane,7,6,2805,18
15-10-2022,26.85,Mad Maggie,7,10,3606,9
25-4-2022,13.18,Horizon,6,9,1899,15
21-1-2020,12.93,Gibraltar,2,5,1073,10
17-2-2021,3.29,Revenant,6,8,2378,9
27-5-2022,16.11,Wattson,2,6,1682,6
29-12-2022,11.88,Mad Maggie,8,4,1300,16
15-2-2021,14.0,Octane,8,7,1661,20
24-11-2019,5.97,Gibraltar,7,5,2902,20
1-1-2022,27.68,Bloodhound,12,13,5226,6
4-3-2019,22.74,Octane,2,1,449,9
9-10-2020,1.98,Wattson,4,2,972,9
27-7-2022,12.01,Mad Maggie,4,4,827,12
19-5-2020,6.89,Crypto,7,6,1468,9
17-10-2020,1.9,Lifeline,7,5,2359,9
6-7-2022,20.82,Mirage,9,6,3887,17
22-6-2021,6.85,Mad Maggie,6,9,2157,6
17-5-2022,20.97,Bangalore,1,8,1166,9
10-8-2020,24.41,Bangalore,2,7,1945,11
13-4-2022,9.89,Octane,5,2,842,17
13-8-2020,24.63,Horizon,4,6,2551,2
26-2-2022,1.75,Revenant,4,6,1738,13
9-2-2022,12.9,Gibraltar,8,7,3429,4
14-4-2021,29.49,Horizon,13,10,3325,9
3-8-2021,12.58,Horizon,2,0,552,20
8-12-2022,10.42,Ash,2,1,766,12
23-7-2022,11.8,Wattson,4,5,1706,13
27-10-2021,26.43,Lifeline,12,3,2388,18
21-5-2019,22.72,Gibraltar,4,4,1216,9
8-4-2020,23.19,Crypto,7,5,2786,17
4-1-2020,20.31,Ash,7,12,2578,12
30-8-2019,0.99,Ash,0,1,246,14
8-8-2021,7.02,Wattson,2,2,1064,3
22-10-2019,18.53,Lifeline,2,2,635,5
12-8-2020,1.8,Horizon,4,4,1671,16
29-5-2019,13.22,Mirage,4,5,1910,5
1-1-2022,10.41,Ash,6,7,3123,11
12-2-2019,23.84,Bloodhound,12,6,3041,13
28-9-2019,3.28,Octane,6,4,1749,12
9-6-2019,23.01,Ash,6,7,3106,6
22-6-2020,4.57,Wraith,7,2,1451,3
27-1-2022,24.36,Ash,6,9,3616,2
27-11-2022,11.94,Bangalore,6,6,3087,4
25-8-2019,3.72,Wraith,5,7,3175,1
3-5-2020,24.83,Wattson,12,6,3401,12
16-6-2019,4.83,Wraith,7,6,2765,6
2-8-2021,5.51,Bloodhound,4,1,762,11
22-8-2019,7.11,Mirage,5,5,1789,13
31-12-2022,4.15,Wraith,5,9,3283,12
21-2-2020,29.98,Mirage,6,9,3946,5
13-4-2021,8.03,Caustic,9,8,2632,19
14-2-2019,13.37,Revenant,10,6,2301,15
7-11-2020,29.59,Valkyrie,1,2,784,11
4-12-2022,16.85,Octane,4,6,2302,1
26-11-2021,5.92,Crypto,3,9,2451,7
6-8-2021,6.65,Crypto,4,5,2237,20
5-10-2019,4.33,Wraith,5,5,2471,19
29-4-2021,1.72,Revenant,6,7,2929,10
10-12-2020,21.38,Mad Maggie,7,8,2771,5
24-9-2021,18.2,Horizon,0,2,499,4
24-12-2020,25.59,Horizon,2,3,995,5
7-12-2021,13.13,Bloodhound,8,4,3113,16
14-12-2019,29.93,Mad Maggie,4,4,1424,15
8-2-2022,15.54,Wattson,5,7,2307,18
29-1-2022,10.47,Horizon,7,5,2421,9
11-12-2020,24.36,Mad Maggie,12,6,4941,14
24-10-2019,11.99,Gibraltar,1,5,1061,10
16-12-2019,1.09,Mirage,2,2,906,5
29-10-2022,24.75,Revenant,2,10,3534,6
26-3-2020,17.72,Valkyrie,4,4,2297,11
30-11-2020,9.34,Bangalore,12,4,4044,16
3-9-2019,16.49,Bloodhound,11,8,3522,16
25-9-2019,11.75,Wattson,7,10,3336,19
23-3-2021,0.42,Wraith,0,0,0,11
11-7-2021,7.03,Lifeline,5,8,3144,10
5-4-2020,14.0,Wattson,3,11,2794,19
26-2-2021,25.18,Gibraltar,5,9,3693,16
10-4-2021,5.05,Pathfinder,5,6,2848,11
30-10-2020,3.31,Revenant,5,5,2929,20
5-3-2021,24.31,Wattson,8,6,4310,7
20-4-2019,15.55,Pathfinder,0,0,0,1
4-5-2022,4.92,Mad Maggie,4,1,1173,8
8-8-2019,12.45,Octane,4,2,1519,12
6-1-2022,23.97,Octane,5,4,2215,20
31-7-2019,22.84,Crypto,6,7,3488,3
8-9-2020,26.38,Revenant,8,7,4084,12
23-11-2022,3.11,Bangalore,7,6,2932,20
15-12-2021,11.64,Horizon,0,0,0,18
14-6-2019,18.35,Bloodhound,9,5,2649,2
27-5-2020,10.62,Mirage,2,4,1172,1
24-11-2022,20.5,Gibraltar,3,5,2441,18
28-3-2020,19.03,Bangalore,8,5,4085,9
31-1-2020,23.23,Horizon,10,6,5261,9
27-10-2019,1.95,Lifeline,9,7,4658,18
16-3-2021,1.56,Bangalore,1,4,1048,1
8-3-2022,10.37,Mad Maggie,4,2,1250,11
11-9-2021,18.79,Horizon,6,9,3668,3
23-7-2021,24.66,Bangalore,11,9,5859,6
9-8-2022,6.04,Octane,5,4,1645,19
6-6-2019,15.73,Bloodhound,7,6,3615,11
9-6-2020,9.28,Revenant,8,8,5454,12
3-6-2021,18.94,Mirage,8,3,2251,6
24-2-2019,20.11,Mad Maggie,2,2,1107,20
28-5-2021,1.79,Mirage,2,5,1656,8
28-7-2020,24.31,Mad Maggie,4,7,2091,3
27-6-2021,7.84,Mirage,5,4,3032,20
19-10-2020,8.79,Pathfinder,5,9,3048,18
29-8-2022,14.83,Wattson,7,10,5588,11
4-8-2020,27.81,Horizon,3,7,2112,5
20-11-2020,8.45,Bangalore,3,8,2343,20
19-2-2021,9.9,Wraith,2,2,1262,10
22-1-2022,25.65,Wattson,5,11,3682,17
3-7-2020,19.99,Bloodhound,4,7,2171,3
26-2-2022,9.19,Mad Maggie,11,7,4132,20
1-2-2020,14.33,Wattson,7,16,7475,20
27-7-2022,3.3,Octane,5,1,2150,16
27-12-2021,19.1,Bangalore,4,3,1759,11
17-4-2021,1.79,Caustic,2,6,1862,13
29-1-2022,23.89,Revenant,8,4,3731,18
8-8-2021,27.09,Mad Maggie,7,10,5388,16
19-12-2019,6.19,Bloodhound,5,14,5707,10
17-10-2019,29.91,Crypto,10,8,4589,6
23-11-2021,26.7,Mad Maggie,3,2,1323,11
15-11-2020,10.43,Valkyrie,4,7,2666,13
22-2-2022,15.12,Pathfinder,3,3,1624,7
2-9-2022,15.79,Revenant,4,4,1702,19
19-7-2022,28.23,Crypto,4,13,5888,12
6-12-2020,7.43,Pathfinder,5,11,4049,15
9-8-2022,12.22,Valkyrie,9,8,3658,19
21-5-2022,0.39,Horizon,4,0,1074,7
11-2-2020,20.1,Mad Maggie,10,1,2396,11
3-6-2019,24.05,Caustic,11,3,3560,19
5-10-2022,5.62,Bangalore,8,5,3561,3
5-6-2021,2.04,Caustic,11,4,5655,12
3-3-2021,11.06,Wattson,12,6,5680,10
9-8-2021,20.98,Crypto,11,7,5618,14
27-8-2022,15.0,Caustic,0,2,633,6
31-7-2019,15.45,Mad Maggie,8,3,3952,11
2-12-2021,13.44,Horizon,7,6,3754,6
25-12-2019,3.29,Valkyrie,8,5,4568,7
6-8-2022,3.55,Wattson,8,7,3893,1
10-12-2020,24.07,Horizon,12,9,6741,7
6-3-2019,7.72,Bloodhound,12,6,4726,9
16-1-2022,23.98,Wattson,3,1,1524,19
7-3-2022,10.51,Octane,1,5,2119,7
28-5-2020,5.08,Mirage,3,7,2961,5
7-12-2020,23.58,Pathfinder,13,6,6640,12
30-12-2021,3.74,Crypto,11,10,5584,10
10-10-2020,21.64,Bloodhound,8,12,7051,2
28-11-2019,6.1,Wattson,8,6,4035,11
30-12-2020,1.08,Octane,1,2,696,18
15-7-2020,27.39,Gibraltar,9,2,4475,10
28-8-2020,20.15,Mad Maggie,8,3,3017,15
1-11-2022,9.1,Gibraltar,4,6,3286,15
8-10-2022,25.36,Bloodhound,5,6,4144,4
17-8-2020,20.61,Wattson,8,9,4099,9
27-8-2022,5.69,Revenant,7,6,4137,15
12-6-2021,4.82,Wattson,0,7,2629,18
11-6-2019,20.62,Valkyrie,3,1,1310,18
24-4-2019,4.04,Gibraltar,2,5,1755,4
5-10-2020,23.41,Horizon,5,4,3196,9
18-3-2022,23.15,Wattson,8,4,3730,4
7-12-2021,7.57,Revenant,7,5,4320,19
23-10-2021,13.85,Wraith,7,8,5408,17
11-8-2019,29.47,Wattson,0,6,1668,15
2-9-2021,7.53,Mirage,3,2,1870,5
30-5-2020,29.7,Mirage,9,5,4967,13
6-10-2020,21.78,Crypto,3,5,2063,12
15-2-2020,27.66,Crypto,9,6,5417,18
27-11-2021,15.9,Wattson,15,7,6274,6
25-6-2021,13.89,Revenant,12,6,3172,18
8-8-2022,27.0,Horizon,10,1,2484,10
6-5-2019,22.96,Valkyrie,4,3,991,8
9-11-2022,22.89,Wraith,6,4,1781,17
4-7-2019,27.44,Revenant,5,4,1168,7
17-5-2019,6.77,Wraith,6,4,2222,5
28-10-2020,7.7,Mad Maggie,7,12,1698,18
14-12-2021,18.61,Valkyrie,12,7,2222,14
11-2-2022,5.09,Bangalore,6,2,696,8
9-4-2020,29.78,Pathfinder,4,4,850,11
5-11-2021,1.72,Wraith,2,9,2078,20
7-7-2021,22.21,Crypto,8,5,1504,1
4-11-2022,22.92,Horizon,7,11,3200,10
17-4-2021,19.29,Crypto,10,7,2475,18
4-3-2021,1.44,Mirage,7,7,1251,16
1-1-2021,12.49,Octane,2,1,312,2
27-9-2020,26.82,Crypto,2,7,1246,13
15-2-2021,29.25,Pathfinder,4,5,1938,18
17-10-2022,27.98,Horizon,4,10,2686,10
24-7-2020,16.75,Gibraltar,9,7,3217,13
6-9-2019,28.22,Wattson,10,7,1445,6
15-12-2019,7.35,Pathfinder,7,6,2840,7
25-3-2021,0.38,Pathfinder,4,1,509,4
30-10-2019,26.62,Mad Maggie,3,2,1050,19
23-1-2021,27.04,Mirage,11,3,3115,15
9-7-2020,12.82,Ash,3,4,573,19
29-6-2022,28.82,Gibraltar,8,4,2481,2
14-5-2019,2.19,Crypto,6,8,2591,3
6-11-2020,22.53,Lifeline,14,8,2361,1
21-9-2022,29.17,Gibraltar,1,3,504,15
21-12-2019,20.36,Wattson,5,9,1476,4
18-10-2020,2.5,Wattson,3,8,2572,10
21-8-2019,29.9,Mirage,7,3,1224,13
13-8-2022,1.06,Wattson,9,6,1696,14
7-12-2021,3.67,Mirage,7,10,3305,3
19-2-2021,11.76,Lifeline,6,8,2774,10
13-6-2021,3.29,Bangalore,0,4,523,19
6-12-2021,3.91,Lifeline,5,1,734,17
14-7-2019,2.46,Wraith,5,3,1708,6
19-1-2020,16.67,Valkyrie,7,11,2497,14
4-5-2020,3.21,Wraith,4,6,2421,8
10-5-2020,3.43,Pathfinder,6,6,3054,8
30-6-2019,22.13,Bangalore,6,6,2116,14
13-6-2021,27.43,Wattson,7,3,1851,20
27-9-2021,14.58,Octane,8,7,2213,2
3-11-2022,4.24,Ash,2,2,707,20
18-6-2019,16.61,Crypto,3,5,1423,8
14-4-2021,11.64,Crypto,5,6,2015,4
14-10-2019,17.06,Crypto,11,6,1777,16
2-9-2020,14.15,Bangalore,7,11,3092,13
31-1-2021,20.97,Caustic,0,5,977,8
20-5-2022,16.22,Bangalore,1,4,1003,9
17-5-2021,6.72,Valkyrie,7,9,2477,17
17-7-2021,10.77,Gibraltar,7,3,2025,6
19-8-2022,10.33,Horizon,8,4,2576,3
16-5-2021,25.87,Crypto,9,8,4291,4
4-12-2021,22.39,Bloodhound,7,6,2048,12
24-2-2019,27.54,Octane,3,7,1248,4
7-10-2021,13.36,Octane,2,3,787,8
1-2-2022,6.77,Mirage,7,6,2827,20
30-5-2022,0.87,Caustic,5,3,937,5
8-9-2020,12.84,Mad Maggie,4,7,2400,11
25-1-2020,29.92,Gibraltar,9,9,4712,11
2-7-2022,4.14,Wraith,9,6,3444,10
25-6-2022,16.19,Horizon,5,2,1572,14
8-11-2019,26.42,Lifeline,3,5,1298,12
15-8-2020,6.98,Mad Maggie,2,2,934,20
11-11-2021,7.86,Octane,4,7,2402,12
11-10-2021,28.73,Horizon,11,6,3535,4
28-6-2022,25.25,Pathfinder,5,9,3139,12
29-4-2020,25.42,Mirage,9,6,4290,2
16-12-2022,5.98,Bloodhound,4,1,1018,8
26-10-2019,28.42,Lifeline,6,1,2106,18
11-1-2021,4.88,Gibraltar,5,2,1875,2
8-6-2021,21.37,Bloodhound,8,4,2881,15
5-8-2022,20.46,Ash,5,7,1766,9
5-9-2022,15.79,Wraith,8,6,3299,19
9-1-2021,15.72,Revenant,13,7,5918,14
31-3-2021,7.27,Horizon,0,5,1214,19
26-7-2022,21.57,Bloodhound,9,2,3190,3
25-9-2022,2.1,Horizon,2,6,1793,3
20-10-2019,18.67,Wattson,9,8,4954,3
7-6-2021,14.66,Valkyrie,9,5,2061,1
19-9-2022,29.07,Gibraltar,7,5,1752,8
4-8-2020,15.76,Octane,9,9,2838,2
24-4-2022,2.56,Crypto,1,0,192,1
12-2-2020,5.11,Mad Maggie,1,8,2222,9
6-1-2021,27.28,Wraith,4,7,2474,20
26-1-2022,3.56,Lifeline,4,7,2299,20
11-10-2019,26.95,Lifeline,6,6,2417,3
8-3-2022,10.85,Bloodhound,5,8,3611,13
30-4-2021,8.94,Mad Maggie,7,6,1935,1
15-9-2019,13.25,Revenant,1,2,645,4
3-2-2022,20.66,Crypto,2,3,1422,4
15-12-2021,15.23,Octane,3,3,1613,9
20-4-2021,16.36,Mirage,7,4,3445,1
11-6-2019,15.67,Revenant,6,6,2390,13
6-8-2022,26.24,Octane,9,9,5482,14
4-5-2019,6.54,Mad Maggie,8,9,2949,7
30-6-2020,21.51,Wattson,1,6,1714,14
