17-1-2020,16.25,Bangalore,5,8,2392,17
12-8-2019,14.95,Rampart,1,6,473,9
20-5-2022,17.65,Lifeline,5,3,826,3
11-9-2020,11.78,Revenant,7,7,1393,18
9-12-2019,4.29,Valkyrie,6,7,1781,16
29-5-2019,16.17,Revenant,6,10,2291,14
13-7-2020,26.22,Valkyrie,8,6,2662,20
23-12-2021,15.9,Wraith,4,1,543,10
28-9-2019,2.46,Fuse,3,1,641,8
23-7-2020,23.89,Valkyrie,4,3,1521,13
26-8-2019,5.54,Bloodhound,3,8,2263,9
29-3-2020,19.25,Horizon,11,6,3277,2
30-12-2021,15.23,Wraith,5,7,2170,4
14-10-2020,24.18,Bloodhound,10,9,3854,9
23-10-2019,0.29,Pathfinder,1,3,768,7
20-8-2020,4.07,Bloodhound,1,5,718,10
7-9-2020,14.06,Horizon,2,8,1201,12
28-7-2019,19.18,Horizon,3,7,2117,18
24-5-2019,6.39,Lifeline,5,8,1053,3
2-3-2022,5.49,Lifeline,8,5,1127,15
4-12-2022,11.02,Horizon,7,6,1641,11
22-2-2021,18.54,Fuse,1,7,1682,5
21-10-2022,27.41,Bloodhound,3,7,2168,8
20-2-2022,28.05,Ash,2,2,784,7
8-11-2021,9.41,Wraith,9,5,3188,15
30-8-2020,14.15,Bangalore,6,6,1761,16
10-7-2021,4.02,Bangalore,6,9,1782,12
1-7-2022,6.96,Rampart,8,10,3591,15
17-10-2021,19.35,Wraith,2,5,1468,5
31-8-2019,26.14,Rampart,7,3,1056,12
5-8-2020,3.39,Pathfinder,3,6,769,1
6-10-2020,1.21,Bangalore,11,3,2006,10
7-11-2020,16.31,Ash,4,4,1695,14
9-2-2019,1.38,Rampart,6,5,1179,2
22-3-2020,4.69,Valkyrie,9,6,2623,9
12-8-2019,18.13,Crypto,1,2,560,11
9-7-2022,18.87,Wraith,2,4,1461,10
19-5-2019,20.62,Lifeline,6,6,1954,9
4-10-2020,10.57,Rampart,12,4,2517,15
4-3-2021,13.33,Pathfinder,6,6,2180,7
1-6-2020,22.4,Ash,6,5,1287,18
4-11-2021,21.9,Bloodhound,11,9,2446,16
20-9-2019,3.46,Lifeline,3,0,770,20
8-5-2022,14.96,Revenant,3,4,1264,8
15-12-2019,20.6,Valkyrie,6,4,1027,10
29-9-2020,27.55,Bloodhound,8,13,2186,2
15-12-2019,13.4,Crypto,4,5,1998,5
18-9-2021,24.34,Rampart,10,8,4092,15
7-5-2019,19.87,Fuse,8,8,2262,5
28-6-2022,17.04,Fuse,4,8,1276,7
23-11-2020,2.71,Horizon,8,2,1915,18
4-6-2022,14.56,Valkyrie,4,6,1482,3
14-11-2020,21.02,Lifeline,5,9,2812,2
25-4-2021,20.66,Octane,11,8,2362,9
2-5-2021,16.84,Fuse,7,10,2450,17
7-1-2022,11.99,Gibraltar,6,12,3508,7
7-5-2022,25.52,Crypto,1,2,618,8
12-7-2020,18.39,Wraith,2,5,1799,8
7-11-2020,25.8,Lifeline,3,11,2240,11
8-2-2022,3.02,Ash,3,4,1021,11
11-8-2021,17.53,Wraith,5,4,2127,12
9-1-2020,20.65,Horizon,6,5,2409,18
25-7-2019,25.9,Lifeline,10,9,2744,16
7-8-2022,4.75,Revenant,5,2,1293,7
4-1-2020,27.06,Bangalore,5,2,1509,16
16-1-2022,12.69,Bangalore,7,6,2875,12
1-10-2021,13.61,Revenant,3,3,980,13
14-3-2021,18.45,Fuse,5,10,1845,5
1-10-2021,22.74,Revenant,6,10,1975,16
8-11-2020,25.21,Rampart,9,10,3149,5
10-11-2021,22.45,Rampart,2,1,775,8
24-8-2020,3.99,Lifeline,7,4,2419,14
19-5-2022,9.1,Pathfinder,2,2,702,12
2-3-2021,16.99,Horizon,12,6,2531,16
10-12-2020,23.95,Revenant,6,6,2443,3
24-4-2022,12.53,Revenant,11,10,3032,18
24-2-2022,7.85,Bloodhound,7,10,3494,4
27-4-2019,23.68,Pathfinder,9,1,2474,17
26-3-2020,12.72,Ash,2,6,1930,16
6-3-2022,11.38,Wraith,7,5,3456,19
24-3-2022,28.03,Rampart,3,5,1245,11
20-10-2020,6.96,Valkyrie,5,8,2798,7
30-12-2022,6.74,Fuse,9,5,2927,2
17-2-2020,13.59,Octane,6,7,3580,9
14-1-2020,8.07,Ash,0,0,0,13
13-7-2022,25.09,Revenant,5,3,1128,6
16-12-2020,26.58,Fuse,4,5,2476,12
11-8-2020,18.8,Lifeline,3,4,1880,3
13-12-2021,12.21,Crypto,7,6,2529,15
6-8-2019,26.56,Bloodhound,7,6,3228,5
7-8-2019,17.73,Fuse,8,9,4318,3
10-2-2021,29.67,Rampart,3,3,1085,7
7-4-2020,24.62,Octane,8,2,2420,11
13-1-2020,4.84,Gibraltar,3,3,1740,10
10-4-2021,10.35,Gibraltar,3,4,1439,19
26-4-2021,24.87,Crypto,8,5,3233,10
11-12-2020,29.73,Pathfinder,12,6,5381,4
26-4-2022,2.67,Gibraltar,8,6,2361,3
10-8-2022,2.51,Fuse,0,6,1710,19
16-2-2021,4.01,Crypto,3,8,2764,14
23-8-2021,26.75,Wraith,3,3,1383,13
5-3-2019,14.64,Revenant,3,5,1319,2
3-10-2019,16.06,Horizon,4,6,2948,1
28-5-2022,24.42,Ash,8,10,3035,12
19-10-2021,13.29,Ash,11,10,5089,7
7-12-2020,18.63,Revenant,0,2,305,6
3-9-2021,16.53,Ash,4,4,1726,15
2-3-2021,15.94,Pathfinder,3,11,3645,9
5-2-2020,27.21,Revenant,5,8,2769,16
25-9-2019,0.64,Lifeline,5,4,2620,12
15-11-2022,8.72,Fuse,6,5,3530,5
11-7-2020,15.89,Ash,6,7,3364,16
16-5-2022,0.17,Valkyrie,1,1,520,2
17-8-2020,14.28,Wraith,1,1,394,2
23-4-2022,4.52,Fuse,4,2,1949,2
26-10-2022,23.5,Pathfinder,4,3,1914,8
2-10-2022,20.75,Pathfinder,11,7,3388,15
28-12-2021,11.08,Valkyrie,12,6,3449,18
29-11-2020,20.16,Bangalore,6,6,2100,16
20-4-2021,13.59,Rampart,3,2,1160,8
25-11-2021,4.32,Crypto,2,3,1459,1
20-5-2021,12.35,Crypto,2,6,1595,15
24-7-2019,4.23,Octane,6,10,4315,2
3-11-2022,17.3,Pathfinder,4,13,4578,18
2-2-2020,2.34,Gibraltar,5,6,2492,11
20-3-2019,4.36,Bloodhound,7,7,4573,7
13-12-2019,5.78,Pathfinder,0,3,850,8
15-9-2022,11.0,Pathfinder,1,1,545,2
31-8-2022,22.38,Pathfinder,5,4,2188,11
9-7-2022,2.44,Bloodhound,4,4,1877,14
22-2-2021,8.04,Crypto,4,8,3072,3
14-1-2022,29.93,Pathfinder,9,11,3714,13
16-3-2019,20.68,Revenant,6,7,2740,3
13-7-2019,13.11,Rampart,3,3,1377,11
6-8-2020,5.58,Revenant,1,1,499,5
1-12-2020,14.79,Ash,5,8,4244,5
29-8-2019,29.78,Bangalore,7,6,4178,18
23-2-2022,8.03,Horizon,4,4,1739,6
29-9-2022,28.02,Bloodhound,7,8,3947,7
18-11-2019,23.12,Wraith,9,8,5167,6
23-12-2022,2.55,Lifeline,2,6,1972,1
29-7-2020,23.6,Valkyrie,3,4,1505,5
7-3-2021,6.02,Valkyrie,8,3,2802,13
28-7-2021,22.05,Ash,7,6,3710,16
30-12-2022,2.15,Gibraltar,6,4,3412,17
18-6-2020,23.03,Lifeline,6,10,5313,14
19-11-2022,18.2,Valkyrie,8,7,4544,3
24-7-2019,24.99,Bloodhound,2,8,3390,11
19-11-2021,8.22,Pathfinder,1,1,633,15
28-3-2020,6.91,Valkyrie,3,4,2034,12
16-9-2020,12.43,Wraith,9,3,2980,20
13-6-2022,9.57,Crypto,10,5,4445,17
13-3-2019,29.84,Valkyrie,6,7,3616,11
23-11-2021,18.36,Rampart,6,7,2906,15
23-7-2020,11.26,Bangalore,0,6,1347,1
3-6-2021,8.51,Bangalore,2,1,735,2
23-9-2019,15.49,Rampart,5,7,2562,6
22-8-2020,17.0,Lifeline,3,3,2082,1
26-9-2022,8.44,Gibraltar,6,12,5214,20
12-5-2021,6.26,Bangalore,5,5,2336,12
12-12-2020,29.97,Octane,11,16,7539,4
19-8-2020,19.57,Octane,0,0,0,20
7-12-2020,17.58,Revenant,2,5,1683,11
21-8-2020,2.88,Fuse,3,10,3552,12
14-1-2020,14.75,Revenant,6,9,4270,20
9-12-2019,19.4,Bloodhound,9,4,4881,7
16-3-2022,3.27,Ash,11,6,4138,7
2-8-2020,26.84,Octane,11,12,5980,11
13-2-2019,14.68,Lifeline,1,3,1239,2
20-6-2020,15.6,Fuse,2,2,1333,7
20-5-2022,28.78,Wraith,11,12,6075,17
1-5-2021,2.01,Bangalore,7,4,2773,10
17-9-2020,4.08,Valkyrie,10,9,4518,5
30-11-2021,21.34,Horizon,5,10,4301,11
24-7-2020,28.83,Crypto,8,10,6733,2
30-10-2021,13.0,Octane,3,9,3003,6
12-3-2019,28.61,Pathfinder,6,3,2654,12
14-4-2019,7.09,Octane,3,3,1944,13
9-5-2022,14.63,Pathfinder,6,4,3601,6
2-9-2021,22.18,Revenant,8,4,3829,20
19-5-2021,10.24,Lifeline,7,7,4704,5
2-8-2022,1.07,Gibraltar,6,6,3982,7
2-7-2022,19.9,Lifeline,7,3,4048,7
27-7-2022,16.31,Revenant,2,7,2420,8
7-9-2019,0.81,Bangalore,3,2,1273,4
25-10-2021,13.77,Lifeline,3,3,1477,18
24-1-2020,3.46,Octane,7,11,6266,15
18-11-2022,25.32,Pathfinder,5,12,4266,14
15-4-2020,13.54,Wraith,10,7,4822,3
22-10-2022,8.43,Horizon,2,0,574,19
24-8-2022,8.03,Revenant,1,1,820,17
12-4-2019,1.6,Pathfinder,5,5,2792,9
3-12-2019,6.82,Bangalore,7,3,3059,18
17-3-2021,1.13,Rampart,4,4,2923,2
18-12-2020,6.2,Fuse,13,7,6457,9
16-6-2020,29.32,Fuse,11,13,9449,19
13-5-2021,2.47,Wraith,5,3,2868,17
17-8-2020,7.02,Bloodhound,1,1,717,1
29-12-2019,23.7,Revenant,5,8,5284,6
21-8-2021,2.07,Wraith,6,3,2320,8
26-7-2022,6.33,Lifeline,5,4,1474,9
12-4-2021,17.32,Ash,11,10,3608,14
5-3-2021,12.91,Pathfinder,6,7,1484,20
2-11-2019,18.24,Ash,2,4,636,8
1-9-2019,22.58,Valkyrie,2,4,534,16
15-7-2020,26.31,Rampart,6,6,1831,3
28-8-2021,5.01,Fuse,3,4,945,10
27-4-2020,7.41,Octane,7,8,3253,12
20-9-2020,22.21,Octane,5,8,2515,5
11-9-2020,15.36,Bloodhound,10,7,1596,20
31-8-2021,11.1,Lifeline,0,1,110,11
2-4-2020,15.77,Pathfinder,2,7,1348,3
25-7-2022,19.78,Bloodhound,7,3,1594,10
23-2-2019,29.22,Bloodhound,6,4,1689,1
5-4-2022,11.6,Pathfinder,13,5,4110,3
27-10-2021,25.64,Crypto,12,6,1473,14
26-4-2019,14.13,Gibraltar,9,7,2735,3
9-6-2020,2.39,Ash,3,0,430,17
11-2-2020,8.66,Fuse,8,6,2168,16
6-9-2019,21.44,Octane,8,4,2468,13
20-3-2020,19.64,Bangalore,7,11,2389,14
4-11-2021,29.78,Revenant,11,5,2588,16
25-3-2020,25.17,Bangalore,9,8,3969,12
13-1-2021,17.16,Wraith,7,9,3546,6
13-8-2019,14.08,Wraith,5,7,2445,13
7-12-2021,7.19,Revenant,3,10,1761,9
21-10-2021,23.97,Crypto,5,6,1367,10
30-9-2019,28.83,Ash,5,4,1661,16
7-6-2022,4.06,Fuse,10,4,1700,13
3-4-2022,20.8,Horizon,10,7,1743,9
31-8-2019,1.01,Ash,10,8,2531,2
1-12-2019,13.58,Fuse,2,1,605,5
12-7-2021,27.92,Lifeline,4,3,1226,10
20-7-2019,1.12,Bloodhound,2,4,1155,3
11-5-2021,21.54,Valkyrie,3,3,1390,15
10-6-2019,20.76,Bangalore,9,5,3112,1
4-4-2020,25.05,Rampart,10,9,2109,14
22-12-2019,10.94,Rampart,9,11,4062,17
30-8-2021,15.22,Pathfinder,1,4,574,19
18-10-2021,13.98,Lifeline,1,2,445,3
7-10-2020,25.73,Wraith,10,4,2523,2
13-11-2020,28.52,Crypto,6,7,2100,5
31-10-2021,3.11,Crypto,5,10,1635,1
4-3-2022,1.09,Bangalore,7,11,3861,6
14-2-2021,25.35,Valkyrie,6,7,1410,9
10-3-2022,6.69,Revenant,4,0,489,3
19-11-2022,17.46,Bangalore,4,2,1300,2
1-3-2019,27.94,Bangalore,7,11,2886,13
28-3-2019,18.89,Wraith,4,3,1534,20
21-4-2022,6.18,Gibraltar,9,4,3597,16
18-1-2022,2.31,Wraith,7,6,3255,18
12-2-2020,19.84,Crypto,10,7,3275,3
21-6-2019,29.0,Ash,1,9,1120,9
24-9-2020,6.56,Crypto,5,5,2549,17
1-8-2020,18.74,Lifeline,7,2,1390,12
17-11-2019,6.64,Gibraltar,7,7,1663,2
27-12-2021,10.9,Revenant,4,8,1897,11
21-8-2021,9.4,Crypto,6,6,2715,18
14-10-2022,20.6,Revenant,12,10,5786,13
26-7-2019,3.61,Gibraltar,1,0,259,8
22-6-2021,14.78,Pathfinder,3,2,1309,16
11-4-2021,15.39,Lifeline,3,3,1388,12
31-3-2021,11.12,Wraith,3,5,1435,20
21-2-2019,4.33,Ash,8,4,2729,6
12-6-2021,21.23,Gibraltar,13,8,3985,11
13-11-2022,17.27,Pathfinder,11,7,3123,16
25-3-2022,4.32,Revenant,1,2,381,2
18-9-2021,29.78,Pathfinder,3,10,3436,14
23-1-2021,7.82,Pathfinder,5,4,2273,3
7-3-2019,6.97,Bloodhound,6,5,2074,18
6-5-2022,27.17,Wraith,10,4,2239,3
12-11-2020,17.55,Bloodhound,13,14,6607,2
3-12-2022,8.74,Bangalore,6,6,2209,5
4-6-2020,15.52,Horizon,7,0,955,11
8-12-2021,9.35,Rampart,2,2,924,11
3-3-2020,20.34,Ash,9,4,3130,9
10-5-2020,22.01,Bangalore,6,13,2751,15
23-12-2019,27.55,Fuse,7,6,2030,13
13-4-2022,2.6,Gibraltar,6,8,1870,8
12-10-2021,25.31,Ash,10,9,3632,7
4-5-2022,14.11,Pathfinder,6,5,2675,1
8-4-2019,22.27,Bloodhound,2,2,631,19
22-6-2021,26.68,Lifeline,6,4,2667,14
2-2-2022,6.95,Revenant,3,3,1621,1
30-7-2022,25.41,Pathfinder,4,8,2346,18
8-4-2022,1.73,Fuse,5,9,2543,7
24-8-2022,4.37,Revenant,6,7,2638,10
22-12-2021,7.6,Wraith,6,0,1516,13
12-3-2022,3.41,Wraith,2,6,2158,15
28-5-2020,2.25,Wraith,2,7,1994,16
7-9-2022,10.35,Rampart,3,6,2246,3
30-7-2019,22.43,Bloodhound,9,7,4206,19
12-10-2021,18.71,Wraith,8,9,3310,2
4-12-2020,20.34,Revenant,12,6,4630,3
17-6-2019,29.6,Bangalore,1,7,1523,18
19-2-2020,5.17,Gibraltar,1,2,773,14
21-9-2021,0.74,Valkyrie,3,4,1715,12
30-11-2022,0.73,Bloodhound,9,6,3618,16
16-3-2022,28.68,Bloodhound,6,6,3606,4
28-7-2019,9.73,Lifeline,9,6,2337,7
19-5-2020,3.81,Bangalore,6,7,2083,19
12-4-2019,11.5,Valkyrie,2,0,454,17
20-4-2020,25.92,Bloodhound,6,3,2211,14
14-11-2020,24.78,Pathfinder,3,3,1285,8
15-2-2021,9.8,Valkyrie,3,4,1981,4
17-8-2022,1.39,Wraith,5,5,2498,2
17-2-2022,11.3,Revenant,13,6,3162,6
4-9-2020,8.91,Bloodhound,6,8,2656,19
9-4-2019,27.19,Crypto,1,3,763,3
7-12-2021,14.65,Rampart,1,2,815,1
25-2-2020,14.06,Fuse,4,5,2415,18
24-4-2020,25.38,Lifeline,10,5,3634,7
15-8-2022,27.97,Bangalore,12,6,5426,17
27-10-2020,13.49,Revenant,8,5,2867,11
19-2-2019,9.98,Gibraltar,9,9,5247,12
19-8-2022,6.46,Bloodhound,2,1,933,8
1-12-2021,27.05,Gibraltar,6,1,1481,8
13-9-2019,4.97,Crypto,2,2,862,17
28-4-2021,25.89,Valkyrie,5,6,1983,16
7-3-2021,18.78,Ash,8,4,2361,1
4-1-2022,21.85,Bloodhound,6,7,3669,5
28-7-2021,17.63,Horizon,14,9,6199,18
14-6-2022,27.6,Bangalore,1,1,512,8
7-10-2022,11.74,Horizon,5,5,2505,9
30-7-2019,29.58,Octane,6,3,1884,1
17-2-2020,3.35,Bloodhound,6,8,2716,20
26-10-2021,6.65,Gibraltar,5,6,3562,16
7-9-2021,25.51,Crypto,11,7,4810,2
22-6-2022,12.02,Revenant,10,13,6441,8
11-10-2022,15.0,Revenant,5,0,1398,7
31-3-2021,11.97,Revenant,1,2,811,10
16-2-2020,17.83,Crypto,3,4,1819,3
8-5-2022,18.77,Fuse,5,4,1752,14
28-1-2020,14.42,Rampart,4,6,3140,14
9-1-2020,4.47,Rampart,5,9,4227,12
12-6-2022,0.52,Valkyrie,10,6,3840,6
21-5-2019,2.74,Wraith,5,6,3504,4
21-6-2021,8.65,Bangalore,2,1,809,5
12-9-2022,19.25,Ash,5,9,3011,5
27-10-2021,3.18,Fuse,5,6,3747,15
5-6-2019,1.31,Rampart,5,5,2073,12
19-3-2020,18.51,Wraith,9,6,5275,19
5-8-2020,29.07,Pathfinder,7,8,3867,15
29-12-2021,21.35,Horizon,0,5,1644,11
25-10-2021,11.66,Pathfinder,4,4,1886,7
4-10-2022,6.39,Gibraltar,5,3,2540,8
7-2-2021,17.95,Lifeline,7,8,3894,12
18-1-2021,11.7,Revenant,7,10,4178,12
1-4-2021,25.77,Horizon,12,8,5294,9
8-1-2020,3.85,Crypto,6,11,5841,7
16-12-2019,10.53,Gibraltar,5,5,3543,1
25-2-2021,4.98,Bangalore,5,1,2243,1
10-4-2022,3.66,Octane,4,4,2634,16
30-6-2022,26.6,Revenant,5,9,4987,7
8-8-2022,3.68,Wraith,4,7,2940,16
29-11-2022,4.62,Bangalore,7,5,3417,19
30-3-2021,3.71,Crypto,11,6,6239,6
22-12-2021,0.23,Lifeline,0,6,1265,12
5-7-2021,29.37,Ash,2,1,824,1
6-9-2020,8.0,Bloodhound,4,11,4193,8
16-4-2022,7.63,Pathfinder,7,5,3012,16
13-2-2022,27.62,Bloodhound,7,8,3650,6
28-6-2022,26.97,Valkyrie,9,9,5026,12
24-6-2020,5.31,Wraith,7,7,5163,17
21-3-2021,6.35,Rampart,3,2,1834,13
5-10-2021,28.72,Wraith,2,3,1530,7
26-6-2019,26.24,Octane,6,4,3746,20
7-10-2021,23.17,Bangalore,8,4,3807,18
7-7-2022,28.1,Ash,6,7,4865,7
3-3-2021,12.71,Bangalore,6,9,4087,13
30-12-2020,12.15,Pathfinder,8,12,4994,11
6-12-2021,1.98,Rampart,0,0,0,6
15-5-2019,20.88,Wraith,3,1,1037,12
11-12-2019,14.28,Pathfinder,8,7,5492,18
4-4-2021,5.17,Octane,3,3,1939,2
26-1-2020,5.42,Wraith,5,6,3352,19
12-6-2019,14.07,Bloodhound,6,5,2631,13
11-4-2020,1.43,Gibraltar,11,7,4760,13
1-2-2022,12.11,Ash,2,2,1200,4
20-8-2022,8.21,Revenant,4,2,1486,16
26-10-2019,14.05,Wraith,7,5,4194,1
9-9-2021,14.63,Rampart,4,8,3025,11
29-11-2020,22.54,Rampart,10,10,6979,11
17-8-2020,25.4,Fuse,5,8,3710,18
12-3-2019,23.64,Ash,9,7,5933,15
29-11-2022,5.67,Lifeline,1,2,1063,9
27-5-2022,9.86,Horizon,1,2,905,13
11-11-2021,1.25,Fuse,3,8,3612,7
29-5-2021,12.26,Revenant,4,4,2058,2
28-11-2019,28.2,Crypto,6,7,4042,20
10-11-2021,12.02,Rampart,12,5,6357,5
10-6-2022,9.28,Wraith,8,8,6214,13
23-2-2019,0.18,Lifeline,4,2,1873,6
19-6-2021,15.51,Bloodhound,1,2,1141,6
31-5-2020,14.98,Ash,6,3,2958,1
27-8-2022,2.86,Crypto,7,7,4662,16
5-2-2021,29.3,Crypto,9,9,5503,2
20-10-2021,9.43,Pathfinder,5,8,3569,13
19-7-2021,1.9,Crypto,8,8,6130,15
30-5-2019,20.76,Bangalore,0,1,299,15
22-1-2021,3.27,Pathfinder,5,5,795,7
10-11-2022,16.14,Ash,3,6,1434,6
4-7-2021,10.95,Octane,4,3,732,1
25-2-2020,17.46,Ash,5,10,891,13
7-12-2021,8.01,Wraith,6,13,2052,8
31-12-2019,21.2,Horizon,10,11,2722,12
4-8-2019,25.61,Horizon,5,5,1441,17
18-8-2020,7.73,Fuse,1,1,161,15
14-6-2022,22.22,Ash,3,6,676,2
4-9-2022,5.27,Valkyrie,3,9,2463,2
28-7-2022,18.1,Fuse,4,7,1657,9
13-12-2019,21.35,Bangalore,12,8,2019,16
24-1-2020,5.62,Octane,8,6,2375,5
26-1-2021,2.66,Lifeline,3,5,1089,17
3-7-2022,28.95,Fuse,8,1,1950,11
3-7-2021,6.15,Wraith,3,8,955,10
2-3-2022,28.24,Octane,5,9,2354,7
18-9-2021,19.78,Revenant,10,4,1065,2
13-2-2019,8.34,Bangalore,6,5,943,3
23-11-2020,13.74,Pathfinder,8,9,2119,14
2-3-2019,10.89,Ash,6,0,620,12
16-1-2022,19.52,Bangalore,4,3,1593,6
29-9-2019,1.07,Horizon,2,2,410,5
13-10-2020,7.88,Wraith,5,7,1858,10
30-1-2020,28.17,Rampart,12,8,2599,13
25-5-2021,18.76,Revenant,9,6,2825,15
18-6-2019,21.9,Fuse,6,6,1168,15
1-12-2022,2.64,Lifeline,9,0,1134,19
2-1-2022,29.3,Octane,2,4,727,4
11-2-2022,11.04,Horizon,3,8,2490,2
17-9-2020,22.44,Rampart,3,6,847,9
5-2-2021,17.27,Wraith,6,4,1968,2
13-8-2021,11.64,Horizon,8,9,2872,2
8-12-2020,16.95,Crypto,10,6,3850,17
27-9-2019,29.0,Lifeline,0,0,0,4
19-9-2020,21.19,Wraith,1,3,699,9
3-4-2022,13.88,Gibraltar,4,7,1827,2
9-12-2022,14.88,Ash,11,10,2894,7
17-8-2022,22.08,Pathfinder,8,6,2265,11
28-12-2021,2.82,Wraith,6,5,1614,20
24-10-2021,1.42,Crypto,7,6,3036,4
9-5-2019,23.45,Bloodhound,3,4,1632,5
6-9-2021,27.65,Wraith,5,3,1571,3
24-12-2022,20.87,Pathfinder,4,4,1837,15
11-8-2020,3.21,Fuse,7,3,2448,1
29-5-2022,21.78,Bloodhound,8,9,2060,15
21-7-2020,9.53,Valkyrie,6,7,1629,9
20-2-2022,17.44,Fuse,7,6,2754,10
13-10-2022,11.48,Fuse,2,7,981,15
13-5-2020,26.99,Bloodhound,4,4,2022,8
7-7-2020,12.61,Wraith,6,2,1546,20
14-6-2022,18.08,Octane,3,5,1240,8
18-12-2020,15.82,Lifeline,12,4,2766,12
9-8-2019,0.08,Lifeline,9,9,2248,14
6-8-2019,9.31,Valkyrie,6,10,2756,7
14-9-2021,29.37,Rampart,4,3,979,12
27-8-2022,16.93,Bangalore,1,9,2280,11
31-10-2021,7.56,Pathfinder,4,3,1199,18
4-4-2019,23.08,Horizon,3,8,2496,13
21-3-2021,1.07,Horizon,4,8,1659,6
9-12-2020,6.87,Wraith,10,11,5486,10
4-3-2020,19.05,Horizon,9,8,3228,6
20-7-2019,27.09,Wraith,2,2,884,10
6-6-2022,29.56,Wraith,9,3,1817,20
12-8-2019,8.2,Octane,7,6,2602,7
27-11-2021,3.42,Lifeline,9,4,1762,20
25-7-2020,3.08,Bangalore,8,8,2557,19
26-9-2020,25.31,Gibraltar,6,15,4121,14
2-9-2020,24.6,Lifeline,7,9,3164,10
12-5-2021,17.86,Fuse,5,3,1695,15
22-3-2021,25.25,Horizon,7,3,2729,3
12-8-2019,24.37,Octane,4,5,1545,13
12-7-2020,25.4,Ash,7,3,2855,6
13-1-2022,11.81,Lifeline,11,4,4202,6
18-12-2020,21.33,Rampart,8,7,2015,1
10-1-2020,18.85,Gibraltar,10,15,5154,2
31-12-2022,21.43,Gibraltar,1,0,171,1
23-8-2022,7.98,Bangalore,2,1,726,1
25-3-2021,4.68,Pathfinder,2,2,978,3
31-10-2021,5.86,Revenant,10,6,3432,19
3-11-2020,27.29,Horizon,6,5,1915,7
15-12-2019,6.03,Wraith,5,11,4417,2
28-10-2021,10.02,Valkyrie,6,12,2982,1
16-7-2021,4.2,Crypto,1,2,817,11
7-10-2021,10.71,Fuse,3,5,1332,18
15-4-2022,26.5,Bangalore,4,8,3261,10
5-12-2019,7.52,Bangalore,4,5,1389,2
21-5-2019,9.7,Wraith,4,7,1718,19
23-12-2019,28.48,Bangalore,6,6,3066,1
31-5-2021,16.15,Bloodhound,6,11,4795,9
4-4-2021,11.01,Lifeline,8,9,4481,5
12-8-2022,27.3,Gibraltar,9,3,1917,5
26-6-2021,11.79,Crypto,4,2,1751,11
18-9-2021,15.84,Wraith,7,3,2522,2
29-6-2021,14.63,Valkyrie,4,10,2389,12
2-2-2022,15.17,Crypto,11,5,4915,11
15-7-2019,25.51,Horizon,10,10,5540,4
12-12-2021,4.17,Revenant,1,0,331,5
27-8-2019,26.13,Revenant,4,1,1565,16
27-11-2022,11.85,Rampart,4,9,3529,14
27-11-2021,19.66,Wraith,4,5,2607,6
23-6-2022,13.75,Pathfinder,4,5,2570,3
8-12-2019,9.69,Bloodhound,7,7,2688,13
28-7-2021,12.42,Ash,13,8,6519,2
7-12-2020,15.28,Fuse,0,1,146,13
6-11-2022,23.55,Octane,2,5,1137,13
14-6-2022,18.04,Valkyrie,4,11,3880,14
12-8-2022,6.03,Ash,7,5,1981,4
1-2-2022,25.35,Bangalore,5,5,2542,14
11-1-2020,12.2,Fuse,5,8,2162,16
14-5-2021,3.21,Fuse,12,9,5152,15
5-3-2019,17.32,Bangalore,3,3,1716,9
18-11-2019,12.1,Gibraltar,1,2,828,4
16-7-2019,28.35,Lifeline,4,4,1799,19
28-10-2020,0.31,Valkyrie,3,4,1832,16
7-8-2022,25.18,Horizon,9,6,2925,19
1-2-2020,9.55,Rampart,5,5,3264,7
17-9-2021,9.09,Revenant,9,7,3265,2
13-12-2022,29.92,Pathfinder,3,4,1392,17
21-11-2020,1.15,Bangalore,2,5,1469,4
17-3-2019,19.63,Lifeline,3,3,1704,4
22-6-2022,13.39,Bloodhound,5,3,1824,5
26-6-2019,16.47,Fuse,6,4,3199,17
22-10-2022,19.01,Wraith,11,6,3951,14
30-9-2019,13.16,Revenant,8,9,3644,18
10-8-2021,17.57,Horizon,3,5,2373,19
6-2-2020,14.21,Pathfinder,3,3,1885,16
20-7-2022,8.96,Wraith,9,7,3609,16
14-11-2021,16.76,Gibraltar,4,3,2152,1
25-9-2019,16.57,Horizon,9,8,4283,8
21-2-2022,23.92,Gibraltar,8,5,4009,10
8-10-2022,1.7,Ash,10,6,4443,16
20-6-2021,12.73,Pathfinder,2,9,2750,13
5-10-2022,21.14,Lifeline,7,4,2951,17
25-11-2019,13.31,Revenant,7,4,2340,3
8-6-2022,21.45,Gibraltar,8,12,4169,17
22-6-2021,2.78,Crypto,4,8,3844,9
16-1-2020,16.05,Bloodhound,6,7,3741,9
27-9-2022,13.08,Horizon,8,8,4493,17
28-11-2019,23.92,Bangalore,2,5,2194,7
22-6-2019,18.01,Crypto,3,2,1256,6
9-9-2019,11.03,Gibraltar,9,3,3097,3
25-1-2020,29.54,Horizon,9,6,4924,5
18-8-2020,20.37,Wraith,8,5,4389,3
30-4-2020,16.27,Wraith,6,8,4944,11
25-2-2021,28.36,Crypto,9,8,3994,20
15-3-2019,18.37,Wraith,7,4,3021,19
6-6-2020,28.41,Horizon,9,1,3736,4
18-11-2020,2.04,Bloodhound,3,11,4469,20
10-10-2019,19.51,Fuse,6,8,4531,15
17-10-2021,7.25,Gibraltar,5,4,2877,19
6-8-2021,16.18,Crypto,6,7,4048,19
22-8-2021,17.17,Lifeline,11,6,4540,7
9-4-2022,19.24,Wraith,7,3,2449,16
4-5-2022,14.83,Rampart,2,2,1415,17
27-5-2021,12.28,Fuse,2,2,1325,1
29-11-2022,27.07,Fuse,5,3,2661,4
12-5-2021,2.26,Horizon,4,8,2525,6
28-2-2020,12.11,Wraith,5,5,2341,8
15-10-2022,3.77,Gibraltar,10,8,6168,2
6-8-2022,13.7,Wraith,1,3,1193,4
19-12-2019,3.54,Rampart,3,1,1523,5
12-12-2019,19.6,Horizon,3,7,3032,17
29-6-2020,12.99,Lifeline,4,6,2201,14
7-10-2022,29.76,Valkyrie,5,5,3736,5
26-6-2019,9.62,Bangalore,8,6,3431,17
19-2-2019,28.69,Fuse,8,12,4496,11
25-4-2019,2.93,Gibraltar,0,3,1002,6
7-6-2019,21.6,Wraith,5,2,2035,11
28-3-2020,27.58,Bangalore,3,9,3039,6
19-11-2022,0.26,Valkyrie,5,8,4363,15
19-6-2020,14.23,Rampart,5,5,3537,20
9-12-2022,25.89,Bangalore,5,5,3041,19
1-11-2021,26.0,Rampart,6,7,3428,15
6-10-2019,3.29,Gibraltar,2,0,645,19
29-4-2020,3.76,Wraith,2,5,2468,2
30-5-2022,4.94,Bloodhound,3,3,1779,4
20-3-2020,27.38,Valkyrie,8,5,4732,13
19-12-2022,3.7,Pathfinder,4,5,2826,19
22-1-2021,13.67,Fuse,10,10,4801,2
2-11-2021,12.53,Octane,13,10,7684,8
30-3-2021,15.8,Gibraltar,4,1,1641,12
20-4-2021,13.65,Octane,2,8,2569,7
9-5-2021,4.76,Octane,2,2,1341,9
29-8-2019,15.69,Wraith,7,4,3257,11
12-4-2020,2.52,Wraith,13,11,5853,14
18-9-2019,18.42,Gibraltar,5,7,3530,14
1-1-2022,4.47,Fuse,8,6,4339,12
27-3-2021,1.67,Gibraltar,3,2,1708,9
2-1-2022,17.57,Horizon,4,2,1983,12
15-12-2021,20.14,Bloodhound,3,3,2324,6
7-11-2019,16.54,Wraith,6,5,3160,10
11-9-2019,26.04,Wraith,5,11,5045,8
14-10-2019,20.36,Gibraltar,8,5,5382,3
25-3-2019,17.34,Octane,7,9,5072,18
2-4-2019,13.18,Rampart,1,4,1364,20
8-8-2022,10.68,Gibraltar,2,9,3348,6
13-2-2019,12.82,Octane,4,5,2852,8
29-3-2020,0.68,Valkyrie,5,3,2930,20
9-10-2019,28.19,Fuse,4,6,3841,15
12-9-2020,22.52,Bloodhound,9,5,2834,20
23-7-2022,10.04,Revenant,13,13,1719,4
8-7-2020,14.79,Wraith,1,9,924,15
26-1-2020,7.12,Ash,4,2,1101,5
22-1-2020,8.72,Ash,2,4,623,15
30-7-2019,14.1,Pathfinder,5,7,991,7
21-4-2019,18.86,Pathfinder,4,4,1638,4
23-12-2022,13.48,Horizon,6,10,2286,9
15-7-2021,6.99,Lifeline,8,9,2754,9
14-8-2019,20.21,Gibraltar,0,2,202,7
30-3-2020,15.41,Rampart,1,4,470,18
23-6-2022,12.88,Fuse,5,3,1288,2
7-4-2019,12.08,Fuse,5,6,1282,5
30-11-2022,10.16,Horizon,6,9,2487,9
27-11-2020,5.26,Wraith,7,10,1765,11
23-11-2021,25.43,Revenant,6,10,1633,19
1-6-2021,9.17,Gibraltar,7,1,1200,20
6-5-2022,13.73,Horizon,1,1,258,9
14-9-2019,29.6,Bangalore,3,3,515,5
6-2-2021,3.14,Horizon,5,3,670,11
7-4-2019,26.66,Octane,8,8,1799,14
21-7-2022,21.11,Lifeline,8,6,3269,6
6-4-2022,12.04,Lifeline,7,6,1528,14
16-4-2019,4.44,Ash,3,2,883,16
9-2-2019,8.98,Gibraltar,2,1,260,13
30-9-2020,14.94,Ash,8,7,2232,16
7-7-2020,21.93,Bloodhound,6,4,2396,6
24-3-2019,26.18,Ash,9,5,2334,11
26-7-2019,26.57,Valkyrie,11,8,3338,15
25-5-2020,17.54,Octane,10,11,3765,8
5-2-2020,17.58,Pathfinder,3,1,376,9
5-6-2022,21.37,Rampart,1,3,453,5
13-2-2019,16.06,Pathfinder,5,6,1243,3
8-9-2019,29.56,Bloodhound,7,5,2419,15
3-5-2021,2.46,Pathfinder,11,4,2275,9
1-11-2021,5.66,Crypto,6,6,2424,17
28-1-2021,5.44,Crypto,6,7,2443,8
30-5-2021,9.6,Bloodhound,0,4,693,13
21-3-2019,12.46,Wraith,7,5,2079,3
27-9-2022,12.28,Valkyrie,2,4,1125,11
5-8-2020,22.82,Wraith,5,5,2096,2
14-12-2022,11.98,Gibraltar,5,5,1366,4
30-11-2021,5.62,Revenant,7,14,3129,9
2-4-2021,1.23,Ash,6,7,2424,6
12-6-2022,18.32,Gibraltar,1,7,984,4
14-6-2021,3.62,Gibraltar,7,1,885,7
6-5-2022,1.53,Gibraltar,6,2,959,10
30-3-2021,3.62,Bloodhound,5,3,2032,18
7-6-2021,0.55,Crypto,9,7,1873,16
30-8-2021,5.04,Bangalore,8,8,3047,3
12-1-2020,0.64,Rampart,6,6,1799,5
21-3-2019,8.58,Wraith,1,3,478,9
9-11-2022,16.87,Horizon,5,4,2252,2
23-10-2019,20.11,Ash,3,2,667,6
6-7-2019,13.31,Valkyrie,3,7,1215,17
23-3-2022,10.74,Revenant,5,10,1914,3
15-7-2020,5.53,Valkyrie,5,6,1981,14
29-7-2019,7.86,Revenant,6,10,3378,1
7-6-2021,8.07,Rampart,1,0,198,16
14-11-2020,5.64,Crypto,5,2,905,1
19-1-2020,4.99,Valkyrie,5,8,1937,10
5-7-2022,21.63,Gibraltar,5,12,4115,17
25-12-2019,3.95,Lifeline,4,4,1295,8
7-5-2022,27.71,Octane,14,9,4920,11
16-6-2020,6.45,Revenant,7,8,1850,3
6-1-2022,27.8,Ash,2,0,267,10
2-12-2020,26.81,Valkyrie,2,1,709,11
9-8-2019,17.29,Horizon,3,3,1341,20
6-6-2021,17.44,Fuse,3,7,2306,10
22-3-2021,16.08,Gibraltar,4,8,1458,3
8-11-2021,27.45,Pathfinder,6,6,1605,6
29-10-2022,8.4,Fuse,7,6,2503,6
31-8-2022,8.15,Rampart,0,0,0,15
12-3-2020,3.6,Valkyrie,6,1,2069,2
4-5-2021,24.26,Bangalore,7,3,2743,16
20-7-2022,22.87,Fuse,4,3,986,11
19-2-2019,26.03,Rampart,6,6,1698,20
17-2-2019,22.04,Revenant,5,9,3230,19
17-5-2019,28.05,Octane,9,9,2978,19
21-4-2019,17.43,Bloodhound,1,1,356,1
20-8-2021,16.54,Revenant,9,1,1881,8
22-11-2019,27.88,Ash,5,7,2593,15
14-3-2021,29.67,Valkyrie,5,6,2668,5
5-3-2020,11.46,Bloodhound,4,9,3742,15
19-10-2021,27.04,Bloodhound,6,13,5478,16
17-11-2022,24.35,Wraith,7,10,4942,18
4-2-2020,18.54,Wraith,1,3,901,4
21-10-2021,5.72,Gibraltar,5,1,1086,10
13-10-2020,7.07,Valkyrie,11,2,2295,11
20-2-2019,19.77,Gibraltar,10,9,5715,1
16-5-2020,8.6,Crypto,6,6,1790,5
11-3-2020,13.12,Pathfinder,12,7,2979,14
8-9-2021,1.84,Valkyrie,12,6,3411,19
9-4-2022,29.92,Bangalore,1,3,1120,11
8-6-2022,13.34,Octane,6,3,1575,3
28-4-2022,20.6,Fuse,2,2,741,11
18-8-2019,13.94,Revenant,4,9,2112,14
14-3-2020,11.35,Bangalore,7,5,3685,8
1-3-2021,27.22,Fuse,6,10,3098,9
19-5-2020,23.01,Valkyrie,11,13,3979,7
8-8-2021,7.16,Wraith,0,3,505,10
27-5-2020,6.69,Revenant,1,7,1995,16
30-11-2022,0.12,Pathfinder,3,8,2532,3
25-2-2021,22.58,Pathfinder,7,5,2943,13
24-12-2022,6.79,Bangalore,5,5,2509,4
19-2-2019,9.96,Crypto,5,7,2956,19
20-12-2019,19.84,Revenant,8,7,2464,10
3-12-2020,3.52,Bangalore,0,4,815,3
24-2-2022,12.55,Wraith,3,4,2166,1
23-7-2019,29.67,Horizon,6,4,1878,9
11-5-2022,5.87,Ash,10,9,4198,7
11-12-2021,28.36,Revenant,13,7,3405,8
3-7-2020,4.04,Lifeline,5,5,2595,9
22-4-2020,21.45,Horizon,12,10,7209,3
9-11-2019,19.69,Ash,1,2,573,20
21-10-2021,15.31,Valkyrie,1,1,561,15
6-3-2020,9.26,Ash,3,2,1419,14
24-6-2020,24.01,Octane,4,11,4302,3
31-7-2022,20.6,Lifeline,4,10,2853,7
19-9-2019,29.36,Horizon,7,5,3458,11
17-11-2019,24.74,Bloodhound,6,11,5544,16
25-12-2019,26.41,Fuse,2,1,575,20
9-3-2020,6.84,Crypto,1,4,1099,13
23-12-2022,15.89,Pathfinder,6,3,1975,3
21-7-2021,12.03,Octane,3,9,2983,12
13-8-2020,24.07,Rampart,4,6,3231,1
31-1-2020,26.31,Bloodhound,8,6,3722,11
24-2-2020,26.0,Ash,8,10,4645,2
1-2-2021,25.61,Gibraltar,1,3,864,10
6-8-2021,22.74,Ash,1,3,1040,3
24-2-2021,8.5,Crypto,3,4,2000,14
13-6-2019,25.11,Lifeline,7,6,4380,17
7-9-2021,17.67,Fuse,8,7,4523,11
8-5-2022,6.48,Octane,7,5,2874,10
25-7-2020,3.96,Fuse,7,12,5806,13
25-7-2020,15.33,Gibraltar,6,6,3418,17
25-10-2021,12.14,Revenant,1,7,2370,17
3-3-2021,28.04,Rampart,5,5,2138,11
27-2-2019,8.43,Horizon,7,6,3042,10
1-9-2022,7.67,Fuse,8,12,6290,13
26-4-2022,29.39,Octane,8,6,3560,13
27-3-2020,16.55,Horizon,10,8,6185,14
15-8-2020,14.62,Ash,6,2,1617,9
29-10-2019,3.48,Horizon,6,2,2542,15
9-2-2020,6.71,Rampart,5,5,2152,6
10-10-2019,14.56,Bangalore,10,3,4516,16
11-12-2019,28.58,Fuse,7,11,5440,18
11-4-2020,16.3,Pathfinder,5,6,3379,15
26-10-2021,21.99,Revenant,7,9,3998,8
24-11-2019,12.71,Horizon,0,3,639,5
19-7-2022,25.13,Crypto,11,3,3077,18
15-3-2022,6.25,Bangalore,3,3,1613,3
14-9-2020,24.1,Wraith,4,3,2354,11
12-12-2020,13.89,Bloodhound,5,5,3427,7
21-8-2019,12.55,Lifeline,10,9,6051,5
2-6-2019,10.33,Bloodhound,7,12,4109,14
29-10-2019,2.1,Revenant,4,0,1198,4
18-7-2019,3.56,Wraith,6,4,3338,11
16-11-2021,7.31,Octane,2,8,3243,7
18-1-2022,19.76,Bloodhound,6,4,2341,16
29-4-2020,8.06,Valkyrie,7,4,2807,16
2-4-2019,4.49,Crypto,7,5,3139,11
30-9-2022,6.12,Horizon,8,8,4351,5
14-8-2020,19.02,Lifeline,3,6,2049,11
22-1-2021,27.21,Pathfinder,8,3,2540,11
28-11-2022,16.71,Bloodhound,4,2,1873,11
28-7-2019,25.45,Lifeline,5,4,2286,3
11-3-2022,1.04,Octane,6,4,2341,3
22-4-2021,2.95,Pathfinder,7,10,4901,15
3-6-2020,2.49,Wraith,9,6,5001,4
5-1-2022,18.8,Bangalore,1,6,2361,6
8-6-2021,15.9,Horizon,1,3,1163,6
31-7-2022,15.02,Bangalore,6,7,4006,11
22-8-2021,8.49,Pathfinder,3,4,2605,8
30-7-2019,13.88,Gibraltar,8,10,4392,1
31-12-2021,11.76,Octane,9,7,4711,15
30-7-2019,18.62,Wraith,8,7,4596,13
26-4-2019,16.56,Gibraltar,3,7,3375,3
30-4-2021,28.37,Octane,4,4,2448,15
16-11-2019,25.11,Ash,2,8,3539,17
1-11-2020,26.98,Horizon,5,6,4195,1
24-12-2022,19.15,Revenant,5,5,2821,4
3-9-2021,5.41,Crypto,8,8,4535,15
20-3-2021,12.75,Pathfinder,10,6,5459,12
9-8-2019,18.31,Pathfinder,2,3,1842,17
20-7-2021,14.05,Valkyrie,2,5,2381,20
2-11-2020,6.73,Bloodhound,2,5,2129,6
13-11-2022,22.91,Fuse,8,6,5109,7
4-5-2020,23.04,Bangalore,5,5,3774,2
6-2-2022,2.01,Gibraltar,5,13,5749,17
22-8-2020,14.72,Valkyrie,8,8,4326,8
26-3-2022,11.58,Octane,1,2,810,11
13-7-2019,20.99,Bloodhound,10,4,4438,1
15-10-2021,2.84,Lifeline,4,2,1508,7
28-3-2019,6.27,Wraith,3,7,2697,15
11-11-2020,24.27,Octane,4,10,3602,2
25-12-2021,29.16,Octane,7,5,4567,1
22-6-2020,2.99,Ash,7,10,6594,9
19-6-2021,28.95,Bloodhound,5,1,2061,9
1-5-2021,9.89,Crypto,9,3,3657,17
5-10-2019,19.74,Bangalore,3,11,2738,1
29-8-2021,1.21,Ash,3,5,569,13
23-12-2020,29.01,Fuse,6,11,1017,8
29-5-2020,6.16,Octane,5,6,1741,13
26-5-2022,27.95,Valkyrie,9,17,2307,1
19-2-2019,0.99,Octane,0,5,385,14
16-12-2022,1.91,Ash,1,7,698,6
18-3-2019,11.95,Valkyrie,3,2,693,6
31-8-2022,22.6,Lifeline,3,5,1105,8
29-11-2022,29.17,Pathfinder,7,7,1751,2
24-7-2019,9.85,Valkyrie,9,7,2782,11
6-9-2020,4.6,Gibraltar,6,6,875,5
2-6-2020,24.92,Fuse,4,1,872,14
28-7-2021,28.65,Crypto,4,2,546,8
20-2-2021,10.68,Ash,3,11,2067,3
22-2-2022,2.37,Crypto,6,4,2282,6
7-9-2020,14.44,Horizon,13,10,2845,14
18-3-2020,10.84,Wraith,7,7,2840,9
28-3-2019,28.2,Horizon,8,10,3568,1
7-3-2020,8.75,Revenant,1,2,296,13
3-7-2020,28.27,Bloodhound,2,9,925,14
12-2-2021,8.8,Pathfinder,3,5,1070,18
8-2-2021,5.02,Bangalore,3,3,519,16
9-8-2022,16.31,Wraith,4,10,1393,7
11-11-2019,5.43,Crypto,8,8,2754,10
30-6-2020,20.49,Octane,6,7,3014,13
3-7-2019,13.53,Crypto,5,4,1110,7
5-6-2021,1.79,Pathfinder,1,1,280,2
7-11-2021,24.73,Ash,6,4,1996,13
27-5-2022,14.65,Valkyrie,3,5,1114,10
25-6-2021,21.23,Crypto,4,6,2231,13
9-9-2021,7.89,Wraith,7,5,2037,12
7-8-2021,11.71,Fuse,13,8,4251,5
21-7-2021,10.51,Ash,1,0,152,4
23-7-2021,27.58,Rampart,2,4,803,5
15-2-2022,5.46,Ash,6,8,2349,18
30-7-2022,6.4,Gibraltar,7,6,3140,3
17-8-2021,27.44,Gibraltar,12,11,2524,5
17-9-2022,26.77,Lifeline,8,5,2016,2
15-11-2022,11.07,Revenant,10,9,3096,3
23-5-2020,22.66,Horizon,2,0,236,16
15-10-2022,23.09,Rampart,4,1,1222,8
19-11-2021,7.03,Rampart,5,3,1866,20
31-1-2021,15.33,Rampart,9,5,1701,4
18-9-2019,15.78,Gibraltar,6,12,3583,3
12-10-2019,8.36,Ash,6,10,2948,16
12-12-2019,15.62,Gibraltar,9,7,3142,2
24-9-2020,14.21,Lifeline,0,0,0,6
23-4-2021,1.81,Rampart,1,4,750,20
25-6-2021,3.31,Wraith,7,3,2666,15
2-10-2019,11.41,Horizon,7,8,2566,9
20-12-2019,29.49,Bloodhound,7,8,2640,10
24-1-2022,26.52,Valkyrie,5,7,1768,17
8-7-2020,18.62,Gibraltar,6,7,2723,6
18-10-2022,12.4,Gibraltar,1,2,335,13
27-4-2019,0.32,Lifeline,1,7,1672,8
27-10-2019,15.34,Pathfinder,6,2,1000,20
14-9-2022,27.13,Crypto,3,4,847,14
5-7-2020,0.8,Lifeline,4,5,2417,6
14-6-2021,4.28,Gibraltar,10,7,3277,12
20-5-2020,16.01,Fuse,9,10,4731,3
10-4-2020,11.62,Bloodhound,1,9,1177,10
14-4-2020,12.7,Ash,1,3,812,9
1-11-2020,11.26,Valkyrie,9,5,3331,20
3-12-2020,24.64,Bloodhound,8,5,3509,12
30-5-2020,22.87,Horizon,8,10,3943,9
30-1-2022,0.97,Valkyrie,5,5,1878,16
22-4-2021,4.49,Octane,9,7,2925,17
11-7-2020,10.41,Gibraltar,2,3,724,17
10-1-2022,25.36,Revenant,6,1,2055,17
7-10-2022,13.07,Lifeline,2,4,1188,5
21-12-2021,10.29,Wraith,3,5,1630,18
16-4-2020,21.74,Fuse,4,6,1294,13
16-6-2022,0.02,Lifeline,7,13,3261,8
2-4-2021,10.01,Bloodhound,8,14,5553,15
12-5-2022,3.35,Pathfinder,2,7,1324,12
9-6-2021,16.86,Pathfinder,3,4,1949,1
5-12-2019,3.15,Crypto,4,2,865,12
25-12-2020,11.36,Ash,7,6,2562,19
4-10-2020,9.36,Fuse,5,7,2973,19
22-6-2022,25.76,Crypto,6,5,2005,7
25-3-2022,24.01,Revenant,11,8,5207,18
31-10-2021,7.43,Ash,1,3,705,16
6-2-2021,1.46,Crypto,1,2,435,2
5-8-2022,25.69,Wraith,6,3,2584,14
12-12-2020,16.76,Crypto,4,5,2506,11
14-2-2019,8.89,Gibraltar,4,6,1823,6
1-4-2022,10.41,Crypto,10,13,5122,8
3-5-2020,2.41,Crypto,8,7,4394,7
19-5-2022,23.78,Ash,3,4,1357,12
31-5-2021,3.29,Fuse,1,1,424,17
14-2-2021,27.5,Wraith,8,5,2008,16
25-2-2020,7.94,Ash,5,5,2340,19
16-10-2022,16.15,Rampart,6,6,3369,2
3-12-2020,22.63,Gibraltar,14,6,6313,20
15-10-2019,4.67,Pathfinder,7,6,2285,5
6-9-2020,27.89,Bloodhound,3,6,1707,19
8-3-2021,5.88,Crypto,9,7,3721,20
23-11-2019,8.78,Rampart,10,6,3296,16
4-8-2019,26.54,Horizon,8,7,3324,19
4-11-2019,27.53,Lifeline,9,9,5536,3
15-12-2020,18.09,Fuse,5,6,3190,10
9-4-2020,22.42,Octane,8,12,4238,18
10-12-2020,15.53,Ash,1,0,299,1
25-8-2022,1.45,Gibraltar,1,1,604,4
10-11-2020,14.84,Fuse,4,2,1511,15
27-9-2022,14.81,Pathfinder,3,9,2584,13
21-1-2021,21.07,Ash,6,9,4195,10
2-2-2020,17.1,Fuse,5,6,3074,7
21-7-2020,5.32,Wraith,9,7,4816,11
27-12-2022,9.04,Bloodhound,6,0,1095,8
13-8-2021,2.61,Revenant,8,9,4963,8
23-9-2020,16.89,Octane,4,5,2485,17
21-10-2019,1.26,Wraith,11,6,5314,17
2-12-2019,0.11,Pathfinder,4,4,1434,2
10-11-2019,16.47,Wraith,6,5,3527,20
23-11-2019,0.35,Valkyrie,7,15,4390,10
6-5-2020,9.68,Bangalore,1,4,1546,5
14-7-2020,5.52,Lifeline,2,2,1231,6
20-6-2021,11.38,Crypto,3,6,2518,19
31-3-2021,23.42,Bangalore,4,5,2800,5
11-2-2021,1.41,Fuse,5,4,2496,3
1-5-2020,14.45,Wraith,6,5,1975,12
12-7-2021,15.23,Wraith,6,6,2750,2
5-2-2021,12.51,Gibraltar,5,1,1449,14
8-11-2022,25.98,Valkyrie,4,2,2096,4
23-4-2022,12.09,Wraith,2,5,1451,1
2-9-2020,22.69,Ash,6,5,2405,9
16-1-2020,19.61,Bangalore,10,6,3012,3
1-6-2022,23.88,Wraith,9,8,3762,18
4-11-2020,3.47,Rampart,8,10,3433,9
9-6-2021,14.35,Pathfinder,3,0,861,19
4-11-2021,24.67,Wraith,1,3,795,11
10-6-2020,12.75,Wraith,4,9,2519,20
22-8-2022,0.28,Horizon,11,8,4686,2
3-2-2022,28.03,Lifeline,7,9,4025,3
24-9-2020,13.41,Bloodhound,9,7,3746,11
7-12-2020,9.77,Fuse,9,14,5805,9
28-2-2022,2.72,Ash,1,1,649,18
30-6-2020,9.65,Ash,4,1,1081,10
4-2-2020,24.4,Lifeline,6,7,3908,19
17-4-2020,7.81,Pathfinder,5,7,3452,4
14-4-2021,28.72,Horizon,4,6,2624,7
26-1-2021,9.88,Wraith,5,13,5455,1
12-8-2020,12.97,Bangalore,12,7,3912,14
21-2-2022,2.08,Octane,0,1,225,5
31-10-2021,5.89,Wraith,1,5,1984,8
12-3-2020,26.08,Octane,8,7,3988,19
4-12-2021,3.43,Revenant,5,7,3075,18
26-10-2021,23.42,Gibraltar,11,5,3768,11
11-9-2020,17.3,Octane,9,5,4820,20
16-12-2020,28.86,Bloodhound,10,8,6182,10
29-3-2021,14.14,Revenant,0,2,551,18
1-8-2019,24.05,Pathfinder,5,2,2234,5
3-1-2022,22.81,Fuse,4,9,3868,2
3-10-2022,5.54,Revenant,7,7,3060,8
15-8-2020,12.91,Ash,10,9,5126,2
18-11-2019,13.91,Revenant,11,7,5616,6
25-10-2021,7.12,Octane,9,15,6635,9
24-12-2020,2.71,Crypto,3,8,3623,12
29-1-2022,21.46,Valkyrie,10,2,3649,11
13-11-2020,25.11,Fuse,5,5,2314,20
20-9-2021,21.47,Bloodhound,5,6,3507,12
9-2-2022,26.66,Bangalore,6,9,4623,4
30-12-2020,14.61,Horizon,8,10,4289,8
1-10-2020,20.23,Revenant,13,8,5167,1
30-6-2021,8.11,Valkyrie,0,0,0,20
4-9-2019,20.52,Crypto,6,5,3496,13
9-9-2022,19.73,Rampart,6,3,2074,14
15-2-2022,23.91,Gibraltar,6,4,3774,18
8-9-2021,23.96,Gibraltar,11,9,5500,20
22-11-2020,24.77,Valkyrie,11,11,5005,16
6-8-2020,18.69,Horizon,11,7,6416,18
1-12-2020,20.44,Valkyrie,1,7,2872,16
9-8-2020,3.35,Bangalore,2,3,1291,12
7-3-2022,5.66,Revenant,6,2,2808,19
1-11-2022,16.23,Bloodhound,6,4,3729,12
9-8-2021,11.61,Crypto,10,4,3934,12
25-9-2021,20.1,Bloodhound,7,7,5196,13
19-2-2022,2.72,Octane,6,8,5154,15
11-6-2020,4.22,Fuse,0,2,691,19
25-9-2019,3.12,Wraith,2,8,2579,15
19-12-2022,10.61,Pathfinder,2,2,1050,17
13-11-2019,10.09,Octane,3,9,4343,12
26-3-2019,28.51,Ash,8,11,6341,13
12-4-2021,4.9,Pathfinder,6,5,4306,12
2-3-2021,7.34,Valkyrie,7,6,3262,10
16-12-2022,22.41,Revenant,9,5,3939,4
28-10-2022,1.01,Bangalore,1,1,559,8
13-1-2021,25.19,Bangalore,4,4,2950,16
17-5-2020,11.75,Wraith,7,4,3643,8
22-3-2021,11.27,Valkyrie,5,6,3591,8
18-10-2020,28.37,Lifeline,13,7,6501,13
29-8-2021,28.6,Bloodhound,12,9,5755,12
8-10-2020,1.47,Crypto,0,3,1094,15
10-7-2020,22.71,Bloodhound,4,3,1910,8
8-3-2021,22.67,Fuse,5,5,3415,14
6-10-2022,7.98,Lifeline,11,3,3725,12
28-2-2019,17.0,Revenant,5,4,3045,19
25-2-2021,28.48,Valkyrie,11,8,6888,2
16-12-2019,19.86,Gibraltar,7,15,3735,7
1-6-2019,18.81,Bloodhound,0,4,418,4
26-7-2020,9.66,Wraith,6,5,670,13
29-4-2021,5.63,Crypto,4,8,1389,10
19-10-2021,20.14,Valkyrie,7,5,1981,18
30-6-2020,14.39,Bangalore,6,11,1802,15
8-1-2022,16.01,Bloodhound,11,12,4833,17
30-9-2020,27.95,Revenant,8,13,3007,9
24-4-2021,6.73,Octane,0,1,63,2
2-4-2019,23.79,Revenant,3,6,1560,2
15-1-2021,11.19,Pathfinder,2,6,1335,1
7-11-2019,17.42,Valkyrie,3,4,1175,14
18-2-2020,3.05,Bloodhound,11,6,3006,3
24-6-2021,6.29,Valkyrie,5,9,1617,9
14-1-2021,7.19,Revenant,9,7,1420,14
7-6-2020,28.71,Horizon,7,4,1673,14
21-12-2019,23.59,Fuse,4,2,712,1
23-12-2022,9.96,Rampart,4,2,1299,1
3-10-2020,4.86,Rampart,5,8,1705,16
6-1-2021,27.49,Wraith,8,10,1992,12
20-3-2021,20.94,Valkyrie,7,10,3709,8
3-1-2020,21.63,Fuse,9,7,1574,9
17-9-2021,8.37,Ash,1,2,468,5
23-4-2021,26.99,Octane,2,2,843,13
26-9-2020,3.94,Horizon,2,5,658,7
17-9-2022,19.61,Pathfinder,5,7,1358,15
9-2-2022,24.35,Crypto,4,6,2213,12
6-2-2021,18.99,Fuse,13,8,3102,2
24-5-2021,6.19,Rampart,9,6,1620,6
25-6-2019,4.62,Crypto,7,3,1102,2
10-10-2021,20.6,Bloodhound,4,8,1103,8
9-1-2022,28.23,Fuse,3,2,587,11
17-11-2022,15.27,Wraith,9,3,1785,10
4-11-2020,6.25,Gibraltar,4,4,1855,20
5-4-2022,21.12,Wraith,7,6,1210,6
26-8-2019,8.12,Crypto,6,8,1530,4
14-1-2022,21.82,Revenant,4,1,855,19
16-4-2019,11.67,Bangalore,2,3,1128,7
4-5-2019,19.66,Fuse,6,3,2306,5
30-7-2019,27.13,Lifeline,5,5,1029,16
17-3-2020,27.45,Gibraltar,6,5,2266,18
16-8-2021,14.2,Ash,7,9,3137,11
7-6-2019,6.88,Lifeline,11,7,2624,9
16-4-2019,23.94,Fuse,8,1,1913,19
2-11-2022,5.5,Rampart,6,3,1824,20
9-9-2022,7.5,Ash,5,6,2023,10
4-10-2020,11.03,Wraith,6,6,2387,4
23-12-2021,10.05,Horizon,10,6,3487,7
27-3-2019,4.18,Gibraltar,9,6,3627,5
20-2-2020,28.46,Rampart,12,13,4564,11
17-6-2022,19.9,Crypto,2,4,1306,12
31-8-2020,10.88,Pathfinder,1,1,481,15
16-12-2021,9.95,Crypto,6,2,2213,7
9-4-2022,8.69,Wraith,9,6,2034,1
12-12-2020,11.64,Pathfinder,6,5,1766,11
11-7-2022,29.19,Bloodhound,5,6,1394,14
10-5-2020,24.0,Bangalore,7,7,1966,18
20-2-2020,12.86,Lifeline,8,2,1724,12
9-11-2019,27.08,Pathfinder,2,7,1451,14
19-7-2019,19.54,Bloodhound,3,3,1327,14
13-4-2021,18.43,Fuse,10,11,2605,19
6-11-2020,26.83,Bloodhound,13,11,5419,9
23-3-2021,10.46,Ash,7,6,2967,2
18-3-2020,1.1,Horizon,9,8,2676,15
27-3-2020,3.0,Fuse,2,0,282,4
15-3-2021,5.46,Horizon,5,1,1106,13
23-11-2022,19.25,Fuse,10,2,1728,20
15-11-2020,9.21,Bangalore,3,4,1290,16
10-2-2019,17.81,Horizon,5,6,2290,19
26-12-2019,6.53,Valkyrie,5,6,1472,20
22-8-2019,21.6,Bloodhound,11,9,3726,19
5-2-2021,23.23,Ash,3,6,1148,17
24-3-2022,19.13,Crypto,1,5,829,17
24-1-2021,6.12,Rampart,9,6,2109,2
8-5-2021,21.47,Rampart,10,5,2024,9
21-7-2019,6.62,Pathfinder,10,7,4549,13
5-6-2022,14.84,Gibraltar,5,10,2317,18
31-5-2021,25.14,Bangalore,9,8,2824,13
21-5-2019,20.49,Crypto,2,0,595,8
9-10-2020,21.24,Crypto,1,3,531,15
7-8-2020,1.09,Bangalore,11,3,3088,2
10-2-2019,24.98,Rampart,7,3,2962,9
6-4-2020,18.28,Crypto,7,6,1783,17
12-11-2021,23.33,Horizon,6,7,2268,9
20-2-2019,20.47,Pathfinder,13,6,2738,19
27-10-2019,10.9,Bloodhound,0,4,1088,16
8-7-2019,16.29,Lifeline,2,6,1213,1
5-8-2020,20.1,Fuse,7,6,2341,14
7-6-2020,0.26,Ash,8,4,3066,10
25-2-2021,15.55,Crypto,8,5,3964,18
5-6-2019,21.97,Octane,6,14,5589,19
1-6-2022,18.97,Horizon,8,6,2387,15
18-4-2020,27.3,Lifeline,2,1,481,2
3-3-2022,12.28,Lifeline,5,4,1748,11
25-6-2021,21.77,Valkyrie,6,5,2788,16
1-4-2022,24.45,Crypto,6,8,2424,19
5-5-2020,21.46,Crypto,8,5,3736,8
15-9-2022,13.24,Bangalore,12,9,4123,16
10-8-2021,13.67,Crypto,7,7,3967,2
9-7-2020,5.6,Fuse,1,1,362,4
22-8-2020,19.6,Crypto,2,2,849,18
13-3-2022,8.01,Lifeline,2,3,1032,19
12-1-2020,4.35,Bloodhound,6,9,4132,4
6-9-2019,3.23,Ash,11,7,3459,17
12-6-2021,0.32,Bangalore,11,12,4421,19
9-1-2021,29.7,Revenant,8,13,3319,6
10-4-2022,25.52,Wraith,5,1,1921,20
17-1-2022,0.34,Bloodhound,2,8,1715,9
6-5-2020,13.95,Gibraltar,6,3,1578,3
13-1-2022,6.86,Octane,5,5,2998,1
31-7-2019,29.24,Rampart,4,11,4046,3
5-4-2020,27.22,Bangalore,7,5,3395,17
14-6-2021,17.49,Bloodhound,8,6,4023,5
22-12-2022,19.54,Bangalore,2,1,653,1
19-10-2019,1.03,Revenant,1,2,543,7
14-4-2020,13.49,Horizon,3,7,1874,6
13-2-2020,15.4,Ash,13,11,6571,16
29-10-2021,12.46,Bloodhound,5,4,2484,12
20-2-2021,5.47,Pathfinder,12,13,4654,20
7-7-2021,17.39,Lifeline,12,7,5332,9
27-5-2021,26.28,Ash,2,4,1742,2
27-1-2022,22.51,Lifeline,1,9,2494,4
30-7-2021,28.69,Octane,7,3,3180,12
3-7-2020,2.49,Lifeline,8,4,2420,9
1-3-2019,26.3,Bloodhound,9,6,4596,10
27-12-2022,5.32,Octane,6,7,2368,3
23-7-2022,26.56,Crypto,12,9,7085,5
31-12-2020,9.68,Wraith,1,2,787,18
6-6-2021,12.57,Gibraltar,5,9,4498,6
23-9-2019,25.94,Bloodhound,6,2,1487,20
27-3-2022,24.72,Valkyrie,9,5,4709,19
27-8-2019,9.06,Ash,6,5,2416,17
16-10-2021,0.83,Bloodhound,8,9,4434,20
28-3-2019,24.62,Octane,6,6,3908,16
31-5-2022,14.86,Pathfinder,6,5,2432,3
21-9-2020,5.84,Horizon,5,6,2229,14
1-3-2021,12.83,Wraith,6,2,1536,2
1-10-2021,0.54,Lifeline,5,3,2284,1
10-4-2021,27.51,Crypto,7,8,3194,5
27-11-2022,14.77,Revenant,6,7,3330,10
27-3-2022,5.49,Pathfinder,10,7,3747,8
23-6-2020,14.63,Octane,2,2,1241,8
11-12-2021,17.54,Gibraltar,3,6,1952,20
24-4-2019,8.04,Crypto,11,6,6061,19
19-3-2021,5.03,Wraith,7,3,3355,3
30-1-2022,8.29,Horizon,5,6,2454,20
11-8-2020,18.6,Revenant,8,5,4417,14
16-8-2019,5.48,Bangalore,6,13,4781,15
22-9-2019,0.73,Bloodhound,1,2,630,17
13-8-2021,1.7,Wraith,1,10,3623,13
14-7-2022,13.12,Ash,6,4,3305,9
22-12-2021,12.66,Bangalore,4,5,1931,10
27-7-2019,20.01,Lifeline,5,8,3848,5
15-4-2019,19.67,Wraith,5,5,3087,2
4-11-2019,0.19,Lifeline,6,10,4079,10
14-1-2020,19.27,Gibraltar,3,0,981,11
20-2-2020,19.39,Lifeline,11,4,4560,8
18-5-2021,22.81,Revenant,6,3,3159,14
18-6-2022,1.84,Valkyrie,10,3,4343,12
20-11-2020,26.7,Crypto,5,6,2976,15
1-6-2021,15.32,Fuse,5,7,2822,8
14-12-2021,1.24,Wraith,6,9,5144,19
12-8-2022,8.25,Lifeline,9,2,3125,1
18-6-2022,3.49,Bloodhound,1,4,1576,9
4-3-2022,4.47,Wraith,8,6,4850,2
21-3-2021,16.68,Revenant,4,3,2608,2
28-6-2019,12.65,Horizon,5,13,5353,2
10-12-2021,28.88,Wraith,14,7,5053,3
6-6-2019,21.16,Pathfinder,7,7,4888,12
14-4-2022,17.48,Bangalore,2,4,1456,3
11-5-2019,9.35,Revenant,5,4,2758,4
19-11-2021,18.1,Lifeline,8,2,2286,6
27-6-2019,2.0,Revenant,4,4,2798,7
22-11-2021,23.12,Valkyrie,4,5,2739,14
26-11-2019,7.96,Fuse,5,6,3813,9
7-5-2022,12.26,Bangalore,9,6,5113,6
25-6-2021,10.64,Octane,2,3,1560,9
8-2-2020,17.17,Bangalore,4,5,3326,20
27-2-2020,15.78,Crypto,3,5,2569,15
27-5-2020,2.82,Bangalore,5,3,2667,3
14-10-2022,4.32,Valkyrie,6,13,5922,9
26-1-2021,15.25,Crypto,6,5,4235,2
14-7-2021,27.77,Lifeline,6,8,3577,6
4-11-2022,17.29,Pathfinder,5,1,1853,11
8-7-2022,20.8,Lifeline,3,2,1247,9
19-11-2021,10.28,Horizon,5,3,2996,6
13-1-2021,5.53,Pathfinder,8,4,4831,9
24-1-2021,7.73,Octane,4,13,4580,19
8-4-2020,12.58,Rampart,14,11,8768,17
5-7-2022,28.92,Lifeline,10,9,7349,13
31-3-2019,26.32,Lifeline,4,0,1544,16
14-1-2020,9.34,Ash,3,2,1704,7
2-5-2020,26.72,Bloodhound,5,5,2695,7
8-9-2022,6.7,Octane,8,6,4342,10
12-10-2020,8.63,Horizon,8,7,6086,13
13-5-2021,8.7,Bloodhound,7,9,5028,5
14-5-2022,20.85,Valkyrie,8,7,4079,20
14-11-2019,15.48,Horizon,1,6,2056,6
7-8-2021,19.56,Gibraltar,5,3,2237,18
22-9-2021,25.17,Octane,4,4,2886,7
9-1-2022,23.54,Crypto,9,3,2161,3
11-3-2022,16.37,Horizon,7,4,1884,18
3-3-2022,9.31,Wraith,5,5,1566,10
13-4-2020,11.49,Wraith,7,10,1673,20
8-11-2021,24.69,Bangalore,2,1,425,1
18-3-2019,3.64,Octane,1,5,1087,16
8-1-2021,16.95,Valkyrie,3,2,781,11
22-9-2019,7.9,Wraith,5,5,1756,16
29-7-2022,10.16,Gibraltar,9,4,2619,1
7-11-2021,29.48,Bloodhound,12,6,3004,20
29-8-2022,28.7,Fuse,6,6,2652,19
4-9-2019,28.59,Revenant,6,8,1271,13
25-3-2021,23.96,Crypto,2,5,1171,12
9-11-2021,1.82,Ash,5,4,912,12
9-7-2022,22.45,Revenant,4,4,971,2
15-7-2020,3.1,Crypto,4,5,1141,19
15-4-2020,4.41,Wraith,5,8,1476,9
12-4-2019,20.57,Octane,9,7,3423,5
26-10-2019,14.66,Lifeline,1,0,91,7
6-1-2020,19.47,Wraith,5,2,1180,18
6-7-2022,8.41,Gibraltar,6,4,2186,16
10-11-2021,18.49,Revenant,10,4,1661,2
4-5-2019,23.41,Crypto,12,7,1972,20
11-8-2022,22.75,Rampart,9,6,1524,2
14-2-2019,25.98,Pathfinder,7,15,3438,7
9-5-2021,9.05,Horizon,5,0,546,6
22-10-2022,5.56,Valkyrie,7,1,969,7
5-7-2022,19.29,Horizon,2,5,1179,16
13-2-2021,22.22,Lifeline,5,10,1874,11
9-9-2020,5.03,Rampart,8,7,3685,9
23-5-2019,22.92,Bangalore,6,5,2372,4
9-5-2021,17.39,Revenant,14,15,2723,18
19-4-2019,0.44,Pathfinder,1,2,386,16
29-12-2021,7.18,Fuse,5,3,1053,2
24-4-2020,2.58,Wraith,6,4,955,12
8-3-2022,19.61,Crypto,3,4,1584,8
11-6-2020,7.25,Wraith,4,10,2567,16
3-1-2020,22.07,Bangalore,11,7,2140,17
18-12-2019,22.11,Pathfinder,8,6,2015,7
9-7-2021,23.84,Lifeline,2,1,499,6
2-12-2020,15.53,Fuse,2,2,830,9
16-11-2021,1.52,Bangalore,4,3,1131,16
7-7-2021,29.66,Revenant,8,4,1863,17
16-12-2019,6.08,Bangalore,8,9,2553,17
15-11-2020,4.91,Rampart,8,7,2646,19
28-1-2020,13.07,Fuse,11,6,4369,11
7-12-2022,15.22,Horizon,1,3,894,12
24-3-2019,21.04,Bloodhound,5,5,1548,15
11-3-2019,14.03,Crypto,3,12,1439,15
6-10-2020,11.97,Valkyrie,5,4,1435,9
11-10-2021,27.38,Valkyrie,5,11,2030,12
31-10-2019,20.87,Octane,12,9,4893,6
22-3-2020,21.55,Fuse,12,7,2593,2
4-12-2020,4.88,Pathfinder,1,1,517,8
14-7-2019,20.08,Rampart,1,4,990,15
8-8-2019,22.18,Bangalore,3,5,1091,14
17-8-2022,25.79,Rampart,4,4,1612,20
26-5-2019,21.21,Ash,10,11,2506,8
3-4-2022,2.51,Wraith,5,6,1349,17
16-7-2022,13.49,Gibraltar,6,10,3380,5
25-8-2021,22.45,Bangalore,6,4,2776,16
20-1-2020,25.16,Pathfinder,2,2,921,18
5-9-2019,29.79,Lifeline,9,5,2247,19
13-12-2022,29.01,Horizon,7,6,2543,5
4-10-2022,2.24,Fuse,4,6,2529,7
27-5-2020,6.85,Gibraltar,8,8,4018,20
6-10-2022,0.83,Pathfinder,6,6,1889,14
19-12-2022,10.1,Wraith,1,1,343,6
21-6-2020,14.42,Horizon,6,4,2519,13
26-5-2021,25.9,Revenant,2,2,636,13
15-8-2021,22.39,Rampart,7,10,2170,11
10-11-2022,26.31,Gibraltar,9,5,2781,9
2-5-2021,21.13,Gibraltar,7,5,2204,12
7-1-2021,6.29,Bangalore,8,7,3304,18
28-11-2019,29.78,Horizon,4,3,1521,1
19-10-2021,21.44,Revenant,6,7,1770,3
11-12-2022,6.0,Rampart,2,2,897,13
30-1-2021,13.01,Octane,5,7,2654,5
6-9-2020,21.2,Horizon,7,8,3543,1
25-12-2019,19.05,Valkyrie,5,6,3189,9
25-6-2021,7.83,Bangalore,7,6,2460,11
2-5-2022,21.22,Crypto,2,1,848,8
30-3-2022,26.9,Lifeline,2,5,1780,13
3-12-2022,3.32,Fuse,3,4,1251,2
3-12-2021,22.78,Crypto,5,6,1998,16
1-6-2022,2.35,Lifeline,5,6,1577,17
29-6-2022,27.69,Wraith,10,10,2934,4
18-2-2019,14.84,Crypto,6,13,5280,12
16-1-2021,24.36,Wraith,0,2,467,6
30-4-2022,6.17,Octane,5,1,1441,19
31-5-2020,11.95,Rampart,4,7,1959,1
17-8-2022,9.36,Bangalore,9,6,2664,4
30-7-2019,11.0,Horizon,8,12,5672,13
21-4-2021,4.39,Octane,12,7,5698,16
27-8-2019,21.74,Ash,6,14,4760,15
1-12-2019,0.86,Valkyrie,1,3,877,15
13-11-2022,29.21,Bangalore,4,5,1706,8
2-3-2019,24.27,Rampart,9,4,3727,5
10-7-2019,0.34,Ash,6,6,3636,1
27-7-2021,23.91,Fuse,4,9,3381,14
1-2-2022,28.02,Valkyrie,11,12,5422,18
15-5-2021,13.26,Pathfinder,14,6,3727,9
14-10-2019,27.79,Valkyrie,2,0,443,5
12-7-2022,29.82,Revenant,6,6,3654,3
13-1-2020,28.15,Rampart,3,5,2190,11
21-4-2019,16.37,Revenant,5,5,2148,14
28-4-2020,8.72,Octane,4,5,1772,18
15-12-2022,12.9,Wraith,5,7,3606,15
29-3-2020,2.52,Bangalore,6,10,2915,6
21-11-2019,1.0,Fuse,0,4,1042,13
7-2-2020,14.85,Revenant,4,1,1682,2
14-11-2022,14.5,Crypto,7,5,2154,14
5-7-2022,19.2,Valkyrie,4,3,2159,7
20-12-2022,13.17,Fuse,5,7,3771,4
8-12-2022,9.47,Bangalore,5,8,2799,1
11-11-2021,16.05,Octane,16,6,5071,3
29-8-2022,12.3,Ash,5,3,1472,16
2-8-2020,0.41,Crypto,1,5,1559,3
14-11-2021,29.25,Revenant,6,2,1988,10
25-1-2021,1.09,Rampart,3,6,1707,8
21-6-2021,22.17,Rampart,6,6,2600,10
17-4-2021,17.71,Horizon,6,8,3525,2
9-10-2019,24.04,Wraith,8,8,4062,16
12-11-2020,22.96,Crypto,2,2,882,6
4-5-2020,0.81,Horizon,4,1,1671,13
29-8-2021,4.5,Octane,4,11,4274,15
1-1-2022,25.59,Valkyrie,5,7,2363,18
9-8-2021,5.38,Pathfinder,7,4,2541,20
27-10-2020,28.19,Fuse,5,7,3868,13
21-5-2020,5.65,Horizon,8,9,4685,8
31-12-2020,3.8,Pathfinder,2,5,1931,7
15-2-2022,18.54,Crypto,7,2,2274,4
9-2-2019,3.5,Pathfinder,2,8,2035,1
19-10-2021,26.42,Valkyrie,6,6,2568,8
5-8-2022,29.61,Lifeline,6,7,3820,19
2-10-2019,15.82,Bloodhound,5,6,3710,1
5-12-2021,7.23,Bloodhound,6,9,4654,10
9-6-2019,4.59,Bloodhound,4,0,1199,3
30-4-2019,13.33,Bloodhound,7,4,2596,18
15-9-2021,21.14,Fuse,5,6,2154,18
1-5-2019,21.3,Lifeline,4,5,2307,18
14-5-2020,27.93,Rampart,7,14,7233,15
25-1-2021,26.81,Crypto,7,9,3826,8
5-5-2021,8.53,Gibraltar,7,7,3140,19
1-9-2020,6.44,Ash,3,2,1661,15
10-3-2020,10.39,Fuse,3,6,2804,6
3-7-2021,8.08,Fuse,8,3,3757,7
16-8-2020,8.42,Gibraltar,4,5,1942,13
15-8-2022,19.35,Bloodhound,7,5,4370,18
1-7-2021,7.63,Horizon,9,9,4516,15
3-3-2019,11.87,Octane,6,9,5300,14
31-5-2022,10.35,Horizon,5,0,1636,6
23-6-2021,3.31,Lifeline,3,4,1799,14
21-6-2020,29.49,Bangalore,4,2,1261,11
16-5-2021,10.52,Crypto,3,6,2285,16
30-1-2021,2.95,Wraith,6,9,3154,10
8-3-2021,18.94,Valkyrie,6,8,4388,20
5-4-2021,26.25,Rampart,9,7,3951,19
5-10-2019,22.82,Octane,3,4,2313,19
27-7-2019,20.01,Lifeline,3,2,1666,1
13-8-2019,9.59,Octane,4,2,2254,3
21-1-2020,12.97,Bangalore,3,4,2539,11
5-11-2019,9.67,Fuse,4,6,2650,12
17-5-2022,11.02,Bloodhound,5,5,2480,4
21-4-2022,0.05,Bangalore,9,6,3495,16
26-2-2020,24.26,Horizon,4,1,1618,2
29-1-2021,10.06,Fuse,2,6,1921,19
1-4-2019,16.47,Bloodhound,4,3,2155,15
21-2-2022,21.92,Gibraltar,7,6,3398,13
18-8-2019,23.11,Valkyrie,5,7,4408,11
3-9-2021,19.96,Valkyrie,5,8,4812,4
22-5-2020,28.1,Horizon,10,6,4756,8
1-1-2022,11.48,Pathfinder,2,1,1173,15
11-6-2022,13.52,Gibraltar,2,3,1140,15
12-4-2021,1.85,Ash,4,2,1931,7
1-1-2021,19.95,Crypto,5,12,5779,3
9-9-2022,21.78,Wraith,7,5,3834,2
13-9-2021,24.69,Bloodhound,6,7,3969,8
20-8-2021,23.48,Revenant,9,8,5422,19
22-10-2019,8.66,Rampart,0,2,664,16
26-5-2019,2.56,Fuse,7,1,1923,3
16-6-2019,5.09,Wraith,3,3,1896,20
22-3-2022,19.37,Bangalore,4,8,4193,3
28-9-2021,25.21,Revenant,8,6,5440,8
13-10-2022,29.08,Crypto,6,5,4007,17
22-1-2020,13.16,Horizon,6,6,3721,4
5-11-2022,20.25,Fuse,9,1,3894,11
21-2-2020,14.63,Pathfinder,7,4,2922,17
4-9-2022,24.12,Pathfinder,4,6,3189,15
1-8-2019,21.25,Rampart,4,5,3027,5
27-3-2019,5.74,Wraith,10,7,6075,1
16-8-2019,21.38,Wraith,7,6,5090,8
11-3-2022,25.7,Octane,8,9,6448,19
13-11-2021,4.68,Horizon,0,5,1756,8
10-9-2019,8.87,Ash,9,1,4173,18
31-5-2022,18.8,Ash,5,3,2070,10
2-6-2019,22.36,Lifeline,7,5,4146,6
28-12-2021,23.68,Crypto,4,5,3375,5
15-3-2020,20.44,Bangalore,7,5,3199,6
3-3-2020,4.27,Fuse,12,6,5546,10
2-8-2021,9.65,Rampart,0,0,0,20
18-11-2021,2.6,Crypto,1,1,376,9
1-1-2020,29.59,Gibraltar,4,9,1241,11
10-7-2021,10.25,Valkyrie,5,5,1920,20
15-8-2019,20.67,Rampart,5,8,2443,13
16-9-2021,9.02,Valkyrie,9,5,1828,2
5-8-2021,18.08,Valkyrie,9,7,1971,14
29-9-2021,7.45,Rampart,0,6,832,13
25-8-2021,27.23,Horizon,2,3,982,7
20-9-2022,27.8,Rampart,8,5,960,10
11-2-2019,20.08,Wraith,4,4,605,15
28-6-2022,25.44,Wraith,7,6,2379,20
28-8-2022,15.42,Gibraltar,10,12,4640,11
8-5-2021,16.86,Wraith,7,9,1562,17
20-9-2020,29.84,Fuse,7,3,1177,13
9-4-2022,13.46,Revenant,1,2,656,7
8-2-2022,24.6,Bangalore,8,2,1300,16
3-8-2021,28.27,Pathfinder,7,5,2579,11
8-12-2021,1.67,Gibraltar,4,5,1666,4
15-9-2021,16.57,Lifeline,6,5,2171,6
22-4-2020,17.57,Valkyrie,7,7,2595,7
11-6-2022,14.85,Bangalore,4,6,1489,19
10-8-2022,20.4,Fuse,4,2,583,4
9-12-2019,9.12,Bloodhound,3,2,688,15
29-3-2022,7.46,Fuse,4,6,1646,8
25-6-2022,13.74,Pathfinder,4,6,1853,5
11-5-2019,13.25,Bangalore,8,10,2978,7
29-8-2022,18.21,Rampart,6,7,3112,18
3-11-2021,12.41,Horizon,5,3,1978,15
30-10-2021,2.2,Pathfinder,4,2,826,11
15-2-2022,27.66,Valkyrie,3,2,1169,16
12-2-2020,22.67,Wraith,9,5,1919,17
29-1-2021,9.39,Fuse,6,6,1191,14
5-1-2022,22.76,Revenant,6,8,2161,14
18-3-2021,15.73,Pathfinder,10,6,2712,5
21-5-2019,5.73,Rampart,0,1,151,4
17-4-2022,22.94,Valkyrie,2,3,774,20
5-8-2021,10.72,Lifeline,5,5,965,3
25-10-2022,24.05,Ash,9,8,2956,3
20-9-2021,20.91,Gibraltar,10,9,2616,5
15-11-2020,0.18,Gibraltar,12,6,2361,7
14-6-2022,12.13,Bloodhound,8,14,3831,11
9-3-2021,2.64,Ash,0,0,0,12
24-11-2022,16.23,Ash,3,6,1566,20
15-5-2021,13.66,Revenant,5,4,1027,18
9-7-2020,7.41,Ash,4,3,1033,18
12-7-2019,7.61,Wraith,4,12,1768,4
28-12-2022,12.34,Bloodhound,12,5,3811,20
4-5-2021,7.5,Fuse,10,7,2383,5
20-11-2020,2.75,Lifeline,2,1,374,10
5-2-2021,6.69,Bangalore,5,1,1129,14
1-11-2022,21.71,Bangalore,6,3,1020,7
1-11-2022,0.26,Bangalore,6,7,3136,3
1-8-2021,5.65,Lifeline,4,6,2489,7
20-12-2022,8.48,Bloodhound,6,7,3100,6
24-4-2019,19.92,Bangalore,12,6,2145,5
29-10-2019,1.99,Valkyrie,0,2,468,19
9-7-2020,22.82,Revenant,4,2,1081,15
12-5-2022,21.81,Revenant,5,2,1797,18
22-12-2022,28.06,Pathfinder,3,8,2763,7
25-9-2019,7.25,Pathfinder,4,10,2475,3
18-1-2022,9.75,Octane,5,9,2683,15
24-6-2019,17.6,Gibraltar,13,10,4627,7
19-6-2021,14.99,Octane,0,2,223,13
1-2-2022,24.25,Gibraltar,1,3,673,16
13-10-2022,21.54,Octane,10,5,1983,18
11-8-2019,2.12,Valkyrie,3,3,1450,16
6-4-2019,0.51,Ash,7,7,2859,12
17-5-2019,20.54,Pathfinder,6,6,2844,11
4-3-2019,17.47,Gibraltar,9,10,2621,4
18-8-2019,14.57,Horizon,0,4,488,11
18-9-2019,23.47,Octane,5,4,1526,2
20-4-2020,27.91,Bangalore,4,6,1331,19
20-7-2019,10.11,Gibraltar,5,7,1789,6
9-3-2019,23.65,Horizon,5,5,2423,8
17-11-2019,2.58,Bloodhound,9,6,2540,20
13-1-2022,9.45,Pathfinder,8,7,2552,9
4-8-2019,1.03,Ash,5,7,3415,19
22-2-2020,11.55,Rampart,1,3,532,2
22-4-2020,28.82,Bloodhound,3,10,3276,3
22-7-2021,10.1,Bangalore,3,6,2001,14
16-1-2021,21.93,Bangalore,6,7,2602,7
16-2-2022,19.3,Wraith,7,10,4812,6
23-3-2022,6.31,Gibraltar,7,6,2867,12
8-8-2019,27.17,Valkyrie,6,3,2578,10
1-2-2020,29.46,Bangalore,1,3,879,6
26-1-2020,28.0,Fuse,3,6,2429,1
29-8-2021,4.64,Ash,4,7,2285,2
14-12-2020,2.95,Bangalore,10,4,2792,11
19-6-2019,24.26,Bangalore,6,11,4421,18
27-3-2019,5.12,Crypto,6,6,1715,16
1-12-2020,12.26,Revenant,2,1,932,5
12-2-2021,6.67,Gibraltar,1,1,585,4
24-3-2019,19.61,Bloodhound,2,5,1123,6
10-10-2020,13.94,Gibraltar,5,7,3138,15
4-12-2021,23.15,Lifeline,4,5,2455,19
4-5-2021,20.28,Valkyrie,9,10,3864,1
29-12-2019,20.02,Valkyrie,6,10,3373,12
30-7-2020,9.88,Revenant,4,5,1473,8
5-8-2022,28.05,Bloodhound,4,3,2141,8
19-11-2021,0.62,Wraith,6,2,1624,7
15-11-2020,14.12,Rampart,9,4,2140,12
4-7-2022,15.13,Bangalore,6,5,2545,12
20-11-2020,11.63,Octane,6,13,4632,14
18-10-2020,24.87,Rampart,8,15,4216,19
6-6-2021,0.09,Horizon,1,3,980,9
22-1-2022,5.22,Revenant,5,1,1821,9
16-6-2020,7.78,Wraith,4,2,1474,5
9-2-2022,4.91,Fuse,3,8,2210,20
17-3-2020,26.33,Fuse,11,5,5256,20
21-2-2020,18.92,Gibraltar,8,8,3461,16
14-9-2020,9.47,Bloodhound,7,7,2517,8
27-1-2022,4.74,Pathfinder,0,4,1115,8
30-4-2021,9.73,Bangalore,7,6,2882,10
25-11-2021,14.59,Ash,11,2,3280,20
21-5-2019,26.81,Fuse,4,4,2353,6
24-5-2021,23.5,Revenant,7,6,4281,14
21-12-2021,3.73,Bangalore,7,9,3719,5
4-11-2020,23.44,Fuse,10,10,6371,16
30-7-2020,12.67,Gibraltar,5,3,1950,7
21-10-2019,20.32,Fuse,10,6,3169,18
1-3-2021,28.92,Bloodhound,2,3,1409,4
25-7-2020,15.99,Rampart,6,6,3136,2
13-11-2020,15.17,Gibraltar,6,4,1820,20
24-12-2020,12.57,Lifeline,10,6,5316,12
12-1-2021,12.74,Pathfinder,6,8,4535,10
31-1-2020,10.31,Bloodhound,0,6,1047,16
15-2-2019,14.29,Ash,1,3,782,13
7-6-2021,29.23,Lifeline,6,7,3925,12
19-6-2019,28.35,Bangalore,4,7,3084,16
28-7-2021,10.15,Pathfinder,9,5,3391,3
12-9-2021,14.89,Octane,14,6,5641,3
20-8-2019,11.95,Octane,7,6,3564,12
12-5-2019,23.64,Gibraltar,2,4,1734,9
17-7-2020,9.81,Fuse,10,1,3217,8
24-6-2019,27.26,Pathfinder,3,4,1887,18
29-4-2020,11.9,Rampart,3,5,2043,9
28-12-2019,24.3,Bangalore,8,7,3093,6
22-10-2019,13.9,Valkyrie,10,6,3394,12
2-4-2020,9.54,Rampart,9,13,4668,4
12-7-2021,27.19,Fuse,0,0,0,4
25-2-2022,29.02,Bloodhound,11,5,3523,13
1-7-2020,19.34,Fuse,5,2,1833,17
25-1-2020,24.96,Wraith,12,12,5406,12
6-3-2021,23.1,Valkyrie,6,5,3179,10
16-6-2022,20.28,Pathfinder,5,6,3541,8
9-2-2020,11.6,Rampart,7,12,6506,14
11-5-2022,23.35,Rampart,2,7,1819,17
27-10-2019,20.36,Bangalore,1,6,1893,9
23-9-2020,1.01,Revenant,2,6,2226,3
1-11-2021,8.65,Crypto,9,7,3503,18
19-4-2019,18.96,Wraith,5,10,3263,8
1-6-2020,21.51,Ash,6,6,2834,16
5-10-2022,14.96,Ash,7,9,5437,6
1-6-2022,12.95,Wraith,3,0,884,16
11-1-2021,15.36,Ash,2,6,1991,9
3-9-2022,9.0,Pathfinder,5,2,2336,12
1-5-2021,14.15,Bloodhound,6,3,2439,5
17-11-2020,11.44,Lifeline,5,10,3733,6
29-6-2019,6.85,Valkyrie,5,8,3299,1
11-11-2021,2.7,Octane,9,6,3462,6
20-2-2020,11.81,Bloodhound,0,1,284,7
27-7-2022,12.87,Octane,3,7,2948,16
18-4-2020,27.7,Rampart,7,3,3535,19
5-2-2021,8.52,Revenant,3,9,2990,3
15-6-2021,28.81,Bloodhound,6,7,3400,7
2-7-2019,28.81,Bloodhound,10,10,4904,5
3-3-2020,8.5,Ash,6,6,2866,8
12-5-2019,24.69,Octane,4,0,1618,17
4-8-2021,22.54,Rampart,2,4,2115,16
10-5-2019,9.24,Revenant,2,5,1962,17
2-3-2020,4.33,Wraith,4,3,1650,1
21-6-2022,0.83,Octane,7,8,5528,11
19-12-2022,2.3,Bangalore,5,7,3744,7
15-1-2022,1.9,Bangalore,9,11,6800,4
29-11-2021,20.12,Bloodhound,7,2,2840,11
28-3-2020,0.99,Valkyrie,5,1,1698,17
4-4-2021,8.12,Bangalore,2,4,1355,8
3-2-2020,10.94,Wraith,4,9,4295,8
25-2-2020,20.12,Octane,5,9,3565,15
22-1-2022,12.52,Bloodhound,8,7,5409,8
31-12-2020,9.53,Ash,10,8,5704,20
7-8-2022,4.21,Bangalore,5,1,1708,14
13-8-2020,4.12,Valkyrie,4,2,1780,3
23-4-2019,28.77,Ash,11,11,7589,3
4-2-2021,22.19,Bloodhound,9,10,6560,6
28-12-2020,6.44,Horizon,5,6,3404,17
30-3-2022,15.03,Ash,6,5,3409,3
28-4-2020,0.0,Revenant,6,9,3698,14
24-10-2019,16.96,Ash,6,1,1961,3
18-5-2019,14.41,Pathfinder,1,1,709,11
28-5-2021,19.34,Crypto,2,3,1570,18
12-11-2019,2.13,Rampart,5,4,3340,17
21-7-2022,25.3,Wraith,6,8,4129,5
11-8-2019,15.43,Pathfinder,7,10,5090,20
27-8-2021,26.29,Horizon,10,12,7618,10
14-10-2020,27.91,Octane,9,0,2897,7
8-12-2020,12.42,Gibraltar,1,5,2023,15
17-7-2022,21.38,Crypto,6,4,3927,15
24-5-2020,1.18,Octane,6,3,2706,6
14-12-2021,21.36,Octane,6,4,2182,17
23-6-2022,12.73,Rampart,5,13,3068,15
5-9-2019,24.53,Crypto,7,8,2754,9
18-11-2021,4.27,Ash,1,2,488,7
11-5-2019,9.02,Lifeline,1,3,246,8
19-11-2019,16.61,Ash,4,7,2076,6
13-1-2022,24.41,Revenant,4,7,1575,3
16-3-2022,29.53,Crypto,5,8,2041,4
14-11-2021,13.86,Octane,8,5,1766,5
28-10-2019,18.08,Revenant,8,6,1769,4
10-3-2020,2.64,Lifeline,4,2,738,2
25-2-2019,9.45,Pathfinder,7,1,763,8
4-8-2021,6.59,Fuse,2,5,684,12
11-10-2021,27.27,Rampart,8,4,1442,3
5-11-2022,8.48,Rampart,10,11,4375,16
25-10-2020,18.15,Ash,6,8,3041,2
29-9-2020,7.23,Rampart,8,6,1309,4
23-12-2019,20.6,Valkyrie,2,5,599,8
21-5-2021,7.17,Pathfinder,5,6,1421,7
10-3-2021,29.93,Bloodhound,3,10,2693,15
24-1-2022,13.22,Revenant,11,6,3218,10
16-10-2022,20.82,Crypto,11,12,3131,11
8-1-2021,27.98,Crypto,6,7,2622,6
22-10-2020,0.34,Revenant,6,6,2661,6
5-8-2021,13.27,Horizon,2,2,551,4
4-3-2020,21.29,Ash,1,5,482,6
14-2-2022,9.14,Gibraltar,3,2,406,13
21-2-2022,19.96,Gibraltar,9,12,3394,11
23-10-2020,4.24,Gibraltar,7,6,1296,8
10-4-2021,0.0,Pathfinder,5,8,1784,16
8-3-2019,10.68,Horizon,6,6,2906,6
7-7-2019,7.06,Pathfinder,3,7,1615,8
20-7-2022,15.71,Revenant,4,2,1337,18
27-9-2021,17.73,Horizon,3,2,1104,5
28-7-2021,23.24,Wraith,4,6,865,10
19-2-2022,24.31,Crypto,5,7,2309,5
17-4-2021,26.15,Lifeline,6,8,1751,7
21-4-2021,26.55,Lifeline,12,10,2834,20
15-8-2019,11.51,Fuse,4,7,1601,3
12-7-2022,20.06,Rampart,5,1,711,13
6-4-2022,5.59,Revenant,4,4,1921,9
24-4-2022,20.42,Octane,6,6,2922,17
28-5-2019,15.4,Revenant,8,5,1913,3
2-2-2021,3.97,Pathfinder,11,6,3194,16
7-4-2021,20.86,Pathfinder,14,7,2061,6
23-5-2019,16.02,Gibraltar,2,1,400,7
12-3-2022,28.41,Lifeline,10,3,1479,7
24-6-2022,15.13,Ash,6,2,1098,14
23-9-2021,2.7,Lifeline,5,12,3006,20
27-11-2021,12.85,Fuse,4,4,1393,19
12-10-2022,24.62,Bloodhound,6,12,1868,4
25-10-2019,11.46,Crypto,11,9,5261,10
27-9-2022,19.07,Pathfinder,0,7,826,19
28-3-2022,12.24,Bangalore,1,3,824,1
1-2-2020,3.06,Fuse,7,8,2318,7
17-8-2019,18.31,Fuse,6,5,2902,15
20-10-2022,23.3,Rampart,4,4,2024,4
25-8-2020,6.03,Fuse,5,5,2503,3
3-4-2020,9.7,Revenant,13,6,4453,11
5-3-2020,1.44,Pathfinder,1,1,293,17
14-3-2019,0.87,Octane,3,5,901,6
18-8-2019,7.8,Rampart,2,4,1508,17
5-9-2021,15.93,Octane,6,3,1492,8
12-6-2020,5.72,Wraith,7,5,1718,3
7-10-2020,1.99,Fuse,8,5,2381,8
24-8-2022,0.07,Octane,7,6,2512,10
18-4-2020,28.52,Bloodhound,1,2,393,6
8-6-2020,14.18,Gibraltar,2,1,666,18
27-6-2022,23.78,Rampart,6,2,1325,12
29-1-2020,23.27,Rampart,7,4,2991,16
20-7-2021,5.68,Rampart,7,5,1534,20
13-10-2019,1.02,Wraith,5,7,2125,17
28-9-2022,16.37,Fuse,12,7,4861,15
3-5-2021,20.32,Lifeline,1,0,185,11
5-1-2021,9.15,Valkyrie,1,2,658,5
30-7-2019,26.41,Horizon,12,3,4521,5
11-7-2020,14.88,Revenant,9,3,1865,18
20-10-2020,3.78,Pathfinder,5,5,1585,11
2-7-2022,0.41,Octane,5,5,1821,4
25-3-2020,14.08,Bloodhound,14,6,2971,20
12-9-2022,0.95,Octane,0,7,1650,20
20-7-2020,17.55,Octane,9,3,2518,14
7-11-2020,14.61,Crypto,5,4,1506,7
3-10-2019,21.47,Bloodhound,7,6,2734,12
15-7-2021,27.36,Valkyrie,4,7,2518,19
19-12-2021,21.22,Octane,10,9,5302,2
5-4-2019,6.26,Crypto,8,7,4287,5
15-9-2019,3.17,Pathfinder,0,0,0,12
13-7-2019,18.41,Valkyrie,2,1,593,2
29-5-2021,22.02,Gibraltar,11,5,3028,17
6-11-2021,23.42,Horizon,5,5,2606,7
18-7-2022,21.8,Ash,5,5,2917,11
25-3-2021,10.44,Ash,8,9,3964,15
20-7-2020,19.43,Rampart,9,7,4801,4
6-8-2022,21.46,Valkyrie,1,1,487,8
20-7-2021,25.45,Octane,10,3,2810,12
20-7-2020,23.78,Bangalore,5,3,1998,18
15-8-2022,3.35,Bangalore,7,7,3113,3
29-6-2019,15.7,Ash,11,6,2945,19
23-10-2020,22.15,Fuse,5,6,3336,1
12-4-2020,10.24,Ash,7,8,2823,14
15-5-2020,20.77,Bloodhound,4,3,1262,1
30-6-2020,15.74,Revenant,5,2,1621,13
11-12-2019,23.32,Lifeline,2,2,780,12
30-6-2022,21.88,Crypto,8,4,3514,9
2-12-2021,22.56,Revenant,7,5,3840,2
22-8-2019,4.86,Ash,6,10,2861,20
19-4-2020,16.27,Valkyrie,7,10,4325,16
7-2-2020,11.49,Pathfinder,6,1,1561,7
27-12-2020,17.86,Fuse,10,3,4050,12
28-10-2022,10.15,Gibraltar,2,3,881,6
26-7-2020,19.09,Crypto,9,10,3640,3
22-5-2021,14.69,Octane,6,9,4483,11
25-6-2020,29.05,Valkyrie,12,6,4582,9
6-10-2021,14.91,Bangalore,8,7,2837,5
11-9-2021,16.6,Fuse,1,0,272,10
3-6-2022,11.37,Bangalore,1,1,505,4
17-8-2019,22.5,Crypto,9,3,2980,11
6-9-2021,0.47,Valkyrie,4,4,1434,9
8-4-2020,12.95,Bangalore,6,6,3655,16
11-7-2020,2.85,Bangalore,5,5,2031,9
31-7-2019,7.64,Octane,9,14,6904,16
12-12-2019,5.3,Bangalore,7,6,3011,16
15-2-2020,17.87,Fuse,1,4,1187,5
21-10-2020,24.86,Wraith,2,7,2813,5
23-5-2022,10.02,Crypto,3,3,1669,6
6-3-2021,20.74,Pathfinder,6,4,3083,8
29-1-2020,17.97,Ash,7,7,2988,7
9-10-2022,10.71,Rampart,7,8,3498,12
15-3-2020,20.96,Bangalore,3,6,2701,18
28-11-2019,14.95,Wraith,2,3,935,8
12-10-2020,15.88,Lifeline,8,6,3717,9
29-7-2019,13.89,Revenant,7,4,2169,1
26-4-2021,9.41,Wraith,7,6,4353,13
22-5-2022,0.84,Horizon,5,6,2439,13
23-12-2021,8.81,Wraith,8,12,4909,16
25-11-2020,10.43,Pathfinder,4,0,914,7
13-10-2021,14.63,Fuse,3,5,2611,4
29-8-2022,16.41,Octane,5,9,2791,6
3-3-2021,2.39,Ash,5,3,1839,7
14-2-2021,3.46,Horizon,4,6,3334,3
4-11-2021,27.58,Gibraltar,10,6,5057,19
6-10-2020,17.71,Wraith,7,6,3264,12
23-5-2021,23.97,Horizon,3,4,1522,12
6-2-2021,24.38,Pathfinder,8,6,3176,11
14-9-2020,0.35,Pathfinder,7,10,5771,7
26-1-2020,18.98,Rampart,6,3,1872,7
9-11-2020,0.2,Lifeline,5,4,2297,18
20-10-2019,3.9,Gibraltar,6,5,3042,19
17-10-2022,7.78,Ash,10,6,5822,3
18-8-2021,6.13,Bloodhound,1,0,372,13
19-2-2021,1.29,Pathfinder,5,7,2869,18
17-6-2020,3.54,Valkyrie,2,4,1644,15
14-8-2020,6.88,Fuse,7,7,3156,4
4-12-2019,20.31,Octane,9,8,4745,1
16-10-2019,19.14,Gibraltar,6,5,2696,16
19-10-2021,20.3,Crypto,7,7,4740,13
22-3-2021,7.81,Rampart,0,8,2681,18
7-10-2021,17.23,Valkyrie,5,4,3153,10
20-8-2020,11.1,Lifeline,5,2,2431,17
9-7-2020,27.63,Crypto,3,5,2798,18
3-8-2020,16.64,Wraith,9,5,3823,5
7-9-2021,9.19,Gibraltar,5,5,3278,8
18-5-2021,4.25,Horizon,8,6,5029,16
2-12-2021,6.48,Gibraltar,1,0,356,10
3-1-2022,5.06,Revenant,6,1,2229,7
26-1-2022,12.53,Pathfinder,6,10,5268,8
23-11-2020,13.04,Octane,5,6,3024,5
1-4-2019,14.33,Bangalore,5,5,2552,5
21-2-2021,5.51,Rampart,5,7,3101,6
31-3-2022,26.61,Fuse,6,9,4154,8
7-9-2022,0.49,Pathfinder,2,0,647,18
24-5-2022,12.18,Revenant,2,7,2820,7
28-1-2021,7.39,Rampart,2,4,1883,6
20-11-2022,2.06,Octane,10,7,4708,19
30-7-2022,29.78,Pathfinder,7,5,3078,18
25-11-2021,20.49,Gibraltar,12,7,5836,1
17-11-2021,5.2,Horizon,7,6,3716,4
14-4-2021,3.16,Ash,0,2,714,11
16-11-2020,28.66,Ash,2,5,2362,3
23-6-2019,4.89,Lifeline,5,2,2363,3
20-3-2019,22.05,Bloodhound,7,3,3206,19
3-8-2019,28.03,Wraith,8,4,4584,17
19-1-2021,26.03,Ash,6,8,4768,20
21-3-2022,24.95,Pathfinder,8,11,5000,3
13-2-2022,21.48,Bangalore,4,0,1106,7
25-11-2019,24.95,Lifeline,3,7,2747,2
13-4-2022,22.58,Fuse,3,3,1908,20
18-10-2021,2.18,Octane,5,5,3378,6
12-1-2022,3.74,Ash,5,11,5213,15
27-1-2020,8.41,Bloodhound,9,6,5983,19
28-5-2020,28.95,Ash,13,6,5056,18
7-5-2021,22.99,Crypto,1,3,1523,13
7-7-2022,9.11,Crypto,2,4,2032,15
31-8-2019,12.65,Octane,10,7,6825,6
2-1-2020,5.3,Fuse,3,4,2354,1
14-1-2021,13.59,Fuse,5,8,5125,17
3-7-2022,13.11,Revenant,12,7,6474,11
7-1-2020,3.64,Ash,6,9,5974,12
30-6-2019,13.45,Bangalore,2,2,1657,14
16-6-2021,18.87,Bangalore,6,1,648,13
23-1-2020,16.81,Gibraltar,4,8,1407,3
3-7-2019,5.52,Ash,6,3,1372,11
12-12-2019,0.33,Crypto,4,4,1054,12
1-7-2021,25.29,Revenant,11,10,2655,10
2-6-2021,23.9,Gibraltar,12,11,2615,11
20-5-2022,27.09,Ash,0,4,657,15
4-11-2020,22.11,Bangalore,4,3,1553,13
4-2-2021,25.28,Horizon,4,7,1749,5
25-8-2020,20.7,Pathfinder,7,10,2061,14
12-8-2021,6.91,Ash,7,4,1208,1
26-4-2022,27.25,Bangalore,7,6,1070,2
21-6-2022,7.11,Rampart,7,11,2282,9
3-6-2019,25.39,Revenant,2,2,385,14
12-11-2022,16.61,Valkyrie,2,8,1184,7
10-12-2022,0.47,Crypto,5,2,1573,9
2-6-2019,4.69,Wraith,4,6,1029,15
4-11-2019,16.05,Ash,10,5,1835,11
6-6-2021,29.92,Lifeline,8,7,2364,19
3-6-2022,14.15,Rampart,9,11,3364,18
8-3-2021,14.73,Valkyrie,1,2,507,13
14-5-2021,21.33,Fuse,6,1,947,10
1-2-2022,19.68,Octane,2,4,706,5
4-1-2020,14.45,Bloodhound,5,6,2219,4
20-6-2022,4.69,Lifeline,5,8,1072,10
30-3-2019,7.77,Rampart,14,5,3167,5
11-9-2021,14.65,Octane,13,8,4813,17
1-7-2020,11.37,Rampart,0,0,0,6
15-10-2021,8.93,Bloodhound,4,3,1309,18
4-10-2019,20.95,Wraith,6,10,2320,13
26-7-2021,24.6,Gibraltar,8,7,2356,16
18-4-2019,15.06,Bloodhound,5,4,1976,16
30-7-2020,15.22,Bangalore,5,13,3613,7
3-12-2021,2.3,Rampart,11,15,5353,9
24-8-2022,27.64,Valkyrie,8,7,1868,2
31-3-2020,4.14,Pathfinder,2,6,1243,13
15-12-2021,16.79,Fuse,2,4,1248,7
30-12-2022,0.87,Wraith,3,4,1299,7
18-12-2019,29.83,Valkyrie,9,6,3081,19
11-2-2019,21.19,Crypto,5,11,1634,18
14-4-2021,6.91,Horizon,7,6,1857,6
25-11-2021,28.41,Gibraltar,9,0,1930,14
14-8-2021,29.79,Pathfinder,8,4,1682,17
27-1-2022,13.79,Rampart,3,2,1220,4
29-11-2022,4.18,Pathfinder,4,6,2050,12
18-12-2022,0.08,Revenant,8,11,3162,1
23-2-2019,6.87,Bangalore,12,9,4590,20
26-6-2020,5.18,Horizon,7,7,2384,4
22-7-2020,14.71,Octane,1,2,532,15
28-5-2022,8.47,Bangalore,8,8,1946,11
31-10-2019,6.96,Horizon,4,7,2258,8
5-9-2019,28.02,Lifeline,10,8,4062,5
24-8-2020,0.14,Valkyrie,5,7,2722,9
10-4-2021,0.08,Horizon,6,5,1198,3
6-9-2021,6.1,Pathfinder,14,12,3926,19
9-8-2019,8.85,Bangalore,3,3,918,4
7-6-2022,3.45,Pathfinder,3,1,896,1
5-1-2022,25.02,Crypto,9,7,4334,8
26-3-2019,29.0,Fuse,6,3,1521,19
24-12-2019,2.16,Bangalore,6,11,2731,17
17-8-2021,23.94,Bloodhound,6,5,1441,5
15-9-2022,12.19,Wraith,6,6,3171,11
12-10-2020,21.69,Ash,1,2,813,17
16-3-2020,2.08,Rampart,1,1,541,15
15-2-2019,18.8,Pathfinder,11,3,3548,9
3-1-2021,3.09,Pathfinder,4,7,2595,10
1-12-2021,25.22,Horizon,6,7,2389,19
28-6-2020,16.8,Bloodhound,13,7,3531,20
19-8-2022,17.28,Valkyrie,9,8,3165,18
5-7-2019,11.15,Ash,5,7,1509,3
30-12-2019,9.63,Gibraltar,6,3,2490,20
22-4-2021,13.26,Fuse,7,2,1233,1
10-5-2022,0.71,Fuse,6,3,1239,5
27-12-2022,22.07,Horizon,5,8,2674,4
1-12-2020,3.97,Lifeline,7,7,2049,12
22-9-2022,24.26,Pathfinder,8,7,2671,5
21-7-2022,21.17,Lifeline,1,2,758,19
13-9-2021,14.49,Bangalore,5,1,1442,8
10-1-2022,24.01,Ash,9,6,2472,15
30-3-2019,15.44,Pathfinder,3,6,1624,19
17-2-2019,22.37,Revenant,7,5,2201,17
27-11-2021,26.54,Ash,7,6,3583,13
7-7-2019,24.05,Crypto,9,7,3211,11
22-4-2022,26.3,Bloodhound,6,5,2607,18
18-10-2019,4.79,Ash,2,3,935,8
22-3-2021,29.92,Fuse,5,7,2778,9
23-10-2019,23.51,Ash,6,6,2797,7
20-12-2021,16.2,Crypto,6,10,2934,8
23-4-2022,13.88,Bangalore,5,5,2680,14
24-11-2019,11.14,Fuse,8,6,3976,6
13-8-2022,22.33,Revenant,3,3,1670,18
27-8-2020,2.05,Bangalore,8,7,3448,20
13-9-2020,21.6,Rampart,6,3,1919,2
20-4-2019,15.81,Octane,4,6,2306,18
2-7-2021,25.88,Gibraltar,9,12,4122,10
24-7-2021,8.85,Valkyrie,10,5,2280,6
26-12-2022,6.05,Gibraltar,7,6,2695,1
21-11-2021,17.08,Revenant,6,1,2077,3
24-10-2021,17.58,Bangalore,7,1,1750,19
22-10-2022,9.59,Pathfinder,9,9,3484,6
12-8-2020,10.26,Gibraltar,5,3,2358,16
28-10-2019,24.65,Wraith,4,5,1400,16
6-12-2020,0.66,Wraith,5,9,3253,18
11-4-2020,2.37,Octane,12,11,7165,5
5-4-2020,6.37,Fuse,0,0,0,8
9-4-2021,19.73,Crypto,4,6,2171,14
4-9-2022,16.1,Pathfinder,5,5,2889,10
26-10-2019,22.99,Wraith,6,5,2674,14
9-8-2019,0.73,Lifeline,4,5,1494,16
12-6-2020,19.32,Pathfinder,11,5,4336,11
5-6-2019,10.57,Octane,6,6,2254,9
26-8-2022,9.03,Fuse,1,2,615,1
26-6-2022,17.99,Octane,4,1,1472,4
15-4-2021,0.01,Bloodhound,5,3,2036,18
12-6-2022,22.07,Wraith,4,3,2305,20
23-7-2021,22.4,Horizon,4,12,3051,16
28-12-2021,29.65,Valkyrie,14,7,5102,12
2-7-2021,0.63,Wraith,11,7,4811,19
21-2-2021,23.38,Crypto,2,0,509,11
23-6-2020,14.69,Octane,1,2,905,1
20-12-2020,14.18,Bangalore,3,5,1409,16
21-7-2019,5.53,Lifeline,3,3,1777,9
17-3-2020,21.78,Revenant,8,8,3937,18
12-11-2019,13.51,Rampart,5,6,2642,7
4-2-2022,10.81,Valkyrie,7,9,5300,3
30-7-2019,16.35,Pathfinder,2,1,737,15
5-3-2020,25.8,Crypto,3,4,1513,2
4-8-2020,11.91,Bangalore,7,4,3631,20
24-12-2019,22.16,Bangalore,5,6,2858,18
26-3-2019,5.64,Ash,4,7,3611,16
19-6-2022,8.56,Pathfinder,7,11,4184,19
7-5-2021,16.51,Revenant,7,8,4755,9
10-12-2019,1.79,Ash,7,7,2833,6
3-4-2021,22.41,Bangalore,9,3,3276,15
5-2-2021,19.16,Bangalore,7,7,4134,2
6-10-2022,11.01,Wraith,3,4,1685,12
26-12-2022,25.43,Horizon,5,6,3258,18
26-7-2019,10.64,Gibraltar,12,5,5994,10
27-5-2020,9.82,Ash,8,11,6355,5
3-6-2021,26.49,Wraith,1,4,1251,4
12-1-2020,29.94,Horizon,7,3,2549,8
28-9-2020,13.65,Octane,3,2,1714,6
12-12-2021,18.4,Gibraltar,7,6,3882,19
28-5-2021,27.42,Rampart,5,12,4784,6
17-9-2019,4.45,Ash,10,5,5123,5
20-8-2021,20.87,Bangalore,7,7,3207,17
3-6-2022,12.84,Pathfinder,2,2,893,4
30-7-2019,15.37,Horizon,9,6,5285,1
22-2-2021,14.25,Bloodhound,2,3,1123,4
20-6-2022,12.07,Lifeline,5,10,3979,6
16-2-2021,28.53,Crypto,8,15,7465,1
17-6-2019,29.87,Gibraltar,12,14,8567,3
7-12-2019,27.36,Horizon,7,13,5607,10
23-5-2019,7.15,Valkyrie,0,2,621,3
15-12-2022,29.41,Ash,1,2,665,3
14-4-2021,20.56,Crypto,5,5,3357,5
27-1-2020,8.46,Revenant,3,8,3707,12
22-12-2020,7.29,Crypto,4,4,2659,17
20-8-2022,29.28,Ash,6,6,2652,10
26-9-2021,27.58,Lifeline,10,9,4882,14
4-8-2019,18.36,Valkyrie,5,3,2160,15
30-11-2019,23.27,Octane,3,1,1276,10
30-9-2019,11.96,Octane,5,3,2725,20
23-6-2021,8.69,Ash,4,4,2240,12
30-7-2021,15.3,Revenant,6,7,4627,17
22-10-2020,15.27,Fuse,8,5,3194,20
16-8-2021,26.72,Horizon,12,9,7782,7
24-2-2020,19.35,Horizon,7,3,3511,18
4-8-2021,22.26,Ash,2,4,1720,20
28-10-2020,25.38,Horizon,9,10,5911,20
6-12-2019,24.05,Bangalore,3,9,4342,2
8-1-2021,9.81,Gibraltar,4,4,2636,11
8-5-2021,28.51,Wraith,8,8,4638,7
19-8-2019,13.19,Revenant,11,10,7288,1
4-12-2021,29.72,Bangalore,2,2,959,3
26-9-2020,23.16,Gibraltar,1,3,1298,15
14-6-2020,3.75,Octane,2,3,1925,18
21-4-2019,1.5,Horizon,4,3,1860,20
3-11-2022,12.76,Ash,5,6,2601,7
18-8-2021,10.16,Fuse,5,7,4454,19
20-11-2020,15.48,Rampart,10,8,7131,11
19-2-2019,24.54,Gibraltar,0,3,1118,19
14-1-2020,8.19,Valkyrie,7,2,2358,6
1-2-2020,6.02,Gibraltar,3,7,2637,12
22-2-2021,13.94,Revenant,3,7,2474,3
21-9-2019,22.45,Bangalore,5,10,5084,18
11-10-2021,13.99,Gibraltar,6,5,4399,15
10-10-2022,3.56,Bangalore,6,9,4227,6
10-10-2020,9.44,Crypto,6,5,2795,19
2-4-2019,21.06,Bloodhound,12,3,5776,2
21-4-2022,13.43,Pathfinder,3,9,2982,19
2-8-2019,4.32,Bloodhound,3,7,3121,13
8-1-2022,0.99,Bloodhound,6,10,5436,17
4-12-2019,18.94,Lifeline,9,10,7664,19
18-12-2022,20.98,Valkyrie,8,14,7390,10
28-3-2021,22.77,Valkyrie,1,3,1140,16
30-8-2022,9.98,Revenant,2,1,1050,18
16-12-2019,3.47,Lifeline,2,2,1241,12
30-6-2022,28.38,Bangalore,7,8,5350,10
3-9-2020,18.78,Valkyrie,13,8,7082,17
3-7-2021,13.91,Bloodhound,9,7,1490,13
22-4-2019,21.28,Bangalore,8,6,1401,10
29-4-2019,14.71,Crypto,2,0,419,19
14-1-2022,17.77,Lifeline,1,2,524,20
20-9-2021,29.38,Bloodhound,4,4,657,19
27-1-2020,28.69,Bloodhound,12,12,3333,13
2-4-2019,0.73,Wraith,11,4,3264,15
22-7-2022,19.78,Pathfinder,6,10,2516,11
3-10-2020,28.5,Ash,6,13,3931,10
29-3-2019,28.05,Crypto,5,8,1795,11
22-9-2019,9.98,Revenant,1,2,499,17
23-5-2019,25.42,Crypto,6,10,2345,17
22-3-2022,21.28,Ash,12,3,1824,16
31-10-2020,25.01,Fuse,5,6,1057,2
18-3-2020,6.4,Octane,10,6,2161,2
30-5-2022,8.6,Lifeline,11,9,1556,11
16-3-2020,24.53,Ash,7,3,1302,4
21-4-2019,4.2,Valkyrie,2,1,654,18
1-11-2019,8.01,Lifeline,3,2,403,2
27-8-2022,28.14,Revenant,6,13,2660,8
7-1-2021,5.5,Gibraltar,4,4,633,7
5-4-2022,26.01,Ash,8,8,3496,1
4-11-2020,1.41,Wraith,8,8,2993,7
4-12-2022,11.84,Horizon,3,2,1049,4
6-8-2022,15.34,Wraith,3,2,810,12
4-1-2022,22.95,Valkyrie,8,4,2897,16
5-6-2021,9.2,Gibraltar,3,7,1022,7
14-8-2021,11.95,Horizon,8,4,2723,12
29-5-2019,25.76,Gibraltar,8,7,1328,18
27-10-2019,26.1,Lifeline,13,13,2495,18
26-4-2022,11.97,Gibraltar,2,1,297,9
9-5-2019,26.3,Revenant,5,6,2382,18
8-10-2022,6.81,Gibraltar,2,5,1546,13
16-7-2020,9.23,Fuse,3,10,1789,14
9-10-2019,12.74,Lifeline,9,5,2137,12
18-9-2021,23.93,Rampart,6,7,1740,13
28-3-2021,13.63,Bangalore,9,8,3485,7
6-10-2021,1.14,Rampart,0,3,306,13
1-1-2022,20.46,Valkyrie,1,5,1277,20
12-3-2022,15.67,Rampart,6,3,2033,13
8-7-2021,3.79,Crypto,9,4,1728,5
8-9-2019,21.79,Valkyrie,4,10,2681,5
24-11-2021,10.03,Ash,9,7,2204,2
1-10-2019,19.93,Rampart,6,6,1404,9
10-3-2019,25.07,Bangalore,2,11,2048,1
5-7-2019,20.63,Revenant,5,1,1196,14
4-2-2021,16.93,Pathfinder,11,7,4279,20
20-1-2021,1.58,Rampart,5,11,2781,4
8-8-2021,26.36,Wraith,4,7,2236,3
19-3-2019,13.35,Gibraltar,7,6,2652,2
1-12-2021,22.91,Revenant,11,6,2595,2
1-4-2021,4.9,Ash,0,3,640,10
23-9-2021,2.78,Pathfinder,1,5,881,3
4-11-2022,19.56,Fuse,2,4,807,11
22-8-2021,8.42,Horizon,4,3,905,3
29-9-2021,18.34,Bloodhound,4,6,1194,17
28-12-2021,15.98,Gibraltar,12,5,2755,15
7-12-2022,16.65,Valkyrie,9,7,3683,20
24-4-2020,23.06,Bloodhound,0,4,715,16
16-10-2019,29.47,Ash,3,5,911,18
31-5-2021,4.59,Lifeline,2,2,609,19
23-3-2019,7.47,Bangalore,6,4,1609,19
16-5-2020,0.19,Wraith,12,10,6025,20
27-8-2019,4.76,Wraith,9,7,2952,3
18-4-2019,18.09,Wraith,11,7,3769,8
26-7-2022,15.55,Pathfinder,0,5,733,13
19-10-2019,22.96,Valkyrie,4,1,625,2
18-1-2021,12.3,Fuse,6,2,1218,1
3-7-2021,22.54,Gibraltar,3,4,1163,3
15-8-2019,16.87,Crypto,11,5,3982,8
7-5-2020,0.74,Pathfinder,6,5,1748,7
6-6-2020,25.61,Lifeline,7,8,4211,11
17-2-2021,7.69,Fuse,8,4,2955,13
4-5-2021,10.32,Pathfinder,7,6,2420,12
18-2-2021,22.45,Horizon,8,9,3904,7
22-8-2019,3.75,Rampart,9,3,3133,9
25-10-2020,25.93,Bloodhound,6,7,2139,13
17-10-2019,7.61,Crypto,9,5,3173,3
5-3-2020,17.98,Fuse,6,10,3052,14
18-12-2020,10.31,Pathfinder,3,3,1458,20
17-1-2022,12.37,Pathfinder,2,6,1236,9
28-8-2019,27.73,Valkyrie,4,13,2969,20
21-12-2020,6.73,Fuse,3,9,2324,16
17-3-2020,2.27,Fuse,7,8,2673,14
27-10-2022,13.43,Crypto,12,8,3457,5
24-9-2022,2.3,Wraith,8,9,4924,14
18-12-2019,29.81,Revenant,2,2,593,9
8-11-2021,6.62,Gibraltar,1,2,816,20
1-10-2020,19.56,Bloodhound,6,6,3562,2
11-12-2019,18.93,Wraith,3,4,1974,16
2-11-2021,4.87,Octane,4,5,2707,4
5-8-2022,5.03,Crypto,6,5,3046,4
28-2-2019,14.91,Pathfinder,9,7,4687,10
23-5-2020,5.98,Valkyrie,0,0,0,9
19-12-2020,24.23,Gibraltar,7,5,3059,17
11-4-2021,10.95,Ash,2,2,911,16
4-8-2021,12.01,Ash,4,5,2502,2
4-7-2022,5.45,Valkyrie,5,4,1614,3
1-10-2020,6.12,Wraith,7,5,2344,12
8-12-2021,29.31,Horizon,12,7,5285,3
6-3-2019,27.58,Valkyrie,1,2,700,7
7-7-2019,1.48,Valkyrie,3,1,1014,9
19-7-2019,22.06,Ash,3,3,1144,7
17-1-2022,17.72,Bloodhound,3,5,2458,11
6-7-2020,13.34,Fuse,4,5,2341,13
21-5-2019,17.68,Lifeline,6,10,3174,18
20-7-2021,27.83,Rampart,10,6,3282,15
13-4-2019,4.42,Horizon,5,0,1293,7
30-7-2019,17.85,Wraith,1,3,1244,7
3-3-2019,10.41,Gibraltar,4,7,2874,14
18-8-2019,8.59,Bangalore,3,11,3460,2
2-6-2020,12.07,Crypto,4,4,2300,19
26-2-2020,27.79,Bloodhound,7,6,2458,8
13-12-2022,12.59,Bloodhound,6,11,2858,12
9-5-2019,16.76,Revenant,4,1,1607,10
11-11-2022,25.19,Bloodhound,1,3,741,6
31-1-2022,13.4,Valkyrie,10,3,2736,19
8-7-2021,15.11,Gibraltar,4,11,3971,4
21-4-2022,13.15,Bangalore,9,5,3878,4
9-3-2021,22.55,Crypto,8,5,4361,14
29-5-2021,3.56,Lifeline,8,10,4474,7
26-1-2020,26.27,Valkyrie,1,5,1585,8
24-7-2019,25.58,Ash,2,6,2619,1
5-11-2019,18.75,Wraith,9,5,2568,11
18-1-2020,0.4,Rampart,4,3,1600,5
13-3-2022,28.83,Revenant,8,4,4030,15
30-7-2022,12.05,Octane,9,13,4703,20
24-11-2019,8.65,Bloodhound,13,7,4177,19
20-10-2021,23.64,Gibraltar,1,1,591,10
18-3-2020,18.2,Pathfinder,1,3,1172,12
11-3-2021,26.15,Pathfinder,7,5,2630,5
15-9-2020,2.38,Rampart,6,3,3165,6
3-4-2021,6.79,Horizon,4,6,3081,9
25-6-2022,27.68,Bangalore,12,5,3361,1
5-6-2019,21.62,Bloodhound,10,16,7825,7
15-12-2021,16.2,Pathfinder,3,1,1340,8
29-5-2022,12.53,Lifeline,2,1,993,19
8-5-2019,15.39,Rampart,5,8,3645,3
6-7-2019,17.22,Revenant,5,5,2862,7
28-3-2021,17.91,Wraith,7,5,4052,15
23-7-2020,18.16,Ash,11,5,3583,11
22-3-2022,21.8,Bangalore,7,7,4953,11
8-4-2020,4.28,Rampart,0,5,966,6
25-10-2019,0.97,Valkyrie,3,4,1478,9
25-12-2022,9.72,Bloodhound,10,7,4290,10
14-9-2021,26.21,Pathfinder,6,6,3615,17
16-6-2019,14.21,Bloodhound,5,5,3262,16
7-8-2022,2.2,Revenant,5,5,3414,13
10-12-2021,18.14,Wraith,11,7,5496,12
22-1-2022,5.51,Valkyrie,7,0,2034,18
26-9-2020,2.02,Bloodhound,2,4,1259,20
28-2-2021,10.25,Lifeline,6,3,3038,5
27-7-2020,23.08,Lifeline,5,5,3445,18
4-5-2020,24.02,Bloodhound,8,11,5999,17
2-1-2022,13.37,Gibraltar,6,6,3125,5
24-6-2021,9.39,Octane,6,6,3170,7
18-9-2022,20.45,Wraith,10,2,2981,1
5-9-2019,3.38,Rampart,3,4,2029,15
6-11-2020,26.29,Wraith,2,4,1776,3
9-4-2022,3.99,Wraith,4,4,2096,15
16-2-2021,17.0,Horizon,4,6,2646,10
9-8-2019,13.83,Bloodhound,7,9,5562,18
13-6-2021,7.01,Ash,8,6,3286,8
15-4-2021,18.71,Revenant,3,5,1911,9
28-6-2021,3.43,Octane,4,4,2481,2
6-10-2020,7.92,Bangalore,2,2,1383,16
8-7-2020,13.03,Wraith,4,9,2996,1
6-10-2019,23.41,Fuse,8,6,5260,19
15-2-2022,16.59,Fuse,6,7,3791,20
20-5-2021,6.05,Horizon,8,10,5128,10
5-9-2022,18.57,Lifeline,1,5,1399,17
11-6-2019,10.9,Pathfinder,2,3,1602,20
16-8-2021,26.33,Bangalore,10,3,3266,6
7-3-2022,27.45,Bangalore,6,8,3328,10
22-7-2019,28.26,Fuse,8,4,3588,2
16-12-2020,28.75,Ash,13,7,5035,15
20-7-2020,18.34,Fuse,14,8,8130,5
12-7-2019,22.54,Fuse,1,2,761,17
3-7-2020,29.51,Valkyrie,3,2,1683,14
21-8-2022,1.27,Crypto,3,7,2355,1
23-7-2022,3.07,Revenant,5,3,3115,16
24-7-2020,24.94,Valkyrie,6,6,2841,12
19-5-2022,28.44,Lifeline,7,9,6271,14
15-3-2019,29.9,Octane,7,7,4742,4
5-4-2019,0.7,Bloodhound,0,2,609,10
4-11-2021,6.5,Gibraltar,2,1,736,2
2-7-2019,24.06,Wraith,8,6,3431,15
13-9-2019,28.11,Wraith,8,10,6060,15
6-12-2019,10.24,Fuse,8,5,5090,16
29-9-2021,5.68,Lifeline,6,7,4234,3
21-2-2022,18.39,Octane,10,12,6648,4
28-1-2021,1.48,Revenant,4,1,1639,10
20-8-2019,9.79,Octane,3,4,2117,4
30-3-2021,8.64,Horizon,2,5,2374,18
16-8-2019,27.77,Bloodhound,3,3,1508,19
22-11-2021,27.73,Crypto,5,6,3669,13
19-8-2021,1.12,Valkyrie,9,5,5602,6
10-6-2020,8.84,Gibraltar,8,11,6346,20
20-2-2019,28.14,Valkyrie,1,5,2015,10
4-4-2020,16.55,Gibraltar,4,7,3487,9
2-12-2022,9.48,Pathfinder,4,9,1843,16
20-12-2019,24.57,Lifeline,8,6,2570,13
5-8-2021,14.05,Revenant,5,5,1941,18
27-10-2020,4.45,Revenant,11,14,1605,19
23-2-2022,0.11,Crypto,6,9,1886,9
16-6-2022,2.83,Bangalore,2,0,318,6
21-4-2019,8.12,Horizon,1,2,605,11
25-11-2022,9.5,Pathfinder,5,2,447,12
17-12-2020,1.85,Crypto,3,4,469,20
17-8-2019,28.64,Octane,4,5,1870,2
30-9-2019,3.46,Wraith,5,12,2350,17
1-1-2021,18.64,Bloodhound,9,7,1837,9
18-12-2021,8.28,Rampart,3,7,1323,11
8-12-2022,20.26,Revenant,1,3,515,14
6-12-2022,18.57,Valkyrie,11,2,2055,6
13-10-2021,21.33,Lifeline,7,6,1211,6
11-9-2022,25.68,Valkyrie,5,5,815,14
24-10-2019,2.72,Bloodhound,5,9,2202,7
31-5-2021,13.87,Ash,7,8,1401,8
29-3-2022,26.42,Rampart,1,4,710,2
31-8-2020,28.91,Octane,4,2,1201,19
9-11-2019,26.08,Lifeline,3,7,2019,2
5-11-2022,18.52,Wraith,10,3,1353,2
20-9-2022,0.19,Rampart,6,5,1805,3
30-11-2022,18.03,Bloodhound,7,8,1410,12
22-9-2020,24.04,Horizon,7,9,1870,17
3-3-2019,21.62,Lifeline,3,1,805,9
16-10-2022,26.27,Rampart,2,2,903,7
24-7-2020,28.86,Wraith,4,4,1666,2
24-7-2022,6.94,Ash,4,9,1385,4
27-3-2020,1.9,Lifeline,5,5,1951,11
17-7-2020,6.19,Bloodhound,5,6,2104,11
25-9-2022,4.89,Bangalore,7,7,3070,19
29-8-2020,25.39,Gibraltar,3,2,937,16
14-11-2021,5.54,Revenant,2,7,1025,11
18-9-2021,19.4,Horizon,7,8,3530,18
17-3-2020,29.52,Horizon,4,4,1420,18
21-8-2021,13.34,Pathfinder,10,5,1852,17
18-6-2021,24.57,Revenant,6,7,3004,3
21-6-2020,3.32,Lifeline,8,6,2316,4
11-8-2019,29.52,Octane,4,1,915,5
8-5-2022,17.72,Rampart,3,4,777,14
17-3-2020,3.14,Wraith,2,2,735,15
10-7-2019,11.06,Valkyrie,3,3,777,12
10-12-2020,14.47,Horizon,5,5,1032,15
13-9-2022,23.96,Crypto,6,5,1415,10
18-5-2021,7.04,Pathfinder,6,6,1785,17
17-3-2020,16.57,Horizon,0,6,1425,9
16-5-2020,9.98,Rampart,2,5,1426,9
22-7-2022,20.92,Ash,9,6,2878,3
8-3-2021,2.92,Fuse,5,3,1829,5
15-1-2021,24.2,Octane,9,8,3110,19
2-12-2020,19.63,Rampart,8,6,3218,15
31-5-2020,17.02,Valkyrie,11,9,2349,11
3-10-2019,13.53,Octane,0,0,0,10
6-7-2022,19.69,Bangalore,4,7,1610,10
22-8-2022,20.95,Octane,7,4,2222,2
29-3-2021,27.67,Gibraltar,5,6,1341,12
9-5-2021,17.55,Octane,4,4,1312,14
15-7-2019,26.13,Lifeline,9,5,2142,13
18-10-2022,2.48,Pathfinder,7,9,2672,2
2-8-2020,25.99,Gibraltar,4,2,893,6
26-1-2020,22.28,Valkyrie,3,9,2834,6
23-12-2020,16.22,Bloodhound,2,4,821,1
16-8-2022,19.87,Valkyrie,4,4,1475,9
20-11-2022,4.32,Fuse,4,11,2828,6
20-2-2021,23.38,Fuse,9,7,2411,11
23-4-2022,29.99,Crypto,10,9,3725,20
16-11-2021,28.58,Ash,4,2,1144,4
26-7-2021,15.11,Bangalore,1,7,1147,18
29-9-2020,17.82,Rampart,6,7,2685,14
30-10-2022,5.34,Bangalore,3,6,1849,1
30-5-2020,28.89,Horizon,6,8,1865,15
4-7-2020,26.33,Rampart,11,5,2292,17
16-9-2021,15.64,Fuse,11,8,5294,19
19-9-2020,18.28,Horizon,1,3,520,7
8-7-2019,17.2,Valkyrie,4,6,2018,11
9-4-2021,28.07,Octane,8,3,2130,20
4-2-2020,11.87,Valkyrie,3,7,2204,2
3-8-2021,18.32,Horizon,5,5,2346,12
19-6-2019,21.23,Fuse,7,9,2508,20
23-11-2019,23.46,Horizon,11,14,5432,10
17-2-2019,27.13,Pathfinder,0,5,1166,4
26-10-2021,15.87,Revenant,2,6,1493,8
11-1-2021,29.39,Bloodhound,3,6,2394,18
12-9-2020,29.36,Bangalore,6,4,2957,9
25-12-2020,9.0,Bloodhound,13,4,4320,20
28-7-2020,26.23,Bangalore,7,8,3437,4
21-11-2021,28.77,Pathfinder,11,8,4193,3
3-8-2020,5.71,Horizon,0,0,0,8
4-12-2020,8.64,Wraith,3,5,1887,11
25-3-2022,25.78,Valkyrie,4,2,1386,10
31-10-2019,9.07,Crypto,3,3,1426,15
4-11-2019,24.46,Horizon,8,4,1992,15
14-8-2022,2.38,Crypto,5,8,3609,12
1-1-2020,3.89,Fuse,6,12,4579,2
17-9-2019,14.51,Horizon,5,1,920,10
4-10-2021,20.51,Fuse,3,1,867,9
21-5-2020,21.28,Gibraltar,4,9,2234,9
2-3-2021,6.98,Octane,4,3,1806,20
4-4-2019,22.22,Lifeline,4,5,2184,15
28-3-2020,26.31,Ash,12,11,6597,11
12-10-2022,3.31,Crypto,6,6,2271,16
23-5-2021,23.91,Gibraltar,2,4,1233,9
1-11-2021,17.41,Horizon,7,1,2399,12
21-5-2021,14.18,Crypto,9,2,3323,12
12-9-2019,26.64,Horizon,12,6,5512,3
27-10-2019,22.44,Ash,4,5,1760,5
18-8-2019,3.92,Pathfinder,6,7,4044,5
31-8-2020,3.07,Rampart,10,6,4459,13
30-1-2020,9.82,Pathfinder,1,0,255,13
29-7-2020,13.17,Fuse,1,3,978,6
20-11-2020,13.96,Rampart,4,10,4387,13
26-11-2019,28.01,Revenant,5,3,2598,14
27-10-2021,22.43,Gibraltar,12,4,3133,11
28-7-2020,24.91,Octane,7,9,5161,3
2-10-2022,23.43,Horizon,12,6,4745,20
18-12-2020,18.24,Crypto,4,5,1566,10
30-8-2022,26.68,Octane,1,2,954,10
20-10-2020,0.08,Bloodhound,2,4,1577,16
7-4-2020,9.85,Bangalore,5,4,2640,7
26-3-2021,16.42,Bangalore,5,10,3085,5
6-2-2020,24.77,Lifeline,8,9,5496,13
23-3-2019,13.43,Revenant,11,8,3439,17
29-9-2022,3.9,Octane,1,0,230,9
18-1-2022,5.85,Wraith,1,1,397,2
18-4-2022,21.97,Horizon,9,7,3312,17
25-11-2020,14.26,Lifeline,4,12,3178,20
29-5-2019,5.64,Pathfinder,4,4,2366,6
27-7-2021,12.64,Lifeline,12,6,5963,15
17-9-2022,7.85,Bangalore,6,6,3401,18
24-10-2019,11.1,Wraith,0,0,0,17
22-7-2022,26.99,Ash,5,4,2684,13
3-3-2022,10.8,Horizon,4,3,1493,3
24-11-2021,23.86,Crypto,4,4,2301,13
29-6-2020,19.62,Lifeline,8,4,2505,6
19-4-2021,3.17,Rampart,5,5,3177,11
18-10-2021,17.04,Valkyrie,7,7,4374,17
17-6-2019,26.2,Octane,7,0,2159,2
10-3-2020,17.87,Octane,2,6,1879,16
28-1-2021,7.08,Horizon,2,2,894,17
3-9-2021,9.58,Bangalore,10,4,3340,15
26-7-2021,21.57,Octane,7,7,3080,15
6-5-2022,10.37,Fuse,11,7,6441,9
17-10-2022,2.91,Lifeline,6,8,3119,18
25-7-2021,7.88,Bangalore,0,1,244,16
14-8-2022,3.22,Revenant,3,5,2515,17
27-12-2019,26.12,Ash,6,6,3647,19
11-3-2020,5.51,Valkyrie,3,4,2113,2
27-10-2019,22.46,Bangalore,5,4,2995,6
26-1-2022,8.53,Fuse,6,9,3942,15
19-11-2019,28.8,Rampart,8,6,4509,4
18-2-2021,27.77,Bangalore,2,3,1662,11
23-10-2022,25.9,Valkyrie,4,1,1800,2
17-7-2019,15.9,Wraith,2,7,2387,7
7-5-2020,16.21,Crypto,12,4,4880,16
10-2-2020,10.58,Valkyrie,9,9,4804,1
28-9-2019,6.01,Bloodhound,5,12,4038,5
20-8-2020,18.37,Rampart,7,7,3742,15
1-6-2019,18.16,Revenant,0,1,217,13
14-9-2022,9.61,Lifeline,6,3,2898,17
19-5-2020,2.41,Ash,2,4,1417,19
1-2-2022,16.6,Ash,3,5,2829,19
9-6-2021,23.86,Lifeline,5,9,4748,19
4-2-2021,24.36,Revenant,12,9,7811,19
14-8-2019,27.26,Bloodhound,10,8,5992,3
16-8-2020,22.34,Pathfinder,0,0,0,11
24-9-2019,2.62,Rampart,1,1,615,4
15-10-2019,8.89,Wraith,2,2,1332,10
3-5-2019,0.46,Revenant,6,8,4539,7
30-6-2020,8.26,Horizon,4,4,1893,17
26-9-2020,5.41,Bloodhound,7,8,3461,6
12-3-2020,11.9,Pathfinder,8,7,4157,14
19-8-2022,21.33,Wraith,3,2,1424,20
22-11-2019,27.21,Crypto,1,3,1226,1
16-1-2020,18.22,Gibraltar,6,7,4287,9
2-6-2021,4.6,Rampart,4,4,2433,12
15-6-2019,22.69,Pathfinder,6,9,5080,14
7-2-2020,25.29,Wraith,5,8,3119,5
31-7-2021,12.75,Octane,8,14,5278,12
16-8-2020,3.55,Fuse,0,1,345,4
19-12-2020,7.91,Ash,3,6,2386,17
9-8-2022,29.75,Wraith,2,4,1456,10
17-12-2019,12.63,Horizon,7,4,2632,11
20-11-2020,24.24,Valkyrie,6,12,4618,19
18-10-2019,21.06,Bloodhound,8,7,5493,17
18-5-2020,24.95,Pathfinder,8,7,4927,14
23-3-2019,13.73,Horizon,0,1,361,18
11-5-2021,21.24,Horizon,3,2,1437,19
15-9-2021,6.14,Bloodhound,4,3,2099,20
12-11-2022,1.99,Fuse,7,4,3334,17
2-1-2021,25.63,Fuse,5,5,3176,20
1-12-2020,10.17,Pathfinder,8,6,4658,18
6-11-2019,22.22,Bangalore,9,11,5065,17
11-6-2021,21.88,Bangalore,3,5,2519,19
24-9-2022,5.42,Pathfinder,2,2,1514,16
25-3-2020,0.63,Octane,2,3,1797,11
30-9-2022,11.19,Lifeline,6,6,4941,15
6-6-2020,7.02,Octane,4,5,2599,3
8-6-2021,21.82,Rampart,12,7,7161,20
11-5-2022,24.83,Revenant,7,7,1006,5
11-10-2021,13.29,Gibraltar,3,3,1271,1
7-1-2021,3.83,Pathfinder,3,7,1471,1
23-11-2022,4.56,Horizon,2,4,1194,2
20-9-2019,6.8,Pathfinder,11,5,3054,12
18-2-2022,13.29,Gibraltar,6,5,1980,8
17-2-2019,18.59,Horizon,6,7,2776,15
17-9-2021,12.99,Horizon,8,10,2332,4
4-6-2022,7.33,Lifeline,3,0,356,17
30-10-2020,9.11,Horizon,3,2,577,1
11-1-2021,7.3,Valkyrie,4,9,2480,7
27-2-2021,24.16,Bloodhound,5,4,1951,14
15-4-2020,17.29,Lifeline,6,6,1242,14
28-3-2021,22.73,Pathfinder,10,7,1430,14
9-9-2019,7.79,Bangalore,8,9,2941,16
6-1-2020,9.22,Fuse,0,0,0,8
16-1-2021,22.35,Bangalore,1,7,1532,7
9-7-2022,0.1,Gibraltar,3,2,407,18
9-10-2019,9.55,Octane,6,4,1421,18
2-10-2019,27.08,Pathfinder,5,8,2061,16
9-7-2020,9.28,Wraith,9,7,3174,11
19-7-2020,2.92,Rampart,9,11,4193,5
1-6-2021,29.01,Lifeline,8,3,2369,3
27-7-2022,19.76,Bangalore,10,9,4333,5
30-4-2019,25.69,Octane,3,5,888,12
29-11-2022,27.3,Revenant,4,13,1309,20
8-12-2021,20.05,Crypto,4,5,1425,12
8-5-2022,0.47,Valkyrie,5,8,2745,19
24-1-2022,14.06,Bangalore,8,8,3003,12
29-6-2019,5.99,Fuse,7,2,1044,10
28-4-2021,17.46,Lifeline,4,4,914,14
6-7-2022,9.78,Crypto,9,5,2253,11
20-12-2021,12.47,Pathfinder,5,3,1570,15
2-1-2022,0.98,Crypto,4,7,2199,16
9-6-2020,14.59,Octane,6,10,2037,3
2-7-2020,17.78,Bangalore,10,6,3684,5
15-2-2020,9.07,Horizon,2,3,827,10
6-12-2022,27.62,Octane,3,4,1689,8
14-11-2019,13.68,Lifeline,4,7,2583,16
20-5-2022,8.96,Horizon,7,3,1886,2
12-10-2022,16.26,Ash,5,6,1160,17
22-8-2020,22.83,Gibraltar,9,12,2582,12
18-9-2021,28.6,Pathfinder,8,8,2053,15
13-8-2021,24.99,Rampart,5,4,1367,16
27-9-2021,2.92,Octane,2,1,457,7
28-7-2020,26.96,Pathfinder,8,6,1624,12
9-3-2019,0.58,Rampart,9,3,1961,19
21-10-2019,11.3,Lifeline,6,7,1902,19
13-2-2022,20.55,Wraith,6,13,3572,8
25-11-2021,19.69,Rampart,9,9,2440,10
27-10-2019,12.38,Bloodhound,1,2,336,20
12-6-2019,3.8,Bloodhound,2,1,616,18
4-5-2021,11.93,Bloodhound,4,8,1425,15
22-7-2019,16.33,Revenant,4,6,1128,5
6-3-2020,15.7,Wraith,8,13,4626,8
4-9-2020,3.2,Gibraltar,10,10,2227,5
12-9-2020,4.18,Rampart,7,8,2777,18
2-1-2021,18.48,Crypto,2,6,1018,15
9-5-2021,21.86,Revenant,5,2,1572,13
18-8-2019,3.22,Bloodhound,8,2,2304,13
28-10-2021,13.21,Valkyrie,3,6,1365,2
11-1-2021,26.67,Rampart,6,9,3421,11
22-12-2021,10.27,Bangalore,10,9,5229,8
25-8-2019,7.7,Crypto,6,8,2029,16
17-9-2022,23.97,Bangalore,2,2,751,2
30-1-2020,10.6,Lifeline,6,1,903,19
20-2-2019,22.53,Pathfinder,3,7,1306,8
3-11-2020,0.57,Fuse,4,8,1689,13
23-4-2021,5.63,Bloodhound,6,4,1465,6
18-7-2019,8.53,Bloodhound,6,9,2908,11
3-4-2021,21.3,Revenant,8,8,2917,15
1-12-2020,16.95,Rampart,9,3,2194,18
15-3-2021,10.69,Crypto,10,1,1498,3
8-6-2019,4.8,Rampart,7,2,2116,10
1-1-2022,5.01,Bangalore,4,4,1251,12
10-1-2020,22.53,Pathfinder,7,7,2393,11
18-1-2022,6.63,Wraith,6,5,2320,12
28-10-2022,5.02,Lifeline,6,6,3038,16
28-7-2021,27.77,Rampart,1,5,1037,19
6-6-2021,4.56,Octane,5,2,1566,8
20-1-2021,21.02,Rampart,3,2,1386,12
7-7-2021,15.71,Horizon,5,5,1688,16
8-11-2020,20.56,Ash,13,7,3803,4
3-5-2020,19.01,Crypto,13,6,5278,2
3-10-2022,26.37,Rampart,8,13,5187,15
12-9-2021,25.88,Octane,3,9,2530,3
16-3-2019,2.31,Revenant,3,9,2486,11
10-12-2020,23.19,Bloodhound,5,3,2309,11
15-8-2019,16.36,Fuse,6,5,2475,6
11-1-2021,24.89,Gibraltar,5,6,3105,19
2-7-2020,21.69,Lifeline,9,10,3405,1
8-12-2022,18.71,Revenant,9,13,5498,11
7-10-2021,26.77,Wraith,5,3,1637,6
10-3-2021,22.82,Rampart,1,4,1052,20
12-2-2021,18.11,Octane,3,9,3286,9
25-9-2022,10.32,Valkyrie,7,6,3379,3
26-7-2020,28.75,Rampart,8,7,3471,6
13-3-2022,14.66,Horizon,6,11,4127,1
24-4-2019,15.37,Bangalore,7,7,3971,8
22-5-2020,11.72,Revenant,4,6,2890,8
