29-7-2021,16.47,Wattson,2,3,781,11
28-12-2022,11.66,Bangalore,10,15,2594,4
22-7-2020,6.41,Wraith,0,10,1542,15
6-3-2019,7.39,Gibraltar,10,7,2200,18
14-8-2022,5.67,Valkyrie,1,5,453,18
25-10-2021,6.81,Wraith,0,3,314,7
24-1-2020,26.8,Bloodhound,5,5,1986,8
22-7-2021,25.65,Gibraltar,14,13,4185,10
26-9-2020,14.19,Bangalore,1,5,573,2
11-12-2022,27.91,Lifeline,5,9,2499,19
23-8-2022,3.9,Bangalore,2,10,2415,12
21-3-2021,16.25,Bloodhound,8,9,1328,13
21-9-2022,4.8,Bangalore,4,0,448,20
30-1-2022,19.44,Wraith,5,18,2142,5
26-8-2022,2.34,Bloodhound,4,15,3615,3
16-7-2022,6.99,Lifeline,6,16,4122,10
2-12-2020,5.43,Lifeline,4,9,911,13
23-6-2022,4.97,Lifeline,15,4,2440,10
13-3-2020,11.29,Pathfinder,1,7,500,8
26-5-2021,19.66,Mad Maggie,9,4,895,6
18-2-2020,26.68,Lifeline,6,2,1042,16
11-8-2022,7.6,Mad Maggie,0,0,0,14
16-5-2019,1.65,Gibraltar,11,1,1993,9
5-5-2019,17.83,Mad Maggie,13,5,4017,20
13-11-2022,24.56,Wraith,8,7,1532,17
14-6-2021,21.94,Valkyrie,3,2,336,9
19-2-2022,9.87,Valkyrie,13,7,4445,11
31-3-2022,20.09,Lifeline,5,3,1523,18
10-5-2022,6.62,Gibraltar,2,5,1031,13
24-12-2020,0.84,Gibraltar,1,7,935,2
18-3-2019,25.51,Wraith,8,5,2218,12
8-4-2022,10.87,Pathfinder,1,3,549,10
18-7-2021,24.18,Bloodhound,9,3,1421,1
19-9-2021,18.72,Mad Maggie,10,2,1160,12
12-11-2019,20.86,Bloodhound,3,3,519,16
16-9-2022,18.29,Lifeline,8,4,1560,16
12-2-2021,19.81,Wattson,5,3,1299,6
21-6-2019,16.89,Wraith,1,2,509,14
26-7-2019,18.4,Wraith,6,1,765,17
10-2-2020,27.52,Gibraltar,6,5,1470,4
20-8-2021,15.44,Bloodhound,6,5,1947,2
7-3-2019,15.47,Bloodhound,5,4,1348,13
3-5-2019,11.14,Pathfinder,3,4,394,9
27-6-2021,17.99,Wattson,6,20,4443,10
28-1-2021,10.0,Lifeline,12,4,2382,8
16-11-2020,0.24,Lifeline,4,11,1656,15
15-7-2020,1.01,Valkyrie,4,2,735,5
9-10-2022,6.27,Valkyrie,0,2,211,8
16-3-2019,10.84,Pathfinder,2,2,410,5
22-3-2021,19.06,Pathfinder,15,3,2281,5
11-9-2021,27.87,Valkyrie,3,5,1735,15
30-7-2021,18.4,Valkyrie,18,2,1730,16
21-3-2020,23.12,Mad Maggie,8,6,2984,11
26-4-2020,27.58,Mad Maggie,19,19,5481,11
24-10-2021,15.12,Valkyrie,8,6,2473,17
31-12-2022,28.82,Pathfinder,14,3,1469,13
29-4-2022,12.06,Wattson,12,6,3373,10
19-4-2022,6.81,Valkyrie,3,1,254,20
1-2-2020,5.81,Valkyrie,8,3,1022,5
12-11-2019,15.29,Mad Maggie,5,1,713,13
29-6-2020,9.18,Gibraltar,3,7,924,15
17-2-2022,16.45,Mad Maggie,2,10,2042,3
11-4-2019,10.86,Wraith,1,14,2349,13
18-8-2019,23.22,Lifeline,6,8,1915,8
19-2-2022,5.95,Wattson,15,2,2718,7
24-2-2019,27.96,Mad Maggie,13,2,2596,10
24-11-2021,6.39,Lifeline,10,6,2509,6
21-12-2022,23.52,Pathfinder,4,11,1080,13
12-12-2020,5.15,Gibraltar,0,4,446,16
25-9-2020,26.82,Bloodhound,2,4,653,14
11-9-2021,11.51,Pathfinder,7,1,864,12
23-4-2021,21.93,Lifeline,10,16,3694,18
24-12-2019,1.18,Gibraltar,1,15,2428,19
25-9-2022,26.47,Bangalore,18,8,4835,1
18-10-2022,15.53,Valkyrie,4,5,1427,12
9-9-2019,11.78,Wraith,2,14,2800,5
27-9-2021,20.33,Mad Maggie,4,8,1573,18
15-8-2022,22.1,Lifeline,7,4,2200,12
18-8-2019,28.78,Pathfinder,5,8,1141,5
10-7-2019,6.27,Bloodhound,1,0,213,2
17-10-2022,12.32,Wattson,3,3,1058,6
14-3-2022,3.97,Wattson,2,2,835,15
3-10-2022,24.46,Pathfinder,10,2,1523,2
19-4-2020,11.13,Wattson,8,5,2658,10
19-8-2022,13.27,Wattson,2,7,888,5
1-2-2022,22.97,Bloodhound,5,16,1608,4
2-6-2020,13.01,Valkyrie,10,5,2463,20
5-2-2021,18.67,Bangalore,1,1,291,20
20-10-2019,21.88,Pathfinder,14,10,5114,6
20-8-2019,13.56,Mad Maggie,2,14,2131,14
21-4-2020,27.19,Gibraltar,11,2,1674,4
12-4-2019,9.88,Bangalore,2,8,897,1
12-7-2022,9.9,Wraith,1,7,413,11
22-10-2021,4.24,Wraith,14,1,2228,5
4-10-2019,3.88,Wattson,6,10,2718,9
23-9-2021,25.14,Mad Maggie,15,8,1634,1
20-4-2021,25.43,Valkyrie,5,6,1376,6
17-12-2019,18.05,Wattson,3,4,994,3
13-6-2020,10.61,Mad Maggie,10,5,1184,2
11-1-2021,24.47,Gibraltar,9,6,2978,16
28-12-2020,29.89,Mad Maggie,11,6,1052,9
6-9-2020,0.8,Lifeline,3,12,1187,10
3-8-2020,15.15,Lifeline,1,14,1409,13
12-5-2022,24.67,Pathfinder,8,6,1935,4
19-5-2022,8.08,Gibraltar,11,2,1303,18
12-2-2020,14.23,Gibraltar,13,1,1879,18
5-6-2021,28.31,Bloodhound,14,5,2182,17
19-11-2020,15.68,Valkyrie,3,1,246,19
23-9-2022,15.32,Bangalore,14,8,2106,7
17-5-2019,28.93,Gibraltar,13,3,2430,6
13-10-2020,11.85,Bangalore,1,1,410,20
26-3-2021,24.66,Pathfinder,3,6,754,9
5-10-2019,0.67,Lifeline,1,10,1723,4
3-3-2020,9.04,Valkyrie,3,0,480,10
23-1-2020,10.5,Valkyrie,1,6,511,10
30-8-2020,18.8,Bloodhound,15,10,1350,20
15-3-2020,6.81,Gibraltar,3,0,654,15
25-1-2021,8.21,Bloodhound,5,9,2503,15
1-8-2019,21.12,Gibraltar,7,16,2359,17
22-12-2020,19.22,Bangalore,2,13,879,18
31-10-2022,23.66,Pathfinder,8,10,1828,15
5-6-2022,14.98,Mad Maggie,2,4,705,11
16-8-2022,1.55,Mad Maggie,3,1,601,5
23-10-2021,25.96,Pathfinder,18,2,1956,7
23-12-2019,1.56,Bangalore,1,8,1594,19
11-4-2021,0.35,Pathfinder,2,5,1346,5
29-5-2022,10.17,Bangalore,1,3,251,20
19-9-2019,29.43,Mad Maggie,2,3,511,5
28-2-2021,16.31,Pathfinder,6,5,740,10
28-1-2020,15.32,Bangalore,6,1,837,11
26-12-2019,13.01,Bloodhound,4,12,1156,10
23-9-2019,16.76,Pathfinder,3,6,1561,2
3-11-2019,8.15,Wraith,0,14,2501,18
19-4-2020,5.92,Bloodhound,15,3,3449,16
4-4-2020,1.0,Pathfinder,4,7,2310,12
29-9-2021,25.11,Gibraltar,8,2,633,18
23-1-2022,9.45,Bangalore,3,15,1726,6
17-10-2021,7.56,Wattson,1,7,1210,16
21-6-2021,8.65,Wraith,4,6,1244,8
2-3-2020,21.06,Mad Maggie,8,7,1073,6
13-4-2019,1.23,Wraith,8,11,2900,20
7-11-2020,11.01,Lifeline,6,15,1658,10
19-2-2020,2.24,Lifeline,0,0,0,6
16-5-2019,18.37,Lifeline,2,3,864,9
7-5-2019,25.35,Wattson,9,6,1680,11
29-6-2022,19.33,Pathfinder,3,6,1562,7
14-3-2019,23.69,Pathfinder,7,13,1915,11
14-7-2019,23.84,Mad Maggie,7,17,1839,1
12-6-2020,26.81,Wraith,2,15,2781,4
20-6-2022,28.39,Lifeline,3,5,1458,6
5-3-2021,1.29,Mad Maggie,0,2,308,1
28-7-2021,9.57,Bangalore,4,1,619,15
15-3-2020,19.81,Gibraltar,5,2,1522,5
7-4-2020,29.74,Gibraltar,6,3,2004,12
1-7-2019,18.35,Pathfinder,12,1,2322,16
23-11-2022,17.81,Valkyrie,9,4,744,19
20-3-2022,28.84,Bloodhound,12,16,3577,10
25-12-2021,8.46,Mad Maggie,1,5,462,10
20-6-2020,23.89,Bangalore,12,5,2393,17
2-3-2019,11.48,Lifeline,15,8,2383,1
31-10-2021,6.28,Gibraltar,11,13,2058,15
4-10-2020,5.21,Pathfinder,5,5,617,11
14-2-2019,3.45,Gibraltar,1,8,1292,1
30-8-2022,29.47,Lifeline,3,16,3207,12
10-12-2021,7.58,Pathfinder,0,0,0,17
14-11-2020,10.74,Bloodhound,6,5,1354,3
10-1-2022,11.08,Bangalore,7,2,1830,14
3-9-2019,27.34,Lifeline,16,14,4893,8
20-12-2019,29.35,Mad Maggie,6,7,1012,16
12-10-2022,12.62,Lifeline,8,4,1632,10
9-8-2020,16.33,Wattson,2,3,1010,13
16-8-2019,10.3,Pathfinder,9,1,1261,10
5-10-2019,22.16,Lifeline,13,5,2202,3
9-9-2021,18.03,Lifeline,3,16,2116,7
6-11-2021,10.72,Lifeline,10,9,3115,17
8-2-2021,3.12,Gibraltar,11,4,1884,17
7-4-2022,21.53,Bangalore,17,8,2450,10
18-2-2020,2.44,Bloodhound,9,6,1262,16
10-2-2021,28.96,Mad Maggie,10,16,3328,20
23-12-2022,14.08,Bangalore,7,3,2081,6
3-12-2020,0.51,Wattson,4,4,570,16
14-10-2020,20.64,Wraith,11,4,2882,16
28-10-2021,18.75,Wattson,1,3,298,13
6-5-2021,18.22,Pathfinder,1,6,1331,6
31-8-2022,17.67,Bangalore,3,2,686,3
20-2-2022,25.75,Lifeline,2,13,1003,17
10-6-2021,0.96,Valkyrie,6,9,2238,15
13-6-2022,21.34,Lifeline,5,3,1687,11
7-5-2020,20.83,Bloodhound,3,6,1103,15
7-9-2020,21.75,Bloodhound,3,3,377,18
20-8-2022,24.31,Wattson,2,8,1971,13
11-3-2020,17.47,Mad Maggie,7,3,2021,19
2-4-2022,22.82,Wraith,2,12,1882,20
30-10-2022,7.71,Wraith,7,2,939,16
2-3-2020,26.29,Mad Maggie,12,10,4272,6
7-5-2020,9.34,Lifeline,0,0,0,14
1-7-2019,24.29,Valkyrie,12,3,1175,13
17-7-2019,27.98,Gibraltar,2,2,796,4
4-4-2020,18.0,Valkyrie,7,6,2306,17
4-9-2021,11.45,Valkyrie,5,5,660,16
28-11-2022,3.92,Lifeline,4,9,2491,13
24-10-2021,29.7,Wattson,12,6,1618,7
15-4-2022,7.56,Lifeline,3,8,1265,8
7-5-2020,24.52,Lifeline,3,4,902,5
18-8-2020,20.76,Valkyrie,12,6,2790,19
16-11-2022,26.53,Wraith,9,14,1882,3
10-1-2021,9.57,Mad Maggie,0,6,686,15
7-4-2021,7.61,Valkyrie,5,3,530,16
28-11-2019,15.61,Pathfinder,4,1,889,19
21-2-2020,4.65,Bangalore,2,2,492,10
11-12-2020,7.37,Pathfinder,6,1,703,14
12-4-2022,18.35,Valkyrie,11,5,2186,15
18-12-2019,0.07,Valkyrie,10,6,1920,6
3-7-2020,4.06,Wattson,13,1,1075,7
26-11-2021,16.05,Pathfinder,3,7,1299,5
16-11-2022,24.96,Valkyrie,3,9,1975,12
8-12-2020,4.35,Gibraltar,1,7,1255,6
1-11-2019,7.39,Bangalore,12,0,841,5
19-2-2022,3.1,Wraith,3,4,1061,3
17-12-2022,5.57,Gibraltar,1,6,626,10
5-7-2021,5.07,Valkyrie,0,14,787,9
21-1-2021,4.52,Valkyrie,15,2,3779,1
8-8-2019,7.5,Lifeline,0,0,0,14
21-5-2020,13.15,Lifeline,4,7,1590,14
12-12-2022,1.88,Valkyrie,5,1,366,10
4-5-2020,21.63,Wattson,8,3,2155,6
5-5-2019,19.77,Wraith,6,9,3065,14
20-12-2022,16.78,Mad Maggie,8,5,1313,18
26-2-2019,6.84,Wraith,16,0,1263,3
8-2-2021,24.7,Bloodhound,2,2,470,18
18-4-2019,19.89,Mad Maggie,4,11,1280,4
12-2-2021,7.41,Mad Maggie,4,2,995,16
8-10-2020,18.13,Pathfinder,8,8,2339,7
17-4-2020,4.71,Bangalore,9,9,1812,8
20-11-2019,22.93,Bloodhound,20,2,2019,1
30-7-2022,15.68,Wattson,11,17,3982,16
15-10-2019,3.57,Valkyrie,3,5,680,16
18-2-2022,4.39,Pathfinder,3,8,1663,12
13-11-2019,27.46,Valkyrie,9,2,2077,7
5-3-2021,25.92,Valkyrie,7,5,828,13
2-2-2022,17.05,Gibraltar,3,4,1250,11
6-8-2019,1.24,Bangalore,1,10,1068,12
1-1-2021,16.69,Gibraltar,2,5,459,14
9-5-2021,15.66,Bloodhound,9,3,982,4
11-5-2019,29.28,Lifeline,4,17,1490,13
19-2-2020,26.98,Bloodhound,3,3,791,19
7-5-2019,14.64,Pathfinder,10,6,1902,16
12-10-2021,23.72,Wraith,2,14,2323,2
8-12-2020,9.41,Wattson,3,7,566,20
30-10-2022,2.1,Lifeline,18,15,3237,20
27-2-2021,10.91,Bangalore,2,5,461,2
20-3-2022,20.65,Pathfinder,2,8,688,7
27-9-2020,8.2,Mad Maggie,4,2,828,4
11-11-2019,18.45,Gibraltar,11,11,2088,20
10-10-2022,21.92,Wattson,3,4,685,7
18-1-2021,29.21,Wattson,3,10,1192,1
1-2-2020,24.53,Valkyrie,6,13,1647,14
14-8-2022,10.52,Wraith,9,1,1157,9
9-12-2022,16.03,Bangalore,3,1,837,4
7-4-2022,26.27,Mad Maggie,4,17,3549,6
29-9-2020,1.59,Mad Maggie,13,7,1260,4
4-5-2021,7.85,Valkyrie,9,7,2525,16
26-5-2022,12.99,Bloodhound,2,9,1556,15
18-2-2020,1.29,Pathfinder,12,18,4479,16
8-2-2021,4.07,Pathfinder,0,2,316,6
2-9-2021,21.23,Valkyrie,4,14,3520,14
25-12-2021,17.08,Bangalore,1,9,833,17
3-12-2022,5.95,Valkyrie,2,11,1006,1
3-4-2022,14.64,Wraith,13,4,2246,4
4-3-2022,10.49,Pathfinder,7,1,1654,11
8-8-2019,15.55,Lifeline,2,6,868,12
6-11-2019,1.68,Lifeline,5,3,454,6
18-1-2022,25.84,Mad Maggie,8,8,1470,7
31-12-2020,7.51,Gibraltar,0,5,480,6
8-2-2022,17.62,Bloodhound,3,2,1105,14
22-3-2021,20.64,Wraith,2,3,714,14
27-2-2021,26.27,Lifeline,5,3,1540,19
12-1-2020,21.13,Bangalore,6,6,2203,10
12-3-2022,12.67,Bloodhound,2,3,610,3
13-12-2019,15.48,Pathfinder,8,4,2472,16
11-9-2022,10.81,Pathfinder,1,2,587,1
18-10-2019,28.12,Bloodhound,18,5,4078,3
29-5-2021,13.45,Wattson,5,1,1060,12
3-3-2022,28.91,Bangalore,6,19,4470,9
26-8-2020,23.24,Pathfinder,12,11,3910,4
9-10-2019,29.99,Wraith,9,3,2009,1
2-12-2020,7.57,Bangalore,14,5,2581,15
5-5-2022,7.5,Pathfinder,3,10,1411,11
3-3-2022,22.1,Lifeline,10,8,2629,18
21-11-2019,22.69,Wattson,3,2,802,15
21-9-2021,6.6,Wattson,1,0,161,15
18-10-2019,22.02,Pathfinder,2,10,1369,9
18-4-2021,24.43,Bangalore,7,3,1585,10
9-8-2020,7.72,Lifeline,7,2,519,4
27-8-2019,22.74,Wraith,14,7,4299,11
16-3-2021,29.41,Bloodhound,20,4,2430,10
5-11-2020,3.11,Bangalore,19,11,2667,11
16-4-2021,6.5,Mad Maggie,8,7,2610,20
15-2-2019,2.62,Pathfinder,6,14,2844,6
23-12-2020,0.27,Bloodhound,3,2,471,8
14-3-2021,22.4,Wraith,10,3,1555,18
22-2-2021,5.98,Mad Maggie,7,0,692,10
16-9-2019,6.84,Bloodhound,4,17,1282,5
21-2-2021,2.53,Valkyrie,6,0,466,19
18-6-2020,18.82,Pathfinder,2,1,347,10
9-4-2020,21.52,Pathfinder,5,2,1399,5
13-5-2022,29.19,Wraith,2,2,683,17
8-4-2021,7.77,Valkyrie,3,1,280,4
10-8-2019,13.84,Bloodhound,7,1,1153,15
19-7-2019,22.57,Bangalore,9,3,1730,15
13-8-2019,1.46,Wattson,8,2,1806,10
25-8-2020,22.45,Valkyrie,10,2,1667,13
7-6-2021,23.69,Pathfinder,6,8,1888,6
13-1-2021,23.61,Bloodhound,8,2,1837,5
14-7-2022,2.81,Mad Maggie,1,4,433,6
30-12-2019,18.47,Bangalore,15,5,3066,16
20-8-2020,8.79,Mad Maggie,6,0,1157,12
19-5-2021,5.06,Wattson,8,3,2037,19
12-4-2019,20.13,Pathfinder,5,3,669,1
19-7-2020,22.58,Pathfinder,2,2,459,19
1-3-2020,18.14,Bloodhound,14,10,5119,2
20-11-2020,24.15,Valkyrie,6,15,1051,8
5-7-2019,2.38,Mad Maggie,9,6,1529,19
27-5-2022,16.37,Wraith,1,4,649,9
29-10-2021,3.05,Valkyrie,8,12,2030,1
16-5-2022,3.78,Bloodhound,5,12,3323,17
25-6-2019,21.97,Bloodhound,3,7,955,11
14-7-2022,0.84,Valkyrie,2,6,1217,17
2-9-2021,10.5,Wraith,1,9,610,13
20-4-2022,17.74,Wraith,2,9,870,15
29-9-2021,7.68,Wraith,4,1,652,7
24-8-2020,10.56,Pathfinder,11,9,4109,2
24-4-2022,25.99,Bangalore,2,19,3619,1
6-6-2022,18.11,Wattson,1,3,438,4
28-11-2022,25.86,Wattson,14,8,2270,20
17-9-2022,11.11,Pathfinder,5,1,574,6
18-10-2022,0.83,Bloodhound,8,2,917,11
3-6-2020,8.45,Lifeline,2,6,1355,11
19-5-2020,24.26,Mad Maggie,13,2,1433,14
16-1-2021,12.21,Pathfinder,1,1,200,12
5-4-2019,7.95,Lifeline,3,6,594,8
13-10-2022,15.42,Bangalore,11,3,1030,14
6-12-2020,10.65,Bangalore,1,7,705,6
31-12-2019,21.57,Valkyrie,2,9,1409,4
21-4-2020,3.74,Wattson,5,9,2659,13
9-4-2021,26.27,Pathfinder,11,6,1672,7
17-10-2022,23.86,Valkyrie,10,6,3303,18
5-3-2022,19.16,Bloodhound,16,2,1759,7
25-6-2020,13.17,Pathfinder,1,6,964,3
7-8-2022,28.97,Wraith,2,3,479,5
28-8-2020,23.57,Mad Maggie,8,4,2553,14
10-8-2020,9.15,Valkyrie,12,1,1819,16
7-3-2022,19.47,Valkyrie,1,3,533,15
16-11-2019,4.74,Bloodhound,0,4,626,19
10-8-2022,3.22,Bloodhound,3,3,902,2
11-5-2019,29.05,Valkyrie,4,6,1687,1
4-8-2020,2.14,Lifeline,13,4,2893,7
1-8-2022,14.17,Pathfinder,2,4,701,16
4-4-2020,11.32,Gibraltar,2,5,700,11
1-6-2021,24.81,Gibraltar,16,17,4481,3
5-6-2020,29.87,Wattson,15,5,3336,13
11-5-2019,11.08,Wraith,6,1,1548,4
23-9-2021,20.03,Wraith,8,7,2083,16
18-11-2019,28.1,Wattson,2,2,635,8
2-5-2020,16.96,Pathfinder,1,18,3436,15
9-3-2022,9.06,Mad Maggie,2,0,449,2
5-10-2019,2.11,Mad Maggie,4,12,1188,8
8-12-2021,26.28,Mad Maggie,6,4,1336,6
21-12-2019,2.34,Gibraltar,7,10,2704,16
28-3-2022,8.4,Bangalore,1,9,1300,14
14-9-2021,17.64,Mad Maggie,8,1,1238,8
3-6-2019,15.08,Bloodhound,2,3,991,3
23-11-2019,12.18,Lifeline,2,3,856,14
13-10-2022,17.23,Bangalore,15,1,1489,8
15-6-2020,9.59,Lifeline,3,3,744,13
30-5-2021,21.7,Wraith,3,10,2050,14
27-5-2022,26.8,Bangalore,2,10,1514,15
28-4-2022,12.79,Wattson,11,15,4819,12
12-1-2022,15.57,Wattson,8,15,4534,2
7-10-2020,4.6,Gibraltar,4,4,843,7
3-3-2020,23.08,Bangalore,8,2,1223,19
21-12-2021,4.02,Pathfinder,1,15,2796,17
9-7-2021,9.4,Lifeline,0,2,169,13
31-7-2022,11.71,Valkyrie,12,6,3711,9
17-5-2019,22.88,Bloodhound,9,2,1256,4
18-2-2022,14.95,Bangalore,3,9,1237,5
28-4-2022,6.27,Wattson,3,11,2689,7
7-7-2020,4.69,Mad Maggie,11,2,2325,8
23-11-2020,4.99,Gibraltar,1,0,247,10
12-5-2019,19.42,Lifeline,4,4,784,14
25-5-2021,9.71,Wattson,1,4,469,15
2-7-2021,25.78,Bangalore,4,4,1343,9
31-12-2022,22.1,Wattson,10,16,2838,7
13-6-2021,11.93,Wattson,9,1,1206,8
24-3-2020,26.22,Gibraltar,4,2,812,6
30-10-2022,18.45,Mad Maggie,3,9,1070,15
24-1-2022,14.78,Bangalore,5,1,910,5
19-1-2021,18.26,Lifeline,4,1,688,8
1-4-2022,0.41,Valkyrie,0,9,1689,20
6-2-2020,9.51,Pathfinder,8,4,868,13
2-2-2020,11.09,Pathfinder,7,3,2134,15
24-11-2021,4.27,Wattson,8,2,2240,15
30-11-2022,16.17,Pathfinder,1,4,335,10
15-7-2020,8.25,Bangalore,8,0,1791,7
12-3-2022,23.96,Lifeline,7,5,2200,6
26-12-2019,15.6,Wattson,1,1,377,19
20-4-2022,3.42,Mad Maggie,2,11,1211,13
29-8-2022,14.02,Pathfinder,5,8,927,17
1-8-2021,8.81,Wattson,11,12,3022,8
16-9-2020,13.66,Lifeline,10,4,2851,9
31-5-2020,17.95,Pathfinder,5,4,1195,4
20-9-2020,23.4,Valkyrie,3,4,619,13
17-2-2021,20.53,Mad Maggie,9,13,4531,17
19-5-2019,2.21,Gibraltar,5,4,1890,14
26-8-2022,11.02,Pathfinder,11,1,2491,13
9-9-2019,29.33,Mad Maggie,19,6,4686,12
26-2-2021,14.6,Gibraltar,1,10,1235,15
23-10-2022,4.31,Valkyrie,5,1,527,4
4-5-2020,3.18,Valkyrie,1,7,1427,5
5-7-2019,15.74,Gibraltar,12,13,4719,3
19-8-2020,11.16,Mad Maggie,4,1,450,17
13-6-2022,22.81,Bloodhound,11,3,3011,2
19-11-2022,25.22,Bangalore,14,8,2568,13
4-3-2019,27.06,Bangalore,3,4,869,14
3-11-2022,11.94,Wraith,9,15,2909,20
7-3-2020,15.66,Bloodhound,1,7,1009,12
2-12-2021,4.93,Gibraltar,3,6,1422,1
27-8-2019,5.4,Mad Maggie,1,1,421,11
15-7-2022,16.84,Wattson,8,1,770,17
6-8-2020,25.32,Pathfinder,6,9,1395,7
4-7-2020,22.6,Mad Maggie,12,3,1574,7
13-4-2022,15.56,Valkyrie,4,9,692,3
21-10-2019,6.42,Wraith,7,1,1665,4
8-1-2022,28.22,Wraith,5,4,520,5
17-12-2021,16.97,Wattson,2,2,673,12
27-4-2020,2.73,Gibraltar,2,1,196,17
8-8-2022,18.59,Valkyrie,9,2,1569,20
3-6-2021,13.03,Valkyrie,5,2,532,14
6-5-2021,2.55,Bloodhound,4,6,1230,2
21-9-2021,4.52,Gibraltar,1,3,397,20
13-4-2021,11.63,Lifeline,10,4,1202,2
1-9-2020,21.67,Lifeline,2,7,433,13
20-2-2021,5.28,Valkyrie,0,3,479,14
22-1-2022,14.24,Valkyrie,5,7,626,5
27-10-2021,26.08,Wattson,5,5,1737,12
8-9-2019,14.7,Lifeline,7,5,1064,3
18-9-2021,3.55,Valkyrie,8,1,1200,15
24-10-2019,3.0,Bangalore,4,0,675,12
18-4-2019,11.36,Bangalore,2,4,901,9
18-6-2021,2.71,Lifeline,8,0,1640,2
17-9-2022,1.44,Lifeline,11,0,1938,15
2-5-2021,18.94,Pathfinder,13,10,1710,16
16-10-2020,14.11,Bloodhound,2,6,500,11
18-9-2022,9.02,Bloodhound,13,11,5099,14
6-11-2021,11.39,Gibraltar,7,3,1591,5
17-3-2021,13.87,Lifeline,1,7,1375,8
2-1-2021,14.55,Wattson,9,1,572,4
4-6-2022,1.53,Bloodhound,6,8,2049,14
3-4-2019,27.39,Wattson,12,7,4138,16
4-11-2019,27.64,Valkyrie,7,19,3041,8
21-1-2021,27.18,Bangalore,12,11,3582,10
27-4-2022,16.19,Pathfinder,6,6,2367,11
23-3-2020,26.78,Wattson,20,17,7609,3
4-2-2020,29.76,Bloodhound,2,8,1762,19
28-5-2021,12.93,Bloodhound,2,5,580,4
12-12-2022,12.73,Pathfinder,5,12,1229,1
20-10-2022,17.16,Wraith,5,8,2016,13
31-10-2019,21.36,Lifeline,6,8,2033,19
19-2-2022,0.45,Bangalore,1,2,446,12
29-6-2021,22.29,Bangalore,11,12,2926,15
10-5-2020,1.54,Pathfinder,1,6,1251,10
17-2-2021,20.3,Wraith,3,19,4228,16
1-11-2019,24.53,Bloodhound,2,4,1205,12
8-12-2020,4.69,Wraith,5,1,508,20
24-9-2021,24.99,Bloodhound,2,4,776,7
9-1-2020,25.28,Lifeline,6,6,1049,6
25-4-2019,14.05,Bangalore,4,3,932,17
30-5-2021,14.84,Mad Maggie,6,4,1301,18
11-11-2020,8.55,Bloodhound,0,5,670,16
18-6-2021,23.05,Mad Maggie,5,3,1226,7
31-12-2022,29.86,Bangalore,3,6,706,2
23-12-2019,29.49,Valkyrie,3,3,1070,4
1-11-2022,11.67,Lifeline,1,1,195,9
30-9-2020,24.04,Gibraltar,11,2,2023,12
21-12-2020,25.72,Wraith,5,2,991,14
4-4-2022,7.8,Wattson,7,6,2048,15
3-10-2020,4.11,Gibraltar,0,16,1895,3
14-1-2022,29.03,Valkyrie,2,6,1632,18
2-10-2021,27.14,Valkyrie,13,3,3231,16
30-12-2019,26.98,Bloodhound,15,10,2001,14
27-1-2021,8.93,Bloodhound,0,2,268,13
17-9-2022,24.63,Mad Maggie,11,2,2632,18
9-6-2019,26.09,Lifeline,3,5,1441,2
9-10-2021,1.61,Bangalore,5,1,409,4
3-1-2021,0.44,Mad Maggie,0,3,413,15
12-4-2022,29.98,Lifeline,7,4,981,1
15-8-2021,25.18,Bangalore,6,2,1186,7
25-8-2020,20.98,Bangalore,4,14,1151,17
6-6-2021,27.74,Mad Maggie,2,6,1093,19
1-6-2022,10.38,Wraith,1,2,527,4
26-9-2019,7.52,Wraith,0,1,78,6
8-6-2022,18.82,Lifeline,10,15,5037,4
21-10-2022,25.44,Valkyrie,12,2,2930,12
30-9-2019,24.05,Pathfinder,3,7,670,13
11-2-2022,27.31,Wattson,2,21,2001,5
31-5-2020,8.48,Valkyrie,2,10,1646,14
7-9-2022,12.3,Pathfinder,13,3,1756,15
10-6-2022,20.81,Bangalore,6,3,1619,19
4-11-2022,15.96,Pathfinder,5,13,2497,19
3-3-2020,18.57,Bangalore,12,13,1879,5
3-9-2020,8.72,Wraith,9,6,1565,12
15-9-2022,13.46,Valkyrie,12,2,2990,19
4-4-2021,5.96,Valkyrie,8,0,1558,6
16-4-2021,26.44,Pathfinder,3,6,1784,7
20-2-2022,18.27,Mad Maggie,2,4,506,11
13-11-2019,6.78,Valkyrie,3,14,2297,14
20-1-2021,20.0,Wattson,2,2,730,11
22-5-2019,19.8,Gibraltar,2,4,1133,6
30-1-2021,16.99,Mad Maggie,14,10,3491,20
23-3-2022,27.34,Wattson,4,11,1028,8
12-1-2020,8.35,Wraith,6,12,1659,13
15-12-2020,26.44,Bloodhound,11,10,3251,20
16-7-2020,14.79,Valkyrie,2,1,519,13
31-1-2021,27.35,Bangalore,10,6,1209,9
23-11-2022,10.42,Wraith,1,6,582,17
24-8-2020,20.58,Wraith,15,9,2266,10
24-5-2022,20.27,Mad Maggie,4,11,2249,12
11-11-2019,8.39,Gibraltar,2,1,408,9
7-3-2021,20.13,Bangalore,2,6,1323,4
29-5-2022,13.28,Lifeline,6,14,2949,16
4-9-2022,23.37,Lifeline,4,8,2111,5
20-5-2019,28.94,Pathfinder,9,6,2045,20
14-3-2021,16.93,Pathfinder,2,1,622,9
16-11-2020,19.77,Valkyrie,1,3,633,17
23-11-2021,16.97,Bloodhound,10,9,2542,12
8-3-2021,3.97,Pathfinder,7,0,563,16
10-7-2019,11.13,Wraith,9,7,3463,2
11-10-2021,28.87,Wraith,12,9,3072,14
20-2-2019,22.85,Bangalore,12,5,1672,1
23-2-2022,18.19,Bloodhound,2,3,1064,4
12-11-2019,19.41,Lifeline,6,4,1309,3
26-3-2019,1.32,Wraith,2,9,1739,1
11-4-2020,1.3,Gibraltar,2,5,908,13
2-10-2019,28.89,Wattson,3,9,704,6
1-7-2022,6.96,Valkyrie,11,0,727,13
16-2-2022,21.52,Bloodhound,17,12,4446,1
18-10-2020,23.74,Bangalore,11,4,2429,9
21-7-2022,21.51,Wattson,3,10,1928,16
9-5-2022,2.04,Bangalore,1,6,1355,20
7-8-2019,16.44,Valkyrie,2,15,2532,3
2-7-2021,16.12,Pathfinder,2,2,467,12
4-4-2020,5.84,Bangalore,6,0,756,3
4-8-2020,20.8,Wattson,4,16,1351,6
30-5-2020,3.25,Bloodhound,5,4,688,5
20-4-2019,19.66,Bangalore,5,13,1311,9
15-12-2019,0.79,Wattson,11,5,2220,16
10-7-2021,1.72,Wattson,4,0,435,17
23-10-2021,16.62,Pathfinder,3,4,434,8
18-11-2022,25.01,Mad Maggie,14,2,1942,17
24-10-2022,18.39,Wattson,2,12,2488,17
10-10-2021,5.42,Wattson,7,1,1233,18
20-6-2022,3.19,Pathfinder,2,0,313,8
11-8-2022,19.63,Gibraltar,1,7,621,5
23-4-2022,10.19,Valkyrie,19,4,2109,14
6-7-2021,24.77,Bangalore,2,9,930,15
13-10-2020,21.44,Valkyrie,5,3,523,19
17-12-2020,6.12,Lifeline,7,1,1243,8
28-11-2022,20.89,Gibraltar,12,14,3772,9
7-2-2021,16.35,Wraith,3,3,824,14
10-12-2022,13.99,Wraith,1,1,362,16
20-9-2019,2.56,Bloodhound,8,5,1332,15
18-10-2020,19.76,Bloodhound,15,6,4169,12
27-10-2022,1.69,Wraith,9,0,662,16
1-4-2021,17.23,Valkyrie,4,2,1092,11
8-6-2019,4.04,Bloodhound,17,2,3993,8
23-8-2019,23.9,Wraith,11,3,778,15
21-9-2022,4.08,Bangalore,10,4,2081,3
23-8-2021,18.85,Wraith,3,1,767,18
27-9-2020,24.79,Bangalore,5,5,1148,3
17-3-2019,8.86,Bangalore,0,7,443,7
8-8-2020,25.03,Pathfinder,2,2,335,11
9-2-2020,4.38,Bangalore,1,2,200,17
10-8-2019,21.38,Mad Maggie,8,4,791,20
28-10-2021,3.5,Wattson,13,0,2947,16
17-2-2020,6.41,Lifeline,7,4,981,19
11-8-2021,6.22,Mad Maggie,2,1,349,14
17-7-2020,11.91,Wraith,18,8,3867,18
22-5-2022,22.7,Mad Maggie,4,16,1748,1
22-8-2020,0.92,Mad Maggie,2,5,940,16
13-7-2019,13.94,Wattson,6,8,2436,16
17-9-2022,10.08,Wattson,2,8,1030,5
21-11-2019,22.22,Bangalore,5,10,2998,18
4-3-2020,2.06,Lifeline,5,9,1619,3
20-4-2021,23.98,Wattson,13,12,4538,14
9-10-2020,24.16,Mad Maggie,14,2,3662,10
17-6-2021,13.69,Wraith,7,4,2178,17
10-3-2019,13.87,Wraith,1,3,784,20
4-11-2019,13.7,Wraith,4,1,520,14
13-7-2022,17.59,Bangalore,6,1,983,11
11-10-2019,5.09,Gibraltar,9,5,1376,17
30-7-2019,2.88,Gibraltar,13,5,3356,6
14-8-2022,15.12,Valkyrie,8,6,1604,20
6-3-2019,29.82,Pathfinder,5,5,1675,9
5-12-2021,12.84,Pathfinder,6,19,2076,3
17-1-2022,20.38,Bangalore,5,6,1071,17
19-6-2020,28.21,Valkyrie,10,13,2306,19
12-11-2020,22.42,Bangalore,6,3,1392,18
7-7-2019,11.89,Pathfinder,1,4,602,13
3-6-2020,28.23,Wattson,11,16,5077,16
27-10-2019,28.91,Gibraltar,3,5,1646,1
9-10-2021,29.1,Bangalore,14,8,2537,7
16-4-2019,9.26,Mad Maggie,4,0,412,18
26-8-2022,27.14,Bloodhound,2,7,757,6
3-10-2020,16.86,Bloodhound,3,17,3295,15
20-3-2019,29.36,Bloodhound,12,5,1134,10
14-12-2019,2.89,Bloodhound,3,2,1097,18
23-12-2020,22.4,Bloodhound,2,14,2717,8
3-9-2022,28.45,Mad Maggie,6,3,1854,15
31-1-2021,3.12,Mad Maggie,7,4,1186,15
2-2-2021,13.08,Pathfinder,12,5,2994,13
4-8-2019,19.18,Wraith,4,11,2530,3
10-6-2020,21.98,Wraith,5,7,1897,13
8-8-2021,15.32,Wraith,2,2,712,19
26-2-2022,13.12,Wattson,2,11,2425,4
23-12-2020,12.25,Lifeline,3,13,2614,20
9-8-2021,18.84,Lifeline,2,10,1304,6
11-9-2020,26.44,Wraith,6,3,836,16
28-12-2021,21.91,Bloodhound,10,5,2548,9
20-9-2019,17.15,Gibraltar,8,3,1483,13
26-1-2022,12.17,Pathfinder,1,5,1005,20
4-9-2019,8.33,Gibraltar,1,0,207,17
25-9-2022,20.38,Bangalore,4,3,879,19
22-4-2020,5.03,Valkyrie,0,8,479,18
28-12-2021,4.9,Pathfinder,7,13,3711,1
23-10-2019,12.99,Wraith,1,3,582,9
18-12-2019,20.67,Wattson,2,2,433,3
21-6-2020,6.14,Wattson,0,3,480,14
28-10-2020,24.41,Wattson,18,14,4404,4
26-4-2020,18.57,Bloodhound,2,10,823,5
24-9-2019,16.31,Bangalore,11,6,981,10
5-10-2020,9.01,Valkyrie,0,0,0,5
8-12-2022,15.0,Gibraltar,9,9,1233,18
5-10-2022,8.0,Mad Maggie,4,5,616,20
18-8-2021,7.14,Wraith,6,9,869,4
1-10-2021,4.02,Bloodhound,5,1,1337,9
28-5-2020,14.57,Valkyrie,3,2,1032,20
8-3-2022,4.76,Mad Maggie,5,18,3433,6
26-9-2020,13.29,Bangalore,13,5,2737,9
25-10-2021,27.24,Valkyrie,2,10,1903,4
6-12-2020,9.11,Bangalore,0,9,1031,8
30-9-2022,10.17,Valkyrie,5,2,831,6
27-5-2019,10.42,Valkyrie,1,3,595,13
18-2-2021,19.43,Mad Maggie,11,6,3325,7
28-12-2022,11.64,Mad Maggie,12,2,3073,12
31-12-2021,5.71,Pathfinder,6,0,1196,19
14-2-2019,26.12,Mad Maggie,7,2,1256,20
31-1-2022,11.14,Mad Maggie,1,2,418,20
13-12-2022,25.71,Bangalore,9,9,1396,19
19-7-2020,22.73,Lifeline,12,2,1019,10
29-4-2020,11.61,Bangalore,5,7,2531,17
2-6-2022,20.19,Wraith,3,6,945,12
12-10-2020,17.7,Bloodhound,1,4,789,6
4-6-2019,22.68,Bloodhound,5,7,1069,14
17-10-2020,12.91,Wattson,3,2,822,20
13-12-2022,18.08,Gibraltar,3,5,1626,7
23-10-2019,3.08,Valkyrie,4,2,470,13
18-9-2020,29.65,Bloodhound,4,18,2979,6
8-3-2021,7.06,Valkyrie,4,0,354,15
27-1-2021,10.83,Bloodhound,1,1,415,1
20-6-2020,28.58,Valkyrie,10,2,1148,4
31-3-2022,12.98,Bloodhound,3,6,1666,5
15-8-2020,27.46,Lifeline,4,8,1032,13
18-10-2020,16.01,Gibraltar,4,17,2705,16
9-8-2022,23.05,Mad Maggie,2,14,2900,8
18-8-2021,0.4,Gibraltar,5,2,1577,20
9-4-2021,24.36,Bloodhound,5,14,2574,3
7-5-2021,16.01,Gibraltar,3,11,1397,7
19-12-2019,6.61,Mad Maggie,5,0,1079,3
14-10-2022,24.68,Pathfinder,11,18,4738,15
22-4-2020,23.03,Wraith,11,3,2249,4
6-4-2021,0.02,Valkyrie,11,3,1944,13
4-11-2022,24.52,Mad Maggie,7,6,1846,11
29-7-2021,26.65,Wattson,18,2,2316,6
3-1-2020,27.56,Bloodhound,8,2,1440,19
1-2-2021,22.99,Mad Maggie,8,13,1512,8
21-5-2020,11.45,Bangalore,11,5,3436,17
4-3-2021,15.23,Mad Maggie,12,2,3082,13
21-6-2022,5.43,Bangalore,0,17,987,12
3-7-2019,7.1,Valkyrie,11,9,3465,11
4-6-2019,16.86,Wattson,1,2,577,12
8-5-2022,10.54,Wraith,11,8,1871,6
28-2-2021,6.24,Valkyrie,2,11,2559,9
20-6-2020,19.9,Bloodhound,8,11,1471,12
11-12-2021,2.09,Valkyrie,3,11,1942,4
30-10-2020,15.05,Wattson,12,2,2686,7
14-10-2021,21.18,Wattson,5,2,1251,20
20-7-2019,24.53,Lifeline,7,4,1778,20
13-1-2020,0.08,Mad Maggie,2,2,720,1
5-11-2022,4.84,Lifeline,3,0,558,6
25-10-2021,4.69,Bloodhound,7,0,894,4
16-2-2019,27.78,Valkyrie,19,5,4114,16
3-11-2021,18.43,Bangalore,10,2,917,12
15-2-2019,29.43,Wraith,7,2,1205,16
11-8-2022,23.0,Gibraltar,2,15,1446,17
17-10-2020,6.04,Lifeline,0,1,105,10
14-8-2020,5.85,Pathfinder,0,10,1689,14
18-9-2021,0.14,Bloodhound,5,5,1769,3
21-9-2020,12.69,Wattson,3,4,1332,13
21-4-2021,20.64,Bangalore,19,6,5056,18
7-7-2021,17.57,Mad Maggie,1,4,802,7
28-5-2019,24.12,Lifeline,14,11,2969,3
29-1-2022,16.41,Bloodhound,6,2,724,16
23-8-2021,11.17,Gibraltar,1,2,263,4
30-8-2021,9.08,Valkyrie,16,3,1935,1
30-12-2020,19.78,Bloodhound,6,2,919,1
21-7-2021,18.31,Lifeline,6,5,2244,20
19-8-2019,29.48,Gibraltar,11,4,2647,1
25-12-2022,24.47,Wattson,2,4,1174,16
12-2-2022,9.52,Mad Maggie,2,0,485,3
1-11-2022,12.41,Mad Maggie,3,6,1584,14
5-7-2019,2.97,Bangalore,4,1,860,5
22-3-2020,15.75,Wraith,15,18,4834,13
10-1-2020,21.32,Wattson,11,12,2547,18
13-12-2021,17.92,Mad Maggie,4,5,1307,7
31-8-2019,15.87,Wraith,10,15,2055,2
9-4-2020,23.76,Gibraltar,10,3,2219,2
17-11-2019,5.95,Mad Maggie,0,4,643,3
30-9-2019,13.71,Gibraltar,9,5,3038,13
9-2-2019,12.97,Lifeline,2,11,1859,12
10-7-2022,19.86,Wattson,19,2,4651,6
16-8-2022,29.59,Bloodhound,16,3,2136,18
7-4-2019,20.3,Lifeline,18,13,3626,11
27-1-2022,4.52,Lifeline,13,3,3041,20
12-11-2020,9.02,Wattson,13,7,2928,6
13-10-2019,26.76,Wattson,2,5,825,2
23-11-2020,0.06,Bangalore,0,3,191,2
9-1-2022,25.05,Gibraltar,4,4,887,14
11-11-2021,6.52,Wattson,1,0,211,13
29-5-2022,11.02,Lifeline,7,2,496,3
14-10-2020,7.5,Bangalore,11,5,2476,17
14-4-2019,19.39,Pathfinder,2,3,660,1
27-9-2020,13.76,Gibraltar,3,6,997,12
14-8-2022,2.34,Lifeline,13,14,4049,3
1-11-2021,12.64,Pathfinder,8,1,568,18
12-7-2019,19.83,Wraith,13,6,1464,14
12-12-2021,13.37,Valkyrie,2,1,421,20
30-4-2019,0.46,Valkyrie,3,0,443,18
1-3-2019,21.36,Gibraltar,4,9,1701,17
27-5-2019,1.46,Mad Maggie,2,8,862,9
10-8-2021,18.41,Wattson,5,6,1862,6
8-8-2019,17.39,Pathfinder,1,3,776,5
23-3-2019,23.93,Wraith,6,13,2385,3
15-10-2022,20.96,Bloodhound,9,4,1419,10
9-1-2021,14.62,Bloodhound,5,3,953,12
14-2-2022,1.68,Wattson,0,4,742,9
28-3-2022,19.14,Wraith,1,3,694,1
30-10-2021,4.84,Wraith,0,1,111,12
2-10-2022,18.81,Valkyrie,6,1,718,1
3-12-2019,4.18,Bangalore,0,0,0,5
21-3-2021,4.92,Wattson,16,4,3898,7
27-10-2021,16.19,Gibraltar,9,1,1127,19
1-5-2022,16.56,Bangalore,6,2,913,12
7-11-2021,27.27,Valkyrie,2,11,2100,13
17-5-2020,9.84,Bangalore,1,14,954,9
18-3-2021,28.77,Wattson,13,7,2173,4
26-9-2021,3.95,Lifeline,1,1,221,7
2-10-2021,25.43,Mad Maggie,4,2,370,12
8-11-2022,18.5,Wraith,4,4,919,13
23-1-2021,22.79,Mad Maggie,5,18,4141,7
12-6-2019,24.22,Bangalore,2,6,947,2
22-6-2021,25.3,Wraith,2,2,684,11
21-5-2021,26.48,Bloodhound,7,9,2450,12
6-8-2022,0.55,Wattson,8,16,3974,18
12-9-2020,12.88,Valkyrie,11,2,1777,6
13-10-2019,20.41,Bangalore,10,13,4511,15
5-6-2019,18.39,Wraith,5,15,3419,2
11-6-2019,20.63,Pathfinder,5,4,1115,8
23-2-2020,0.72,Valkyrie,7,3,1556,17
4-3-2019,11.16,Bangalore,7,7,2915,17
1-10-2022,10.44,Wattson,13,6,2752,18
23-4-2021,13.18,Mad Maggie,1,4,761,10
10-2-2021,12.47,Wattson,4,13,1881,19
5-12-2019,25.31,Wattson,4,5,1037,1
10-5-2020,14.36,Valkyrie,4,1,997,15
31-12-2020,22.62,Valkyrie,18,7,4809,20
9-2-2019,6.66,Bangalore,5,2,607,12
21-10-2022,16.43,Wraith,10,8,2104,6
1-10-2020,3.48,Bangalore,0,3,368,15
22-5-2019,22.37,Mad Maggie,9,13,1203,20
2-5-2019,11.27,Bangalore,4,5,790,16
21-12-2020,28.37,Gibraltar,7,8,2458,2
20-3-2020,4.9,Lifeline,8,6,2940,14
14-11-2022,23.05,Pathfinder,3,7,1078,14
17-7-2019,0.42,Mad Maggie,7,10,1653,8
1-3-2021,17.63,Gibraltar,1,2,483,1
7-11-2021,8.91,Wattson,10,0,1227,12
19-8-2019,15.88,Valkyrie,1,1,390,17
19-6-2022,0.26,Valkyrie,0,12,1322,12
19-10-2020,11.35,Wraith,3,2,835,16
29-12-2022,29.51,Bloodhound,2,8,1512,20
14-4-2020,16.24,Wraith,2,7,859,19
29-4-2021,26.93,Gibraltar,4,18,1935,15
7-5-2019,10.34,Gibraltar,12,8,1642,1
4-12-2020,19.56,Wattson,4,7,1494,1
22-10-2019,25.17,Valkyrie,7,5,2552,3
21-7-2019,25.92,Gibraltar,6,2,1368,7
19-1-2020,28.83,Gibraltar,5,8,2048,1
11-6-2021,23.36,Mad Maggie,7,4,708,2
29-1-2021,3.08,Gibraltar,8,11,2307,12
18-9-2021,8.63,Lifeline,1,0,239,16
1-9-2021,15.44,Pathfinder,8,11,2141,15
17-6-2020,12.18,Gibraltar,13,9,2852,2
15-3-2020,28.88,Valkyrie,8,9,1487,7
13-5-2022,12.66,Bangalore,1,12,943,11
14-11-2021,20.48,Pathfinder,3,7,1808,9
7-5-2022,6.69,Bloodhound,5,7,1636,9
21-7-2022,10.32,Bangalore,4,3,1425,2
22-11-2020,22.83,Bangalore,3,7,830,8
10-11-2019,19.89,Bloodhound,2,6,600,9
14-7-2019,6.31,Bangalore,16,0,2100,6
26-4-2020,6.52,Mad Maggie,9,13,1301,13
26-2-2019,4.08,Mad Maggie,0,1,188,18
4-5-2019,17.13,Lifeline,10,1,2516,20
6-7-2019,13.34,Gibraltar,4,1,472,3
13-8-2021,27.02,Wraith,5,3,1367,5
11-1-2020,4.74,Gibraltar,1,8,470,5
17-5-2019,6.19,Bangalore,3,7,1424,15
11-12-2019,0.13,Lifeline,3,3,1101,12
27-2-2022,1.67,Pathfinder,1,6,635,9
31-7-2022,4.19,Bangalore,2,2,702,5
22-8-2019,8.67,Bangalore,12,2,2207,3
28-8-2022,1.79,Valkyrie,12,1,2948,1
14-7-2019,28.52,Lifeline,3,4,1309,1
20-4-2022,7.64,Wattson,0,13,2156,16
31-8-2020,0.38,Bangalore,2,8,1209,7
8-3-2021,16.04,Gibraltar,8,8,1292,6
21-3-2020,8.93,Pathfinder,14,1,3179,14
18-7-2022,21.01,Wraith,5,9,2182,3
7-3-2021,28.67,Bloodhound,9,8,2618,16
15-9-2021,13.13,Pathfinder,5,2,1188,20
28-7-2022,18.45,Bangalore,15,5,1428,13
15-3-2021,6.85,Valkyrie,8,11,2508,14
19-11-2019,18.5,Bangalore,9,4,1600,20
24-11-2020,17.53,Bloodhound,4,1,446,9
17-10-2020,0.79,Mad Maggie,3,12,2539,18
11-1-2021,8.64,Lifeline,0,7,1239,3
11-6-2022,24.52,Bangalore,7,8,3215,10
15-3-2020,3.29,Valkyrie,2,4,1276,20
8-12-2022,5.57,Valkyrie,18,2,3470,19
28-3-2020,2.64,Wattson,14,6,2905,19
4-2-2020,13.73,Lifeline,12,1,2457,7
22-3-2019,4.88,Lifeline,0,1,185,16
3-8-2020,8.22,Bloodhound,2,4,937,18
4-9-2022,27.64,Lifeline,7,8,1223,12
16-11-2020,22.38,Bloodhound,11,5,1531,20
23-11-2019,15.29,Valkyrie,6,4,2029,5
13-1-2022,12.83,Wraith,4,1,542,7
18-8-2021,19.05,Valkyrie,13,12,4492,11
8-12-2021,28.0,Lifeline,2,3,622,16
4-12-2019,11.38,Lifeline,9,3,1445,11
19-2-2019,17.59,Valkyrie,7,4,1035,13
14-12-2020,19.18,Lifeline,1,7,1189,20
30-6-2022,11.26,Bloodhound,2,9,1196,8
24-2-2020,5.04,Mad Maggie,0,0,0,4
6-5-2022,11.01,Gibraltar,12,1,2160,5
2-4-2020,11.49,Lifeline,2,5,980,20
1-10-2022,22.86,Gibraltar,7,2,1415,19
11-3-2021,12.36,Wraith,3,14,3045,13
15-5-2020,8.17,Wattson,1,7,909,20
7-4-2022,27.48,Wraith,2,5,486,1
23-4-2019,24.8,Bloodhound,3,4,641,13
21-7-2022,20.27,Lifeline,4,2,721,11
5-6-2022,15.41,Wraith,11,13,3700,13
10-10-2021,16.3,Lifeline,5,6,2064,17
15-10-2020,8.12,Lifeline,4,2,1229,10
25-4-2020,17.59,Valkyrie,2,6,1227,9
16-6-2020,13.35,Mad Maggie,3,11,1975,19
18-9-2021,2.42,Wraith,0,17,1600,18
25-7-2022,6.53,Wattson,7,5,1931,6
7-3-2022,27.78,Pathfinder,3,3,741,2
7-2-2021,11.26,Valkyrie,6,1,736,14
14-4-2020,22.73,Lifeline,6,2,817,1
7-12-2020,15.18,Pathfinder,14,5,1512,9
4-5-2021,15.97,Gibraltar,7,8,1219,6
5-12-2019,15.31,Wattson,16,4,1354,8
8-3-2019,1.86,Valkyrie,12,5,2220,6
22-5-2021,7.04,Wattson,1,7,1003,10
7-5-2021,8.07,Wattson,4,7,1161,12
8-9-2021,19.07,Wraith,12,5,2545,5
5-8-2019,23.1,Wraith,4,2,555,12
5-5-2022,18.43,Bangalore,11,13,4037,9
15-12-2019,17.14,Wraith,17,1,1737,7
16-9-2020,24.71,Pathfinder,7,6,1034,8
26-12-2021,8.52,Bloodhound,10,0,913,12
26-11-2020,27.3,Wraith,6,5,963,9
3-7-2020,1.59,Valkyrie,7,0,896,2
10-3-2020,12.25,Valkyrie,5,1,1045,8
1-7-2020,7.02,Bangalore,8,0,719,18
16-12-2022,3.48,Wattson,7,7,1393,12
12-5-2021,21.3,Wraith,4,12,1064,18
24-8-2021,13.52,Pathfinder,15,11,1653,9
17-11-2021,4.18,Mad Maggie,1,1,317,13
18-10-2021,20.82,Pathfinder,5,2,955,11
25-12-2019,3.04,Mad Maggie,2,0,379,5
10-4-2021,20.54,Bloodhound,10,4,2374,11
8-3-2022,8.38,Wraith,2,10,1676,8
4-8-2021,24.95,Gibraltar,4,6,682,17
7-5-2022,23.98,Mad Maggie,16,12,3643,2
22-11-2020,11.59,Bloodhound,1,7,978,6
6-5-2020,21.97,Wraith,3,16,1603,2
24-4-2021,27.53,Wattson,12,4,2975,5
29-11-2022,29.59,Gibraltar,18,4,5048,20
7-7-2019,6.8,Bangalore,9,4,1185,16
25-2-2021,9.39,Mad Maggie,10,14,3206,18
2-8-2019,3.31,Valkyrie,1,0,193,13
16-11-2021,6.89,Bangalore,0,1,140,15
12-11-2020,19.86,Lifeline,3,4,398,19
9-1-2022,18.57,Bloodhound,5,7,841,11
13-1-2022,22.23,Gibraltar,13,2,1961,5
23-11-2019,12.49,Gibraltar,3,1,456,13
11-6-2022,12.74,Pathfinder,1,14,2679,13
20-8-2020,21.37,Valkyrie,3,4,489,4
3-7-2022,6.35,Pathfinder,1,2,535,1
4-11-2020,17.4,Bloodhound,1,2,260,17
14-6-2022,7.45,Bloodhound,1,3,620,20
18-11-2021,6.44,Gibraltar,1,0,90,18
10-2-2020,13.45,Valkyrie,5,2,536,2
23-3-2019,17.52,Mad Maggie,1,2,509,3
4-8-2021,1.53,Bloodhound,5,1,739,15
30-3-2020,16.91,Wattson,6,3,1233,4
31-7-2021,6.48,Bangalore,0,5,538,9
25-9-2019,21.86,Bloodhound,13,4,3170,7
13-8-2019,14.38,Wattson,1,1,233,4
22-1-2020,18.75,Wattson,3,7,1979,7
6-11-2019,19.66,Valkyrie,17,3,2622,6
28-10-2019,21.28,Lifeline,9,14,4263,14
11-3-2022,4.45,Pathfinder,0,0,0,8
11-3-2019,27.6,Gibraltar,15,2,3374,7
3-7-2020,0.04,Bloodhound,11,4,2258,2
27-8-2021,29.13,Wattson,3,2,586,12
25-7-2020,10.88,Gibraltar,1,4,254,10
16-9-2019,13.88,Bloodhound,7,11,3587,16
27-10-2019,17.41,Bangalore,3,1,805,2
7-8-2022,28.05,Valkyrie,6,3,1832,13
23-8-2022,7.28,Pathfinder,10,2,727,14
13-7-2021,8.3,Gibraltar,2,8,1955,8
21-3-2019,9.39,Mad Maggie,3,6,1030,6
25-1-2020,0.7,Bangalore,1,1,188,7
27-12-2021,15.41,Pathfinder,18,7,2097,2
22-12-2022,21.77,Bloodhound,2,3,495,20
19-1-2020,19.95,Mad Maggie,1,6,618,3
17-3-2019,13.16,Mad Maggie,2,4,948,18
17-2-2021,16.27,Bangalore,5,8,1683,20
13-6-2020,12.77,Lifeline,3,8,1958,12
22-4-2020,19.82,Valkyrie,1,2,286,19
8-8-2021,21.81,Valkyrie,15,5,1299,11
25-4-2019,23.13,Wattson,13,3,1210,19
27-7-2019,18.0,Lifeline,3,7,977,17
2-2-2020,10.77,Valkyrie,3,12,2613,15
7-8-2019,13.62,Wattson,1,6,1007,8
18-2-2022,13.52,Valkyrie,2,1,446,10
13-7-2021,22.51,Wattson,5,5,1747,18
31-3-2022,3.32,Mad Maggie,3,5,1340,15
30-4-2022,10.21,Wraith,2,6,544,15
2-6-2020,19.11,Bloodhound,8,4,1707,10
16-4-2022,11.73,Valkyrie,18,5,3844,5
10-8-2019,28.88,Mad Maggie,16,8,3086,1
26-8-2020,15.9,Bloodhound,16,14,2638,7
4-8-2021,20.34,Wattson,2,13,1001,1
12-5-2021,1.1,Wraith,10,11,1695,2
23-11-2019,2.38,Bloodhound,0,4,660,7
17-1-2022,5.03,Valkyrie,3,9,1467,16
3-8-2020,2.07,Wraith,4,2,375,19
25-4-2022,6.4,Valkyrie,16,0,1738,15
25-9-2020,8.95,Pathfinder,0,2,275,5
1-2-2022,26.39,Wraith,6,7,1047,16
19-11-2021,25.98,Lifeline,11,3,2897,3
22-1-2021,18.93,Wraith,2,1,319,20
22-10-2020,6.1,Mad Maggie,3,6,761,17
27-5-2019,29.65,Valkyrie,3,5,1558,17
25-1-2021,8.23,Bloodhound,7,0,1641,7
16-6-2022,2.13,Wraith,1,6,1420,15
24-12-2022,10.53,Bloodhound,6,1,1101,20
16-10-2021,5.87,Valkyrie,6,4,1467,2
10-10-2020,16.37,Lifeline,1,3,220,15
29-9-2020,17.17,Valkyrie,9,2,1097,4
16-11-2022,17.26,Bloodhound,20,3,4684,10
9-3-2021,15.15,Lifeline,2,10,1884,17
23-2-2019,29.04,Pathfinder,7,8,3197,6
7-10-2021,16.8,Wraith,5,7,1132,14
19-9-2020,15.03,Lifeline,3,9,734,10
21-5-2021,1.24,Bangalore,5,8,1677,7
19-11-2020,22.7,Wattson,8,16,4177,16
4-7-2021,22.53,Bangalore,11,3,1653,10
29-10-2022,9.95,Valkyrie,6,2,616,9
24-10-2020,13.99,Bangalore,5,9,852,12
9-7-2022,5.2,Valkyrie,16,10,2626,10
5-2-2021,26.7,Mad Maggie,9,10,2310,3
31-12-2022,3.62,Wraith,1,3,436,2
2-5-2019,16.99,Mad Maggie,9,14,4404,3
8-1-2022,10.17,Valkyrie,1,6,1045,1
28-10-2021,17.77,Bloodhound,4,1,961,15
31-8-2022,0.51,Wraith,2,0,146,9
5-2-2022,29.58,Lifeline,5,11,2204,18
21-1-2022,21.74,Pathfinder,2,4,448,16
12-6-2020,28.9,Valkyrie,2,6,1074,11
30-3-2020,26.14,Wattson,8,11,1536,18
8-6-2019,28.18,Mad Maggie,12,6,3676,4
13-5-2022,27.64,Pathfinder,3,14,2743,15
3-7-2019,13.88,Wattson,8,1,1909,1
3-5-2020,29.6,Valkyrie,2,2,620,19
28-7-2021,10.94,Valkyrie,2,9,1759,10
9-12-2021,19.77,Wattson,2,13,2724,8
3-1-2020,26.67,Gibraltar,4,2,735,20
3-8-2020,12.2,Wattson,2,8,513,4
20-9-2020,9.61,Wattson,15,0,998,12
1-11-2019,0.93,Mad Maggie,5,12,2286,10
30-9-2021,5.08,Lifeline,0,9,728,10
25-11-2019,26.73,Pathfinder,9,4,1025,8
5-12-2020,16.55,Wraith,8,3,642,20
31-3-2019,21.65,Wattson,5,10,1872,15
30-5-2019,13.34,Wraith,5,1,1260,15
21-10-2019,23.49,Lifeline,3,6,923,4
2-7-2021,12.76,Bloodhound,11,11,3071,1
23-3-2020,2.43,Wraith,7,7,2684,13
29-6-2021,16.06,Gibraltar,6,2,1634,1
19-1-2021,24.91,Lifeline,8,2,941,20
23-3-2019,10.13,Wattson,1,14,2598,15
3-6-2022,29.21,Pathfinder,7,2,1723,17
21-6-2021,28.17,Wattson,11,8,1847,3
30-7-2019,5.28,Wraith,2,4,1227,13
26-9-2021,23.81,Gibraltar,10,5,1073,13
3-3-2022,16.98,Mad Maggie,1,7,986,1
15-5-2022,29.61,Pathfinder,2,8,784,2
22-4-2019,0.68,Bloodhound,2,7,1170,15
18-3-2020,3.56,Gibraltar,6,12,3250,18
21-1-2022,28.6,Bloodhound,9,5,2758,7
19-2-2021,29.36,Bloodhound,18,13,5017,11
4-10-2019,26.26,Wattson,10,13,1235,3
17-12-2022,20.99,Mad Maggie,18,16,4676,17
21-12-2019,6.92,Bloodhound,4,1,491,3
14-11-2022,0.4,Mad Maggie,1,2,510,14
15-2-2022,26.61,Pathfinder,7,15,2799,7
20-7-2019,2.94,Pathfinder,10,1,2043,3
21-7-2019,0.03,Pathfinder,13,14,2589,20
12-9-2019,4.08,Mad Maggie,3,7,545,16
2-1-2021,21.75,Mad Maggie,6,12,2515,6
23-4-2019,16.41,Mad Maggie,10,5,1792,3
2-7-2020,19.38,Wraith,9,11,3460,14
2-9-2020,7.49,Wattson,1,4,723,2
11-12-2019,11.07,Mad Maggie,8,6,1555,4
23-8-2019,27.73,Bloodhound,2,2,423,18
22-3-2021,26.29,Bloodhound,9,6,1660,5
18-8-2020,6.44,Bangalore,6,8,1892,14
20-6-2021,25.6,Valkyrie,3,3,1210,5
18-8-2021,16.94,Bloodhound,6,7,1139,10
16-11-2022,8.47,Pathfinder,6,0,836,2
17-9-2021,19.33,Lifeline,1,8,1727,8
14-6-2022,16.47,Gibraltar,2,1,468,17
30-1-2022,24.55,Wraith,2,15,946,8
22-1-2020,3.27,Bangalore,1,6,937,7
28-12-2019,26.71,Valkyrie,10,3,963,20
2-7-2022,15.71,Valkyrie,4,8,1783,16
18-4-2022,2.23,Bloodhound,2,0,272,15
6-4-2021,26.92,Wraith,2,3,699,12
17-10-2021,10.86,Bloodhound,5,3,1174,17
17-10-2022,16.18,Valkyrie,3,1,361,16
16-11-2021,23.65,Pathfinder,16,2,3678,4
5-5-2022,20.37,Bloodhound,7,2,2007,9
5-1-2020,27.87,Pathfinder,2,16,1206,14
16-4-2020,24.81,Mad Maggie,7,2,545,13
25-6-2020,7.32,Valkyrie,1,0,142,3
18-10-2021,1.51,Mad Maggie,2,0,366,16
6-2-2022,29.93,Gibraltar,9,6,2856,17
14-1-2022,2.41,Valkyrie,2,1,454,3
21-11-2019,15.92,Valkyrie,4,1,536,11
5-12-2022,15.0,Mad Maggie,5,3,1599,1
28-10-2020,17.21,Mad Maggie,3,12,1888,4
14-10-2022,9.92,Lifeline,0,4,675,3
14-5-2022,27.9,Lifeline,6,5,1032,10
22-2-2020,24.08,Wattson,6,11,2064,9
8-10-2019,4.87,Pathfinder,9,9,1071,15
6-8-2022,4.64,Valkyrie,16,0,2498,2
25-6-2019,2.76,Wattson,5,1,679,8
1-11-2020,23.65,Wraith,13,14,4973,11
13-8-2022,5.79,Wattson,1,0,109,4
30-8-2022,12.78,Wraith,3,1,678,1
23-10-2019,1.81,Valkyrie,5,7,1959,19
10-9-2022,6.9,Valkyrie,9,3,1147,2
10-12-2020,0.96,Lifeline,3,3,1010,1
19-6-2022,5.36,Valkyrie,2,14,1791,6
7-10-2020,20.28,Wraith,20,18,7615,7
12-9-2022,12.66,Valkyrie,3,12,3008,8
8-4-2019,9.96,Gibraltar,9,16,5148,20
30-1-2022,29.92,Mad Maggie,2,14,1036,13
20-12-2022,21.57,Pathfinder,20,8,5376,13
28-9-2021,1.54,Wattson,0,6,999,6
9-12-2020,7.35,Wraith,8,1,1534,20
23-9-2020,23.58,Wraith,10,2,2223,15
14-1-2022,17.83,Wattson,7,1,1260,10
24-1-2022,14.5,Pathfinder,1,4,320,16
28-6-2020,7.16,Lifeline,6,0,1237,8
18-11-2022,9.26,Pathfinder,4,0,595,13
15-8-2022,15.97,Bangalore,3,4,955,15
1-7-2019,11.86,Pathfinder,14,1,2321,5
25-12-2022,2.7,Bangalore,1,3,816,20
31-10-2019,14.63,Bloodhound,3,1,607,4
30-1-2020,5.3,Gibraltar,15,4,1325,18
24-12-2019,9.94,Valkyrie,12,3,3400,3
6-7-2020,21.62,Wattson,10,7,2494,6
7-8-2019,4.36,Bloodhound,0,2,358,10
22-4-2020,11.91,Bangalore,8,9,2430,8
31-7-2020,4.8,Mad Maggie,2,6,679,11
25-2-2020,0.69,Wraith,2,1,251,3
6-8-2019,25.67,Wraith,6,2,900,10
5-6-2020,25.7,Valkyrie,3,2,867,11
6-2-2020,23.63,Valkyrie,10,3,943,13
7-5-2020,7.68,Pathfinder,0,6,699,14
20-2-2020,23.32,Gibraltar,6,13,2187,12
12-11-2019,14.76,Pathfinder,2,11,2571,13
16-9-2020,1.71,Wraith,4,8,2124,17
3-11-2021,20.36,Mad Maggie,4,7,1840,9
27-7-2022,6.95,Gibraltar,0,5,486,18
17-3-2021,20.35,Valkyrie,2,7,1716,18
3-8-2020,9.51,Bloodhound,1,8,1199,17
9-9-2021,12.66,Wraith,4,8,591,13
7-8-2021,25.59,Gibraltar,11,16,3335,7
27-9-2020,29.12,Pathfinder,3,2,997,18
28-5-2019,4.23,Wraith,1,14,1097,18
14-8-2019,27.14,Pathfinder,11,5,3421,2
24-9-2021,14.44,Pathfinder,5,8,2081,1
23-3-2021,19.38,Bangalore,6,3,1736,14
18-11-2019,24.54,Lifeline,12,3,933,16
15-4-2019,26.29,Bangalore,14,12,3492,3
19-9-2019,27.8,Mad Maggie,5,9,1611,13
19-10-2022,3.64,Lifeline,2,3,828,9
2-8-2022,14.7,Bloodhound,2,1,507,4
7-7-2022,17.22,Pathfinder,4,3,914,10
14-6-2019,15.78,Bangalore,17,6,1607,4
31-8-2021,25.56,Bloodhound,3,13,2108,16
22-11-2021,9.41,Valkyrie,3,1,720,1
25-4-2021,3.48,Bloodhound,3,5,725,1
27-8-2020,13.44,Valkyrie,1,7,945,15
18-9-2022,12.27,Bangalore,5,12,3164,13
29-11-2022,18.62,Lifeline,10,2,1368,4
31-8-2020,1.19,Mad Maggie,2,12,737,18
9-10-2022,27.93,Bloodhound,6,11,1623,4
1-1-2020,10.22,Mad Maggie,4,14,1303,7
18-10-2022,6.61,Wraith,2,7,885,1
14-8-2022,24.97,Pathfinder,3,4,1230,5
13-1-2021,29.8,Bloodhound,2,6,1543,12
25-12-2019,27.28,Wraith,2,3,993,4
6-4-2022,0.56,Lifeline,8,11,1696,1
1-12-2021,18.28,Wraith,10,2,1736,8
9-3-2019,16.91,Bangalore,3,6,1559,16
23-8-2019,18.26,Lifeline,2,8,701,5
10-6-2022,18.54,Gibraltar,3,9,992,4
11-7-2022,20.36,Lifeline,7,5,1978,8
2-4-2021,24.64,Bloodhound,2,2,491,2
10-7-2020,8.92,Pathfinder,0,3,210,4
11-12-2021,1.65,Valkyrie,18,11,4569,13
7-9-2022,25.59,Bangalore,4,10,1332,12
21-8-2019,23.63,Valkyrie,10,3,2823,2
27-8-2020,19.69,Lifeline,11,1,937,14
24-2-2021,27.1,Pathfinder,4,2,1151,18
3-3-2019,29.72,Pathfinder,3,5,1284,7
7-1-2021,13.03,Lifeline,8,1,558,2
22-12-2020,18.29,Gibraltar,9,5,1149,12
6-12-2019,27.55,Valkyrie,10,9,3375,19
30-6-2022,3.77,Pathfinder,5,6,1553,14
3-11-2021,4.26,Wraith,6,15,3090,19
24-5-2022,18.06,Pathfinder,6,3,1272,16
27-9-2021,12.89,Bangalore,2,8,1287,6
27-9-2022,25.04,Mad Maggie,5,10,1797,4
23-10-2020,12.88,Wattson,7,3,1687,15
26-7-2021,15.75,Gibraltar,1,10,609,10
11-10-2019,20.93,Mad Maggie,3,8,2173,5
6-2-2020,4.04,Valkyrie,16,13,3575,15
16-1-2021,1.92,Bloodhound,11,1,1454,1
16-5-2021,11.76,Wraith,9,6,2628,8
11-7-2019,20.62,Lifeline,5,4,1559,15
5-2-2021,2.82,Valkyrie,12,5,1403,5
12-12-2020,19.47,Pathfinder,1,8,1296,17
2-5-2019,13.67,Valkyrie,7,5,781,13
28-6-2019,23.13,Valkyrie,6,6,1099,13
5-3-2022,25.66,Wattson,4,6,1853,7
30-4-2020,29.46,Bloodhound,5,5,1628,10
12-9-2022,23.44,Bloodhound,10,9,2961,15
22-9-2022,17.46,Lifeline,4,18,1333,11
5-9-2022,1.27,Bloodhound,4,6,592,17
4-11-2022,3.76,Lifeline,5,7,1851,5
15-5-2020,9.42,Pathfinder,8,4,1154,5
13-8-2019,23.19,Wraith,15,2,2637,10
22-5-2020,24.38,Lifeline,8,6,2559,4
8-8-2019,23.5,Valkyrie,15,2,1194,19
31-3-2022,0.9,Pathfinder,13,2,3457,4
9-3-2020,11.56,Lifeline,1,1,422,13
24-8-2022,28.57,Wraith,3,5,1405,1
2-12-2021,21.97,Bangalore,16,2,2638,8
4-12-2019,2.04,Gibraltar,1,5,692,16
19-11-2019,5.73,Lifeline,2,13,2778,2
6-5-2022,4.22,Bloodhound,1,5,396,17
4-9-2022,7.46,Lifeline,4,4,1647,11
7-3-2021,5.29,Wattson,12,19,5065,14
19-5-2021,12.35,Lifeline,3,1,293,5
15-2-2021,13.3,Mad Maggie,6,1,545,18
22-3-2022,19.25,Wattson,13,8,3456,20
25-7-2019,12.01,Pathfinder,17,9,5678,1
5-6-2019,28.07,Wattson,2,7,1751,9
5-3-2019,23.52,Bloodhound,14,5,1926,11
5-7-2021,1.72,Valkyrie,8,1,1933,2
30-8-2021,18.21,Lifeline,7,2,1354,18
23-12-2022,24.73,Valkyrie,5,16,3962,19
20-11-2020,8.12,Mad Maggie,2,10,657,13
1-8-2021,13.47,Bangalore,3,5,753,9
18-2-2020,10.04,Mad Maggie,2,3,619,4
31-12-2021,8.45,Lifeline,8,11,1663,13
5-2-2021,27.81,Wattson,11,3,2350,14
14-9-2021,6.82,Pathfinder,0,6,710,4
17-6-2021,8.64,Wattson,1,17,1500,12
19-4-2019,4.75,Bloodhound,2,16,2647,8
19-4-2022,0.84,Valkyrie,5,2,831,14
2-5-2019,18.94,Valkyrie,2,5,964,13
6-1-2022,15.81,Gibraltar,3,1,337,10
16-10-2019,9.8,Pathfinder,1,14,2576,16
4-4-2019,25.12,Pathfinder,5,2,1053,1
28-6-2019,22.52,Wattson,3,3,337,3
21-8-2021,15.35,Valkyrie,1,2,244,4
12-11-2020,15.44,Bangalore,2,4,389,12
20-4-2020,10.95,Lifeline,20,3,1648,13
6-2-2020,1.8,Wraith,13,2,2894,10
17-8-2022,2.25,Gibraltar,2,17,1526,20
18-10-2019,7.53,Wraith,4,11,942,8
12-7-2022,19.31,Mad Maggie,11,10,3050,7
4-12-2019,4.62,Wattson,8,1,1521,7
24-1-2021,27.19,Bloodhound,3,5,908,8
13-3-2022,22.57,Wraith,6,2,1266,11
9-8-2021,19.81,Pathfinder,10,9,3172,16
5-11-2019,1.31,Valkyrie,6,1,730,11
9-6-2020,3.78,Pathfinder,0,3,245,1
4-2-2021,24.68,Wattson,4,2,949,15
17-2-2020,12.18,Wraith,1,1,420,13
7-5-2021,11.69,Wraith,2,1,234,14
14-6-2022,27.31,Bloodhound,12,2,2036,1
1-12-2020,17.17,Mad Maggie,5,1,1054,12
15-5-2020,6.88,Valkyrie,1,1,292,3
19-3-2022,25.73,Pathfinder,2,6,900,13
10-9-2019,29.83,Pathfinder,6,16,1555,14
6-11-2020,22.01,Lifeline,6,3,1053,9
2-2-2022,19.19,Wraith,11,1,932,8
4-6-2019,15.89,Bloodhound,2,9,1572,3
10-6-2022,13.97,Bloodhound,10,3,2812,6
16-11-2019,1.75,Gibraltar,1,4,753,8
27-7-2021,20.38,Wraith,3,12,2280,18
10-7-2019,10.71,Lifeline,5,17,1545,14
8-5-2021,22.53,Wattson,14,3,3065,2
10-1-2020,0.97,Pathfinder,7,3,790,14
7-12-2022,8.02,Pathfinder,0,0,0,13
18-1-2020,23.98,Bangalore,9,15,2170,20
31-5-2019,9.7,Gibraltar,4,5,1134,17
19-10-2021,26.06,Mad Maggie,18,3,1757,7
17-6-2021,27.13,Valkyrie,15,2,1069,6
25-10-2019,6.92,Valkyrie,6,11,2779,6
12-2-2020,2.13,Gibraltar,8,3,726,15
7-2-2022,10.82,Bangalore,6,1,1002,13
7-5-2019,12.19,Wraith,1,9,971,17
9-6-2019,18.21,Wattson,20,3,3470,16
10-12-2020,3.21,Mad Maggie,1,3,748,11
1-9-2021,0.65,Bloodhound,4,0,517,10
10-7-2021,20.96,Wraith,9,13,2973,4
17-8-2022,17.55,Pathfinder,3,4,712,11
24-11-2019,6.13,Gibraltar,8,13,2849,15
29-10-2019,29.43,Pathfinder,8,4,850,6
21-7-2022,24.0,Gibraltar,6,2,1129,11
8-1-2020,15.76,Valkyrie,3,10,2038,6
11-5-2021,3.78,Bangalore,2,3,639,15
19-1-2020,18.51,Mad Maggie,8,1,592,13
23-5-2020,13.39,Mad Maggie,5,15,3680,10
27-12-2022,16.03,Valkyrie,10,11,1443,2
25-6-2020,5.69,Wattson,1,7,1336,10
26-9-2021,8.85,Wattson,11,13,3292,8
25-3-2019,28.44,Wattson,5,4,1138,17
15-6-2022,27.22,Bangalore,10,3,1034,1
29-4-2020,0.34,Mad Maggie,1,3,280,17
3-1-2022,29.06,Mad Maggie,5,3,948,16
2-4-2019,9.54,Wraith,1,8,1416,18
18-1-2020,7.01,Wattson,3,0,252,16
9-3-2020,9.93,Mad Maggie,1,8,889,3
7-10-2020,0.54,Wattson,0,0,0,11
4-7-2019,19.55,Mad Maggie,15,11,5220,13
10-6-2019,7.46,Lifeline,10,2,866,16
7-4-2020,17.42,Wraith,6,1,1315,15
27-6-2021,4.52,Wraith,2,6,1160,7
29-8-2021,25.41,Lifeline,10,2,849,2
30-1-2022,20.75,Pathfinder,2,14,3009,9
21-9-2020,25.27,Mad Maggie,7,2,1921,14
2-7-2019,18.51,Bloodhound,5,7,2498,17
14-10-2022,15.75,Bloodhound,1,6,1089,6
13-2-2020,23.07,Valkyrie,13,2,1562,6
21-8-2021,2.08,Mad Maggie,2,3,642,1
27-7-2022,3.22,Bloodhound,2,2,416,16
15-6-2019,21.21,Wattson,10,4,3040,15
8-10-2019,13.75,Wraith,5,8,828,14
14-10-2021,8.49,Lifeline,0,5,249,2
1-3-2020,27.22,Wraith,9,6,2054,16
26-12-2020,4.28,Mad Maggie,3,4,1292,2
21-8-2021,16.06,Valkyrie,9,3,2255,6
26-4-2021,24.13,Mad Maggie,2,6,847,8
11-7-2022,7.31,Gibraltar,0,17,3166,9
8-11-2020,9.68,Valkyrie,0,7,1327,6
6-8-2022,21.19,Valkyrie,2,11,653,14
16-4-2019,6.69,Pathfinder,0,7,626,11
4-4-2020,4.11,Bangalore,10,14,1517,6
13-6-2022,13.04,Bloodhound,6,13,3121,9
23-5-2020,26.14,Bangalore,6,13,3725,8
12-10-2022,28.23,Wraith,2,3,444,14
7-3-2022,2.96,Wattson,9,18,3855,3
27-12-2021,9.6,Wraith,0,5,770,20
6-4-2021,20.2,Pathfinder,2,2,751,2
20-10-2021,5.37,Bloodhound,1,12,1705,9
17-6-2022,23.61,Gibraltar,4,5,1031,20
3-4-2021,7.26,Lifeline,7,0,1298,19
21-9-2021,9.58,Mad Maggie,0,12,1982,17
4-11-2022,20.6,Bloodhound,2,18,1817,19
23-6-2019,15.78,Gibraltar,1,1,401,5
6-1-2022,12.7,Bloodhound,2,5,1038,6
16-5-2021,9.72,Gibraltar,12,1,1474,3
6-11-2019,23.04,Bloodhound,4,10,1201,15
1-5-2022,14.61,Bangalore,4,6,1921,5
24-3-2019,24.34,Gibraltar,4,21,4021,17
24-12-2021,8.02,Wattson,3,1,326,8
10-6-2022,10.18,Bangalore,10,1,1360,3
24-8-2022,4.95,Gibraltar,12,7,4169,3
27-8-2020,5.22,Bloodhound,0,2,114,1
18-9-2021,8.62,Bangalore,0,0,0,13
18-1-2021,19.81,Bangalore,17,1,1440,5
11-5-2020,21.81,Valkyrie,4,12,2836,11
15-12-2019,3.65,Wraith,1,9,1586,4
7-9-2019,6.32,Mad Maggie,0,0,0,9
19-12-2022,15.14,Valkyrie,15,6,4288,18
28-4-2020,14.61,Lifeline,4,3,872,2
12-12-2020,27.37,Wraith,2,2,717,14
9-12-2022,8.0,Pathfinder,10,2,740,15
1-9-2019,3.84,Wraith,1,1,208,8
7-5-2019,27.01,Wattson,2,2,566,9
10-3-2021,28.85,Lifeline,3,5,1036,6
11-5-2019,24.51,Wattson,12,5,3226,3
12-1-2022,7.74,Wattson,3,2,678,10
17-12-2020,2.4,Mad Maggie,5,4,1474,8
7-8-2022,5.89,Wattson,1,7,1124,1
5-9-2019,20.95,Wraith,15,10,1630,2
13-11-2022,28.77,Valkyrie,6,5,897,15
11-9-2020,24.22,Mad Maggie,3,14,2590,10
6-3-2022,28.79,Lifeline,17,12,6115,13
25-9-2021,19.25,Gibraltar,3,9,1116,12
30-4-2021,5.1,Wattson,8,3,645,9
7-6-2020,27.87,Gibraltar,6,6,2196,17
5-1-2020,18.64,Pathfinder,3,6,686,19
8-10-2020,27.07,Mad Maggie,15,2,3140,18
30-3-2021,20.74,Gibraltar,6,3,1442,4
22-2-2020,14.76,Bloodhound,1,1,434,13
7-1-2020,29.51,Mad Maggie,16,15,3520,2
17-3-2019,13.81,Lifeline,3,3,1106,3
23-5-2020,9.41,Wattson,6,2,1683,6
8-2-2021,7.08,Pathfinder,5,9,1867,13
15-9-2020,21.64,Wattson,6,3,1243,7
12-2-2022,9.27,Wattson,4,5,1315,1
21-10-2019,29.44,Valkyrie,2,2,651,7
1-4-2021,16.8,Gibraltar,1,6,1356,19
13-5-2020,0.89,Wraith,6,3,783,12
9-4-2019,3.53,Bangalore,1,6,497,3
5-8-2022,22.71,Bangalore,4,18,2382,19
9-6-2021,23.87,Wattson,15,14,5116,5
14-2-2021,0.15,Valkyrie,7,0,940,18
26-2-2020,19.48,Pathfinder,5,9,2147,17
31-12-2022,29.98,Wattson,12,2,2838,18
26-12-2021,7.56,Bloodhound,2,9,1483,17
14-2-2019,1.92,Pathfinder,3,13,1503,4
1-10-2019,6.13,Lifeline,7,4,634,4
30-5-2022,11.95,Mad Maggie,8,2,1602,13
26-8-2019,2.13,Bangalore,6,6,2447,7
4-11-2020,28.0,Lifeline,10,6,3005,17
6-1-2020,12.74,Lifeline,3,1,645,18
12-3-2022,2.79,Bangalore,7,0,589,17
13-1-2021,23.79,Pathfinder,4,5,778,14
16-4-2019,12.08,Wraith,7,2,640,1
15-6-2019,0.79,Wraith,9,4,2614,4
12-4-2021,7.43,Bloodhound,5,3,1317,12
26-5-2022,14.44,Wattson,1,11,1702,4
15-10-2020,27.31,Bangalore,7,10,1714,5
8-6-2021,2.39,Wattson,0,0,0,17
28-8-2019,9.59,Wraith,5,3,1689,13
23-7-2021,6.27,Bloodhound,5,0,971,18
17-12-2021,1.56,Valkyrie,7,3,1868,18
17-12-2022,25.1,Bloodhound,6,5,907,19
11-3-2020,27.71,Mad Maggie,4,6,556,3
18-3-2021,13.31,Wattson,3,5,1107,15
27-12-2022,1.16,Lifeline,0,9,426,2
29-5-2019,28.9,Bangalore,6,12,2275,17
2-6-2019,21.49,Bangalore,6,4,689,19
24-4-2021,27.85,Gibraltar,2,9,1937,18
13-4-2019,0.9,Mad Maggie,10,14,1329,15
3-11-2020,24.39,Pathfinder,3,6,1670,8
2-8-2022,1.21,Gibraltar,10,1,1244,14
12-11-2019,25.48,Bloodhound,2,20,2174,2
24-11-2020,19.7,Pathfinder,6,4,938,16
3-3-2021,27.51,Bloodhound,15,7,4709,1
8-12-2020,12.87,Bloodhound,3,4,658,19
21-3-2020,1.75,Pathfinder,6,6,1882,6
23-2-2019,23.39,Pathfinder,16,4,4245,16
24-1-2020,17.97,Bloodhound,1,11,2187,15
6-3-2019,23.52,Wraith,2,12,2018,15
25-7-2021,20.53,Valkyrie,5,8,741,15
15-9-2022,2.66,Wraith,1,0,231,12
17-2-2019,13.63,Wattson,7,5,756,17
25-6-2021,2.69,Bangalore,0,3,562,14
17-2-2021,27.73,Lifeline,2,15,3127,19
13-8-2020,12.7,Mad Maggie,6,10,2827,9
14-4-2021,25.02,Bloodhound,3,3,409,2
6-4-2021,14.62,Wattson,2,7,1702,16
21-11-2022,2.67,Lifeline,1,10,1133,16
1-7-2019,2.5,Bloodhound,1,12,1007,11
11-11-2019,14.06,Bangalore,10,1,2117,14
28-10-2022,27.43,Bloodhound,4,6,811,9
10-5-2022,17.71,Wattson,1,9,1050,20
2-1-2020,15.0,Wattson,5,4,1624,17
24-6-2020,5.86,Valkyrie,2,19,3099,1
19-6-2022,0.42,Bloodhound,13,7,1228,10
26-9-2021,15.93,Valkyrie,11,2,1179,1
13-10-2021,9.93,Pathfinder,7,1,808,5
28-2-2021,9.53,Lifeline,3,8,1480,13
16-6-2020,19.29,Wattson,4,3,731,15
3-10-2021,0.26,Wattson,1,3,506,6
8-4-2020,6.99,Wraith,4,5,695,17
22-2-2022,21.13,Mad Maggie,13,8,4218,14
5-11-2021,24.34,Wraith,5,2,1432,16
3-6-2022,2.44,Bloodhound,0,0,0,17
19-11-2019,29.8,Bloodhound,7,7,1565,10
13-1-2020,3.17,Bangalore,0,0,0,2
14-4-2022,25.15,Valkyrie,11,7,3871,3
16-9-2019,10.8,Bangalore,8,4,2097,16
21-11-2022,8.32,Gibraltar,0,0,0,4
15-11-2020,13.56,Bloodhound,13,10,3848,12
12-7-2022,6.29,Lifeline,6,1,1501,6
7-6-2022,18.96,Pathfinder,1,6,655,17
14-10-2019,6.51,Bloodhound,8,0,536,18
19-4-2019,24.31,Lifeline,13,3,1326,2
21-5-2021,8.53,Pathfinder,3,16,2404,12
3-7-2022,23.92,Wraith,4,16,2515,16
11-12-2022,23.95,Mad Maggie,12,3,2937,13
9-8-2021,17.34,Pathfinder,4,2,1328,15
18-11-2020,4.93,Bloodhound,1,2,501,14
9-7-2021,27.33,Lifeline,8,2,2258,18
14-7-2019,14.75,Wattson,6,3,1202,20
16-6-2022,0.19,Bangalore,7,14,2888,14
26-9-2019,13.2,Mad Maggie,3,2,801,20
9-11-2020,17.74,Gibraltar,18,8,2638,14
2-5-2022,16.95,Wraith,11,8,3791,11
5-1-2022,8.02,Valkyrie,2,5,683,6
6-5-2022,13.85,Wraith,9,12,3849,1
17-11-2021,12.93,Bangalore,19,3,3948,4
4-12-2022,6.66,Wattson,1,11,1936,15
26-12-2021,0.52,Gibraltar,1,2,346,14
26-12-2022,27.68,Lifeline,2,5,1005,18
23-12-2022,22.55,Gibraltar,10,8,1225,9
23-10-2019,18.06,Mad Maggie,13,5,1216,18
3-11-2022,8.26,Pathfinder,1,12,1391,14
12-4-2022,4.54,Valkyrie,3,11,2791,7
20-8-2019,12.48,Wattson,10,2,818,2
26-5-2022,16.7,Pathfinder,6,1,1026,18
18-7-2021,27.38,Gibraltar,2,2,707,4
20-10-2021,29.48,Gibraltar,19,2,2305,8
3-3-2019,18.75,Valkyrie,3,5,1066,18
21-10-2019,0.74,Wattson,0,0,0,19
4-2-2022,9.43,Pathfinder,0,0,0,15
23-2-2022,7.16,Bloodhound,7,11,2209,20
9-11-2019,28.41,Lifeline,16,14,5891,16
1-5-2021,2.4,Bloodhound,4,15,1360,7
21-10-2021,11.62,Wraith,5,1,830,13
25-3-2019,13.27,Lifeline,8,1,1291,17
7-8-2021,7.98,Bloodhound,0,1,58,3
19-8-2021,26.11,Valkyrie,6,10,2589,9
1-7-2020,15.21,Gibraltar,3,14,1603,7
20-5-2019,0.37,Lifeline,6,14,1305,4
22-1-2021,20.12,Wraith,3,3,818,15
12-11-2019,10.56,Pathfinder,4,6,657,16
13-12-2022,26.29,Lifeline,8,2,1311,18
3-9-2021,21.0,Mad Maggie,6,6,2088,18
4-10-2019,26.27,Lifeline,9,18,3305,14
13-10-2020,13.0,Wraith,14,14,2683,14
22-10-2021,29.88,Pathfinder,4,2,1147,5
16-3-2021,19.56,Wraith,5,4,1571,1
8-4-2019,19.1,Pathfinder,6,15,2997,15
19-3-2019,20.85,Wraith,2,12,2437,14
27-7-2019,26.37,Pathfinder,4,3,1033,15
5-3-2022,3.93,Lifeline,4,1,407,4
6-11-2021,2.11,Gibraltar,1,15,2691,19
5-7-2021,4.85,Wraith,2,0,450,12
19-6-2022,24.78,Bangalore,5,9,2122,3
15-9-2021,13.57,Lifeline,1,3,750,14
18-12-2021,29.76,Lifeline,13,3,2145,16
23-11-2022,12.11,Bloodhound,1,2,399,1
11-1-2020,1.74,Valkyrie,7,6,1238,14
25-2-2022,10.42,Valkyrie,5,7,1457,16
25-8-2021,10.28,Bangalore,5,2,1551,1
1-12-2022,7.9,Gibraltar,5,9,2349,18
17-7-2019,11.75,Wattson,2,15,2951,19
27-7-2019,10.2,Wraith,12,1,2141,9
17-6-2022,15.04,Bangalore,6,11,1581,9
1-4-2022,15.99,Pathfinder,10,4,2347,16
6-4-2021,23.01,Wraith,12,7,2223,10
17-6-2022,20.36,Gibraltar,18,10,3562,7
7-10-2021,14.95,Gibraltar,2,2,809,14
13-3-2019,26.22,Gibraltar,2,18,2529,7
31-1-2021,27.4,Bloodhound,3,7,1472,8
17-10-2020,2.34,Lifeline,2,1,360,10
4-5-2019,7.05,Valkyrie,4,2,672,7
10-6-2019,20.51,Valkyrie,11,4,993,5
5-2-2022,25.47,Wraith,12,7,2053,17
24-7-2022,19.61,Wraith,10,4,1590,10
27-11-2021,9.26,Gibraltar,1,0,106,10
18-8-2019,3.56,Lifeline,12,4,2608,2
4-1-2020,11.4,Gibraltar,9,2,959,4
27-3-2020,5.39,Lifeline,11,0,1104,10
15-6-2022,9.65,Gibraltar,3,3,900,13
8-4-2020,5.48,Bangalore,0,0,0,13
4-12-2022,24.26,Wraith,2,9,2089,18
17-2-2019,8.59,Bloodhound,2,9,2013,10
18-2-2022,19.07,Bloodhound,8,10,2850,17
28-11-2020,18.84,Bloodhound,1,6,1113,18
4-12-2020,7.91,Valkyrie,12,6,3170,20
24-1-2020,2.14,Gibraltar,11,4,3300,12
26-3-2022,15.23,Mad Maggie,1,3,609,8
1-11-2020,15.09,Bangalore,12,9,1687,16
8-11-2021,3.0,Valkyrie,3,2,759,13
16-1-2022,16.0,Wattson,3,1,598,13
16-7-2020,3.14,Valkyrie,6,4,1391,3
14-3-2021,19.99,Valkyrie,9,3,1097,3
12-10-2020,10.21,Bangalore,13,4,2934,19
15-5-2022,29.24,Bloodhound,14,7,1668,4
29-7-2020,23.69,Wraith,7,9,1061,16
2-9-2022,19.06,Bangalore,4,12,3274,3
22-2-2022,21.78,Bloodhound,18,2,1894,9
8-1-2020,4.85,Lifeline,5,2,1283,7
12-2-2019,18.53,Wattson,8,1,1288,16
7-12-2019,5.0,Pathfinder,1,0,135,14
14-3-2019,4.85,Lifeline,1,3,809,13
5-5-2022,1.96,Bloodhound,4,7,1261,5
20-6-2021,13.4,Lifeline,2,7,1205,17
14-10-2022,8.12,Wattson,3,0,188,10
30-12-2020,28.47,Pathfinder,6,9,2775,12
23-7-2021,15.42,Lifeline,1,14,1099,6
14-8-2022,8.35,Bangalore,1,0,199,3
29-10-2019,10.77,Lifeline,6,6,997,19
13-9-2019,7.87,Mad Maggie,9,8,2410,15
7-11-2022,5.27,Wraith,1,9,1208,5
8-11-2022,27.21,Wattson,2,10,975,8
30-12-2019,4.24,Wattson,4,0,360,15
1-6-2021,23.11,Gibraltar,3,7,1495,7
11-2-2019,12.57,Bloodhound,8,1,2068,7
23-5-2019,4.34,Gibraltar,5,9,2334,8
9-7-2019,6.9,Wattson,0,3,357,15
31-10-2022,7.82,Lifeline,0,1,160,3
11-7-2020,4.61,Wraith,5,4,1516,14
13-8-2019,22.9,Gibraltar,17,8,4114,12
12-6-2020,23.3,Gibraltar,4,7,1473,4
17-8-2021,21.12,Bangalore,3,2,621,7
7-10-2020,10.48,Mad Maggie,3,1,558,3
19-1-2020,18.33,Bangalore,2,1,478,18
25-10-2022,9.04,Pathfinder,5,3,584,20
15-4-2019,22.47,Mad Maggie,19,3,2996,13
26-2-2021,5.07,Bloodhound,8,14,2073,17
30-12-2019,16.08,Bloodhound,5,12,1499,13
12-5-2021,2.54,Wattson,9,6,2066,16
3-11-2021,14.74,Bangalore,9,6,1284,11
25-9-2021,25.49,Pathfinder,3,6,1528,17
18-4-2021,21.01,Bloodhound,2,4,379,7
3-7-2019,4.72,Lifeline,0,7,777,20
15-12-2021,26.19,Gibraltar,4,12,2205,11
27-12-2022,8.47,Mad Maggie,16,1,1604,19
13-5-2021,3.63,Valkyrie,5,8,2587,15
28-9-2019,3.2,Pathfinder,7,0,617,6
4-7-2022,18.56,Bangalore,3,3,627,2
17-9-2019,0.31,Bloodhound,3,1,828,9
25-10-2021,10.06,Mad Maggie,1,1,355,18
16-9-2020,3.68,Lifeline,7,9,1213,10
29-5-2019,7.93,Pathfinder,1,0,135,8
9-6-2019,9.52,Bloodhound,1,1,144,5
5-2-2020,4.75,Bloodhound,12,8,2034,10
25-8-2020,27.37,Pathfinder,14,2,1889,2
18-1-2022,14.14,Bangalore,1,14,1884,10
31-1-2022,21.89,Pathfinder,5,2,653,1
2-8-2019,5.29,Bloodhound,1,0,95,7
7-7-2020,1.19,Valkyrie,1,5,1049,3
18-12-2022,22.38,Gibraltar,2,2,742,5
12-5-2020,0.13,Wattson,8,0,1117,17
5-12-2020,0.61,Valkyrie,1,0,189,15
23-10-2022,28.16,Pathfinder,3,13,1677,16
27-12-2019,3.68,Bloodhound,0,7,1183,16
13-4-2019,25.66,Valkyrie,5,7,1270,10
8-5-2020,6.24,Bloodhound,7,11,2197,2
18-5-2019,18.54,Bloodhound,5,6,1643,8
23-6-2019,16.07,Mad Maggie,7,5,1774,15
23-5-2022,16.24,Valkyrie,4,2,399,13
30-6-2019,17.66,Bangalore,8,13,2657,12
2-3-2019,21.41,Pathfinder,2,2,429,20
22-1-2022,28.45,Lifeline,6,3,1966,17
10-8-2019,26.32,Wraith,11,2,2300,3
5-11-2021,11.34,Wattson,1,17,2509,4
3-7-2022,4.79,Mad Maggie,11,6,3512,16
26-10-2019,9.99,Pathfinder,2,3,658,16
5-11-2022,18.66,Pathfinder,9,10,2352,18
7-6-2020,29.91,Valkyrie,6,18,2493,7
7-5-2022,13.27,Wraith,6,1,1148,20
20-11-2022,19.76,Pathfinder,9,1,1595,2
23-8-2020,26.2,Bloodhound,10,7,1232,11
29-5-2020,4.45,Bangalore,14,4,3495,20
12-12-2020,4.74,Lifeline,5,1,630,11
18-10-2019,15.92,Mad Maggie,3,14,2670,5
10-8-2021,11.14,Gibraltar,1,8,1178,10
19-2-2020,10.06,Mad Maggie,8,2,1338,1
11-3-2022,3.4,Bloodhound,6,9,2658,5
19-3-2022,12.8,Valkyrie,14,4,1666,10
20-5-2021,9.88,Mad Maggie,0,1,83,20
7-7-2021,29.84,Lifeline,2,10,1682,14
11-6-2022,26.6,Mad Maggie,3,15,1402,7
13-5-2021,3.9,Gibraltar,1,8,477,3
12-7-2021,12.9,Wattson,2,2,745,18
24-7-2022,3.86,Gibraltar,0,4,404,9
2-7-2022,12.8,Bloodhound,14,11,2374,14
6-2-2021,20.56,Bloodhound,2,12,1416,12
29-10-2021,13.44,Bloodhound,5,2,923,7
21-2-2019,16.44,Valkyrie,2,1,302,4
5-3-2022,27.48,Mad Maggie,12,6,3991,15
12-11-2021,13.95,Wattson,20,3,5091,7
7-10-2021,19.22,Valkyrie,11,3,2745,14
17-6-2020,3.79,Bloodhound,2,0,195,18
9-6-2020,29.83,Mad Maggie,4,10,2382,1
4-1-2020,28.41,Mad Maggie,6,5,2066,7
18-11-2021,3.17,Bangalore,0,3,507,6
1-10-2019,8.2,Bloodhound,1,6,412,8
8-7-2019,4.94,Bloodhound,1,4,813,11
19-2-2020,5.52,Gibraltar,7,9,2149,18
4-11-2020,19.7,Bloodhound,2,3,629,18
11-12-2020,24.14,Bloodhound,10,4,2646,5
21-7-2020,11.55,Pathfinder,8,9,3023,8
29-12-2019,25.26,Mad Maggie,10,18,5205,15
29-12-2021,3.29,Bloodhound,1,16,855,15
4-12-2021,16.44,Bloodhound,19,4,5116,4
17-9-2021,8.33,Bloodhound,0,0,0,20
12-10-2019,3.7,Bloodhound,12,4,2637,15
8-9-2019,22.74,Wattson,13,9,2583,17
6-6-2019,23.26,Bloodhound,4,4,1034,19
20-1-2020,9.35,Mad Maggie,1,7,1349,12
22-7-2019,8.19,Valkyrie,1,6,396,6
18-1-2021,23.44,Pathfinder,7,6,1797,18
17-11-2022,25.58,Wattson,2,14,1997,20
9-9-2021,2.61,Pathfinder,0,0,0,13
30-5-2022,28.94,Mad Maggie,3,20,2897,4
22-9-2021,11.01,Lifeline,3,4,631,2
23-3-2022,2.04,Lifeline,11,9,3920,2
4-6-2021,4.25,Valkyrie,5,7,1451,20
8-5-2022,11.44,Lifeline,6,3,502,2
19-2-2021,26.89,Wraith,4,2,1300,6
18-6-2020,6.21,Bloodhound,0,1,164,19
8-11-2020,17.54,Mad Maggie,3,1,377,6
9-11-2019,3.73,Valkyrie,7,4,2243,4
9-2-2021,9.76,Wattson,1,7,863,18
27-4-2020,8.79,Pathfinder,3,1,312,16
1-3-2020,5.6,Wraith,1,6,395,12
3-6-2022,3.79,Mad Maggie,1,16,926,14
6-11-2020,15.07,Lifeline,6,8,2035,14
24-11-2021,23.69,Mad Maggie,7,3,1500,8
22-2-2022,2.39,Bloodhound,1,12,2215,4
22-6-2020,2.14,Pathfinder,1,3,628,3
6-1-2020,0.35,Lifeline,3,1,636,4
22-3-2022,12.5,Bangalore,4,1,881,19
28-6-2021,28.67,Wraith,4,7,1402,9
25-5-2019,26.82,Wraith,3,7,1680,13
26-6-2022,5.12,Gibraltar,5,2,1069,19
17-12-2019,2.45,Wraith,4,13,1901,6
20-5-2022,16.64,Bangalore,10,8,1539,12
20-3-2021,17.05,Valkyrie,5,8,1719,14
29-4-2019,23.46,Bangalore,2,9,1381,13
4-12-2022,20.02,Wraith,4,9,1603,9
21-7-2019,26.01,Bloodhound,6,5,1000,7
24-5-2021,18.06,Valkyrie,3,10,1145,16
23-7-2022,22.14,Pathfinder,12,6,1772,11
21-7-2019,22.76,Wraith,7,11,1579,2
16-8-2021,9.65,Valkyrie,16,0,2013,4
14-6-2022,9.89,Mad Maggie,0,3,266,18
18-5-2020,26.18,Gibraltar,13,11,3110,15
12-7-2021,20.06,Bloodhound,4,4,1349,20
2-3-2020,19.01,Valkyrie,2,1,255,16
9-9-2021,1.4,Mad Maggie,11,0,1716,16
2-12-2020,0.89,Mad Maggie,0,16,1950,19
4-7-2019,7.72,Gibraltar,0,4,421,8
16-3-2022,5.02,Lifeline,6,0,1304,10
24-11-2020,14.55,Wattson,10,7,935,13
26-5-2020,16.95,Bangalore,1,8,1344,5
23-4-2022,23.77,Wraith,2,2,470,17
6-11-2021,5.63,Pathfinder,3,1,371,14
22-12-2022,26.66,Lifeline,4,4,1366,13
7-4-2019,15.31,Wraith,15,3,3002,15
23-8-2020,19.74,Gibraltar,9,6,1347,5
7-12-2022,8.59,Valkyrie,14,13,4007,7
15-1-2022,27.23,Bangalore,5,2,1285,9
27-3-2021,0.86,Bangalore,4,2,936,20
15-1-2022,14.49,Lifeline,11,2,2856,20
12-9-2020,0.64,Mad Maggie,8,12,2802,12
24-9-2022,14.34,Pathfinder,2,8,1821,12
22-5-2020,19.89,Valkyrie,14,6,1935,10
13-2-2021,21.82,Valkyrie,3,10,2022,19
17-4-2021,9.18,Bangalore,1,10,1256,10
23-8-2019,6.83,Valkyrie,0,3,167,3
14-6-2020,0.6,Mad Maggie,11,9,3450,12
5-7-2021,3.34,Wraith,6,1,984,16
6-6-2019,14.46,Bangalore,3,6,1378,7
18-2-2020,17.58,Wraith,5,4,611,16
14-7-2019,17.2,Gibraltar,3,5,1386,10
3-2-2021,9.31,Pathfinder,1,3,353,10
1-9-2020,20.01,Wraith,10,10,1655,6
7-9-2022,11.14,Pathfinder,3,1,241,10
12-4-2022,6.5,Bloodhound,3,0,571,18
10-3-2020,9.29,Lifeline,2,14,2391,9
20-5-2019,20.71,Pathfinder,9,3,2441,7
6-7-2020,27.01,Mad Maggie,3,7,515,6
12-2-2022,19.86,Valkyrie,11,3,1824,9
8-3-2019,16.97,Gibraltar,17,2,4297,1
9-11-2019,6.96,Bloodhound,10,1,2180,12
21-8-2021,25.1,Gibraltar,15,10,3162,18
14-8-2020,17.05,Lifeline,12,3,1426,17
13-6-2020,7.7,Bloodhound,1,13,881,17
8-7-2022,15.71,Mad Maggie,3,12,1725,11
17-5-2020,22.79,Pathfinder,6,10,2307,14
16-7-2021,7.68,Bangalore,4,13,2538,7
13-10-2020,8.29,Gibraltar,8,8,1211,13
26-4-2020,18.7,Lifeline,4,6,613,19
22-10-2021,9.41,Lifeline,2,1,421,11
14-12-2020,6.65,Bloodhound,0,9,1335,8
31-10-2020,7.08,Valkyrie,0,9,1362,8
7-4-2020,15.99,Bloodhound,2,10,2306,6
21-11-2022,2.41,Wattson,4,10,1395,5
15-1-2021,15.82,Bloodhound,9,9,2166,13
17-3-2020,3.36,Gibraltar,9,5,1117,14
14-6-2022,19.62,Pathfinder,3,13,2260,4
12-9-2022,16.68,Valkyrie,4,1,552,12
27-4-2021,19.0,Gibraltar,16,8,3595,7
27-1-2022,1.35,Gibraltar,0,1,56,16
22-9-2020,21.07,Lifeline,2,8,542,3
9-7-2021,6.75,Bloodhound,1,1,227,11
25-12-2019,7.02,Wattson,1,11,1477,8
6-8-2021,20.31,Valkyrie,7,2,887,17
1-11-2019,24.58,Wraith,6,9,2380,15
25-2-2019,21.24,Wattson,3,2,673,2
26-1-2021,24.22,Wraith,7,4,1031,1
7-11-2020,28.89,Lifeline,2,18,1067,8
10-9-2019,5.85,Wraith,4,3,866,9
15-9-2021,13.05,Wattson,7,3,660,5
16-1-2022,15.15,Lifeline,4,3,447,5
21-2-2021,11.32,Gibraltar,8,11,1489,14
7-11-2020,14.5,Valkyrie,6,11,1517,1
1-1-2020,21.63,Mad Maggie,11,4,1496,6
23-4-2020,6.32,Wattson,6,10,3166,6
5-5-2022,21.22,Wattson,3,2,314,16
15-8-2020,11.13,Bangalore,1,7,904,1
21-2-2019,1.55,Lifeline,0,0,0,7
4-7-2022,17.07,Bangalore,1,6,664,16
12-6-2022,23.93,Gibraltar,2,6,1399,1
9-10-2019,28.62,Wattson,2,3,462,8
4-9-2020,19.36,Bloodhound,7,4,2063,17
24-9-2020,9.94,Wraith,2,7,844,18
4-4-2020,0.99,Lifeline,14,1,1273,15
5-6-2019,27.79,Bloodhound,3,2,1038,14
26-4-2020,27.85,Pathfinder,2,3,770,10
6-5-2019,22.53,Bloodhound,6,6,820,2
3-7-2022,4.63,Gibraltar,12,1,2158,1
12-5-2020,21.27,Wattson,10,4,1201,19
15-9-2020,24.69,Mad Maggie,6,2,690,11
10-1-2022,24.14,Bloodhound,3,8,919,12
30-12-2020,5.03,Pathfinder,8,2,1533,5
22-4-2020,2.13,Wraith,2,5,605,3
3-7-2022,4.44,Valkyrie,14,9,3093,3
13-8-2021,22.85,Bloodhound,5,14,1685,12
8-10-2021,23.56,Valkyrie,3,2,469,19
23-7-2021,7.62,Pathfinder,3,8,1473,2
16-8-2021,5.79,Gibraltar,3,5,568,9
21-12-2021,4.26,Lifeline,4,1,705,14
20-4-2022,25.96,Gibraltar,2,3,490,10
10-10-2021,21.08,Bangalore,2,2,484,17
15-7-2021,10.75,Mad Maggie,5,8,1156,19
15-5-2019,11.46,Pathfinder,6,3,1531,6
18-4-2021,17.43,Lifeline,8,13,3027,14
28-8-2020,19.45,Wraith,4,11,2205,6
29-10-2019,2.31,Valkyrie,0,3,521,5
26-7-2019,19.78,Lifeline,15,1,2884,5
11-2-2021,19.78,Valkyrie,9,18,1857,18
7-9-2022,22.14,Lifeline,4,11,1925,6
14-11-2022,19.16,Gibraltar,2,3,763,18
13-6-2022,25.99,Bangalore,6,9,1501,11
12-6-2020,3.22,Wattson,11,9,1895,12
15-11-2019,10.48,Bangalore,1,3,654,5
30-11-2021,13.55,Pathfinder,6,5,741,14
6-2-2021,14.33,Bangalore,1,14,1692,4
6-5-2022,0.65,Valkyrie,10,5,2632,10
3-1-2020,22.25,Wraith,3,4,780,13
30-5-2021,9.46,Mad Maggie,6,8,2197,6
9-4-2021,10.8,Pathfinder,6,10,2576,14
10-2-2021,25.16,Wattson,10,3,1997,12
30-7-2019,15.11,Lifeline,11,16,5513,9
15-5-2020,19.32,Gibraltar,2,2,811,8
22-3-2019,14.91,Valkyrie,1,5,1157,1
26-2-2019,22.65,Lifeline,3,13,2254,5
26-8-2021,4.26,Lifeline,10,7,3558,7
16-10-2022,5.78,Wraith,9,2,912,20
1-7-2022,10.6,Pathfinder,9,3,1282,10
18-11-2019,8.52,Mad Maggie,16,16,3249,10
13-6-2019,29.69,Mad Maggie,3,3,550,11
8-9-2019,11.14,Wraith,1,2,237,16
1-8-2019,24.79,Lifeline,3,10,2168,16
29-3-2021,19.49,Lifeline,3,2,612,11
14-3-2022,6.32,Gibraltar,0,6,815,2
16-12-2020,13.18,Bangalore,2,3,748,4
30-6-2022,14.8,Wattson,7,4,1774,15
29-10-2021,4.86,Wraith,3,2,486,1
30-7-2020,10.24,Valkyrie,11,7,2150,14
15-7-2021,19.08,Lifeline,2,1,444,5
13-6-2021,11.04,Wraith,15,2,3139,20
19-11-2020,12.77,Pathfinder,2,7,461,15
14-3-2021,19.31,Lifeline,1,1,287,5
14-3-2021,2.47,Pathfinder,0,4,505,9
3-5-2019,15.52,Wattson,1,12,817,12
27-7-2022,20.23,Mad Maggie,5,4,1867,8
18-8-2020,16.43,Pathfinder,3,2,754,3
17-6-2020,25.72,Pathfinder,4,2,1209,7
17-7-2021,6.99,Bloodhound,2,7,668,9
21-6-2021,27.69,Pathfinder,2,4,835,14
8-4-2019,18.36,Wattson,1,13,2413,19
11-5-2021,22.33,Pathfinder,11,4,3136,11
18-11-2019,20.05,Bangalore,3,2,640,12
21-6-2019,28.43,Bangalore,4,2,1264,19
7-10-2021,18.7,Bangalore,4,10,2676,12
19-2-2021,18.06,Valkyrie,14,2,2606,6
22-4-2021,17.23,Gibraltar,7,5,807,8
31-7-2021,3.11,Wraith,8,0,1298,10
13-9-2019,25.54,Wattson,5,7,2192,12
3-10-2022,15.07,Lifeline,3,9,1813,14
29-4-2022,16.61,Gibraltar,6,5,1826,8
3-7-2019,26.25,Bloodhound,7,8,2012,12
22-8-2019,6.15,Mad Maggie,6,6,2127,7
23-1-2022,3.39,Bloodhound,0,0,0,17
15-7-2019,18.72,Valkyrie,6,6,1414,1
20-4-2022,12.6,Wraith,5,15,1866,13
23-9-2022,19.51,Bloodhound,2,1,588,7
10-6-2019,22.3,Wraith,3,8,1876,11
20-11-2020,29.22,Gibraltar,7,7,2323,18
19-11-2020,2.43,Bloodhound,2,0,386,20
15-10-2022,10.16,Bangalore,7,9,3396,1
4-9-2020,12.36,Pathfinder,2,16,3271,19
11-9-2020,3.22,Bloodhound,9,9,1758,7
7-5-2020,4.64,Mad Maggie,2,3,466,3
25-2-2022,7.08,Lifeline,0,8,1381,18
14-8-2020,26.57,Pathfinder,9,3,2556,12
16-3-2019,27.26,Valkyrie,2,6,1372,5
15-7-2020,10.01,Mad Maggie,13,17,2036,3
20-3-2020,11.34,Gibraltar,1,7,1489,19
4-6-2020,14.65,Pathfinder,5,5,1971,18
22-10-2019,28.67,Valkyrie,7,5,2156,2
22-12-2021,16.13,Pathfinder,3,1,304,15
16-3-2019,10.41,Gibraltar,1,9,538,20
8-7-2020,18.82,Gibraltar,11,9,3675,9
21-2-2022,9.27,Wraith,0,13,1561,3
21-5-2019,8.93,Valkyrie,13,2,1543,14
4-1-2020,29.95,Bloodhound,6,10,2776,4
24-3-2020,3.06,Mad Maggie,17,1,3891,20
9-11-2020,29.02,Valkyrie,2,7,1409,3
28-9-2019,8.36,Wraith,2,10,1672,6
22-12-2020,25.04,Wattson,2,3,938,14
21-4-2021,24.99,Gibraltar,12,8,2157,10
30-8-2022,23.95,Bloodhound,2,5,350,20
27-9-2020,14.71,Wattson,3,14,1998,9
19-11-2019,10.53,Pathfinder,1,19,1075,14
20-6-2019,13.95,Valkyrie,2,3,815,20
24-1-2022,4.01,Bangalore,0,2,302,12
22-4-2022,13.71,Pathfinder,2,2,842,11
20-9-2019,12.74,Bloodhound,2,8,1941,14
6-1-2022,29.52,Valkyrie,13,14,1713,3
23-2-2022,13.12,Pathfinder,5,3,452,10
8-4-2019,0.99,Gibraltar,11,3,1795,1
27-1-2022,4.59,Bangalore,10,7,2726,7
23-4-2022,9.8,Lifeline,0,7,859,10
2-9-2022,8.14,Mad Maggie,0,7,835,2
5-5-2021,6.46,Gibraltar,0,9,796,10
19-8-2019,24.15,Mad Maggie,18,13,3214,12
9-9-2022,7.26,Valkyrie,0,12,1580,9
11-12-2021,20.96,Mad Maggie,6,8,2494,3
27-11-2021,5.99,Lifeline,2,1,341,2
25-6-2019,15.56,Wraith,1,19,3665,17
6-6-2019,19.19,Wraith,4,4,1265,9
9-11-2022,5.94,Valkyrie,3,1,499,11
15-11-2020,9.62,Pathfinder,0,1,82,16
13-7-2022,3.5,Wattson,1,2,605,15
20-4-2021,0.95,Bangalore,2,9,1743,7
15-3-2021,8.94,Wraith,19,6,3022,8
23-10-2021,7.42,Bloodhound,4,1,297,2
8-9-2021,11.23,Bloodhound,4,2,402,7
23-11-2021,8.6,Gibraltar,10,11,2354,15
1-5-2019,20.82,Bloodhound,6,12,2807,20
8-12-2021,4.52,Wattson,11,2,2773,7
4-8-2021,21.47,Lifeline,2,14,1229,2
28-9-2020,25.94,Bloodhound,10,7,968,3
18-12-2020,16.89,Mad Maggie,3,5,887,20
19-11-2022,21.36,Bangalore,11,15,4010,5
11-10-2019,13.58,Bloodhound,5,3,1054,13
5-9-2021,2.29,Valkyrie,0,5,687,6
28-12-2019,11.76,Valkyrie,12,10,2949,14
6-8-2022,25.29,Valkyrie,5,6,1321,6
7-11-2019,14.97,Gibraltar,3,3,931,4
12-7-2020,15.44,Lifeline,2,4,718,4
25-10-2019,2.24,Gibraltar,2,0,455,2
17-11-2021,1.16,Wattson,1,3,442,3
17-1-2021,19.17,Bloodhound,6,5,584,9
27-2-2021,6.81,Valkyrie,0,12,1903,3
5-9-2022,18.37,Mad Maggie,1,4,811,8
29-12-2020,28.87,Bangalore,7,6,1783,13
19-4-2020,16.25,Lifeline,15,3,3227,10
23-11-2021,17.34,Wraith,7,13,1770,7
5-8-2019,2.14,Bloodhound,1,1,176,2
29-1-2021,15.21,Bangalore,3,1,706,2
28-12-2022,2.99,Valkyrie,0,0,0,9
2-2-2021,18.26,Pathfinder,8,18,3242,1
11-12-2020,11.42,Lifeline,6,4,955,5
9-5-2021,14.92,Valkyrie,13,1,2290,20
2-6-2020,11.17,Pathfinder,2,1,377,13
26-7-2019,29.27,Bangalore,2,3,675,7
11-11-2022,10.1,Pathfinder,3,16,2849,8
24-7-2022,28.9,Mad Maggie,4,3,1223,4
5-4-2019,3.7,Mad Maggie,0,1,169,3
11-1-2020,28.48,Wattson,5,6,674,11
4-12-2021,7.77,Wraith,1,0,214,6
14-10-2021,19.75,Bangalore,4,3,1308,6
1-1-2022,8.31,Pathfinder,5,3,483,13
11-2-2019,6.88,Gibraltar,0,1,74,6
15-11-2020,29.23,Valkyrie,5,10,2871,2
31-7-2019,11.15,Wattson,2,10,1480,15
18-9-2022,24.53,Valkyrie,6,3,1579,9
17-3-2022,7.96,Gibraltar,0,1,182,5
25-12-2020,1.72,Mad Maggie,1,16,1520,6
25-3-2022,24.05,Valkyrie,4,14,2564,10
3-3-2021,3.95,Bangalore,2,4,326,4
14-12-2022,7.97,Valkyrie,9,6,1201,4
13-6-2019,27.83,Mad Maggie,4,8,2070,5
21-2-2021,0.43,Pathfinder,6,13,3527,11
24-11-2020,11.78,Bangalore,10,11,2651,2
2-10-2021,19.64,Wraith,4,2,637,8
4-1-2020,22.07,Gibraltar,4,17,3294,4
21-7-2022,5.93,Lifeline,12,15,2405,3
14-8-2022,20.6,Lifeline,6,6,2285,18
19-6-2022,15.88,Wattson,2,2,516,5
23-8-2019,29.25,Mad Maggie,10,9,1676,3
24-10-2019,13.81,Bloodhound,8,5,1015,14
26-1-2022,15.68,Wattson,8,12,3566,1
24-2-2019,16.36,Valkyrie,1,2,365,19
8-1-2022,17.37,Lifeline,19,19,6188,2
26-3-2019,4.2,Valkyrie,9,5,1966,13
18-4-2022,7.44,Valkyrie,3,7,1118,7
9-3-2022,0.9,Lifeline,1,6,1223,1
29-12-2020,24.89,Bangalore,2,3,962,19
6-6-2019,26.5,Bangalore,7,13,2119,2
8-7-2021,24.05,Bangalore,2,12,1880,11
16-9-2021,8.23,Wattson,6,2,676,11
9-7-2019,4.28,Bangalore,4,4,951,6
30-10-2021,1.42,Valkyrie,8,5,2729,12
17-6-2019,12.06,Valkyrie,4,1,756,1
12-4-2020,12.31,Mad Maggie,6,9,2761,4
14-12-2022,1.49,Wattson,1,4,689,8
5-1-2022,12.54,Bloodhound,1,4,919,6
15-9-2019,15.47,Bangalore,13,3,3182,5
5-5-2021,1.58,Pathfinder,6,3,606,4
27-4-2022,9.18,Wraith,4,3,910,6
9-5-2020,26.07,Bangalore,15,11,1485,12
16-8-2019,25.45,Pathfinder,3,4,1253,4
24-10-2020,5.31,Lifeline,2,2,252,6
10-6-2021,13.78,Bangalore,3,8,2036,2
17-9-2020,0.72,Bangalore,2,12,1552,11
12-11-2021,14.97,Pathfinder,3,4,1044,17
15-2-2021,16.75,Lifeline,2,1,407,6
16-6-2019,26.81,Wraith,14,9,3920,4
24-2-2020,21.09,Bangalore,4,2,758,15
9-3-2019,19.5,Pathfinder,2,2,733,4
16-4-2022,2.59,Bloodhound,14,6,2837,8
12-12-2020,13.92,Bangalore,3,4,510,1
1-12-2022,27.18,Valkyrie,2,9,2158,1
10-5-2019,26.15,Bangalore,8,8,2743,2
3-9-2020,3.32,Wattson,6,7,2717,1
22-5-2021,15.79,Bangalore,7,18,2924,9
31-8-2019,22.99,Mad Maggie,6,8,941,11
18-8-2020,20.21,Bloodhound,13,10,1481,12
4-5-2022,19.96,Mad Maggie,3,1,577,1
24-6-2022,4.99,Wraith,5,4,1100,16
1-1-2021,24.52,Valkyrie,4,6,935,6
11-4-2021,29.12,Pathfinder,8,2,1029,8
1-6-2022,16.13,Bangalore,2,5,385,9
7-1-2022,7.56,Gibraltar,1,2,261,16
13-2-2021,9.84,Pathfinder,8,1,1158,10
7-12-2020,5.84,Bloodhound,3,10,2457,10
20-2-2020,29.12,Mad Maggie,18,5,1400,17
3-1-2020,7.04,Gibraltar,6,9,2182,8
13-9-2019,13.44,Wraith,4,9,1829,1
16-10-2021,5.3,Bloodhound,9,14,1416,16
12-3-2020,23.03,Lifeline,5,15,1244,6
29-11-2019,28.45,Bloodhound,4,10,2419,15
15-11-2020,22.97,Lifeline,7,17,3626,18
23-4-2021,4.36,Lifeline,8,2,1360,19
15-10-2020,7.41,Valkyrie,2,0,133,3
13-4-2021,9.76,Bangalore,7,0,1503,15
10-7-2020,15.38,Mad Maggie,6,2,1072,18
15-12-2020,10.31,Wraith,1,8,1282,3
3-11-2019,27.94,Pathfinder,4,7,1047,14
8-12-2019,25.41,Bloodhound,7,19,4877,17
6-4-2020,19.69,Wattson,9,11,4126,7
3-5-2019,7.06,Gibraltar,0,7,582,5
16-10-2019,9.23,Gibraltar,1,0,172,2
21-1-2022,25.95,Wraith,10,5,954,6
21-1-2021,9.31,Bangalore,17,2,2341,12
31-7-2020,21.15,Pathfinder,11,6,3541,8
24-3-2019,26.84,Mad Maggie,21,6,3311,6
17-9-2019,6.32,Lifeline,8,0,1621,15
4-11-2021,10.61,Pathfinder,3,3,986,10
4-3-2020,17.14,Valkyrie,3,8,2074,16
28-9-2019,24.75,Lifeline,6,2,875,19
3-8-2022,0.52,Gibraltar,7,2,1926,11
21-4-2021,9.92,Valkyrie,17,0,3839,11
12-3-2022,21.52,Gibraltar,15,10,3731,6
17-1-2022,1.56,Bloodhound,10,5,1584,14
30-7-2021,19.07,Pathfinder,8,13,2391,7
20-12-2020,15.01,Pathfinder,9,16,2525,5
17-7-2019,17.18,Bangalore,5,1,612,7
29-3-2021,13.6,Valkyrie,8,1,1106,1
26-3-2022,20.53,Wraith,13,3,2605,11
14-1-2020,6.02,Valkyrie,12,17,1556,9
27-4-2021,26.28,Bloodhound,16,8,4264,3
20-10-2021,23.54,Wraith,6,2,1425,9
30-10-2022,13.27,Mad Maggie,8,11,3221,5
4-10-2021,22.84,Lifeline,2,4,597,15
4-9-2019,24.8,Mad Maggie,5,11,1776,19
9-5-2019,28.23,Pathfinder,3,8,2074,2
4-12-2022,16.74,Gibraltar,1,7,944,14
13-1-2020,21.61,Pathfinder,4,3,734,16
12-12-2019,4.99,Mad Maggie,14,5,3212,14
13-2-2021,13.41,Pathfinder,1,2,524,10
28-10-2022,14.7,Valkyrie,1,8,1165,7
6-7-2020,29.19,Wraith,4,9,1132,5
16-5-2021,23.39,Mad Maggie,6,7,2753,15
23-9-2020,1.16,Bangalore,0,6,876,20
9-5-2020,13.91,Lifeline,2,11,1005,10
23-1-2021,18.52,Valkyrie,1,14,1883,1
1-4-2020,6.29,Bloodhound,14,0,1948,3
18-7-2019,16.14,Mad Maggie,1,7,537,9
8-10-2019,2.9,Mad Maggie,1,1,365,20
14-2-2020,15.78,Mad Maggie,1,14,1316,13
18-4-2022,10.0,Pathfinder,1,18,2096,1
27-9-2019,17.5,Pathfinder,8,2,1532,14
17-9-2021,10.84,Bloodhound,10,1,2463,18
7-7-2022,25.05,Wattson,6,3,546,18
2-2-2021,17.81,Wraith,2,1,415,5
29-6-2022,26.5,Wattson,4,7,2130,3
17-1-2020,0.87,Bloodhound,10,1,2200,10
16-12-2020,28.55,Valkyrie,3,7,2020,1
14-1-2021,1.99,Valkyrie,2,0,255,9
26-5-2021,5.1,Pathfinder,8,1,1005,18
22-9-2019,7.87,Bangalore,2,5,1005,15
3-3-2021,26.84,Gibraltar,3,2,966,16
21-5-2022,0.39,Valkyrie,3,0,330,13
29-8-2021,28.69,Wraith,2,5,1306,9
23-3-2022,27.99,Wattson,11,2,1699,16
23-3-2022,9.67,Wraith,4,7,887,18
19-12-2020,15.7,Bangalore,11,1,1759,14
26-4-2021,2.38,Valkyrie,8,14,4289,14
14-5-2019,9.34,Lifeline,13,0,1075,18
18-11-2021,1.85,Bangalore,9,0,1599,17
10-5-2019,0.87,Lifeline,1,17,1380,16
17-6-2019,7.04,Valkyrie,2,0,153,17
1-11-2020,3.24,Pathfinder,1,0,178,6
1-2-2020,13.07,Lifeline,11,1,1210,7
27-3-2019,1.48,Wraith,0,15,2304,7
12-10-2019,10.6,Pathfinder,2,5,1234,11
6-10-2022,7.45,Bangalore,9,0,1259,11
17-4-2022,10.19,Gibraltar,15,2,1633,9
30-6-2022,12.57,Pathfinder,1,7,1535,1
6-9-2020,23.28,Valkyrie,9,11,2237,20
10-7-2020,27.09,Bloodhound,5,5,1816,16
20-8-2022,26.95,Bloodhound,13,6,2874,3
3-6-2020,28.46,Wattson,11,4,2732,2
17-12-2022,26.39,Wattson,11,3,3026,4
26-2-2019,26.06,Bangalore,4,4,1222,16
24-1-2021,20.9,Bloodhound,11,7,1223,16
8-9-2021,25.43,Bangalore,3,7,1783,5
22-6-2022,20.7,Bloodhound,11,10,3794,1
13-1-2020,0.85,Mad Maggie,17,8,1463,2
3-8-2021,8.52,Valkyrie,18,0,2796,19
15-5-2022,13.6,Pathfinder,11,6,2133,8
9-9-2022,18.1,Mad Maggie,7,8,1548,19
3-1-2022,1.55,Wattson,2,3,732,14
10-10-2020,13.9,Gibraltar,15,1,3373,15
8-6-2020,2.65,Wattson,5,5,1567,11
27-2-2019,0.37,Lifeline,0,8,1115,3
28-4-2020,28.65,Wattson,15,5,2406,2
17-10-2022,3.64,Mad Maggie,1,9,1488,9
8-5-2020,10.08,Wraith,2,3,268,5
7-7-2019,7.14,Lifeline,5,0,1056,19
28-12-2021,15.42,Gibraltar,12,5,2911,1
12-9-2019,2.41,Pathfinder,8,8,2417,5
17-2-2022,7.93,Lifeline,0,0,0,6
27-6-2020,1.2,Wraith,3,4,690,1
27-8-2019,22.42,Pathfinder,15,4,4145,17
19-12-2022,28.51,Lifeline,9,2,2028,10
19-8-2019,26.61,Bloodhound,5,20,3570,4
20-11-2019,26.77,Mad Maggie,14,14,4128,2
26-5-2022,11.21,Mad Maggie,8,2,1133,9
19-11-2019,8.6,Bloodhound,1,10,2061,20
22-8-2020,29.6,Wattson,4,7,2150,6
30-7-2019,3.16,Wattson,9,0,1794,10
25-12-2019,1.91,Pathfinder,1,2,445,9
9-9-2019,22.43,Bangalore,8,9,3523,3
26-4-2020,1.89,Bangalore,3,6,1643,11
26-3-2020,1.17,Bloodhound,0,5,350,18
21-11-2019,10.67,Valkyrie,4,5,724,6
5-7-2020,25.55,Mad Maggie,8,5,803,2
22-7-2021,25.72,Lifeline,19,2,2249,16
28-6-2021,29.35,Lifeline,14,4,1067,5
17-12-2022,11.61,Lifeline,1,2,289,18
4-6-2020,8.46,Pathfinder,6,0,526,19
29-1-2022,25.45,Pathfinder,12,20,5868,8
10-9-2022,18.32,Gibraltar,1,6,690,11
6-11-2019,26.76,Lifeline,3,3,913,6
13-1-2020,0.03,Gibraltar,11,9,2978,2
16-2-2020,28.56,Wattson,2,3,758,16
23-5-2019,28.94,Mad Maggie,2,11,1229,9
9-2-2020,8.66,Wattson,6,0,744,4
5-5-2020,16.03,Gibraltar,10,14,4528,7
2-4-2022,12.79,Bangalore,5,5,734,5
13-9-2022,22.85,Bloodhound,4,4,713,14
17-7-2019,8.36,Wattson,1,0,138,1
28-1-2022,24.9,Mad Maggie,3,5,1389,8
15-6-2019,4.7,Mad Maggie,5,2,451,18
11-9-2022,3.84,Wattson,0,0,0,8
26-5-2022,3.86,Wraith,1,4,560,16
7-9-2022,15.99,Mad Maggie,10,7,1601,12
17-12-2021,24.38,Lifeline,2,11,1932,2
19-12-2020,12.82,Gibraltar,10,8,3363,15
22-5-2019,7.5,Lifeline,0,7,1122,5
1-9-2021,8.08,Bangalore,9,0,1336,7
9-5-2019,12.58,Gibraltar,14,6,2228,10
27-8-2020,28.32,Wattson,2,2,367,1
21-2-2019,4.46,Wraith,6,4,1363,2
10-12-2019,20.81,Bloodhound,6,5,2319,19
17-3-2019,3.04,Bangalore,7,1,1228,6
27-10-2019,16.11,Wraith,8,6,1514,20
5-5-2019,21.7,Pathfinder,7,12,3708,5
15-3-2022,20.39,Lifeline,3,2,1062,5
27-11-2019,8.02,Mad Maggie,3,1,766,17
5-2-2020,18.07,Wattson,12,2,1284,8
29-12-2021,8.37,Wattson,0,7,484,19
14-9-2021,6.2,Lifeline,3,4,448,4
9-6-2021,6.32,Wattson,8,6,1367,6
27-5-2020,19.43,Lifeline,1,1,241,13
9-9-2021,27.89,Bloodhound,3,7,1731,19
26-11-2019,15.54,Lifeline,3,8,1581,3
4-5-2019,11.71,Bangalore,2,13,2075,12
15-4-2021,28.69,Mad Maggie,17,9,3451,8
23-9-2022,6.79,Lifeline,9,14,3791,7
15-6-2019,6.99,Bloodhound,17,7,1801,7
13-10-2021,9.26,Wattson,0,10,575,18
15-12-2022,10.89,Wraith,7,10,991,17
26-3-2019,9.49,Wraith,11,6,3557,18
11-9-2022,21.95,Valkyrie,5,12,1259,4
7-8-2019,21.07,Wraith,7,17,1668,1
7-5-2021,3.75,Gibraltar,8,12,1966,4
5-6-2022,11.83,Lifeline,1,7,1415,3
22-5-2021,19.77,Valkyrie,7,17,1729,2
18-5-2019,4.25,Valkyrie,0,6,1028,15
15-11-2019,7.05,Bloodhound,2,2,748,7
22-12-2019,24.72,Gibraltar,7,3,2207,9
20-4-2019,25.41,Lifeline,2,10,2142,1
28-5-2019,24.28,Wraith,13,17,6290,10
27-10-2019,26.86,Wraith,2,2,837,7
2-4-2021,29.82,Wraith,15,18,3379,1
13-5-2022,0.12,Bloodhound,14,1,1490,14
8-9-2022,29.45,Wraith,2,4,646,9
19-11-2021,25.94,Bangalore,13,12,4469,8
3-10-2019,28.25,Wattson,2,6,921,17
14-4-2020,6.96,Wattson,4,10,2378,20
27-9-2020,26.57,Gibraltar,16,9,1555,19
23-12-2021,12.95,Bloodhound,1,15,1126,6
28-6-2022,11.13,Lifeline,6,3,830,20
14-3-2020,0.34,Pathfinder,4,3,1322,12
21-9-2022,12.83,Wattson,5,1,1334,13
22-1-2022,17.98,Valkyrie,3,2,386,12
6-10-2022,25.0,Bloodhound,6,8,2163,20
25-9-2019,27.53,Bloodhound,6,3,760,15
9-10-2021,6.37,Wattson,10,4,1969,9
24-7-2022,8.97,Wraith,0,11,875,2
9-8-2020,3.53,Pathfinder,9,3,2158,16
24-12-2020,14.19,Bangalore,1,4,466,20
10-2-2022,20.86,Bloodhound,6,2,822,4
15-11-2020,7.12,Mad Maggie,1,1,280,17
29-12-2019,25.64,Wraith,16,2,3603,13
16-3-2019,22.8,Wattson,7,14,1607,6
21-12-2021,21.51,Mad Maggie,2,13,2921,1
28-5-2021,26.6,Gibraltar,6,10,898,11
2-6-2019,18.73,Pathfinder,2,8,1828,13
18-7-2022,6.76,Lifeline,5,0,947,5
17-4-2022,21.95,Bloodhound,4,5,1105,4
5-3-2019,0.95,Pathfinder,2,7,1189,14
6-9-2022,6.51,Lifeline,2,1,353,17
6-4-2019,29.56,Bloodhound,8,8,1592,14
4-12-2020,17.14,Valkyrie,1,5,893,17
27-6-2019,7.26,Mad Maggie,0,0,0,6
13-4-2019,7.08,Bloodhound,1,7,1006,6
4-7-2021,11.53,Wattson,3,1,695,14
23-8-2021,22.62,Valkyrie,4,6,788,1
16-7-2022,18.61,Valkyrie,8,2,1430,19
16-3-2021,25.16,Lifeline,10,8,3000,16
15-4-2019,16.13,Bloodhound,5,5,1777,12
24-2-2021,16.33,Mad Maggie,3,8,1234,11
10-8-2021,0.34,Lifeline,6,3,948,7
25-10-2020,21.47,Pathfinder,5,7,702,18
14-10-2022,21.72,Lifeline,3,3,1152,1
18-1-2021,0.82,Lifeline,10,0,2428,19
8-8-2022,8.56,Bloodhound,0,2,224,10
19-10-2019,1.91,Pathfinder,2,4,831,9
11-3-2021,18.78,Gibraltar,6,1,691,17
28-11-2019,20.95,Wraith,7,7,2156,8
1-10-2019,9.89,Wraith,2,6,731,11
16-7-2019,27.62,Wraith,2,7,1084,12
26-6-2021,17.84,Mad Maggie,4,2,1112,19
27-11-2020,1.93,Pathfinder,4,14,2446,19
20-6-2021,14.64,Valkyrie,1,15,3117,16
18-2-2021,6.68,Lifeline,8,9,2656,2
21-3-2019,24.25,Bloodhound,2,17,3347,5
24-3-2019,5.24,Wattson,0,2,360,12
17-11-2021,17.87,Gibraltar,3,3,558,17
31-5-2022,2.07,Wattson,3,7,1784,3
7-6-2021,13.68,Lifeline,3,18,3540,8
14-8-2020,3.07,Gibraltar,1,9,1899,12
25-1-2022,11.65,Pathfinder,2,6,1083,14
10-6-2022,5.91,Mad Maggie,3,12,1975,6
11-3-2019,21.89,Bloodhound,9,13,4554,8
11-5-2019,24.19,Wattson,7,4,1423,17
28-6-2019,15.56,Gibraltar,2,17,2463,4
19-6-2019,26.96,Bangalore,8,16,1985,13
17-7-2019,5.58,Lifeline,0,1,70,3
2-9-2020,2.56,Lifeline,12,1,1401,12
2-12-2022,17.13,Lifeline,17,3,4542,8
20-11-2020,18.51,Gibraltar,3,5,1462,12
3-9-2021,11.83,Wattson,1,10,1426,20
23-5-2019,22.82,Bangalore,2,9,1599,2
22-5-2019,26.97,Wraith,7,2,1988,4
29-5-2021,26.96,Bangalore,2,15,2854,15
2-12-2022,0.4,Wraith,6,4,1147,8
20-10-2022,3.09,Bloodhound,2,15,2768,7
6-2-2022,26.17,Mad Maggie,17,2,2037,9
29-11-2020,17.71,Bangalore,8,3,1741,9
24-9-2021,9.22,Bloodhound,12,0,839,12
22-1-2020,28.97,Pathfinder,2,4,392,3
10-4-2021,28.06,Valkyrie,4,14,2372,16
25-12-2021,4.32,Gibraltar,2,14,2302,5
26-10-2020,28.2,Bloodhound,3,3,807,1
23-6-2022,10.16,Bloodhound,1,1,171,13
18-3-2021,18.95,Wraith,9,11,3594,12
29-9-2021,12.24,Valkyrie,10,2,1166,13
11-4-2021,14.21,Gibraltar,4,5,782,1
23-4-2020,14.83,Lifeline,8,13,3053,9
21-9-2021,2.53,Wraith,3,5,1305,7
20-3-2021,21.48,Pathfinder,3,2,333,8
27-10-2019,26.39,Mad Maggie,8,14,2199,14
22-9-2019,12.82,Bloodhound,1,17,2412,8
10-12-2019,13.36,Wattson,1,5,920,19
28-6-2022,10.45,Wraith,2,3,978,18
16-7-2022,0.98,Pathfinder,10,1,1854,2
22-11-2021,8.07,Pathfinder,2,10,905,7
1-4-2021,7.66,Lifeline,4,15,2270,15
6-10-2021,11.66,Lifeline,2,8,1632,8
8-3-2021,13.71,Wraith,4,1,530,17
19-9-2020,16.95,Pathfinder,1,4,482,5
25-2-2021,15.26,Bangalore,2,1,592,6
4-3-2019,10.99,Wattson,2,9,2144,12
13-3-2019,11.72,Valkyrie,6,5,1919,18
10-10-2020,21.12,Pathfinder,3,3,1156,11
21-10-2019,27.89,Valkyrie,16,10,4539,8
17-5-2021,7.81,Wraith,4,2,502,13
19-7-2020,14.71,Pathfinder,2,18,2042,17
11-3-2020,18.13,Wraith,4,7,1539,8
13-7-2019,9.57,Bloodhound,1,0,138,19
24-2-2022,16.89,Bangalore,1,4,327,19
24-11-2021,13.73,Mad Maggie,1,1,236,19
27-3-2021,22.93,Pathfinder,2,10,2170,17
30-3-2021,29.36,Bloodhound,2,7,613,4
22-9-2022,20.73,Bloodhound,6,9,1332,12
6-5-2020,29.99,Mad Maggie,2,8,1227,7
18-8-2019,23.88,Valkyrie,10,12,1937,18
17-2-2021,7.01,Gibraltar,9,7,1879,4
19-9-2021,15.39,Pathfinder,1,9,680,7
15-9-2019,23.11,Wattson,10,5,2891,9
25-10-2020,2.68,Bangalore,4,5,678,5
6-2-2021,19.19,Bangalore,10,13,3730,19
20-11-2019,14.08,Pathfinder,17,2,3976,19
12-9-2022,19.84,Lifeline,4,7,999,1
4-6-2020,6.66,Valkyrie,16,13,1776,1
7-2-2020,17.86,Lifeline,3,3,620,9
15-2-2020,0.65,Wraith,2,2,595,7
12-6-2022,20.03,Wraith,3,4,726,16
13-10-2019,20.97,Mad Maggie,14,7,3215,5
16-3-2019,25.56,Wattson,5,2,853,16
25-10-2022,15.39,Valkyrie,12,1,1555,16
22-11-2022,25.74,Gibraltar,3,4,1084,10
21-6-2021,11.04,Pathfinder,5,5,597,5
20-8-2022,11.93,Wraith,4,3,716,15
7-1-2020,12.31,Gibraltar,4,13,2432,15
15-11-2021,16.73,Bloodhound,3,5,611,5
4-7-2019,3.0,Mad Maggie,4,0,271,10
6-7-2021,23.81,Lifeline,16,2,1869,20
16-10-2019,4.31,Lifeline,13,9,3957,10
6-11-2022,1.3,Bloodhound,2,3,521,15
28-7-2022,21.02,Wraith,8,2,678,13
23-11-2021,28.87,Bangalore,3,6,1012,17
14-1-2021,16.6,Bangalore,5,5,1723,17
6-9-2019,6.47,Valkyrie,0,1,114,10
8-8-2022,17.9,Bloodhound,20,3,5276,9
22-8-2022,14.48,Lifeline,11,4,2284,8
7-6-2019,22.0,Wattson,6,19,3338,11
27-7-2021,26.11,Wattson,5,4,1573,12
5-7-2020,18.04,Bangalore,2,2,418,18
2-6-2019,19.25,Valkyrie,2,2,321,15
7-12-2021,6.16,Wattson,6,2,1063,12
23-5-2021,7.79,Bloodhound,0,0,0,10
5-7-2019,26.15,Valkyrie,5,7,762,1
9-9-2022,29.32,Pathfinder,4,18,3234,10
1-6-2020,3.68,Gibraltar,1,12,761,16
12-4-2021,20.33,Wattson,4,4,1585,10
7-7-2022,14.96,Wraith,8,7,2237,2
15-2-2021,16.43,Wattson,9,4,2199,18
31-12-2020,26.43,Lifeline,3,11,2629,18
13-3-2022,1.2,Mad Maggie,5,7,1838,6
15-4-2020,20.3,Bangalore,7,5,825,10
5-12-2021,15.73,Pathfinder,1,3,395,15
13-6-2020,27.83,Lifeline,5,4,1528,3
8-3-2022,3.8,Gibraltar,1,2,425,2
11-1-2020,3.84,Lifeline,0,7,1143,3
1-5-2021,3.97,Bangalore,3,1,234,1
18-3-2022,0.44,Gibraltar,0,4,206,20
13-11-2019,14.14,Bloodhound,1,12,959,18
17-5-2019,11.72,Gibraltar,2,12,1541,6
24-5-2021,19.34,Mad Maggie,5,7,749,9
8-8-2019,23.54,Pathfinder,3,2,959,13
4-5-2021,21.92,Wattson,6,4,1482,9
28-6-2020,21.42,Gibraltar,11,2,2122,6
10-4-2021,26.04,Lifeline,2,9,1193,14
24-10-2022,19.11,Bloodhound,1,6,557,4
12-8-2021,16.2,Gibraltar,4,1,551,9
8-3-2019,17.84,Wraith,1,5,325,5
6-2-2021,8.1,Bloodhound,1,4,289,10
21-5-2022,9.39,Lifeline,1,3,636,20
8-9-2021,14.71,Bloodhound,12,6,1020,11
5-12-2022,27.43,Lifeline,7,2,1355,19
14-3-2019,15.7,Mad Maggie,2,2,359,3
15-1-2020,25.42,Mad Maggie,5,11,2214,3
22-4-2021,22.81,Bloodhound,3,5,1428,1
16-8-2020,16.03,Lifeline,3,16,1473,20
20-4-2019,29.26,Lifeline,11,2,2783,14
9-6-2020,14.51,Gibraltar,6,2,568,1
15-7-2019,9.24,Bloodhound,7,6,1956,20
3-11-2019,18.36,Wattson,10,1,1310,15
16-2-2021,21.97,Bangalore,12,19,5437,6
3-10-2022,7.41,Wattson,2,10,589,16
7-5-2022,10.69,Lifeline,3,12,2874,7
12-11-2021,29.52,Gibraltar,14,2,931,3
3-3-2020,15.66,Valkyrie,4,2,642,7
14-7-2021,16.97,Mad Maggie,14,3,1269,14
18-9-2021,18.31,Pathfinder,4,10,2554,17
5-1-2020,20.33,Wraith,6,9,1521,17
14-10-2021,9.37,Mad Maggie,2,2,220,16
16-2-2020,5.31,Mad Maggie,13,1,2831,13
17-3-2021,29.93,Bangalore,2,13,2338,7
11-9-2020,16.19,Lifeline,6,4,2126,6
25-6-2019,13.72,Valkyrie,14,9,1585,17
14-3-2020,1.75,Wattson,0,0,0,20
30-1-2020,5.49,Valkyrie,11,0,2232,4
14-4-2021,16.79,Pathfinder,2,2,275,20
13-11-2020,29.89,Bangalore,2,7,1623,10
10-10-2022,24.92,Gibraltar,4,7,1343,17
22-11-2022,20.33,Gibraltar,7,5,2354,6
14-5-2020,11.82,Wraith,10,1,1814,10
6-3-2019,25.01,Wattson,2,2,855,16
7-6-2019,4.43,Valkyrie,0,11,1175,1
13-9-2021,19.66,Mad Maggie,16,3,4124,9
11-3-2021,1.46,Lifeline,9,1,1071,1
12-12-2021,21.51,Lifeline,6,6,1792,11
6-4-2020,8.21,Bangalore,1,7,1020,3
25-4-2020,25.51,Pathfinder,3,3,784,11
16-4-2019,3.98,Pathfinder,7,1,1115,8
3-5-2021,29.58,Mad Maggie,11,4,1824,12
25-11-2022,18.48,Bloodhound,7,9,1725,9
14-9-2020,2.83,Wraith,3,0,468,15
25-1-2022,12.54,Pathfinder,1,4,642,15
3-10-2019,11.78,Lifeline,1,2,507,11
9-1-2022,14.3,Gibraltar,1,2,414,10
10-3-2019,5.58,Wattson,3,3,362,1
30-10-2021,3.51,Gibraltar,3,1,487,1
2-4-2019,23.47,Pathfinder,3,5,1137,15
25-7-2021,27.64,Bloodhound,2,4,859,13
26-7-2019,19.01,Pathfinder,3,9,1356,3
25-3-2020,28.17,Wattson,4,9,1304,20
7-5-2020,14.07,Pathfinder,2,5,422,6
10-2-2020,26.92,Gibraltar,9,4,2796,17
9-6-2019,3.16,Pathfinder,4,11,877,18
18-5-2019,21.96,Bloodhound,9,12,3022,5
21-12-2022,6.2,Valkyrie,3,2,774,2
30-12-2022,2.16,Valkyrie,5,6,2104,13
11-5-2022,19.19,Mad Maggie,6,1,992,2
13-4-2019,18.59,Pathfinder,1,2,217,15
13-5-2022,9.69,Valkyrie,12,0,2670,8
30-11-2020,2.54,Bangalore,9,16,4955,1
8-7-2020,9.2,Wattson,5,5,1626,12
23-4-2021,3.63,Gibraltar,9,10,3348,17
21-4-2022,24.91,Bangalore,17,3,3158,12
11-2-2020,15.27,Wattson,1,2,340,19
22-7-2020,8.06,Bangalore,8,1,1064,3
3-6-2019,4.16,Wattson,15,15,5676,1
22-3-2020,25.51,Bloodhound,6,2,1070,3
25-10-2022,24.42,Pathfinder,2,3,820,4
23-3-2021,7.74,Mad Maggie,13,2,1566,4
16-3-2022,11.73,Wraith,4,3,793,5
25-1-2022,7.92,Mad Maggie,5,7,2499,11
21-8-2019,19.63,Gibraltar,6,11,2943,15
12-11-2019,23.55,Wraith,6,11,2659,12
8-10-2019,14.92,Lifeline,6,4,872,5
15-12-2020,18.68,Wraith,5,2,1149,4
31-12-2020,14.84,Wattson,4,5,833,6
20-9-2019,5.84,Bloodhound,5,3,1156,12
19-10-2019,19.7,Wattson,5,8,1245,2
4-11-2020,13.58,Gibraltar,2,2,304,3
17-3-2020,0.26,Pathfinder,9,6,1623,10
14-12-2022,18.3,Mad Maggie,2,1,352,15
26-3-2021,25.97,Bangalore,6,2,706,1
18-12-2021,2.9,Mad Maggie,10,6,3163,7
8-9-2019,13.73,Gibraltar,2,3,599,2
23-7-2020,1.12,Mad Maggie,1,4,897,12
23-4-2019,14.75,Bangalore,4,3,744,4
9-2-2021,21.34,Wattson,2,4,1212,12
30-11-2020,16.08,Valkyrie,2,1,649,15
20-9-2019,22.09,Bangalore,8,7,856,4
21-8-2022,28.72,Pathfinder,4,14,2081,17
20-12-2020,16.23,Wattson,3,3,530,10
12-6-2020,14.87,Gibraltar,5,1,838,3
26-9-2020,22.23,Wattson,11,4,3209,19
23-10-2022,19.13,Mad Maggie,3,11,1705,7
20-8-2019,7.01,Bloodhound,13,7,2828,4
13-12-2021,0.19,Wattson,0,1,148,4
29-12-2022,28.86,Gibraltar,2,14,3037,20
24-11-2022,13.76,Gibraltar,7,3,1124,17
29-6-2020,14.25,Gibraltar,6,3,1242,17
28-11-2022,0.82,Wraith,1,3,829,13
1-10-2022,11.14,Wattson,2,1,215,9
25-11-2019,19.28,Lifeline,1,5,746,20
3-12-2021,26.82,Mad Maggie,2,10,1880,16
17-2-2021,12.25,Wraith,6,2,1099,1
22-5-2021,16.37,Pathfinder,8,5,1289,2
10-9-2019,24.32,Valkyrie,6,4,2183,9
22-4-2019,28.64,Mad Maggie,9,2,2095,2
21-10-2022,3.01,Wattson,8,1,1076,20
24-8-2019,21.82,Gibraltar,9,6,3158,16
1-10-2019,2.29,Valkyrie,0,0,0,4
24-3-2022,17.18,Wattson,2,7,1201,2
20-12-2019,23.03,Gibraltar,3,2,742,9
26-2-2021,21.23,Valkyrie,2,2,314,9
19-8-2021,11.83,Wattson,8,10,1990,12
20-5-2022,29.83,Bloodhound,5,5,602,18
16-7-2021,20.22,Wraith,5,4,1871,20
26-10-2019,26.61,Wraith,3,13,1656,17
15-1-2022,17.24,Gibraltar,2,1,642,13
21-11-2022,6.26,Gibraltar,10,0,1059,15
7-3-2019,15.6,Mad Maggie,9,3,799,17
1-9-2020,4.33,Bangalore,15,9,3710,13
9-10-2020,14.29,Gibraltar,1,3,522,11
18-6-2020,21.57,Valkyrie,15,13,3374,11
27-4-2020,7.2,Gibraltar,4,1,824,17
23-10-2019,15.48,Wraith,4,1,753,7
7-7-2020,24.62,Bangalore,2,3,548,6
4-2-2022,17.73,Mad Maggie,12,3,1306,15
13-6-2019,21.17,Mad Maggie,8,8,1830,20
22-5-2022,21.12,Bangalore,4,9,2073,15
17-8-2021,24.6,Pathfinder,4,4,594,13
23-12-2021,6.67,Mad Maggie,11,11,3812,17
20-11-2019,26.32,Bloodhound,2,8,1368,18
3-7-2022,8.11,Mad Maggie,4,0,585,12
21-12-2019,5.65,Pathfinder,5,0,932,14
22-11-2021,24.88,Pathfinder,3,3,1007,16
8-7-2021,6.03,Lifeline,4,7,1620,3
