15-2-2020,3.7,Pathfinder,1,3,491,10
1-10-2020,6.56,Lifeline,6,1,694,5
13-7-2021,8.7,Lifeline,7,3,1181,20
13-6-2019,1.67,Valkyrie,7,11,2943,12
1-7-2020,24.52,Lifeline,9,5,1392,18
13-5-2021,3.7,Bangalore,6,9,2913,9
22-11-2019,9.08,Valkyrie,9,10,1569,20
22-7-2020,25.23,Gibraltar,1,1,344,13
26-4-2022,28.86,Pathfinder,2,2,497,8
11-9-2019,17.03,Wraith,4,4,1677,8
10-5-2019,22.35,Bangalore,4,5,1154,5
16-5-2021,11.59,Bangalore,5,4,1351,14
3-4-2022,12.56,Pathfinder,7,5,1185,15
1-8-2019,4.03,Lifeline,6,7,1208,13
27-10-2022,5.95,Lifeline,2,0,209,16
21-4-2022,7.66,Lifeline,3,3,894,15
26-4-2019,16.76,Gibraltar,2,8,1233,20
6-9-2020,5.37,Lifeline,4,4,1256,18
12-1-2020,27.26,Bangalore,7,14,3699,10
30-3-2022,9.82,Bangalore,6,5,1633,1
19-7-2022,19.34,Pathfinder,6,8,1156,11
7-7-2019,26.34,Caustic,4,4,1481,3
5-9-2021,22.54,Gibraltar,8,2,1048,11
21-7-2022,18.29,Valkyrie,8,3,1084,12
15-11-2021,5.93,Lifeline,3,8,1027,14
10-1-2020,18.67,Caustic,13,7,4261,17
2-11-2019,29.57,Lifeline,7,8,1448,7
2-8-2021,3.0,Bloodhound,7,8,1541,20
2-2-2021,1.35,Gibraltar,2,0,545,12
16-7-2021,7.32,Caustic,6,1,1288,19
29-1-2022,25.88,Bangalore,6,4,879,8
9-3-2020,9.77,Valkyrie,7,4,2721,13
5-12-2022,16.43,Bangalore,4,8,2421,1
1-12-2019,5.16,Gibraltar,5,9,1437,3
2-7-2021,4.86,Lifeline,7,8,2310,13
6-5-2020,21.26,Caustic,8,1,1480,13
30-1-2021,29.1,Valkyrie,3,7,1673,19
26-12-2022,22.74,Valkyrie,3,3,1235,4
30-12-2020,5.87,Caustic,3,3,1164,10
6-12-2019,12.49,Pathfinder,6,7,1298,1
28-9-2021,8.39,Bloodhound,9,6,3353,18
15-4-2021,27.82,Lifeline,15,9,3553,19
16-9-2022,8.36,Caustic,0,2,249,14
25-2-2021,21.27,Gibraltar,4,1,621,10
27-10-2022,15.85,Gibraltar,2,4,1034,4
13-5-2020,7.81,Pathfinder,9,4,3341,10
25-10-2021,12.58,Gibraltar,9,8,4529,15
7-3-2020,17.03,Caustic,5,5,1355,12
6-4-2021,6.77,Bangalore,8,6,1576,18
21-6-2020,5.92,Bloodhound,6,3,2402,10
19-5-2021,7.94,Caustic,1,1,455,3
4-2-2020,4.08,Bangalore,2,6,1797,13
1-4-2020,22.6,Gibraltar,8,13,3623,13
30-4-2021,10.69,Wraith,6,4,1961,2
9-7-2020,29.34,Bloodhound,7,5,2010,4
6-9-2021,26.79,Gibraltar,8,9,2244,2
30-10-2019,6.27,Gibraltar,3,1,524,9
19-6-2020,0.67,Wraith,1,4,900,14
19-1-2020,4.44,Caustic,3,6,1385,18
9-2-2021,26.6,Valkyrie,3,5,1822,12
25-6-2022,19.22,Pathfinder,8,9,3140,15
27-4-2022,14.46,Bloodhound,7,12,4505,14
26-9-2020,2.23,Wraith,6,6,1353,12
21-11-2022,12.14,Valkyrie,0,0,0,13
15-3-2019,11.6,Wraith,6,8,3198,8
16-3-2019,19.79,Lifeline,3,8,2790,11
29-10-2021,8.3,Pathfinder,11,8,2535,10
9-4-2019,17.75,Bangalore,6,4,2018,13
8-5-2019,15.62,Wraith,7,12,2518,6
28-9-2021,3.74,Bangalore,6,10,2678,3
11-6-2021,25.45,Pathfinder,5,1,1720,11
29-8-2019,7.53,Bloodhound,3,5,1629,14
25-1-2021,10.54,Bangalore,2,4,1367,13
25-3-2019,24.38,Caustic,7,4,3006,15
14-11-2020,18.72,Pathfinder,4,6,2349,10
12-2-2019,8.5,Wraith,6,7,3657,4
9-7-2019,13.44,Caustic,13,9,5495,13
29-8-2019,11.56,Valkyrie,3,4,1141,13
5-7-2021,17.38,Pathfinder,4,3,1375,6
30-3-2020,8.09,Lifeline,4,6,2266,11
6-6-2022,22.05,Gibraltar,9,6,2702,19
4-6-2022,29.05,Valkyrie,4,5,2228,8
29-10-2020,5.1,Caustic,7,7,2217,10
16-10-2022,10.28,Lifeline,7,7,4038,2
31-8-2020,15.09,Lifeline,2,4,1240,4
13-9-2020,0.53,Bloodhound,9,7,2759,16
31-12-2021,25.78,Pathfinder,5,7,2616,18
12-2-2020,1.5,Valkyrie,5,4,2305,18
20-4-2022,2.91,Lifeline,5,6,3135,6
2-12-2020,26.17,Wraith,6,8,4062,7
27-11-2021,22.25,Caustic,6,12,4393,8
27-5-2019,21.67,Gibraltar,1,4,859,11
2-3-2020,1.98,Caustic,3,2,824,13
10-5-2020,19.94,Valkyrie,4,3,1295,4
13-9-2022,3.35,Pathfinder,3,7,2155,4
4-5-2022,4.0,Valkyrie,11,4,4571,11
24-12-2022,20.77,Valkyrie,9,6,2468,16
8-12-2019,22.11,Bloodhound,7,9,3735,14
7-11-2021,16.75,Pathfinder,2,4,1642,19
13-8-2019,3.12,Gibraltar,1,1,414,18
4-2-2021,20.42,Bangalore,5,6,1784,4
19-5-2021,7.23,Gibraltar,10,11,5023,11
17-7-2020,24.37,Bloodhound,9,5,3041,7
6-9-2020,25.6,Pathfinder,13,5,3991,14
6-10-2022,2.31,Caustic,6,13,3767,8
14-1-2021,21.82,Gibraltar,2,0,547,18
6-11-2019,18.99,Lifeline,1,3,645,2
18-1-2022,19.78,Valkyrie,7,3,1860,16
21-5-2022,18.01,Caustic,3,6,2730,19
8-9-2019,16.92,Wraith,6,4,2019,20
21-10-2022,1.22,Bangalore,9,5,3919,12
8-12-2019,23.79,Valkyrie,16,12,8194,18
21-4-2020,19.03,Caustic,0,1,245,5
20-10-2021,7.04,Wraith,1,7,2315,13
4-10-2021,17.55,Wraith,5,2,2001,8
5-3-2020,28.91,Bloodhound,4,9,2427,12
18-7-2020,4.08,Gibraltar,7,4,3640,14
7-2-2020,25.58,Caustic,6,8,3282,20
12-2-2022,29.05,Lifeline,10,11,5493,8
29-1-2022,12.69,Pathfinder,2,1,638,10
24-5-2020,11.47,Caustic,1,1,606,14
9-10-2019,2.5,Bloodhound,3,9,3286,13
13-4-2022,21.95,Caustic,5,5,2219,13
7-9-2019,4.09,Bangalore,5,10,3955,4
22-4-2022,1.63,Caustic,9,12,5953,13
12-12-2022,4.79,Bangalore,6,11,3391,15
11-1-2020,11.04,Pathfinder,0,2,549,3
16-10-2022,19.71,Bloodhound,2,4,1598,16
19-7-2020,10.63,Caustic,8,7,2752,5
1-12-2022,0.41,Lifeline,3,5,2175,12
23-7-2019,6.45,Wraith,5,8,3876,2
13-5-2021,21.39,Pathfinder,5,8,3796,1
22-11-2020,4.11,Pathfinder,6,6,2673,16
28-4-2019,2.48,Gibraltar,6,0,1804,6
16-6-2019,5.58,Bloodhound,4,3,1845,13
21-9-2022,18.88,Pathfinder,3,2,1387,13
27-8-2021,0.3,Gibraltar,8,6,4257,13
29-10-2020,28.74,Caustic,14,8,4492,7
13-10-2022,1.38,Caustic,5,5,3231,17
14-11-2021,20.14,Gibraltar,6,9,4037,10
30-12-2021,5.73,Caustic,1,0,341,15
4-3-2019,0.63,Bloodhound,1,2,835,18
6-12-2020,6.48,Pathfinder,8,5,2991,18
22-5-2022,3.83,Bloodhound,3,3,1836,17
20-12-2019,18.91,Wraith,6,5,3743,19
5-5-2020,8.18,Gibraltar,5,7,2426,20
16-6-2021,14.94,Wraith,6,6,3812,12
14-12-2021,22.01,Bloodhound,6,7,3033,2
12-6-2022,23.63,Bloodhound,2,4,1493,1
31-8-2022,11.85,Wraith,4,6,3228,3
22-1-2022,3.5,Lifeline,3,7,3393,3
4-7-2020,12.74,Gibraltar,8,7,5377,19
28-2-2019,0.51,Pathfinder,8,11,6011,10
10-12-2019,8.62,Valkyrie,8,6,4319,2
26-2-2020,18.74,Pathfinder,1,4,1361,12
24-3-2022,23.4,Pathfinder,2,2,1344,5
22-6-2022,4.06,Bangalore,6,3,3128,19
28-1-2022,7.09,Gibraltar,8,4,3819,5
22-3-2019,4.32,Valkyrie,7,9,4085,11
22-4-2021,15.11,Bangalore,5,12,5128,11
9-2-2022,28.17,Pathfinder,10,15,7879,9
30-10-2020,18.02,Wraith,1,1,751,16
2-4-2022,25.24,Wraith,3,7,2796,5
11-8-2020,12.57,Caustic,3,5,2751,1
20-7-2022,17.88,Wraith,6,4,2295,9
20-3-2021,10.33,Pathfinder,4,4,1879,7
17-6-2019,28.07,Caustic,10,5,4406,20
30-9-2022,1.75,Bangalore,10,10,5802,4
28-3-2019,0.11,Bangalore,3,0,825,8
3-6-2020,22.12,Bloodhound,6,1,2700,8
3-7-2022,17.95,Valkyrie,7,3,3115,13
9-4-2020,18.53,Pathfinder,4,9,4120,14
2-1-2022,8.18,Caustic,7,12,4352,14
28-7-2019,1.09,Caustic,13,5,4878,12
28-8-2022,27.9,Valkyrie,9,6,5564,3
14-4-2021,6.02,Gibraltar,4,0,1228,5
1-3-2020,27.56,Lifeline,3,2,1538,11
23-10-2020,12.09,Lifeline,5,3,1892,1
11-4-2020,20.85,Lifeline,7,6,3094,4
13-7-2022,1.44,Pathfinder,9,5,4691,9
22-8-2021,22.11,Lifeline,9,15,6215,13
10-1-2020,13.03,Bangalore,13,11,9513,2
30-11-2021,14.86,Gibraltar,7,0,1745,7
2-9-2020,0.84,Bangalore,1,7,2047,1
5-11-2019,10.44,Valkyrie,6,3,3198,3
3-3-2019,23.68,Bloodhound,6,8,4626,20
4-4-2022,26.94,Lifeline,7,6,4456,17
22-3-2020,12.62,Caustic,13,6,5392,2
10-8-2020,1.9,Pathfinder,6,15,7394,19
9-3-2022,11.42,Pathfinder,0,0,0,8
3-2-2020,11.76,Bangalore,3,5,2602,7
2-2-2022,1.97,Bloodhound,9,2,3123,1
10-3-2021,28.29,Bangalore,10,4,3514,14
1-3-2022,2.53,Gibraltar,8,11,6604,3
6-6-2020,6.78,Wraith,6,8,4450,3
11-11-2021,10.47,Bloodhound,6,7,4452,17
28-11-2020,24.45,Lifeline,10,1,4476,6
27-9-2022,5.91,Valkyrie,8,1,3786,12
3-9-2022,10.94,Lifeline,3,7,3024,3
19-3-2020,4.31,Pathfinder,6,3,3128,11
20-3-2021,18.77,Lifeline,7,9,1069,18
23-7-2021,3.45,Bloodhound,10,6,1249,11
24-11-2019,28.31,Wraith,11,8,2147,20
15-2-2022,3.97,Valkyrie,3,1,726,5
27-4-2021,26.91,Lifeline,5,1,1348,6
13-12-2020,7.23,Valkyrie,4,9,988,4
13-11-2021,25.85,Caustic,5,5,2029,18
10-11-2020,5.43,Wraith,4,12,3221,8
5-9-2022,22.44,Caustic,9,6,2616,9
23-11-2019,5.48,Gibraltar,6,7,2449,13
19-9-2021,14.64,Bloodhound,1,5,867,3
11-10-2019,13.04,Lifeline,4,6,1456,15
25-1-2022,15.01,Caustic,8,4,1771,7
10-4-2019,25.91,Pathfinder,4,8,1405,15
21-8-2019,12.85,Pathfinder,6,4,1704,6
24-12-2021,0.19,Wraith,5,6,1844,4
24-11-2020,11.21,Bangalore,7,6,2303,18
1-2-2021,14.0,Bloodhound,0,7,926,5
12-7-2019,8.02,Caustic,6,1,1104,8
3-9-2022,11.92,Pathfinder,3,6,1459,6
4-2-2022,13.42,Valkyrie,5,3,1350,6
12-8-2022,6.64,Pathfinder,7,4,1602,3
9-10-2019,5.97,Pathfinder,7,7,3256,19
10-4-2020,8.29,Valkyrie,6,11,3780,16
7-8-2021,18.93,Lifeline,1,2,323,13
12-4-2022,3.86,Bloodhound,1,8,1923,3
25-9-2021,26.66,Caustic,2,11,2032,11
8-12-2019,24.31,Caustic,8,7,3348,1
29-7-2022,21.52,Valkyrie,5,6,967,14
10-1-2020,22.87,Bangalore,15,6,1875,1
29-4-2019,14.6,Caustic,6,9,1280,13
1-7-2020,13.22,Lifeline,2,2,935,19
1-9-2020,29.74,Wraith,3,3,1170,7
17-7-2020,5.63,Bloodhound,3,5,742,12
26-4-2022,0.71,Gibraltar,8,4,2398,12
8-4-2021,5.46,Bloodhound,6,4,2263,9
1-7-2019,12.29,Lifeline,5,7,2454,15
19-9-2019,17.1,Pathfinder,9,8,3346,18
23-8-2021,28.15,Lifeline,3,1,955,19
23-6-2020,29.14,Lifeline,5,2,1570,7
4-4-2020,12.42,Gibraltar,4,6,2327,12
13-4-2020,12.9,Wraith,3,4,818,11
29-3-2020,5.31,Pathfinder,5,5,1075,17
8-5-2020,6.43,Gibraltar,5,5,2317,2
17-9-2019,6.36,Pathfinder,9,6,2243,5
22-7-2022,12.61,Lifeline,2,1,538,12
31-12-2020,24.85,Bangalore,3,4,1504,4
3-9-2022,6.36,Bangalore,5,2,1096,4
21-11-2022,10.26,Bangalore,7,3,2626,11
19-9-2022,16.14,Gibraltar,4,5,1580,16
7-4-2022,0.01,Wraith,7,5,1750,16
12-9-2022,12.82,Bloodhound,6,12,2215,8
17-3-2021,25.19,Caustic,0,1,183,13
4-1-2022,2.3,Caustic,4,7,1888,14
29-5-2021,19.29,Valkyrie,3,6,1267,17
11-8-2022,12.86,Wraith,3,3,988,12
18-6-2022,19.04,Lifeline,8,6,2906,11
30-9-2022,19.25,Bloodhound,7,10,2395,3
24-6-2021,12.0,Bangalore,12,9,4201,12
6-3-2022,3.11,Wraith,3,1,1069,2
28-11-2020,17.92,Valkyrie,7,4,1390,16
3-10-2020,18.44,Bloodhound,6,3,1075,10
22-8-2020,0.78,Wraith,11,3,2396,14
19-4-2020,20.86,Pathfinder,5,7,2726,19
7-9-2021,13.16,Lifeline,11,7,3111,5
11-11-2021,19.36,Lifeline,7,7,2142,2
10-12-2019,19.73,Lifeline,0,4,489,18
19-6-2019,13.1,Bloodhound,3,2,1385,17
31-8-2020,26.2,Gibraltar,3,2,1279,11
2-9-2021,11.18,Lifeline,3,3,1581,19
18-8-2019,4.96,Wraith,5,6,2476,16
5-10-2020,10.92,Caustic,5,8,2392,10
22-3-2022,2.7,Wraith,10,8,2926,19
9-4-2021,7.42,Pathfinder,1,7,1703,15
21-3-2021,23.14,Pathfinder,2,5,1802,6
16-6-2021,7.46,Bloodhound,2,3,1366,18
14-1-2022,27.95,Wraith,9,6,4108,4
11-9-2019,5.21,Gibraltar,5,5,1378,14
22-9-2022,28.38,Bloodhound,12,7,4053,5
11-9-2022,14.27,Bloodhound,6,9,3643,20
25-7-2022,3.21,Pathfinder,2,4,903,8
25-9-2022,26.53,Wraith,6,11,4760,2
11-6-2019,29.09,Bloodhound,4,5,1691,18
5-2-2020,7.56,Bloodhound,3,11,1924,17
7-4-2021,6.61,Pathfinder,11,4,4512,2
26-2-2019,3.35,Bangalore,6,6,2253,4
24-1-2020,1.72,Caustic,6,7,3676,7
18-3-2021,29.46,Gibraltar,0,4,669,7
19-8-2021,25.81,Caustic,4,3,1267,4
21-9-2020,10.71,Caustic,4,4,1448,20
25-5-2019,10.36,Gibraltar,7,5,2219,9
13-1-2022,23.93,Lifeline,4,8,1850,19
31-7-2019,26.88,Bangalore,8,7,3620,1
16-3-2019,5.48,Pathfinder,11,11,3582,2
25-3-2021,3.83,Valkyrie,0,0,0,18
8-2-2020,8.98,Valkyrie,7,5,3496,1
30-7-2021,1.06,Lifeline,2,6,1757,20
18-12-2021,8.31,Wraith,6,10,3530,19
7-1-2020,7.42,Wraith,4,4,1725,15
3-9-2019,21.84,Wraith,6,5,2296,9
1-11-2021,4.36,Bangalore,7,6,2009,8
15-7-2022,4.28,Valkyrie,2,1,731,14
27-10-2019,23.71,Lifeline,2,1,882,19
21-12-2020,27.25,Caustic,2,4,1126,18
6-10-2019,28.05,Caustic,4,10,3228,1
15-2-2021,28.68,Caustic,6,8,2558,13
28-11-2019,24.11,Gibraltar,8,12,5447,8
7-1-2020,11.23,Wraith,8,11,4920,7
29-10-2022,2.83,Valkyrie,1,6,1323,5
22-10-2021,24.52,Pathfinder,3,3,1624,19
12-9-2020,19.6,Gibraltar,6,3,1963,15
24-7-2019,29.76,Caustic,3,3,1741,10
30-11-2020,12.11,Bangalore,4,8,3660,14
21-5-2022,20.5,Caustic,6,7,2903,9
15-6-2022,1.37,Gibraltar,13,9,4311,14
19-9-2021,7.69,Valkyrie,1,7,1584,6
21-8-2022,13.86,Bangalore,4,2,1226,10
10-7-2021,17.57,Caustic,5,3,1507,6
29-1-2021,11.46,Wraith,5,4,2225,19
13-2-2021,14.33,Pathfinder,7,7,2982,17
5-5-2022,3.14,Wraith,6,5,2707,1
4-6-2021,29.05,Lifeline,7,7,4072,20
4-4-2019,19.65,Pathfinder,2,3,892,15
26-6-2022,16.13,Valkyrie,3,2,1628,19
23-3-2020,27.3,Valkyrie,2,5,1577,8
6-4-2022,15.69,Caustic,9,3,3792,7
10-6-2020,6.96,Gibraltar,4,8,2406,11
14-3-2022,23.24,Bangalore,7,7,3825,2
6-5-2020,2.94,Caustic,9,6,2905,20
14-3-2019,19.73,Gibraltar,5,6,2767,3
4-7-2020,4.15,Bangalore,5,5,3118,19
15-9-2020,28.94,Lifeline,7,10,5486,6
13-1-2020,18.77,Wraith,5,8,2820,16
3-4-2019,5.97,Lifeline,4,7,3501,1
30-10-2022,12.08,Gibraltar,11,13,6160,3
13-12-2021,12.42,Wraith,9,8,3824,12
7-3-2021,10.19,Lifeline,3,1,1143,2
21-2-2021,12.73,Bangalore,8,3,2524,13
14-1-2022,16.33,Bangalore,2,6,2089,4
8-11-2019,26.35,Bangalore,10,5,4986,10
23-4-2019,17.43,Lifeline,6,5,2664,16
8-10-2019,10.55,Wraith,5,11,4972,6
19-8-2021,9.84,Gibraltar,7,14,7037,3
4-9-2021,24.64,Bangalore,0,8,2291,9
12-6-2022,5.9,Bloodhound,3,2,1623,18
1-3-2022,4.61,Lifeline,3,5,1757,16
4-7-2022,0.59,Gibraltar,4,4,2153,2
13-5-2019,15.71,Bangalore,10,7,5436,20
9-2-2019,14.21,Bangalore,9,12,7033,17
24-6-2019,28.13,Valkyrie,7,9,5575,17
21-8-2021,6.75,Valkyrie,5,0,1856,9
31-5-2021,15.61,Wraith,5,8,4190,8
24-4-2020,15.66,Caustic,2,2,1202,2
2-12-2019,1.41,Lifeline,5,4,2774,11
2-2-2021,9.66,Caustic,6,5,3001,18
10-10-2020,13.55,Bloodhound,5,8,3452,6
4-12-2020,4.18,Gibraltar,7,7,3276,5
8-5-2019,2.27,Caustic,2,0,489,6
5-2-2020,28.59,Gibraltar,3,2,1831,8
14-10-2022,13.25,Pathfinder,5,9,3623,5
8-1-2022,26.28,Lifeline,4,5,3012,19
25-6-2019,6.59,Valkyrie,7,10,4942,5
19-7-2021,28.35,Bangalore,14,12,8282,7
30-12-2022,4.83,Gibraltar,6,12,4708,7
28-3-2019,1.49,Pathfinder,0,0,0,12
26-8-2021,25.24,Lifeline,2,6,2199,11
24-7-2021,16.9,Caustic,9,3,4629,14
24-6-2021,4.54,Bangalore,4,4,2423,14
23-8-2019,17.98,Caustic,4,9,3368,10
11-1-2021,5.61,Valkyrie,10,7,5944,12
6-4-2020,17.9,Pathfinder,10,10,6280,7
4-2-2021,21.38,Valkyrie,7,1,3136,18
7-8-2021,8.53,Gibraltar,1,3,1278,19
21-12-2020,24.12,Wraith,5,6,3690,9
20-8-2020,23.72,Pathfinder,3,4,2247,7
28-6-2022,11.84,Pathfinder,4,5,2874,6
19-11-2019,1.91,Valkyrie,7,9,6049,19
7-10-2022,6.42,Bloodhound,7,10,5552,20
3-4-2020,20.07,Valkyrie,6,1,2043,9
27-6-2019,12.06,Lifeline,4,6,2632,4
15-8-2019,4.26,Gibraltar,7,2,2938,18
9-3-2019,21.76,Gibraltar,5,5,3729,15
28-4-2020,6.57,Pathfinder,5,10,4776,14
21-11-2021,8.63,Gibraltar,9,5,4338,6
7-5-2019,5.21,Pathfinder,8,6,4129,12
5-5-2020,24.95,Bloodhound,4,3,2734,4
18-11-2022,13.54,Bloodhound,3,9,3766,12
7-11-2021,29.39,Bloodhound,8,7,4370,4
12-3-2021,29.36,Wraith,4,5,3322,7
7-5-2020,5.19,Bloodhound,5,10,3831,5
18-5-2022,18.37,Wraith,9,6,4992,11
18-4-2019,7.06,Bloodhound,7,7,3450,6
29-5-2019,20.88,Pathfinder,3,4,1840,20
22-11-2021,9.33,Caustic,7,8,4071,12
20-11-2022,18.17,Lifeline,4,3,1764,18
9-10-2020,25.21,Gibraltar,5,3,3195,4
18-1-2022,25.24,Bangalore,5,9,4221,6
27-2-2021,12.84,Valkyrie,7,6,3757,19
28-12-2020,0.83,Wraith,7,9,5223,11
3-12-2019,3.76,Valkyrie,0,2,517,20
5-1-2020,15.89,Pathfinder,2,3,354,11
7-12-2022,16.37,Pathfinder,6,5,2028,1
31-12-2022,21.31,Caustic,3,3,405,3
18-3-2019,2.72,Caustic,4,9,1368,15
4-2-2022,7.32,Caustic,8,5,1217,6
13-12-2022,13.25,Lifeline,13,6,1329,2
3-11-2022,10.12,Gibraltar,4,1,567,12
31-3-2022,24.92,Wraith,6,6,858,2
23-11-2019,4.85,Wraith,3,5,643,7
11-7-2022,21.87,Caustic,7,6,1385,11
22-5-2021,29.12,Pathfinder,9,12,2098,6
3-6-2021,14.23,Caustic,10,5,1121,16
18-1-2021,3.77,Pathfinder,8,10,3875,1
16-7-2020,21.68,Bangalore,5,6,875,7
23-11-2020,24.35,Pathfinder,4,1,905,2
4-9-2021,19.66,Bloodhound,7,3,1891,7
11-2-2019,15.66,Bangalore,6,9,2239,5
12-12-2022,5.93,Gibraltar,6,5,988,20
19-9-2021,4.87,Gibraltar,5,5,1055,12
10-7-2020,25.73,Lifeline,11,11,3802,4
28-5-2020,23.47,Bloodhound,2,4,926,17
1-10-2021,5.92,Valkyrie,1,3,340,1
27-12-2022,22.58,Wraith,3,5,1284,17
4-8-2019,22.9,Lifeline,5,5,1266,1
29-12-2022,25.69,Bloodhound,6,7,1707,1
7-12-2022,4.61,Wraith,8,7,1391,5
27-7-2021,16.4,Bloodhound,11,9,4614,6
26-6-2021,21.69,Bloodhound,6,7,1764,16
21-6-2019,10.36,Pathfinder,1,8,1141,16
28-11-2022,24.95,Bloodhound,5,7,1759,16
4-3-2020,14.22,Bloodhound,4,10,2553,11
23-11-2022,5.66,Wraith,4,13,1848,10
9-9-2020,27.27,Bloodhound,12,5,3487,6
15-3-2022,7.38,Bloodhound,9,7,2360,19
12-11-2021,3.98,Gibraltar,1,0,121,2
26-8-2020,5.71,Wraith,1,1,199,17
13-4-2019,3.73,Gibraltar,2,3,1132,14
11-5-2022,18.68,Gibraltar,5,8,3021,3
17-4-2021,3.5,Pathfinder,9,8,3250,6
13-8-2020,4.3,Bangalore,5,5,1925,17
16-3-2021,11.91,Caustic,10,14,3940,18
24-10-2021,10.77,Gibraltar,1,4,743,17
17-7-2020,6.09,Bangalore,2,2,484,20
1-5-2019,1.58,Pathfinder,3,6,1960,14
26-6-2019,13.11,Valkyrie,6,11,3698,2
24-10-2019,14.37,Pathfinder,10,4,3395,4
10-10-2022,19.41,Bloodhound,11,7,3347,3
4-1-2021,15.43,Caustic,8,7,3893,2
7-12-2020,27.56,Bloodhound,2,3,568,13
29-3-2022,6.72,Lifeline,6,5,2291,16
6-4-2021,28.26,Pathfinder,8,4,1631,11
20-2-2022,2.77,Bloodhound,4,5,1114,17
28-12-2022,4.73,Bangalore,4,4,1244,17
8-8-2020,24.7,Valkyrie,8,6,2540,15
12-4-2021,12.71,Lifeline,13,7,4631,19
8-1-2020,17.87,Bangalore,5,3,1752,7
14-8-2020,4.7,Gibraltar,6,1,850,20
27-6-2021,10.04,Bangalore,3,2,901,19
14-3-2019,17.38,Valkyrie,3,7,1671,14
18-2-2020,3.81,Caustic,7,5,2235,18
26-8-2021,4.53,Wraith,9,5,1998,19
29-8-2022,12.32,Bangalore,7,6,3310,19
7-4-2021,9.44,Lifeline,3,0,608,13
17-12-2019,27.67,Valkyrie,5,2,1951,6
14-3-2019,25.33,Wraith,7,2,1304,4
7-12-2019,26.44,Gibraltar,4,4,1085,12
21-12-2019,4.05,Bloodhound,4,4,1745,18
7-4-2021,21.96,Pathfinder,9,5,3488,2
3-8-2022,27.42,Bangalore,13,6,2574,15
6-7-2019,28.5,Gibraltar,3,1,872,11
24-5-2022,5.65,Bloodhound,1,2,412,15
30-1-2020,25.12,Bangalore,2,3,1381,2
24-6-2019,1.39,Bloodhound,5,5,1286,7
22-1-2022,3.33,Caustic,5,4,2299,8
20-4-2022,17.38,Wraith,8,9,3334,7
6-12-2021,12.78,Bangalore,7,7,2266,10
9-1-2020,10.63,Caustic,0,0,0,8
17-5-2019,20.99,Gibraltar,3,3,1085,18
10-9-2022,17.64,Caustic,4,4,1863,1
14-4-2021,1.63,Wraith,6,4,2317,6
28-8-2021,1.26,Gibraltar,10,5,2258,14
19-9-2021,18.33,Lifeline,9,5,3266,15
19-2-2022,29.42,Bloodhound,14,7,4649,14
15-6-2021,3.4,Bloodhound,3,2,1318,10
11-11-2019,8.69,Valkyrie,3,4,1610,18
4-6-2021,2.32,Wraith,4,2,1084,18
2-1-2021,18.82,Gibraltar,6,5,3098,4
20-7-2020,17.84,Bloodhound,7,8,4013,18
19-11-2022,19.16,Bangalore,8,6,3731,8
29-12-2020,26.65,Valkyrie,11,6,3240,1
18-6-2021,17.25,Bangalore,2,0,578,18
24-7-2021,23.06,Valkyrie,9,6,2596,10
27-5-2022,23.87,Caustic,4,7,2949,5
16-6-2022,23.85,Gibraltar,6,5,3169,15
3-7-2020,28.78,Wraith,9,5,3507,12
26-7-2021,23.89,Valkyrie,12,6,5274,13
21-9-2021,8.58,Bloodhound,7,8,2628,2
23-7-2019,12.57,Lifeline,1,2,682,1
27-12-2022,7.0,Wraith,2,1,479,4
2-5-2022,21.24,Lifeline,3,3,1146,3
8-4-2022,22.39,Gibraltar,11,5,5097,18
14-3-2022,19.54,Gibraltar,4,8,1966,15
7-4-2019,27.33,Lifeline,13,6,4486,5
26-9-2022,15.55,Bloodhound,6,8,3190,2
30-11-2021,18.6,Caustic,6,3,1695,15
14-8-2021,21.85,Bangalore,4,2,1629,9
10-7-2022,3.07,Gibraltar,2,3,908,16
26-11-2019,0.3,Pathfinder,7,4,3143,3
24-5-2022,6.22,Bloodhound,4,5,2811,18
18-8-2020,3.77,Bangalore,7,8,2588,9
20-12-2022,5.41,Gibraltar,7,11,4503,17
14-7-2022,12.37,Valkyrie,7,10,4620,11
24-7-2021,24.81,Bloodhound,4,2,1785,10
9-9-2020,5.17,Pathfinder,3,4,1638,11
24-12-2022,29.71,Valkyrie,7,7,3666,16
26-11-2020,11.02,Wraith,12,4,2984,7
23-4-2020,19.95,Caustic,9,6,3291,9
19-10-2021,1.11,Bangalore,6,14,5722,18
10-7-2022,23.18,Bangalore,1,3,1006,18
20-11-2022,12.44,Caustic,1,4,1504,14
10-6-2020,17.72,Bloodhound,4,5,2579,2
10-3-2020,2.65,Bloodhound,8,7,5051,6
25-10-2020,7.41,Wraith,6,6,3353,2
16-3-2021,17.76,Gibraltar,6,6,2898,8
16-1-2020,9.52,Caustic,7,9,4077,8
3-2-2020,17.02,Caustic,0,3,858,20
24-9-2022,11.33,Valkyrie,2,6,2305,1
26-3-2022,7.91,Valkyrie,2,7,1612,5
19-5-2019,5.95,Wraith,4,3,1911,9
16-3-2020,21.26,Bangalore,7,7,2847,17
15-11-2019,11.17,Pathfinder,6,7,4171,9
26-9-2022,21.83,Wraith,9,6,2853,16
25-10-2022,10.83,Pathfinder,0,1,211,9
21-9-2022,19.78,Pathfinder,7,4,3386,18
26-10-2021,2.22,Caustic,9,3,3372,18
18-6-2022,13.76,Caustic,3,8,2541,9
3-2-2022,16.03,Pathfinder,9,9,4305,10
10-8-2019,9.85,Caustic,8,11,4080,13
21-5-2020,7.26,Bangalore,7,6,2951,2
28-12-2020,13.13,Caustic,0,0,0,12
11-6-2022,14.97,Gibraltar,3,2,1734,9
27-8-2021,8.99,Valkyrie,3,3,1589,18
4-1-2021,27.24,Wraith,10,10,4958,19
15-5-2019,17.78,Caustic,5,13,4426,7
26-9-2020,20.51,Valkyrie,5,6,3369,20
16-1-2022,5.82,Pathfinder,8,6,4538,6
15-4-2019,1.36,Bangalore,1,0,328,4
25-8-2020,27.6,Gibraltar,4,8,3573,18
18-7-2019,14.21,Gibraltar,6,5,2575,4
24-5-2021,13.62,Valkyrie,8,7,4786,15
15-10-2019,9.59,Pathfinder,9,5,3109,3
27-11-2020,2.61,Caustic,10,7,5131,6
26-8-2021,18.68,Pathfinder,8,14,4710,18
12-2-2019,26.55,Gibraltar,0,5,1472,13
10-3-2020,1.49,Lifeline,2,4,1297,4
25-11-2019,27.83,Valkyrie,7,3,3675,18
22-2-2021,11.24,Valkyrie,3,4,2551,15
23-5-2019,29.33,Gibraltar,6,8,3025,3
17-8-2019,5.59,Lifeline,9,7,3623,20
14-9-2020,24.01,Gibraltar,9,15,8280,15
28-3-2020,19.14,Caustic,0,0,0,13
12-5-2022,17.36,Gibraltar,5,1,1388,19
24-12-2022,22.34,Valkyrie,3,8,2647,16
9-2-2020,15.05,Valkyrie,5,4,2599,10
16-1-2020,17.52,Lifeline,10,4,3252,20
17-2-2019,20.82,Bangalore,8,7,5664,2
13-7-2021,15.85,Bloodhound,7,9,4469,5
17-1-2022,9.54,Gibraltar,0,0,0,6
29-10-2022,8.79,Caustic,1,1,575,15
3-5-2021,22.36,Pathfinder,6,4,3109,12
30-10-2021,28.23,Valkyrie,3,11,4014,3
18-1-2022,22.14,Wraith,8,10,4747,9
5-8-2020,28.26,Bloodhound,12,5,4273,17
28-2-2020,25.54,Pathfinder,7,16,5259,1
10-4-2021,9.22,Lifeline,1,4,1566,12
25-7-2021,11.99,Wraith,3,3,1678,1
25-2-2021,3.88,Valkyrie,3,3,2283,16
3-4-2022,12.92,Gibraltar,3,7,3008,9
23-7-2022,8.88,Wraith,5,4,2270,4
27-2-2019,10.35,Lifeline,7,5,3242,16
13-11-2019,14.42,Pathfinder,11,7,5968,3
23-7-2021,0.77,Valkyrie,1,4,1868,16
24-4-2019,9.1,Caustic,2,2,1580,18
23-2-2019,0.3,Wraith,2,4,1530,6
29-5-2021,26.9,Gibraltar,6,11,5738,10
20-10-2020,16.59,Caustic,4,5,3231,1
23-3-2022,18.15,Bangalore,10,10,7477,1
8-10-2022,2.82,Caustic,7,6,3650,2
28-10-2021,9.39,Bangalore,0,1,377,5
15-3-2019,20.9,Valkyrie,1,2,806,8
29-3-2021,22.05,Bangalore,7,7,5508,6
29-3-2021,3.86,Pathfinder,3,10,4700,11
5-4-2019,14.98,Bangalore,12,11,7241,18
5-12-2021,17.53,Lifeline,7,7,3988,16
13-12-2022,15.44,Bangalore,7,9,5062,20
17-11-2019,29.44,Lifeline,2,6,2273,18
2-9-2021,25.79,Bloodhound,4,3,2099,13
28-10-2020,4.63,Lifeline,6,2,2498,13
12-1-2021,15.49,Gibraltar,11,8,5892,18
21-6-2022,8.87,Pathfinder,5,4,2346,10
6-6-2020,21.84,Gibraltar,9,8,1853,2
12-11-2020,21.55,Bloodhound,6,14,1844,1
21-2-2019,4.48,Lifeline,0,4,450,13
13-9-2020,9.83,Wraith,1,1,271,11
16-2-2022,26.96,Bangalore,3,9,1903,14
25-8-2020,3.57,Bloodhound,4,9,924,17
7-6-2019,24.45,Valkyrie,5,8,1404,10
8-4-2019,7.24,Valkyrie,7,8,1984,8
27-1-2022,25.05,Wraith,8,11,3298,1
31-8-2021,22.29,Bangalore,3,1,256,16
3-3-2019,4.14,Wraith,1,8,1376,8
24-1-2021,12.2,Pathfinder,11,2,2222,12
25-10-2022,20.76,Bangalore,4,3,1164,16
30-11-2022,18.18,Lifeline,10,8,3236,11
2-5-2021,11.39,Lifeline,5,5,1227,10
5-9-2020,11.02,Wraith,12,7,3331,19
15-2-2022,12.83,Wraith,1,5,1074,18
26-6-2021,20.58,Wraith,8,7,1356,19
6-9-2020,24.01,Gibraltar,2,5,611,1
1-5-2021,7.33,Pathfinder,4,4,586,1
4-9-2022,1.02,Gibraltar,7,5,1036,8
5-8-2019,12.6,Bangalore,7,8,3055,13
3-12-2022,7.91,Lifeline,6,7,2687,5
2-5-2019,19.84,Pathfinder,1,2,267,15
1-12-2022,21.75,Bloodhound,2,5,1284,9
24-8-2019,12.62,Bloodhound,2,5,905,15
7-3-2019,26.66,Caustic,6,3,1208,4
13-6-2019,23.07,Valkyrie,6,6,1669,11
7-5-2019,26.62,Pathfinder,6,6,2756,15
9-4-2021,26.24,Lifeline,6,7,2678,12
27-11-2020,23.91,Bloodhound,9,1,1965,18
30-8-2020,0.71,Valkyrie,2,6,1453,6
8-7-2020,6.45,Valkyrie,3,9,1134,1
21-5-2019,7.72,Bloodhound,3,3,1408,18
26-10-2021,18.49,Caustic,10,10,1938,12
7-2-2021,15.63,Bangalore,8,7,3363,16
18-1-2021,28.29,Valkyrie,6,6,1812,5
9-6-2022,28.47,Lifeline,2,3,814,2
5-1-2022,11.64,Pathfinder,2,1,711,1
8-8-2020,15.23,Bloodhound,2,4,584,2
4-10-2022,19.57,Lifeline,4,6,2068,10
8-8-2022,12.17,Valkyrie,4,6,1621,18
8-3-2021,4.18,Lifeline,5,6,2705,10
4-6-2022,18.2,Bloodhound,11,7,4284,7
5-10-2022,7.77,Valkyrie,1,2,554,1
4-12-2021,6.2,Bangalore,2,1,776,15
3-9-2022,4.28,Pathfinder,5,3,1089,6
5-4-2021,20.36,Caustic,10,11,2192,19
17-10-2020,20.37,Bloodhound,4,7,1473,17
16-7-2022,7.97,Gibraltar,7,5,2254,10
7-12-2021,0.75,Bloodhound,7,7,3603,7
21-12-2019,24.12,Lifeline,3,7,1192,13
19-5-2019,19.23,Bloodhound,4,1,1196,19
3-3-2021,22.41,Caustic,4,2,905,17
31-12-2019,25.78,Gibraltar,5,6,1947,6
28-2-2022,14.01,Lifeline,8,5,1957,5
25-8-2020,17.96,Pathfinder,5,5,1259,4
13-7-2022,7.96,Pathfinder,13,7,3442,14
4-5-2022,14.37,Caustic,1,0,285,4
12-6-2022,12.87,Wraith,4,1,1388,18
21-12-2021,16.51,Bloodhound,3,2,778,7
6-6-2021,1.93,Lifeline,3,5,1117,12
17-12-2021,5.46,Caustic,6,4,2091,9
11-4-2019,25.33,Caustic,7,8,1841,15
3-10-2022,17.21,Bangalore,8,10,4471,18
13-8-2022,17.52,Bloodhound,1,3,927,13
7-4-2022,11.39,Valkyrie,6,7,3375,2
2-4-2020,6.22,Bloodhound,4,3,1093,11
18-10-2022,10.71,Wraith,3,4,1808,17
12-5-2019,26.85,Wraith,11,6,2364,5
13-7-2022,8.83,Pathfinder,7,6,3424,19
2-10-2019,27.31,Wraith,7,10,4033,14
28-4-2021,29.97,Bloodhound,0,2,549,20
4-8-2022,1.19,Caustic,1,3,900,12
17-5-2019,14.85,Gibraltar,4,2,1004,11
9-4-2019,3.17,Wraith,5,9,1855,16
21-11-2019,13.59,Pathfinder,6,5,2246,13
25-7-2020,20.94,Gibraltar,7,10,3481,20
6-12-2022,0.46,Pathfinder,6,7,1759,7
24-2-2020,13.24,Bloodhound,4,2,998,17
9-6-2019,19.21,Lifeline,1,5,972,12
22-3-2022,5.66,Pathfinder,7,2,1617,5
29-5-2019,15.15,Wraith,9,4,1821,20
18-4-2019,15.53,Bloodhound,4,4,1800,1
30-12-2019,7.62,Gibraltar,5,6,1690,14
12-6-2019,22.89,Gibraltar,7,13,2791,5
29-5-2020,11.84,Pathfinder,2,3,1425,20
15-6-2021,22.16,Lifeline,6,4,1933,12
1-11-2020,14.76,Gibraltar,3,2,1270,15
9-5-2020,1.05,Bangalore,4,4,2042,9
20-5-2020,4.5,Pathfinder,4,4,1747,5
26-9-2021,7.21,Pathfinder,6,5,2052,2
14-8-2022,21.77,Pathfinder,9,8,3979,17
9-4-2022,20.55,Lifeline,2,1,594,4
3-2-2021,25.01,Wraith,5,1,1435,20
20-6-2022,6.05,Wraith,4,2,1221,3
22-9-2022,3.51,Caustic,7,3,1636,5
23-7-2022,21.83,Wraith,6,7,3388,1
30-4-2022,8.51,Bangalore,10,8,2775,10
8-5-2019,27.45,Lifeline,8,6,3785,7
19-10-2020,18.45,Valkyrie,0,3,604,4
25-5-2019,16.33,Pathfinder,5,6,1827,11
16-7-2020,12.15,Bloodhound,5,5,1913,18
10-6-2021,24.43,Caustic,4,3,1794,11
25-8-2021,26.11,Wraith,7,4,3441,12
4-8-2021,6.39,Pathfinder,7,12,5408,5
4-1-2020,27.15,Bloodhound,14,8,6284,3
21-2-2022,28.69,Lifeline,5,7,2724,6
10-5-2021,27.36,Caustic,5,4,2536,1
19-2-2022,13.59,Lifeline,2,8,1822,4
15-11-2022,23.14,Wraith,7,4,3335,5
14-6-2020,29.11,Bangalore,7,6,4025,1
27-12-2019,22.75,Bloodhound,10,9,4994,19
21-5-2021,17.34,Valkyrie,8,8,4913,3
2-5-2021,29.76,Gibraltar,2,0,606,11
23-5-2020,5.0,Pathfinder,6,2,1577,12
12-10-2020,14.1,Pathfinder,4,2,1326,7
23-5-2019,9.58,Gibraltar,5,7,3459,13
26-3-2022,8.1,Pathfinder,8,5,3692,10
19-5-2020,19.04,Lifeline,8,7,4365,3
11-6-2022,17.76,Bloodhound,14,7,4766,12
29-3-2019,0.65,Gibraltar,1,0,239,15
4-11-2022,27.71,Gibraltar,2,6,1486,1
6-5-2021,11.4,Bloodhound,10,5,4395,16
17-12-2020,4.9,Lifeline,7,4,2029,11
7-11-2021,7.82,Pathfinder,7,11,5630,11
19-7-2019,24.38,Pathfinder,9,7,3906,11
28-12-2019,9.12,Caustic,9,6,4593,16
29-11-2022,7.1,Gibraltar,2,1,554,4
21-7-2022,4.17,Lifeline,1,2,984,4
20-8-2019,9.0,Pathfinder,2,4,1085,9
31-7-2019,17.95,Pathfinder,5,4,1961,7
6-9-2022,23.07,Gibraltar,8,5,2706,3
19-4-2022,13.24,Valkyrie,7,6,3408,14
13-8-2022,5.16,Valkyrie,7,11,5663,7
19-11-2021,25.24,Valkyrie,3,0,928,19
5-3-2021,6.21,Valkyrie,3,2,1677,4
17-12-2021,0.35,Valkyrie,2,2,1255,1
5-7-2022,7.3,Pathfinder,5,3,2529,16
16-7-2020,7.7,Gibraltar,4,5,2591,1
4-2-2020,19.22,Caustic,6,7,3867,2
19-4-2020,17.54,Bangalore,10,8,4684,6
11-10-2022,16.89,Caustic,0,4,780,3
5-8-2021,16.31,Bangalore,3,7,2902,1
16-4-2022,13.03,Bangalore,4,6,3367,10
6-3-2022,19.2,Valkyrie,4,5,2682,17
13-10-2022,18.16,Lifeline,10,4,3616,3
27-6-2021,9.24,Caustic,5,8,3369,14
11-1-2022,24.29,Bangalore,14,10,5041,17
16-12-2021,21.52,Gibraltar,3,3,2079,13
11-10-2021,2.07,Bangalore,3,3,1506,9
12-4-2020,0.67,Gibraltar,2,4,1218,14
24-2-2020,8.23,Wraith,6,4,2956,11
30-8-2020,25.81,Bangalore,5,6,3528,13
17-12-2022,18.61,Lifeline,7,7,5062,8
14-7-2019,8.97,Pathfinder,12,6,5979,11
14-4-2019,4.88,Bloodhound,0,4,1390,2
25-6-2019,25.07,Caustic,2,7,2275,8
25-5-2020,13.03,Wraith,3,4,2434,19
15-2-2019,19.53,Lifeline,5,7,3795,11
9-10-2020,13.88,Valkyrie,5,5,3604,5
30-8-2022,29.91,Valkyrie,6,8,4245,8
25-1-2020,0.95,Pathfinder,6,7,3991,18
12-7-2021,10.57,Valkyrie,4,5,2821,16
4-4-2022,6.12,Pathfinder,3,2,1227,8
15-6-2022,26.87,Caustic,3,7,3217,18
12-2-2020,24.95,Gibraltar,4,5,3211,20
2-6-2022,18.36,Valkyrie,8,9,4145,15
29-10-2021,21.09,Valkyrie,5,9,4995,12
13-3-2022,15.12,Caustic,6,6,3878,8
12-3-2022,15.84,Wraith,3,1,1028,2
7-11-2022,9.85,Wraith,2,4,1461,1
11-1-2021,24.56,Pathfinder,4,8,4192,13
16-11-2020,18.25,Bangalore,9,5,5397,9
8-6-2020,28.82,Pathfinder,8,10,4287,8
27-9-2022,3.86,Bangalore,5,9,5222,10
23-3-2020,20.62,Pathfinder,10,14,7241,11
21-4-2019,23.79,Lifeline,2,6,2688,1
8-1-2021,18.66,Bloodhound,7,5,3600,12
24-4-2020,5.72,Valkyrie,5,2,2340,20
14-4-2021,27.65,Bloodhound,3,5,2027,19
7-3-2019,15.61,Valkyrie,6,5,3696,4
19-3-2022,4.67,Caustic,7,11,5844,16
4-1-2020,13.08,Caustic,6,12,5055,18
2-9-2020,15.94,Pathfinder,0,4,1305,4
9-4-2022,8.42,Gibraltar,2,2,1376,20
28-2-2020,28.82,Wraith,5,6,3894,6
22-11-2019,18.06,Bloodhound,6,4,2578,1
8-8-2020,6.93,Valkyrie,4,4,3116,11
25-4-2019,23.59,Bloodhound,5,10,3947,3
13-5-2020,3.45,Bangalore,10,7,5208,7
29-5-2019,5.82,Bloodhound,1,2,1045,14
24-1-2022,23.04,Wraith,3,3,1754,11
3-8-2021,11.41,Bangalore,2,2,1617,2
23-10-2019,12.26,Gibraltar,7,8,5899,14
15-5-2022,4.1,Caustic,10,4,5180,14
30-8-2022,18.79,Lifeline,6,10,4658,3
6-5-2019,29.93,Bloodhound,9,7,4938,18
24-4-2022,16.36,Bangalore,0,1,247,7
12-4-2021,11.82,Valkyrie,4,1,1823,14
2-3-2020,1.37,Bloodhound,3,4,582,9
19-12-2019,4.1,Caustic,5,4,927,14
14-7-2020,26.88,Lifeline,8,5,1809,17
17-10-2019,12.34,Bangalore,5,8,2058,8
24-11-2020,11.69,Bangalore,11,8,3678,1
30-10-2020,18.23,Pathfinder,3,1,502,8
8-12-2020,0.02,Valkyrie,3,3,811,1
10-5-2021,5.91,Gibraltar,2,2,376,20
21-12-2021,2.68,Bloodhound,5,11,2667,8
2-7-2020,8.02,Caustic,9,6,2781,2
3-3-2021,23.38,Valkyrie,5,15,2186,4
12-7-2020,24.45,Bloodhound,10,10,2554,4
27-1-2020,1.43,Bangalore,5,4,1832,3
1-5-2021,25.91,Wraith,3,5,819,6
22-11-2022,26.03,Gibraltar,2,6,534,13
3-5-2020,2.62,Lifeline,3,3,1020,13
26-4-2020,9.76,Valkyrie,8,10,2241,3
2-4-2019,22.83,Bangalore,9,10,2922,14
24-6-2022,13.36,Lifeline,8,12,3885,12
26-3-2021,16.22,Caustic,4,8,1339,8
7-12-2022,6.14,Lifeline,4,3,1554,17
8-5-2021,2.91,Bangalore,6,3,2072,7
29-10-2019,20.29,Bangalore,8,4,2533,15
5-12-2022,12.5,Bangalore,6,11,1587,7
22-3-2021,3.93,Wraith,13,6,3122,9
4-5-2020,6.5,Bloodhound,6,6,1217,7
24-10-2021,2.19,Bloodhound,0,1,216,2
25-3-2019,8.19,Pathfinder,1,1,404,9
8-1-2020,15.19,Bangalore,3,3,647,16
25-4-2019,0.43,Pathfinder,7,9,2056,20
9-11-2021,11.28,Valkyrie,4,4,1744,14
29-4-2021,7.24,Wraith,8,11,3421,2
5-5-2022,13.45,Bloodhound,10,11,3680,15
5-10-2022,12.66,Bloodhound,4,1,1113,16
13-3-2019,18.41,Lifeline,4,4,1931,14
28-5-2021,28.21,Lifeline,7,3,1327,19
2-1-2022,17.97,Gibraltar,3,3,928,5
30-6-2021,22.02,Caustic,9,5,3628,4
14-12-2019,13.98,Caustic,6,9,3503,20
18-3-2019,17.63,Pathfinder,8,9,1726,17
28-2-2019,27.27,Gibraltar,2,3,1124,20
16-6-2022,2.85,Lifeline,8,1,1279,19
24-9-2019,22.73,Caustic,5,7,1740,20
12-9-2021,24.85,Lifeline,6,8,2248,5
8-3-2021,28.65,Lifeline,6,6,1527,13
16-10-2019,22.32,Gibraltar,12,5,4628,17
8-12-2020,2.11,Valkyrie,10,10,4352,20
21-8-2020,11.47,Gibraltar,0,2,376,9
10-11-2020,3.63,Bangalore,2,1,490,12
9-4-2022,4.82,Gibraltar,2,2,1019,9
1-8-2020,4.49,Bangalore,7,6,2082,8
7-4-2019,5.67,Lifeline,7,11,4202,20
28-4-2019,3.53,Bloodhound,6,5,2237,8
18-12-2020,19.11,Caustic,10,6,4247,10
29-6-2020,19.68,Wraith,1,2,571,6
8-4-2022,0.9,Bangalore,3,1,1072,3
31-10-2021,14.48,Valkyrie,5,3,1021,2
4-10-2019,9.26,Bloodhound,5,5,2504,16
16-7-2020,23.03,Valkyrie,7,6,1931,1
26-4-2019,10.84,Valkyrie,9,12,3773,1
16-3-2021,9.63,Bangalore,6,11,2560,1
7-9-2021,12.89,Valkyrie,3,7,2461,4
15-7-2019,3.3,Bloodhound,2,6,1479,11
6-1-2022,5.57,Valkyrie,2,2,570,16
9-11-2020,26.17,Valkyrie,7,5,3138,17
11-3-2019,24.84,Pathfinder,9,4,2000,1
23-11-2021,15.98,Bloodhound,10,13,2943,20
20-2-2022,4.76,Lifeline,6,7,2455,20
1-10-2022,16.0,Pathfinder,0,1,229,17
10-2-2022,6.82,Gibraltar,1,7,1778,1
10-6-2021,14.12,Pathfinder,5,2,1916,16
9-2-2019,13.28,Pathfinder,10,4,2677,19
23-6-2020,20.52,Valkyrie,5,8,3113,5
4-3-2022,9.47,Pathfinder,6,11,3879,1
21-2-2020,21.97,Valkyrie,10,8,4608,8
27-7-2022,20.84,Valkyrie,0,2,358,6
7-9-2020,17.23,Pathfinder,1,9,1533,18
7-4-2021,12.25,Caustic,7,5,1668,12
12-2-2019,11.95,Valkyrie,4,7,1986,20
18-4-2021,7.91,Bangalore,11,5,2324,16
2-10-2019,4.64,Bangalore,13,10,5662,5
5-3-2022,19.84,Pathfinder,10,10,3653,20
17-11-2021,3.89,Caustic,1,3,590,9
22-12-2022,25.37,Wraith,1,7,1077,7
28-10-2020,19.5,Bloodhound,4,4,1536,3
16-5-2021,28.97,Caustic,5,5,1691,13
15-6-2022,14.11,Bangalore,5,4,1624,12
27-12-2021,21.33,Valkyrie,6,6,3314,2
26-5-2022,5.06,Bangalore,10,11,4917,19
7-5-2020,25.53,Lifeline,2,4,1144,19
22-4-2022,28.55,Lifeline,1,4,1407,13
28-5-2022,22.98,Bloodhound,6,3,2088,13
18-2-2021,13.3,Pathfinder,3,4,1212,5
11-4-2021,15.37,Wraith,5,8,3899,2
13-2-2021,29.81,Caustic,8,9,4574,2
10-7-2019,14.28,Bangalore,11,6,5083,7
18-9-2020,11.22,Wraith,3,1,678,20
25-6-2021,3.54,Bloodhound,4,3,1450,8
16-9-2019,22.44,Caustic,4,8,3324,20
3-5-2022,12.33,Lifeline,6,7,2281,14
11-10-2022,8.52,Bangalore,6,5,2207,7
19-8-2022,7.21,Valkyrie,6,6,3795,4
14-6-2021,19.37,Wraith,14,11,5071,6
13-11-2022,1.78,Wraith,1,1,470,1
26-11-2022,16.18,Bloodhound,4,2,1398,5
30-4-2022,22.7,Bloodhound,3,5,2276,4
14-5-2022,10.81,Caustic,3,6,2247,1
15-7-2021,23.15,Bloodhound,6,7,4088,16
15-7-2020,1.27,Gibraltar,10,5,4743,9
15-8-2019,23.98,Pathfinder,10,7,4860,20
18-8-2022,23.79,Pathfinder,2,6,2000,19
18-2-2019,20.57,Caustic,1,7,2354,14
27-9-2021,24.71,Pathfinder,8,8,4105,1
12-8-2019,22.06,Pathfinder,5,3,1501,15
21-12-2020,21.43,Bangalore,10,6,3139,9
15-9-2020,14.63,Wraith,6,6,2653,15
10-9-2022,19.98,Valkyrie,14,10,4638,14
23-10-2020,5.48,Bangalore,5,2,1761,13
8-7-2020,10.63,Bangalore,2,5,2235,12
18-7-2022,26.71,Pathfinder,5,4,2646,9
14-7-2021,27.68,Bangalore,4,9,3461,2
18-1-2022,14.21,Bangalore,5,4,2564,3
16-6-2019,27.67,Valkyrie,12,5,5129,3
8-12-2020,17.67,Pathfinder,8,7,2813,4
21-9-2019,26.11,Bloodhound,2,2,845,4
21-5-2019,1.96,Valkyrie,2,5,1898,6
10-7-2022,23.36,Valkyrie,11,3,3210,3
11-8-2020,14.59,Bloodhound,7,6,3456,4
1-11-2021,5.25,Valkyrie,10,9,5105,4
11-12-2021,25.57,Caustic,6,6,2736,10
10-5-2019,24.28,Lifeline,14,12,7476,5
18-5-2020,24.4,Pathfinder,7,1,2710,1
11-1-2022,6.68,Lifeline,1,1,676,9
25-3-2021,3.04,Lifeline,2,3,1018,12
4-9-2019,15.12,Valkyrie,9,4,3894,7
13-4-2019,7.29,Bangalore,7,5,3776,7
21-3-2020,22.09,Valkyrie,6,9,5206,2
21-3-2020,21.1,Gibraltar,10,7,4754,9
28-3-2021,13.84,Valkyrie,6,0,2004,5
9-7-2022,1.42,Bangalore,5,3,1735,17
16-4-2020,24.81,Bangalore,5,6,3768,13
27-3-2022,27.86,Wraith,3,7,2902,7
26-5-2019,15.81,Wraith,5,6,2357,20
30-1-2020,6.18,Wraith,6,5,2316,14
29-12-2021,9.65,Lifeline,14,9,7922,3
8-12-2021,26.15,Lifeline,4,1,1751,9
4-6-2021,6.72,Lifeline,4,5,3160,7
17-1-2020,11.73,Bloodhound,2,6,1723,9
10-3-2019,5.41,Pathfinder,8,3,2706,14
21-8-2022,29.29,Lifeline,12,9,7494,4
10-4-2022,28.4,Caustic,7,11,4128,15
12-4-2020,5.3,Bangalore,10,6,4371,9
19-2-2022,10.98,Lifeline,0,2,699,12
3-6-2021,10.8,Lifeline,1,1,654,13
21-5-2020,16.21,Bangalore,4,3,2519,9
8-11-2022,4.9,Gibraltar,4,4,2119,7
23-4-2020,11.28,Bangalore,9,8,4523,2
26-9-2020,2.44,Wraith,5,6,3587,10
22-8-2022,29.47,Bloodhound,6,7,3161,1
1-4-2019,12.08,Gibraltar,3,3,1360,4
8-10-2019,10.42,Valkyrie,1,2,686,20
11-10-2020,18.53,Bangalore,5,3,2266,2
24-1-2020,20.59,Pathfinder,4,5,1964,4
6-10-2019,10.86,Lifeline,6,4,3578,20
22-5-2019,1.16,Valkyrie,5,8,4495,11
14-8-2019,27.51,Bangalore,8,7,3645,12
8-6-2021,1.52,Pathfinder,5,1,1670,16
2-2-2022,19.77,Pathfinder,3,2,1165,1
3-9-2021,1.86,Pathfinder,9,3,4100,4
18-2-2022,17.02,Bangalore,4,4,2309,7
25-12-2019,29.08,Lifeline,9,12,5701,3
30-6-2022,17.32,Caustic,13,8,7368,13
23-9-2021,29.42,Bangalore,15,7,6995,9
1-12-2021,17.11,Valkyrie,0,0,0,11
29-12-2020,10.36,Bangalore,6,1,1848,19
20-9-2021,26.64,Lifeline,4,4,2270,19
13-1-2021,12.35,Gibraltar,4,4,3019,11
19-12-2020,5.2,Lifeline,6,4,2535,15
8-10-2022,26.26,Lifeline,7,8,4752,8
22-5-2019,20.94,Valkyrie,8,13,5255,11
26-9-2022,19.88,Gibraltar,4,6,3764,8
5-5-2019,13.08,Gibraltar,4,2,1936,13
10-7-2021,6.07,Lifeline,3,8,2760,10
1-6-2021,12.75,Caustic,10,8,5452,12
25-10-2022,19.49,Pathfinder,12,11,6462,18
28-4-2020,20.78,Valkyrie,6,8,4192,9
16-3-2019,8.78,Bloodhound,12,11,7530,18
6-9-2019,13.19,Lifeline,2,3,1891,16
24-4-2022,10.88,Caustic,2,3,1759,17
9-2-2022,24.02,Valkyrie,5,6,3545,17
1-7-2020,6.02,Bloodhound,8,6,5145,18
20-7-2019,28.05,Wraith,11,9,6788,3
2-2-2022,5.76,Gibraltar,7,12,4767,12
25-1-2021,29.43,Caustic,8,12,5574,1
1-9-2021,5.03,Valkyrie,0,4,1165,10
20-6-2022,17.4,Wraith,3,1,1195,18
15-12-2022,11.63,Bangalore,11,2,3820,16
16-10-2020,4.47,Pathfinder,4,3,1876,17
2-3-2019,7.96,Bloodhound,7,4,2851,17
5-3-2022,8.76,Gibraltar,6,5,3296,18
5-11-2019,13.65,Bangalore,8,8,1210,19
13-2-2020,24.49,Lifeline,4,2,1049,3
13-8-2021,19.91,Pathfinder,6,2,1165,2
13-11-2019,11.3,Pathfinder,2,9,581,13
7-12-2020,19.73,Caustic,3,7,794,1
25-5-2022,4.72,Bangalore,8,9,1742,18
5-9-2020,7.58,Valkyrie,5,8,1124,10
21-4-2021,12.1,Wraith,6,9,1408,4
2-4-2021,24.13,Wraith,5,1,993,7
16-2-2019,11.71,Pathfinder,6,3,1879,10
3-11-2020,4.73,Lifeline,2,2,708,14
3-11-2022,11.79,Bangalore,3,6,788,4
2-8-2021,23.63,Bangalore,4,5,1478,9
6-2-2022,21.54,Lifeline,7,7,2595,15
22-7-2022,25.39,Valkyrie,7,12,2958,18
26-1-2020,25.6,Bloodhound,2,2,837,15
2-11-2021,0.19,Caustic,2,3,419,18
26-4-2021,11.24,Bangalore,3,5,840,5
31-12-2020,20.62,Pathfinder,8,3,1949,14
10-2-2020,2.49,Wraith,4,5,1886,10
23-12-2022,6.02,Bangalore,6,5,1456,8
20-2-2022,24.38,Wraith,8,11,4298,4
24-6-2021,19.42,Caustic,1,5,695,7
28-2-2021,11.17,Wraith,3,2,985,4
26-1-2020,18.96,Wraith,2,3,857,17
26-2-2020,3.92,Valkyrie,3,3,838,5
27-9-2021,10.9,Wraith,4,4,1574,1
12-10-2019,26.46,Lifeline,8,6,1261,2
25-12-2022,12.96,Bangalore,8,11,3282,11
24-8-2020,9.21,Bangalore,6,2,1230,19
22-3-2020,27.46,Gibraltar,10,6,2243,3
18-9-2020,7.32,Caustic,6,5,1889,15
14-1-2020,13.59,Pathfinder,4,9,1300,15
9-8-2020,16.47,Bloodhound,12,5,2728,13
13-12-2019,14.58,Caustic,11,5,1948,15
10-11-2020,21.58,Lifeline,8,7,2345,19
5-9-2021,9.25,Wraith,4,0,640,11
27-2-2019,16.2,Bloodhound,3,4,1356,5
25-11-2022,1.67,Pathfinder,5,5,2279,12
30-7-2021,14.83,Lifeline,8,5,2788,9
6-10-2021,0.92,Bangalore,5,7,2345,19
25-10-2022,18.84,Bloodhound,6,7,1992,11
13-11-2022,22.62,Bloodhound,11,6,2471,3
24-2-2020,29.99,Gibraltar,4,1,629,16
9-10-2022,0.64,Caustic,9,6,2347,18
30-7-2022,20.01,Bloodhound,2,3,1267,10
6-8-2022,9.61,Gibraltar,4,7,1834,14
2-12-2019,18.26,Caustic,5,4,1942,18
18-11-2022,4.74,Caustic,8,12,3017,11
17-5-2019,7.57,Gibraltar,6,11,2088,3
13-6-2019,7.96,Wraith,0,4,648,15
25-6-2021,16.0,Wraith,2,8,2020,3
19-9-2022,27.48,Wraith,3,7,1064,11
20-4-2022,7.45,Pathfinder,4,3,1344,11
24-3-2022,17.01,Lifeline,7,11,2491,11
19-10-2020,22.75,Bangalore,6,10,2398,13
20-12-2021,3.07,Lifeline,9,7,4126,20
3-9-2019,16.09,Caustic,2,5,1732,16
30-6-2020,21.83,Lifeline,3,2,1339,1
19-2-2020,12.17,Pathfinder,5,4,2033,16
13-5-2020,6.66,Bloodhound,8,5,2367,12
11-6-2019,16.38,Caustic,4,6,1341,11
13-7-2020,9.1,Lifeline,10,9,4108,9
30-4-2020,1.02,Caustic,13,7,4305,8
28-6-2019,11.71,Caustic,0,6,771,16
13-6-2021,2.96,Bloodhound,6,1,1366,18
23-4-2019,3.8,Valkyrie,2,4,739,20
20-9-2021,13.25,Gibraltar,10,6,3608,17
1-1-2020,14.24,Gibraltar,5,5,1631,1
20-4-2022,5.26,Lifeline,6,6,2766,11
5-7-2019,27.62,Valkyrie,6,8,2939,10
11-2-2022,12.33,Wraith,2,4,1309,9
17-6-2022,17.77,Pathfinder,2,3,913,11
18-2-2022,17.67,Wraith,4,7,2224,14
23-12-2019,18.06,Valkyrie,5,4,1880,16
9-3-2021,2.03,Pathfinder,6,4,1972,19
28-5-2021,6.97,Bangalore,9,6,3765,19
11-7-2022,17.83,Lifeline,7,7,3419,18
3-4-2020,1.82,Pathfinder,1,0,250,13
19-6-2019,17.68,Lifeline,2,2,797,10
4-8-2020,18.26,Caustic,2,2,1184,2
11-9-2021,12.23,Gibraltar,4,4,1184,7
22-4-2019,1.05,Wraith,4,11,2430,12
31-12-2021,2.7,Wraith,5,6,1628,2
29-12-2021,27.28,Wraith,13,11,5349,3
21-5-2022,17.59,Lifeline,7,8,3927,2
28-4-2022,24.61,Bangalore,1,1,495,17
30-12-2021,6.4,Valkyrie,3,4,2051,9
28-7-2019,21.17,Bangalore,6,3,2118,12
18-6-2021,20.67,Pathfinder,9,7,4439,16
16-2-2022,16.01,Wraith,13,9,5491,8
21-10-2022,27.7,Valkyrie,8,6,2244,13
30-12-2022,1.82,Gibraltar,0,0,0,17
6-2-2020,2.34,Bangalore,1,2,821,14
4-8-2021,29.22,Valkyrie,5,4,2100,1
17-11-2020,24.4,Wraith,10,4,2619,2
11-8-2019,14.2,Bloodhound,4,5,1931,14
13-7-2019,14.27,Gibraltar,6,11,3763,5
24-7-2021,26.3,Pathfinder,11,6,4172,16
10-3-2020,21.39,Bangalore,2,9,1748,15
13-3-2019,11.87,Lifeline,3,2,1585,7
14-6-2021,14.01,Bangalore,5,3,2573,14
6-7-2021,23.31,Wraith,6,5,2771,19
4-7-2019,13.87,Valkyrie,5,8,2680,10
13-6-2022,19.02,Lifeline,6,6,2126,15
10-3-2022,6.06,Gibraltar,6,12,4945,4
16-10-2019,26.37,Wraith,1,5,1325,9
30-4-2020,23.59,Pathfinder,7,2,2480,3
30-6-2022,12.16,Lifeline,8,2,2138,11
4-9-2019,23.07,Bloodhound,6,7,3325,12
16-2-2019,24.42,Wraith,9,12,6079,8
4-2-2022,4.58,Pathfinder,13,5,4803,20
22-11-2021,6.59,Caustic,6,6,3689,10
23-12-2021,7.68,Bangalore,0,5,1061,4
3-9-2022,2.05,Lifeline,2,2,1325,3
27-10-2020,1.04,Lifeline,6,5,1984,3
5-5-2022,26.15,Lifeline,3,4,1764,10
13-9-2022,23.11,Bloodhound,11,5,4168,15
1-10-2019,0.98,Valkyrie,5,6,2823,14
1-6-2019,27.58,Bangalore,9,17,7154,11
15-6-2020,10.2,Gibraltar,3,1,1060,12
29-8-2021,24.77,Caustic,5,4,2460,6
18-12-2020,17.31,Bloodhound,7,7,3598,1
11-1-2020,13.99,Valkyrie,3,4,1513,11
18-5-2021,9.51,Pathfinder,7,6,2517,7
3-3-2022,3.19,Pathfinder,5,6,3609,6
26-9-2019,17.11,Bangalore,7,9,3180,9
19-1-2020,8.43,Valkyrie,2,2,918,19
7-7-2021,18.54,Bangalore,1,5,2009,2
17-1-2021,1.8,Caustic,4,2,1862,14
2-5-2019,8.22,Caustic,3,4,1945,17
17-11-2022,3.05,Valkyrie,7,7,3675,15
19-8-2020,24.99,Gibraltar,11,5,3611,15
21-8-2020,6.95,Bangalore,6,7,3488,7
21-6-2022,9.85,Caustic,0,3,861,4
10-6-2019,28.97,Bloodhound,2,5,1685,2
30-6-2022,28.79,Bloodhound,3,3,2037,11
21-1-2021,19.87,Caustic,4,6,2515,12
31-3-2020,25.43,Bangalore,5,4,2891,7
26-6-2019,21.74,Gibraltar,7,5,3420,7
9-7-2021,2.56,Gibraltar,11,9,5211,8
10-8-2022,18.43,Caustic,4,0,1156,18
23-7-2021,3.44,Bangalore,3,3,1628,9
6-12-2020,4.61,Gibraltar,7,6,3869,7
6-3-2019,25.79,Bangalore,6,6,3876,1
30-4-2020,4.38,Gibraltar,5,6,2318,2
16-9-2021,3.24,Bangalore,7,10,4988,8
31-5-2022,1.31,Wraith,6,13,5383,1
7-11-2021,7.52,Pathfinder,2,6,2247,20
11-7-2020,1.34,Caustic,7,1,2047,10
13-9-2021,5.58,Caustic,2,7,2170,9
11-11-2021,13.88,Gibraltar,3,4,1877,3
3-4-2021,4.52,Gibraltar,13,4,3666,19
12-4-2020,27.59,Caustic,9,6,5485,17
23-7-2020,13.74,Pathfinder,10,8,6023,13
16-11-2021,17.29,Bangalore,4,8,2649,14
10-4-2019,21.42,Wraith,3,3,1517,17
26-7-2019,7.82,Lifeline,2,3,1541,3
16-1-2020,1.86,Gibraltar,4,5,3207,7
20-6-2022,15.42,Bangalore,9,4,2916,7
20-12-2019,26.6,Bangalore,7,5,4031,12
15-3-2020,6.13,Bloodhound,10,9,5531,1
22-4-2022,24.17,Bangalore,1,4,1641,3
7-5-2020,27.81,Wraith,2,3,1191,5
10-4-2022,26.43,Lifeline,3,4,2483,5
12-6-2019,24.7,Bloodhound,4,5,2960,1
30-11-2022,4.83,Caustic,5,6,4120,1
15-10-2021,2.3,Lifeline,10,7,5725,15
19-7-2021,3.09,Gibraltar,7,6,4969,5
28-2-2021,12.7,Caustic,1,0,401,13
20-4-2021,8.86,Gibraltar,1,3,1082,5
1-7-2019,0.17,Bloodhound,3,6,2460,12
24-5-2021,23.66,Lifeline,12,5,5707,19
7-6-2020,25.65,Valkyrie,11,5,4208,12
29-4-2020,14.55,Bangalore,5,6,3731,3
16-8-2019,25.76,Gibraltar,10,9,5692,18
10-11-2021,11.58,Caustic,3,3,1700,5
29-6-2022,21.72,Gibraltar,2,4,1912,19
21-6-2021,19.55,Bangalore,5,3,2768,2
18-11-2019,11.04,Caustic,7,8,5554,10
25-11-2020,8.03,Valkyrie,6,4,2775,12
5-8-2021,5.3,Gibraltar,6,6,3766,20
18-11-2019,22.99,Gibraltar,7,10,5441,18
14-2-2019,24.26,Caustic,4,4,1903,14
5-6-2019,19.25,Valkyrie,2,1,1164,10
22-4-2019,8.14,Gibraltar,4,7,3929,20
5-4-2020,22.97,Wraith,3,12,4754,15
6-12-2020,27.42,Pathfinder,5,5,3153,19
30-6-2019,9.6,Caustic,7,5,4388,17
27-10-2022,11.97,Wraith,7,7,4673,9
26-8-2020,13.77,Gibraltar,3,0,872,12
25-8-2019,23.34,Gibraltar,2,3,1331,9
27-2-2019,13.08,Wraith,7,4,2826,11
18-3-2022,23.21,Bloodhound,4,7,3109,11
27-3-2022,24.56,Pathfinder,7,5,4047,2
14-3-2021,16.51,Pathfinder,6,5,3202,7
31-5-2020,11.66,Caustic,8,9,6552,14
20-11-2020,21.82,Bangalore,1,3,1069,12
17-3-2022,22.96,Valkyrie,2,1,1237,5
24-7-2021,18.4,Pathfinder,8,3,3809,11
19-3-2021,6.48,Valkyrie,3,4,575,12
12-2-2019,25.4,Lifeline,6,6,1440,5
1-2-2022,0.49,Bangalore,7,5,972,4
19-12-2022,3.71,Wraith,8,6,2193,12
2-9-2021,11.73,Wraith,4,3,817,18
31-8-2019,15.88,Wraith,2,1,613,9
29-11-2022,25.8,Pathfinder,5,7,1233,4
8-5-2020,28.01,Bangalore,6,9,2184,11
18-8-2020,17.47,Wraith,8,8,1057,17
25-5-2021,2.91,Wraith,8,5,1281,4
13-6-2019,15.03,Bloodhound,6,10,1387,8
14-4-2020,14.75,Valkyrie,0,0,0,3
25-5-2021,29.33,Valkyrie,3,4,689,4
17-10-2019,22.27,Gibraltar,3,6,1730,5
20-10-2019,18.08,Bangalore,4,5,831,6
7-1-2021,26.43,Bangalore,6,10,3343,17
13-2-2019,17.21,Valkyrie,8,6,1810,9
11-11-2021,15.25,Wraith,12,9,3337,13
26-6-2022,0.51,Lifeline,0,1,72,7
24-8-2022,7.99,Valkyrie,4,5,1709,4
9-2-2021,10.43,Bangalore,2,2,542,3
21-5-2019,27.42,Bloodhound,5,7,1652,4
13-9-2020,17.29,Caustic,11,10,2855,1
8-6-2019,9.85,Wraith,9,7,2750,12
25-12-2019,2.08,Valkyrie,6,8,3155,9
29-11-2022,19.83,Bangalore,0,1,87,16
19-1-2020,27.32,Gibraltar,11,4,2738,6
26-8-2022,14.98,Valkyrie,5,9,1753,1
23-10-2020,1.94,Bangalore,3,7,2273,3
31-5-2022,17.85,Caustic,5,5,2138,19
10-6-2021,14.81,Wraith,5,10,2230,3
8-8-2022,1.0,Bangalore,8,6,2874,1
21-5-2019,4.76,Bangalore,3,2,514,4
28-3-2021,8.56,Valkyrie,2,4,618,20
14-3-2020,25.29,Bangalore,5,2,1286,8
4-6-2019,15.17,Bangalore,5,9,3375,10
13-5-2020,24.2,Wraith,9,8,1667,14
23-1-2021,8.67,Bloodhound,9,9,3820,20
7-9-2020,25.6,Caustic,6,11,3868,8
7-11-2021,5.43,Gibraltar,0,0,0,8
27-2-2022,15.91,Pathfinder,1,2,681,8
19-2-2020,27.77,Gibraltar,3,3,1402,19
28-6-2021,9.8,Wraith,3,3,1470,6
3-8-2020,18.51,Bloodhound,6,9,2088,2
15-3-2022,8.17,Lifeline,10,8,3806,10
2-5-2019,19.76,Pathfinder,6,6,1318,13
12-3-2021,17.06,Wraith,2,3,624,14
18-9-2019,2.56,Lifeline,4,2,1209,1
15-10-2022,24.53,Gibraltar,3,3,829,14
6-11-2020,0.6,Gibraltar,3,5,929,2
4-10-2022,8.32,Lifeline,9,11,2356,11
5-6-2020,26.44,Bangalore,16,7,4557,3
30-1-2022,11.11,Wraith,6,10,3933,15
15-7-2019,26.89,Bloodhound,1,3,614,16
30-12-2022,26.15,Wraith,10,3,1794,13
19-11-2022,16.85,Gibraltar,9,3,1754,4
1-4-2021,18.53,Bangalore,4,5,1860,9
16-7-2020,17.96,Bangalore,6,9,2418,1
21-8-2020,29.33,Valkyrie,5,13,4373,6
1-12-2020,0.91,Valkyrie,7,11,2146,10
6-5-2019,29.31,Lifeline,6,8,1865,19
11-12-2019,23.13,Bangalore,10,5,3553,10
28-5-2019,20.9,Pathfinder,8,10,4263,19
17-4-2019,27.62,Wraith,12,8,2431,3
10-1-2020,15.7,Caustic,5,6,2694,20
20-9-2022,29.89,Caustic,6,6,3336,1
22-11-2022,24.15,Valkyrie,14,10,4298,6
29-12-2020,7.21,Gibraltar,1,6,1225,18
15-2-2019,25.31,Pathfinder,3,8,2718,1
31-7-2020,4.81,Caustic,2,4,923,18
25-4-2019,14.05,Valkyrie,6,9,3410,1
28-1-2021,19.07,Bangalore,10,10,4873,7
29-3-2020,15.96,Bangalore,9,12,2821,14
30-6-2021,27.25,Gibraltar,7,11,4145,3
8-8-2022,2.65,Pathfinder,2,7,2040,17
3-8-2022,28.67,Gibraltar,6,2,2155,14
5-7-2021,24.42,Bloodhound,6,3,2319,14
30-8-2022,28.71,Pathfinder,7,12,4817,19
25-3-2020,5.62,Valkyrie,4,11,3903,5
26-7-2021,29.54,Gibraltar,12,7,4100,9
14-8-2019,1.06,Lifeline,6,15,5137,6
23-10-2019,17.71,Pathfinder,1,2,653,2
28-3-2020,12.44,Wraith,3,1,877,8
29-11-2021,0.48,Valkyrie,7,11,4851,16
7-1-2021,13.7,Bloodhound,4,5,1323,19
22-7-2020,2.36,Gibraltar,4,6,1886,17
8-12-2022,17.71,Bloodhound,13,5,3424,6
23-1-2021,21.98,Pathfinder,8,10,4310,11
16-9-2019,26.95,Pathfinder,0,11,3028,3
3-4-2019,7.39,Bangalore,6,3,2643,18
19-4-2022,14.09,Wraith,2,8,2593,10
15-11-2021,16.62,Pathfinder,11,3,4064,17
7-3-2020,7.53,Wraith,4,6,2260,9
5-10-2019,1.12,Wraith,7,6,2242,5
8-9-2022,17.65,Wraith,10,6,4469,17
6-8-2019,28.78,Lifeline,0,2,331,8
7-8-2019,23.67,Bloodhound,2,6,1522,19
4-2-2020,23.73,Valkyrie,6,3,1761,15
5-3-2019,8.32,Wraith,6,5,2318,20
16-9-2019,28.51,Bloodhound,7,7,3320,8
7-2-2022,16.91,Valkyrie,6,13,4289,10
6-8-2021,24.87,Valkyrie,6,13,3820,14
8-4-2021,8.86,Pathfinder,3,3,1554,19
16-3-2022,15.1,Lifeline,2,1,574,14
11-4-2022,11.41,Wraith,2,5,2133,18
20-3-2021,18.83,Bloodhound,4,3,1519,8
25-4-2020,1.23,Gibraltar,10,4,3628,10
5-7-2021,26.77,Valkyrie,7,6,3818,15
20-7-2021,27.12,Pathfinder,13,6,6234,11
26-5-2021,26.81,Valkyrie,3,3,1760,6
31-10-2020,27.27,Bangalore,3,3,1453,3
27-5-2021,11.04,Valkyrie,5,2,1750,1
16-7-2022,4.61,Bloodhound,8,8,3877,14
12-3-2020,22.92,Valkyrie,7,11,5389,4
4-11-2019,23.73,Pathfinder,10,10,6274,10
27-5-2021,17.34,Pathfinder,9,13,4665,20
10-2-2019,2.18,Caustic,0,0,0,12
30-11-2020,11.48,Caustic,4,5,1747,16
12-10-2019,11.08,Bloodhound,7,3,2766,1
20-12-2021,17.58,Caustic,3,5,2282,14
29-6-2021,20.96,Pathfinder,4,5,2824,17
6-3-2019,2.47,Caustic,5,12,4880,18
8-1-2021,3.27,Bloodhound,8,9,5448,13
9-4-2021,10.03,Bloodhound,7,7,3639,10
29-7-2021,28.44,Bangalore,1,4,1018,1
11-6-2021,27.0,Gibraltar,3,3,1235,7
29-6-2020,0.19,Gibraltar,9,3,2493,10
8-6-2020,4.79,Caustic,12,11,6691,15
29-11-2021,28.17,Caustic,11,5,5015,4
27-8-2022,5.87,Pathfinder,7,6,2536,16
29-1-2022,14.54,Lifeline,7,6,2784,18
19-11-2020,1.14,Wraith,8,6,4618,10
27-7-2019,10.65,Caustic,5,3,2686,7
5-12-2021,27.24,Valkyrie,5,5,2517,18
12-12-2021,24.04,Lifeline,5,5,2032,4
24-2-2019,25.75,Pathfinder,7,6,3747,8
31-5-2020,12.31,Gibraltar,7,8,4230,7
1-8-2021,8.45,Wraith,0,2,463,16
28-5-2020,25.09,Lifeline,7,3,3625,7
28-5-2020,15.13,Bangalore,5,3,2119,15
19-6-2019,12.07,Valkyrie,3,6,1889,7
6-5-2020,2.41,Wraith,9,5,4663,7
27-5-2020,17.75,Wraith,10,8,5258,5
13-10-2022,4.37,Gibraltar,10,6,4609,5
29-11-2022,25.29,Lifeline,6,4,2768,6
13-9-2019,22.11,Valkyrie,3,9,3845,17
12-6-2021,13.26,Gibraltar,6,3,3136,14
13-1-2021,4.98,Lifeline,9,6,3024,5
9-4-2020,5.37,Valkyrie,4,6,2234,16
10-5-2020,2.41,Gibraltar,5,5,2901,17
31-5-2020,16.98,Bloodhound,6,8,3368,4
29-4-2019,23.07,Caustic,0,8,2124,11
28-3-2021,26.97,Wraith,6,3,2311,14
20-11-2019,16.29,Pathfinder,2,3,1717,12
7-7-2019,12.44,Bloodhound,3,7,2993,4
3-1-2021,24.57,Valkyrie,12,6,4248,15
29-1-2020,4.03,Bloodhound,5,5,2674,18
3-7-2020,20.52,Caustic,10,7,6433,1
7-6-2020,0.03,Wraith,3,4,2539,8
3-6-2020,28.75,Pathfinder,4,3,1708,6
14-6-2021,12.74,Lifeline,3,3,1651,12
10-3-2020,10.79,Gibraltar,5,11,3677,6
21-4-2019,0.51,Bloodhound,4,4,2525,14
30-10-2020,26.96,Bloodhound,15,8,5618,3
4-12-2021,15.76,Pathfinder,10,9,4170,13
3-3-2020,1.34,Bangalore,0,1,348,12
6-6-2021,9.55,Pathfinder,2,2,1045,1
19-4-2022,14.77,Bangalore,3,2,1683,7
23-2-2021,23.93,Wraith,8,6,4905,9
31-12-2022,8.92,Valkyrie,6,8,3367,12
24-5-2022,2.73,Bloodhound,5,11,4793,19
14-2-2020,12.99,Wraith,8,8,4581,12
12-3-2020,28.74,Valkyrie,6,1,2636,20
27-10-2019,4.5,Bloodhound,2,3,1134,1
23-11-2020,11.75,Pathfinder,5,2,2814,2
3-8-2020,9.73,Caustic,9,3,3039,4
23-7-2022,16.81,Gibraltar,4,7,4112,10
9-2-2020,17.44,Valkyrie,5,5,3106,4
9-11-2019,17.72,Lifeline,6,6,3687,5
23-4-2020,24.64,Valkyrie,5,7,2937,15
28-11-2020,13.52,Caustic,8,7,5083,15
6-6-2022,9.5,Bangalore,5,5,2794,15
14-6-2020,27.73,Bloodhound,5,5,2574,20
21-2-2022,23.19,Caustic,5,7,3153,19
19-3-2021,25.55,Wraith,7,6,4297,8
25-12-2022,19.15,Gibraltar,9,9,6393,14
8-10-2020,24.23,Bloodhound,2,8,2904,2
6-2-2022,22.18,Wraith,2,2,1538,11
26-7-2020,18.61,Valkyrie,4,3,2424,20
10-6-2020,23.45,Bloodhound,6,3,2887,11
8-9-2021,8.8,Wraith,4,5,2311,5
9-4-2022,3.36,Valkyrie,6,5,4448,1
18-9-2021,6.16,Lifeline,10,7,5880,3
25-6-2019,15.38,Pathfinder,0,3,998,1
29-11-2020,3.64,Wraith,2,1,882,9
13-8-2020,18.15,Valkyrie,2,2,1105,16
15-2-2021,19.38,Gibraltar,8,8,5894,12
28-11-2019,1.45,Valkyrie,11,6,4439,20
15-4-2022,0.67,Valkyrie,6,12,6944,7
3-6-2020,17.44,Valkyrie,9,12,6246,9
21-1-2021,12.52,Gibraltar,4,8,2136,17
24-3-2020,25.13,Pathfinder,3,1,340,5
3-4-2019,13.93,Bloodhound,2,4,1047,5
3-10-2021,2.62,Pathfinder,4,6,1633,4
22-6-2020,11.93,Gibraltar,8,5,2014,13
3-6-2022,2.2,Wraith,5,10,1736,7
29-4-2022,2.44,Lifeline,9,8,3380,9
30-1-2020,11.35,Bloodhound,7,0,1587,18
29-7-2020,29.57,Wraith,3,3,578,20
24-9-2022,14.76,Bangalore,3,4,460,18
29-7-2019,2.12,Gibraltar,3,6,778,10
10-8-2022,24.48,Bangalore,5,9,1424,9
13-9-2022,14.1,Valkyrie,6,7,1599,14
19-4-2021,5.83,Bloodhound,11,6,3336,7
29-4-2021,16.01,Gibraltar,6,1,573,7
12-11-2021,27.73,Bloodhound,5,7,2531,19
15-12-2019,25.14,Caustic,3,3,1318,5
17-5-2021,25.13,Pathfinder,4,4,1306,19
11-5-2021,11.64,Gibraltar,5,7,1194,10
29-12-2019,27.3,Pathfinder,6,8,2740,7
21-8-2021,11.34,Bloodhound,9,6,1603,1
23-5-2019,11.99,Bloodhound,1,0,177,2
18-11-2020,22.63,Bloodhound,2,3,893,18
22-8-2020,28.48,Valkyrie,7,7,2521,20
9-6-2021,21.14,Caustic,5,4,1634,13
24-11-2021,23.64,Wraith,7,13,4416,1
31-10-2021,20.8,Wraith,7,5,1293,13
7-9-2019,20.15,Lifeline,7,6,3047,9
21-1-2021,20.35,Lifeline,0,8,1548,18
24-11-2022,27.14,Caustic,4,7,1900,14
4-11-2021,4.36,Pathfinder,5,2,1375,3
21-8-2020,27.94,Lifeline,12,5,4305,20
24-10-2022,20.94,Pathfinder,6,8,1877,4
2-4-2020,26.34,Caustic,9,8,1750,14
30-8-2019,2.38,Caustic,6,7,2196,20
3-12-2019,22.6,Caustic,2,6,1035,14
1-7-2021,24.32,Valkyrie,4,8,1995,19
10-7-2019,9.12,Lifeline,3,9,1905,11
5-8-2022,27.95,Valkyrie,13,12,4078,13
27-5-2022,29.51,Wraith,4,6,2092,18
17-9-2020,6.78,Bloodhound,9,5,3205,3
22-1-2020,28.04,Pathfinder,8,10,4009,10
15-12-2019,17.18,Valkyrie,4,0,1079,7
31-8-2021,17.08,Wraith,4,3,993,20
25-4-2022,0.19,Bangalore,3,9,2932,9
6-3-2021,8.11,Gibraltar,4,8,1759,11
14-7-2021,4.59,Bangalore,5,5,1139,12
17-10-2019,11.36,Wraith,5,8,2876,15
14-7-2019,1.81,Pathfinder,13,6,3216,20
7-2-2022,29.72,Caustic,7,3,2131,3
23-10-2020,3.26,Caustic,8,6,1898,19
8-8-2022,20.65,Lifeline,2,5,1167,14
11-10-2022,21.41,Gibraltar,4,10,3309,3
18-7-2020,21.3,Valkyrie,6,7,1975,18
3-2-2020,3.04,Caustic,10,5,2652,14
22-2-2019,13.62,Valkyrie,6,7,3018,15
25-8-2022,7.94,Lifeline,4,3,1858,6
5-10-2020,7.24,Caustic,3,4,1141,18
9-8-2019,3.88,Gibraltar,7,2,1365,10
11-3-2019,1.4,Bloodhound,5,3,1691,5
8-7-2019,14.36,Lifeline,4,6,2508,8
21-11-2020,3.43,Gibraltar,8,8,2065,17
6-10-2020,14.58,Pathfinder,8,6,1805,19
22-11-2020,7.5,Valkyrie,0,3,475,16
18-9-2022,20.8,Lifeline,1,2,367,18
14-4-2019,18.05,Bangalore,4,3,1396,11
30-11-2021,19.14,Bangalore,8,6,3320,16
26-5-2022,24.39,Caustic,6,7,3266,19
5-8-2022,25.55,Wraith,6,7,3038,3
14-8-2020,14.28,Pathfinder,7,8,2905,6
12-3-2021,23.07,Pathfinder,1,5,1448,16
18-8-2022,1.35,Bloodhound,6,1,2083,6
24-2-2019,0.03,Bloodhound,3,2,941,12
7-9-2019,8.26,Caustic,5,6,2736,9
22-7-2022,0.48,Gibraltar,12,5,3790,2
7-6-2019,23.41,Valkyrie,9,6,3255,14
29-4-2020,14.99,Valkyrie,7,8,3821,13
25-9-2021,4.56,Bloodhound,4,0,1022,4
7-7-2019,12.42,Caustic,6,2,2108,1
3-8-2020,2.98,Valkyrie,3,4,1768,2
13-3-2019,25.72,Pathfinder,5,10,3599,3
13-9-2021,12.49,Bangalore,5,7,2280,6
8-6-2019,21.16,Gibraltar,11,10,4189,18
17-12-2019,25.8,Pathfinder,6,11,4340,7
2-12-2021,0.77,Bangalore,0,0,0,12
30-9-2020,8.92,Wraith,9,5,2096,13
25-11-2020,21.91,Wraith,5,3,2405,3
20-7-2022,25.08,Pathfinder,5,3,1779,18
21-12-2020,3.31,Valkyrie,11,8,5157,17
7-11-2019,29.82,Bloodhound,7,7,3980,17
9-11-2021,29.3,Bloodhound,7,8,2997,2
27-7-2019,2.35,Bloodhound,7,2,2122,14
25-6-2022,27.8,Caustic,2,2,783,13
19-10-2020,26.13,Bloodhound,6,4,1867,10
24-10-2021,4.65,Pathfinder,6,8,3713,3
21-4-2021,9.93,Bangalore,5,5,1806,18
29-12-2020,28.34,Gibraltar,5,10,3013,14
19-2-2020,3.37,Pathfinder,7,7,2128,3
29-12-2022,11.83,Wraith,2,7,2053,5
1-4-2021,2.27,Bloodhound,1,2,558,10
28-10-2021,24.91,Bangalore,7,4,1843,12
18-8-2021,5.25,Caustic,3,9,1819,20
6-10-2021,5.07,Valkyrie,5,6,3144,11
12-10-2021,20.71,Gibraltar,9,7,2963,6
6-9-2022,17.87,Bloodhound,10,13,4585,17
12-5-2019,15.81,Caustic,1,0,318,3
23-9-2020,9.67,Bangalore,4,9,2793,10
17-4-2021,1.59,Wraith,5,10,3811,1
26-4-2019,15.8,Caustic,5,6,2143,11
11-5-2022,1.75,Lifeline,10,5,3348,9
26-9-2020,24.16,Caustic,10,7,3432,16
15-10-2022,21.4,Valkyrie,9,10,3531,10
16-2-2020,7.17,Lifeline,2,0,588,15
25-7-2019,21.64,Lifeline,6,5,2184,3
28-7-2022,17.9,Valkyrie,8,6,3106,10
6-1-2022,4.76,Gibraltar,8,9,4726,16
2-3-2020,28.81,Wraith,5,6,2450,19
19-9-2019,4.82,Bloodhound,6,9,4149,11
22-9-2022,22.58,Pathfinder,8,11,3675,11
25-8-2022,15.91,Wraith,3,1,724,7
15-7-2021,8.11,Caustic,1,1,576,12
5-2-2020,6.34,Wraith,5,2,1617,15
18-12-2020,8.74,Gibraltar,5,4,2862,15
19-1-2021,20.6,Wraith,6,5,2376,6
31-8-2020,7.95,Caustic,6,5,2903,13
29-4-2020,0.7,Gibraltar,9,6,3498,16
5-3-2022,18.8,Pathfinder,6,1,2110,20
6-9-2020,14.88,Valkyrie,2,3,1366,8
30-5-2020,12.87,Pathfinder,2,3,1424,11
19-1-2020,13.83,Valkyrie,4,3,1705,6
19-4-2021,6.97,Wraith,10,7,5872,18
19-8-2022,17.03,Bloodhound,6,8,3851,11
3-4-2021,27.1,Caustic,10,9,4272,19
19-11-2019,7.93,Valkyrie,0,2,509,20
14-1-2020,19.16,Lifeline,2,4,1808,14
12-3-2019,12.54,Pathfinder,6,4,1974,2
28-9-2019,22.38,Pathfinder,5,6,2722,17
24-6-2022,16.1,Bloodhound,5,7,3689,7
9-7-2019,3.87,Bloodhound,13,7,6091,13
4-9-2021,0.57,Wraith,9,7,5230,16
30-5-2019,28.75,Caustic,3,2,1428,20
24-8-2020,5.61,Bangalore,2,2,939,17
11-6-2020,0.27,Gibraltar,6,2,2812,15
12-11-2021,7.14,Bloodhound,5,3,1866,13
27-9-2019,13.66,Valkyrie,4,5,2344,19
1-10-2021,9.13,Pathfinder,8,6,3441,15
15-5-2019,3.97,Caustic,12,7,5278,9
27-8-2022,25.91,Valkyrie,0,1,266,13
16-6-2019,11.55,Wraith,5,2,2409,1
19-6-2022,12.88,Lifeline,3,2,1147,3
19-5-2021,5.81,Pathfinder,6,5,3622,16
4-10-2020,18.99,Gibraltar,8,4,3386,7
2-10-2021,11.49,Caustic,8,9,6171,5
10-8-2020,22.81,Pathfinder,12,7,4331,19
23-12-2019,17.16,Pathfinder,2,3,1063,18
17-4-2019,29.5,Bangalore,6,3,2058,12
23-1-2020,2.83,Lifeline,2,2,1221,6
12-10-2020,6.35,Wraith,6,3,2034,18
17-7-2019,22.98,Bloodhound,9,6,5487,8
16-9-2020,21.27,Bangalore,6,5,4046,20
22-4-2019,19.57,Wraith,11,9,4297,10
20-10-2020,16.42,Bloodhound,6,6,3895,18
27-12-2022,14.13,Wraith,7,1,1848,4
25-3-2019,10.02,Lifeline,3,2,1627,20
5-3-2021,16.18,Valkyrie,7,4,3692,20
30-4-2019,13.73,Caustic,6,4,2613,14
29-8-2021,6.59,Pathfinder,5,10,3989,7
18-3-2021,23.63,Valkyrie,7,7,3613,2
2-3-2022,28.61,Lifeline,3,3,2082,4
20-10-2019,3.26,Gibraltar,4,2,2298,2
21-8-2022,19.54,Bloodhound,10,9,6478,9
25-2-2022,14.0,Pathfinder,4,3,2068,20
24-11-2022,11.01,Bloodhound,5,4,3227,16
28-12-2019,28.34,Wraith,6,5,3194,18
7-5-2022,7.96,Caustic,6,9,5590,4
19-1-2021,16.78,Gibraltar,4,1,1338,3
17-11-2021,14.58,Pathfinder,1,5,1715,16
20-3-2019,3.37,Bangalore,3,2,1472,19
29-6-2021,15.64,Valkyrie,3,9,2975,11
4-3-2019,11.66,Valkyrie,8,4,4633,13
14-8-2022,1.93,Lifeline,5,8,3739,6
15-12-2019,10.06,Pathfinder,6,9,5570,19
11-8-2019,28.21,Caustic,2,1,767,6
11-5-2019,16.62,Wraith,2,7,2905,7
16-6-2019,1.24,Gibraltar,5,2,1693,4
27-1-2020,16.66,Gibraltar,3,5,2947,3
3-3-2020,8.68,Caustic,4,6,2550,16
15-9-2019,28.62,Pathfinder,9,8,5674,4
17-11-2022,14.36,Valkyrie,9,6,5088,7
7-8-2019,28.55,Valkyrie,1,0,433,13
29-10-2021,10.07,Wraith,3,4,2122,9
27-2-2022,20.44,Bangalore,2,4,2214,5
27-3-2022,6.93,Gibraltar,5,7,3330,1
27-9-2019,19.01,Valkyrie,8,7,4912,14
31-1-2022,14.97,Caustic,7,11,6973,20
26-8-2022,5.84,Pathfinder,8,12,6090,10
14-1-2021,21.89,Bloodhound,5,3,2861,18
14-6-2022,7.51,Valkyrie,5,5,3882,6
8-9-2020,17.24,Bloodhound,4,3,2240,13
7-9-2022,15.33,Bangalore,3,9,3843,2
30-11-2021,1.15,Valkyrie,8,4,1866,14
23-3-2020,5.05,Gibraltar,5,5,2086,18
10-3-2020,17.65,Bangalore,11,10,2835,11
4-6-2021,29.52,Wraith,5,8,2578,1
3-1-2020,17.57,Bangalore,3,2,515,8
31-8-2022,17.72,Wraith,4,3,832,9
4-3-2021,24.69,Wraith,4,8,1527,14
21-9-2019,0.71,Pathfinder,11,6,3203,15
19-1-2021,11.63,Caustic,6,9,2730,4
24-10-2021,9.07,Pathfinder,7,6,2267,7
7-5-2021,12.55,Valkyrie,4,3,1075,15
1-8-2019,16.03,Valkyrie,1,2,457,18
1-3-2022,27.54,Caustic,3,3,552,5
7-2-2022,18.5,Gibraltar,4,4,1417,11
19-8-2020,12.17,Bloodhound,4,11,1203,3
26-2-2019,11.31,Lifeline,5,12,2057,4
4-9-2020,12.09,Wraith,6,8,2354,6
9-9-2019,24.06,Bangalore,0,4,546,3
4-8-2022,14.32,Bangalore,4,4,869,17
5-2-2021,17.48,Caustic,4,9,2835,7
3-9-2021,6.04,Bloodhound,3,6,660,15
24-5-2019,16.74,Caustic,5,6,1929,4
5-9-2019,0.72,Bloodhound,6,7,2613,1
25-7-2021,20.5,Gibraltar,7,9,2447,10
24-9-2022,28.45,Wraith,6,0,1160,6
9-4-2019,25.39,Bangalore,3,8,1733,13
6-4-2019,15.75,Gibraltar,9,4,3270,8
31-5-2020,12.65,Valkyrie,4,10,2181,1
8-10-2019,29.54,Wraith,9,5,1689,7
20-11-2021,2.25,Gibraltar,6,7,2996,11
19-10-2022,24.31,Lifeline,12,11,2234,13
19-2-2019,26.64,Pathfinder,3,1,789,7
13-9-2019,9.41,Wraith,3,3,1327,5
14-11-2022,25.99,Bangalore,3,5,1870,16
14-9-2020,3.76,Valkyrie,9,10,4370,9
12-5-2019,22.72,Gibraltar,5,12,3608,3
6-11-2021,13.17,Bangalore,5,7,1653,12
3-6-2019,1.06,Valkyrie,11,6,2511,2
4-3-2021,22.28,Bangalore,1,5,739,13
7-10-2020,20.96,Valkyrie,4,7,2639,2
2-10-2022,14.47,Valkyrie,4,2,1455,2
1-9-2020,21.03,Wraith,7,4,2246,18
2-6-2022,11.07,Wraith,4,5,1204,6
1-5-2021,5.19,Bloodhound,6,10,2354,2
26-11-2019,16.54,Gibraltar,8,7,1793,6
14-5-2022,8.94,Lifeline,1,0,210,19
28-12-2019,11.79,Pathfinder,2,5,1464,5
7-5-2021,12.96,Wraith,2,3,1244,2
28-7-2021,0.65,Bloodhound,3,5,1754,5
12-10-2021,21.69,Gibraltar,5,8,2018,4
26-4-2021,7.55,Valkyrie,10,7,3364,16
16-3-2021,8.33,Wraith,6,6,1815,13
29-8-2021,12.95,Gibraltar,3,0,844,1
21-2-2022,9.59,Wraith,10,2,3195,7
4-2-2020,4.97,Gibraltar,4,2,1018,20
7-4-2021,7.01,Gibraltar,6,3,2193,8
1-11-2021,8.14,Caustic,4,4,1287,4
29-8-2019,25.88,Bangalore,5,12,2735,5
14-10-2019,17.34,Wraith,10,10,5338,8
5-8-2019,5.49,Caustic,2,2,1068,9
3-12-2020,27.3,Bloodhound,1,2,540,17
9-4-2022,12.12,Bloodhound,8,3,2142,6
1-3-2021,3.01,Pathfinder,6,6,2465,14
3-8-2022,11.6,Valkyrie,7,7,2502,3
8-1-2022,16.01,Bangalore,10,5,2829,6
30-9-2019,25.12,Wraith,13,9,6161,10
26-2-2020,14.72,Gibraltar,3,1,1129,19
19-8-2020,2.05,Valkyrie,5,3,2014,8
27-9-2021,27.42,Wraith,7,5,1545,2
20-11-2021,21.98,Valkyrie,4,4,1740,13
28-5-2019,20.19,Gibraltar,5,9,2239,10
22-6-2019,1.27,Bloodhound,8,9,2572,19
6-3-2022,18.16,Bloodhound,7,15,3418,16
9-8-2022,0.78,Caustic,0,2,390,18
23-12-2022,4.88,Wraith,6,1,2127,9
22-6-2021,4.31,Pathfinder,6,3,2016,11
12-6-2022,13.55,Valkyrie,10,7,2975,10
17-2-2021,24.94,Lifeline,5,10,4067,10
9-5-2022,11.02,Gibraltar,10,13,4922,6
15-12-2020,19.19,Bloodhound,11,12,6359,8
15-2-2022,24.67,Lifeline,3,5,1452,8
12-2-2019,2.0,Lifeline,10,1,3320,6
1-2-2022,20.74,Caustic,4,3,1237,9
12-3-2022,9.89,Pathfinder,4,4,1525,9
14-10-2021,19.01,Bloodhound,6,4,2558,4
5-4-2020,25.16,Bloodhound,8,7,3156,14
10-1-2022,0.54,Bloodhound,10,9,5656,20
21-5-2022,0.62,Wraith,1,2,480,4
7-12-2021,26.89,Wraith,5,4,2549,15
24-10-2020,16.02,Wraith,5,6,2057,17
4-8-2021,22.81,Bloodhound,3,5,1292,1
9-6-2020,16.21,Lifeline,10,5,2741,6
12-12-2019,13.44,Bloodhound,9,8,3047,9
16-1-2021,13.03,Gibraltar,8,7,2417,16
23-11-2020,22.98,Gibraltar,2,0,400,17
28-3-2019,29.55,Wraith,2,3,1339,2
6-4-2019,16.79,Bangalore,4,10,3390,7
12-12-2022,20.98,Wraith,4,3,1467,2
1-7-2022,28.66,Bloodhound,5,8,2042,16
9-12-2022,9.88,Pathfinder,8,8,4456,7
25-9-2021,4.91,Caustic,7,7,3204,1
10-12-2022,26.76,Gibraltar,1,6,1956,7
17-12-2022,12.97,Lifeline,3,3,1277,8
27-12-2020,12.66,Bangalore,4,5,2837,11
12-3-2019,26.69,Pathfinder,7,5,2371,9
11-4-2022,14.46,Valkyrie,4,8,3556,16
6-8-2019,12.72,Lifeline,10,9,3897,10
2-2-2022,15.42,Lifeline,11,6,5133,20
10-2-2021,16.44,Gibraltar,0,1,257,8
1-8-2022,22.15,Bangalore,1,4,1491,18
21-7-2021,16.33,Caustic,5,6,2335,10
9-3-2022,7.76,Gibraltar,3,9,2214,3
28-5-2022,25.12,Valkyrie,10,5,4639,10
10-4-2020,20.21,Gibraltar,8,8,4312,2
14-12-2020,12.74,Valkyrie,9,8,3435,1
6-5-2019,0.56,Valkyrie,1,3,690,16
4-11-2019,3.26,Caustic,1,3,880,10
1-3-2019,22.73,Caustic,2,2,1148,19
28-8-2020,21.98,Bangalore,4,4,2058,15
1-11-2022,14.64,Pathfinder,5,8,2233,20
22-5-2022,28.33,Lifeline,6,6,2295,3
8-10-2022,2.12,Bangalore,15,10,4641,6
9-3-2020,19.58,Pathfinder,5,2,2019,4
10-5-2019,16.1,Gibraltar,2,10,3061,8
17-5-2020,13.04,Bloodhound,4,2,1324,15
23-9-2021,23.52,Pathfinder,7,5,2205,8
3-10-2019,4.0,Caustic,9,4,3400,11
20-3-2019,10.59,Wraith,10,9,5115,3
5-2-2022,4.21,Lifeline,6,6,3421,16
24-2-2020,12.52,Gibraltar,2,1,977,4
3-5-2020,19.52,Caustic,2,3,1395,3
6-11-2022,7.44,Caustic,7,2,3087,9
9-7-2020,12.97,Wraith,9,7,5405,4
28-5-2019,24.71,Wraith,7,7,3856,5
5-2-2021,11.4,Wraith,7,13,4778,7
29-10-2021,11.74,Lifeline,6,8,4234,9
14-2-2020,18.31,Gibraltar,0,0,0,5
5-11-2021,6.05,Wraith,1,2,944,5
13-9-2021,3.81,Pathfinder,7,2,3117,20
2-5-2022,8.87,Valkyrie,10,5,3066,7
16-9-2020,1.0,Valkyrie,8,7,3879,13
3-5-2019,20.68,Wraith,6,6,2596,18
29-10-2022,17.59,Bangalore,15,9,5484,18
22-5-2022,10.0,Caustic,6,3,2714,17
5-2-2022,24.09,Lifeline,3,2,1052,18
1-2-2021,11.3,Bangalore,5,5,2101,13
20-5-2020,1.25,Bangalore,4,4,2332,11
16-9-2022,16.91,Wraith,9,8,4154,17
1-4-2022,11.12,Valkyrie,9,7,4888,1
21-10-2019,1.8,Bloodhound,9,6,4218,3
18-2-2019,6.51,Gibraltar,0,5,1454,17
22-12-2022,1.4,Valkyrie,2,1,1006,3
24-7-2019,20.24,Wraith,7,4,3644,9
24-4-2022,0.61,Valkyrie,3,4,1935,19
22-1-2022,9.89,Bangalore,4,4,2369,4
11-2-2019,11.56,Pathfinder,5,7,3984,11
7-7-2020,10.87,Bloodhound,9,9,6003,14
12-3-2021,13.74,Lifeline,3,8,3542,20
14-9-2019,17.32,Gibraltar,2,5,2328,5
14-5-2020,25.13,Valkyrie,3,9,3310,9
13-2-2019,17.34,Lifeline,3,3,1966,18
22-4-2020,18.33,Caustic,10,11,5247,14
25-5-2022,11.1,Bloodhound,5,5,2167,3
11-9-2022,14.86,Bloodhound,15,7,7593,4
30-4-2021,14.11,Bangalore,0,3,890,10
30-1-2020,13.97,Wraith,5,4,2962,20
19-10-2019,26.39,Bloodhound,3,10,3040,12
22-9-2021,26.1,Caustic,3,4,2041,17
10-1-2022,18.75,Gibraltar,9,4,3426,16
28-5-2022,21.09,Bangalore,6,6,3875,12
26-4-2022,2.83,Gibraltar,9,8,4273,17
10-6-2020,11.43,Gibraltar,1,0,379,6
31-3-2021,8.38,Caustic,1,6,2347,4
10-6-2022,17.72,Lifeline,3,8,3154,19
14-12-2021,18.66,Gibraltar,3,5,2730,2
18-1-2022,20.95,Bangalore,6,6,4360,3
23-5-2019,13.58,Gibraltar,7,6,3989,19
7-8-2022,9.6,Pathfinder,14,7,7173,14
10-9-2022,3.02,Caustic,0,0,0,1
31-1-2021,26.51,Valkyrie,1,1,515,11
13-11-2022,19.58,Gibraltar,10,5,4362,18
27-9-2022,19.36,Bangalore,5,3,3082,18
14-8-2022,10.51,Wraith,7,4,3361,3
20-10-2019,5.69,Lifeline,5,8,3659,2
21-1-2021,10.96,Gibraltar,10,10,7004,13
17-3-2020,21.84,Bangalore,2,5,1903,16
2-4-2020,11.56,Caustic,5,4,2202,10
5-9-2021,29.57,Bloodhound,3,4,2516,20
5-12-2020,23.84,Wraith,5,3,2434,13
21-4-2022,8.9,Valkyrie,5,4,2590,4
1-9-2022,4.24,Bangalore,5,7,3787,19
7-9-2019,10.67,Pathfinder,11,9,7021,13
28-4-2021,12.18,Caustic,4,0,1025,9
31-5-2019,20.87,Valkyrie,1,3,1187,10
7-7-2019,1.03,Wraith,5,4,3316,19
27-10-2020,14.68,Wraith,6,4,4032,17
20-10-2019,4.77,Pathfinder,6,6,4462,5
7-8-2020,22.18,Valkyrie,8,12,5643,9
19-4-2021,11.14,Caustic,8,6,4624,19
1-11-2021,0.89,Pathfinder,2,2,1070,5
12-4-2019,17.24,Bloodhound,8,1,633,12
12-10-2020,12.32,Caustic,2,4,1031,18
20-3-2019,16.39,Gibraltar,4,11,1472,17
7-1-2021,22.19,Caustic,6,5,752,9
14-10-2019,8.52,Gibraltar,13,5,3859,20
20-1-2021,14.05,Wraith,8,7,937,16
8-4-2020,27.05,Bangalore,4,2,1252,4
25-12-2022,28.57,Pathfinder,3,6,1601,16
6-10-2021,2.69,Bloodhound,2,2,410,12
6-5-2019,18.87,Lifeline,4,3,773,19
14-7-2022,10.22,Valkyrie,5,5,2126,8
13-4-2021,19.05,Caustic,9,8,3241,17
24-7-2022,27.09,Lifeline,10,13,4014,20
27-2-2020,21.36,Wraith,4,1,1142,18
7-9-2022,28.93,Valkyrie,1,7,1450,18
8-7-2019,24.36,Wraith,2,5,802,4
11-3-2020,8.93,Lifeline,7,5,2066,17
2-7-2022,12.48,Wraith,9,5,1067,2
9-3-2022,13.7,Bangalore,7,9,2784,6
23-4-2020,17.3,Valkyrie,6,9,3004,4
30-3-2022,24.4,Caustic,5,4,936,14
1-11-2019,27.96,Lifeline,6,5,1221,10
8-12-2020,22.83,Valkyrie,8,6,1675,9
6-10-2022,29.96,Bangalore,8,5,1297,12
4-12-2019,28.31,Valkyrie,7,6,2657,8
7-6-2019,15.82,Pathfinder,5,7,2000,15
6-6-2021,24.7,Pathfinder,9,8,3606,18
27-10-2020,13.79,Valkyrie,1,1,437,14
21-2-2020,4.01,Wraith,5,5,2111,8
15-9-2022,9.9,Bloodhound,8,3,1152,2
8-4-2020,13.47,Bloodhound,6,5,1778,17
21-5-2021,8.21,Gibraltar,4,9,1743,20
21-4-2020,27.09,Bangalore,7,9,2299,12
22-7-2021,8.94,Lifeline,10,9,3713,12
30-7-2022,11.59,Bloodhound,10,1,1512,17
22-9-2022,12.45,Valkyrie,3,1,891,19
17-11-2020,21.81,Bangalore,7,4,2518,3
22-6-2019,24.08,Wraith,6,5,2557,2
29-11-2022,20.47,Bloodhound,13,7,3671,14
6-10-2021,4.96,Caustic,7,5,2798,4
12-4-2022,8.88,Gibraltar,12,6,3221,14
3-5-2022,16.19,Lifeline,2,1,431,11
11-9-2022,17.73,Gibraltar,1,1,239,6
23-2-2019,3.02,Pathfinder,4,10,2098,9
11-2-2022,3.13,Bangalore,7,3,1348,5
14-1-2021,26.12,Pathfinder,6,5,1629,3
28-10-2021,3.84,Bangalore,10,7,3414,2
9-1-2021,21.23,Caustic,7,6,1318,3
12-8-2019,9.88,Caustic,0,4,834,20
5-4-2020,21.15,Pathfinder,9,8,2952,15
4-3-2020,24.53,Pathfinder,9,3,1992,17
3-11-2021,22.32,Pathfinder,9,4,2865,16
13-4-2019,17.84,Bangalore,9,6,1958,2
26-4-2019,24.97,Pathfinder,7,7,3623,17
26-8-2021,13.95,Pathfinder,8,9,4136,17
17-7-2021,21.16,Valkyrie,1,4,1231,19
22-7-2021,1.3,Valkyrie,7,5,3086,2
23-8-2019,8.69,Gibraltar,2,7,1326,9
25-10-2022,25.87,Pathfinder,7,4,1684,7
18-1-2022,3.8,Lifeline,7,8,2676,19
5-1-2020,20.73,Wraith,8,7,1896,8
17-12-2020,24.24,Wraith,9,6,3399,13
16-2-2021,6.94,Caustic,3,0,663,14
13-4-2021,19.13,Gibraltar,5,8,2037,16
24-9-2022,2.65,Valkyrie,2,3,795,18
14-2-2021,23.11,Valkyrie,4,4,1428,15
26-10-2019,16.53,Lifeline,4,12,3810,14
17-4-2022,5.0,Bloodhound,6,6,2485,12
18-9-2019,13.77,Gibraltar,6,9,1964,11
17-7-2020,9.93,Lifeline,1,0,187,6
25-10-2022,18.68,Bloodhound,4,1,827,16
3-8-2020,17.46,Bloodhound,4,5,1450,3
20-11-2022,11.7,Pathfinder,5,7,2184,9
4-7-2021,14.45,Gibraltar,4,4,1645,18
10-5-2022,14.73,Lifeline,6,6,2030,16
28-7-2022,7.58,Gibraltar,11,12,5025,12
21-9-2019,12.27,Bangalore,1,3,887,5
13-10-2021,19.78,Valkyrie,3,5,1763,17
27-7-2019,15.13,Pathfinder,3,8,2227,6
7-1-2021,14.7,Lifeline,6,10,3434,16
1-6-2022,6.49,Pathfinder,4,5,1864,5
14-12-2022,12.9,Valkyrie,6,10,3987,10
1-1-2021,16.03,Pathfinder,10,6,2573,9
6-8-2022,28.85,Caustic,3,2,1333,17
10-9-2019,10.24,Wraith,5,1,1097,13
21-12-2022,17.83,Bangalore,8,5,3762,12
6-12-2020,5.41,Lifeline,4,6,2337,1
31-8-2022,27.25,Bloodhound,6,4,1557,4
6-7-2021,7.56,Gibraltar,7,9,4537,8
1-4-2020,22.36,Gibraltar,7,6,3953,19
3-11-2019,9.48,Valkyrie,5,7,3176,9
16-1-2021,9.89,Gibraltar,1,4,840,1
5-9-2021,29.3,Lifeline,2,3,816,15
4-5-2020,19.49,Valkyrie,5,6,2062,8
17-3-2020,1.97,Gibraltar,6,9,3215,13
28-8-2022,26.02,Pathfinder,8,5,3507,4
17-10-2022,22.63,Pathfinder,11,8,2980,10
17-7-2022,15.17,Caustic,3,2,1329,11
19-4-2019,21.37,Gibraltar,1,4,1125,4
12-8-2022,13.71,Lifeline,2,3,1007,20
18-3-2022,6.95,Bloodhound,3,6,1578,18
2-3-2021,3.2,Gibraltar,5,4,2324,9
21-9-2019,9.04,Gibraltar,5,7,2687,17
8-6-2019,10.21,Bloodhound,7,15,4033,3
13-3-2022,25.25,Bangalore,6,7,3054,2
15-1-2021,21.52,Valkyrie,1,4,1088,2
30-8-2021,20.33,Lifeline,9,11,5004,5
2-3-2019,24.11,Bangalore,7,7,3789,3
6-12-2022,2.14,Gibraltar,5,6,3079,13
27-11-2020,16.7,Bangalore,7,9,3168,20
12-6-2021,12.54,Gibraltar,7,9,2625,15
23-9-2019,6.6,Wraith,0,1,243,12
5-8-2019,11.59,Lifeline,3,2,1473,6
14-8-2022,27.23,Bangalore,6,4,2363,14
29-8-2021,22.42,Pathfinder,7,6,2670,17
31-1-2021,20.07,Lifeline,11,5,5156,13
22-12-2022,13.65,Lifeline,7,9,4012,20
4-1-2020,27.33,Lifeline,10,8,3923,9
18-5-2021,22.95,Lifeline,4,0,1333,6
20-12-2022,11.69,Gibraltar,4,2,1424,6
20-4-2020,13.89,Caustic,6,2,2304,18
6-1-2021,4.71,Caustic,8,7,2968,1
9-10-2020,14.08,Lifeline,9,4,4092,16
5-3-2019,19.68,Pathfinder,8,5,4198,12
17-2-2019,8.21,Bloodhound,14,6,3945,19
25-10-2021,25.94,Bangalore,2,5,1937,14
18-2-2020,16.01,Wraith,1,1,492,16
3-10-2021,23.45,Pathfinder,4,8,2839,9
16-4-2021,24.54,Gibraltar,6,9,3774,17
20-6-2019,15.57,Lifeline,5,5,2273,6
3-12-2019,8.72,Gibraltar,5,8,3143,11
1-8-2019,9.96,Gibraltar,7,9,5158,4
11-9-2021,11.78,Lifeline,3,2,1123,6
10-5-2020,3.6,Wraith,2,7,2959,1
14-7-2022,25.36,Pathfinder,4,2,1198,14
5-4-2021,20.87,Wraith,5,5,2688,14
5-12-2021,5.69,Caustic,5,6,2906,2
4-10-2022,13.75,Bangalore,8,7,4284,3
1-8-2022,19.94,Caustic,10,7,5752,6
24-1-2020,11.02,Pathfinder,2,0,478,10
18-12-2022,17.8,Bangalore,1,2,979,5
26-7-2022,2.52,Gibraltar,4,2,1676,8
4-7-2020,21.53,Bangalore,6,8,4300,3
12-6-2020,18.5,Lifeline,5,5,2032,12
24-8-2022,3.05,Caustic,10,5,3584,14
30-3-2019,3.68,Lifeline,8,9,5359,8
14-5-2020,6.33,Caustic,0,0,0,17
19-10-2021,9.02,Pathfinder,1,8,1917,17
4-6-2022,1.89,Valkyrie,4,10,2859,10
10-7-2021,15.61,Wraith,4,3,1718,5
2-4-2020,15.35,Caustic,5,6,2691,4
3-9-2020,10.12,Wraith,8,6,4543,12
2-11-2021,6.31,Valkyrie,6,7,4305,8
25-2-2022,8.74,Valkyrie,3,2,1435,7
1-4-2022,20.56,Pathfinder,2,3,1791,17
19-6-2021,19.92,Gibraltar,5,4,3096,17
1-8-2022,18.02,Pathfinder,4,6,2210,1
9-10-2019,2.92,Caustic,5,4,3352,4
8-9-2022,15.47,Caustic,5,8,3942,13
30-8-2020,24.75,Valkyrie,8,8,5446,7
3-3-2020,29.46,Valkyrie,3,5,2581,20
27-5-2019,21.4,Valkyrie,8,4,3946,6
15-12-2020,21.4,Lifeline,4,9,3748,18
21-11-2021,12.16,Lifeline,4,3,2468,2
25-5-2020,18.47,Pathfinder,6,8,4619,1
24-5-2019,15.91,Wraith,5,5,3020,4
21-12-2022,28.51,Gibraltar,9,7,4279,12
17-6-2020,16.48,Bangalore,5,2,2386,9
13-5-2022,17.53,Bloodhound,4,3,2594,16
22-12-2022,25.81,Pathfinder,3,4,1961,8
17-12-2021,14.26,Valkyrie,7,6,4354,3
12-2-2021,9.1,Valkyrie,4,6,3611,13
20-7-2020,27.25,Lifeline,7,9,5814,11
15-9-2021,25.99,Bloodhound,8,11,5808,4
19-8-2021,21.53,Wraith,3,0,1120,7
13-8-2020,12.75,Lifeline,3,1,1384,16
27-4-2021,15.94,Pathfinder,3,5,2728,9
14-8-2020,28.62,Gibraltar,4,3,1649,14
5-8-2020,5.63,Gibraltar,8,6,4977,2
18-5-2022,25.47,Wraith,5,10,3713,18
7-7-2022,29.67,Gibraltar,10,6,6070,10
17-1-2022,24.11,Wraith,1,2,731,1
14-9-2022,5.14,Pathfinder,4,8,4436,6
28-7-2019,23.66,Wraith,5,2,2651,18
23-10-2020,27.29,Bloodhound,13,6,4605,2
17-1-2022,8.05,Gibraltar,11,9,6424,15
25-11-2021,20.65,Caustic,7,13,6805,6
31-3-2020,19.96,Lifeline,8,8,4074,7
6-3-2020,13.86,Bloodhound,2,2,1011,19
18-8-2019,16.28,Wraith,2,9,4077,9
10-6-2019,16.83,Valkyrie,5,5,2900,4
9-5-2020,3.77,Bangalore,3,4,1863,2
8-9-2022,22.39,Bloodhound,9,9,4442,6
15-11-2022,1.45,Bloodhound,13,5,7406,15
2-2-2021,7.07,Pathfinder,6,10,4417,20
5-3-2022,25.3,Bloodhound,2,1,1046,9
1-8-2019,7.65,Wraith,1,6,2362,11
13-3-2019,16.8,Bloodhound,6,2,3062,7
25-7-2019,25.66,Valkyrie,9,7,5180,1
9-8-2021,29.87,Bloodhound,10,6,4128,1
19-2-2020,28.31,Bloodhound,12,7,4116,13
27-5-2021,12.72,Gibraltar,7,6,2765,20
11-5-2019,13.36,Gibraltar,3,4,927,1
7-2-2020,10.04,Lifeline,2,9,1138,19
16-6-2022,2.86,Bangalore,5,6,1237,14
25-8-2021,13.4,Pathfinder,10,8,1748,5
12-5-2020,10.66,Valkyrie,8,8,1476,11
4-8-2020,12.11,Pathfinder,6,5,861,14
1-10-2022,1.11,Bangalore,6,8,1492,1
17-9-2022,22.66,Caustic,2,3,966,7
13-6-2020,4.8,Pathfinder,1,1,135,20
18-12-2020,4.62,Bloodhound,2,3,827,9
19-8-2022,1.85,Valkyrie,5,11,1546,9
4-7-2020,24.21,Wraith,5,6,2396,17
10-3-2022,9.48,Gibraltar,7,7,1120,9
24-8-2022,4.04,Bangalore,14,6,1582,9
31-8-2020,25.76,Lifeline,1,1,323,15
24-5-2021,14.81,Pathfinder,3,2,554,10
23-8-2019,0.23,Pathfinder,10,2,2530,1
12-10-2021,9.37,Bloodhound,3,3,691,20
22-7-2021,9.79,Valkyrie,4,4,960,11
18-12-2019,15.68,Bloodhound,7,12,4245,9
25-7-2021,23.66,Caustic,8,6,2216,20
26-4-2020,26.85,Bloodhound,1,0,127,15
26-8-2022,28.49,Bangalore,3,4,1532,15
11-4-2020,2.68,Gibraltar,8,3,1098,7
30-3-2019,16.13,Lifeline,6,4,1270,7
30-4-2022,19.77,Gibraltar,7,7,1660,11
28-9-2021,25.59,Gibraltar,10,6,1897,18
11-2-2019,29.03,Caustic,8,8,2414,12
16-5-2021,14.6,Valkyrie,4,1,548,16
5-12-2020,25.55,Pathfinder,4,3,1603,17
27-1-2022,1.72,Caustic,5,7,1557,3
4-2-2020,5.99,Wraith,5,8,2280,7
13-8-2020,10.68,Pathfinder,6,8,1357,5
7-5-2020,10.88,Gibraltar,8,5,1740,6
24-11-2021,5.11,Bloodhound,9,7,3232,7
3-7-2020,15.19,Lifeline,1,0,149,2
25-1-2022,24.43,Caustic,4,1,758,14
22-1-2022,13.31,Valkyrie,3,2,574,14
30-9-2020,20.85,Caustic,7,4,1290,6
15-5-2022,21.59,Bloodhound,4,5,1465,18
7-2-2022,29.28,Bangalore,7,15,2428,2
28-10-2022,29.57,Bloodhound,11,9,2515,4
14-9-2019,16.06,Caustic,6,6,3011,8
1-7-2022,9.66,Caustic,4,2,696,16
28-8-2021,3.12,Pathfinder,9,2,2104,18
18-12-2021,3.22,Gibraltar,4,7,2764,20
10-11-2022,16.68,Bangalore,4,4,1255,20
4-2-2021,23.4,Pathfinder,8,10,2562,12
10-7-2020,22.49,Gibraltar,10,8,3623,2
11-2-2019,14.93,Gibraltar,1,5,657,9
30-5-2020,15.15,Bloodhound,1,3,663,7
3-6-2020,21.97,Bangalore,6,2,1032,11
21-3-2019,1.14,Caustic,4,3,1307,13
8-10-2020,11.63,Bloodhound,5,5,2427,17
21-6-2022,24.8,Pathfinder,10,12,3226,13
10-11-2021,1.99,Gibraltar,7,8,2447,6
1-6-2020,7.33,Gibraltar,7,1,1682,16
22-7-2019,12.59,Lifeline,3,1,795,20
28-8-2020,26.04,Bangalore,5,3,2094,13
19-7-2021,6.76,Gibraltar,5,8,2066,19
31-12-2021,17.11,Wraith,9,6,3085,20
25-10-2022,16.99,Bangalore,10,8,4297,17
19-4-2022,22.48,Bloodhound,14,8,5332,16
9-7-2021,13.12,Gibraltar,5,1,794,17
11-4-2019,29.15,Gibraltar,4,2,1474,11
6-3-2022,15.43,Gibraltar,4,4,1476,7
17-11-2022,10.58,Caustic,8,5,3062,6
1-7-2021,1.47,Wraith,12,9,3040,10
7-2-2022,1.34,Pathfinder,9,5,3502,19
22-11-2019,12.24,Wraith,8,9,3499,20
27-11-2020,7.99,Bloodhound,3,0,798,16
14-5-2022,14.28,Bangalore,5,3,1817,20
22-12-2019,8.28,Bloodhound,2,6,2032,11
2-5-2019,26.03,Valkyrie,5,5,1552,5
16-7-2020,9.61,Gibraltar,7,5,2911,10
27-2-2021,0.6,Bangalore,12,5,2362,1
24-10-2021,12.29,Caustic,12,6,4993,12
24-10-2021,28.56,Bloodhound,2,5,1364,3
19-9-2019,10.01,Pathfinder,1,7,2041,18
14-3-2019,28.77,Pathfinder,3,3,1657,6
15-6-2021,5.85,Valkyrie,10,4,3994,20
29-10-2021,21.72,Wraith,4,4,1873,11
30-4-2021,5.84,Bangalore,6,11,3541,12
1-12-2021,27.53,Valkyrie,7,14,5983,17
4-8-2021,18.3,Pathfinder,2,0,603,11
27-3-2019,15.5,Pathfinder,5,8,2278,11
27-1-2022,13.5,Valkyrie,8,2,2775,10
14-10-2019,17.91,Wraith,5,4,1289,4
1-10-2022,3.75,Bangalore,5,4,1730,1
29-6-2021,11.78,Gibraltar,7,11,2614,14
12-4-2019,8.1,Bloodhound,8,10,3489,3
11-3-2021,22.34,Pathfinder,0,3,503,3
16-4-2019,4.63,Bangalore,6,4,2822,3
19-6-2021,26.05,Bangalore,6,8,3590,9
18-11-2019,2.46,Valkyrie,3,3,1019,13
1-7-2019,25.55,Pathfinder,6,8,4136,1
3-10-2020,11.01,Wraith,5,6,2252,16
11-2-2020,29.24,Bangalore,13,8,6050,17
25-10-2021,26.85,Bloodhound,0,0,0,19
11-10-2021,27.7,Gibraltar,2,5,1420,18
5-12-2019,6.32,Caustic,5,10,4324,8
1-9-2021,3.91,Lifeline,4,5,2166,8
19-4-2022,16.1,Caustic,13,5,3934,14
13-11-2022,6.95,Wraith,6,5,2873,8
12-5-2022,16.64,Gibraltar,10,7,3698,16
15-9-2020,1.61,Valkyrie,0,0,0,15
5-12-2022,21.46,Caustic,2,5,1969,8
30-9-2020,13.54,Wraith,5,4,1713,19
19-11-2020,3.48,Gibraltar,4,3,1811,8
28-3-2022,21.74,Pathfinder,4,11,4515,8
4-6-2022,19.19,Wraith,5,8,3145,4
25-1-2021,26.08,Bloodhound,8,6,2756,7
23-11-2022,2.77,Bloodhound,4,3,1244,11
14-6-2020,19.72,Pathfinder,4,1,1297,6
11-3-2021,23.01,Wraith,5,3,2436,12
26-2-2022,24.57,Gibraltar,3,6,1862,18
9-11-2022,1.87,Caustic,6,10,3119,15
14-12-2020,15.25,Lifeline,6,6,3418,9
15-8-2020,0.23,Bloodhound,7,6,3191,20
13-3-2020,18.85,Bangalore,6,1,1558,19
28-7-2019,26.82,Gibraltar,5,1,1497,13
11-10-2022,28.49,Wraith,11,9,4791,19
7-2-2022,19.46,Valkyrie,6,4,1997,7
13-4-2022,12.05,Wraith,4,5,2047,17
3-5-2021,2.74,Gibraltar,7,6,3741,6
19-5-2019,19.81,Caustic,7,10,5000,14
1-3-2021,15.14,Pathfinder,2,1,848,14
15-8-2019,17.62,Valkyrie,1,4,1439,14
26-10-2019,24.76,Bangalore,4,3,1441,9
13-9-2021,17.99,Bangalore,4,5,2230,8
30-7-2020,28.21,Lifeline,5,11,3806,10
8-9-2019,28.36,Gibraltar,6,13,4580,11
22-11-2022,7.91,Bangalore,14,12,8786,1
15-12-2022,26.32,Bloodhound,1,0,366,8
2-9-2020,23.9,Caustic,2,3,1601,17
12-10-2019,6.75,Bloodhound,5,2,1528,3
26-3-2020,6.67,Wraith,6,11,3234,15
10-4-2022,11.19,Caustic,13,7,6544,14
31-10-2022,21.63,Bangalore,13,6,4322,4
4-12-2019,23.86,Valkyrie,8,8,3732,9
11-5-2019,12.2,Bangalore,3,3,1424,4
23-12-2022,26.76,Caustic,4,4,2037,14
15-10-2022,25.33,Bloodhound,3,6,1970,16
21-11-2019,4.39,Wraith,10,8,4160,17
19-2-2021,29.09,Valkyrie,5,6,2295,14
10-4-2022,19.09,Bloodhound,7,6,3628,3
21-9-2021,22.04,Bloodhound,9,14,8200,13
26-2-2022,27.55,Bloodhound,4,1,1532,16
29-8-2021,3.42,Caustic,2,1,697,4
30-9-2022,28.14,Valkyrie,4,3,1808,8
14-8-2019,8.45,Lifeline,3,5,2609,1
13-3-2021,25.78,Wraith,11,7,6452,8
25-12-2020,11.73,Bloodhound,5,10,3623,19
21-8-2019,20.64,Pathfinder,9,11,6581,11
7-8-2019,10.35,Gibraltar,3,8,3444,16
10-2-2020,28.29,Caustic,3,1,1432,8
20-4-2022,20.37,Bloodhound,2,4,2137,10
10-6-2020,8.96,Bangalore,6,4,2221,16
11-6-2022,19.27,Valkyrie,5,5,3469,4
1-12-2019,25.24,Lifeline,12,5,3807,14
30-1-2020,18.69,Bloodhound,10,9,6577,13
20-6-2019,18.21,Bloodhound,0,0,0,20
28-12-2022,22.75,Bloodhound,8,2,2756,9
15-4-2022,29.38,Caustic,6,4,2671,17
5-3-2021,25.79,Pathfinder,5,5,3236,11
27-6-2022,20.22,Gibraltar,7,6,4973,13
28-5-2021,17.48,Gibraltar,7,7,5290,2
26-9-2020,19.51,Pathfinder,12,10,5203,2
30-1-2022,16.02,Caustic,2,1,842,5
29-1-2022,16.12,Lifeline,1,1,598,15
5-11-2022,3.94,Bloodhound,2,2,1338,18
25-1-2020,2.24,Lifeline,6,7,4875,15
23-11-2021,29.02,Wraith,4,6,3635,20
1-4-2021,9.94,Caustic,6,10,4656,18
23-7-2021,14.84,Wraith,10,7,5190,16
11-10-2021,13.49,Gibraltar,4,5,2666,7
23-12-2022,4.11,Caustic,1,3,1252,4
7-1-2021,19.5,Gibraltar,4,2,1731,1
14-9-2020,5.67,Bangalore,9,11,7275,18
29-7-2020,10.6,Bloodhound,11,11,6895,13
11-4-2020,5.79,Lifeline,5,5,2447,16
29-12-2022,26.17,Caustic,6,12,6549,10
9-5-2022,27.19,Bangalore,1,3,1139,12
17-2-2019,12.36,Bangalore,3,2,1535,17
10-4-2021,9.89,Wraith,3,2,1937,6
10-6-2020,1.59,Caustic,3,7,3484,10
6-9-2020,10.13,Bangalore,4,5,3426,19
17-8-2019,7.53,Caustic,5,6,4123,11
20-8-2022,8.24,Pathfinder,10,7,6604,3
22-5-2021,4.6,Bloodhound,0,1,324,2
19-10-2020,7.68,Gibraltar,3,4,2801,15
3-9-2019,12.45,Gibraltar,4,2,2426,15
11-5-2020,3.87,Bangalore,9,6,4129,17
2-8-2020,6.2,Bloodhound,6,4,3369,18
9-4-2022,19.05,Valkyrie,6,6,4284,8
10-5-2020,14.39,Caustic,6,7,4559,2
12-2-2021,3.98,Gibraltar,1,0,354,2
13-6-2020,3.44,Bloodhound,2,1,864,9
11-12-2022,23.69,Pathfinder,3,4,596,1
4-11-2021,9.25,Caustic,9,7,2949,4
8-7-2022,6.23,Valkyrie,4,6,2022,9
5-10-2019,3.13,Bangalore,6,9,1488,4
9-12-2020,4.42,Valkyrie,6,15,3730,20
30-5-2022,26.95,Valkyrie,2,2,441,3
20-9-2022,9.88,Bangalore,1,7,1590,17
19-5-2021,17.64,Caustic,4,4,708,17
5-5-2020,11.57,Lifeline,6,10,1251,5
11-12-2020,26.92,Caustic,8,4,901,15
8-12-2020,7.73,Bloodhound,5,5,2082,19
28-9-2022,1.09,Pathfinder,6,7,1724,9
27-4-2021,19.7,Gibraltar,0,0,0,7
28-11-2022,17.36,Bloodhound,3,2,714,2
22-6-2022,3.05,Wraith,2,3,352,9
11-1-2022,10.96,Wraith,5,5,2029,2
19-5-2019,21.21,Gibraltar,6,6,1644,18
5-9-2021,22.54,Bloodhound,5,12,1575,2
15-2-2019,21.12,Caustic,12,8,3961,3
25-10-2022,27.96,Wraith,0,8,748,11
7-7-2022,18.35,Bangalore,4,3,1360,18
6-2-2020,15.77,Bangalore,11,4,1470,11
22-10-2019,29.52,Wraith,5,3,1350,15
2-6-2020,12.16,Caustic,5,4,782,12
27-2-2022,2.29,Bloodhound,9,5,2385,7
5-8-2021,8.52,Caustic,9,8,1985,2
23-10-2022,20.6,Caustic,3,0,374,12
5-5-2019,3.12,Gibraltar,2,3,582,6
21-5-2020,10.06,Lifeline,2,2,480,17
7-7-2019,24.95,Lifeline,3,9,1936,8
21-4-2019,28.66,Valkyrie,7,6,1640,18
2-3-2019,24.41,Bloodhound,10,5,1737,20
20-5-2021,17.79,Valkyrie,6,9,1520,10
12-4-2021,21.64,Lifeline,7,10,3040,7
24-4-2022,8.94,Pathfinder,3,4,1692,4
26-2-2019,3.03,Wraith,3,7,1580,12
3-12-2021,8.76,Bloodhound,10,4,1983,17
1-12-2019,25.86,Valkyrie,5,5,2160,3
14-10-2022,6.83,Pathfinder,5,5,2452,14
22-7-2021,0.24,Gibraltar,8,13,5154,16
11-11-2019,11.02,Pathfinder,0,1,115,16
7-9-2022,23.26,Pathfinder,3,1,987,6
16-8-2020,26.09,Caustic,5,4,1535,3
19-1-2020,18.81,Bloodhound,3,4,1128,9
12-4-2020,28.7,Caustic,7,5,1599,15
13-2-2020,1.99,Lifeline,7,5,2467,19
8-7-2021,23.82,Caustic,8,6,2915,3
25-9-2022,9.34,Lifeline,1,3,410,3
27-12-2020,27.83,Lifeline,2,7,1950,12
19-4-2021,8.11,Lifeline,4,2,1217,17
7-11-2019,6.93,Valkyrie,3,3,1090,14
18-3-2019,5.27,Lifeline,10,10,3502,13
9-2-2021,28.41,Pathfinder,7,7,3274,6
29-5-2020,24.27,Valkyrie,9,8,3893,19
1-4-2020,24.15,Lifeline,3,6,2160,14
8-9-2019,5.78,Lifeline,3,6,1268,16
18-7-2020,20.28,Caustic,5,4,1757,16
2-6-2019,21.02,Caustic,7,7,3468,19
10-12-2019,15.56,Wraith,6,4,2689,15
25-11-2022,15.55,Lifeline,10,5,1858,6
30-10-2021,13.1,Pathfinder,10,8,4348,2
14-6-2020,29.18,Valkyrie,5,1,1564,3
26-4-2020,16.16,Valkyrie,6,9,2282,3
6-3-2021,7.21,Bloodhound,4,2,919,4
11-7-2020,10.78,Valkyrie,6,5,1972,6
10-1-2022,22.19,Lifeline,5,13,4051,8
1-6-2021,11.57,Lifeline,6,8,3169,1
19-11-2022,29.93,Bangalore,7,8,3002,5
12-3-2021,20.57,Bloodhound,2,1,832,2
25-6-2022,15.68,Valkyrie,4,3,1109,10
5-8-2020,21.91,Lifeline,3,10,2841,4
21-4-2020,17.4,Gibraltar,9,9,3242,4
25-11-2019,26.51,Caustic,4,4,998,15
5-4-2020,12.95,Bloodhound,6,6,1519,16
7-9-2019,5.23,Wraith,10,7,2641,12
26-9-2020,5.59,Lifeline,2,0,457,5
9-11-2019,0.68,Gibraltar,6,2,1125,2
26-8-2020,6.76,Bangalore,9,4,3570,4
13-1-2020,23.06,Bangalore,6,4,2487,20
7-6-2022,14.02,Wraith,11,5,2978,19
21-6-2022,23.92,Lifeline,7,7,2257,5
1-12-2021,24.73,Gibraltar,7,8,3689,15
22-3-2019,24.3,Lifeline,2,1,430,20
11-5-2021,14.66,Valkyrie,2,4,1427,4
21-6-2019,29.94,Valkyrie,2,2,689,7
12-11-2019,13.17,Bangalore,6,9,2774,8
30-7-2022,4.94,Bangalore,4,4,2298,5
14-4-2021,12.43,Caustic,6,9,3631,3
22-3-2019,13.97,Wraith,7,7,2625,7
11-10-2022,19.41,Gibraltar,2,1,800,6
15-11-2020,25.57,Caustic,5,3,2168,4
6-9-2021,4.88,Bloodhound,2,9,3030,2
2-6-2021,12.47,Wraith,8,9,3580,11
9-3-2020,4.73,Gibraltar,5,4,2772,20
20-4-2019,3.79,Pathfinder,6,5,2760,11
25-11-2020,21.0,Gibraltar,15,14,8814,5
31-10-2022,4.41,Bangalore,6,1,1527,4
8-10-2019,7.41,Gibraltar,4,8,3610,1
24-7-2022,1.39,Wraith,5,2,2200,12
20-11-2019,8.23,Wraith,3,3,1864,3
17-11-2022,26.33,Lifeline,4,5,1591,9
23-10-2021,8.01,Lifeline,5,8,3317,17
11-8-2019,18.54,Caustic,8,8,3337,5
20-11-2021,17.97,Gibraltar,1,3,958,19
19-11-2022,29.16,Bloodhound,5,8,2930,5
10-7-2022,17.96,Valkyrie,4,7,2331,14
11-5-2020,19.03,Valkyrie,4,5,1588,16
8-4-2019,11.46,Gibraltar,9,7,4303,9
23-1-2020,16.4,Lifeline,5,5,2871,11
8-4-2020,21.04,Bloodhound,10,12,6221,4
3-2-2020,24.98,Gibraltar,6,5,2905,6
11-5-2021,0.93,Bangalore,1,1,594,11
7-10-2021,20.0,Bangalore,9,4,3253,3
23-11-2021,10.26,Wraith,3,9,2302,20
25-5-2019,17.86,Gibraltar,4,10,3443,6
11-9-2021,26.21,Valkyrie,8,9,3430,10
14-6-2021,9.2,Caustic,9,9,4837,3
16-2-2019,6.86,Valkyrie,1,6,2262,13
27-7-2021,13.07,Lifeline,2,7,1592,18
20-3-2022,16.07,Valkyrie,3,4,1581,14
2-2-2021,20.65,Bloodhound,11,7,3517,9
26-6-2020,19.9,Pathfinder,8,8,3299,2
11-6-2020,3.97,Bangalore,7,5,3631,20
24-2-2020,15.01,Bangalore,9,7,3829,15
23-5-2020,1.95,Pathfinder,0,0,0,10
24-6-2020,18.4,Wraith,10,1,3620,13
23-9-2021,6.34,Wraith,5,5,2551,12
17-3-2020,15.88,Pathfinder,3,4,2130,3
17-12-2022,23.39,Lifeline,4,5,2967,4
5-1-2021,23.43,Bloodhound,10,7,4288,20
24-7-2022,5.86,Wraith,6,7,4117,10
28-8-2020,28.43,Bloodhound,3,0,761,9
22-6-2022,9.7,Lifeline,6,6,2884,12
1-9-2019,13.85,Wraith,2,4,1916,19
6-7-2020,1.93,Lifeline,6,3,2498,7
29-8-2020,6.75,Bangalore,4,5,1931,9
27-1-2022,24.39,Lifeline,8,5,4126,11
18-7-2022,29.9,Bangalore,14,6,4539,17
4-8-2021,18.21,Valkyrie,1,1,441,10
13-2-2020,0.75,Wraith,1,7,1507,4
27-2-2020,8.75,Gibraltar,2,3,1026,5
22-4-2019,25.54,Caustic,8,5,3371,1
20-5-2022,13.03,Caustic,6,4,2061,16
31-8-2021,8.46,Lifeline,11,8,5291,2
6-5-2020,26.2,Lifeline,9,8,5458,15
11-9-2022,20.89,Gibraltar,3,7,2095,13
24-6-2021,9.43,Pathfinder,2,5,1855,15
2-10-2019,14.71,Valkyrie,7,3,2319,15
24-11-2020,23.63,Bloodhound,7,11,4460,14
25-7-2021,21.66,Valkyrie,13,4,6201,11
2-5-2020,11.35,Valkyrie,5,11,4253,15
12-11-2020,9.03,Caustic,6,10,3268,1
13-3-2020,10.95,Gibraltar,7,2,1916,17
28-10-2021,19.83,Valkyrie,3,1,1404,6
19-1-2022,29.6,Gibraltar,4,2,1755,14
17-4-2022,16.29,Gibraltar,4,7,2466,7
24-5-2020,15.52,Valkyrie,8,5,4241,3
9-4-2021,25.16,Wraith,13,10,5721,3
18-12-2020,27.83,Lifeline,7,7,5174,9
18-1-2021,14.22,Bangalore,2,1,972,11
8-10-2020,16.21,Gibraltar,5,3,2775,11
17-9-2019,15.09,Bloodhound,2,7,2629,2
27-9-2020,21.4,Bangalore,6,8,4688,1
6-8-2020,11.04,Caustic,6,5,2715,13
26-9-2022,21.44,Valkyrie,8,6,3241,20
18-4-2019,19.41,Caustic,9,12,5390,1
27-7-2019,6.08,Bangalore,1,2,941,14
1-11-2020,25.25,Caustic,3,5,2377,6
17-8-2020,5.41,Lifeline,5,4,2466,20
18-7-2020,15.76,Bloodhound,5,7,3733,16
28-11-2022,17.96,Lifeline,4,11,3891,7
6-4-2020,23.33,Bloodhound,9,5,4378,13
21-4-2020,6.88,Caustic,7,6,3211,4
28-11-2022,17.78,Pathfinder,1,1,611,4
5-3-2019,20.21,Bloodhound,8,2,3443,20
9-2-2021,26.6,Pathfinder,7,9,3961,5
27-3-2022,0.24,Valkyrie,3,3,1738,3
2-9-2020,21.82,Wraith,5,7,4710,4
15-1-2020,19.2,Bloodhound,6,5,2687,14
11-7-2021,19.85,Bloodhound,9,6,5392,10
19-4-2021,25.96,Bangalore,2,2,1136,2
23-5-2021,21.99,Wraith,1,2,746,5
7-7-2020,11.93,Lifeline,3,2,1826,1
15-11-2022,14.68,Wraith,9,4,3627,15
13-2-2019,19.43,Valkyrie,4,12,4411,18
14-7-2019,21.13,Lifeline,6,12,6355,17
26-5-2021,11.86,Pathfinder,8,7,5664,2
27-2-2021,14.54,Gibraltar,2,5,2229,16
31-7-2021,7.62,Bangalore,6,7,3883,11
9-1-2022,12.61,Pathfinder,4,6,3510,18
17-11-2022,3.32,Wraith,3,5,2549,19
4-8-2022,11.25,Lifeline,4,4,3079,15
6-8-2019,25.49,Caustic,6,9,5937,1
7-9-2021,18.62,Pathfinder,8,7,3965,16
7-8-2022,29.77,Caustic,1,2,746,9
19-5-2020,5.52,Valkyrie,2,2,1477,20
31-8-2022,22.73,Wraith,3,9,3545,1
10-10-2021,25.47,Wraith,6,5,2873,13
21-12-2020,12.29,Lifeline,6,6,4502,19
26-11-2021,29.94,Bloodhound,10,9,4981,17
13-2-2022,17.34,Pathfinder,10,11,1390,15
11-8-2020,23.79,Wraith,2,9,2005,16
1-6-2022,25.9,Bangalore,7,2,1436,4
24-8-2021,20.79,Bloodhound,3,2,832,6
2-5-2021,23.77,Caustic,13,4,2696,2
1-12-2021,19.77,Gibraltar,5,6,945,17
28-12-2019,22.19,Pathfinder,8,8,1516,2
8-3-2022,5.68,Pathfinder,12,6,3023,6
23-2-2022,11.94,Wraith,0,7,1117,14
9-2-2020,16.91,Valkyrie,7,1,1420,3
17-8-2021,23.95,Caustic,4,5,1459,17
30-7-2021,26.75,Bangalore,10,3,2051,18
26-5-2020,5.51,Bloodhound,6,7,1719,7
17-5-2020,26.66,Valkyrie,8,6,1482,3
17-12-2019,11.27,Pathfinder,8,6,1452,4
15-10-2021,25.25,Bloodhound,0,2,138,15
14-9-2021,14.7,Caustic,3,4,1283,3
4-4-2019,27.52,Valkyrie,5,8,2867,12
13-7-2020,18.96,Bangalore,4,8,1007,18
15-7-2020,1.84,Gibraltar,7,9,1896,14
6-5-2021,29.04,Bangalore,6,12,3700,8
28-9-2020,25.34,Caustic,8,9,2262,3
4-12-2021,19.35,Caustic,1,1,340,14
27-10-2021,12.03,Lifeline,2,1,693,8
28-7-2020,19.08,Wraith,3,5,1327,13
28-8-2019,29.08,Wraith,4,7,1482,15
13-5-2021,4.22,Bloodhound,11,6,3385,5
29-5-2020,28.27,Wraith,8,5,1383,7
18-12-2020,18.56,Wraith,8,8,3210,9
15-7-2022,20.71,Bangalore,2,3,925,6
16-3-2019,22.65,Pathfinder,3,1,820,17
3-11-2022,8.23,Wraith,4,4,1005,11
28-9-2022,21.28,Pathfinder,11,9,2308,14
14-6-2022,27.53,Caustic,9,5,1766,12
28-4-2020,7.35,Valkyrie,8,8,3281,8
27-10-2019,7.08,Valkyrie,7,9,1675,15
17-4-2020,3.03,Bangalore,7,0,837,10
30-5-2022,20.2,Bloodhound,2,9,1862,11
13-6-2019,6.45,Pathfinder,2,2,925,18
7-9-2019,13.33,Caustic,5,7,1864,2
7-7-2022,17.92,Wraith,6,5,1775,6
26-10-2022,17.45,Wraith,6,12,2640,20
10-11-2022,27.06,Bloodhound,9,7,3014,9
3-12-2021,24.68,Bloodhound,0,9,905,8
6-3-2022,1.11,Wraith,1,5,824,13
26-12-2022,16.67,Bangalore,4,6,1659,10
8-8-2021,16.16,Bangalore,12,11,5089,10
25-5-2021,11.42,Caustic,6,4,1038,7
15-12-2021,27.56,Lifeline,7,8,3479,13
21-3-2022,18.71,Caustic,9,7,3917,1
30-7-2020,22.86,Pathfinder,2,7,999,15
21-1-2021,2.44,Wraith,6,7,2410,13
28-12-2021,21.9,Valkyrie,5,8,1734,15
1-11-2019,1.31,Wraith,3,4,951,8
15-3-2019,17.22,Caustic,8,9,4049,18
27-5-2020,23.17,Lifeline,7,7,2024,14
9-9-2022,12.04,Bangalore,8,6,3736,6
7-10-2022,11.05,Wraith,8,1,1274,20
16-3-2019,14.32,Wraith,1,3,575,14
24-4-2019,25.28,Pathfinder,9,3,1458,15
21-10-2022,12.94,Gibraltar,6,3,1397,10
27-12-2020,2.11,Wraith,4,7,1533,11
8-12-2020,9.96,Bloodhound,5,6,2382,16
12-2-2020,12.45,Pathfinder,9,7,2762,14
17-5-2022,17.51,Bangalore,7,4,1880,19
13-1-2020,8.15,Bangalore,4,3,1584,13
11-7-2021,14.39,Gibraltar,2,3,1303,10
8-4-2019,24.83,Bangalore,4,6,2227,11
28-5-2022,20.33,Lifeline,9,5,3897,4
5-5-2020,0.47,Valkyrie,9,5,3558,3
24-12-2020,0.68,Bangalore,11,6,3434,13
23-1-2022,2.14,Valkyrie,1,1,481,7
10-7-2019,3.22,Valkyrie,3,3,929,4
22-3-2020,24.62,Pathfinder,7,7,2197,8
26-11-2022,24.04,Gibraltar,8,9,3507,19
2-9-2019,16.39,Valkyrie,4,9,2089,19
2-5-2022,20.09,Pathfinder,7,6,1959,4
23-9-2019,15.1,Lifeline,10,7,3852,20
16-12-2020,24.32,Bloodhound,3,5,1567,20
4-8-2022,22.7,Caustic,2,3,1009,14
22-3-2021,2.42,Gibraltar,3,7,1462,6
21-6-2020,19.87,Caustic,4,6,2777,14
28-8-2020,21.43,Bangalore,6,5,2317,7
26-6-2022,13.45,Bangalore,5,5,1949,17
18-4-2021,10.01,Lifeline,10,6,3144,5
6-1-2020,0.71,Valkyrie,4,0,805,17
11-1-2022,23.34,Valkyrie,2,2,914,17
7-8-2021,21.79,Caustic,3,3,1404,15
2-10-2021,18.6,Pathfinder,4,4,1588,6
30-10-2021,12.59,Caustic,9,8,2624,11
13-2-2022,29.44,Bangalore,10,7,2880,17
29-1-2020,29.53,Lifeline,9,12,3486,14
25-10-2022,22.37,Pathfinder,3,7,2587,6
12-7-2022,5.58,Caustic,1,1,503,7
25-10-2021,4.02,Wraith,2,9,2995,13
28-2-2022,8.89,Pathfinder,5,3,2036,13
30-7-2021,1.76,Valkyrie,5,5,1766,7
27-7-2022,13.45,Valkyrie,10,5,4692,11
14-7-2019,28.86,Bangalore,7,12,4765,7
29-12-2022,24.1,Bloodhound,1,4,990,11
