21-6-2019,4.79,Wraith,5,1,601,3
23-6-2021,5.23,Bloodhound,0,6,1147,16
17-4-2021,27.51,Wraith,6,3,1687,19
17-4-2022,24.25,Bloodhound,16,3,3053,2
2-3-2022,17.37,Revenant,2,3,911,11
16-6-2019,8.53,Revenant,2,9,1071,16
28-4-2020,0.6,Mirage,2,0,398,6
17-4-2020,28.96,Bangalore,2,5,1064,18
11-7-2019,7.05,Pathfinder,0,10,1535,12
17-2-2022,22.07,Mirage,9,7,2092,6
29-1-2022,28.48,Pathfinder,2,14,3001,17
4-10-2021,16.65,Bangalore,4,4,1113,6
23-11-2019,9.27,Pathfinder,17,1,1565,7
14-6-2022,20.88,Gibraltar,4,2,483,4
18-11-2020,21.92,Gibraltar,2,7,1510,12
18-10-2019,22.81,Gibraltar,5,5,667,6
6-9-2021,7.03,Mirage,7,7,1560,10
14-9-2022,24.9,Mirage,14,12,1394,16
24-8-2020,19.51,Valkyrie,9,1,624,1
9-7-2020,6.12,Wraith,14,1,932,11
18-10-2019,12.17,Revenant,1,5,1034,4
12-9-2019,28.35,Bangalore,7,7,2365,3
2-8-2021,1.69,Valkyrie,6,11,2405,2
1-2-2022,7.13,Revenant,1,3,315,8
1-4-2021,18.18,Wraith,5,10,787,7
9-11-2021,13.29,Valkyrie,1,1,154,11
7-5-2022,15.71,Gibraltar,6,6,1738,5
1-10-2019,6.33,Mirage,8,3,1932,9
2-10-2020,9.22,Lifeline,1,1,281,1
23-2-2020,22.13,Gibraltar,4,8,2409,16
5-3-2020,0.78,Wraith,4,3,495,2
4-7-2020,14.72,Mad Maggie,3,2,580,1
29-11-2020,26.94,Bloodhound,2,4,1120,17
26-10-2019,29.14,Lifeline,6,12,2254,9
4-9-2021,19.55,Gibraltar,4,7,1792,11
15-5-2019,10.39,Mirage,11,7,1999,8
16-9-2019,18.06,Mad Maggie,3,5,1433,1
28-2-2021,21.46,Revenant,10,2,2196,15
16-10-2020,12.28,Bloodhound,8,9,2361,2
14-9-2020,19.46,Bangalore,10,8,3798,5
5-11-2021,12.45,Bloodhound,2,15,2383,13
23-3-2021,23.13,Bloodhound,14,11,3157,14
14-12-2021,7.21,Mad Maggie,0,7,1263,16
21-4-2020,20.47,Revenant,7,6,1329,17
28-10-2022,10.05,Bangalore,5,1,553,4
15-4-2021,23.68,Valkyrie,5,7,1241,13
11-10-2022,0.15,Wraith,5,2,436,19
27-2-2019,21.22,Wraith,13,6,2748,5
29-6-2019,24.64,Wraith,2,4,830,9
15-9-2021,26.78,Revenant,15,2,3909,16
6-6-2022,16.4,Lifeline,12,7,1105,8
11-2-2019,28.39,Bloodhound,3,10,1698,5
10-7-2021,6.38,Bloodhound,4,2,1048,19
22-4-2021,7.82,Pathfinder,10,0,1938,7
27-12-2022,25.07,Pathfinder,4,4,1183,15
13-5-2020,4.67,Mad Maggie,3,2,954,17
24-7-2022,1.15,Pathfinder,0,18,3363,15
29-8-2019,21.13,Wraith,2,4,435,7
23-3-2019,13.89,Lifeline,8,9,1618,17
12-10-2021,7.68,Gibraltar,6,3,818,8
21-7-2020,5.47,Bangalore,7,0,460,8
21-12-2021,24.83,Mirage,2,8,1075,5
4-8-2022,23.06,Pathfinder,2,5,490,15
29-9-2020,15.09,Bangalore,1,6,1320,11
6-10-2019,19.72,Bloodhound,9,3,920,20
7-12-2021,14.46,Wraith,1,8,1285,11
27-3-2020,27.57,Lifeline,2,10,1716,4
28-4-2021,14.84,Bloodhound,3,6,900,11
28-3-2020,15.29,Lifeline,9,5,2437,5
21-4-2019,20.0,Revenant,5,2,607,1
19-5-2020,24.03,Pathfinder,13,2,1217,2
30-3-2022,22.67,Wraith,6,4,1418,5
15-8-2021,5.32,Lifeline,9,8,2750,1
2-3-2022,13.61,Bloodhound,4,8,2320,5
3-9-2020,17.17,Bloodhound,3,1,843,11
2-12-2019,12.67,Valkyrie,6,7,1327,18
5-11-2022,15.44,Mirage,2,8,1606,18
25-9-2022,12.06,Mirage,3,6,1297,10
18-12-2021,8.87,Revenant,9,0,850,10
22-2-2022,14.28,Wraith,1,2,271,17
1-8-2019,16.85,Wraith,8,4,2507,20
7-12-2021,1.96,Bangalore,5,1,1014,4
4-12-2020,4.79,Lifeline,6,1,780,8
8-5-2019,29.59,Bangalore,2,3,534,2
5-9-2019,25.55,Lifeline,9,5,2843,8
1-9-2021,4.84,Pathfinder,4,7,1082,12
21-11-2020,24.56,Gibraltar,9,10,2149,18
18-8-2021,2.66,Lifeline,6,1,779,1
13-4-2020,21.34,Lifeline,2,11,2387,9
26-3-2022,1.92,Bloodhound,0,7,1182,18
26-7-2019,3.95,Revenant,14,13,5727,11
10-4-2019,5.86,Valkyrie,3,5,1614,1
18-12-2022,28.12,Pathfinder,6,2,1706,1
28-8-2020,8.63,Revenant,4,1,941,7
15-5-2021,1.84,Mirage,3,4,1447,16
21-3-2020,17.09,Mirage,6,1,875,11
4-4-2020,16.86,Mad Maggie,20,9,6234,3
15-6-2020,1.42,Mirage,0,6,629,2
31-3-2020,8.02,Bloodhound,2,3,316,11
21-12-2020,4.42,Mirage,4,1,541,6
18-9-2020,0.92,Gibraltar,2,0,374,5
29-4-2021,28.35,Mirage,6,18,3894,4
2-10-2019,14.83,Valkyrie,2,1,556,18
10-11-2022,9.33,Gibraltar,6,2,814,6
8-3-2022,16.54,Mad Maggie,1,2,485,13
25-9-2022,11.07,Bangalore,3,6,608,7
4-2-2021,10.9,Lifeline,7,1,717,17
17-9-2020,13.92,Bloodhound,18,5,1867,1
26-4-2022,6.98,Revenant,2,0,332,17
7-9-2019,0.16,Valkyrie,16,0,1587,17
7-8-2022,0.75,Bloodhound,7,0,442,9
30-12-2022,14.99,Mad Maggie,4,7,901,17
20-8-2019,14.88,Wraith,7,7,2382,20
17-12-2021,14.08,Wraith,8,17,4722,6
12-4-2021,3.88,Valkyrie,5,3,777,9
4-1-2022,7.64,Mad Maggie,4,9,1047,15
7-1-2022,19.26,Mad Maggie,2,4,519,19
25-1-2021,5.94,Bangalore,18,1,1636,11
21-12-2020,21.54,Gibraltar,4,20,1688,17
17-11-2022,21.66,Pathfinder,10,6,3237,15
24-9-2020,29.45,Mad Maggie,11,11,2414,15
19-2-2019,0.09,Bangalore,2,9,1341,10
11-5-2019,2.37,Pathfinder,0,5,295,9
7-5-2021,3.19,Pathfinder,1,2,234,14
9-12-2021,24.75,Mad Maggie,2,6,1016,15
7-8-2020,25.59,Mad Maggie,9,2,2335,15
6-12-2019,26.53,Mirage,4,9,1227,18
1-8-2020,3.29,Wraith,8,0,1611,3
17-11-2022,3.23,Mirage,9,5,2684,17
17-11-2019,24.58,Revenant,3,5,1582,8
2-3-2022,5.82,Revenant,0,1,147,8
31-3-2022,27.29,Mirage,5,9,2451,4
4-3-2020,9.84,Mirage,16,9,1546,12
12-10-2020,26.05,Pathfinder,6,2,927,19
1-3-2019,25.65,Valkyrie,2,19,3311,3
12-1-2022,27.1,Wraith,4,16,1118,14
5-12-2022,29.49,Mad Maggie,16,9,1510,18
16-3-2021,7.8,Mad Maggie,1,16,2092,6
6-3-2020,20.91,Gibraltar,2,15,2172,3
16-2-2019,17.73,Bloodhound,2,14,2380,12
10-12-2021,19.48,Gibraltar,3,5,500,16
13-7-2022,5.79,Mad Maggie,1,1,238,15
15-4-2019,20.26,Bloodhound,6,9,2879,17
27-2-2022,11.05,Bangalore,2,1,470,16
14-1-2021,29.4,Pathfinder,19,4,3651,11
15-2-2019,4.88,Wraith,4,2,484,6
23-4-2022,18.26,Revenant,4,2,667,20
31-8-2022,13.15,Wraith,1,7,1008,7
5-11-2019,13.76,Mad Maggie,13,1,1942,11
12-5-2019,19.48,Bangalore,6,5,1718,18
25-6-2022,4.0,Mirage,0,6,387,8
20-8-2021,8.5,Revenant,4,7,1962,10
21-11-2019,16.37,Valkyrie,5,5,1569,16
17-3-2022,3.93,Mad Maggie,6,3,1848,11
31-8-2019,28.11,Gibraltar,5,8,764,4
9-7-2021,5.76,Lifeline,8,15,1671,17
5-11-2021,22.06,Valkyrie,7,5,1969,12
6-5-2021,9.61,Bloodhound,4,0,313,2
2-9-2021,7.92,Bloodhound,5,0,679,8
19-1-2020,27.63,Pathfinder,10,5,2866,7
6-4-2021,16.22,Valkyrie,2,4,857,1
25-8-2022,1.93,Bloodhound,1,16,924,13
1-11-2022,10.96,Mirage,4,5,1260,14
11-6-2022,3.31,Pathfinder,5,10,2651,18
2-7-2020,17.41,Wraith,15,2,2484,8
25-12-2019,12.15,Valkyrie,2,1,449,11
16-9-2020,28.74,Revenant,3,9,890,5
1-6-2020,10.43,Pathfinder,5,16,3482,13
9-3-2019,24.45,Bangalore,13,15,5452,14
12-5-2022,25.14,Lifeline,2,2,610,20
6-3-2019,24.55,Revenant,11,12,2599,15
9-6-2022,9.41,Bloodhound,2,0,137,16
3-5-2020,24.38,Bangalore,11,11,4146,17
28-12-2021,6.12,Gibraltar,2,0,367,17
11-11-2021,3.31,Wraith,7,4,2395,4
20-10-2022,29.09,Mad Maggie,10,9,3799,11
29-4-2019,25.91,Bangalore,6,8,1541,9
9-10-2021,23.41,Gibraltar,5,6,2267,3
15-6-2022,18.02,Pathfinder,2,18,3359,16
28-6-2020,20.91,Valkyrie,4,5,1395,7
12-1-2021,6.96,Mirage,0,3,431,10
27-1-2020,20.92,Wraith,2,3,619,20
18-5-2021,8.1,Gibraltar,5,4,1363,3
9-7-2019,19.1,Valkyrie,9,1,845,1
7-12-2021,19.8,Revenant,1,2,237,12
23-9-2019,14.99,Lifeline,1,5,1190,12
20-4-2019,10.92,Gibraltar,5,4,1449,15
16-3-2022,11.05,Bloodhound,2,3,519,13
11-8-2021,15.05,Valkyrie,11,13,1878,18
13-5-2020,16.4,Bloodhound,5,4,1093,6
10-1-2021,25.45,Pathfinder,5,3,1369,17
12-7-2021,12.79,Bloodhound,2,7,1260,13
25-1-2021,0.96,Wraith,1,11,1328,14
9-2-2019,5.52,Revenant,0,12,1530,4
7-3-2021,13.7,Pathfinder,10,3,1995,6
17-9-2022,3.32,Wraith,0,9,1591,10
23-7-2021,27.3,Valkyrie,6,6,2256,9
19-8-2019,12.11,Gibraltar,5,10,2073,13
19-12-2021,24.93,Gibraltar,8,13,3090,16
13-12-2022,23.04,Pathfinder,2,11,1122,6
29-8-2019,6.66,Valkyrie,1,4,946,3
7-8-2022,25.08,Gibraltar,2,4,572,20
24-2-2020,16.83,Gibraltar,4,14,2366,10
12-9-2021,1.41,Mad Maggie,10,1,2487,8
23-1-2022,12.97,Gibraltar,6,8,2428,19
3-4-2020,23.48,Revenant,9,15,3245,7
29-9-2019,13.28,Pathfinder,1,10,956,7
7-8-2019,7.89,Mirage,1,10,1793,9
6-12-2022,8.19,Valkyrie,0,0,0,7
26-12-2021,28.77,Wraith,10,3,1260,4
16-5-2021,10.64,Pathfinder,2,1,329,7
5-3-2021,0.1,Bloodhound,4,0,435,6
17-8-2019,10.9,Lifeline,1,4,377,3
4-5-2021,3.37,Bloodhound,1,1,300,9
11-3-2021,16.22,Wraith,5,3,1437,19
30-9-2019,29.68,Wraith,6,14,2389,8
21-4-2022,26.12,Pathfinder,16,3,3530,4
28-8-2021,26.89,Pathfinder,3,15,2160,9
10-6-2019,1.89,Valkyrie,11,6,2699,8
15-12-2020,14.52,Bloodhound,5,3,990,8
22-8-2019,21.3,Mad Maggie,9,10,1480,5
3-2-2022,8.15,Wraith,1,1,132,15
14-8-2020,26.05,Valkyrie,2,2,532,11
1-6-2019,16.4,Revenant,11,2,1654,17
13-4-2021,0.82,Mad Maggie,3,2,1047,15
7-7-2022,15.62,Mad Maggie,12,1,2489,7
21-5-2021,6.78,Gibraltar,3,4,1236,8
23-5-2022,15.84,Gibraltar,1,14,1692,4
3-3-2019,3.36,Lifeline,8,0,1851,17
15-1-2021,6.87,Wraith,5,1,369,15
1-4-2020,25.22,Mirage,4,7,1838,2
9-3-2022,25.37,Revenant,4,5,1502,8
6-1-2020,19.14,Wraith,10,2,1595,12
3-1-2020,22.18,Bloodhound,2,3,851,10
16-12-2022,29.78,Bangalore,8,9,1767,1
26-1-2021,18.15,Revenant,1,8,1197,8
13-4-2021,21.21,Bangalore,3,10,1933,10
12-6-2020,10.74,Mad Maggie,17,9,1968,8
21-6-2020,2.19,Wraith,4,0,842,3
26-3-2021,16.2,Lifeline,6,1,749,10
23-2-2021,3.8,Wraith,3,3,464,20
20-4-2020,1.33,Gibraltar,0,5,710,3
23-12-2022,23.0,Lifeline,2,3,459,2
6-11-2022,28.07,Revenant,2,4,883,9
1-9-2019,10.78,Lifeline,2,1,220,9
6-8-2022,15.93,Gibraltar,5,7,2294,1
9-11-2022,24.23,Pathfinder,11,9,2813,20
5-3-2019,25.39,Bloodhound,5,3,1573,17
11-10-2021,9.82,Valkyrie,5,5,1819,1
24-6-2021,8.57,Lifeline,4,9,1237,13
21-7-2022,19.85,Bloodhound,8,6,2742,15
12-5-2020,13.29,Wraith,15,1,3544,16
3-11-2022,16.79,Lifeline,1,1,327,14
13-3-2022,25.25,Bloodhound,7,2,1549,10
6-8-2020,22.35,Bloodhound,5,2,1141,4
6-10-2019,23.11,Lifeline,5,5,1043,11
22-11-2021,0.26,Wraith,6,0,1163,9
20-4-2019,26.8,Gibraltar,3,2,995,8
24-8-2022,18.23,Bangalore,18,7,5228,18
28-6-2022,14.8,Pathfinder,3,9,1135,3
26-3-2019,27.0,Lifeline,5,2,1102,17
15-8-2020,1.36,Bangalore,5,8,2588,10
26-8-2020,5.43,Mirage,2,9,807,14
22-7-2020,24.87,Revenant,2,3,337,13
2-8-2020,25.03,Valkyrie,4,5,854,19
19-6-2021,5.67,Valkyrie,8,3,1794,13
13-10-2020,8.12,Wraith,0,14,836,18
11-8-2022,4.18,Bloodhound,0,9,474,11
9-12-2022,7.99,Pathfinder,7,0,1672,20
27-7-2020,7.1,Bloodhound,7,2,1427,9
20-8-2020,19.49,Revenant,3,1,831,12
15-4-2022,29.72,Wraith,12,5,1434,5
13-4-2020,3.55,Mirage,5,18,2420,9
3-7-2021,8.34,Bangalore,6,16,3622,16
3-6-2022,27.85,Lifeline,8,16,4697,5
9-7-2021,8.92,Pathfinder,5,3,1036,11
1-2-2020,13.58,Gibraltar,2,12,708,6
29-5-2021,1.97,Mirage,1,4,647,3
18-4-2021,9.06,Bangalore,5,12,2845,18
30-9-2022,23.64,Gibraltar,8,7,2613,12
22-1-2020,17.58,Lifeline,3,9,1201,18
1-10-2022,18.52,Gibraltar,11,5,1154,4
2-5-2022,13.4,Valkyrie,12,1,1723,20
29-9-2021,1.8,Valkyrie,0,1,181,10
2-10-2019,19.8,Mirage,2,1,331,16
26-6-2021,22.15,Mirage,4,5,696,9
3-4-2021,26.75,Mad Maggie,8,6,1721,15
2-8-2019,19.75,Valkyrie,10,1,2536,2
23-3-2019,4.88,Lifeline,2,8,1115,8
28-7-2022,3.51,Wraith,3,10,1961,20
30-6-2019,16.25,Wraith,9,6,3021,14
4-12-2020,8.85,Bloodhound,4,3,657,7
13-9-2020,22.32,Wraith,7,3,793,8
18-5-2019,9.81,Valkyrie,2,2,656,8
5-10-2019,23.2,Pathfinder,3,7,2050,11
17-9-2021,18.27,Mad Maggie,1,1,263,13
3-4-2020,15.46,Pathfinder,7,8,2657,18
29-12-2020,27.15,Mirage,2,7,566,14
1-8-2021,5.55,Valkyrie,0,4,652,18
31-7-2019,24.86,Pathfinder,11,7,3341,7
25-8-2020,19.43,Revenant,2,16,928,8
21-11-2022,12.97,Bloodhound,6,11,2245,2
10-8-2020,12.81,Valkyrie,2,10,2330,10
28-7-2019,0.22,Gibraltar,1,3,815,1
21-8-2021,16.74,Gibraltar,10,9,2594,4
25-10-2019,16.48,Lifeline,10,7,2484,4
15-6-2022,16.7,Gibraltar,10,1,1080,15
28-1-2020,5.4,Lifeline,17,0,4056,9
11-11-2021,10.21,Bloodhound,1,6,541,2
26-12-2020,19.45,Lifeline,7,3,1984,16
13-2-2022,25.59,Bangalore,13,5,1087,3
5-10-2022,17.34,Wraith,5,1,1234,13
1-4-2021,18.31,Mad Maggie,3,2,254,5
12-7-2022,26.05,Revenant,3,18,2126,3
31-7-2021,13.12,Bangalore,7,6,1755,18
31-8-2022,26.5,Valkyrie,3,6,1656,13
25-6-2020,28.14,Bangalore,11,3,1988,4
8-8-2020,16.59,Pathfinder,2,5,705,4
12-6-2020,24.6,Revenant,3,13,2099,9
21-12-2020,15.09,Mad Maggie,6,11,1802,6
6-9-2019,29.32,Bangalore,4,16,1749,16
10-2-2021,17.5,Wraith,9,2,2064,3
17-12-2022,1.52,Revenant,8,5,1600,7
8-1-2021,20.39,Pathfinder,2,5,718,3
19-5-2020,20.3,Gibraltar,3,4,432,12
26-4-2021,8.0,Gibraltar,3,4,454,4
2-12-2021,12.66,Revenant,10,3,1932,11
10-1-2021,21.63,Pathfinder,6,12,1366,7
2-10-2020,18.96,Mad Maggie,6,1,1611,20
2-4-2022,12.61,Wraith,3,7,2017,18
17-11-2020,14.73,Pathfinder,9,18,5089,7
21-10-2020,26.94,Revenant,5,2,1081,14
17-6-2020,16.16,Bloodhound,1,7,1068,6
1-10-2021,10.87,Gibraltar,4,11,1141,17
23-3-2021,27.73,Valkyrie,7,12,2860,7
24-10-2019,11.04,Valkyrie,6,1,1510,6
15-2-2019,10.8,Valkyrie,3,8,1497,18
14-6-2020,3.15,Lifeline,2,4,1171,1
3-6-2022,9.03,Bangalore,1,3,423,15
26-9-2019,7.27,Wraith,11,2,1489,3
25-3-2021,27.17,Wraith,3,4,1242,9
21-7-2021,19.59,Lifeline,2,5,443,3
1-3-2020,4.79,Bloodhound,9,1,2310,12
16-10-2019,29.61,Mad Maggie,2,2,697,1
21-6-2021,1.5,Gibraltar,10,4,2602,1
9-12-2021,18.95,Gibraltar,10,6,1240,5
12-3-2021,3.15,Valkyrie,8,0,1404,1
29-11-2022,2.53,Bloodhound,12,2,1965,7
10-12-2021,5.65,Bloodhound,3,1,733,14
16-7-2019,17.21,Wraith,12,14,4488,18
18-11-2021,22.84,Lifeline,2,9,945,9
21-11-2021,6.1,Mad Maggie,0,3,322,11
27-6-2022,15.92,Wraith,11,2,1905,14
10-7-2019,22.59,Mad Maggie,3,12,2752,13
6-6-2019,29.42,Mad Maggie,14,13,3797,13
26-8-2019,21.66,Valkyrie,3,9,1040,18
16-7-2019,23.61,Pathfinder,10,6,2546,9
24-11-2022,12.23,Revenant,3,3,616,12
30-12-2022,23.71,Bloodhound,16,10,3152,17
22-12-2019,4.7,Bloodhound,4,7,1962,3
18-1-2022,10.49,Valkyrie,10,3,1092,6
31-3-2022,8.54,Revenant,0,3,471,2
11-3-2020,1.11,Bloodhound,11,5,1556,6
19-4-2020,8.28,Mad Maggie,1,3,472,19
19-9-2020,8.22,Bloodhound,4,14,2267,5
2-4-2022,22.25,Mirage,3,7,1854,1
26-4-2020,18.82,Valkyrie,5,6,922,8
23-2-2021,25.5,Lifeline,20,2,4397,16
8-6-2021,28.55,Wraith,6,5,2258,13
14-5-2021,9.4,Bangalore,8,0,784,5
28-3-2022,6.44,Revenant,0,14,1758,18
16-6-2021,11.15,Wraith,1,11,801,19
15-2-2021,11.83,Wraith,8,6,1281,20
8-1-2022,6.39,Mad Maggie,4,8,2222,11
31-5-2020,7.46,Wraith,8,1,969,17
19-2-2021,28.6,Valkyrie,4,2,718,11
16-6-2021,20.5,Wraith,4,3,825,3
8-5-2022,28.76,Lifeline,5,3,537,16
1-5-2021,5.3,Revenant,0,2,229,13
10-7-2019,25.85,Gibraltar,6,4,1931,4
22-5-2021,23.34,Gibraltar,2,4,809,4
24-9-2019,23.88,Mad Maggie,4,2,856,16
6-4-2022,26.06,Gibraltar,10,2,1767,13
23-4-2020,12.91,Lifeline,19,12,2992,13
29-5-2019,19.36,Gibraltar,6,2,829,4
24-3-2021,15.0,Valkyrie,2,4,638,16
28-9-2021,13.59,Mirage,4,3,435,3
1-6-2022,18.66,Revenant,4,5,513,2
23-5-2020,0.23,Valkyrie,0,1,139,20
3-8-2019,4.24,Wraith,16,7,5168,18
3-8-2019,26.52,Lifeline,12,4,2425,14
14-1-2020,9.2,Mad Maggie,1,13,2450,13
30-5-2021,25.62,Gibraltar,3,2,661,2
28-8-2019,26.41,Bangalore,3,4,888,12
15-6-2019,3.5,Gibraltar,3,11,771,7
26-5-2020,5.56,Valkyrie,1,2,442,2
22-2-2021,9.24,Mirage,5,0,1105,9
13-3-2019,22.34,Valkyrie,2,2,213,11
10-6-2021,1.54,Mad Maggie,1,5,1195,19
8-4-2020,15.25,Wraith,9,13,2814,8
27-1-2022,7.18,Bloodhound,1,4,227,14
3-4-2020,15.24,Lifeline,7,1,1686,9
17-2-2020,3.27,Bloodhound,4,0,374,4
28-7-2019,27.25,Bangalore,13,3,2461,20
14-11-2020,15.09,Pathfinder,16,4,3513,20
13-8-2022,29.85,Pathfinder,2,10,659,3
27-12-2022,11.49,Mad Maggie,16,7,4976,3
30-11-2020,16.39,Wraith,9,3,1335,17
25-7-2020,13.76,Mirage,2,3,735,11
23-5-2022,27.7,Valkyrie,6,2,762,15
22-10-2020,26.41,Pathfinder,17,5,3183,17
17-3-2020,6.08,Revenant,11,3,3118,6
12-2-2022,15.48,Mad Maggie,16,1,3277,3
14-12-2021,7.76,Wraith,5,1,1272,9
5-10-2019,6.68,Wraith,4,1,569,3
19-10-2022,1.98,Bloodhound,5,5,1657,1
26-10-2019,12.06,Revenant,8,1,1155,19
1-8-2021,14.14,Revenant,1,12,2268,4
17-10-2022,21.99,Lifeline,7,9,1657,13
11-5-2021,20.61,Bangalore,3,2,811,9
26-11-2022,17.07,Valkyrie,7,3,2109,4
19-12-2020,16.55,Bangalore,7,3,1286,14
5-9-2021,13.98,Pathfinder,2,1,577,17
1-2-2020,5.05,Wraith,11,5,3410,2
21-4-2019,6.54,Valkyrie,0,9,1517,3
27-9-2020,2.48,Bangalore,6,6,1216,2
23-7-2021,18.88,Lifeline,7,16,4096,5
17-3-2020,10.89,Gibraltar,2,1,181,3
21-8-2019,6.79,Mad Maggie,4,1,547,3
9-3-2021,14.72,Mirage,13,15,1695,19
6-3-2021,7.56,Revenant,0,5,804,4
2-9-2022,12.65,Pathfinder,6,4,1490,12
29-9-2022,14.55,Wraith,2,12,1462,19
18-3-2019,27.7,Bloodhound,5,2,1311,7
2-11-2021,11.1,Wraith,7,4,1529,6
21-3-2020,23.61,Pathfinder,7,8,1574,20
30-10-2021,10.12,Bloodhound,1,2,422,19
25-8-2019,20.55,Mad Maggie,5,2,1145,15
7-11-2021,0.95,Lifeline,2,13,2732,11
2-2-2020,8.3,Valkyrie,3,9,1740,6
7-2-2022,14.61,Pathfinder,1,1,225,12
1-11-2020,15.02,Revenant,7,9,2232,10
27-3-2021,7.49,Mirage,7,1,1473,10
24-10-2019,16.9,Mad Maggie,4,1,419,14
21-2-2019,13.7,Wraith,13,5,1100,16
13-7-2020,24.94,Mad Maggie,4,11,2187,13
23-11-2021,29.08,Lifeline,2,5,989,14
9-10-2019,8.24,Bangalore,13,1,989,14
18-1-2021,20.42,Bloodhound,7,5,1356,10
16-9-2021,6.04,Mad Maggie,0,4,613,2
25-4-2020,0.03,Mad Maggie,5,7,1433,13
5-9-2019,12.0,Revenant,3,4,1288,12
4-6-2022,4.61,Revenant,0,11,1249,14
23-1-2021,10.61,Valkyrie,1,1,322,17
18-12-2021,16.0,Valkyrie,7,1,620,18
5-11-2020,26.43,Lifeline,3,16,3458,16
1-9-2019,22.88,Mirage,3,3,545,8
29-12-2020,5.82,Mad Maggie,1,14,1900,5
11-11-2021,23.02,Lifeline,10,2,1975,4
24-9-2020,3.24,Mad Maggie,6,4,1940,13
29-3-2022,18.07,Bangalore,3,7,1564,17
30-9-2020,10.71,Valkyrie,3,4,381,13
4-12-2020,0.82,Mirage,6,0,933,10
27-3-2020,28.86,Gibraltar,16,7,1794,2
15-12-2019,26.68,Wraith,16,3,3487,12
24-3-2021,1.98,Bangalore,1,2,193,11
19-2-2021,8.04,Lifeline,6,0,418,20
22-10-2020,10.97,Bloodhound,4,3,716,6
9-12-2020,20.66,Mad Maggie,14,7,2657,7
27-8-2020,14.59,Pathfinder,17,6,4543,5
25-10-2022,10.94,Mad Maggie,9,5,1329,12
3-9-2019,17.26,Gibraltar,5,7,1365,13
20-4-2019,11.47,Bloodhound,2,9,2009,1
23-7-2019,22.12,Mad Maggie,6,7,1345,19
27-5-2020,18.84,Gibraltar,10,5,2113,8
9-1-2022,5.78,Mirage,6,4,1821,18
24-3-2022,13.68,Mirage,1,1,387,4
5-5-2021,2.32,Pathfinder,0,1,183,14
26-4-2019,18.69,Pathfinder,2,13,1939,8
24-11-2019,20.42,Bloodhound,2,4,341,14
16-5-2019,12.74,Pathfinder,12,1,1689,11
11-12-2021,21.1,Bloodhound,5,2,890,2
16-1-2020,23.62,Mirage,14,3,3884,1
7-11-2020,23.76,Gibraltar,12,2,1298,5
4-10-2019,4.44,Mirage,3,13,2124,8
21-7-2020,28.55,Mirage,2,9,645,17
15-9-2022,13.51,Mad Maggie,3,6,1529,10
21-10-2020,25.46,Gibraltar,6,3,730,14
2-12-2022,2.02,Wraith,1,4,387,10
24-9-2020,2.65,Valkyrie,4,2,342,13
7-3-2019,12.59,Wraith,2,1,198,9
16-10-2019,11.87,Pathfinder,8,17,3819,8
9-11-2022,21.32,Revenant,2,9,1726,19
17-8-2020,19.16,Wraith,1,6,401,12
6-2-2022,15.0,Wraith,5,15,3749,8
23-1-2021,25.13,Wraith,11,4,3266,14
11-7-2020,5.94,Mad Maggie,4,2,577,20
20-5-2022,17.68,Bangalore,5,1,624,5
30-1-2021,11.22,Bloodhound,7,9,2380,20
12-12-2020,19.88,Valkyrie,3,3,1040,20
10-12-2022,28.56,Pathfinder,2,11,2068,20
21-5-2021,10.64,Mad Maggie,4,13,2181,20
21-10-2019,12.05,Revenant,1,6,457,12
10-6-2019,4.84,Wraith,0,13,1534,6
6-12-2022,2.25,Bangalore,8,5,805,9
9-5-2020,17.17,Bangalore,1,2,322,13
21-7-2021,10.88,Valkyrie,6,4,1304,9
22-8-2022,27.07,Bangalore,4,3,862,5
29-11-2022,13.7,Bangalore,3,2,720,11
19-1-2021,26.86,Wraith,5,6,1186,1
15-2-2022,28.29,Gibraltar,2,3,688,10
2-9-2022,5.27,Wraith,5,2,872,18
21-10-2020,13.04,Bangalore,4,3,1340,18
25-2-2019,4.57,Mad Maggie,8,1,1724,18
7-9-2022,12.09,Mirage,5,5,746,14
17-6-2022,21.17,Gibraltar,6,4,1133,17
7-5-2021,24.16,Bloodhound,19,9,1921,9
16-3-2019,24.25,Valkyrie,5,2,480,11
8-5-2021,10.21,Bloodhound,1,12,1153,8
8-2-2021,24.91,Valkyrie,2,2,777,9
21-6-2021,16.89,Mad Maggie,5,3,1208,11
6-6-2022,9.77,Bloodhound,1,9,935,8
15-8-2020,26.55,Mad Maggie,13,5,3977,16
13-9-2019,18.67,Bloodhound,12,2,2480,2
16-9-2020,24.32,Wraith,10,7,1930,18
9-1-2020,11.82,Mad Maggie,8,3,1019,18
1-4-2020,28.65,Valkyrie,18,2,1709,3
4-3-2020,23.72,Valkyrie,10,2,1377,16
23-9-2020,0.06,Mirage,2,4,609,17
20-5-2019,24.77,Mad Maggie,6,9,2093,12
28-11-2020,22.98,Bangalore,4,18,2421,15
9-1-2021,26.23,Wraith,4,8,2242,3
19-7-2020,20.44,Revenant,3,11,2510,3
7-4-2019,2.45,Revenant,6,6,1004,1
15-6-2019,24.94,Pathfinder,8,4,1246,7
26-10-2021,22.19,Bloodhound,3,10,1125,15
21-5-2022,24.8,Pathfinder,2,18,1966,15
23-1-2022,21.95,Wraith,4,10,2158,12
13-12-2019,26.72,Gibraltar,12,6,2523,6
7-2-2021,15.26,Bangalore,6,6,2491,6
15-10-2021,6.22,Valkyrie,4,10,877,3
8-4-2022,26.99,Bloodhound,18,2,4067,8
7-12-2020,1.2,Bangalore,0,1,87,11
6-1-2020,25.66,Gibraltar,6,6,1763,18
18-7-2021,24.97,Gibraltar,5,2,689,14
27-10-2019,7.9,Valkyrie,8,1,1249,13
1-6-2022,8.9,Revenant,1,0,106,16
17-2-2020,7.67,Bloodhound,14,13,2500,17
19-7-2019,26.51,Pathfinder,2,9,1944,12
15-9-2019,8.57,Revenant,10,0,1056,13
1-3-2022,17.12,Revenant,8,9,3710,5
18-7-2022,23.97,Revenant,2,4,814,1
20-8-2022,3.12,Mirage,10,6,2099,15
6-9-2022,9.34,Revenant,7,0,908,18
28-5-2020,4.51,Gibraltar,2,0,322,5
13-3-2019,27.14,Wraith,5,2,695,1
25-2-2022,16.51,Valkyrie,15,4,2914,19
20-6-2020,4.41,Wraith,6,0,741,12
11-7-2022,18.78,Bangalore,7,4,703,18
26-5-2020,26.25,Mad Maggie,3,2,286,18
4-7-2020,2.01,Lifeline,1,12,2305,10
13-9-2019,17.09,Bangalore,1,4,243,10
7-4-2021,19.8,Gibraltar,16,2,3266,15
19-2-2021,23.1,Gibraltar,2,2,547,6
12-5-2019,27.21,Bangalore,4,2,659,18
3-9-2020,25.78,Gibraltar,16,9,4851,16
16-1-2022,0.6,Bloodhound,2,1,200,13
20-5-2021,28.61,Valkyrie,8,3,1789,18
30-12-2019,23.01,Pathfinder,3,15,3170,9
13-2-2021,22.83,Valkyrie,20,3,2389,6
12-4-2021,16.16,Lifeline,2,2,212,4
21-1-2022,12.79,Valkyrie,5,1,820,20
18-2-2019,18.78,Bloodhound,5,6,621,11
24-1-2020,28.51,Mad Maggie,2,5,1378,11
29-4-2022,16.54,Wraith,7,9,2757,15
13-5-2020,18.92,Mad Maggie,1,12,916,11
20-11-2020,18.42,Gibraltar,10,2,1896,16
23-8-2020,13.04,Gibraltar,3,7,608,3
28-2-2020,26.48,Mirage,2,5,542,17
2-4-2022,3.55,Mad Maggie,0,5,282,9
26-6-2019,10.39,Lifeline,14,5,2367,6
21-12-2022,7.87,Pathfinder,16,0,2996,15
21-4-2022,23.39,Valkyrie,13,2,1239,8
26-4-2021,25.63,Gibraltar,10,7,1761,8
22-10-2019,3.23,Bangalore,13,1,2386,9
12-11-2022,18.26,Mirage,9,2,2112,17
27-3-2021,14.15,Bangalore,8,2,1628,2
19-10-2020,28.67,Pathfinder,4,2,893,18
8-11-2022,15.37,Bloodhound,4,16,1440,14
19-2-2022,22.98,Valkyrie,6,8,1421,9
24-5-2020,28.73,Bangalore,2,9,1549,11
21-7-2019,10.01,Bloodhound,4,12,1224,8
23-2-2019,18.69,Gibraltar,4,9,2435,17
4-4-2021,20.09,Lifeline,7,13,3168,20
30-4-2022,4.97,Pathfinder,2,0,310,17
24-3-2022,16.71,Revenant,13,5,1405,14
15-7-2020,14.64,Lifeline,9,5,1604,17
24-1-2022,21.61,Bloodhound,2,3,997,17
16-9-2019,4.93,Mirage,10,5,895,11
8-10-2020,18.81,Pathfinder,2,4,975,3
21-5-2022,14.55,Lifeline,9,2,1417,14
27-8-2022,3.31,Mirage,0,0,0,18
24-8-2020,9.91,Pathfinder,0,15,1266,14
18-8-2019,6.81,Revenant,12,7,3901,15
13-7-2020,5.83,Lifeline,1,0,179,1
6-11-2021,21.66,Bangalore,6,4,607,4
27-10-2021,3.62,Bloodhound,6,3,1830,14
22-5-2022,24.67,Gibraltar,8,16,4380,18
22-3-2020,22.91,Bloodhound,9,13,4321,17
1-12-2021,12.55,Mad Maggie,3,3,508,6
29-1-2022,1.06,Wraith,10,7,3142,13
28-7-2022,19.62,Mad Maggie,5,2,600,6
11-5-2021,9.38,Mirage,9,1,668,10
11-8-2019,8.63,Gibraltar,2,0,288,4
13-4-2019,6.64,Bangalore,5,0,689,6
27-2-2022,12.2,Pathfinder,1,1,324,16
4-11-2020,18.99,Mirage,1,9,1195,19
1-3-2021,29.94,Wraith,6,9,1058,12
22-6-2019,12.19,Bloodhound,10,5,2492,2
8-6-2022,28.86,Revenant,4,2,1045,15
23-7-2021,17.43,Bangalore,12,3,1754,3
22-5-2020,29.64,Revenant,4,9,987,3
30-5-2020,15.72,Bangalore,4,5,1630,4
2-8-2019,22.31,Valkyrie,9,17,2425,20
9-8-2022,1.27,Revenant,1,16,3206,2
13-9-2022,3.7,Bangalore,8,0,1337,5
28-12-2019,14.22,Wraith,6,15,3450,12
4-10-2021,9.49,Mirage,2,17,3093,15
29-5-2019,13.92,Revenant,11,7,2712,11
31-7-2019,8.77,Bloodhound,3,0,218,13
26-5-2020,17.37,Pathfinder,1,1,228,19
17-3-2021,24.44,Mad Maggie,3,8,2249,16
13-3-2020,28.06,Gibraltar,2,6,1152,7
3-10-2022,5.86,Pathfinder,0,9,985,7
11-4-2019,0.06,Bangalore,3,5,502,6
1-4-2022,17.68,Pathfinder,15,11,3111,9
15-12-2019,27.89,Bloodhound,7,2,1101,6
26-10-2021,8.19,Wraith,0,1,66,5
14-2-2022,4.72,Mad Maggie,8,6,2810,3
14-7-2022,20.37,Bangalore,14,2,2290,9
24-11-2021,21.44,Lifeline,7,16,3020,2
13-7-2021,24.12,Bangalore,11,2,1016,18
11-6-2020,18.67,Pathfinder,4,5,1539,15
4-7-2020,24.54,Mirage,11,2,1312,6
23-7-2020,10.86,Bloodhound,4,3,600,6
28-10-2021,14.7,Bloodhound,14,4,1163,14
23-6-2019,15.34,Mad Maggie,6,2,1115,17
13-9-2019,27.62,Revenant,4,7,2117,11
27-1-2021,29.16,Mad Maggie,6,8,1828,9
13-4-2020,18.75,Gibraltar,2,1,274,3
7-8-2021,29.73,Mad Maggie,2,2,461,8
30-7-2019,2.91,Valkyrie,0,14,1574,14
20-4-2022,16.86,Gibraltar,6,10,897,3
25-3-2022,25.57,Mirage,3,5,923,9
20-6-2021,11.49,Bloodhound,2,1,254,14
19-4-2022,19.79,Lifeline,12,7,2875,14
13-3-2020,29.16,Bloodhound,17,6,1603,4
23-8-2022,20.08,Mirage,8,10,3515,2
14-2-2020,0.7,Pathfinder,0,0,0,19
7-11-2020,4.92,Lifeline,6,4,1511,15
15-11-2019,4.34,Lifeline,1,2,408,13
20-3-2021,2.23,Wraith,13,5,3040,12
25-6-2022,17.73,Mirage,4,6,589,12
11-8-2022,0.8,Lifeline,0,2,191,18
18-10-2019,4.86,Mirage,1,9,1053,18
27-5-2021,22.2,Pathfinder,8,3,860,8
21-11-2022,29.99,Mirage,5,2,469,8
5-9-2022,22.65,Wraith,4,2,943,6
22-2-2021,6.82,Mirage,1,0,140,10
24-12-2019,19.32,Mirage,1,4,676,13
4-3-2020,6.69,Bloodhound,0,8,678,10
29-10-2021,4.47,Gibraltar,6,10,3109,14
11-3-2019,15.26,Wraith,4,14,2812,12
21-2-2022,14.76,Wraith,4,7,1336,11
10-12-2022,9.42,Lifeline,4,7,2206,13
13-3-2020,0.86,Valkyrie,2,17,2556,14
16-6-2022,4.63,Mad Maggie,1,11,1108,12
26-4-2022,24.35,Lifeline,4,12,1514,3
28-1-2020,6.54,Bloodhound,2,2,718,5
20-7-2022,20.01,Revenant,11,4,2693,2
16-2-2020,29.28,Bloodhound,7,19,5357,12
14-4-2020,9.39,Mad Maggie,0,2,266,18
2-2-2020,2.01,Gibraltar,2,2,579,14
19-8-2022,5.47,Pathfinder,3,1,295,2
13-11-2020,4.5,Mad Maggie,13,6,1692,9
20-3-2020,25.42,Mirage,3,3,602,10
22-6-2022,20.48,Mad Maggie,4,5,1170,14
14-5-2019,16.93,Valkyrie,7,10,1277,10
16-1-2021,0.37,Valkyrie,7,5,1050,8
24-7-2019,19.56,Gibraltar,8,1,1999,13
2-5-2022,18.77,Valkyrie,5,5,1676,4
21-6-2021,0.52,Bloodhound,11,5,2947,20
4-9-2019,15.88,Bloodhound,13,2,2286,1
8-10-2019,14.02,Lifeline,5,1,930,16
6-7-2022,26.4,Bangalore,7,13,2942,16
27-8-2022,18.21,Revenant,11,6,1666,17
17-1-2020,26.02,Bangalore,2,14,1908,12
24-2-2019,20.15,Valkyrie,2,3,341,12
4-11-2021,20.94,Mirage,9,3,1249,10
21-1-2020,2.04,Wraith,8,5,2702,7
7-6-2020,3.11,Pathfinder,2,0,403,10
9-3-2019,23.23,Lifeline,3,5,985,17
10-9-2019,10.02,Mad Maggie,1,10,2095,1
20-11-2022,13.84,Pathfinder,10,7,1204,10
6-4-2020,18.09,Bloodhound,3,4,378,13
18-2-2021,13.58,Pathfinder,1,8,476,16
1-8-2020,16.94,Mad Maggie,6,17,3955,3
8-6-2022,7.4,Mirage,0,1,81,12
23-1-2021,16.06,Mad Maggie,4,8,868,16
18-4-2021,11.21,Mad Maggie,8,10,3047,18
20-5-2020,17.97,Mirage,16,6,2152,6
5-4-2019,10.23,Wraith,6,9,2356,7
5-5-2019,3.95,Valkyrie,10,3,2392,9
19-4-2022,25.61,Pathfinder,5,2,1443,7
7-9-2022,0.99,Gibraltar,14,4,3941,9
3-8-2020,21.93,Lifeline,6,9,2170,4
17-11-2021,23.12,Wraith,7,11,1805,19
28-3-2019,25.87,Revenant,13,3,1400,2
18-4-2021,5.35,Mirage,7,0,877,13
20-7-2020,14.77,Mirage,4,3,438,13
9-2-2022,0.19,Wraith,15,1,2669,1
28-7-2020,29.02,Bangalore,4,7,1326,17
17-10-2022,28.78,Lifeline,3,8,1971,7
28-2-2019,10.66,Revenant,6,1,1561,19
31-3-2021,3.24,Revenant,6,4,1097,9
31-12-2019,27.29,Lifeline,9,2,1511,10
9-4-2020,23.47,Mirage,2,12,2018,19
9-3-2019,5.57,Mirage,7,3,1233,9
10-7-2019,24.14,Bangalore,2,7,807,14
31-3-2019,23.08,Wraith,14,9,2797,5
19-8-2022,21.5,Valkyrie,2,6,1403,13
29-11-2020,6.76,Pathfinder,16,7,4986,7
22-4-2022,18.52,Valkyrie,2,2,315,18
28-4-2021,2.79,Lifeline,1,0,235,12
19-5-2019,4.52,Gibraltar,0,6,759,14
13-5-2022,20.08,Bloodhound,4,11,1953,6
13-8-2022,6.44,Gibraltar,14,14,2313,14
18-6-2021,18.5,Mad Maggie,2,10,1183,9
30-4-2021,2.41,Mad Maggie,0,9,1282,8
23-4-2021,21.83,Mirage,2,9,1551,11
17-11-2019,11.09,Wraith,2,7,1779,18
19-6-2019,29.84,Pathfinder,6,3,761,7
2-3-2020,8.43,Pathfinder,2,16,2151,14
13-3-2020,9.76,Revenant,0,1,184,12
1-11-2022,21.23,Valkyrie,2,10,1309,7
9-1-2020,13.29,Mad Maggie,7,4,1757,12
1-3-2020,0.61,Gibraltar,1,0,83,2
16-6-2019,27.0,Mad Maggie,4,9,2258,6
9-5-2020,20.9,Mirage,6,4,1145,5
30-4-2019,4.98,Pathfinder,8,2,716,1
3-4-2021,10.64,Wraith,3,10,1147,6
28-9-2020,14.94,Pathfinder,1,5,554,1
30-11-2022,4.36,Gibraltar,0,0,0,9
21-12-2019,19.09,Bloodhound,1,8,1089,14
8-9-2020,13.35,Gibraltar,7,8,1470,3
15-5-2020,29.09,Gibraltar,4,4,642,18
22-7-2021,8.05,Revenant,4,16,1971,20
7-10-2022,4.16,Gibraltar,7,0,1208,6
6-3-2020,10.17,Pathfinder,1,2,330,7
28-9-2019,1.29,Lifeline,0,2,222,5
11-2-2022,5.65,Revenant,12,0,892,2
14-2-2022,15.52,Pathfinder,13,11,1549,20
8-3-2019,3.02,Lifeline,4,4,1460,4
24-3-2019,8.08,Bloodhound,3,1,478,17
1-8-2022,18.05,Valkyrie,1,7,828,20
7-9-2020,2.82,Lifeline,7,3,845,16
22-4-2021,13.37,Bloodhound,15,3,1902,14
25-9-2022,4.26,Mirage,2,1,361,9
20-9-2022,21.09,Lifeline,2,10,2125,11
1-9-2020,26.2,Pathfinder,7,15,3489,9
15-1-2021,9.48,Mirage,2,4,1185,5
17-4-2019,1.98,Gibraltar,3,1,265,14
14-12-2020,13.34,Bloodhound,13,1,2208,10
2-7-2022,4.06,Mirage,11,14,2029,7
12-5-2022,29.65,Valkyrie,3,8,1002,16
14-12-2020,4.85,Bloodhound,1,2,521,16
3-2-2021,20.4,Valkyrie,9,12,2818,9
14-5-2020,22.2,Gibraltar,3,5,1647,7
31-1-2022,6.64,Pathfinder,0,4,717,5
5-7-2019,18.26,Lifeline,11,6,3713,6
8-6-2021,6.99,Pathfinder,6,0,736,17
18-2-2022,11.61,Lifeline,1,14,1322,13
25-3-2022,13.19,Wraith,1,8,1437,17
28-7-2022,1.63,Wraith,5,0,740,10
12-6-2020,4.84,Gibraltar,12,5,1666,8
8-7-2022,11.55,Mirage,3,6,630,20
3-3-2022,8.4,Lifeline,4,5,1675,5
18-12-2020,6.71,Valkyrie,8,2,2243,4
31-7-2021,22.54,Bangalore,2,4,1113,19
5-4-2020,18.41,Gibraltar,4,9,2171,7
4-12-2020,20.26,Mirage,6,7,1928,6
26-12-2020,12.44,Bloodhound,8,4,1147,3
8-7-2019,12.67,Pathfinder,6,1,517,14
6-7-2019,28.14,Pathfinder,6,11,1518,4
28-11-2020,6.77,Lifeline,9,3,1880,12
24-4-2020,12.55,Bangalore,2,7,710,16
30-4-2019,10.59,Gibraltar,2,1,626,2
30-8-2020,2.3,Mad Maggie,8,4,1543,12
19-6-2019,23.07,Gibraltar,9,21,3681,10
30-6-2020,19.12,Bangalore,6,8,1409,15
27-5-2022,24.02,Valkyrie,2,11,2044,17
15-4-2019,20.72,Mad Maggie,4,13,1836,17
24-7-2020,1.6,Pathfinder,17,6,3811,20
24-7-2020,8.08,Wraith,0,0,0,11
27-8-2021,16.09,Lifeline,8,9,2094,1
16-10-2022,8.57,Revenant,6,10,3144,2
29-4-2020,24.88,Mad Maggie,7,4,735,16
16-8-2022,13.41,Wraith,7,3,2052,12
25-5-2022,10.04,Mad Maggie,10,7,2528,6
23-4-2022,12.66,Mad Maggie,11,17,2647,15
30-11-2019,4.37,Mirage,0,10,926,17
29-10-2019,8.63,Gibraltar,6,3,1520,19
24-11-2021,25.88,Valkyrie,2,3,890,10
7-9-2020,19.3,Lifeline,2,11,1161,2
6-12-2021,0.36,Revenant,8,14,1519,15
26-4-2022,21.85,Valkyrie,5,6,2223,11
2-11-2022,22.12,Bangalore,9,14,4047,18
27-2-2019,24.96,Valkyrie,4,3,1394,10
22-4-2020,2.06,Revenant,3,4,582,8
23-3-2021,9.33,Bangalore,0,6,342,3
27-4-2022,9.42,Bangalore,0,6,982,15
25-9-2019,29.33,Pathfinder,5,2,1181,13
1-11-2019,15.59,Wraith,10,1,1806,6
31-10-2022,7.01,Bloodhound,2,2,260,19
30-3-2019,9.75,Revenant,10,18,1698,16
4-4-2020,24.7,Mad Maggie,19,3,2199,19
19-9-2022,26.63,Gibraltar,2,7,1454,7
15-10-2020,18.52,Gibraltar,3,4,1243,2
14-8-2022,19.12,Wraith,4,3,909,11
20-7-2020,23.67,Valkyrie,2,11,2413,5
2-10-2021,20.64,Mad Maggie,3,15,2616,1
21-1-2020,3.54,Lifeline,1,7,591,7
5-4-2022,26.67,Lifeline,2,2,319,20
24-9-2020,26.07,Bloodhound,2,10,1162,14
29-7-2019,25.45,Valkyrie,20,3,3038,6
3-2-2021,9.23,Pathfinder,6,0,670,3
3-8-2022,22.98,Valkyrie,2,8,779,12
10-12-2022,8.41,Mad Maggie,14,0,2752,15
25-7-2021,6.78,Bloodhound,4,0,466,2
19-6-2020,2.35,Gibraltar,6,10,3141,6
11-7-2022,12.0,Mirage,2,5,1137,18
18-9-2022,23.16,Bloodhound,7,4,1689,12
26-3-2020,19.76,Lifeline,18,16,5354,3
9-7-2019,5.82,Mad Maggie,6,5,1435,3
28-2-2021,4.9,Valkyrie,9,17,2017,10
17-4-2020,16.12,Lifeline,11,7,2784,9
27-5-2020,8.42,Bloodhound,4,4,1499,16
24-5-2022,5.55,Bloodhound,7,16,4291,10
29-4-2021,23.53,Gibraltar,2,3,553,9
8-6-2022,6.49,Lifeline,5,0,653,13
23-6-2020,20.54,Revenant,10,7,1543,2
16-9-2019,14.07,Bloodhound,1,4,693,20
2-8-2021,24.73,Valkyrie,3,2,654,5
11-1-2022,11.16,Pathfinder,4,10,2126,11
1-12-2019,21.48,Mad Maggie,2,15,2843,16
3-1-2020,0.52,Valkyrie,0,4,264,14
14-9-2021,12.14,Gibraltar,8,12,3122,8
15-2-2019,28.96,Gibraltar,5,5,602,1
13-10-2022,6.7,Mirage,7,3,1598,1
6-11-2022,17.51,Wraith,9,10,1981,3
29-8-2022,12.21,Gibraltar,1,8,798,17
24-6-2019,27.31,Wraith,4,12,1017,8
9-6-2019,8.34,Gibraltar,13,10,4729,2
14-3-2019,4.07,Wraith,9,8,1037,12
25-2-2022,1.19,Pathfinder,1,7,454,12
20-6-2020,7.1,Bangalore,0,5,643,8
4-10-2021,27.94,Wraith,11,2,1522,20
22-1-2022,18.91,Mirage,11,8,1759,19
11-8-2022,27.6,Mad Maggie,11,2,1146,8
10-2-2020,8.7,Lifeline,1,8,508,14
13-10-2019,5.97,Revenant,4,6,1475,12
12-10-2020,2.36,Lifeline,2,11,2272,3
11-2-2021,13.32,Pathfinder,1,8,1678,19
12-8-2021,8.15,Bangalore,2,6,500,2
12-5-2022,15.15,Lifeline,14,4,3828,2
10-4-2020,4.34,Revenant,14,0,1579,6
26-2-2019,8.41,Valkyrie,11,3,2309,5
10-3-2020,8.6,Wraith,8,2,2055,13
16-7-2022,27.69,Mirage,2,15,939,4
20-10-2020,6.55,Bangalore,5,8,2606,5
6-12-2019,18.27,Wraith,12,11,4468,15
5-3-2019,21.43,Valkyrie,3,9,2177,12
27-10-2019,16.27,Revenant,1,3,701,5
24-10-2020,22.72,Pathfinder,18,5,4234,10
1-8-2020,22.58,Bangalore,4,10,2508,19
1-3-2022,1.9,Mirage,0,16,2144,14
26-8-2021,15.76,Mad Maggie,7,13,2406,3
25-6-2020,17.82,Wraith,10,6,3456,9
19-3-2022,20.55,Revenant,11,7,3688,12
18-4-2019,13.33,Pathfinder,3,18,1221,7
4-4-2019,29.88,Bloodhound,5,8,1805,20
2-1-2020,25.11,Wraith,11,18,1781,6
30-4-2020,7.5,Mad Maggie,10,5,1950,17
20-3-2019,14.4,Lifeline,6,20,2573,16
13-1-2020,18.39,Mirage,3,9,916,3
26-1-2022,0.36,Pathfinder,0,1,127,15
17-9-2019,13.44,Bloodhound,1,1,373,2
6-2-2021,23.58,Mad Maggie,3,3,358,13
6-11-2022,20.42,Bloodhound,14,3,1091,14
28-8-2019,17.0,Valkyrie,1,9,1892,19
2-10-2021,26.47,Gibraltar,9,7,2951,8
16-6-2022,17.66,Pathfinder,2,2,500,11
18-7-2020,18.24,Wraith,11,14,3851,8
31-3-2019,5.99,Bloodhound,10,6,1790,19
21-5-2020,14.15,Gibraltar,6,5,618,14
14-5-2019,24.47,Mad Maggie,5,3,1322,18
20-12-2020,3.75,Wraith,2,7,1262,9
1-12-2022,25.33,Bangalore,13,7,1626,11
4-4-2020,26.98,Mirage,9,4,1508,13
12-11-2022,23.86,Valkyrie,15,2,2638,19
20-8-2019,26.55,Revenant,8,3,2156,11
2-8-2019,29.97,Valkyrie,11,5,1255,15
16-12-2019,14.47,Mirage,4,5,646,3
30-3-2022,26.31,Valkyrie,9,8,1868,10
6-5-2020,17.72,Mad Maggie,17,3,4549,4
21-3-2020,25.09,Gibraltar,14,9,3735,2
25-4-2020,9.76,Valkyrie,8,10,2078,6
2-10-2019,23.6,Revenant,6,11,979,18
18-12-2019,7.75,Gibraltar,0,0,0,11
18-8-2020,22.13,Gibraltar,13,11,2126,15
21-5-2021,9.79,Mad Maggie,0,4,810,12
20-7-2019,0.32,Bloodhound,8,3,1660,9
14-4-2020,3.82,Lifeline,0,2,326,7
26-7-2022,5.1,Wraith,0,0,0,19
13-12-2019,22.88,Wraith,2,2,456,11
19-9-2019,13.2,Revenant,6,7,2048,1
1-2-2021,11.75,Mirage,12,5,2491,5
21-1-2022,28.96,Pathfinder,4,3,445,5
25-6-2022,29.79,Pathfinder,4,2,427,16
18-2-2020,29.44,Revenant,13,3,1059,14
9-10-2021,12.09,Bloodhound,2,1,451,12
7-11-2022,9.73,Mad Maggie,13,5,3940,19
24-6-2020,25.2,Gibraltar,6,6,1129,1
10-7-2020,0.71,Bangalore,4,7,1281,11
24-3-2019,7.99,Mad Maggie,10,5,2169,10
31-8-2022,8.63,Pathfinder,10,6,1352,14
10-4-2020,21.87,Revenant,5,3,886,16
26-5-2020,20.14,Wraith,3,2,518,12
1-6-2022,3.42,Valkyrie,2,2,494,6
24-8-2019,5.37,Wraith,9,1,604,9
20-1-2020,13.7,Revenant,8,3,1418,12
5-5-2020,6.3,Bangalore,3,3,522,9
25-7-2019,23.18,Revenant,2,16,1698,11
25-7-2021,15.54,Bangalore,2,6,1073,11
22-2-2021,11.25,Valkyrie,2,18,2800,16
14-3-2019,8.04,Revenant,5,9,2226,2
7-5-2022,2.97,Bangalore,1,5,510,1
20-12-2021,2.31,Gibraltar,1,4,603,1
10-10-2019,2.75,Revenant,1,13,2499,14
26-1-2020,4.15,Bloodhound,6,6,2194,11
16-7-2020,7.06,Pathfinder,7,9,3289,19
28-4-2019,10.24,Bloodhound,20,12,5736,6
21-12-2020,28.33,Mirage,2,4,710,3
6-5-2020,1.57,Mirage,1,15,2215,20
25-10-2019,6.81,Mirage,10,0,1039,8
10-11-2021,23.27,Pathfinder,14,2,2870,12
1-11-2022,13.43,Revenant,3,1,528,2
8-9-2021,5.22,Bloodhound,15,0,1601,9
16-5-2019,26.74,Bangalore,9,2,2097,6
1-7-2019,27.41,Mirage,6,4,1326,11
10-6-2021,12.99,Wraith,4,6,1145,2
19-7-2022,14.87,Valkyrie,10,15,2072,12
15-11-2022,26.38,Wraith,12,3,3158,8
10-2-2020,10.14,Wraith,2,1,179,8
14-8-2019,10.73,Gibraltar,10,4,1353,7
29-10-2022,13.18,Gibraltar,2,2,363,2
16-11-2022,19.42,Bangalore,2,1,292,16
19-3-2019,25.53,Valkyrie,13,10,4521,6
5-4-2020,10.09,Bloodhound,3,6,1431,6
24-6-2019,18.4,Pathfinder,1,2,198,7
14-1-2021,27.51,Gibraltar,2,2,376,15
28-10-2021,23.54,Wraith,21,6,4256,11
28-6-2021,24.41,Mirage,17,2,4357,1
6-11-2020,26.58,Valkyrie,9,3,1870,7
15-2-2021,28.58,Valkyrie,11,9,2982,12
8-4-2020,3.98,Mad Maggie,8,8,1175,8
26-9-2021,21.92,Bangalore,5,5,2104,3
26-12-2021,26.32,Bangalore,2,7,1824,20
3-8-2019,1.07,Bloodhound,0,0,0,7
5-7-2022,25.89,Gibraltar,3,13,1549,5
20-3-2021,15.35,Wraith,1,7,747,1
29-3-2019,9.07,Lifeline,1,4,588,9
25-8-2019,16.26,Gibraltar,2,6,1085,8
10-3-2019,21.76,Pathfinder,2,17,1460,15
31-3-2019,27.38,Gibraltar,3,2,516,17
9-5-2020,4.71,Valkyrie,0,7,1251,7
17-5-2021,9.82,Pathfinder,2,13,1274,16
1-5-2019,24.31,Pathfinder,12,15,1500,15
18-10-2021,1.0,Lifeline,2,17,1502,16
19-8-2019,18.28,Pathfinder,1,2,198,8
1-4-2020,9.51,Mad Maggie,1,2,462,20
11-6-2021,14.51,Bloodhound,6,1,1350,20
25-12-2020,15.96,Pathfinder,10,5,2259,15
30-4-2020,0.06,Wraith,0,4,334,20
20-1-2021,29.6,Pathfinder,2,4,1074,14
18-7-2021,4.67,Mirage,8,6,1180,10
10-9-2021,24.53,Mirage,3,2,891,7
15-3-2022,22.79,Gibraltar,19,12,5357,14
1-11-2021,3.8,Wraith,5,0,902,4
3-12-2022,14.8,Revenant,1,5,1090,10
19-9-2022,1.53,Wraith,7,8,2293,10
27-5-2022,29.52,Valkyrie,8,13,1369,3
26-3-2021,25.74,Lifeline,6,7,2350,9
1-12-2020,12.28,Bangalore,3,7,584,2
31-10-2021,21.5,Mad Maggie,3,2,968,5
12-3-2021,18.39,Revenant,2,1,240,15
23-2-2021,1.29,Mirage,7,0,1080,4
25-6-2020,16.03,Pathfinder,1,4,976,9
14-1-2021,14.83,Revenant,12,1,2746,11
4-3-2019,29.08,Pathfinder,3,5,1301,16
28-10-2019,8.41,Mad Maggie,3,0,615,1
27-3-2021,22.6,Pathfinder,4,2,535,16
15-10-2020,4.49,Lifeline,17,6,4970,2
16-11-2019,14.15,Gibraltar,5,7,2007,5
20-6-2019,16.28,Pathfinder,7,11,2377,5
22-2-2022,28.55,Revenant,13,5,1782,3
11-5-2021,4.76,Lifeline,13,2,2548,19
1-6-2020,9.65,Wraith,11,1,1844,12
28-5-2020,29.78,Wraith,9,6,1634,16
13-11-2020,3.99,Wraith,0,0,0,7
27-7-2019,12.66,Gibraltar,3,15,3455,6
26-11-2019,6.48,Valkyrie,2,4,318,13
1-9-2019,12.69,Lifeline,11,9,2396,7
5-9-2019,10.28,Wraith,1,9,1965,20
8-2-2021,24.37,Valkyrie,7,4,1776,19
16-9-2019,12.69,Lifeline,3,6,1828,6
15-2-2020,15.84,Wraith,2,4,846,4
25-9-2021,21.92,Lifeline,18,9,5078,5
10-11-2020,2.0,Mad Maggie,5,10,1013,10
7-10-2021,20.89,Mirage,4,6,1465,19
17-5-2019,12.6,Mirage,13,3,2985,10
3-6-2019,5.22,Revenant,0,2,143,2
1-3-2019,6.31,Lifeline,0,0,0,5
1-9-2021,16.68,Lifeline,8,5,1306,13
16-12-2019,18.2,Pathfinder,5,2,1300,1
12-3-2022,9.04,Valkyrie,0,5,839,13
18-9-2020,29.93,Gibraltar,7,3,2046,17
31-7-2019,11.9,Valkyrie,2,6,1341,15
9-3-2019,21.29,Revenant,19,5,4399,13
16-11-2019,1.95,Mad Maggie,10,6,3396,9
21-4-2022,6.14,Mirage,0,9,1282,15
22-2-2021,19.61,Lifeline,5,6,647,3
26-9-2019,12.65,Bangalore,1,1,218,9
2-3-2021,3.76,Mirage,3,2,1064,1
25-6-2020,9.31,Wraith,0,18,2208,12
25-4-2020,2.86,Gibraltar,3,7,536,4
13-5-2022,29.19,Valkyrie,9,7,3135,15
20-2-2020,11.5,Wraith,10,5,1438,15
13-2-2019,18.87,Bangalore,1,10,1072,16
16-10-2022,3.28,Gibraltar,0,4,605,13
14-1-2021,5.84,Pathfinder,7,6,1662,3
16-12-2021,2.46,Wraith,12,0,1759,12
22-3-2020,0.78,Gibraltar,3,1,889,17
14-9-2021,10.73,Bangalore,8,3,2031,20
9-2-2022,7.98,Mad Maggie,11,5,2980,10
15-7-2019,16.19,Valkyrie,12,1,2705,16
29-11-2020,25.7,Revenant,2,6,805,16
24-2-2020,17.73,Lifeline,9,8,1818,5
19-11-2022,7.79,Mirage,4,7,1176,18
28-12-2020,15.36,Gibraltar,8,11,1968,14
7-6-2020,14.5,Bangalore,9,3,2154,19
26-9-2022,17.43,Wraith,7,6,1983,15
3-3-2019,2.63,Bloodhound,11,1,2516,14
28-4-2019,0.54,Bloodhound,9,4,2394,19
23-5-2021,15.19,Pathfinder,17,1,4039,17
18-1-2021,16.27,Revenant,17,2,3025,10
31-10-2019,12.3,Valkyrie,8,15,1803,13
30-4-2019,11.73,Revenant,5,12,2436,18
17-6-2021,24.32,Wraith,7,9,1628,3
25-4-2021,0.21,Mad Maggie,3,1,424,19
14-11-2022,16.39,Revenant,8,4,852,20
17-7-2019,14.93,Gibraltar,5,1,759,3
18-8-2021,1.02,Wraith,1,1,429,14
24-12-2019,24.86,Revenant,15,7,1742,3
2-2-2020,11.47,Bangalore,6,6,1638,6
9-5-2022,12.94,Wraith,9,4,2142,12
10-7-2020,4.22,Wraith,2,0,400,7
25-6-2021,8.89,Bloodhound,10,7,3300,10
11-8-2021,7.09,Mad Maggie,10,2,2506,2
8-8-2022,13.12,Mirage,1,8,1695,5
5-11-2021,19.46,Valkyrie,1,4,697,19
10-7-2022,28.59,Pathfinder,8,7,2227,10
16-5-2021,19.88,Valkyrie,1,2,587,3
8-1-2022,9.88,Mad Maggie,0,2,139,20
21-5-2022,6.26,Lifeline,8,0,901,5
18-2-2020,4.45,Valkyrie,1,1,133,11
21-9-2021,10.27,Mirage,1,1,221,6
13-12-2021,18.13,Revenant,1,7,915,19
14-2-2021,26.71,Bloodhound,7,6,1211,6
2-12-2021,20.64,Mirage,2,6,766,3
3-1-2020,18.67,Valkyrie,1,8,1646,14
29-11-2019,29.89,Pathfinder,4,12,2968,6
8-3-2021,5.48,Mirage,1,12,1285,1
10-12-2021,21.81,Revenant,12,2,1358,8
7-7-2020,20.6,Wraith,9,5,2426,6
20-6-2020,7.42,Bangalore,1,3,584,19
7-12-2020,7.35,Wraith,3,1,658,5
23-8-2022,16.75,Pathfinder,6,6,1895,12
17-10-2021,8.23,Bangalore,0,0,0,18
7-7-2020,25.48,Pathfinder,2,7,1470,10
6-12-2022,18.66,Mirage,4,9,2440,2
30-7-2021,20.58,Gibraltar,3,4,1453,7
9-4-2019,29.31,Wraith,18,12,2228,17
26-11-2022,17.39,Pathfinder,1,2,519,1
16-2-2020,9.24,Revenant,3,0,333,8
22-8-2021,18.43,Wraith,8,2,1990,9
16-12-2022,10.49,Mirage,1,6,483,2
2-10-2022,25.01,Bangalore,8,13,1941,15
1-5-2022,23.44,Gibraltar,4,7,1988,16
15-6-2021,9.49,Valkyrie,6,2,1730,18
18-10-2020,0.64,Pathfinder,1,8,1249,8
24-7-2019,3.95,Bloodhound,2,0,153,11
2-5-2020,26.46,Bloodhound,5,12,2084,14
17-6-2020,13.55,Pathfinder,2,10,1047,16
22-7-2020,27.34,Gibraltar,3,6,1776,11
28-8-2022,17.95,Wraith,4,4,596,1
27-12-2022,21.34,Bloodhound,5,7,1011,10
18-11-2019,17.12,Mirage,12,1,1429,20
25-9-2019,5.88,Wraith,1,11,868,19
29-10-2020,19.92,Mirage,8,1,1748,20
9-2-2020,6.08,Gibraltar,1,1,367,10
16-11-2020,25.15,Revenant,7,3,1125,9
13-4-2020,29.8,Bangalore,5,9,1777,14
8-10-2021,6.05,Pathfinder,1,4,416,12
14-8-2022,14.51,Revenant,1,15,1618,8
21-6-2019,12.65,Gibraltar,1,3,215,6
30-6-2022,7.12,Lifeline,1,3,550,10
14-5-2020,6.98,Wraith,4,4,1634,15
17-3-2019,6.31,Mirage,0,5,627,7
21-9-2020,6.08,Wraith,15,11,3612,19
24-2-2020,22.45,Bloodhound,12,6,3370,1
16-6-2021,4.87,Lifeline,15,15,5180,10
30-10-2019,8.5,Mirage,15,5,1674,9
28-10-2019,10.09,Mirage,14,2,1238,5
2-6-2022,23.69,Mad Maggie,4,4,638,14
6-7-2020,0.96,Lifeline,2,4,999,15
2-3-2020,23.93,Mirage,8,6,3010,11
9-10-2022,17.17,Revenant,3,5,574,2
16-12-2022,21.3,Wraith,2,5,839,19
7-9-2022,19.37,Valkyrie,10,10,1502,18
12-6-2021,5.06,Revenant,11,0,1414,8
5-12-2022,2.28,Gibraltar,1,3,631,8
9-6-2022,11.65,Pathfinder,7,1,627,20
11-9-2019,14.69,Pathfinder,1,10,1924,8
25-11-2019,21.17,Wraith,6,2,1361,10
8-10-2019,28.19,Revenant,2,4,873,20
27-11-2022,20.33,Bloodhound,3,7,602,10
7-3-2020,13.92,Wraith,11,1,1242,8
7-4-2019,5.35,Bangalore,4,0,525,6
3-7-2020,26.82,Gibraltar,2,2,546,5
8-11-2019,22.21,Bloodhound,3,6,1690,2
27-8-2022,16.71,Revenant,3,3,1100,15
24-8-2022,12.53,Revenant,3,5,630,9
28-9-2020,14.15,Pathfinder,11,17,1471,15
7-7-2019,21.42,Bangalore,3,2,1110,10
29-12-2021,21.14,Bloodhound,8,4,1513,3
23-11-2021,16.28,Mad Maggie,3,1,877,14
28-1-2021,24.27,Wraith,12,10,2865,8
24-1-2022,24.55,Bloodhound,3,7,1698,9
5-3-2021,8.46,Bloodhound,2,13,2475,15
10-4-2019,4.45,Bangalore,1,6,1040,11
2-8-2019,28.36,Lifeline,14,2,2679,14
8-4-2020,28.75,Valkyrie,4,3,689,2
19-7-2019,5.61,Bangalore,7,0,530,16
12-6-2020,19.81,Mad Maggie,13,1,1921,20
29-3-2020,22.39,Pathfinder,6,7,1474,4
7-7-2020,7.62,Revenant,12,4,1465,18
13-1-2022,25.04,Revenant,11,2,2199,2
5-2-2020,0.04,Gibraltar,0,6,873,1
9-10-2019,18.18,Wraith,2,1,486,5
27-9-2021,4.54,Revenant,8,16,1568,4
21-11-2020,16.13,Bloodhound,1,2,521,3
25-10-2022,26.4,Wraith,3,6,1309,19
25-3-2020,28.97,Wraith,8,8,2350,13
29-4-2020,14.81,Revenant,2,4,559,20
26-11-2021,10.88,Revenant,2,4,607,6
3-1-2021,17.52,Lifeline,14,5,4097,1
6-5-2020,29.73,Revenant,2,4,856,10
8-3-2020,9.64,Gibraltar,5,2,1201,5
6-7-2021,12.25,Pathfinder,4,2,323,9
2-9-2021,12.82,Mad Maggie,7,7,2913,8
1-3-2019,28.11,Revenant,7,2,1183,19
16-4-2020,16.9,Mirage,4,1,658,4
18-8-2021,21.12,Pathfinder,2,2,781,11
19-2-2021,13.84,Lifeline,1,10,549,17
21-6-2021,23.68,Mirage,9,8,1775,15
24-2-2019,17.33,Bangalore,3,4,1152,16
29-1-2021,6.6,Valkyrie,1,3,311,9
31-10-2019,23.86,Valkyrie,7,4,2307,2
9-5-2022,6.22,Valkyrie,3,9,2056,17
28-10-2019,23.6,Valkyrie,5,14,2077,6
16-5-2022,28.12,Revenant,5,2,698,17
28-4-2021,5.78,Bangalore,6,6,1587,5
29-5-2021,24.16,Lifeline,11,10,3132,12
5-11-2019,24.79,Mirage,14,11,4459,5
9-3-2019,9.94,Lifeline,2,3,930,1
12-8-2020,13.03,Pathfinder,2,15,2768,9
4-8-2019,18.63,Gibraltar,13,1,1889,7
7-8-2019,22.21,Valkyrie,10,9,3958,14
2-12-2022,27.42,Mirage,2,3,910,16
20-12-2019,2.31,Lifeline,8,5,2429,19
5-11-2020,12.94,Wraith,3,3,1102,11
11-4-2020,10.47,Revenant,1,11,1912,19
1-8-2022,22.09,Valkyrie,4,7,1313,4
9-11-2019,18.52,Pathfinder,8,1,1780,15
12-10-2020,28.87,Lifeline,5,3,1612,9
2-8-2020,25.36,Bloodhound,4,7,1301,14
15-12-2021,3.85,Valkyrie,4,0,870,11
3-6-2022,6.37,Bloodhound,2,6,1142,5
18-7-2021,19.2,Bloodhound,10,1,1346,14
25-9-2022,0.88,Lifeline,7,6,902,4
22-6-2022,7.8,Lifeline,8,5,2707,7
27-10-2020,11.79,Gibraltar,10,2,861,17
19-11-2021,6.35,Gibraltar,11,9,1102,17
26-5-2019,14.27,Revenant,1,5,799,14
26-10-2022,21.37,Mirage,5,3,828,8
14-4-2019,27.87,Mirage,5,11,1899,16
16-10-2021,8.96,Mad Maggie,5,10,2876,15
15-12-2021,13.04,Mad Maggie,10,1,940,14
19-7-2019,17.11,Bangalore,4,6,1528,5
2-9-2019,1.57,Mad Maggie,5,5,926,16
3-7-2019,14.91,Mirage,2,3,315,18
2-8-2021,25.53,Valkyrie,2,2,329,4
3-6-2019,14.11,Gibraltar,4,9,2546,5
8-2-2020,5.57,Pathfinder,1,8,514,5
6-2-2022,3.88,Bloodhound,0,5,780,10
26-12-2019,14.23,Valkyrie,1,10,1690,12
3-6-2022,23.49,Pathfinder,3,2,997,6
8-9-2020,4.93,Pathfinder,0,9,783,18
5-12-2020,12.96,Gibraltar,2,3,1012,17
5-12-2020,27.89,Valkyrie,2,2,326,10
19-1-2022,26.11,Gibraltar,17,4,1527,13
11-6-2019,11.01,Valkyrie,7,3,1040,12
10-1-2021,16.97,Pathfinder,14,5,1158,14
13-7-2022,25.14,Revenant,10,8,2610,6
6-12-2019,27.18,Wraith,4,3,1240,7
27-12-2021,9.83,Mirage,3,4,643,15
13-9-2020,26.33,Bloodhound,11,5,2520,2
27-4-2021,15.55,Gibraltar,8,10,2448,7
1-7-2019,17.65,Bloodhound,8,3,1164,14
31-8-2021,12.99,Bangalore,1,16,2880,14
20-4-2020,4.19,Wraith,14,8,2959,15
13-10-2021,16.64,Bangalore,3,3,610,14
22-6-2021,28.37,Mirage,2,6,1575,2
27-12-2020,0.13,Bangalore,0,0,0,17
6-5-2020,11.16,Pathfinder,2,8,1652,18
11-5-2022,3.13,Pathfinder,7,6,1809,11
24-9-2021,4.51,Mad Maggie,11,2,1898,14
28-6-2019,10.2,Bloodhound,2,10,2369,15
9-3-2020,26.04,Pathfinder,2,9,646,20
16-6-2020,14.24,Mad Maggie,1,4,881,15
2-3-2022,7.86,Gibraltar,0,4,602,7
4-7-2019,10.49,Mad Maggie,8,3,945,1
21-6-2022,18.61,Mirage,1,6,1150,9
15-3-2020,22.7,Wraith,2,5,863,16
10-8-2020,19.4,Valkyrie,8,2,1251,10
21-2-2021,28.7,Bangalore,13,3,3462,9
22-7-2020,9.72,Wraith,10,0,1748,6
14-2-2021,0.94,Lifeline,8,10,2080,8
27-4-2022,11.88,Lifeline,11,5,1728,13
26-10-2020,6.68,Gibraltar,1,14,1741,10
15-10-2019,25.83,Valkyrie,5,13,1490,20
5-11-2019,8.95,Mad Maggie,3,8,615,4
2-10-2020,28.26,Lifeline,5,6,1412,10
1-10-2020,26.56,Revenant,2,15,2209,5
15-2-2022,15.09,Gibraltar,3,1,778,7
10-1-2021,9.83,Pathfinder,7,2,1493,11
25-12-2021,3.23,Bloodhound,0,1,41,20
19-5-2019,12.7,Mad Maggie,5,4,598,15
5-7-2021,9.28,Lifeline,4,10,2653,5
31-3-2019,27.23,Mad Maggie,13,10,3832,6
11-12-2019,15.01,Valkyrie,3,1,817,8
14-6-2019,9.64,Valkyrie,10,6,2926,20
17-5-2022,7.2,Pathfinder,7,1,1276,10
14-3-2021,21.12,Gibraltar,10,6,2844,8
1-2-2020,11.89,Gibraltar,6,8,1063,14
21-2-2021,11.23,Revenant,12,11,3727,2
29-10-2020,25.89,Revenant,14,13,5788,9
3-10-2021,2.74,Mirage,4,1,300,11
28-8-2020,25.82,Mad Maggie,2,8,882,11
26-3-2020,5.87,Bangalore,2,1,221,10
20-4-2022,8.95,Mad Maggie,1,4,392,5
30-10-2019,3.44,Valkyrie,0,2,289,9
21-7-2020,0.2,Pathfinder,0,7,1247,1
10-12-2022,4.56,Lifeline,1,8,538,7
24-12-2019,6.18,Valkyrie,13,7,3685,1
20-11-2021,15.12,Mirage,16,7,1845,18
5-6-2021,8.2,Bloodhound,0,0,0,5
7-4-2022,6.21,Revenant,2,2,566,1
8-3-2022,9.85,Wraith,1,1,312,4
10-8-2019,24.65,Valkyrie,9,4,1140,2
23-2-2020,16.57,Mad Maggie,5,1,369,1
15-5-2022,0.31,Mirage,4,6,628,2
18-5-2019,3.56,Valkyrie,14,4,2177,2
9-2-2022,1.98,Gibraltar,0,3,504,11
10-11-2020,15.35,Mirage,9,3,2639,2
20-11-2022,6.46,Mad Maggie,10,0,660,3
17-8-2022,10.39,Lifeline,2,3,519,6
9-8-2021,12.97,Gibraltar,3,7,529,12
23-9-2020,4.83,Gibraltar,0,5,316,6
3-5-2021,10.92,Bloodhound,1,6,926,5
5-2-2021,14.58,Bangalore,6,1,1396,16
18-4-2019,29.7,Lifeline,6,3,1496,4
21-12-2021,16.14,Mad Maggie,15,10,4370,2
8-9-2021,25.49,Valkyrie,6,3,1155,2
3-4-2021,21.57,Mirage,2,4,922,15
15-9-2019,1.83,Mirage,0,2,120,16
17-3-2020,21.32,Valkyrie,2,2,321,7
8-5-2019,25.49,Mad Maggie,6,5,585,4
7-6-2019,19.16,Bangalore,9,2,1930,15
12-3-2022,14.86,Pathfinder,3,2,888,16
24-5-2020,5.55,Gibraltar,0,0,0,20
4-11-2022,10.31,Mirage,7,1,1305,16
21-1-2022,12.23,Pathfinder,2,6,1338,4
11-4-2020,21.81,Valkyrie,3,5,858,3
30-6-2019,7.9,Bloodhound,8,1,1250,15
28-10-2019,13.12,Pathfinder,4,9,1421,8
30-12-2020,7.9,Gibraltar,12,1,1919,4
31-3-2019,2.19,Mirage,2,9,910,12
4-10-2020,29.43,Bloodhound,3,10,925,20
20-2-2020,18.13,Mad Maggie,3,5,1522,13
22-11-2019,9.64,Revenant,6,2,1016,17
28-2-2022,21.44,Mirage,5,2,924,5
29-5-2020,0.62,Revenant,8,4,859,6
27-10-2022,5.62,Mad Maggie,3,0,451,2
13-7-2022,29.92,Gibraltar,9,10,3990,7
4-7-2019,27.89,Mirage,7,7,2336,3
11-3-2019,2.37,Lifeline,2,0,307,14
24-9-2022,17.59,Mirage,9,6,2611,1
10-6-2022,8.47,Bangalore,10,0,1703,7
13-8-2019,18.06,Valkyrie,12,11,4779,12
28-4-2021,3.06,Lifeline,3,0,591,6
25-4-2020,3.86,Gibraltar,10,9,3918,13
7-6-2019,7.45,Revenant,8,1,1559,10
5-5-2021,7.7,Mirage,6,0,1345,1
29-11-2022,7.17,Pathfinder,8,0,1481,4
11-10-2019,29.84,Mad Maggie,14,4,3279,16
2-10-2020,28.19,Mad Maggie,10,4,951,16
10-6-2022,21.2,Valkyrie,3,4,881,7
2-7-2020,3.61,Lifeline,3,5,1219,19
13-9-2022,22.83,Lifeline,5,5,2102,14
30-1-2020,25.17,Revenant,8,2,1422,17
23-8-2019,23.64,Bloodhound,16,2,2630,14
3-11-2022,1.85,Revenant,1,15,995,13
19-1-2020,24.87,Mad Maggie,8,13,2660,8
28-10-2021,13.18,Revenant,2,3,985,4
7-5-2019,13.38,Wraith,6,1,708,13
10-11-2021,24.02,Bloodhound,4,9,2040,5
28-1-2021,27.43,Valkyrie,4,2,514,13
29-11-2021,21.87,Wraith,4,4,1588,4
10-7-2020,24.19,Bloodhound,11,5,3202,20
26-4-2021,13.43,Revenant,3,1,597,18
14-12-2021,0.11,Valkyrie,3,3,733,13
6-3-2022,11.01,Valkyrie,9,3,2071,13
11-1-2021,17.75,Revenant,6,2,442,20
14-2-2020,18.83,Gibraltar,3,2,309,10
28-7-2019,21.93,Valkyrie,2,10,2213,13
16-7-2021,22.69,Mad Maggie,4,11,1295,9
2-10-2020,16.0,Wraith,9,1,2319,3
5-4-2022,20.62,Pathfinder,7,3,1250,1
6-8-2022,1.9,Bangalore,12,5,3591,7
8-3-2020,4.74,Revenant,1,16,2126,5
18-12-2020,15.27,Valkyrie,13,13,1764,17
20-10-2022,27.74,Valkyrie,14,7,2745,15
1-3-2020,23.24,Lifeline,11,16,4290,14
21-11-2022,12.45,Mad Maggie,10,3,2268,15
7-3-2021,23.52,Gibraltar,12,3,1799,18
6-8-2020,18.15,Mad Maggie,4,9,1033,10
28-2-2020,1.31,Valkyrie,5,5,1563,4
11-5-2022,4.49,Lifeline,5,5,1903,8
7-3-2021,5.3,Bloodhound,10,11,2539,13
18-11-2022,3.65,Bangalore,0,13,924,19
25-11-2021,27.38,Mad Maggie,6,11,3415,8
10-5-2022,6.05,Valkyrie,5,8,1827,7
7-9-2020,4.69,Mad Maggie,8,0,709,16
4-7-2022,13.85,Revenant,6,3,1431,11
22-8-2019,9.27,Revenant,0,4,366,12
23-6-2019,20.03,Gibraltar,7,4,2108,15
21-4-2019,27.5,Revenant,9,2,1336,9
15-7-2020,15.41,Valkyrie,1,6,1148,5
28-9-2020,15.39,Bangalore,15,6,2760,4
9-4-2020,27.94,Bloodhound,2,2,616,4
16-11-2022,2.07,Wraith,2,2,757,6
6-12-2021,7.35,Lifeline,2,7,902,17
2-7-2022,11.78,Mad Maggie,18,4,2596,7
13-6-2019,0.96,Pathfinder,7,16,3183,12
31-7-2019,17.93,Mirage,2,1,598,2
2-11-2022,6.76,Gibraltar,1,0,135,20
11-10-2019,16.65,Revenant,10,13,3253,20
2-4-2022,22.61,Bloodhound,4,14,1217,7
25-9-2021,29.21,Mad Maggie,3,4,723,12
5-1-2022,4.86,Wraith,3,1,386,16
28-10-2020,4.83,Valkyrie,4,0,426,19
9-12-2022,14.15,Valkyrie,12,5,2650,5
16-4-2021,13.85,Wraith,11,1,1462,18
16-8-2019,8.66,Revenant,5,7,1087,10
4-2-2020,28.3,Bangalore,10,9,3014,12
30-7-2019,16.28,Mirage,16,9,2162,8
27-11-2022,15.54,Mirage,1,10,583,3
13-12-2020,24.31,Mad Maggie,14,16,5189,11
8-2-2021,11.71,Pathfinder,10,13,2924,1
7-9-2019,24.83,Mirage,6,3,942,3
25-7-2021,27.53,Revenant,13,6,1482,17
20-5-2020,27.31,Gibraltar,13,4,1280,3
1-5-2021,25.63,Wraith,2,2,762,2
17-4-2022,1.18,Mad Maggie,9,3,2571,18
9-10-2019,8.41,Wraith,12,2,2258,5
26-8-2021,5.48,Bloodhound,7,0,481,9
23-1-2020,1.86,Mad Maggie,2,3,803,20
20-7-2020,17.34,Gibraltar,5,5,1394,10
30-12-2021,21.92,Wraith,13,2,1502,5
2-5-2022,13.18,Revenant,9,3,1871,16
2-11-2021,5.32,Valkyrie,1,8,663,12
8-3-2022,28.99,Pathfinder,7,5,2414,3
8-7-2019,8.63,Lifeline,8,4,2538,3
31-3-2021,28.97,Gibraltar,2,8,1025,13
20-8-2020,8.84,Wraith,0,10,1848,14
25-3-2020,13.61,Pathfinder,4,5,1263,9
3-4-2022,3.53,Bangalore,0,12,1265,14
8-1-2022,26.96,Mirage,2,11,1655,16
24-5-2020,4.39,Mirage,4,2,398,9
26-9-2019,8.35,Valkyrie,2,14,2639,2
4-11-2019,0.46,Gibraltar,8,5,2667,11
11-8-2019,20.07,Mirage,4,3,687,17
11-2-2021,18.55,Pathfinder,13,8,3133,17
20-12-2022,1.15,Gibraltar,2,11,1959,2
7-11-2019,16.1,Bangalore,1,7,1273,5
20-8-2021,22.84,Valkyrie,2,3,338,9
18-11-2021,6.71,Bangalore,1,1,392,10
7-6-2020,27.94,Pathfinder,3,8,609,18
26-11-2021,16.24,Bloodhound,4,12,1836,16
26-6-2019,16.4,Revenant,1,1,333,6
12-9-2019,21.15,Pathfinder,18,15,1786,6
16-6-2021,13.28,Lifeline,7,1,1853,11
23-1-2020,26.09,Bangalore,16,2,3103,4
3-4-2019,26.69,Lifeline,13,15,2880,12
19-3-2021,22.92,Pathfinder,2,3,924,10
20-2-2021,22.94,Pathfinder,2,12,955,14
7-6-2021,25.39,Pathfinder,2,15,1435,6
28-10-2019,22.52,Mad Maggie,17,6,1653,12
25-5-2021,9.14,Mad Maggie,2,8,1119,9
25-2-2019,7.51,Lifeline,8,5,2501,18
5-6-2021,4.58,Valkyrie,5,5,803,9
10-11-2021,26.82,Gibraltar,7,8,2430,18
23-6-2021,13.12,Bangalore,2,3,519,1
11-1-2020,7.75,Wraith,3,1,814,15
19-8-2020,25.44,Wraith,4,5,636,5
27-3-2020,6.12,Mirage,3,4,734,16
28-5-2019,21.13,Valkyrie,2,9,1516,18
21-8-2021,3.46,Mad Maggie,15,14,6004,10
7-2-2022,10.44,Mirage,9,11,1956,12
15-6-2022,10.44,Lifeline,2,8,1957,7
29-10-2020,27.31,Valkyrie,7,2,1109,17
6-6-2019,7.99,Pathfinder,5,0,986,19
17-12-2019,10.59,Mad Maggie,1,3,662,16
6-2-2022,29.06,Bangalore,3,7,1188,9
3-10-2020,13.23,Lifeline,1,6,1017,19
18-10-2022,28.21,Mirage,9,2,859,6
15-6-2020,2.09,Bangalore,7,4,654,10
14-5-2021,28.91,Bloodhound,3,5,570,15
26-4-2020,0.51,Lifeline,1,3,707,10
24-8-2020,10.62,Revenant,3,4,793,12
24-9-2019,14.01,Revenant,10,1,2449,3
31-8-2021,5.04,Bloodhound,1,1,260,3
18-4-2021,8.8,Mad Maggie,4,11,2349,13
28-4-2022,14.44,Valkyrie,12,4,3132,17
29-10-2022,1.77,Pathfinder,9,2,1467,8
3-2-2022,18.67,Gibraltar,3,1,709,20
4-2-2021,1.95,Mirage,3,13,1460,13
16-3-2021,28.88,Pathfinder,17,14,1745,20
10-10-2022,2.84,Mirage,3,0,724,9
16-1-2022,22.32,Bloodhound,2,3,290,19
22-8-2020,9.48,Bloodhound,8,1,805,14
23-12-2019,9.53,Wraith,0,2,179,18
21-9-2021,10.12,Pathfinder,8,14,3948,15
6-5-2021,21.09,Mad Maggie,5,2,856,9
3-7-2022,17.65,Mirage,1,2,356,14
12-8-2022,18.87,Mad Maggie,1,8,1326,19
6-12-2022,29.62,Revenant,5,5,1589,12
7-8-2021,23.68,Wraith,3,3,1086,14
6-11-2021,14.33,Mirage,8,6,977,5
12-9-2021,6.51,Mad Maggie,0,4,347,17
23-10-2019,20.95,Wraith,3,3,404,16
12-10-2019,16.77,Revenant,2,5,581,15
14-5-2020,17.1,Mad Maggie,2,5,1424,7
17-9-2022,9.59,Mirage,2,4,729,19
9-9-2022,28.66,Mad Maggie,9,3,2654,17
8-11-2021,12.38,Valkyrie,9,12,2666,15
21-9-2019,13.6,Lifeline,7,2,2032,2
17-3-2022,3.88,Bangalore,12,14,5283,14
12-12-2019,28.1,Bangalore,9,10,2980,10
15-5-2020,5.44,Wraith,0,0,0,10
18-2-2020,22.42,Wraith,3,10,886,12
22-11-2022,15.54,Mirage,2,2,315,10
19-7-2020,20.88,Mad Maggie,12,7,3207,13
16-7-2021,24.21,Valkyrie,6,9,1069,3
22-6-2022,15.49,Mirage,1,5,1092,17
1-6-2021,2.62,Bloodhound,9,6,2013,10
20-7-2019,1.93,Pathfinder,2,7,747,2
21-9-2019,4.92,Mirage,1,11,1367,10
10-2-2021,25.88,Mad Maggie,8,3,700,8
9-10-2022,20.31,Mirage,2,3,865,6
1-5-2022,7.68,Pathfinder,6,9,1122,20
29-10-2020,14.98,Wraith,2,6,1297,6
5-4-2020,7.02,Lifeline,0,0,0,20
23-9-2022,2.6,Mirage,10,7,3089,20
24-10-2020,29.95,Gibraltar,3,16,3599,5
3-10-2020,8.83,Wraith,1,0,246,3
2-8-2020,17.38,Valkyrie,11,3,2974,12
4-8-2019,11.03,Gibraltar,10,14,1356,18
20-5-2019,15.15,Revenant,1,3,649,1
12-6-2022,20.19,Valkyrie,8,3,1097,7
7-7-2021,12.37,Bangalore,9,4,1885,5
17-8-2020,11.68,Gibraltar,9,7,1861,17
16-2-2022,4.31,Gibraltar,1,11,2188,3
16-8-2020,15.49,Gibraltar,11,3,1823,9
3-4-2020,10.65,Valkyrie,1,7,922,2
19-10-2022,17.1,Valkyrie,1,4,668,11
14-6-2020,11.83,Wraith,1,8,1456,6
4-8-2019,28.65,Lifeline,2,2,838,7
27-9-2019,28.15,Mad Maggie,5,16,2478,15
26-10-2019,25.41,Mirage,5,5,1837,1
14-6-2020,29.26,Bloodhound,5,14,1859,8
20-8-2020,19.87,Wraith,4,7,1287,5
7-6-2020,7.81,Lifeline,5,1,1034,2
14-2-2021,4.47,Wraith,6,2,1736,13
2-7-2019,22.82,Mad Maggie,11,17,2056,13
10-11-2022,15.64,Pathfinder,2,7,1114,14
18-8-2022,5.56,Valkyrie,5,3,1509,2
9-6-2020,20.48,Bangalore,2,8,1575,9
10-11-2022,29.92,Revenant,16,2,1887,11
4-2-2021,3.48,Mad Maggie,12,7,3954,14
20-4-2021,18.34,Bangalore,6,9,2650,5
26-10-2021,24.51,Mirage,3,2,887,17
1-10-2022,23.12,Bloodhound,15,2,1902,19
30-7-2020,13.26,Valkyrie,16,1,1238,19
13-6-2021,19.91,Bloodhound,5,4,623,18
6-7-2021,6.51,Mirage,7,9,1535,20
7-2-2020,21.37,Bangalore,3,8,1278,18
27-7-2021,15.11,Pathfinder,2,9,1132,17
11-7-2021,15.64,Pathfinder,11,17,5590,16
31-12-2019,29.54,Bangalore,5,4,1807,5
22-6-2019,13.21,Lifeline,10,4,2944,11
2-8-2020,14.76,Bangalore,1,1,228,16
24-7-2022,1.0,Revenant,8,0,1264,7
24-12-2019,26.77,Bangalore,2,15,1686,15
13-7-2020,19.39,Wraith,19,2,1775,9
25-8-2022,4.5,Gibraltar,11,5,2880,14
24-12-2022,1.13,Lifeline,0,8,1247,16
24-5-2020,14.44,Bloodhound,2,8,1896,1
10-1-2022,13.14,Valkyrie,1,1,300,8
29-12-2021,8.94,Mad Maggie,11,0,784,13
5-9-2022,14.58,Mirage,18,2,3020,19
12-2-2020,29.81,Pathfinder,6,18,1806,14
7-6-2020,10.81,Valkyrie,3,5,1088,5
12-7-2022,13.13,Pathfinder,2,15,3002,1
10-6-2021,24.36,Bloodhound,16,7,3009,7
16-11-2022,9.25,Revenant,3,1,631,19
28-2-2020,2.27,Wraith,3,5,1288,4
16-8-2021,8.42,Revenant,10,3,994,11
14-3-2021,26.54,Revenant,11,4,908,1
23-9-2019,3.89,Bangalore,0,3,302,6
24-10-2019,19.79,Pathfinder,11,1,2214,8
23-7-2021,2.92,Gibraltar,2,9,1372,16
29-1-2021,16.62,Lifeline,3,7,1028,18
14-11-2020,21.2,Revenant,7,2,791,4
2-10-2020,19.24,Bangalore,10,1,1564,15
9-12-2020,28.85,Valkyrie,2,4,1044,11
9-5-2021,27.37,Mirage,6,17,1844,4
2-3-2021,5.95,Gibraltar,8,1,797,14
4-5-2021,0.32,Mad Maggie,5,0,350,12
24-5-2020,24.7,Wraith,8,5,841,12
13-7-2019,22.11,Bloodhound,3,2,768,17
22-1-2020,21.18,Wraith,6,8,986,18
3-8-2019,6.64,Mad Maggie,0,0,0,5
7-1-2021,25.57,Revenant,4,13,2391,19
22-9-2020,24.75,Pathfinder,8,4,1977,7
21-5-2020,17.36,Lifeline,4,8,2162,3
22-11-2019,18.54,Bangalore,13,2,2598,15
8-2-2021,26.0,Lifeline,3,2,392,15
29-11-2020,14.0,Bloodhound,16,3,3160,10
1-9-2020,28.93,Revenant,3,19,1352,20
8-4-2021,29.18,Revenant,16,2,2725,18
7-8-2021,12.09,Mirage,15,15,3791,19
2-12-2020,28.14,Valkyrie,8,4,1780,7
14-9-2022,26.88,Bloodhound,2,13,1140,14
27-9-2019,2.88,Lifeline,10,4,1593,9
28-11-2019,13.39,Lifeline,1,1,339,3
18-7-2019,7.72,Wraith,9,0,554,16
24-10-2021,12.49,Revenant,7,13,2305,18
8-1-2021,24.18,Valkyrie,5,7,2305,14
15-7-2021,5.48,Bangalore,2,8,1825,17
8-6-2020,19.33,Bangalore,4,1,666,17
31-10-2021,4.47,Revenant,5,1,749,10
5-4-2020,0.96,Bloodhound,0,5,768,14
17-5-2019,3.83,Revenant,1,3,392,4
23-11-2022,5.89,Gibraltar,1,0,175,10
19-4-2022,3.47,Wraith,4,12,1996,18
1-3-2019,18.49,Bloodhound,3,1,851,3
28-10-2019,2.49,Valkyrie,9,9,3515,20
5-4-2020,27.39,Wraith,2,4,943,5
3-7-2021,29.3,Bloodhound,4,3,541,18
8-3-2021,1.58,Mirage,6,0,405,8
2-8-2022,18.37,Lifeline,7,2,1231,5
28-4-2020,16.05,Wraith,8,2,1716,9
23-6-2022,20.97,Wraith,7,11,3098,9
5-1-2021,14.46,Lifeline,4,2,825,16
1-12-2021,9.75,Bloodhound,7,5,1703,17
8-4-2021,1.68,Gibraltar,1,7,1478,12
4-1-2020,25.34,Bloodhound,3,4,1347,5
23-1-2021,20.87,Bloodhound,4,8,1827,20
9-11-2019,16.47,Wraith,8,3,1931,18
22-3-2019,4.12,Lifeline,2,3,1070,19
28-12-2019,16.03,Bangalore,1,4,261,3
28-3-2022,2.13,Valkyrie,2,2,417,15
8-7-2020,15.72,Lifeline,4,10,1233,18
8-11-2019,10.04,Bloodhound,4,1,661,3
20-3-2019,21.73,Wraith,5,5,571,16
4-7-2022,11.83,Wraith,13,3,1593,20
19-6-2019,17.07,Revenant,13,4,1497,7
20-11-2019,20.43,Lifeline,11,9,2386,13
29-3-2020,4.36,Bangalore,7,2,1928,5
15-10-2019,23.11,Wraith,5,6,1035,12
2-4-2022,4.1,Mirage,10,3,1409,6
10-10-2020,29.24,Mad Maggie,9,17,1767,18
5-5-2019,19.23,Mad Maggie,14,9,3312,2
8-2-2021,26.23,Pathfinder,3,7,1861,17
1-9-2022,11.96,Wraith,2,2,388,5
28-12-2022,22.24,Gibraltar,10,11,2357,5
21-11-2021,11.96,Lifeline,7,7,768,4
24-12-2019,24.92,Mirage,6,5,1747,11
18-4-2021,9.64,Bangalore,6,3,813,2
6-6-2022,7.46,Revenant,12,11,2783,3
15-3-2020,6.7,Valkyrie,0,1,144,16
3-8-2020,0.27,Gibraltar,11,0,2035,5
17-6-2019,28.51,Pathfinder,4,4,519,14
19-9-2022,7.37,Mad Maggie,9,0,1077,18
20-6-2019,9.71,Bloodhound,1,9,1966,15
20-8-2021,1.99,Wraith,4,7,1796,3
24-4-2021,10.38,Wraith,17,4,2712,14
29-9-2019,8.94,Lifeline,0,0,0,1
26-2-2020,17.45,Mirage,7,9,1684,12
11-9-2021,18.96,Bloodhound,5,7,1036,1
16-6-2019,29.13,Mirage,2,3,984,14
19-8-2022,3.76,Pathfinder,3,0,254,1
8-6-2020,24.81,Gibraltar,2,13,2345,2
19-8-2021,1.39,Wraith,6,1,481,6
8-2-2021,22.32,Pathfinder,5,2,450,18
27-2-2019,5.77,Bloodhound,9,16,1800,11
23-3-2019,13.16,Bloodhound,1,1,258,1
21-1-2022,17.81,Bloodhound,3,5,1017,13
3-11-2022,27.33,Pathfinder,2,5,928,5
14-1-2021,19.32,Mirage,4,7,647,18
22-3-2020,2.25,Revenant,3,3,1205,13
2-6-2021,4.01,Revenant,5,4,1555,6
1-8-2022,0.85,Pathfinder,3,10,1736,9
27-7-2019,7.8,Valkyrie,0,1,76,3
24-12-2022,15.4,Bangalore,1,12,2118,9
23-12-2021,6.37,Wraith,2,2,594,11
22-10-2021,24.8,Lifeline,12,9,3786,5
5-7-2020,28.15,Bloodhound,5,6,1560,12
18-6-2020,19.87,Lifeline,1,8,1406,3
24-10-2022,21.91,Lifeline,9,8,1471,19
23-5-2022,15.32,Mirage,10,4,2721,14
3-11-2020,17.02,Lifeline,4,16,1473,3
8-9-2021,7.52,Bangalore,14,8,2521,6
21-1-2022,2.87,Revenant,1,4,684,16
20-3-2019,17.86,Gibraltar,4,6,755,2
27-4-2020,15.15,Mad Maggie,2,9,1514,11
24-11-2021,4.63,Gibraltar,8,0,923,15
25-3-2021,1.8,Lifeline,1,17,2288,3
14-9-2020,10.35,Mirage,15,1,2343,17
7-8-2019,2.59,Mirage,5,6,859,6
11-2-2020,17.56,Pathfinder,2,12,2462,2
12-2-2019,18.83,Bloodhound,2,1,435,1
20-9-2022,18.67,Lifeline,2,8,742,13
20-8-2020,1.71,Gibraltar,6,6,2131,20
13-10-2019,23.42,Pathfinder,4,8,998,9
20-3-2020,27.45,Pathfinder,5,3,799,20
3-5-2021,3.87,Gibraltar,0,5,613,11
5-4-2022,4.46,Lifeline,5,3,1066,14
28-6-2021,4.58,Mad Maggie,12,8,2508,18
17-12-2020,22.96,Mad Maggie,5,2,927,19
15-5-2020,1.19,Mirage,7,0,1389,6
22-4-2022,11.46,Bangalore,13,5,2164,1
3-7-2020,14.97,Bangalore,1,6,550,7
10-11-2021,27.86,Mad Maggie,4,6,1922,17
29-9-2020,24.85,Bloodhound,7,11,2101,17
13-10-2022,11.5,Pathfinder,11,14,5052,13
10-10-2022,15.02,Bangalore,2,8,1898,16
22-11-2020,29.32,Mad Maggie,3,5,1460,11
3-2-2020,0.31,Mad Maggie,2,5,1115,12
4-7-2020,21.36,Valkyrie,6,17,3326,13
9-9-2019,25.7,Lifeline,7,4,900,4
7-11-2020,21.22,Bangalore,3,2,816,8
10-7-2020,16.79,Bloodhound,17,7,3164,4
6-12-2022,26.33,Mad Maggie,2,18,1087,10
22-4-2020,16.66,Bloodhound,2,5,1451,9
20-6-2021,20.68,Lifeline,2,11,1792,14
18-9-2020,1.54,Pathfinder,2,10,1118,17
23-7-2019,17.81,Mad Maggie,3,2,497,14
29-3-2019,14.03,Bangalore,5,7,863,5
2-10-2022,3.45,Bangalore,10,0,2364,7
14-1-2022,12.65,Lifeline,17,3,1893,8
30-5-2022,14.24,Mirage,7,5,2258,4
6-11-2019,14.1,Bloodhound,4,2,527,7
10-4-2021,16.99,Valkyrie,5,2,1607,8
21-3-2021,20.11,Gibraltar,2,3,984,11
9-11-2019,29.89,Lifeline,6,6,2400,1
4-5-2021,18.76,Wraith,16,1,2649,19
10-10-2022,22.02,Valkyrie,5,9,1721,11
27-8-2020,26.98,Lifeline,9,9,2982,2
12-9-2020,18.93,Lifeline,3,6,905,18
5-10-2021,17.92,Bloodhound,1,6,597,7
6-2-2022,28.04,Revenant,9,13,4251,10
7-7-2020,14.54,Revenant,3,13,2328,16
2-10-2019,13.65,Mirage,1,5,594,5
22-12-2020,29.2,Pathfinder,7,16,2622,15
25-8-2020,14.22,Wraith,6,5,2213,2
27-10-2022,23.22,Wraith,6,3,714,17
4-5-2021,26.68,Revenant,10,6,2743,4
6-10-2022,5.08,Lifeline,1,1,297,13
11-10-2020,11.65,Bangalore,1,3,695,9
13-3-2021,17.56,Gibraltar,1,3,658,1
2-6-2022,13.28,Bangalore,1,1,449,19
25-3-2020,2.52,Mad Maggie,1,2,288,2
26-10-2021,1.72,Mirage,4,3,725,17
14-7-2019,27.2,Pathfinder,2,6,1032,4
12-12-2021,19.36,Bloodhound,7,3,1891,13
20-2-2020,1.44,Mirage,3,0,643,20
1-8-2021,13.57,Mad Maggie,1,2,348,12
10-10-2020,26.5,Bangalore,4,6,1441,5
13-9-2020,6.6,Pathfinder,16,1,3013,10
18-6-2022,21.21,Mad Maggie,17,7,2327,18
14-4-2020,18.26,Gibraltar,3,2,461,3
27-1-2021,25.41,Gibraltar,8,12,4068,9
30-11-2020,0.67,Bloodhound,0,0,0,12
3-9-2020,21.09,Revenant,2,8,581,3
7-2-2021,20.14,Revenant,4,6,1544,8
12-8-2022,8.13,Bloodhound,0,2,216,13
25-4-2021,10.32,Wraith,10,1,805,18
7-5-2021,13.86,Valkyrie,13,1,1795,5
21-1-2021,17.26,Lifeline,5,3,1204,2
9-10-2021,10.68,Pathfinder,6,1,478,17
8-6-2020,19.24,Pathfinder,1,10,1033,16
6-9-2022,17.26,Gibraltar,12,4,1327,10
25-1-2022,3.51,Lifeline,0,3,557,4
12-2-2019,9.13,Pathfinder,1,7,644,17
20-8-2019,28.42,Mad Maggie,3,2,508,18
3-3-2020,26.09,Wraith,10,2,2235,12
24-8-2019,9.95,Mad Maggie,7,3,616,17
10-6-2020,20.95,Revenant,14,4,3378,5
4-7-2019,20.71,Mad Maggie,9,3,1974,12
1-1-2021,18.45,Wraith,4,2,891,4
24-7-2020,6.46,Mirage,1,2,429,14
5-3-2020,13.61,Valkyrie,15,3,2276,4
27-7-2020,2.01,Bangalore,6,1,590,7
11-5-2019,5.25,Bloodhound,3,3,687,8
15-9-2019,26.32,Valkyrie,3,6,1678,11
2-8-2022,18.02,Mirage,3,9,1147,20
23-1-2021,21.56,Gibraltar,4,4,1022,20
30-6-2019,3.51,Valkyrie,0,3,161,4
20-10-2019,7.4,Bloodhound,10,6,1425,15
15-8-2019,24.2,Pathfinder,2,2,246,6
26-2-2020,14.26,Revenant,13,1,2639,15
30-5-2021,21.09,Pathfinder,3,2,695,6
22-2-2021,6.9,Lifeline,2,1,401,10
18-11-2019,28.89,Lifeline,8,2,1830,13
4-7-2022,20.66,Wraith,11,3,2037,2
5-3-2021,3.64,Mad Maggie,9,1,1843,5
12-11-2020,16.66,Wraith,2,2,783,6
3-11-2020,25.14,Mirage,6,15,3669,7
16-3-2021,15.76,Pathfinder,1,8,746,17
2-7-2022,4.38,Gibraltar,14,4,2333,3
13-3-2020,27.78,Valkyrie,10,16,1752,10
3-2-2021,25.23,Wraith,6,4,680,17
4-6-2019,3.4,Valkyrie,7,11,3565,19
9-5-2022,20.68,Valkyrie,3,6,798,13
10-11-2019,19.38,Bangalore,6,7,2708,8
2-12-2022,6.73,Mirage,8,8,1326,2
24-11-2022,8.26,Mirage,4,18,3442,18
27-2-2019,3.83,Mirage,2,4,384,4
1-5-2020,9.12,Lifeline,8,0,726,17
30-12-2020,22.81,Valkyrie,4,6,1560,3
26-4-2021,29.85,Gibraltar,2,14,935,18
3-11-2022,10.22,Gibraltar,3,5,530,5
18-7-2020,7.19,Revenant,0,2,338,19
1-11-2021,20.63,Gibraltar,8,3,1720,4
23-7-2022,13.33,Pathfinder,13,15,3233,3
21-5-2022,10.27,Valkyrie,3,6,951,9
6-7-2022,2.72,Valkyrie,1,3,806,13
19-2-2021,24.35,Bangalore,3,5,1041,11
23-1-2022,16.1,Gibraltar,11,3,2191,7
10-6-2022,23.07,Lifeline,2,3,637,15
27-3-2022,0.22,Mad Maggie,0,3,226,1
8-5-2022,1.37,Pathfinder,12,9,2233,5
22-10-2022,18.23,Valkyrie,3,1,802,20
21-3-2020,14.89,Revenant,1,3,734,16
8-8-2019,18.82,Lifeline,2,7,803,16
10-9-2019,15.27,Bloodhound,2,1,224,8
12-7-2021,29.36,Valkyrie,2,2,594,13
12-5-2020,11.95,Bloodhound,3,2,1017,6
17-6-2021,3.09,Mad Maggie,2,2,440,1
19-7-2020,9.35,Pathfinder,3,11,1550,7
4-4-2019,5.44,Gibraltar,4,4,730,17
6-2-2022,24.01,Wraith,3,3,911,14
29-7-2021,21.44,Bloodhound,2,2,250,16
20-10-2022,2.07,Mad Maggie,0,5,346,16
12-2-2019,29.72,Revenant,14,4,1158,11
31-10-2022,26.03,Bloodhound,20,2,1853,12
26-8-2020,0.39,Revenant,5,7,1122,13
4-2-2021,10.77,Wraith,4,3,570,14
13-9-2022,8.9,Gibraltar,7,4,650,13
31-8-2020,6.16,Pathfinder,3,0,357,13
16-5-2021,2.24,Mirage,1,3,576,13
16-8-2021,10.04,Wraith,3,4,1056,17
18-9-2022,4.39,Mad Maggie,0,2,374,13
7-7-2022,8.02,Bloodhound,8,3,2378,3
4-12-2019,27.57,Valkyrie,4,5,873,4
22-4-2019,20.45,Mirage,19,2,1630,13
11-10-2019,4.98,Revenant,6,8,1648,10
21-10-2021,18.71,Bangalore,4,6,1771,12
17-10-2021,27.73,Lifeline,9,5,1434,15
2-5-2020,13.34,Mirage,7,1,1010,4
11-3-2020,27.31,Valkyrie,11,3,2453,19
31-5-2019,4.91,Mad Maggie,4,0,739,17
15-1-2021,8.46,Mad Maggie,4,7,2146,7
23-11-2021,20.02,Valkyrie,12,2,1159,2
3-10-2020,26.05,Valkyrie,5,9,1473,15
14-11-2019,11.59,Bloodhound,1,1,252,2
12-7-2020,24.66,Gibraltar,14,2,3691,9
12-1-2021,2.96,Wraith,5,0,658,16
18-11-2019,26.51,Wraith,15,18,4806,7
23-1-2020,27.53,Pathfinder,15,12,2502,7
28-2-2020,7.89,Gibraltar,0,15,750,15
16-11-2019,18.93,Bangalore,15,15,4276,2
10-8-2020,8.0,Mad Maggie,3,12,2161,19
1-9-2022,27.86,Mad Maggie,10,2,693,6
21-5-2019,11.0,Wraith,2,4,542,6
4-3-2021,2.59,Gibraltar,5,0,478,6
13-1-2020,25.81,Valkyrie,12,19,6083,13
14-6-2022,14.55,Pathfinder,1,1,134,12
18-8-2020,23.1,Pathfinder,3,7,1295,14
29-8-2022,28.15,Mad Maggie,2,10,2390,5
30-4-2021,3.24,Lifeline,3,0,443,13
26-12-2021,18.01,Revenant,3,2,335,3
6-10-2020,16.56,Mirage,8,2,694,10
2-10-2020,21.45,Mad Maggie,13,19,2705,4
2-6-2022,26.92,Lifeline,8,5,847,1
10-10-2021,19.65,Lifeline,6,6,2370,17
6-12-2021,3.82,Mirage,0,3,431,12
30-3-2019,11.19,Bloodhound,6,4,988,15
3-11-2021,19.74,Lifeline,2,4,354,15
9-3-2021,14.35,Lifeline,3,4,759,5
16-11-2021,5.66,Gibraltar,7,0,1067,16
24-12-2022,9.41,Revenant,5,0,419,1
8-1-2021,20.0,Mirage,3,2,796,17
26-11-2021,13.73,Mirage,6,2,962,20
24-12-2019,26.45,Mad Maggie,4,8,1869,5
3-6-2022,27.77,Bloodhound,2,18,2773,19
10-7-2021,15.16,Mirage,8,15,1549,16
19-5-2020,12.27,Wraith,4,13,1517,3
21-5-2022,3.02,Gibraltar,8,5,1881,13
22-6-2020,12.21,Gibraltar,17,1,2843,13
22-5-2021,5.29,Bangalore,1,5,472,14
13-4-2019,23.05,Mirage,7,16,4521,7
20-3-2020,6.83,Mirage,0,4,764,20
14-12-2021,1.64,Mirage,2,10,705,1
8-6-2022,23.18,Bangalore,12,8,1276,19
22-4-2022,1.98,Valkyrie,2,6,927,9
29-9-2021,2.82,Bangalore,18,7,2650,3
16-12-2019,26.07,Bloodhound,4,8,1474,8
6-10-2022,8.9,Lifeline,1,6,1146,16
17-8-2022,11.0,Valkyrie,7,8,1663,5
30-9-2019,6.7,Lifeline,0,3,193,19
17-10-2021,27.84,Revenant,3,11,2724,12
27-1-2020,1.7,Lifeline,15,2,1949,17
20-5-2022,10.86,Lifeline,6,2,1149,16
1-11-2021,14.75,Mirage,1,1,241,11
30-6-2020,0.93,Bangalore,2,2,732,5
12-4-2019,14.75,Mirage,5,5,2009,1
25-7-2019,28.29,Pathfinder,8,10,1363,16
12-10-2021,1.09,Revenant,12,16,4667,18
21-4-2019,19.83,Wraith,5,3,1340,6
24-8-2021,17.88,Bloodhound,1,10,720,4
5-10-2021,11.06,Pathfinder,3,11,1477,18
13-2-2022,3.93,Lifeline,0,0,0,15
12-4-2020,23.73,Wraith,13,16,5351,1
2-6-2020,17.47,Valkyrie,5,3,1061,3
5-5-2021,22.64,Revenant,4,3,778,11
3-8-2020,25.92,Mirage,4,16,1039,1
6-6-2019,11.12,Gibraltar,3,10,1503,15
17-10-2021,19.92,Lifeline,2,3,574,12
2-7-2022,19.91,Bangalore,1,8,881,6
11-6-2020,8.8,Lifeline,6,16,1588,3
24-7-2019,15.76,Revenant,3,2,1040,10
18-6-2022,11.1,Bloodhound,3,4,1273,19
20-11-2022,23.68,Wraith,6,7,2703,13
15-5-2022,22.65,Lifeline,21,6,3383,14
21-11-2021,0.7,Mirage,8,0,1862,3
29-5-2022,10.0,Lifeline,7,1,1432,14
25-7-2019,23.09,Bangalore,14,2,1159,12
5-8-2021,18.16,Revenant,1,9,704,12
2-12-2019,2.04,Pathfinder,6,2,1188,6
15-10-2020,27.52,Wraith,7,2,1235,5
17-3-2022,17.38,Mirage,2,2,361,4
7-6-2020,4.51,Revenant,5,16,1903,19
15-6-2022,1.08,Gibraltar,8,4,1214,2
2-5-2019,0.1,Mad Maggie,12,4,2853,17
8-2-2021,2.63,Pathfinder,0,8,819,7
6-10-2019,11.21,Mirage,11,8,2679,2
16-1-2021,22.61,Gibraltar,5,2,814,7
26-10-2019,9.63,Gibraltar,4,0,693,16
15-6-2019,29.81,Revenant,3,13,868,20
30-3-2020,27.48,Valkyrie,7,6,2600,10
6-2-2021,13.75,Valkyrie,2,1,439,4
15-6-2019,22.42,Valkyrie,2,5,783,3
17-2-2019,18.14,Lifeline,7,4,2096,5
17-11-2019,4.04,Bangalore,18,9,2414,18
21-1-2022,20.6,Revenant,11,6,1430,6
16-3-2019,12.04,Mad Maggie,5,5,1428,14
20-6-2019,29.09,Bangalore,5,6,2006,17
5-2-2022,28.21,Mad Maggie,5,6,919,20
21-4-2020,13.86,Revenant,5,5,954,12
1-8-2020,16.56,Wraith,5,7,1329,10
21-10-2019,12.65,Valkyrie,2,1,316,14
22-8-2022,2.05,Bloodhound,5,2,412,19
27-9-2022,23.17,Bangalore,14,6,1387,9
20-7-2020,14.72,Bloodhound,12,14,1654,12
11-11-2019,27.12,Mad Maggie,3,12,1952,9
20-7-2022,19.15,Valkyrie,1,4,599,16
5-8-2020,10.98,Revenant,11,4,1794,1
10-5-2021,12.78,Lifeline,14,1,3262,2
24-11-2022,9.58,Gibraltar,1,6,1046,14
24-5-2022,21.28,Revenant,15,5,2371,11
17-12-2021,26.92,Bloodhound,16,6,1980,8
24-10-2022,0.73,Revenant,0,1,188,7
23-11-2022,16.39,Valkyrie,3,6,909,6
21-3-2021,26.02,Valkyrie,5,14,3131,14
7-6-2021,17.21,Bangalore,8,4,1669,18
9-12-2021,14.79,Gibraltar,2,3,857,12
24-7-2021,23.89,Valkyrie,5,7,1728,11
21-7-2020,28.49,Bloodhound,6,9,1756,12
25-7-2022,1.95,Pathfinder,8,2,1432,1
26-12-2022,2.5,Wraith,12,1,2112,10
23-8-2020,8.9,Bloodhound,2,1,645,4
18-6-2019,26.5,Mirage,9,6,1549,20
20-6-2022,5.73,Lifeline,0,7,881,1
6-1-2021,19.81,Revenant,1,2,210,16
11-8-2022,3.77,Bloodhound,9,3,1706,2
19-11-2020,22.6,Bloodhound,2,5,1456,9
4-7-2019,9.95,Wraith,2,3,587,5
9-5-2021,14.92,Valkyrie,12,4,1416,13
9-11-2019,25.41,Wraith,3,3,613,8
6-10-2022,20.47,Pathfinder,3,21,3741,3
12-7-2020,24.96,Mad Maggie,2,5,875,7
17-8-2021,13.08,Gibraltar,1,7,490,2
2-3-2020,23.1,Lifeline,2,2,386,2
21-10-2019,10.85,Valkyrie,11,1,2476,13
5-3-2019,25.29,Bloodhound,2,6,662,5
27-5-2021,15.67,Revenant,4,1,923,8
19-8-2021,21.36,Wraith,2,14,2927,1
11-12-2021,0.64,Wraith,7,9,2193,9
14-2-2022,2.61,Bloodhound,4,2,660,19
9-3-2020,26.93,Lifeline,12,3,1191,9
11-3-2021,17.24,Valkyrie,2,12,1808,10
23-5-2022,29.59,Revenant,7,6,807,2
9-5-2021,11.72,Mirage,1,4,285,9
13-6-2019,7.27,Mirage,0,3,377,13
28-10-2020,7.43,Bloodhound,2,17,1024,3
7-12-2022,1.29,Gibraltar,3,7,985,18
23-10-2021,14.99,Mirage,15,4,2281,15
29-8-2022,9.32,Gibraltar,5,7,1697,4
12-3-2021,20.93,Mirage,5,2,1277,2
2-11-2019,23.31,Revenant,14,5,3715,14
17-1-2020,27.95,Pathfinder,10,3,1395,14
24-2-2020,9.5,Revenant,9,3,1121,15
11-2-2019,18.84,Bangalore,7,7,1337,8
23-10-2019,0.64,Mad Maggie,8,9,2845,18
25-6-2020,20.71,Pathfinder,11,6,2885,6
21-5-2022,7.42,Gibraltar,4,16,3053,1
9-10-2022,8.84,Wraith,6,5,2165,16
25-3-2022,20.84,Mad Maggie,19,6,4276,2
12-9-2020,8.98,Mad Maggie,12,10,1723,4
9-12-2022,3.1,Lifeline,3,3,562,5
7-1-2021,26.36,Gibraltar,18,2,1980,6
15-2-2022,29.29,Revenant,5,2,1503,4
11-10-2019,15.08,Gibraltar,12,1,2942,12
4-8-2022,8.44,Valkyrie,5,10,3087,1
22-5-2020,5.18,Gibraltar,9,3,2082,7
8-1-2020,19.12,Valkyrie,2,5,991,20
31-10-2021,2.06,Lifeline,13,7,2689,3
26-9-2020,13.75,Mirage,7,2,982,13
1-2-2020,8.48,Lifeline,5,2,510,5
20-7-2022,7.83,Pathfinder,2,0,213,8
2-5-2022,5.72,Lifeline,1,0,119,10
27-5-2020,24.5,Lifeline,4,2,893,16
29-12-2022,23.23,Lifeline,12,2,2541,17
17-8-2022,17.93,Lifeline,3,10,1230,7
4-11-2021,20.22,Revenant,6,15,1136,10
5-8-2022,9.94,Mad Maggie,2,4,1135,10
5-12-2020,28.82,Bangalore,3,2,327,13
11-3-2021,6.87,Bangalore,12,2,1101,8
30-8-2022,21.36,Valkyrie,11,9,4290,3
30-7-2019,24.2,Mad Maggie,17,5,2696,2
16-2-2020,1.4,Mad Maggie,5,0,302,4
4-7-2019,5.75,Revenant,0,2,290,2
26-3-2021,8.83,Bloodhound,3,4,1046,11
8-11-2021,24.21,Mirage,2,2,618,15
5-6-2019,14.67,Mad Maggie,5,1,708,7
1-12-2021,27.73,Gibraltar,3,3,942,15
17-5-2022,9.27,Lifeline,7,9,3364,20
7-3-2019,4.15,Bloodhound,0,7,1267,5
12-8-2020,15.89,Valkyrie,3,8,1242,6
22-2-2019,6.75,Revenant,8,0,1419,10
25-8-2021,8.05,Valkyrie,7,3,1794,9
6-6-2019,27.39,Mirage,4,3,1159,3
28-2-2019,16.13,Wraith,2,3,887,20
23-2-2022,7.14,Bloodhound,4,9,1922,6
10-11-2020,24.4,Gibraltar,18,4,2214,10
26-1-2022,28.26,Lifeline,7,5,2159,19
1-7-2022,23.59,Bloodhound,3,14,1379,15
20-8-2019,1.23,Lifeline,9,1,1215,9
6-12-2021,9.35,Gibraltar,0,12,1455,2
30-7-2020,12.27,Valkyrie,4,1,666,13
30-10-2020,22.36,Lifeline,2,19,3286,11
26-4-2019,6.98,Revenant,0,8,765,15
10-9-2021,18.93,Bloodhound,4,6,1023,13
3-7-2019,16.97,Mad Maggie,2,3,856,11
13-12-2022,29.07,Revenant,5,13,1047,19
1-9-2022,23.54,Revenant,2,4,906,16
13-8-2019,1.56,Mad Maggie,5,5,1883,20
18-11-2021,20.37,Mad Maggie,6,4,856,20
10-7-2020,8.73,Mad Maggie,0,2,126,11
9-4-2019,7.96,Mad Maggie,17,1,3889,7
2-6-2022,7.02,Bangalore,5,9,2504,4
15-10-2021,2.97,Bloodhound,4,11,1456,1
18-5-2021,5.79,Gibraltar,2,5,1120,14
19-7-2021,29.21,Revenant,7,13,1612,11
10-8-2022,2.2,Bloodhound,5,5,824,16
28-8-2019,3.2,Mad Maggie,2,3,802,11
21-5-2022,17.18,Pathfinder,12,4,3333,10
8-12-2019,19.67,Revenant,5,3,1110,18
6-4-2020,10.88,Bangalore,6,15,1769,6
3-8-2019,12.48,Wraith,2,5,470,8
10-11-2020,10.05,Mad Maggie,5,4,1107,5
6-5-2019,28.17,Lifeline,5,6,990,12
6-2-2021,17.99,Wraith,6,5,1280,20
1-4-2021,1.84,Bangalore,13,8,3062,2
17-11-2022,9.69,Lifeline,0,2,198,20
6-10-2020,11.3,Bangalore,2,3,920,13
22-5-2021,29.49,Mirage,7,8,2928,16
26-8-2021,13.99,Valkyrie,3,13,2427,14
2-8-2021,23.09,Bangalore,13,7,4067,10
3-10-2021,16.67,Bloodhound,5,10,2223,18
17-10-2020,15.31,Wraith,5,12,2296,13
17-12-2021,0.19,Mad Maggie,0,0,0,9
7-12-2022,1.16,Gibraltar,14,2,3619,8
16-9-2019,20.82,Mad Maggie,4,6,1291,18
27-1-2022,4.62,Bangalore,2,0,226,1
30-12-2019,1.22,Pathfinder,2,0,191,17
22-5-2022,19.98,Bloodhound,13,4,3254,17
29-5-2021,22.64,Gibraltar,3,6,532,1
18-3-2020,29.34,Mirage,7,12,1977,5
20-9-2021,22.16,Bloodhound,11,3,2050,14
26-2-2020,2.97,Revenant,2,14,1149,17
23-1-2020,17.35,Bangalore,12,11,1977,17
11-6-2019,26.99,Valkyrie,10,5,2044,15
28-12-2020,9.73,Gibraltar,2,7,1684,18
11-8-2019,24.76,Bloodhound,12,9,4418,7
18-10-2019,10.48,Bloodhound,19,6,2035,18
15-8-2021,5.98,Bloodhound,7,11,3092,4
2-10-2022,24.16,Lifeline,4,8,2384,1
8-2-2021,21.94,Gibraltar,3,2,555,12
21-11-2019,1.49,Bloodhound,5,0,712,15
4-1-2021,29.72,Wraith,7,2,1427,8
17-7-2021,3.33,Wraith,3,9,1607,5
23-10-2022,17.93,Pathfinder,12,16,4172,3
21-3-2021,16.49,Lifeline,6,1,714,7
14-7-2019,2.88,Bloodhound,1,4,743,6
25-2-2021,27.23,Valkyrie,2,6,784,19
2-3-2019,8.21,Revenant,0,16,1805,17
28-11-2019,17.94,Pathfinder,6,5,2145,11
15-2-2022,0.8,Wraith,6,10,1307,1
12-3-2022,7.69,Bangalore,11,3,2956,1
12-2-2020,11.86,Mirage,1,1,408,4
11-4-2019,11.23,Mirage,8,5,941,5
17-4-2020,7.33,Revenant,5,1,868,3
18-11-2021,16.13,Bangalore,4,15,1797,9
27-11-2019,12.92,Pathfinder,15,2,1177,10
9-6-2022,7.19,Mad Maggie,6,1,1482,9
6-8-2019,23.99,Pathfinder,10,2,1188,10
6-5-2022,18.54,Lifeline,10,2,1367,1
18-8-2020,27.69,Wraith,14,3,1892,4
17-12-2021,21.35,Bangalore,3,2,397,3
15-2-2020,6.03,Bangalore,0,4,205,12
16-12-2021,20.96,Lifeline,4,2,601,16
15-5-2021,0.36,Wraith,11,4,1800,3
12-4-2021,26.22,Gibraltar,2,4,956,6
7-5-2021,17.78,Revenant,2,2,601,3
18-7-2019,13.44,Revenant,3,1,681,3
24-10-2021,9.63,Lifeline,4,12,1909,15
9-3-2021,3.69,Lifeline,0,12,1317,11
15-11-2022,14.71,Gibraltar,1,3,562,16
29-7-2019,29.49,Lifeline,2,7,1284,16
21-6-2019,17.79,Bangalore,1,10,1233,1
10-1-2021,2.23,Mirage,8,0,761,5
28-9-2022,9.2,Valkyrie,2,7,1623,16
21-5-2022,28.66,Mirage,13,7,2061,12
9-4-2021,0.35,Mirage,0,7,1167,3
8-10-2020,24.85,Wraith,8,5,1652,17
6-10-2022,14.7,Mirage,3,2,546,12
5-1-2022,3.42,Mirage,1,0,107,6
11-1-2021,16.54,Pathfinder,4,6,1405,17
9-10-2019,18.04,Mad Maggie,17,1,1436,19
10-2-2020,9.8,Valkyrie,14,6,4335,7
18-1-2022,2.97,Mirage,0,9,1518,6
24-10-2019,11.96,Gibraltar,8,1,1127,3
18-7-2019,2.16,Wraith,0,1,147,10
24-1-2020,9.32,Revenant,15,1,3517,17
12-2-2019,1.87,Gibraltar,11,1,1914,13
8-8-2019,26.76,Mirage,6,17,1850,11
20-2-2019,9.79,Wraith,0,7,1234,19
16-3-2019,29.73,Wraith,3,16,1402,6
9-10-2019,26.73,Lifeline,7,11,1098,20
10-10-2020,20.53,Bloodhound,9,9,1077,7
1-5-2021,11.57,Bangalore,1,5,756,17
13-6-2022,6.0,Wraith,2,2,801,16
28-5-2021,26.4,Revenant,3,14,2487,11
15-8-2021,18.84,Gibraltar,13,17,6044,9
14-7-2022,19.82,Bangalore,10,8,2804,3
25-7-2019,21.16,Mad Maggie,10,2,1382,20
14-6-2022,7.27,Bangalore,2,7,1394,13
22-5-2019,24.45,Bloodhound,18,4,1501,17
18-3-2020,7.29,Pathfinder,0,0,0,6
21-8-2021,6.98,Wraith,0,1,138,14
15-2-2022,3.68,Bloodhound,8,4,1724,9
18-6-2021,27.5,Bloodhound,10,10,4104,5
14-1-2022,21.54,Valkyrie,18,4,1410,10
20-9-2022,22.71,Bloodhound,6,13,1853,10
22-10-2022,24.11,Pathfinder,16,9,1742,6
28-2-2019,20.88,Bloodhound,3,2,618,12
24-1-2021,25.72,Pathfinder,16,2,2502,7
15-11-2021,18.24,Bangalore,3,9,1502,7
14-9-2019,1.37,Bloodhound,6,4,1006,18
23-2-2021,9.53,Bloodhound,3,6,1477,13
18-9-2019,27.37,Mad Maggie,6,2,681,5
6-7-2021,23.09,Revenant,6,4,2061,7
12-7-2020,11.36,Lifeline,2,1,553,18
27-10-2020,10.89,Gibraltar,3,8,1702,14
28-1-2022,7.2,Bangalore,8,11,1264,1
10-4-2021,7.95,Pathfinder,0,0,0,15
3-2-2021,19.72,Wraith,2,4,629,9
25-6-2022,8.81,Lifeline,5,2,684,19
1-6-2020,12.85,Bloodhound,1,11,1402,4
1-5-2022,5.5,Bloodhound,16,0,1681,15
22-11-2022,19.46,Revenant,8,17,4489,12
8-6-2019,8.75,Bangalore,10,1,2210,11
12-2-2020,10.57,Revenant,10,3,1255,3
30-12-2022,24.33,Lifeline,4,11,2944,18
4-7-2019,3.39,Mirage,5,15,2407,17
18-7-2020,18.87,Revenant,2,1,607,13
14-7-2022,16.37,Revenant,3,2,613,7
26-10-2022,5.53,Valkyrie,17,19,5876,17
20-2-2019,24.3,Pathfinder,2,9,1696,20
17-12-2021,20.64,Mad Maggie,3,2,889,8
3-10-2021,10.01,Lifeline,8,2,1130,1
7-4-2022,8.44,Pathfinder,7,1,455,14
30-11-2020,25.81,Valkyrie,2,2,396,6
19-8-2020,22.51,Bangalore,2,14,1460,13
18-7-2020,8.65,Gibraltar,10,9,3252,6
16-10-2019,28.54,Mad Maggie,3,15,2826,20
26-9-2021,7.65,Gibraltar,8,2,588,8
23-4-2020,27.01,Lifeline,4,13,2132,1
12-4-2019,27.87,Revenant,10,3,2814,18
12-8-2020,26.73,Wraith,3,11,2109,20
15-3-2022,17.22,Pathfinder,1,4,635,5
20-3-2019,2.94,Wraith,0,4,315,20
16-4-2020,18.8,Bloodhound,1,3,570,18
26-8-2020,19.93,Mad Maggie,17,4,3850,17
7-11-2019,6.63,Lifeline,5,2,1284,14
4-4-2019,1.79,Bloodhound,4,15,3112,9
18-2-2019,9.62,Bangalore,0,10,527,3
14-9-2021,13.93,Bangalore,3,10,1560,12
24-12-2022,18.09,Mad Maggie,11,3,3042,13
4-5-2019,1.55,Gibraltar,0,5,381,5
12-6-2022,0.75,Pathfinder,14,8,2277,14
3-3-2019,20.24,Gibraltar,11,2,1569,3
20-2-2021,12.02,Wraith,1,3,472,8
30-12-2020,23.23,Revenant,2,5,1025,2
6-11-2021,16.47,Bangalore,1,4,568,20
12-6-2019,16.93,Mad Maggie,3,7,1639,8
2-6-2019,12.8,Lifeline,3,5,873,2
16-3-2019,21.92,Mirage,2,4,914,11
22-10-2022,29.34,Pathfinder,6,3,2011,13
14-11-2019,4.31,Revenant,1,1,450,9
22-5-2020,24.57,Wraith,2,4,633,19
4-2-2021,7.06,Revenant,2,2,290,18
10-5-2021,0.16,Gibraltar,9,0,1376,1
11-8-2022,19.39,Bloodhound,3,7,1147,20
4-7-2021,5.51,Mirage,1,0,144,11
5-5-2021,23.91,Pathfinder,6,2,1679,9
14-7-2020,7.57,Bangalore,0,4,515,16
21-10-2019,15.9,Bangalore,1,10,535,10
27-12-2021,21.84,Revenant,3,4,420,3
2-1-2020,15.43,Mad Maggie,9,8,1358,9
22-1-2020,27.7,Pathfinder,7,8,2968,10
1-4-2021,9.13,Mad Maggie,0,4,628,6
15-5-2020,2.46,Gibraltar,0,1,181,17
22-9-2022,19.93,Gibraltar,5,8,1651,11
29-1-2022,27.17,Wraith,4,4,475,13
3-5-2022,22.58,Bangalore,3,3,997,6
3-8-2020,28.45,Mirage,2,5,1255,19
24-4-2021,1.93,Valkyrie,2,2,677,12
27-5-2019,15.15,Bangalore,2,8,1164,12
1-11-2022,14.42,Mirage,4,11,1553,5
29-10-2020,25.22,Wraith,3,3,1012,17
15-11-2019,8.12,Valkyrie,7,2,695,6
20-9-2021,11.31,Valkyrie,6,7,2268,13
13-11-2022,1.88,Pathfinder,13,7,1602,3
6-11-2019,25.88,Revenant,16,3,4191,14
22-7-2022,12.02,Lifeline,14,3,1237,10
9-3-2021,20.3,Bloodhound,12,14,2412,20
26-12-2021,15.29,Bloodhound,4,8,981,4
22-10-2020,13.92,Bangalore,3,1,332,5
26-1-2021,24.71,Bloodhound,16,3,2366,1
7-11-2019,22.95,Valkyrie,5,3,1167,15
5-6-2021,10.88,Bloodhound,1,5,1076,2
13-10-2020,18.38,Mirage,5,5,1580,8
11-9-2020,12.56,Mad Maggie,7,10,3372,11
9-7-2019,15.32,Bangalore,5,2,804,14
23-3-2022,18.19,Bloodhound,4,3,1044,17
30-12-2022,4.85,Wraith,10,0,1787,18
26-7-2021,16.74,Gibraltar,1,6,1018,5
19-5-2019,3.93,Mirage,8,5,2098,13
11-2-2022,9.64,Pathfinder,2,0,144,9
29-12-2022,14.72,Mirage,9,3,1844,5
25-9-2022,3.35,Pathfinder,2,0,382,7
27-5-2019,21.22,Gibraltar,2,2,335,3
18-1-2022,22.21,Mirage,11,5,2191,1
18-3-2022,22.44,Revenant,14,10,1912,9
18-12-2022,21.14,Valkyrie,15,5,2892,1
13-11-2019,25.86,Lifeline,6,3,978,15
28-10-2021,20.29,Lifeline,13,4,2469,1
19-11-2020,10.64,Lifeline,13,2,1712,19
27-4-2019,28.14,Bangalore,11,2,1379,7
29-9-2020,14.06,Bangalore,14,6,2842,8
15-9-2019,15.44,Wraith,12,2,3216,20
21-4-2021,23.89,Valkyrie,2,4,605,9
18-10-2022,19.01,Gibraltar,8,1,793,12
23-9-2021,7.4,Revenant,11,1,2541,3
22-8-2020,7.38,Mad Maggie,5,3,841,9
17-10-2022,16.66,Mirage,6,2,648,1
26-4-2019,12.65,Mad Maggie,9,4,2653,2
11-1-2021,7.75,Lifeline,0,9,620,20
30-7-2020,23.57,Pathfinder,5,7,1841,4
18-2-2022,29.72,Mad Maggie,13,3,1993,19
24-2-2022,5.58,Lifeline,5,0,816,3
23-8-2019,16.34,Lifeline,10,1,2153,19
26-5-2021,27.96,Bangalore,15,7,4215,1
6-6-2019,22.05,Lifeline,3,3,715,10
22-2-2020,17.05,Bangalore,2,2,786,15
5-11-2020,17.09,Bangalore,2,3,467,16
12-12-2021,11.23,Wraith,4,3,1338,16
12-6-2019,7.68,Mirage,18,0,2616,18
18-6-2021,21.42,Pathfinder,8,7,1942,16
22-8-2022,23.34,Wraith,2,2,361,18
30-8-2020,10.25,Revenant,2,1,382,8
19-3-2020,16.37,Mirage,5,2,1340,10
15-12-2021,11.51,Bloodhound,3,9,1955,13
22-7-2022,4.15,Revenant,13,10,2264,15
26-7-2019,5.14,Mirage,11,3,2214,8
2-5-2021,15.02,Bloodhound,4,2,387,5
11-7-2021,9.87,Valkyrie,2,0,267,12
17-5-2020,5.77,Pathfinder,2,1,573,17
10-9-2019,26.29,Gibraltar,11,2,1198,11
19-4-2021,16.53,Revenant,1,1,289,15
26-1-2020,3.17,Mad Maggie,6,1,1532,18
21-2-2019,25.44,Bangalore,2,14,2803,1
4-2-2022,29.7,Lifeline,2,3,802,1
20-8-2020,2.06,Bloodhound,7,5,1208,9
13-5-2019,8.97,Gibraltar,3,6,1296,17
22-4-2022,16.89,Mirage,7,1,1151,14
27-3-2022,18.69,Wraith,5,4,1107,13
25-3-2022,29.4,Wraith,4,7,1315,9
11-6-2021,20.7,Wraith,16,8,1839,16
18-9-2019,5.82,Revenant,13,0,2830,2
27-2-2022,1.03,Gibraltar,14,1,1071,16
20-4-2020,10.01,Revenant,4,1,461,3
31-1-2020,2.54,Gibraltar,1,6,516,10
5-4-2021,29.95,Bloodhound,3,17,2760,17
29-8-2021,17.0,Bangalore,9,9,3355,19
24-10-2022,22.72,Wraith,2,5,1231,15
12-9-2019,22.17,Bangalore,13,10,1636,7
15-4-2019,3.68,Wraith,3,6,1035,16
2-11-2020,26.72,Bloodhound,4,5,1649,10
24-12-2020,29.59,Valkyrie,3,5,1599,10
4-5-2021,26.93,Valkyrie,2,2,292,14
21-9-2021,26.85,Pathfinder,2,7,761,5
6-10-2020,11.88,Pathfinder,2,1,257,19
7-9-2019,27.37,Bangalore,11,2,1532,19
21-3-2020,2.55,Mad Maggie,15,3,1400,15
2-8-2019,28.16,Lifeline,6,5,660,12
25-9-2020,23.48,Pathfinder,7,4,2133,18
8-12-2019,20.84,Bangalore,5,2,751,5
30-9-2022,18.92,Bangalore,10,2,1437,11
7-11-2019,1.31,Wraith,7,2,1009,12
1-6-2020,1.27,Lifeline,9,5,812,3
1-3-2020,24.81,Valkyrie,6,6,1372,7
5-1-2022,26.56,Revenant,5,14,3665,14
2-9-2020,29.7,Gibraltar,3,4,1224,6
16-6-2020,8.95,Lifeline,3,1,717,3
20-1-2022,24.29,Mirage,8,7,2421,5
18-8-2022,10.08,Pathfinder,14,2,1100,15
23-7-2019,25.47,Pathfinder,2,3,403,9
23-8-2021,28.7,Revenant,2,2,638,16
13-12-2020,11.42,Gibraltar,10,2,766,16
24-1-2020,26.34,Valkyrie,5,3,1637,16
3-3-2022,28.89,Valkyrie,5,10,2793,7
29-8-2019,11.15,Valkyrie,8,12,3222,14
24-3-2019,4.32,Pathfinder,6,4,2152,18
1-6-2020,15.62,Wraith,3,6,1160,19
11-8-2021,15.2,Pathfinder,7,1,883,4
24-5-2021,2.54,Bangalore,2,1,394,15
8-12-2022,2.52,Valkyrie,1,4,546,4
19-5-2022,18.01,Revenant,1,6,906,15
14-4-2022,17.41,Revenant,4,2,1052,16
31-1-2020,23.13,Bangalore,11,7,2648,10
17-12-2019,25.48,Pathfinder,20,3,2840,7
13-1-2022,21.79,Revenant,2,2,654,10
5-1-2020,9.04,Valkyrie,5,0,519,5
3-2-2021,22.04,Bloodhound,3,4,559,14
5-11-2019,14.59,Revenant,5,5,963,2
27-2-2020,9.96,Bloodhound,7,1,816,9
13-8-2019,28.56,Mirage,10,4,1958,6
5-2-2022,3.91,Valkyrie,2,5,1337,5
29-8-2022,21.37,Bangalore,4,13,1634,6
22-7-2020,5.06,Mad Maggie,15,1,2356,15
12-10-2019,19.45,Valkyrie,14,4,2528,3
15-10-2021,18.61,Valkyrie,9,3,2293,13
10-10-2019,7.73,Bangalore,8,8,3118,2
8-12-2019,17.71,Valkyrie,6,9,1680,2
24-12-2021,12.71,Mad Maggie,6,3,1031,6
10-11-2019,21.19,Lifeline,2,3,408,8
26-6-2019,0.92,Gibraltar,3,3,1012,7
24-12-2022,12.02,Bloodhound,2,1,179,6
3-12-2019,1.42,Valkyrie,13,7,1992,20
4-7-2019,27.54,Bloodhound,5,11,1541,3
30-12-2021,25.78,Gibraltar,7,2,798,3
15-6-2021,4.78,Gibraltar,5,4,497,13
12-1-2022,1.11,Gibraltar,5,6,2081,2
6-3-2019,14.26,Gibraltar,1,4,508,1
2-7-2019,23.65,Mirage,2,8,1772,16
18-9-2020,9.02,Valkyrie,12,0,915,15
24-3-2021,22.28,Bloodhound,2,2,776,7
27-5-2020,17.68,Lifeline,3,17,1487,15
10-10-2022,11.73,Gibraltar,9,14,1865,14
31-7-2019,2.88,Pathfinder,16,4,3511,14
8-7-2022,11.45,Lifeline,2,9,857,17
30-6-2021,11.67,Wraith,6,1,1126,1
28-4-2022,25.47,Mirage,13,10,2266,9
29-8-2022,15.8,Pathfinder,16,3,3162,11
3-8-2019,29.07,Mirage,2,8,778,17
12-2-2020,15.0,Bangalore,1,1,381,4
28-11-2019,15.57,Lifeline,9,1,2244,19
21-8-2021,1.63,Bloodhound,6,1,490,11
14-4-2021,1.65,Mirage,3,5,993,7
3-10-2021,6.93,Mad Maggie,1,1,185,12
22-7-2022,5.63,Mirage,0,3,140,11
20-1-2020,24.41,Valkyrie,2,6,631,8
26-8-2022,22.96,Bangalore,4,12,2371,19
25-10-2021,7.02,Wraith,0,0,0,18
30-10-2020,2.36,Bloodhound,1,1,242,16
18-2-2020,29.85,Mad Maggie,14,15,2036,6
10-1-2021,6.05,Gibraltar,14,7,4459,14
5-9-2022,5.07,Valkyrie,0,12,1260,5
19-6-2022,2.29,Bloodhound,10,5,833,12
3-12-2021,26.95,Mad Maggie,10,13,4457,18
7-5-2021,9.59,Revenant,3,0,278,10
16-11-2022,20.83,Mad Maggie,3,14,1811,12
1-6-2019,0.41,Bloodhound,11,14,3550,16
10-5-2020,15.57,Mad Maggie,1,4,465,20
28-5-2020,26.84,Valkyrie,9,10,2239,10
30-6-2019,25.73,Revenant,5,3,1217,5
10-8-2019,27.69,Mad Maggie,4,2,713,10
13-7-2022,22.71,Bloodhound,3,16,2983,9
23-11-2020,18.68,Bloodhound,11,12,3040,8
3-11-2019,12.31,Wraith,16,1,3342,18
15-4-2021,25.13,Revenant,2,2,691,1
3-9-2019,4.39,Pathfinder,16,0,1221,14
8-9-2020,4.29,Pathfinder,4,0,478,17
25-11-2021,13.98,Mirage,7,7,1604,17
7-3-2022,1.57,Revenant,0,2,355,18
13-2-2022,13.82,Valkyrie,15,1,2499,18
20-8-2022,25.31,Mirage,2,3,796,6
19-8-2020,25.72,Valkyrie,3,8,1073,20
19-12-2019,2.68,Revenant,13,13,2975,20
24-1-2022,20.32,Mirage,4,6,1953,4
8-9-2021,6.46,Gibraltar,1,8,1148,5
6-6-2020,20.45,Mad Maggie,4,4,1248,16
10-4-2021,9.19,Gibraltar,1,0,189,1
13-4-2019,3.36,Wraith,6,3,1739,1
6-10-2021,24.43,Bangalore,4,15,1819,17
18-11-2021,0.31,Mad Maggie,9,11,1648,17
9-1-2022,4.48,Wraith,2,14,1837,4
24-3-2019,25.81,Mad Maggie,4,5,476,12
8-9-2021,28.65,Valkyrie,9,2,2444,8
11-11-2022,6.53,Bangalore,0,12,1713,3
8-6-2021,3.5,Mirage,2,5,935,20
16-3-2022,17.99,Gibraltar,3,5,1642,16
30-1-2021,7.32,Gibraltar,3,5,438,6
6-6-2020,16.98,Lifeline,4,2,719,20
2-11-2022,18.6,Mirage,4,4,747,2
18-8-2021,6.97,Pathfinder,11,6,1512,18
1-4-2022,15.4,Bangalore,3,14,3105,1
10-8-2020,1.47,Gibraltar,10,7,2470,10
21-4-2019,10.12,Bloodhound,7,2,1099,11
11-5-2020,25.38,Revenant,13,2,2958,2
26-12-2020,1.08,Bangalore,1,7,984,8
17-11-2022,24.91,Mad Maggie,4,17,1245,17
24-11-2021,22.33,Bangalore,2,9,1899,8
28-3-2019,14.84,Mad Maggie,2,4,916,15
9-6-2019,27.4,Gibraltar,2,5,1138,6
22-8-2019,23.83,Wraith,2,5,893,12
30-7-2021,21.32,Bloodhound,2,16,2486,3
22-4-2020,27.64,Pathfinder,2,13,2501,3
8-4-2022,19.25,Valkyrie,18,2,3823,6
18-1-2020,19.01,Mirage,1,7,1055,1
12-7-2022,16.33,Bloodhound,1,2,476,9
16-8-2021,11.56,Bangalore,9,1,635,5
6-3-2019,28.19,Valkyrie,9,3,845,2
7-11-2022,5.12,Valkyrie,0,5,326,18
17-8-2021,22.45,Pathfinder,3,12,1687,16
20-9-2022,27.19,Mad Maggie,11,12,3296,16
1-10-2019,26.1,Revenant,4,2,1315,7
2-8-2022,24.07,Bangalore,6,3,965,10
19-3-2021,7.52,Bangalore,2,1,484,15
31-3-2019,27.98,Gibraltar,18,7,2272,12
22-6-2022,3.28,Valkyrie,0,0,0,13
1-2-2020,11.98,Mirage,5,2,609,13
30-9-2019,8.54,Gibraltar,4,12,1601,9
1-11-2019,28.58,Mad Maggie,8,7,2127,14
21-7-2020,5.15,Bangalore,4,12,2404,5
11-5-2021,19.8,Lifeline,2,4,661,5
8-1-2021,3.77,Mad Maggie,0,3,439,6
16-6-2022,4.58,Wraith,0,10,1521,2
9-9-2021,8.27,Bloodhound,5,4,1444,17
20-5-2019,6.22,Bloodhound,0,2,359,1
27-4-2022,10.16,Gibraltar,1,1,139,11
12-6-2019,14.55,Mad Maggie,2,5,916,3
16-3-2022,0.67,Gibraltar,1,5,950,5
28-1-2022,9.25,Wraith,11,11,4402,15
6-7-2019,12.61,Gibraltar,3,3,574,16
14-11-2021,14.33,Bloodhound,3,11,2363,19
10-7-2022,8.86,Revenant,10,6,2159,12
5-7-2021,5.26,Lifeline,0,14,824,2
19-10-2022,14.39,Bloodhound,4,16,2362,9
12-6-2021,9.27,Pathfinder,0,15,2664,10
2-2-2022,15.71,Wraith,15,10,3883,5
16-7-2020,18.44,Bloodhound,1,4,446,19
5-8-2020,10.54,Revenant,16,15,2807,5
1-2-2022,18.41,Pathfinder,1,1,295,17
11-6-2020,1.25,Gibraltar,0,5,759,4
25-6-2019,18.55,Bangalore,9,5,1241,4
1-4-2019,5.85,Revenant,0,10,645,16
1-4-2019,3.33,Lifeline,12,7,3626,1
26-6-2019,27.33,Bangalore,2,11,1606,6
16-3-2021,20.53,Wraith,18,5,3895,7
18-4-2021,9.31,Wraith,15,6,3477,17
13-3-2022,23.41,Gibraltar,7,5,1196,10
3-11-2019,12.01,Valkyrie,5,2,1019,3
26-6-2019,9.39,Wraith,3,0,495,7
24-7-2020,10.71,Mirage,8,5,2549,13
30-5-2019,22.31,Revenant,9,9,1457,12
26-6-2021,6.35,Lifeline,14,7,1202,17
26-5-2020,20.06,Lifeline,9,10,1510,19
26-9-2020,19.36,Gibraltar,1,4,697,6
4-11-2022,29.73,Revenant,3,15,2341,15
19-10-2022,3.73,Lifeline,7,18,2158,8
30-6-2019,24.93,Lifeline,2,16,1096,14
15-10-2020,25.6,Bangalore,8,3,1952,12
22-11-2019,16.81,Mad Maggie,6,2,1587,8
26-4-2022,4.52,Valkyrie,0,6,885,12
9-11-2021,20.36,Lifeline,9,2,928,20
29-5-2021,14.7,Valkyrie,1,12,1408,18
25-5-2020,16.45,Lifeline,4,4,1539,7
11-1-2021,15.86,Wraith,1,13,862,20
20-10-2020,5.28,Mad Maggie,11,11,4195,12
29-1-2022,2.01,Pathfinder,1,6,879,5
12-9-2022,2.74,Wraith,7,14,1250,12
18-4-2021,10.68,Wraith,1,7,1203,1
8-11-2021,18.05,Wraith,3,1,770,5
27-2-2020,1.68,Lifeline,2,2,586,20
20-2-2020,14.12,Lifeline,6,1,642,5
9-5-2019,6.0,Mad Maggie,10,0,1157,20
7-6-2021,0.85,Valkyrie,2,1,388,14
17-2-2022,1.45,Mad Maggie,10,8,3510,2
10-3-2021,11.32,Pathfinder,4,1,842,2
1-2-2021,27.15,Bangalore,2,8,1534,9
24-11-2019,21.17,Bangalore,16,2,3450,12
