17-7-2021,11.02,Caustic,10,3,757,3
15-12-2020,1.14,Bloodhound,5,0,961,6
17-2-2019,8.08,Revenant,3,9,2185,6
10-4-2019,23.34,Wraith,14,9,4866,10
31-3-2020,15.83,Pathfinder,7,14,2168,4
21-5-2021,21.3,Mirage,2,10,2337,15
12-1-2022,1.25,Horizon,7,6,1972,4
1-2-2022,24.83,Caustic,17,2,1178,15
27-3-2022,20.37,Revenant,15,3,1231,7
5-6-2019,29.92,Wraith,11,4,1332,13
14-2-2021,10.37,Rampart,1,4,277,2
8-9-2022,16.21,Lifeline,2,2,291,10
11-5-2020,19.39,Ash,1,5,1097,8
22-1-2022,2.51,Bloodhound,0,2,116,20
6-10-2022,17.49,Rampart,16,12,2794,4
21-5-2022,14.5,Caustic,3,9,1076,12
24-11-2019,20.98,Rampart,5,16,2100,12
20-10-2020,9.72,Rampart,12,1,1525,9
15-9-2019,25.96,Mad Maggie,6,5,2203,18
8-11-2019,4.6,Gibraltar,2,7,1599,6
21-10-2020,22.32,Bangalore,2,3,894,18
29-5-2021,16.56,Horizon,12,11,4719,4
5-4-2019,6.14,Pathfinder,0,8,744,2
24-8-2020,1.18,Bloodhound,0,1,200,9
12-12-2019,7.73,Gibraltar,0,11,1117,15
3-6-2019,27.71,Revenant,3,3,446,17
19-12-2020,5.48,Caustic,14,3,1006,17
20-9-2021,1.54,Rampart,7,5,1518,12
28-10-2021,7.2,Caustic,13,4,1404,15
17-12-2020,24.51,Caustic,3,14,1380,16
23-9-2022,1.93,Crypto,8,11,1942,20
8-3-2021,9.62,Caustic,8,16,2684,5
5-6-2022,4.33,Mirage,7,0,1271,14
18-1-2022,13.53,Bloodhound,9,5,3115,12
31-3-2022,1.39,Mad Maggie,3,4,844,13
13-11-2021,6.14,Revenant,5,0,879,16
14-4-2019,10.57,Mirage,1,11,1987,3
7-12-2020,8.82,Bangalore,2,0,302,9
7-4-2020,16.19,Caustic,1,12,955,8
27-7-2019,16.45,Gibraltar,5,2,880,8
21-3-2021,1.25,Gibraltar,4,0,617,4
16-11-2022,27.93,Crypto,5,7,761,12
21-3-2019,10.22,Ash,15,4,3011,10
17-1-2022,29.09,Gibraltar,4,11,2658,19
16-6-2022,22.11,Pathfinder,19,4,2016,20
6-12-2022,12.32,Pathfinder,10,11,4266,16
14-8-2021,12.64,Mirage,1,4,851,11
25-8-2019,16.1,Lifeline,1,6,938,6
17-2-2021,2.28,Octane,4,0,609,3
20-4-2021,9.73,Mad Maggie,0,0,0,4
4-4-2022,22.29,Revenant,7,16,3839,15
21-12-2020,23.17,Mirage,7,7,1955,20
15-6-2020,7.76,Rampart,1,9,506,15
27-4-2020,29.63,Bangalore,13,7,2312,15
16-3-2021,22.17,Octane,7,4,860,1
3-3-2019,0.94,Mad Maggie,10,6,1399,11
12-5-2020,25.54,Rampart,7,15,4339,20
26-6-2021,24.72,Caustic,4,3,972,11
24-4-2019,17.93,Gibraltar,8,8,2648,1
24-4-2019,0.46,Pathfinder,2,1,229,2
16-11-2021,14.57,Mirage,3,1,819,18
27-3-2019,25.72,Revenant,10,2,2340,11
17-11-2019,28.29,Bangalore,9,3,1219,1
3-2-2020,25.75,Bangalore,6,2,728,6
1-9-2020,24.13,Bloodhound,9,4,945,6
3-2-2020,22.36,Octane,3,3,944,14
25-12-2019,0.21,Rampart,8,2,2191,13
7-6-2019,27.45,Wraith,17,10,3875,11
10-9-2021,1.5,Mirage,1,0,184,2
11-8-2021,11.62,Mirage,3,4,936,8
20-8-2021,28.3,Bloodhound,2,2,374,2
2-9-2021,17.41,Horizon,1,2,591,13
15-9-2021,7.89,Bangalore,3,10,820,17
22-9-2021,1.11,Crypto,16,3,1527,10
24-6-2020,11.4,Bloodhound,7,4,1331,12
21-12-2020,0.49,Horizon,4,18,3432,14
5-4-2019,24.45,Gibraltar,10,12,2499,16
9-2-2019,21.33,Mirage,8,6,2309,14
2-9-2021,7.93,Mirage,4,4,761,10
21-10-2019,26.58,Wraith,17,2,3524,14
25-11-2022,15.81,Wraith,10,1,1945,15
10-4-2022,4.36,Wraith,14,12,2141,4
8-9-2019,3.08,Bloodhound,9,8,2014,7
25-4-2020,11.04,Revenant,8,4,870,6
1-2-2020,23.77,Bangalore,4,14,3312,10
4-12-2021,21.87,Mirage,2,10,1208,17
30-11-2019,5.79,Wraith,0,2,184,16
18-7-2021,25.28,Gibraltar,6,4,2123,18
22-5-2019,25.12,Mirage,7,3,1856,8
25-7-2019,12.13,Gibraltar,12,1,1990,20
19-10-2020,0.61,Bangalore,10,14,3990,14
4-11-2021,4.25,Bloodhound,0,2,295,7
18-11-2022,14.65,Bloodhound,1,5,354,10
29-9-2021,9.14,Rampart,0,1,113,14
15-7-2022,23.69,Rampart,3,9,1196,18
6-10-2019,2.63,Crypto,6,5,2241,3
14-5-2021,9.68,Lifeline,9,3,1799,3
23-9-2022,29.53,Ash,14,12,2376,3
2-5-2020,24.07,Lifeline,2,3,770,9
27-9-2021,19.21,Lifeline,15,7,3558,17
7-11-2021,20.2,Bloodhound,3,6,1002,3
10-5-2020,21.79,Ash,3,2,843,6
10-10-2019,10.81,Wraith,6,7,1447,6
12-12-2022,2.78,Wraith,0,0,0,7
18-6-2022,23.19,Octane,20,2,4836,9
29-4-2020,14.91,Octane,2,5,1297,12
24-9-2020,5.87,Bangalore,1,4,991,20
24-1-2021,9.66,Wraith,7,9,1306,10
2-2-2021,3.15,Rampart,0,5,847,7
10-10-2020,21.47,Rampart,2,2,702,1
10-8-2021,19.03,Horizon,6,16,1747,10
6-2-2022,12.06,Pathfinder,3,7,1280,11
3-11-2020,28.78,Mad Maggie,15,5,4271,2
26-2-2019,17.01,Bloodhound,2,5,1047,1
7-10-2021,20.98,Crypto,2,2,218,18
5-7-2022,4.06,Wraith,13,0,2294,3
21-8-2020,11.27,Pathfinder,1,7,1086,19
27-11-2021,8.97,Octane,1,4,682,10
11-12-2021,13.83,Horizon,3,7,1473,2
1-6-2022,27.22,Bloodhound,6,9,1379,8
28-1-2022,3.1,Wraith,6,4,1321,15
4-9-2019,8.63,Lifeline,1,0,243,20
17-3-2020,16.85,Pathfinder,8,11,1394,10
21-1-2022,19.61,Rampart,2,2,642,9
15-8-2019,28.22,Ash,2,16,2819,7
17-4-2022,0.33,Bangalore,8,13,2964,13
13-7-2022,10.77,Rampart,18,4,3097,16
22-10-2020,21.84,Rampart,4,4,661,10
15-12-2021,26.82,Horizon,15,2,3095,1
19-10-2022,5.03,Horizon,2,7,1551,2
5-5-2019,4.55,Mad Maggie,14,10,3584,10
16-8-2019,20.86,Mirage,5,2,865,14
24-7-2019,15.63,Revenant,2,10,1662,3
28-5-2021,5.91,Horizon,1,1,221,12
9-9-2022,24.26,Caustic,9,6,1397,15
20-11-2019,1.74,Caustic,7,17,2213,5
26-9-2022,11.29,Lifeline,2,5,1134,8
4-12-2022,28.66,Ash,2,4,558,18
4-8-2021,18.47,Pathfinder,2,2,397,14
25-9-2019,4.34,Octane,10,11,2677,16
2-8-2019,29.24,Mad Maggie,2,3,880,8
19-2-2022,15.96,Ash,3,2,969,2
9-9-2021,13.3,Pathfinder,3,1,779,9
5-9-2022,9.55,Revenant,6,0,1008,20
12-1-2022,13.93,Crypto,5,1,435,20
1-7-2019,0.81,Wraith,2,0,167,11
8-7-2019,14.01,Rampart,2,5,1045,5
26-4-2021,0.35,Rampart,14,3,2709,1
13-7-2019,16.03,Mad Maggie,2,2,472,18
8-2-2020,14.17,Caustic,6,2,1710,12
29-4-2020,27.82,Gibraltar,2,15,1627,8
17-9-2019,11.21,Revenant,4,7,930,18
16-6-2022,3.67,Wraith,2,1,198,19
8-5-2022,14.61,Wraith,16,4,3665,2
11-3-2020,21.15,Horizon,7,11,1772,7
7-8-2022,19.25,Horizon,12,3,1349,1
27-1-2021,24.76,Lifeline,8,7,2367,17
26-9-2020,20.84,Lifeline,3,7,1419,10
26-2-2022,13.44,Gibraltar,3,1,548,11
22-3-2020,28.03,Wraith,4,5,1658,10
6-5-2020,20.35,Revenant,6,7,1888,4
6-12-2019,11.69,Lifeline,10,5,1532,17
15-6-2020,23.92,Mirage,10,4,2565,3
20-2-2022,27.55,Horizon,3,3,514,14
23-5-2022,7.83,Horizon,0,1,154,6
31-12-2021,27.77,Caustic,6,5,1309,15
15-10-2022,24.79,Crypto,5,2,414,7
18-5-2019,5.54,Ash,6,12,3666,2
9-6-2019,7.57,Caustic,6,3,1364,6
29-3-2019,3.15,Crypto,6,5,2321,16
12-8-2021,5.18,Pathfinder,1,5,799,17
14-2-2019,19.16,Ash,2,14,2083,19
12-3-2022,12.7,Wraith,16,9,2859,7
12-11-2022,0.53,Gibraltar,2,4,1122,2
14-12-2021,24.27,Revenant,10,12,3015,13
13-10-2022,21.55,Wraith,11,15,1488,3
21-5-2022,11.4,Bloodhound,8,14,3659,17
15-12-2022,15.31,Horizon,9,5,2084,10
2-12-2022,13.68,Horizon,6,1,1404,15
13-6-2020,29.31,Mad Maggie,9,6,2136,15
4-7-2022,3.25,Horizon,11,1,2799,14
29-12-2021,1.1,Bangalore,2,3,1030,13
27-5-2021,2.62,Mad Maggie,4,12,2051,3
4-7-2022,15.8,Mad Maggie,2,2,272,17
3-2-2021,25.87,Ash,2,5,1111,14
2-11-2020,19.22,Gibraltar,7,3,1462,4
9-1-2020,10.19,Bloodhound,9,5,1249,17
7-12-2021,6.28,Bloodhound,11,2,1424,18
14-7-2021,5.85,Caustic,2,0,333,8
10-4-2022,14.53,Bangalore,1,16,1237,13
12-3-2020,8.88,Wraith,8,11,1966,18
21-5-2022,25.82,Gibraltar,12,18,4074,3
19-8-2021,3.24,Revenant,5,2,885,5
17-10-2019,28.01,Rampart,4,2,1241,16
26-8-2022,14.28,Wraith,10,5,2070,8
4-3-2022,26.39,Rampart,9,3,1964,1
24-8-2019,8.79,Rampart,0,10,1054,3
17-9-2021,26.02,Gibraltar,2,3,643,6
10-10-2021,20.57,Revenant,6,8,2872,1
26-5-2021,6.75,Rampart,6,1,888,15
5-5-2020,15.9,Ash,2,2,309,19
5-6-2021,12.21,Crypto,18,3,2864,15
6-10-2021,9.95,Pathfinder,10,0,1124,8
17-4-2021,14.41,Bloodhound,1,4,272,13
30-11-2020,15.92,Lifeline,10,3,1672,20
11-2-2021,27.13,Wraith,6,3,1246,6
29-1-2022,3.37,Lifeline,1,8,660,15
1-5-2022,3.14,Lifeline,1,2,247,4
28-8-2020,0.58,Ash,2,3,425,3
27-10-2021,16.62,Gibraltar,3,6,1369,1
23-1-2021,20.47,Rampart,13,11,4139,17
16-11-2019,28.85,Rampart,21,5,4678,11
24-3-2021,29.31,Bloodhound,3,4,1420,3
18-3-2020,4.71,Horizon,2,10,1204,9
9-10-2019,29.02,Bangalore,7,6,2787,9
11-9-2019,22.03,Lifeline,11,15,3160,12
15-8-2019,25.41,Mirage,6,8,1503,4
8-12-2022,5.64,Revenant,5,4,1582,6
14-7-2020,8.05,Octane,0,10,994,19
24-9-2019,6.55,Crypto,9,0,1914,3
2-6-2019,4.74,Ash,0,8,1404,12
17-5-2022,19.67,Lifeline,1,9,682,11
9-7-2020,16.24,Lifeline,10,11,3076,11
9-3-2021,24.28,Revenant,2,4,403,13
1-8-2022,14.1,Ash,8,14,4382,20
13-6-2021,5.31,Ash,9,1,1522,13
1-11-2019,17.83,Horizon,4,9,1439,19
26-7-2022,3.0,Ash,0,11,1725,13
1-8-2019,15.15,Octane,2,3,514,15
25-11-2021,14.54,Ash,16,4,4003,8
29-9-2022,28.78,Gibraltar,5,8,2401,9
25-4-2019,29.37,Caustic,4,2,1234,13
23-10-2021,13.79,Horizon,2,1,606,10
5-3-2022,18.72,Mirage,11,1,1797,20
5-5-2020,12.6,Rampart,4,12,3112,9
10-11-2021,22.64,Bangalore,8,10,2336,4
15-11-2021,23.39,Pathfinder,4,12,1270,18
6-1-2021,2.1,Crypto,0,4,464,3
24-12-2019,4.06,Lifeline,2,9,1449,10
5-4-2020,17.12,Ash,1,1,163,11
4-7-2020,24.35,Lifeline,4,11,1805,7
3-9-2020,2.52,Crypto,0,3,388,6
6-5-2022,21.63,Mad Maggie,7,9,2753,5
6-8-2021,13.96,Octane,8,10,3670,16
7-12-2022,26.31,Revenant,6,4,1443,5
29-8-2020,16.67,Gibraltar,16,10,5564,13
13-5-2020,13.25,Crypto,3,10,2225,10
31-12-2022,7.42,Crypto,8,2,857,9
5-6-2022,12.55,Lifeline,1,2,213,9
10-6-2019,10.91,Rampart,15,1,1110,19
5-5-2020,24.66,Revenant,9,5,916,17
18-5-2019,5.18,Caustic,9,15,1750,1
25-5-2021,18.6,Octane,2,1,242,10
19-6-2022,14.24,Octane,11,8,2890,10
1-11-2020,19.12,Mirage,4,1,311,6
23-5-2021,5.1,Wraith,0,12,568,9
31-3-2022,24.3,Horizon,2,3,477,3
24-3-2020,15.13,Revenant,1,16,2350,5
27-8-2019,16.51,Lifeline,12,3,1536,15
13-11-2021,8.99,Caustic,1,3,685,8
29-10-2022,9.24,Bloodhound,11,1,1868,13
26-2-2019,8.57,Mirage,8,2,1965,7
24-4-2019,19.88,Pathfinder,5,9,1349,2
4-7-2019,6.01,Wraith,0,2,305,9
2-9-2021,12.79,Horizon,19,4,3842,17
6-2-2020,24.17,Ash,2,5,1426,11
19-7-2019,3.72,Gibraltar,7,5,906,6
1-9-2021,17.84,Revenant,5,6,778,9
4-10-2019,9.21,Revenant,2,11,1296,2
24-4-2021,9.99,Octane,2,0,323,11
25-10-2020,20.44,Octane,12,4,3399,14
4-9-2019,24.28,Octane,5,7,920,20
11-9-2022,12.91,Crypto,5,1,353,17
14-11-2022,20.2,Ash,11,5,2039,15
24-11-2022,7.94,Rampart,13,2,1090,15
6-5-2020,28.18,Wraith,7,16,2973,14
15-6-2019,10.71,Bangalore,4,6,1595,18
18-1-2022,22.05,Bloodhound,8,3,1972,18
3-7-2020,0.87,Lifeline,11,13,1401,1
6-8-2020,19.48,Rampart,13,9,2398,16
22-9-2019,27.02,Mirage,12,2,1869,19
24-8-2019,12.5,Horizon,5,6,821,4
18-5-2021,8.78,Pathfinder,16,1,1163,19
25-12-2019,1.43,Ash,0,0,0,1
20-1-2020,9.54,Rampart,6,9,1135,8
14-12-2019,5.19,Gibraltar,10,8,1085,17
23-5-2021,19.95,Bangalore,7,2,1228,12
30-11-2022,9.7,Mirage,0,0,0,11
10-11-2019,5.09,Lifeline,7,0,665,5
21-9-2021,0.55,Horizon,0,6,500,4
30-6-2021,21.52,Bangalore,11,10,2796,1
4-12-2022,15.38,Bloodhound,1,1,142,11
9-11-2020,15.4,Mirage,7,2,1453,6
29-8-2022,0.66,Lifeline,3,11,1108,12
7-8-2021,0.99,Ash,6,5,1693,16
15-2-2021,15.8,Revenant,4,1,723,5
11-4-2021,3.23,Mad Maggie,7,0,1373,1
16-3-2020,10.55,Caustic,10,2,1365,13
30-3-2022,9.18,Crypto,3,0,256,18
23-1-2021,17.0,Crypto,2,1,258,6
28-2-2021,15.11,Rampart,1,16,3052,7
14-5-2021,19.15,Ash,11,3,1833,11
15-7-2021,15.89,Bangalore,3,1,861,7
27-12-2022,24.91,Ash,5,5,1107,16
24-9-2019,23.91,Wraith,5,2,996,4
31-8-2022,9.83,Ash,8,2,1947,18
5-3-2019,18.81,Bangalore,8,1,705,9
20-10-2019,26.84,Revenant,5,16,4223,8
18-9-2019,2.62,Caustic,8,10,2906,1
28-5-2020,0.23,Caustic,1,0,149,11
1-10-2020,23.86,Bangalore,5,2,1469,20
16-1-2021,14.57,Rampart,7,14,2718,14
24-8-2022,4.48,Wraith,0,16,1819,11
21-7-2021,20.48,Pathfinder,6,7,913,2
9-4-2022,28.47,Lifeline,7,2,568,19
15-11-2019,17.6,Mad Maggie,4,2,529,1
2-9-2020,16.63,Rampart,4,4,609,1
14-8-2020,26.62,Horizon,18,13,5964,7
26-10-2019,8.48,Revenant,13,3,3017,15
13-6-2021,5.56,Gibraltar,3,11,902,12
25-1-2020,28.43,Octane,8,16,3819,13
22-10-2022,2.0,Octane,5,5,548,1
1-5-2019,14.95,Octane,5,3,1215,13
12-5-2019,12.51,Caustic,3,4,1183,4
1-9-2020,18.62,Wraith,6,2,1683,5
24-6-2019,13.41,Mad Maggie,6,6,1715,9
7-11-2019,28.33,Caustic,5,5,901,14
10-6-2020,29.68,Crypto,8,7,3103,13
7-9-2019,9.63,Crypto,0,13,2170,1
27-10-2019,9.52,Bangalore,12,0,1754,15
19-6-2022,15.12,Horizon,2,8,826,4
14-1-2021,17.83,Wraith,2,1,531,1
6-5-2020,20.01,Pathfinder,2,7,991,6
20-8-2020,7.64,Bloodhound,2,3,378,9
12-8-2019,27.31,Ash,7,5,2092,9
27-10-2019,25.13,Caustic,19,18,6525,12
9-9-2019,12.47,Horizon,8,1,691,14
28-8-2022,9.27,Crypto,12,1,2699,6
12-4-2021,25.51,Rampart,7,12,2098,10
17-4-2019,29.5,Bloodhound,3,2,376,17
1-7-2020,3.31,Caustic,0,0,0,11
26-4-2020,2.51,Horizon,5,0,838,1
3-3-2020,14.88,Mirage,2,8,1015,9
4-6-2020,7.29,Lifeline,5,3,1698,14
24-2-2020,23.97,Octane,4,2,926,7
30-8-2021,10.12,Crypto,5,6,2015,5
18-4-2020,3.71,Mad Maggie,6,4,1979,19
29-7-2019,1.59,Crypto,4,1,564,16
27-11-2021,22.48,Crypto,13,10,2446,15
22-7-2022,16.13,Wraith,3,9,2238,17
9-10-2022,17.45,Ash,16,20,7221,7
11-5-2021,9.7,Caustic,1,3,785,13
15-8-2020,6.26,Bangalore,2,1,317,9
8-9-2022,12.43,Horizon,4,2,818,13
14-12-2022,22.99,Ash,11,2,2673,10
30-3-2019,28.27,Pathfinder,3,11,2315,19
13-1-2020,17.14,Pathfinder,1,1,132,2
10-8-2020,12.89,Revenant,2,7,1452,19
16-8-2021,19.16,Gibraltar,9,7,1496,11
30-7-2021,2.01,Gibraltar,7,5,1804,19
4-6-2020,1.42,Horizon,14,6,4439,12
17-5-2022,8.69,Caustic,0,6,572,7
3-2-2021,25.84,Mirage,10,12,4530,16
16-9-2021,28.82,Lifeline,14,2,2024,11
20-12-2020,20.65,Octane,3,3,977,7
1-12-2020,22.67,Pathfinder,12,2,2752,6
3-8-2020,2.41,Crypto,1,6,380,13
15-11-2021,14.16,Bangalore,6,12,3453,13
1-11-2021,2.58,Lifeline,0,0,0,1
5-12-2020,3.41,Bangalore,7,2,1541,15
6-1-2021,25.36,Octane,2,6,1301,18
22-8-2022,8.47,Mirage,0,8,1303,1
23-1-2021,17.77,Wraith,7,7,1783,8
29-4-2021,14.99,Mad Maggie,6,8,987,13
7-10-2022,15.71,Mad Maggie,3,1,559,11
28-3-2021,10.04,Octane,2,3,763,17
14-10-2021,26.58,Octane,3,4,825,13
27-11-2021,0.68,Octane,5,3,1434,18
16-7-2021,23.25,Rampart,2,2,591,14
29-12-2020,8.36,Revenant,0,1,200,14
9-2-2020,4.32,Mirage,12,3,1355,12
21-12-2022,20.06,Wraith,2,12,1966,7
24-11-2021,11.11,Gibraltar,13,12,4693,4
11-12-2022,28.48,Revenant,2,4,927,9
12-8-2021,24.93,Revenant,2,6,451,1
8-5-2019,28.62,Lifeline,11,3,1198,19
15-1-2021,20.7,Horizon,9,2,1443,8
6-12-2022,12.76,Horizon,8,3,1200,12
9-2-2020,8.0,Mad Maggie,14,0,2892,18
7-12-2021,18.04,Revenant,14,6,2781,14
6-3-2021,21.1,Octane,6,4,1100,10
28-9-2020,25.89,Octane,3,4,580,7
11-2-2021,7.03,Bloodhound,6,3,836,8
13-3-2020,11.43,Ash,6,1,708,5
15-2-2022,21.77,Ash,5,4,1955,18
23-2-2020,9.2,Gibraltar,6,0,890,8
11-3-2022,13.43,Caustic,3,14,1146,1
13-4-2020,2.48,Pathfinder,0,1,134,4
26-11-2019,0.82,Gibraltar,0,9,516,12
3-9-2019,25.87,Revenant,3,10,2039,17
13-1-2022,2.41,Crypto,7,0,859,9
22-12-2021,2.56,Ash,15,0,2998,16
8-12-2022,14.17,Caustic,1,9,1558,10
22-2-2020,14.11,Wraith,5,7,2189,9
3-5-2022,12.39,Revenant,15,10,5012,10
16-9-2019,21.86,Bangalore,5,6,1842,14
19-12-2019,24.3,Mad Maggie,2,15,2027,15
23-3-2020,24.62,Pathfinder,2,3,667,4
14-1-2021,25.08,Wraith,6,8,1279,6
13-11-2021,7.75,Revenant,0,10,1433,17
10-11-2019,29.65,Rampart,5,3,1577,4
30-10-2019,6.58,Bloodhound,0,3,387,14
10-11-2020,15.37,Ash,10,2,2553,16
8-1-2022,15.88,Gibraltar,1,10,1774,5
8-1-2020,1.77,Bloodhound,12,8,1659,20
30-3-2020,23.72,Lifeline,7,6,2282,14
13-7-2021,25.63,Mirage,2,18,2871,11
31-10-2019,7.53,Pathfinder,9,4,1698,3
31-12-2021,24.82,Lifeline,8,15,2360,9
28-4-2019,28.99,Bangalore,3,3,1004,7
27-7-2021,13.68,Bloodhound,16,8,5347,9
22-10-2019,5.21,Bangalore,2,0,482,5
21-9-2021,8.38,Caustic,3,1,538,11
6-9-2022,20.84,Octane,7,11,2939,2
29-12-2020,17.77,Rampart,17,13,5134,14
27-10-2019,19.84,Wraith,1,2,388,12
26-3-2021,13.84,Lifeline,3,1,400,16
14-4-2021,21.27,Bloodhound,4,2,1121,10
28-8-2019,12.04,Lifeline,4,1,960,7
11-12-2022,20.58,Crypto,8,13,3938,8
15-12-2019,6.15,Bloodhound,11,3,1981,14
8-9-2020,28.05,Wraith,8,14,3890,15
5-7-2020,11.49,Revenant,1,6,812,11
3-4-2019,2.88,Ash,4,0,424,16
5-10-2019,13.94,Octane,3,6,1140,7
14-7-2019,8.25,Mad Maggie,2,2,399,11
21-5-2021,7.73,Crypto,2,3,742,10
7-5-2021,15.88,Octane,2,5,1276,12
30-4-2022,26.0,Octane,10,7,2641,10
30-4-2019,27.51,Pathfinder,11,21,5745,10
13-12-2020,24.58,Crypto,11,3,3056,18
30-1-2020,0.84,Octane,3,11,2837,15
19-2-2020,18.36,Pathfinder,3,14,2389,10
21-6-2021,14.28,Rampart,4,2,861,4
14-2-2020,20.05,Mirage,2,2,576,14
3-1-2022,19.87,Octane,4,2,1212,14
20-4-2019,0.78,Octane,0,15,2316,16
5-6-2019,17.51,Revenant,11,1,1179,5
12-11-2019,24.38,Crypto,2,2,641,5
4-2-2020,4.05,Wraith,17,9,4983,5
8-3-2021,14.81,Lifeline,5,12,1808,7
26-10-2020,27.16,Bangalore,5,9,2789,1
22-1-2022,25.46,Ash,14,8,3932,16
9-12-2021,23.58,Mad Maggie,18,9,3627,3
15-7-2020,8.31,Crypto,0,0,0,1
14-9-2021,0.34,Lifeline,5,4,1526,8
8-1-2020,23.18,Crypto,5,8,1819,13
27-3-2019,11.22,Crypto,4,1,865,10
16-10-2022,22.78,Revenant,5,8,708,14
2-7-2019,8.66,Bloodhound,1,9,1575,12
24-8-2019,11.79,Mad Maggie,1,5,631,19
29-8-2021,18.73,Caustic,2,7,1751,11
12-3-2019,29.38,Mirage,7,9,1792,5
8-5-2021,8.07,Bloodhound,4,2,365,9
29-10-2021,4.33,Lifeline,0,8,725,5
2-7-2019,21.23,Crypto,13,2,3290,10
13-2-2022,7.29,Bangalore,9,7,1734,16
31-8-2021,24.98,Ash,12,8,1753,12
28-9-2022,18.59,Crypto,2,3,602,14
8-10-2022,16.61,Mirage,1,11,1220,2
21-3-2019,11.74,Octane,18,9,5510,16
18-10-2021,12.86,Ash,6,15,2986,20
9-5-2020,10.02,Lifeline,11,6,2878,8
7-4-2021,28.36,Bloodhound,11,8,3130,1
15-7-2019,11.04,Ash,8,4,2661,5
31-7-2020,26.94,Crypto,4,10,1386,6
16-5-2021,0.33,Wraith,3,10,1222,6
24-9-2020,3.54,Mirage,0,2,165,12
18-9-2020,13.46,Caustic,1,5,839,18
5-8-2022,25.57,Caustic,20,7,2644,17
6-4-2021,15.18,Rampart,11,4,2077,15
24-9-2021,1.97,Caustic,1,8,1085,10
2-1-2021,27.4,Gibraltar,16,2,1982,17
14-4-2019,29.77,Horizon,5,8,1194,17
13-8-2019,16.94,Revenant,2,1,330,13
26-7-2019,21.38,Revenant,6,12,2283,15
8-4-2022,12.84,Gibraltar,7,8,2307,16
13-5-2019,10.98,Mad Maggie,4,1,410,13
31-7-2020,15.48,Mad Maggie,1,15,2598,1
21-9-2019,25.82,Mirage,4,2,547,14
11-2-2022,21.27,Pathfinder,2,10,2293,11
27-1-2022,29.65,Lifeline,7,15,4525,10
14-6-2020,15.07,Bloodhound,2,6,1542,10
14-9-2022,15.29,Wraith,8,3,2259,19
28-8-2022,1.52,Mirage,10,7,1093,11
21-9-2021,10.46,Revenant,4,12,1757,20
18-11-2020,5.69,Bloodhound,5,0,1078,15
19-11-2020,24.59,Ash,4,4,1692,10
2-4-2021,23.28,Gibraltar,3,3,527,2
26-5-2022,17.54,Caustic,6,1,467,11
30-4-2020,20.63,Horizon,3,8,1978,18
19-11-2021,19.25,Mad Maggie,8,3,2067,12
2-6-2020,8.03,Caustic,6,10,3302,13
5-4-2019,19.46,Bangalore,8,7,3229,14
27-8-2019,16.42,Wraith,13,1,2186,10
18-8-2020,2.21,Crypto,5,12,955,10
5-3-2021,17.86,Bloodhound,7,1,1929,4
23-12-2020,28.35,Ash,9,4,2384,8
25-7-2022,17.15,Mad Maggie,1,12,1073,13
26-12-2022,28.21,Mad Maggie,13,2,1371,4
24-10-2022,4.68,Bangalore,7,9,2525,11
25-4-2021,18.44,Mad Maggie,8,3,782,16
12-6-2020,6.26,Octane,7,10,1959,19
20-4-2021,2.05,Caustic,0,3,205,4
22-7-2021,21.31,Lifeline,12,8,2088,18
15-11-2019,14.01,Wraith,11,5,2533,2
13-9-2022,20.27,Mad Maggie,3,5,555,13
16-9-2022,5.62,Bangalore,0,4,682,15
28-9-2022,28.75,Caustic,5,2,610,13
1-11-2020,4.01,Lifeline,6,1,1219,3
4-8-2019,0.36,Revenant,0,5,699,2
14-3-2019,25.42,Pathfinder,2,21,3354,7
22-10-2020,9.76,Mad Maggie,3,14,1912,7
31-5-2021,27.73,Bloodhound,5,5,1170,7
30-10-2021,9.4,Revenant,10,4,1089,8
5-3-2019,16.4,Horizon,6,13,2915,14
3-4-2019,4.21,Bangalore,2,0,447,3
10-1-2020,15.69,Rampart,3,6,1858,13
14-12-2021,13.09,Gibraltar,8,13,2035,2
14-1-2022,2.34,Ash,1,0,84,9
29-3-2019,29.18,Wraith,6,3,925,20
15-12-2020,4.58,Ash,0,1,133,5
23-3-2022,1.06,Revenant,9,1,1694,20
22-3-2022,8.57,Caustic,2,9,1811,19
15-5-2021,23.02,Gibraltar,10,6,2973,5
25-3-2019,15.86,Bangalore,3,8,1318,15
13-10-2022,16.78,Revenant,9,15,2171,5
8-9-2019,19.03,Octane,1,4,335,3
28-8-2020,21.27,Crypto,10,8,2293,6
29-8-2021,27.56,Crypto,4,2,402,8
17-6-2020,25.4,Crypto,2,7,465,6
21-8-2019,11.35,Gibraltar,8,2,1035,20
25-7-2022,26.28,Octane,4,8,2235,6
4-9-2022,28.46,Caustic,7,3,2198,13
28-10-2021,10.42,Wraith,7,3,2011,18
15-7-2020,3.9,Crypto,2,13,2270,20
12-6-2020,11.2,Gibraltar,4,4,1749,2
19-6-2021,15.4,Bangalore,1,4,784,4
20-4-2021,25.81,Bangalore,15,6,2987,1
20-10-2019,8.24,Gibraltar,6,3,633,15
16-2-2019,4.9,Mad Maggie,2,1,562,1
26-9-2021,1.31,Crypto,0,1,158,7
6-8-2020,0.64,Pathfinder,0,11,1003,14
30-11-2021,24.43,Revenant,7,16,1689,2
25-1-2020,15.22,Gibraltar,1,6,1053,7
20-6-2020,23.86,Mirage,2,4,939,1
23-10-2019,3.25,Ash,1,1,253,2
18-4-2021,4.65,Horizon,0,0,0,18
6-1-2022,24.83,Caustic,2,6,930,14
17-8-2020,4.78,Lifeline,13,4,2085,8
3-5-2021,9.79,Bangalore,12,7,2143,15
27-12-2020,28.77,Bangalore,2,14,1680,16
29-5-2020,27.37,Bloodhound,3,6,1516,18
28-5-2021,16.43,Mirage,5,4,956,2
24-2-2022,2.44,Bangalore,10,6,1465,4
23-11-2019,4.91,Revenant,0,6,694,19
18-1-2021,15.31,Caustic,9,10,3750,12
28-2-2019,17.38,Horizon,6,1,1156,1
6-1-2022,0.45,Bangalore,6,3,1612,1
12-12-2020,19.61,Crypto,5,3,1479,5
23-10-2022,19.13,Ash,10,11,1527,13
11-12-2021,16.95,Pathfinder,1,1,230,8
13-7-2022,29.65,Octane,8,2,2029,12
7-8-2021,11.95,Revenant,12,2,823,11
19-9-2021,25.35,Wraith,4,2,553,3
18-9-2020,21.36,Wraith,6,3,1737,18
25-7-2022,19.79,Gibraltar,10,1,1120,14
1-4-2020,20.59,Gibraltar,2,12,1146,3
19-4-2021,23.57,Octane,7,4,1892,7
22-11-2020,12.72,Bloodhound,4,2,1130,6
24-7-2021,22.13,Gibraltar,8,3,1809,3
28-4-2020,28.61,Wraith,5,3,977,9
22-1-2020,13.52,Rampart,5,10,2589,4
5-6-2022,1.49,Mad Maggie,6,4,1103,6
14-10-2020,3.7,Horizon,7,0,1559,18
16-3-2019,29.9,Lifeline,5,14,2371,15
20-3-2022,10.7,Mad Maggie,13,6,1551,18
26-1-2020,13.65,Ash,9,1,1819,20
12-7-2021,27.27,Revenant,4,8,2254,17
12-9-2022,17.76,Bangalore,4,3,469,18
12-10-2020,12.35,Bloodhound,1,15,1567,13
4-6-2021,8.08,Wraith,0,17,1924,18
11-12-2019,28.22,Ash,17,8,1992,20
12-2-2022,15.42,Wraith,6,12,2869,20
6-10-2020,7.16,Horizon,8,0,1862,7
3-11-2022,1.13,Lifeline,4,2,520,9
23-11-2021,5.8,Ash,1,2,458,9
5-5-2020,27.75,Lifeline,11,10,4427,19
26-5-2021,9.94,Ash,0,6,558,3
6-6-2021,0.59,Pathfinder,16,10,5624,1
16-11-2022,16.38,Ash,4,3,1219,13
13-12-2019,19.95,Octane,11,2,1112,18
12-9-2021,28.01,Wraith,2,12,714,8
2-8-2020,18.5,Horizon,1,1,151,13
8-12-2022,12.25,Caustic,16,10,4084,16
23-6-2021,25.29,Bloodhound,12,10,2180,5
26-10-2020,24.88,Horizon,3,16,1484,10
10-6-2020,21.96,Revenant,7,6,1207,13
26-3-2019,25.53,Wraith,3,11,2252,7
5-6-2021,29.0,Mad Maggie,6,12,2206,14
5-2-2022,12.22,Crypto,1,10,1749,19
11-6-2021,8.64,Bangalore,6,16,2944,17
1-2-2022,16.57,Bangalore,1,3,643,2
2-10-2019,16.39,Ash,1,3,264,9
5-3-2019,2.96,Crypto,7,7,2260,6
23-12-2019,15.8,Pathfinder,12,1,3021,9
19-10-2021,11.16,Mirage,7,1,1290,18
28-4-2020,11.64,Revenant,9,11,3071,3
9-10-2020,25.42,Crypto,10,7,3425,1
30-10-2019,25.91,Bloodhound,12,2,3024,8
30-7-2022,4.93,Mirage,1,4,977,2
11-10-2021,10.37,Lifeline,1,16,820,10
9-8-2021,4.69,Caustic,3,6,1286,6
14-7-2020,5.86,Bloodhound,11,0,1149,15
26-2-2022,21.1,Crypto,10,16,4544,5
2-12-2022,20.03,Ash,18,6,1635,9
18-5-2021,9.35,Bloodhound,4,5,1377,5
20-1-2022,4.06,Wraith,1,4,543,9
29-1-2021,6.62,Bloodhound,7,7,1664,3
13-5-2020,17.67,Gibraltar,1,13,1784,8
12-9-2020,7.09,Horizon,9,0,855,14
18-5-2021,4.99,Rampart,3,7,1352,1
8-7-2020,17.27,Ash,1,2,543,18
3-8-2022,18.44,Horizon,2,13,2352,12
9-10-2020,12.24,Gibraltar,1,1,386,2
9-8-2019,22.36,Octane,3,6,483,10
13-8-2020,3.22,Pathfinder,4,4,511,5
19-11-2019,27.35,Ash,11,11,3248,3
14-7-2022,23.55,Gibraltar,6,2,1159,5
21-6-2020,1.07,Pathfinder,12,0,2300,2
30-4-2019,22.39,Mirage,4,4,994,16
4-1-2022,17.64,Lifeline,4,12,1707,7
26-10-2021,18.32,Mirage,1,2,186,12
24-5-2019,4.53,Ash,0,1,74,20
9-5-2019,27.88,Revenant,9,12,1431,18
3-3-2020,23.59,Crypto,5,2,1394,8
16-5-2022,23.57,Ash,2,9,1229,7
28-4-2019,12.1,Ash,7,1,1275,6
23-12-2020,16.96,Gibraltar,5,6,694,16
11-10-2019,2.74,Lifeline,14,1,2270,11
14-9-2021,19.98,Lifeline,6,8,1771,12
31-10-2020,21.22,Ash,2,3,814,9
23-5-2021,11.47,Ash,6,7,1073,13
24-7-2021,5.07,Ash,4,1,1068,12
3-1-2021,16.25,Mad Maggie,5,5,1423,3
11-6-2022,12.72,Pathfinder,9,2,1864,5
7-8-2022,3.38,Lifeline,3,10,923,19
13-9-2022,23.75,Revenant,12,6,3893,13
7-7-2021,5.98,Pathfinder,0,0,0,7
22-9-2022,12.15,Rampart,2,10,1089,2
10-11-2021,10.47,Bloodhound,5,2,904,20
9-10-2020,27.63,Mad Maggie,8,3,2431,10
7-11-2021,18.86,Rampart,2,15,947,12
21-4-2020,12.91,Octane,7,1,1405,8
17-4-2019,23.57,Pathfinder,2,2,649,17
28-9-2022,12.15,Mad Maggie,5,10,1178,17
21-4-2021,17.83,Revenant,4,1,1015,12
9-9-2019,24.71,Mirage,9,3,2054,15
2-7-2021,21.71,Lifeline,5,13,2819,15
11-12-2019,11.31,Wraith,11,3,2816,18
22-6-2021,1.02,Mirage,5,10,1033,6
24-7-2020,11.97,Mad Maggie,6,6,2300,10
31-8-2020,15.91,Horizon,2,5,944,16
30-11-2019,8.48,Rampart,5,3,966,5
25-11-2019,16.08,Crypto,7,2,2110,14
25-5-2020,6.73,Mirage,0,5,916,10
16-12-2022,5.65,Lifeline,14,2,2730,18
29-5-2022,26.98,Pathfinder,11,4,2577,5
22-6-2019,13.58,Bangalore,7,18,2225,12
13-11-2022,12.88,Revenant,13,8,1740,7
4-7-2021,3.63,Bloodhound,2,0,462,19
17-10-2022,5.1,Lifeline,6,4,663,3
17-5-2019,28.45,Bloodhound,13,2,2634,9
23-11-2021,5.46,Ash,1,0,203,13
22-12-2020,13.82,Caustic,12,7,1615,5
25-6-2021,11.23,Mad Maggie,2,3,731,5
13-10-2020,20.14,Revenant,4,8,1757,17
31-3-2020,15.64,Revenant,16,2,2341,12
11-5-2021,29.26,Octane,11,4,3129,18
3-8-2021,16.96,Revenant,3,2,745,4
2-9-2020,20.66,Lifeline,3,16,3191,19
25-9-2021,10.91,Wraith,6,10,1195,18
30-6-2019,21.68,Revenant,18,11,1585,3
10-12-2022,4.06,Revenant,2,0,409,19
1-9-2022,16.93,Gibraltar,1,10,1281,7
10-11-2022,20.07,Caustic,11,4,2014,14
19-1-2022,12.56,Rampart,7,12,3514,11
21-2-2022,18.4,Revenant,5,5,734,18
14-4-2021,7.19,Horizon,12,2,2915,4
29-10-2020,28.57,Bloodhound,5,13,2112,8
15-4-2022,8.7,Pathfinder,3,1,812,1
7-3-2022,7.55,Rampart,1,14,2383,16
7-7-2020,14.38,Bangalore,8,17,4503,12
8-5-2019,28.57,Bangalore,3,11,1146,18
18-2-2021,21.85,Mad Maggie,12,2,1287,8
24-6-2021,16.07,Gibraltar,1,12,1639,9
18-9-2019,28.93,Wraith,5,8,1131,16
4-12-2021,17.42,Pathfinder,1,3,743,20
12-5-2022,16.84,Bloodhound,4,6,1877,19
11-7-2022,19.65,Mad Maggie,2,2,294,13
13-12-2019,8.97,Horizon,12,5,1528,15
29-1-2020,5.69,Crypto,5,5,1473,11
22-8-2021,25.25,Pathfinder,7,4,1045,19
1-1-2022,17.52,Horizon,4,1,339,20
13-10-2021,17.91,Lifeline,2,4,450,16
25-2-2022,12.98,Gibraltar,2,6,562,17
20-3-2020,8.86,Bloodhound,4,0,686,3
16-7-2019,12.37,Bangalore,3,1,278,11
12-3-2019,28.82,Gibraltar,11,5,2677,16
9-8-2022,3.66,Lifeline,2,9,2130,15
15-8-2022,28.6,Lifeline,3,4,599,9
24-6-2020,19.4,Crypto,3,1,480,12
15-7-2021,23.93,Caustic,4,3,900,15
8-8-2022,28.62,Crypto,3,2,650,17
17-5-2022,23.39,Ash,2,6,649,11
8-9-2022,19.8,Pathfinder,2,5,999,4
28-2-2020,3.82,Bloodhound,0,3,380,6
23-11-2022,7.92,Bloodhound,8,4,1592,7
8-10-2019,6.58,Caustic,0,5,460,15
9-11-2019,16.68,Bloodhound,6,2,904,3
23-9-2019,2.9,Wraith,0,0,0,7
15-6-2021,7.68,Lifeline,2,11,1491,7
18-8-2021,2.94,Octane,6,8,1379,20
3-3-2019,16.71,Bangalore,12,1,1601,1
14-8-2019,16.79,Pathfinder,12,2,2049,18
5-4-2020,14.7,Pathfinder,1,15,2125,2
28-2-2021,23.83,Bloodhound,8,2,898,9
12-3-2021,25.37,Lifeline,4,9,1145,3
2-10-2019,25.23,Mirage,8,2,1845,18
16-5-2022,20.34,Crypto,14,8,2205,18
3-11-2019,4.31,Horizon,2,1,522,3
5-5-2021,25.5,Bangalore,2,2,315,9
18-3-2020,10.59,Bloodhound,2,4,829,18
22-9-2019,0.08,Revenant,1,4,979,9
16-11-2019,11.8,Bangalore,10,6,2224,4
31-3-2022,22.27,Bangalore,6,5,1834,2
22-3-2020,23.56,Caustic,5,9,1706,9
16-6-2022,23.95,Mirage,3,5,1105,19
30-4-2019,29.38,Ash,11,6,3151,11
16-9-2022,27.52,Mirage,2,5,476,16
22-10-2020,28.58,Pathfinder,3,2,810,18
5-4-2022,11.89,Ash,4,5,974,3
26-3-2022,18.97,Crypto,4,9,974,15
26-11-2022,19.9,Horizon,1,1,179,3
20-7-2019,7.01,Crypto,1,0,62,6
16-3-2019,23.15,Bangalore,4,9,1419,4
14-7-2020,9.92,Wraith,10,6,2318,8
4-10-2021,15.92,Lifeline,7,3,1725,9
1-12-2020,6.04,Gibraltar,0,12,582,6
22-6-2019,25.67,Bloodhound,2,3,700,2
14-5-2020,20.34,Mad Maggie,3,4,616,11
18-8-2021,4.57,Pathfinder,2,6,591,16
11-9-2022,23.35,Horizon,17,2,2228,8
19-12-2021,3.74,Rampart,7,1,1203,8
22-8-2021,6.01,Horizon,5,1,1096,8
14-12-2021,9.24,Wraith,5,0,1061,7
15-12-2020,10.88,Mirage,4,9,1540,2
12-4-2019,29.59,Horizon,2,4,704,16
2-9-2022,9.51,Rampart,13,0,1481,11
4-9-2022,14.74,Caustic,4,14,1053,3
13-11-2021,10.25,Horizon,3,8,1774,6
1-7-2021,14.48,Caustic,1,1,427,13
10-12-2019,18.94,Lifeline,1,5,901,13
28-12-2021,20.55,Lifeline,4,5,1500,8
10-1-2021,6.01,Bloodhound,8,4,700,2
16-4-2019,5.59,Mad Maggie,4,2,1379,4
21-10-2022,23.76,Pathfinder,2,5,681,14
23-3-2020,19.35,Gibraltar,8,7,2371,6
20-7-2021,20.24,Gibraltar,2,12,2241,19
20-8-2020,9.52,Gibraltar,16,2,1405,10
2-6-2021,26.9,Octane,5,3,793,1
10-3-2019,23.51,Crypto,2,4,636,17
8-5-2019,4.11,Gibraltar,7,0,1544,8
6-3-2021,0.76,Octane,13,4,2478,13
7-9-2019,26.21,Pathfinder,4,2,1154,2
10-11-2022,29.33,Rampart,6,5,2363,18
14-7-2019,5.95,Bloodhound,5,0,767,14
3-10-2022,11.59,Gibraltar,5,3,604,16
4-3-2022,29.51,Crypto,6,5,1882,16
25-9-2019,11.19,Wraith,4,10,1800,19
22-6-2022,0.64,Lifeline,13,0,2701,7
22-6-2019,3.35,Octane,1,3,392,7
15-4-2021,9.57,Rampart,0,1,148,15
25-7-2021,15.04,Caustic,7,1,1511,19
4-2-2021,11.77,Caustic,3,3,993,1
4-12-2019,20.29,Ash,2,3,452,6
16-4-2021,17.63,Horizon,3,11,1908,18
26-11-2022,25.72,Horizon,3,2,1055,9
26-10-2020,18.6,Wraith,3,1,863,10
13-1-2022,18.11,Horizon,7,2,1050,3
7-5-2021,12.79,Lifeline,1,4,939,4
19-12-2020,27.76,Pathfinder,5,6,1625,14
27-4-2022,20.31,Pathfinder,5,3,1331,2
6-9-2022,6.62,Wraith,13,1,1032,4
26-9-2020,1.23,Octane,5,2,542,12
21-9-2020,1.68,Wraith,2,14,1870,4
9-2-2021,19.61,Revenant,4,1,1137,6
29-8-2019,10.14,Mad Maggie,7,3,789,16
1-5-2022,3.08,Octane,13,4,3296,11
20-2-2022,15.5,Crypto,3,5,779,9
23-9-2020,7.26,Pathfinder,6,4,742,9
3-6-2019,4.66,Revenant,2,15,1492,18
23-10-2022,15.59,Horizon,4,2,437,6
13-8-2022,11.63,Wraith,1,15,2715,2
30-5-2022,11.52,Ash,2,3,373,12
16-6-2022,29.28,Mad Maggie,2,3,701,1
15-10-2019,1.85,Bangalore,11,16,3386,18
24-4-2021,21.75,Bloodhound,3,3,421,2
4-2-2020,10.22,Bangalore,11,4,1010,6
26-8-2020,25.06,Mirage,2,3,698,3
10-1-2020,2.93,Mad Maggie,10,6,1013,6
22-7-2022,6.93,Gibraltar,4,6,759,11
21-9-2022,0.75,Revenant,8,2,1184,2
13-11-2019,2.86,Octane,6,2,1377,10
31-5-2020,19.09,Gibraltar,2,10,1207,16
23-6-2019,26.59,Rampart,9,3,1524,8
26-9-2022,8.95,Wraith,5,9,1555,14
7-10-2021,18.79,Horizon,6,3,637,9
11-8-2020,17.27,Octane,5,6,737,12
8-3-2020,15.46,Mirage,3,4,1242,3
10-8-2022,3.63,Crypto,8,7,2385,18
30-11-2019,7.56,Horizon,3,15,1214,8
21-3-2019,9.38,Mad Maggie,5,5,1769,9
6-11-2021,2.96,Lifeline,4,1,524,4
19-4-2022,20.54,Octane,2,8,1171,13
2-3-2021,7.06,Wraith,3,3,587,9
26-1-2021,28.1,Crypto,5,6,2036,16
11-6-2020,14.44,Caustic,12,5,1693,1
13-9-2019,23.48,Rampart,8,2,1243,6
6-10-2019,16.15,Crypto,8,18,3099,15
22-10-2019,27.04,Mirage,3,7,1054,2
2-12-2022,20.91,Bloodhound,4,2,1151,18
10-6-2019,7.84,Rampart,7,15,3216,2
7-12-2019,0.97,Rampart,2,0,240,19
19-12-2022,23.68,Octane,10,8,1488,15
2-9-2021,28.72,Revenant,7,4,2084,16
29-11-2019,4.02,Gibraltar,2,0,192,12
3-3-2019,10.25,Horizon,1,6,577,19
5-6-2022,18.16,Rampart,3,8,1185,3
23-2-2020,27.11,Bangalore,6,2,1117,17
26-2-2022,25.04,Rampart,5,3,1733,3
27-4-2019,27.26,Caustic,2,5,1120,4
8-11-2021,16.93,Lifeline,3,5,481,9
14-6-2021,19.39,Mad Maggie,3,2,320,7
28-4-2019,29.97,Pathfinder,5,2,1491,4
20-7-2019,20.5,Revenant,4,11,3026,3
29-5-2020,19.9,Wraith,12,1,1707,10
22-5-2020,14.65,Caustic,15,6,4164,16
26-2-2020,27.41,Bloodhound,2,6,1241,9
20-3-2021,3.91,Mirage,1,2,266,19
3-1-2021,23.0,Wraith,7,3,638,17
5-10-2019,7.98,Rampart,0,3,213,13
26-12-2022,2.13,Mirage,2,8,822,19
21-10-2019,5.52,Mad Maggie,0,1,51,8
22-6-2019,5.32,Ash,8,5,927,18
9-3-2020,5.02,Mad Maggie,11,16,4995,14
4-10-2022,29.57,Mirage,4,5,1761,10
28-1-2022,7.98,Mad Maggie,4,9,1007,17
9-12-2019,26.26,Bloodhound,4,4,745,13
10-7-2019,24.57,Mad Maggie,12,10,2530,14
9-9-2022,12.03,Gibraltar,10,4,2304,7
12-12-2022,10.36,Gibraltar,1,12,2393,1
20-1-2020,19.01,Gibraltar,3,3,910,14
12-8-2019,28.58,Wraith,5,13,2467,13
9-12-2020,19.62,Bloodhound,3,12,2371,14
25-1-2022,20.98,Mirage,10,3,1392,18
5-8-2020,25.56,Wraith,2,2,266,8
27-2-2021,0.31,Gibraltar,2,3,548,13
9-5-2019,4.22,Bloodhound,0,11,761,9
2-8-2022,12.7,Ash,6,1,936,18
27-5-2022,18.64,Bloodhound,3,18,2830,1
22-1-2022,20.92,Mirage,2,2,415,1
9-6-2021,25.39,Mad Maggie,2,8,1688,16
26-1-2022,5.02,Caustic,18,1,2316,3
26-1-2021,8.8,Bangalore,1,1,234,6
15-6-2022,7.62,Wraith,8,1,733,6
24-3-2019,2.18,Rampart,0,9,1656,18
6-3-2022,1.3,Rampart,14,6,1947,15
30-11-2019,24.31,Revenant,2,3,306,12
8-6-2020,24.89,Ash,3,4,727,9
13-7-2022,9.44,Caustic,1,15,2410,10
14-11-2021,0.14,Gibraltar,4,2,358,8
26-11-2020,17.78,Lifeline,14,3,3456,13
8-9-2022,11.44,Mirage,5,4,1900,20
29-5-2019,23.9,Bangalore,5,10,1327,16
13-1-2021,0.96,Bangalore,1,6,1061,4
7-2-2022,2.87,Wraith,1,3,417,11
25-3-2022,20.56,Mad Maggie,10,2,2808,18
19-12-2021,14.54,Rampart,10,1,1678,13
26-5-2022,9.11,Octane,1,4,811,10
15-1-2022,8.02,Mirage,4,0,408,11
20-9-2022,21.2,Mad Maggie,6,7,2364,6
12-11-2019,16.56,Caustic,2,8,1791,15
6-4-2019,6.42,Ash,2,0,173,6
30-7-2022,28.87,Lifeline,2,15,2327,12
5-10-2019,22.21,Mirage,9,2,1326,9
1-12-2021,16.1,Crypto,15,6,1709,7
12-4-2022,16.61,Octane,1,18,1238,9
15-6-2021,13.22,Mad Maggie,9,5,787,5
13-10-2022,4.79,Caustic,8,0,749,8
27-2-2020,23.47,Rampart,2,2,239,17
11-7-2021,5.17,Rampart,5,7,2422,15
10-7-2022,2.96,Bangalore,3,2,634,16
27-7-2019,6.63,Revenant,12,16,2168,15
3-7-2020,15.99,Mad Maggie,3,3,492,17
27-5-2021,15.7,Ash,9,2,1481,3
6-4-2020,12.24,Wraith,11,1,1700,9
11-4-2022,8.87,Octane,10,5,961,15
2-10-2020,21.54,Ash,11,2,2423,17
5-8-2022,10.16,Revenant,3,12,2107,6
2-1-2022,14.53,Revenant,6,5,2303,3
17-8-2022,22.43,Bangalore,2,15,1190,3
8-8-2020,7.13,Rampart,3,5,1006,12
15-3-2021,20.89,Wraith,4,6,1225,12
28-3-2022,4.62,Octane,1,0,192,9
6-2-2020,25.5,Mad Maggie,2,12,2708,7
18-10-2019,28.35,Rampart,13,5,2933,12
16-4-2020,2.29,Rampart,3,1,256,9
22-11-2019,8.07,Mirage,10,1,1243,11
16-11-2022,10.83,Octane,6,10,3287,9
24-3-2022,16.9,Gibraltar,1,5,317,1
16-12-2020,18.94,Bloodhound,6,4,1588,8
5-1-2022,10.75,Mirage,3,12,2086,3
27-3-2022,26.0,Horizon,2,11,815,18
1-3-2019,2.3,Bangalore,2,2,806,3
26-6-2022,27.03,Lifeline,8,4,801,8
16-6-2022,28.88,Pathfinder,4,6,2014,10
3-7-2021,11.77,Pathfinder,12,3,1565,10
11-4-2021,4.3,Pathfinder,8,11,2905,16
6-8-2020,9.36,Revenant,1,3,622,15
5-11-2021,7.02,Lifeline,0,7,714,11
5-12-2021,1.31,Mad Maggie,2,2,693,2
21-2-2019,7.15,Crypto,4,1,535,6
20-7-2019,20.72,Caustic,2,3,728,19
26-6-2020,16.41,Revenant,1,17,2665,2
22-7-2020,19.13,Octane,9,6,1898,17
7-3-2019,15.71,Mirage,16,2,4112,12
30-1-2022,29.71,Horizon,12,8,2561,4
28-3-2022,10.74,Lifeline,1,3,779,10
22-10-2022,4.46,Horizon,5,3,1009,4
18-7-2022,9.33,Bangalore,2,3,312,11
16-4-2019,20.02,Octane,4,11,2917,4
28-4-2022,14.09,Mad Maggie,7,7,1669,7
19-9-2019,8.17,Octane,6,5,774,9
21-3-2021,3.63,Bloodhound,3,0,660,8
5-6-2021,15.4,Ash,12,12,4660,15
21-4-2021,1.23,Lifeline,7,6,825,2
5-4-2020,10.2,Revenant,2,6,739,14
22-12-2019,7.89,Bangalore,1,1,195,10
1-1-2020,24.5,Bangalore,8,3,2003,3
5-6-2022,27.57,Lifeline,15,2,3637,8
18-4-2022,23.83,Bangalore,3,16,2046,9
8-2-2020,29.74,Bangalore,11,8,1615,8
9-12-2022,6.16,Pathfinder,6,10,948,7
3-5-2021,24.59,Ash,5,7,930,15
11-2-2021,11.08,Pathfinder,3,9,1920,20
7-5-2019,24.38,Gibraltar,2,3,989,17
13-8-2021,18.49,Mirage,2,11,1627,15
16-9-2021,15.48,Lifeline,11,10,3314,18
15-5-2021,7.33,Bangalore,3,2,406,17
21-9-2020,21.96,Bangalore,14,11,4225,8
9-7-2021,14.06,Rampart,3,1,246,17
31-12-2020,18.97,Crypto,1,3,528,14
30-4-2020,6.97,Wraith,2,16,1314,16
6-8-2022,14.8,Bangalore,5,3,1080,19
23-5-2019,25.79,Gibraltar,6,7,2268,3
12-12-2022,25.56,Crypto,2,15,1446,4
18-11-2021,2.35,Caustic,8,10,3313,11
7-12-2021,24.58,Wraith,2,6,684,13
28-10-2021,16.88,Mad Maggie,4,12,2171,19
29-12-2020,24.15,Bloodhound,10,8,1346,19
22-9-2022,13.02,Octane,2,8,1792,15
10-10-2019,24.03,Pathfinder,10,2,2560,8
16-4-2021,10.08,Pathfinder,17,2,3500,2
8-11-2020,29.99,Bloodhound,2,5,1275,9
9-11-2020,8.61,Rampart,0,3,217,11
10-11-2022,11.73,Bangalore,1,7,1199,15
20-8-2020,6.9,Mirage,7,1,1482,1
14-6-2019,13.92,Mirage,6,1,1450,4
30-11-2019,29.23,Rampart,3,4,1093,5
19-1-2021,9.78,Bloodhound,4,12,1070,2
16-12-2021,5.99,Bangalore,12,0,2196,4
14-2-2020,7.66,Crypto,3,0,635,9
2-2-2021,11.59,Mirage,4,4,1693,6
12-3-2019,15.54,Bloodhound,10,1,1581,8
18-12-2019,11.57,Gibraltar,12,14,1413,8
14-12-2020,23.47,Ash,7,3,1061,1
1-11-2021,26.31,Mirage,2,18,1670,15
1-7-2020,19.75,Pathfinder,2,8,701,3
19-5-2022,15.59,Octane,7,2,1640,15
7-12-2022,11.3,Revenant,1,9,1876,9
31-12-2021,4.66,Rampart,4,6,1155,11
29-10-2019,20.95,Octane,10,3,2222,18
5-5-2021,23.67,Bloodhound,9,5,1567,5
28-11-2022,11.66,Revenant,9,14,4314,20
12-11-2020,12.25,Lifeline,4,6,735,6
19-5-2019,11.85,Wraith,4,2,372,15
7-1-2020,12.57,Caustic,17,8,1641,10
24-4-2019,21.25,Revenant,8,4,2163,19
14-9-2021,23.07,Mad Maggie,14,2,1551,11
28-1-2022,28.91,Gibraltar,2,10,2083,7
29-10-2019,27.01,Lifeline,3,14,2680,2
2-4-2021,21.74,Caustic,4,17,2621,15
23-11-2022,27.69,Horizon,2,4,718,5
1-5-2022,0.02,Ash,13,12,4463,14
11-9-2019,23.03,Mad Maggie,5,2,1207,3
5-12-2020,23.43,Wraith,12,3,3426,13
14-3-2021,14.08,Bloodhound,4,1,605,9
19-5-2022,17.74,Rampart,4,4,1607,17
27-10-2021,21.67,Gibraltar,2,3,400,13
16-3-2020,7.77,Bloodhound,7,0,436,19
15-2-2022,11.29,Horizon,5,7,994,4
30-7-2020,5.39,Bloodhound,9,8,2335,9
2-2-2022,22.35,Pathfinder,5,3,1220,12
8-12-2022,16.47,Pathfinder,10,8,1338,19
11-10-2019,16.37,Bloodhound,16,4,1341,20
12-11-2019,12.9,Rampart,1,2,283,3
9-2-2022,9.82,Ash,5,0,436,16
5-8-2019,27.44,Octane,4,3,920,15
13-9-2020,21.2,Lifeline,13,2,1144,20
24-9-2020,25.25,Mad Maggie,7,16,4086,1
31-8-2020,27.01,Pathfinder,15,8,3474,12
6-7-2020,20.7,Pathfinder,3,2,360,19
15-11-2021,7.98,Mad Maggie,2,8,1469,15
14-6-2022,21.67,Lifeline,3,3,489,17
3-9-2019,26.59,Bloodhound,13,18,3607,16
27-10-2020,2.83,Rampart,8,0,623,8
3-11-2021,14.75,Crypto,15,1,2753,7
3-9-2020,16.04,Rampart,13,16,5522,14
11-6-2021,22.98,Mad Maggie,14,8,3226,3
12-6-2021,10.22,Caustic,10,6,2779,4
1-3-2020,17.79,Mirage,2,8,1268,10
24-5-2021,15.91,Octane,4,1,359,16
27-6-2019,18.87,Octane,1,1,259,2
18-7-2021,3.98,Lifeline,0,1,69,3
1-3-2020,0.73,Rampart,0,14,1489,15
27-4-2022,19.39,Octane,9,2,860,1
4-3-2021,15.16,Mad Maggie,3,4,968,14
24-8-2019,15.88,Rampart,6,11,1781,20
7-1-2021,15.91,Horizon,13,2,2765,5
11-6-2019,9.0,Lifeline,0,4,244,10
7-11-2021,0.38,Wraith,12,5,1989,13
10-7-2021,29.12,Bangalore,11,6,3133,4
22-11-2022,20.46,Crypto,4,20,2577,17
22-4-2019,2.96,Rampart,0,2,362,12
7-5-2021,9.45,Octane,8,0,1050,2
3-3-2022,25.57,Mirage,3,8,1139,16
20-1-2021,23.15,Mad Maggie,4,6,1565,5
17-4-2020,27.3,Octane,2,2,790,17
18-11-2021,10.56,Mad Maggie,9,3,2479,8
31-5-2022,1.73,Ash,2,7,1305,5
13-3-2022,23.09,Pathfinder,2,3,889,6
9-9-2021,3.28,Crypto,10,1,2347,16
16-7-2020,9.88,Wraith,10,1,2374,12
26-6-2021,0.77,Bangalore,3,4,1259,13
2-11-2021,6.63,Lifeline,1,1,179,19
3-7-2019,0.58,Octane,5,5,750,2
14-10-2021,15.44,Bangalore,4,7,1431,8
14-6-2022,24.86,Revenant,9,7,2749,11
12-7-2021,24.95,Bangalore,20,17,3647,2
30-3-2021,29.22,Octane,8,2,1213,9
24-2-2019,7.02,Lifeline,2,12,1327,5
20-2-2022,22.89,Revenant,10,6,2843,18
3-6-2019,17.53,Mirage,5,2,1481,14
8-9-2022,22.62,Horizon,4,4,476,17
26-7-2019,1.75,Gibraltar,4,2,461,18
28-10-2021,18.44,Crypto,11,2,2239,6
1-6-2022,9.22,Lifeline,13,3,970,8
22-4-2019,8.91,Mad Maggie,10,5,1339,2
16-10-2021,17.88,Revenant,8,8,2578,2
20-8-2021,28.96,Pathfinder,6,8,1812,18
9-12-2019,24.35,Horizon,5,13,1662,11
30-7-2021,21.4,Rampart,5,8,1652,11
17-9-2019,17.66,Caustic,13,5,1149,9
30-6-2021,27.22,Mirage,7,4,1902,15
2-8-2019,1.57,Wraith,0,8,1455,18
31-7-2019,6.82,Bloodhound,4,0,888,4
4-7-2019,15.37,Mad Maggie,5,9,789,5
11-6-2022,29.45,Horizon,7,7,950,11
19-10-2020,20.81,Mirage,2,5,379,8
5-2-2022,2.18,Bangalore,3,5,613,4
16-12-2019,2.98,Horizon,0,6,915,11
23-4-2021,25.89,Wraith,16,6,3439,11
8-5-2019,15.91,Revenant,3,10,771,13
19-11-2021,28.17,Bangalore,7,2,1427,2
4-10-2020,25.05,Mirage,11,2,2699,10
24-2-2021,21.79,Octane,2,12,2431,6
1-4-2020,8.07,Bangalore,1,1,202,4
23-1-2021,1.46,Wraith,9,10,1402,13
1-10-2020,6.58,Horizon,1,17,1795,17
28-6-2020,23.83,Wraith,12,6,3498,8
10-5-2019,15.7,Pathfinder,2,20,1870,14
12-5-2022,16.05,Lifeline,11,1,2652,11
19-8-2019,16.29,Wraith,9,1,1983,12
29-4-2021,4.87,Lifeline,9,2,2344,20
22-11-2019,2.36,Mirage,10,10,2855,14
8-5-2020,29.94,Wraith,6,6,1886,10
26-4-2022,3.5,Octane,0,3,372,3
9-11-2021,19.49,Bloodhound,4,3,1318,17
29-11-2021,27.19,Lifeline,15,8,1940,9
2-9-2021,21.97,Octane,2,5,762,17
20-1-2020,24.68,Octane,2,9,1845,12
7-3-2021,13.41,Horizon,3,4,394,1
21-8-2019,23.39,Horizon,19,3,4946,7
4-5-2021,27.52,Mirage,3,6,704,8
22-11-2019,3.01,Bangalore,6,0,900,12
19-4-2021,28.83,Caustic,3,6,1862,20
21-9-2022,22.43,Caustic,2,12,799,11
23-12-2022,11.33,Revenant,1,8,1745,5
24-9-2019,21.9,Horizon,5,12,2917,15
3-8-2022,23.47,Gibraltar,2,5,973,19
8-5-2022,25.27,Mad Maggie,2,7,1160,7
28-3-2019,5.35,Mirage,2,0,392,12
18-12-2022,2.59,Ash,10,1,1898,10
29-4-2019,29.14,Caustic,18,2,4464,5
8-3-2020,10.39,Bangalore,2,14,2794,18
22-10-2022,22.72,Revenant,2,5,568,5
30-10-2022,8.46,Ash,1,4,987,10
2-8-2022,22.42,Pathfinder,2,2,879,11
4-3-2020,4.72,Mad Maggie,12,0,2454,17
2-12-2021,21.91,Octane,4,5,1098,7
24-3-2021,5.67,Pathfinder,4,9,987,13
30-10-2019,11.51,Caustic,2,4,1047,3
14-2-2020,25.37,Rampart,14,3,1117,5
9-11-2022,17.85,Wraith,5,9,2714,4
26-1-2020,29.2,Rampart,3,9,2225,7
20-7-2019,5.62,Wraith,1,2,415,2
28-4-2022,17.06,Wraith,1,7,402,7
16-7-2020,5.25,Ash,4,0,591,6
13-11-2020,17.15,Ash,2,1,472,3
2-10-2022,19.84,Bloodhound,2,1,429,18
4-3-2021,8.15,Bangalore,4,3,1478,13
11-6-2020,0.97,Crypto,4,0,365,10
23-10-2022,0.31,Bloodhound,11,2,2244,5
25-6-2021,0.13,Bangalore,9,1,1266,13
15-10-2020,18.92,Bangalore,11,9,3000,16
11-5-2019,8.87,Gibraltar,10,2,2626,8
24-9-2022,3.17,Mirage,3,0,344,13
12-8-2021,2.09,Mad Maggie,6,5,2142,10
12-12-2020,0.56,Wraith,2,0,468,3
16-3-2021,8.49,Gibraltar,3,4,378,8
6-9-2021,19.54,Octane,11,13,3806,5
22-8-2019,6.07,Crypto,3,13,3167,12
27-4-2019,10.09,Lifeline,16,2,3365,10
6-9-2020,25.44,Bloodhound,3,4,645,9
22-11-2019,22.92,Horizon,2,9,898,7
15-8-2022,4.38,Octane,5,3,1426,12
22-1-2021,25.53,Bloodhound,4,3,1258,15
6-9-2020,21.53,Bangalore,2,8,1306,9
19-10-2021,1.4,Ash,5,4,841,12
29-5-2019,20.12,Octane,19,2,3323,4
14-2-2021,23.96,Wraith,4,4,1160,6
10-7-2022,14.49,Revenant,5,4,518,14
9-8-2020,4.04,Mad Maggie,15,1,2436,13
3-8-2019,11.56,Revenant,8,11,2965,20
14-5-2020,5.4,Bangalore,16,13,5103,15
24-4-2021,4.82,Bloodhound,16,0,2009,2
28-6-2019,27.56,Rampart,19,4,3966,7
19-4-2021,8.24,Ash,1,9,1515,16
20-6-2022,20.1,Caustic,10,4,1815,17
23-9-2022,22.11,Pathfinder,8,5,938,4
2-9-2020,10.51,Caustic,13,7,1914,2
19-9-2021,15.06,Crypto,1,6,833,16
9-2-2021,19.42,Pathfinder,5,9,991,18
3-6-2020,3.74,Octane,0,2,301,17
24-8-2021,24.57,Mad Maggie,13,14,2821,20
2-10-2019,21.13,Bangalore,2,17,1638,13
9-3-2021,2.38,Bloodhound,8,12,4089,18
20-8-2021,4.68,Bangalore,0,7,506,4
8-10-2020,1.34,Bloodhound,5,3,612,5
13-5-2021,9.99,Caustic,4,3,848,7
28-9-2019,29.52,Bloodhound,4,2,379,5
23-3-2021,0.48,Wraith,0,0,0,14
28-3-2020,12.06,Revenant,6,10,1396,13
3-9-2022,10.05,Caustic,1,6,648,1
24-11-2020,4.45,Revenant,9,9,1120,18
5-3-2019,15.29,Mad Maggie,1,6,536,7
9-2-2019,5.27,Mirage,11,8,1747,18
16-4-2022,23.46,Horizon,5,14,3507,12
20-4-2021,15.3,Lifeline,2,14,2440,19
26-2-2019,29.96,Revenant,2,2,776,20
10-5-2021,0.57,Rampart,0,3,502,11
20-2-2021,3.44,Ash,0,11,1452,18
19-1-2020,9.99,Pathfinder,9,6,2736,18
5-12-2022,7.51,Wraith,6,3,1740,6
12-8-2019,25.92,Horizon,4,10,2102,6
4-12-2019,7.69,Lifeline,0,6,849,15
30-6-2022,23.36,Horizon,5,3,1301,14
10-12-2021,22.47,Pathfinder,2,3,682,16
14-6-2022,16.17,Lifeline,4,1,294,16
18-1-2020,8.25,Ash,18,8,4202,9
1-7-2022,17.99,Gibraltar,7,1,1212,9
29-9-2020,5.69,Lifeline,0,0,0,1
11-6-2020,9.96,Crypto,5,12,1354,9
3-4-2020,27.11,Bloodhound,2,9,2045,13
17-10-2022,16.65,Octane,1,1,400,11
2-7-2021,13.17,Revenant,4,2,1238,3
29-7-2020,19.37,Ash,9,4,2622,4
1-12-2022,8.88,Ash,9,2,2177,16
8-9-2020,18.97,Wraith,6,5,1024,12
5-4-2021,18.77,Lifeline,16,4,2664,7
31-3-2020,4.89,Rampart,0,11,650,10
30-11-2020,26.99,Ash,5,4,1625,6
12-5-2021,8.01,Bangalore,1,6,485,4
24-5-2019,17.71,Revenant,9,7,1292,10
31-1-2021,11.09,Mad Maggie,6,3,1977,13
3-7-2020,7.77,Lifeline,0,3,500,7
1-7-2019,10.17,Octane,5,10,1174,3
5-2-2021,20.79,Wraith,7,3,2034,12
17-7-2021,0.25,Revenant,1,16,2085,6
16-10-2019,17.52,Horizon,5,8,2705,13
10-7-2021,1.1,Octane,5,1,567,18
26-2-2020,29.9,Rampart,4,4,473,15
5-1-2021,11.73,Mad Maggie,2,3,907,12
24-9-2019,14.54,Gibraltar,6,1,1169,13
22-7-2022,4.12,Gibraltar,3,0,443,11
29-8-2019,5.15,Bangalore,6,5,1379,2
29-5-2020,13.26,Pathfinder,1,19,1943,9
18-9-2022,7.87,Bloodhound,2,3,391,3
31-12-2019,8.04,Wraith,5,9,767,14
23-5-2021,2.91,Pathfinder,1,0,115,14
4-12-2022,1.93,Lifeline,1,1,159,11
13-3-2019,15.08,Caustic,4,10,2624,14
24-10-2020,24.31,Lifeline,7,12,2477,7
13-1-2021,8.61,Pathfinder,1,1,359,3
1-5-2022,19.45,Pathfinder,6,4,1252,1
20-6-2019,11.92,Bangalore,10,4,2546,17
4-12-2020,27.14,Caustic,2,2,302,13
12-5-2019,28.69,Revenant,3,8,1970,14
1-8-2019,1.97,Mad Maggie,9,2,2308,10
22-9-2022,20.25,Mad Maggie,4,4,470,1
24-6-2022,8.62,Rampart,8,0,895,14
18-5-2021,2.19,Caustic,9,0,1715,17
19-8-2021,8.81,Ash,0,2,342,4
19-5-2021,9.3,Mirage,10,4,2325,16
11-11-2020,15.58,Bangalore,4,1,1019,12
31-5-2022,0.34,Mirage,10,4,2012,12
4-8-2020,2.14,Wraith,1,0,128,18
4-9-2020,0.62,Octane,1,0,201,11
5-11-2021,23.96,Bloodhound,3,12,2139,10
28-11-2020,1.42,Bangalore,1,2,511,15
30-3-2022,9.71,Rampart,1,5,997,8
26-11-2020,27.96,Ash,7,11,966,14
30-8-2020,25.0,Caustic,9,5,1863,8
15-8-2020,15.48,Gibraltar,17,1,3822,4
23-2-2022,11.01,Octane,4,2,662,9
20-10-2020,5.03,Rampart,14,7,2087,17
13-3-2020,24.5,Crypto,2,9,1705,3
22-11-2022,10.31,Bangalore,7,2,662,4
16-2-2020,10.18,Horizon,8,13,4046,3
1-9-2021,23.73,Wraith,4,4,1573,7
26-3-2019,2.99,Octane,9,3,2601,12
21-2-2022,0.89,Gibraltar,8,2,1804,3
28-12-2020,16.0,Octane,10,3,1413,8
15-8-2019,23.24,Revenant,6,12,1941,15
12-4-2019,9.48,Wraith,5,0,684,6
13-11-2022,25.03,Rampart,16,3,3912,2
3-5-2021,3.37,Rampart,3,10,1171,4
30-8-2020,23.66,Ash,2,9,1773,11
4-11-2021,10.85,Mad Maggie,18,1,1438,5
21-9-2019,15.54,Wraith,4,8,1197,8
17-5-2020,22.29,Crypto,9,2,1927,20
20-6-2021,17.21,Octane,3,1,866,9
8-4-2021,22.97,Mad Maggie,8,2,1179,10
27-11-2020,12.47,Pathfinder,3,10,2627,12
26-10-2020,10.71,Mad Maggie,12,3,3125,7
30-9-2021,14.4,Caustic,1,7,466,11
1-4-2020,25.23,Octane,16,7,3968,17
9-3-2019,19.57,Lifeline,2,10,932,20
27-9-2020,29.33,Mad Maggie,11,10,4038,10
25-10-2022,20.09,Mad Maggie,4,7,1122,11
29-9-2022,25.99,Lifeline,3,11,1028,6
15-12-2020,17.06,Caustic,4,10,973,17
23-4-2022,12.06,Ash,15,1,1729,16
26-4-2022,3.94,Mirage,4,3,1170,11
28-6-2019,3.13,Crypto,3,0,244,20
9-3-2021,13.5,Mad Maggie,2,9,1514,18
21-9-2019,10.44,Horizon,11,1,2483,13
26-7-2022,2.54,Bangalore,2,3,304,12
11-8-2019,5.87,Wraith,7,16,3155,20
29-10-2019,10.36,Pathfinder,9,6,2672,18
10-11-2022,9.91,Mad Maggie,3,12,2126,15
29-5-2019,3.71,Bangalore,2,3,805,14
28-1-2020,26.75,Crypto,2,11,1266,7
5-10-2020,7.57,Rampart,0,3,234,5
30-7-2019,18.77,Crypto,6,13,1146,10
18-9-2022,27.67,Mirage,12,6,3604,10
15-5-2021,28.79,Crypto,8,2,1593,13
4-11-2021,8.49,Bloodhound,3,11,1336,13
20-11-2021,25.14,Lifeline,2,5,522,5
10-1-2020,15.7,Wraith,3,5,1213,15
21-8-2021,18.31,Ash,2,2,698,8
11-8-2021,8.44,Lifeline,4,1,1014,3
3-6-2019,29.64,Bangalore,15,10,4791,2
5-9-2021,26.74,Octane,12,9,3775,3
30-1-2022,8.16,Revenant,0,4,370,4
5-9-2022,3.84,Bangalore,12,10,2132,8
4-8-2022,29.01,Revenant,5,3,1221,10
17-12-2020,10.56,Revenant,4,1,793,8
26-3-2021,2.52,Mad Maggie,2,4,642,5
24-9-2022,17.81,Wraith,6,9,2654,17
29-6-2022,3.89,Pathfinder,10,1,1325,20
28-11-2020,12.26,Crypto,15,5,3000,17
18-1-2021,23.34,Bloodhound,5,3,995,12
30-6-2021,3.75,Bangalore,1,0,66,12
17-11-2021,0.18,Lifeline,4,14,3144,18
17-1-2022,20.57,Octane,2,4,785,19
20-9-2020,25.85,Gibraltar,5,2,1328,4
13-4-2022,21.56,Bangalore,8,14,3754,2
10-7-2021,16.18,Pathfinder,6,10,2920,13
22-3-2019,29.75,Caustic,6,14,4061,6
22-4-2022,29.56,Revenant,4,6,1734,19
17-8-2022,2.4,Pathfinder,3,0,547,10
1-4-2019,24.84,Horizon,2,12,751,13
30-1-2021,29.26,Ash,6,4,1772,3
13-9-2019,26.06,Horizon,15,11,1514,1
13-1-2020,23.68,Wraith,3,6,1672,10
29-6-2020,5.31,Gibraltar,0,13,1920,14
31-7-2021,5.41,Mirage,5,0,556,13
10-3-2020,21.91,Octane,7,11,1987,2
23-3-2022,5.23,Horizon,2,14,1113,11
22-2-2021,5.4,Gibraltar,11,6,1160,8
26-10-2022,9.27,Crypto,4,1,940,5
22-3-2022,5.1,Gibraltar,4,3,1271,16
27-9-2020,11.19,Mad Maggie,1,16,1801,14
4-1-2022,26.86,Lifeline,3,4,1394,18
19-9-2020,0.81,Wraith,6,11,1853,10
30-11-2022,23.27,Ash,4,10,1275,9
8-2-2020,6.65,Mad Maggie,12,3,1189,6
21-1-2021,8.4,Revenant,7,0,1579,12
14-8-2020,12.31,Bangalore,6,2,1391,14
13-9-2022,14.71,Mad Maggie,10,13,4868,13
23-3-2019,4.43,Ash,3,4,1118,8
20-7-2022,26.98,Mirage,15,11,4770,18
16-7-2020,9.97,Gibraltar,1,19,3670,13
9-8-2020,6.35,Crypto,7,9,2975,5
12-3-2019,27.16,Pathfinder,5,4,653,14
8-6-2019,19.78,Octane,15,10,2146,16
20-3-2022,19.91,Rampart,5,10,3034,19
20-4-2020,1.46,Octane,12,4,3488,11
1-11-2019,2.84,Rampart,1,0,161,11
18-8-2020,6.57,Revenant,0,1,133,17
31-1-2021,28.77,Revenant,6,3,669,19
20-12-2022,6.52,Mirage,0,3,344,14
22-6-2022,6.39,Rampart,5,7,1063,18
1-5-2020,23.3,Ash,9,2,978,11
4-9-2021,27.97,Mirage,8,2,1091,13
14-5-2020,3.7,Revenant,4,3,688,19
17-6-2022,6.37,Bangalore,3,8,765,15
26-2-2019,23.31,Rampart,3,8,1875,13
10-6-2019,8.51,Lifeline,2,0,317,19
17-5-2021,9.13,Horizon,12,8,3556,3
28-11-2022,14.23,Bangalore,9,2,2341,3
15-10-2021,16.81,Gibraltar,8,5,2321,16
15-9-2020,24.96,Octane,11,5,2861,6
27-2-2021,4.91,Gibraltar,2,14,1168,12
17-7-2021,11.86,Bloodhound,6,12,2747,9
7-9-2019,23.37,Mad Maggie,2,7,1255,2
12-4-2022,17.72,Octane,5,5,1740,5
24-11-2022,2.44,Revenant,2,2,462,3
16-3-2021,26.87,Crypto,17,10,3949,13
16-10-2019,19.51,Bloodhound,15,9,5155,16
11-2-2019,16.91,Caustic,3,3,435,15
14-9-2019,29.4,Bloodhound,6,4,1234,2
24-6-2019,4.25,Octane,1,10,1920,20
25-5-2019,12.5,Revenant,4,1,825,9
8-8-2021,17.91,Rampart,1,12,973,12
13-6-2022,18.34,Pathfinder,10,13,2602,5
21-12-2022,13.3,Lifeline,4,1,865,4
29-12-2019,0.26,Pathfinder,4,2,1079,18
29-7-2020,16.75,Gibraltar,12,8,2249,8
20-6-2021,29.86,Wraith,2,9,1706,19
1-12-2021,25.55,Revenant,2,19,1283,3
2-1-2020,26.97,Wraith,3,11,1689,15
8-9-2020,6.23,Octane,1,12,766,10
9-5-2021,23.23,Ash,16,7,4667,17
25-9-2022,10.5,Octane,8,6,2666,4
23-3-2019,11.86,Ash,10,2,1135,17
28-11-2021,17.39,Bangalore,3,3,587,2
10-12-2021,14.77,Ash,1,1,416,7
29-7-2022,18.61,Bangalore,1,2,534,12
30-11-2019,11.9,Bloodhound,14,12,4742,5
18-1-2020,28.02,Crypto,10,6,2024,19
18-9-2021,3.08,Rampart,9,8,1570,9
12-2-2022,0.1,Horizon,0,2,316,20
11-6-2022,18.13,Gibraltar,2,7,625,5
17-7-2022,29.62,Octane,6,8,1029,5
5-12-2022,5.41,Bangalore,10,4,2688,14
11-8-2021,19.6,Gibraltar,5,4,678,2
30-7-2019,26.62,Gibraltar,11,3,3006,4
15-7-2021,3.25,Mirage,8,3,1026,16
14-11-2020,12.24,Crypto,16,17,5504,14
13-10-2020,14.44,Pathfinder,14,10,5048,12
13-2-2020,25.4,Bangalore,7,7,1518,3
15-4-2022,9.35,Wraith,8,15,4541,10
18-1-2021,2.49,Pathfinder,9,2,1039,11
29-9-2021,0.46,Pathfinder,0,3,487,20
14-3-2021,27.86,Rampart,2,2,666,20
1-9-2019,25.61,Mirage,11,10,1442,17
22-9-2021,27.45,Wraith,19,7,3769,1
11-11-2020,14.79,Bloodhound,7,1,1560,13
22-1-2021,26.7,Lifeline,6,7,807,16
12-11-2022,6.36,Wraith,13,7,3804,13
30-4-2021,2.07,Mirage,10,7,3259,9
21-10-2020,27.66,Gibraltar,2,2,478,18
21-12-2021,26.69,Octane,4,5,1335,15
26-6-2022,29.44,Crypto,12,6,1587,1
16-11-2021,6.36,Mad Maggie,3,0,464,10
29-3-2019,9.61,Lifeline,2,0,269,10
2-9-2022,4.66,Lifeline,9,4,1637,9
19-6-2019,23.95,Lifeline,4,13,1438,19
5-3-2022,29.43,Wraith,2,8,707,1
12-9-2020,6.47,Bangalore,7,8,1838,14
14-6-2021,3.19,Bangalore,2,3,382,13
7-9-2020,22.1,Crypto,5,3,655,14
15-6-2021,7.02,Gibraltar,5,5,1919,20
20-5-2022,25.83,Wraith,12,6,1242,19
8-3-2021,20.57,Rampart,4,13,2570,15
18-2-2020,16.72,Revenant,3,7,1812,7
16-12-2021,3.29,Rampart,8,8,2476,14
16-10-2020,0.39,Revenant,5,11,1249,3
21-1-2020,29.35,Caustic,11,3,1459,17
19-6-2019,11.42,Horizon,5,8,1108,8
4-6-2019,21.29,Mirage,2,9,2017,6
30-3-2020,3.66,Bloodhound,2,0,437,20
25-1-2021,7.38,Mirage,2,3,306,2
21-7-2022,26.07,Revenant,17,9,3070,4
2-1-2021,20.14,Caustic,4,3,541,10
7-9-2019,23.47,Octane,2,2,389,16
19-8-2021,9.73,Gibraltar,4,7,1299,11
21-6-2021,28.86,Crypto,5,2,1324,18
26-12-2021,0.89,Caustic,1,8,1569,17
23-2-2022,6.21,Ash,0,8,1271,10
4-6-2021,25.18,Bangalore,7,3,1423,5
4-3-2020,11.48,Mirage,16,4,4231,19
18-8-2021,10.84,Mirage,1,15,2317,7
10-7-2021,23.44,Crypto,3,2,748,18
10-1-2021,24.94,Rampart,2,3,924,9
3-4-2021,17.63,Bloodhound,5,16,2527,19
21-10-2020,10.51,Wraith,5,11,1572,12
8-9-2020,29.4,Caustic,12,20,1883,5
20-12-2022,3.01,Horizon,1,13,954,12
16-6-2022,25.4,Octane,10,8,3593,4
8-3-2021,15.08,Bangalore,13,2,2262,6
1-3-2022,19.69,Revenant,1,3,460,1
15-1-2022,29.26,Bangalore,13,2,2684,19
8-3-2019,9.26,Wraith,2,9,1260,9
18-3-2020,19.29,Mad Maggie,1,11,2313,15
24-10-2022,11.27,Caustic,4,7,1923,9
18-10-2021,20.91,Mirage,8,15,4663,6
11-6-2020,8.7,Bangalore,2,1,480,8
7-6-2022,10.91,Octane,3,4,907,8
20-1-2022,26.33,Octane,2,17,1634,3
25-1-2020,0.99,Rampart,1,5,778,3
8-11-2022,3.74,Bloodhound,4,6,2058,5
16-4-2019,4.87,Bloodhound,9,12,2583,6
22-6-2022,29.9,Lifeline,8,14,2388,8
10-11-2019,5.45,Ash,0,16,1570,6
25-4-2019,14.93,Pathfinder,8,5,1381,1
3-6-2022,10.17,Octane,3,8,1812,7
26-1-2020,4.25,Lifeline,10,0,676,9
12-12-2021,12.49,Gibraltar,3,3,1178,3
17-10-2021,24.03,Bangalore,6,2,777,4
17-1-2022,27.74,Bangalore,15,8,3909,5
28-3-2019,12.77,Pathfinder,3,1,406,18
1-3-2022,7.63,Bloodhound,11,7,1407,13
30-12-2021,26.73,Octane,2,5,578,14
30-7-2019,7.43,Wraith,0,13,2220,14
10-5-2022,18.98,Mirage,8,18,2027,13
16-5-2022,12.23,Rampart,10,10,2363,9
21-6-2022,8.48,Mad Maggie,2,0,243,12
22-3-2020,11.15,Caustic,18,8,3742,2
26-2-2021,1.89,Revenant,4,3,1456,3
17-6-2020,13.76,Lifeline,1,1,322,19
19-12-2021,9.92,Pathfinder,3,14,3113,11
27-6-2020,4.0,Pathfinder,2,0,240,10
30-8-2020,29.21,Ash,9,5,2823,4
1-12-2021,26.42,Revenant,10,6,1491,19
28-5-2021,22.03,Wraith,8,13,1949,4
14-2-2020,23.39,Pathfinder,3,5,592,1
18-7-2019,18.36,Crypto,1,3,342,5
29-11-2019,15.87,Horizon,7,4,2199,3
11-8-2020,17.67,Bloodhound,2,14,1666,2
23-5-2019,13.7,Horizon,15,3,1650,1
17-11-2019,25.46,Mirage,5,3,1043,8
12-8-2022,24.94,Wraith,7,12,1124,14
18-3-2019,23.81,Bloodhound,15,7,4694,14
7-11-2022,24.8,Horizon,13,14,3867,12
12-5-2021,1.52,Pathfinder,3,0,341,19
21-2-2022,19.65,Lifeline,8,1,1859,16
25-3-2021,14.85,Mad Maggie,11,8,1913,7
16-8-2022,6.86,Revenant,3,11,2053,15
9-2-2020,28.41,Wraith,8,2,2104,15
15-5-2020,22.73,Wraith,13,12,5045,10
6-7-2019,8.21,Octane,0,0,0,19
29-9-2022,2.4,Pathfinder,0,0,0,19
25-2-2019,9.28,Lifeline,1,0,180,18
24-7-2019,15.56,Wraith,3,1,336,20
29-4-2020,19.04,Gibraltar,1,2,392,10
16-7-2021,7.62,Horizon,3,2,602,1
13-8-2020,29.98,Crypto,6,2,1798,11
7-7-2020,29.39,Octane,7,10,3104,2
22-4-2020,6.64,Pathfinder,1,6,953,18
15-9-2021,18.68,Caustic,1,6,668,8
18-1-2021,18.35,Pathfinder,1,6,726,16
30-4-2021,13.1,Pathfinder,5,3,805,13
10-5-2022,11.31,Gibraltar,2,1,610,14
17-12-2022,14.07,Gibraltar,4,12,1777,18
5-1-2022,25.24,Gibraltar,6,2,554,16
12-5-2020,12.92,Wraith,4,1,1093,11
21-8-2022,3.24,Gibraltar,0,11,854,1
24-12-2021,28.58,Mirage,2,2,275,4
3-3-2021,21.52,Gibraltar,8,3,1622,1
25-11-2019,16.42,Bangalore,14,1,1882,14
13-1-2020,20.75,Bloodhound,2,9,2156,7
29-10-2020,8.51,Bangalore,7,12,3478,18
15-5-2021,12.42,Crypto,4,5,950,19
3-8-2019,12.3,Horizon,1,20,2427,7
19-4-2020,15.09,Ash,1,2,505,19
14-8-2022,25.31,Bloodhound,4,7,1610,8
5-2-2022,3.44,Bloodhound,1,16,2397,4
14-7-2019,24.96,Wraith,15,5,1443,8
21-9-2021,8.35,Bangalore,2,2,597,3
13-12-2019,24.51,Ash,15,8,3089,20
5-11-2021,29.56,Octane,12,7,1780,17
30-3-2022,3.88,Rampart,1,5,704,7
8-8-2019,12.67,Crypto,7,9,2192,17
29-5-2019,1.82,Bangalore,9,0,1795,16
15-5-2020,10.95,Caustic,2,2,560,14
10-11-2022,10.92,Wraith,4,2,716,16
16-6-2022,1.07,Wraith,1,1,263,14
27-2-2021,14.9,Mirage,2,1,183,3
22-7-2019,21.99,Lifeline,3,3,450,7
11-8-2022,9.42,Lifeline,5,10,2911,1
9-5-2019,14.21,Horizon,1,6,519,19
2-12-2022,28.75,Pathfinder,2,6,991,16
23-3-2022,24.7,Caustic,6,6,1531,18
28-8-2019,15.94,Ash,6,3,1523,7
7-5-2021,9.66,Bangalore,8,7,2015,6
30-6-2020,3.07,Bangalore,2,1,415,20
14-5-2020,7.53,Rampart,4,3,470,11
14-10-2021,22.45,Mad Maggie,3,11,1230,18
5-5-2022,2.33,Crypto,14,2,1783,5
30-5-2022,22.58,Octane,5,7,1042,3
3-6-2021,12.33,Caustic,2,11,1899,6
17-11-2022,0.88,Mirage,0,4,311,7
27-9-2019,0.77,Revenant,14,3,3842,7
24-12-2022,8.53,Bloodhound,7,0,1200,4
20-2-2022,3.33,Gibraltar,5,0,975,17
26-4-2019,18.66,Bloodhound,16,7,4375,20
27-11-2019,29.75,Bangalore,5,10,1980,20
15-5-2021,22.19,Gibraltar,8,8,2605,11
10-7-2020,7.03,Crypto,6,0,550,14
12-9-2020,3.06,Horizon,8,10,2326,11
16-10-2021,3.19,Rampart,0,12,703,9
4-7-2019,11.97,Caustic,8,8,2017,16
18-10-2021,1.82,Lifeline,1,2,226,20
22-4-2021,3.94,Wraith,3,18,1066,12
14-6-2020,9.79,Wraith,7,3,1733,2
29-7-2019,7.8,Pathfinder,4,7,1146,10
29-12-2022,26.49,Revenant,8,9,2849,2
24-11-2019,15.38,Mad Maggie,12,2,3205,19
16-2-2022,3.26,Revenant,10,4,802,9
29-6-2021,17.63,Revenant,4,6,1067,14
13-7-2019,2.77,Wraith,0,1,76,18
7-9-2020,7.55,Crypto,6,4,1718,6
29-3-2019,28.73,Mad Maggie,3,12,1378,18
26-3-2022,14.02,Rampart,5,5,1895,9
19-7-2020,25.42,Revenant,4,15,2760,3
18-6-2020,10.73,Octane,2,13,901,2
6-8-2021,15.86,Octane,7,12,1937,17
27-8-2020,21.41,Horizon,4,5,1725,20
19-9-2019,22.48,Revenant,6,6,944,11
26-10-2020,2.24,Mirage,4,3,442,13
14-10-2021,27.07,Revenant,7,10,2164,12
23-11-2019,21.65,Gibraltar,8,6,2711,18
19-12-2020,23.76,Pathfinder,19,15,3536,19
18-1-2021,29.81,Ash,3,2,909,6
24-10-2020,22.5,Bangalore,10,14,1779,7
10-9-2020,12.54,Ash,13,9,3258,20
3-9-2021,9.13,Bangalore,5,13,2595,4
10-3-2019,18.19,Bangalore,1,1,211,2
14-1-2022,27.75,Pathfinder,4,2,1075,3
11-3-2021,7.23,Mad Maggie,3,7,788,11
30-6-2022,11.41,Bloodhound,11,4,1489,20
8-11-2021,9.16,Bangalore,0,8,1071,15
6-8-2020,14.85,Octane,9,2,817,1
29-9-2019,20.0,Bangalore,3,6,955,4
30-11-2022,6.4,Caustic,1,2,454,10
28-4-2022,16.86,Mad Maggie,4,3,697,20
5-1-2021,25.83,Wraith,2,15,2456,4
12-5-2022,5.58,Bangalore,11,3,1970,18
30-5-2020,5.03,Mad Maggie,0,5,367,6
28-12-2022,0.72,Lifeline,0,1,67,12
23-7-2020,2.43,Octane,11,5,2866,3
10-5-2021,26.73,Ash,7,8,2857,14
13-10-2022,4.8,Lifeline,3,1,513,3
20-11-2020,6.61,Wraith,10,2,1652,2
5-7-2020,5.38,Mirage,9,1,2152,2
8-11-2019,23.24,Crypto,12,2,819,13
31-5-2020,12.37,Gibraltar,1,4,436,18
16-6-2019,6.34,Bloodhound,8,7,946,20
13-3-2019,25.82,Horizon,15,4,3294,12
24-8-2020,25.08,Rampart,2,2,227,19
10-2-2022,28.97,Mad Maggie,12,8,1540,2
28-1-2021,21.81,Pathfinder,4,5,618,3
23-12-2022,7.0,Rampart,5,1,829,14
29-9-2021,8.86,Bloodhound,2,3,702,16
18-7-2019,2.03,Octane,1,9,1829,17
25-3-2020,18.85,Caustic,7,5,1523,16
27-11-2020,27.44,Horizon,6,7,1217,9
11-8-2020,12.7,Ash,1,2,169,20
5-12-2020,23.41,Ash,10,15,2454,12
25-12-2022,20.78,Revenant,4,4,901,12
1-3-2022,5.78,Gibraltar,6,6,1667,19
17-3-2021,29.71,Horizon,5,3,1134,4
6-5-2021,5.68,Ash,2,15,1320,20
21-2-2022,10.52,Gibraltar,2,18,2108,18
2-12-2022,26.47,Revenant,2,3,887,7
21-12-2019,22.68,Lifeline,7,4,977,9
13-8-2020,27.13,Lifeline,3,8,1070,16
24-11-2021,0.26,Bloodhound,4,6,1794,11
17-6-2022,20.83,Lifeline,5,6,2128,15
17-5-2019,2.46,Caustic,4,13,2051,2
31-12-2022,19.31,Octane,9,2,655,6
18-5-2022,17.79,Pathfinder,5,2,659,17
8-9-2020,27.48,Gibraltar,15,4,1225,3
14-1-2022,1.73,Octane,0,0,0,13
10-5-2019,6.62,Crypto,2,4,485,20
10-8-2021,6.06,Ash,3,2,422,1
15-1-2020,28.45,Octane,5,5,880,20
16-2-2022,3.71,Octane,3,6,1498,8
2-12-2019,13.0,Lifeline,1,2,526,10
15-7-2022,22.34,Crypto,6,3,1570,1
4-8-2022,19.11,Pathfinder,1,4,909,3
11-9-2019,14.58,Gibraltar,1,11,808,15
24-1-2021,29.43,Bloodhound,2,10,1410,12
12-1-2021,7.75,Bloodhound,4,10,2043,3
30-12-2022,18.74,Wraith,12,13,5064,3
16-3-2021,17.17,Horizon,9,3,1444,1
29-3-2019,11.99,Ash,7,1,661,4
23-6-2021,18.33,Mirage,5,8,2435,11
4-2-2022,27.24,Caustic,9,15,1418,5
6-4-2021,17.15,Mad Maggie,4,8,827,15
5-6-2019,6.99,Mirage,1,7,998,18
11-4-2019,18.81,Crypto,11,10,4479,15
2-8-2022,18.4,Revenant,4,1,880,8
7-6-2022,25.75,Octane,2,6,1399,4
23-10-2022,4.46,Wraith,0,5,609,13
27-12-2020,8.58,Rampart,2,4,1198,7
6-5-2020,2.83,Bloodhound,0,3,521,3
20-6-2022,24.74,Pathfinder,7,9,1546,3
28-12-2020,28.24,Octane,6,2,527,5
30-3-2019,11.13,Lifeline,6,3,1812,7
15-9-2019,1.13,Mirage,16,3,2888,16
13-7-2021,13.66,Mirage,1,7,1311,13
8-6-2022,5.32,Horizon,16,6,2384,10
12-12-2020,19.08,Horizon,10,1,1741,6
4-11-2022,5.21,Bloodhound,0,1,57,19
17-7-2022,23.89,Rampart,8,16,1860,16
14-11-2020,9.43,Pathfinder,0,15,2172,1
8-4-2021,1.71,Gibraltar,11,0,2438,5
25-10-2022,17.79,Pathfinder,4,6,2087,2
8-3-2022,15.1,Horizon,1,1,168,14
10-6-2022,11.14,Ash,2,9,785,16
19-5-2019,19.49,Pathfinder,3,14,2208,6
6-9-2020,0.19,Wraith,1,9,502,19
15-5-2022,3.4,Ash,1,8,841,19
18-9-2022,26.15,Crypto,6,8,1546,13
16-4-2022,14.02,Mad Maggie,1,1,203,7
19-8-2022,18.99,Ash,1,5,1064,4
10-4-2020,7.35,Mad Maggie,9,3,1380,14
5-10-2020,21.17,Wraith,10,3,2066,4
2-12-2021,25.15,Rampart,12,2,2193,19
5-1-2020,8.61,Bloodhound,11,5,2984,1
27-10-2021,11.37,Crypto,1,2,480,9
21-12-2020,18.61,Lifeline,11,1,2596,19
1-8-2020,18.03,Lifeline,4,4,1501,17
14-5-2020,13.89,Ash,13,2,1865,13
7-10-2020,26.59,Mirage,8,10,3153,4
31-3-2019,23.65,Crypto,4,10,1750,19
25-5-2021,8.87,Pathfinder,4,0,800,16
12-1-2021,18.17,Mirage,3,7,1717,7
30-7-2020,24.65,Wraith,7,8,2237,5
11-10-2019,12.43,Mad Maggie,1,1,247,19
1-1-2020,21.6,Bangalore,7,10,2935,19
23-10-2020,28.92,Bangalore,6,4,1881,1
9-6-2021,22.87,Gibraltar,6,3,1751,14
25-11-2019,25.64,Caustic,6,15,2838,20
16-6-2019,4.29,Octane,6,0,669,10
25-3-2019,8.34,Horizon,5,8,1141,16
10-4-2019,5.3,Pathfinder,3,5,798,18
16-5-2022,7.57,Caustic,17,2,1495,15
31-8-2021,16.38,Mad Maggie,6,12,3520,6
1-7-2021,20.91,Ash,2,6,1608,17
17-10-2019,6.65,Ash,7,13,1545,12
12-7-2021,16.25,Pathfinder,1,4,445,12
10-6-2021,2.58,Lifeline,5,5,885,7
17-10-2020,25.8,Wraith,3,13,2273,6
17-9-2021,19.42,Lifeline,2,2,510,18
2-8-2021,9.66,Caustic,3,4,531,14
18-8-2019,4.64,Caustic,4,4,1284,12
25-9-2022,11.91,Caustic,3,5,1343,3
9-5-2019,11.62,Lifeline,8,7,2857,14
14-11-2020,3.27,Pathfinder,15,5,1826,12
26-8-2022,19.66,Mad Maggie,7,1,580,5
21-6-2021,26.47,Wraith,10,18,2910,1
21-10-2021,18.29,Bangalore,14,1,3331,3
25-7-2021,4.26,Lifeline,5,2,1304,20
18-11-2019,8.46,Rampart,0,3,169,15
8-2-2022,20.75,Mad Maggie,8,2,1044,4
27-6-2022,12.08,Caustic,14,16,2361,11
27-10-2021,13.43,Caustic,2,9,984,6
29-7-2019,26.52,Octane,2,2,268,20
27-9-2022,22.8,Wraith,3,6,1485,2
28-9-2021,28.28,Caustic,8,2,1206,4
10-1-2021,11.31,Bloodhound,5,14,1458,4
7-3-2019,21.67,Horizon,2,4,1225,3
5-9-2021,3.99,Mad Maggie,14,7,3457,16
31-1-2022,16.61,Caustic,5,3,1651,7
13-4-2020,26.25,Lifeline,10,5,1861,2
14-10-2022,25.56,Rampart,19,7,4631,12
28-5-2020,6.72,Caustic,17,1,2592,16
15-4-2022,29.39,Horizon,18,4,1853,13
21-4-2021,12.83,Mirage,2,6,867,6
5-1-2020,5.6,Gibraltar,2,2,224,1
9-9-2020,12.69,Octane,1,11,756,16
5-2-2021,22.91,Ash,3,21,3100,3
16-12-2020,2.25,Caustic,7,1,1049,9
15-12-2020,3.5,Mirage,0,4,681,11
6-7-2019,2.09,Wraith,8,8,2178,16
22-1-2020,1.5,Bangalore,1,15,2979,5
16-12-2022,26.57,Wraith,3,3,647,18
5-4-2021,14.63,Horizon,15,9,4878,12
9-3-2022,4.59,Caustic,9,3,1905,18
5-10-2021,20.29,Octane,12,6,3589,13
26-5-2021,17.29,Mirage,5,2,1616,6
21-5-2020,18.87,Gibraltar,5,12,945,6
30-8-2020,25.52,Mad Maggie,5,13,1059,1
10-11-2020,13.49,Pathfinder,2,1,485,11
20-4-2019,2.25,Pathfinder,2,12,2263,10
4-8-2019,16.83,Crypto,15,8,3349,8
11-4-2021,5.85,Mirage,14,8,3476,10
5-5-2021,17.02,Crypto,5,1,556,16
8-3-2020,22.12,Octane,9,16,3862,8
24-8-2020,7.18,Gibraltar,10,1,804,15
27-10-2022,9.46,Octane,5,2,1385,5
31-3-2020,29.84,Bloodhound,6,12,2221,2
25-3-2020,13.88,Octane,5,1,1404,13
25-7-2022,15.74,Mad Maggie,8,1,951,15
3-5-2020,13.66,Revenant,5,3,1352,6
5-8-2019,14.47,Mad Maggie,1,8,1535,10
19-6-2019,23.44,Revenant,2,9,1370,4
4-11-2020,29.26,Mirage,2,13,1956,14
12-2-2019,22.62,Mirage,10,2,1325,20
2-5-2019,25.4,Crypto,2,4,455,6
18-3-2019,19.23,Rampart,6,3,558,9
27-11-2020,3.38,Bloodhound,0,9,1051,15
6-6-2019,1.27,Bangalore,2,0,439,17
18-9-2020,26.74,Gibraltar,10,4,2636,8
30-4-2022,19.11,Crypto,2,5,568,13
2-8-2020,10.3,Crypto,2,1,547,20
11-6-2020,1.47,Pathfinder,0,0,0,15
14-8-2022,29.04,Wraith,10,12,4459,12
20-11-2019,29.32,Bloodhound,10,4,1666,11
23-5-2020,17.44,Crypto,8,2,1432,6
6-1-2021,16.77,Lifeline,14,9,2822,3
31-10-2022,3.31,Ash,1,0,207,9
10-12-2019,0.33,Crypto,0,1,127,4
20-4-2021,22.8,Rampart,17,2,3907,17
29-7-2020,23.91,Bangalore,4,3,848,4
17-6-2020,16.87,Octane,7,1,1015,4
10-10-2019,10.67,Pathfinder,2,4,778,19
9-10-2022,25.24,Wraith,4,3,711,16
2-7-2022,6.42,Wraith,5,7,1837,15
11-6-2020,27.74,Horizon,3,10,1340,7
20-4-2022,24.49,Bloodhound,4,5,1398,9
15-12-2022,19.14,Octane,7,1,1716,8
13-8-2020,19.87,Pathfinder,10,3,2774,2
14-5-2021,9.24,Lifeline,11,7,2563,17
16-7-2020,29.43,Crypto,10,12,3737,8
17-5-2021,13.09,Wraith,7,5,1079,2
20-3-2022,16.07,Bangalore,12,3,3352,18
5-6-2021,1.67,Gibraltar,6,1,875,9
28-6-2022,7.33,Ash,0,8,1199,8
11-5-2022,0.52,Wraith,0,0,0,8
24-12-2022,18.55,Mad Maggie,6,5,2331,5
5-11-2019,23.13,Horizon,2,7,737,10
16-9-2021,19.8,Mirage,11,11,4272,18
1-8-2020,19.21,Revenant,5,4,1690,10
27-12-2022,8.75,Mirage,1,8,814,8
19-3-2020,29.88,Wraith,7,3,2065,15
9-6-2021,21.71,Mirage,13,6,3086,3
11-4-2022,24.41,Crypto,7,8,2529,11
1-3-2022,4.43,Caustic,6,5,611,15
3-8-2022,25.03,Horizon,4,12,2938,2
14-1-2022,23.89,Bangalore,5,2,1300,13
11-2-2020,5.4,Mirage,0,4,205,3
19-12-2019,27.31,Caustic,9,11,2508,3
19-11-2019,5.89,Ash,8,4,1764,3
29-9-2021,18.69,Horizon,2,6,1144,12
14-9-2020,10.95,Caustic,5,13,1974,6
12-8-2022,5.16,Revenant,1,0,87,6
3-2-2022,28.87,Wraith,2,13,1754,14
12-3-2022,14.46,Lifeline,2,3,636,1
20-9-2019,13.33,Rampart,1,18,3599,1
12-8-2021,22.98,Horizon,3,5,721,14
6-9-2019,27.18,Bloodhound,6,2,1050,15
29-5-2022,18.99,Revenant,13,17,3040,9
3-3-2022,28.33,Pathfinder,4,2,395,15
24-4-2020,20.04,Horizon,5,9,2777,6
17-10-2020,5.74,Revenant,16,14,4963,6
28-2-2022,22.95,Gibraltar,3,2,582,12
31-10-2022,29.34,Ash,3,2,372,8
8-9-2021,2.01,Caustic,8,12,1083,3
8-8-2019,8.65,Lifeline,0,0,0,6
4-1-2022,8.94,Pathfinder,7,1,1481,7
19-11-2022,11.1,Caustic,6,2,534,7
17-8-2020,27.49,Horizon,13,11,1638,11
19-7-2021,27.7,Caustic,5,6,1828,16
14-2-2021,1.51,Revenant,0,2,318,7
26-4-2020,8.95,Wraith,12,4,3277,2
26-12-2019,29.42,Gibraltar,9,3,1225,5
17-5-2021,5.96,Gibraltar,9,11,1453,15
15-7-2019,21.57,Gibraltar,3,21,1200,11
18-11-2019,13.96,Lifeline,6,1,864,15
8-3-2021,28.36,Wraith,3,11,1901,17
1-5-2021,23.05,Horizon,7,2,1894,3
9-12-2021,16.57,Octane,3,8,2087,20
22-11-2022,7.34,Caustic,12,1,1847,2
20-6-2020,15.86,Rampart,6,4,626,15
12-5-2020,16.75,Bangalore,12,5,1682,4
27-4-2020,26.44,Bloodhound,5,3,654,16
9-2-2019,21.33,Caustic,14,6,1437,15
1-12-2021,1.16,Octane,12,5,3340,8
9-2-2020,22.69,Rampart,5,8,1676,5
20-8-2022,20.06,Mirage,4,2,708,7
23-3-2022,21.6,Lifeline,10,8,1741,3
8-4-2021,9.72,Bloodhound,7,7,1362,15
30-12-2020,25.99,Gibraltar,14,2,2887,13
23-4-2020,15.74,Ash,2,1,421,14
27-7-2019,20.46,Wraith,3,3,683,14
5-6-2019,22.35,Lifeline,9,14,2989,3
4-9-2021,7.72,Rampart,10,14,1897,9
18-7-2022,19.03,Crypto,9,1,693,7
8-3-2022,10.57,Ash,1,3,568,18
25-8-2019,15.44,Caustic,8,5,2361,20
23-8-2022,19.42,Revenant,1,10,1564,7
2-11-2020,1.04,Lifeline,6,19,4091,16
7-9-2021,7.32,Bangalore,0,8,1447,16
4-3-2020,1.49,Horizon,0,14,2363,17
24-3-2020,2.44,Ash,0,2,278,19
13-12-2020,26.43,Rampart,2,4,645,5
8-7-2022,19.41,Revenant,5,6,1341,4
23-3-2022,5.99,Crypto,0,12,1712,12
14-6-2019,26.68,Ash,6,2,1055,11
4-11-2021,18.91,Rampart,2,2,284,2
26-7-2022,19.69,Mirage,2,5,450,6
15-6-2022,26.02,Rampart,4,8,1131,11
15-12-2021,4.56,Mirage,12,3,2180,11
11-8-2020,25.33,Bangalore,2,14,1659,14
4-5-2019,17.11,Pathfinder,6,7,2550,2
17-8-2022,6.57,Rampart,9,7,2040,15
21-2-2021,10.42,Ash,8,1,1324,8
28-12-2020,7.1,Ash,3,1,875,11
27-9-2022,23.68,Mad Maggie,3,4,484,16
7-4-2021,24.77,Mad Maggie,4,3,684,14
13-12-2020,3.31,Mirage,3,1,699,19
21-6-2021,27.03,Lifeline,3,12,1054,1
1-3-2021,20.44,Caustic,4,10,2702,1
16-12-2021,17.99,Rampart,3,1,587,5
20-7-2019,16.43,Crypto,3,5,527,11
10-7-2020,29.2,Gibraltar,2,7,1488,19
21-11-2020,11.74,Caustic,1,9,1415,20
14-8-2022,18.69,Revenant,3,3,972,5
16-8-2019,12.98,Rampart,5,6,1833,13
10-3-2020,3.0,Gibraltar,4,0,773,19
27-4-2019,22.35,Rampart,3,3,960,20
1-7-2021,16.46,Gibraltar,15,2,3129,19
27-6-2021,13.56,Lifeline,1,2,572,3
7-12-2019,3.64,Revenant,0,8,471,8
1-6-2021,0.69,Crypto,16,5,1903,2
10-8-2019,22.35,Lifeline,2,8,1072,8
31-3-2021,13.14,Mad Maggie,10,2,1187,15
9-2-2022,2.16,Bloodhound,4,7,690,3
19-7-2019,11.02,Lifeline,18,5,2165,11
29-5-2020,6.71,Crypto,8,1,538,10
6-8-2019,16.99,Gibraltar,1,4,522,19
16-6-2020,14.68,Pathfinder,1,2,164,9
31-8-2020,17.48,Crypto,5,6,2163,18
29-12-2022,24.86,Wraith,4,3,620,19
23-2-2022,4.35,Mad Maggie,7,1,1170,1
25-11-2019,21.4,Octane,2,6,897,1
27-4-2021,25.77,Bloodhound,12,3,3053,13
30-1-2020,4.88,Bloodhound,7,11,2838,3
6-8-2020,6.22,Pathfinder,6,1,1196,19
7-6-2020,6.8,Gibraltar,0,5,601,13
5-4-2020,29.44,Revenant,4,7,1436,20
7-1-2021,28.81,Mirage,2,10,1397,15
23-10-2021,23.18,Bloodhound,2,6,947,4
6-1-2020,9.09,Horizon,11,15,4239,15
28-11-2021,12.24,Revenant,11,17,5770,1
19-3-2019,4.0,Revenant,5,0,1185,11
26-6-2020,1.28,Crypto,12,4,1530,8
10-4-2021,27.21,Gibraltar,3,8,2236,8
30-3-2019,7.81,Wraith,0,12,2170,13
8-3-2019,23.47,Revenant,13,3,1926,14
2-3-2019,22.08,Ash,5,2,640,2
20-7-2020,7.24,Mirage,2,7,1449,10
12-4-2022,15.85,Lifeline,1,14,2858,10
11-2-2021,13.9,Caustic,3,3,1243,16
4-6-2022,7.9,Crypto,5,12,2848,18
27-2-2020,15.93,Lifeline,7,2,829,1
7-8-2021,10.34,Ash,1,7,1250,9
6-8-2020,29.43,Bangalore,12,6,3875,9
22-4-2022,5.16,Octane,0,0,0,6
8-7-2019,14.0,Bloodhound,10,11,3775,2
17-1-2022,9.41,Horizon,10,4,896,1
10-2-2021,16.21,Octane,4,3,1136,12
28-7-2022,23.72,Pathfinder,17,4,2688,5
26-9-2021,18.15,Pathfinder,10,7,2186,18
27-12-2022,14.23,Mirage,9,14,4604,7
31-12-2019,14.96,Caustic,3,1,528,15
7-12-2019,9.38,Wraith,7,8,2036,15
18-12-2019,27.41,Crypto,2,4,718,10
27-11-2021,20.61,Wraith,13,3,3562,10
27-2-2020,29.85,Pathfinder,2,4,935,19
11-12-2019,19.59,Mirage,10,11,1148,17
19-4-2021,21.0,Octane,3,9,1327,15
23-6-2020,17.92,Bangalore,14,3,3300,1
9-9-2020,11.74,Mirage,4,7,1073,5
14-7-2020,16.74,Gibraltar,4,2,604,5
24-6-2021,25.89,Gibraltar,6,4,1815,13
10-5-2021,3.11,Mirage,10,13,2722,5
18-8-2020,18.82,Horizon,2,14,2006,11
17-6-2022,23.83,Caustic,8,6,2610,3
9-8-2022,12.95,Gibraltar,4,11,2614,9
27-5-2019,17.37,Mirage,11,3,2175,10
11-8-2022,24.35,Mirage,2,2,643,2
2-6-2019,26.14,Bangalore,4,5,1600,17
31-10-2020,12.06,Horizon,2,13,995,18
9-12-2020,11.36,Octane,1,1,260,3
6-4-2021,26.77,Bangalore,13,3,2752,3
25-3-2021,26.48,Crypto,2,2,517,8
12-11-2022,24.85,Ash,8,13,2819,14
5-6-2019,6.06,Pathfinder,11,4,2871,16
27-3-2019,20.18,Ash,2,3,887,19
4-10-2019,28.36,Mirage,4,2,607,14
18-12-2019,16.02,Caustic,6,13,1378,9
26-10-2022,20.2,Bangalore,4,5,549,13
13-1-2020,19.93,Mad Maggie,2,2,549,4
2-1-2022,9.73,Horizon,2,9,857,3
9-9-2020,6.78,Mirage,3,3,473,13
29-4-2019,25.1,Octane,2,4,1021,11
14-2-2019,22.28,Mad Maggie,16,11,3679,4
27-12-2020,24.92,Horizon,14,4,2083,17
2-2-2021,11.74,Pathfinder,10,15,3902,6
3-10-2022,24.87,Pathfinder,5,4,625,15
6-12-2022,26.28,Horizon,3,2,1045,2
26-11-2022,3.87,Ash,1,6,949,3
11-1-2021,15.83,Horizon,2,7,981,2
2-2-2021,12.92,Mad Maggie,4,12,2983,9
15-7-2019,9.71,Mad Maggie,5,9,2104,17
7-2-2022,12.97,Crypto,2,3,744,13
22-11-2020,9.52,Pathfinder,0,16,1451,4
18-8-2021,12.36,Bloodhound,1,7,1234,2
27-10-2020,16.66,Horizon,8,8,2931,6
28-10-2019,14.23,Horizon,2,7,642,8
20-10-2021,29.73,Bangalore,2,15,1231,6
15-8-2019,4.12,Ash,0,1,77,13
5-11-2022,15.05,Crypto,1,6,888,16
29-9-2020,29.95,Octane,9,16,2598,3
23-7-2022,26.96,Caustic,12,12,3573,8
20-9-2021,16.39,Revenant,4,1,741,9
3-4-2019,23.68,Mad Maggie,2,6,1430,2
12-5-2021,20.91,Pathfinder,17,4,3867,6
30-6-2020,11.32,Ash,1,3,658,13
4-3-2020,9.73,Mirage,4,2,503,19
2-6-2020,15.7,Crypto,8,3,1681,19
13-10-2020,1.71,Gibraltar,10,2,1780,5
23-2-2021,12.18,Gibraltar,5,5,1738,1
16-3-2019,2.58,Revenant,1,14,1709,14
25-3-2020,9.42,Wraith,4,1,361,15
11-12-2019,10.2,Crypto,13,5,1220,12
21-2-2022,18.09,Bloodhound,7,3,1174,16
31-10-2022,10.24,Pathfinder,3,3,662,1
26-1-2022,27.84,Ash,11,4,1462,3
19-5-2021,15.77,Octane,1,19,1007,4
31-5-2019,8.95,Lifeline,4,0,693,19
1-8-2022,4.42,Mad Maggie,14,5,4333,6
26-12-2021,20.53,Mad Maggie,3,18,3666,20
13-4-2021,1.25,Rampart,1,8,521,15
6-6-2020,6.97,Gibraltar,9,0,769,14
12-4-2021,4.59,Caustic,7,10,3003,6
12-5-2021,7.72,Ash,0,12,1935,1
13-10-2021,19.1,Lifeline,2,5,791,18
20-7-2021,15.65,Wraith,4,2,403,14
27-7-2019,8.96,Mad Maggie,1,2,511,7
28-8-2020,12.57,Gibraltar,2,8,1061,13
3-1-2022,24.23,Caustic,3,9,1090,7
3-6-2022,20.61,Horizon,12,7,3940,11
17-3-2021,28.18,Mad Maggie,21,3,3145,1
16-7-2020,18.64,Lifeline,9,7,1337,12
5-2-2022,28.83,Wraith,6,6,2199,3
11-4-2022,29.77,Mad Maggie,2,4,1013,8
28-11-2022,27.7,Caustic,11,2,2929,15
10-7-2021,25.71,Bangalore,10,10,1339,19
22-8-2021,16.25,Caustic,10,2,1492,18
27-3-2020,24.96,Lifeline,11,2,2078,6
24-5-2021,4.97,Crypto,5,0,1140,16
26-10-2019,17.4,Bangalore,17,8,2480,6
20-7-2022,23.29,Pathfinder,5,3,1114,11
29-3-2022,28.23,Gibraltar,13,5,1391,17
3-8-2019,13.31,Pathfinder,11,2,761,2
14-11-2020,3.63,Revenant,3,17,3764,7
22-11-2020,29.7,Octane,2,4,915,17
15-2-2022,11.19,Bloodhound,1,16,2223,11
30-11-2022,23.07,Wraith,2,10,2001,11
10-4-2020,14.79,Lifeline,4,3,1008,11
20-7-2019,1.21,Gibraltar,7,1,808,16
17-4-2021,28.46,Wraith,2,3,849,16
1-9-2021,7.85,Gibraltar,14,6,4325,7
23-7-2020,20.26,Ash,8,2,2305,5
28-4-2020,27.95,Horizon,2,3,719,11
13-7-2020,28.77,Gibraltar,8,10,2094,10
10-11-2022,11.83,Rampart,3,5,878,18
12-3-2019,25.89,Bangalore,10,5,1173,9
8-6-2019,26.34,Rampart,6,5,975,7
17-8-2022,23.4,Crypto,8,3,1551,12
10-1-2021,13.19,Gibraltar,13,10,3118,1
10-3-2020,15.4,Crypto,5,2,1412,19
26-10-2019,7.92,Pathfinder,9,11,2440,5
25-10-2019,4.2,Caustic,6,0,1164,12
17-8-2020,25.0,Mirage,2,3,410,7
3-8-2021,10.77,Rampart,1,2,521,11
29-12-2020,25.99,Crypto,2,5,737,11
21-10-2019,12.49,Crypto,2,12,2014,2
1-7-2019,28.21,Ash,10,9,1105,16
3-3-2021,2.94,Mad Maggie,0,2,303,11
8-3-2019,8.18,Lifeline,15,1,3178,13
21-3-2021,1.8,Revenant,2,17,2289,19
1-5-2022,3.46,Crypto,0,6,707,20
2-5-2021,27.74,Gibraltar,15,11,2707,5
12-6-2019,15.51,Horizon,4,1,673,13
12-9-2022,4.95,Octane,11,0,1393,11
28-2-2022,28.19,Horizon,2,5,451,14
17-12-2020,19.78,Gibraltar,1,2,170,3
18-3-2021,23.79,Pathfinder,3,7,1725,18
27-2-2019,17.3,Gibraltar,2,16,2354,16
6-11-2020,3.77,Wraith,1,2,230,1
7-10-2020,21.63,Revenant,3,20,3072,5
1-4-2020,7.85,Crypto,1,4,617,9
25-3-2021,12.01,Crypto,2,2,789,1
15-4-2019,29.41,Pathfinder,2,3,741,20
21-4-2022,7.44,Horizon,9,1,2334,14
27-9-2019,9.49,Horizon,6,0,815,16
1-9-2020,12.42,Lifeline,6,6,1954,2
16-4-2021,27.89,Bangalore,5,5,1215,1
13-1-2022,7.76,Pathfinder,0,0,0,6
24-11-2022,9.25,Crypto,9,18,3770,14
7-11-2020,5.84,Caustic,6,6,1280,18
30-9-2021,5.63,Bloodhound,5,2,1554,4
15-3-2020,27.46,Gibraltar,8,3,1062,6
17-3-2020,21.8,Horizon,2,6,1457,12
28-11-2021,4.1,Wraith,1,2,181,7
24-9-2021,2.12,Gibraltar,3,11,2366,2
13-3-2021,4.84,Horizon,6,1,670,8
12-8-2022,5.55,Caustic,0,3,366,3
5-8-2021,22.37,Mad Maggie,2,11,1324,14
16-8-2021,13.69,Horizon,9,5,1346,13
20-4-2022,21.21,Wraith,7,10,2547,6
5-2-2022,26.5,Gibraltar,4,6,1603,13
19-3-2021,16.0,Octane,2,18,2626,13
11-2-2021,24.02,Horizon,8,4,2631,6
24-8-2021,11.54,Bangalore,1,2,365,13
11-3-2019,28.96,Horizon,6,6,718,13
22-7-2021,18.01,Crypto,15,2,3954,3
5-7-2020,11.22,Mad Maggie,3,3,1017,19
28-2-2021,16.53,Wraith,6,20,2839,9
14-12-2021,1.61,Wraith,5,2,579,16
8-12-2019,15.29,Bloodhound,11,4,1396,1
15-2-2022,17.25,Revenant,1,10,1150,4
20-12-2022,3.65,Crypto,6,13,1673,1
26-7-2022,6.59,Pathfinder,3,3,642,9
10-8-2021,25.47,Bloodhound,4,9,1978,18
1-2-2022,5.43,Mad Maggie,1,5,962,9
10-11-2021,28.78,Horizon,4,6,1098,15
25-4-2021,28.69,Crypto,2,8,967,10
5-11-2021,5.62,Bangalore,0,2,130,7
12-7-2022,15.58,Ash,5,1,521,12
15-4-2022,21.97,Pathfinder,20,7,4880,5
25-2-2022,29.97,Caustic,19,3,2213,20
17-2-2019,20.13,Horizon,2,19,2574,14
29-10-2022,18.14,Wraith,12,15,2622,13
4-10-2022,3.85,Crypto,9,6,2595,2
28-12-2021,26.18,Horizon,8,4,1080,5
30-8-2022,5.77,Wraith,9,6,2476,16
11-2-2019,6.48,Crypto,1,1,313,8
23-11-2019,20.85,Bangalore,18,4,2117,6
18-3-2022,11.99,Mad Maggie,2,12,2068,4
15-10-2021,5.07,Mad Maggie,10,8,2211,11
11-2-2020,7.59,Bangalore,7,3,1095,14
31-10-2022,10.58,Ash,1,2,315,8
14-12-2019,28.06,Horizon,6,9,3024,9
29-7-2021,12.47,Octane,1,5,1129,3
26-12-2019,22.94,Mad Maggie,5,9,2373,7
23-9-2021,0.35,Crypto,12,0,2281,7
30-10-2022,18.64,Crypto,11,10,3405,9
9-7-2019,17.23,Bloodhound,7,2,522,7
3-12-2019,21.37,Bangalore,6,2,1450,14
6-7-2020,10.81,Mad Maggie,6,5,1586,7
19-2-2019,24.85,Ash,3,5,1698,15
20-4-2021,12.96,Crypto,3,1,745,14
16-6-2020,20.06,Rampart,3,3,915,3
20-2-2019,1.77,Lifeline,6,0,1177,15
10-3-2020,2.03,Caustic,11,5,2605,5
29-10-2021,29.35,Horizon,7,3,1461,1
23-5-2019,15.12,Mirage,8,12,1275,5
17-3-2020,29.68,Revenant,4,3,863,1
16-7-2022,23.45,Crypto,2,21,3523,7
17-5-2019,1.03,Lifeline,9,0,555,17
19-12-2019,28.65,Horizon,8,2,1386,3
31-3-2022,3.25,Ash,5,1,451,18
15-6-2021,2.76,Caustic,14,0,1698,18
9-10-2022,0.34,Caustic,0,3,536,15
12-1-2021,19.34,Bloodhound,9,10,2057,4
24-2-2021,20.37,Horizon,8,2,1488,17
29-10-2019,7.75,Wraith,0,10,496,10
3-5-2019,13.67,Mirage,7,6,2398,10
14-3-2021,21.93,Revenant,4,6,902,14
13-6-2021,2.23,Ash,15,1,2480,15
26-6-2022,16.38,Gibraltar,5,5,1284,11
5-3-2022,28.74,Horizon,2,3,443,2
23-2-2019,18.24,Wraith,2,9,1917,8
5-6-2022,24.43,Gibraltar,6,11,956,6
21-2-2020,2.61,Lifeline,4,10,1377,4
6-3-2020,29.63,Mad Maggie,2,15,2088,17
19-1-2022,0.83,Ash,2,5,628,13
18-7-2019,17.96,Rampart,9,3,1742,2
27-4-2022,9.35,Bloodhound,10,14,2271,15
29-9-2020,3.91,Ash,0,7,996,11
17-10-2019,12.83,Crypto,3,4,861,9
22-12-2020,26.06,Mad Maggie,12,2,2617,2
19-8-2020,3.97,Wraith,0,12,1232,4
10-3-2019,13.36,Bloodhound,17,11,3120,18
11-3-2019,15.37,Bangalore,3,11,1245,3
13-12-2020,22.14,Gibraltar,3,12,2847,12
8-2-2021,17.02,Wraith,4,2,1298,9
11-8-2019,10.93,Horizon,9,5,2574,13
16-1-2020,23.75,Mad Maggie,3,5,518,6
1-8-2021,15.77,Lifeline,1,3,753,3
7-11-2019,26.2,Lifeline,7,12,1006,20
23-1-2020,16.58,Mad Maggie,1,8,1496,13
8-9-2022,1.22,Horizon,5,8,1184,5
4-5-2019,5.81,Bloodhound,4,3,1013,3
29-3-2021,27.08,Mirage,4,6,1302,11
3-11-2022,15.36,Octane,4,3,1017,9
5-7-2019,5.85,Pathfinder,0,8,492,17
4-9-2019,6.29,Crypto,4,10,2226,8
31-7-2019,27.47,Revenant,2,7,1268,2
29-10-2021,7.29,Octane,12,0,2728,3
1-2-2020,21.46,Bloodhound,10,3,1789,2
24-1-2021,23.23,Rampart,9,2,1495,9
21-3-2020,2.63,Revenant,2,9,1919,19
20-9-2022,5.56,Horizon,2,0,297,20
22-7-2021,15.21,Pathfinder,7,13,2840,6
6-1-2020,6.47,Lifeline,8,0,1732,4
1-11-2021,7.14,Horizon,0,0,0,19
1-8-2022,8.14,Octane,0,7,1180,2
10-12-2019,19.18,Rampart,1,2,516,14
9-9-2020,7.2,Gibraltar,2,2,639,7
18-7-2022,26.49,Crypto,5,6,1144,4
4-12-2021,21.33,Horizon,3,8,1411,6
22-3-2020,6.26,Bangalore,0,6,876,2
31-5-2020,1.59,Octane,6,3,1244,3
5-9-2020,2.32,Pathfinder,0,11,1637,3
11-7-2022,29.19,Ash,9,16,3592,15
7-2-2022,0.53,Bloodhound,3,19,1462,19
1-6-2019,19.6,Caustic,6,8,1598,16
15-6-2020,24.82,Gibraltar,9,3,2729,11
8-1-2022,2.35,Gibraltar,0,18,2749,4
9-2-2022,0.08,Bangalore,0,1,114,4
29-3-2019,18.37,Wraith,5,4,1808,6
30-4-2019,21.93,Caustic,4,12,1772,20
27-11-2022,10.15,Gibraltar,7,14,1712,13
2-3-2022,17.89,Gibraltar,10,3,2138,14
4-7-2021,18.86,Revenant,10,18,4535,16
10-9-2022,0.33,Bloodhound,3,8,1969,7
15-9-2022,5.31,Mad Maggie,11,0,928,20
12-2-2022,0.16,Bangalore,16,0,3149,13
23-4-2020,5.1,Lifeline,2,11,788,16
14-1-2022,22.54,Caustic,6,7,2074,7
23-5-2020,15.08,Mirage,3,10,2428,8
19-2-2020,18.36,Crypto,2,17,2345,10
10-7-2021,12.34,Bangalore,3,2,832,16
11-2-2021,21.5,Rampart,5,2,468,12
13-7-2022,25.42,Gibraltar,17,2,4121,14
1-6-2019,5.76,Bloodhound,9,4,1780,20
19-12-2020,18.25,Caustic,2,4,335,1
6-9-2019,21.08,Lifeline,8,7,2189,13
4-5-2021,24.71,Rampart,7,2,1759,7
30-9-2020,10.65,Bloodhound,9,5,2666,13
4-11-2019,5.59,Gibraltar,0,12,1283,12
3-12-2022,4.7,Gibraltar,2,4,1234,20
30-6-2020,1.72,Caustic,1,6,456,2
2-5-2021,28.63,Wraith,2,3,926,18
24-2-2019,6.34,Caustic,3,5,1668,12
19-12-2021,1.48,Revenant,6,7,2443,14
14-11-2021,4.68,Wraith,2,2,654,6
2-11-2019,9.62,Lifeline,0,1,126,6
8-11-2021,3.98,Ash,2,3,285,19
17-6-2019,10.04,Mirage,1,3,257,11
21-10-2021,2.84,Bloodhound,0,4,585,7
24-10-2022,16.67,Mirage,4,5,1810,1
23-11-2022,27.77,Revenant,13,16,5044,12
9-3-2020,4.28,Crypto,0,10,1127,15
27-1-2021,17.14,Wraith,14,1,2761,11
17-1-2020,8.92,Bloodhound,0,1,179,7
20-6-2022,5.48,Ash,12,2,2457,13
27-9-2022,6.46,Bangalore,2,1,243,20
3-7-2021,10.39,Mad Maggie,10,9,3392,3
10-2-2019,21.23,Mad Maggie,6,3,862,14
12-5-2021,15.68,Octane,8,6,1573,19
10-8-2019,15.6,Horizon,1,8,1343,13
29-3-2020,2.67,Caustic,15,7,1324,9
2-9-2020,25.02,Ash,2,4,863,11
17-4-2021,5.49,Mirage,3,16,3366,9
31-5-2021,5.95,Caustic,0,0,0,13
27-2-2022,15.88,Gibraltar,1,4,410,9
4-10-2019,23.26,Wraith,3,4,960,13
15-5-2022,3.68,Lifeline,4,0,610,10
5-11-2021,9.76,Mad Maggie,2,0,276,2
25-10-2022,17.5,Octane,8,7,2361,4
25-10-2019,15.6,Mad Maggie,9,8,2146,4
16-4-2022,15.51,Gibraltar,6,7,1562,9
21-2-2022,25.15,Pathfinder,12,4,3061,12
3-2-2021,27.8,Mirage,6,11,1902,13
15-5-2020,18.72,Lifeline,9,5,2687,20
19-11-2021,16.11,Ash,8,2,1776,18
31-5-2021,25.96,Pathfinder,4,13,1824,11
2-3-2020,6.28,Wraith,10,0,656,4
26-1-2021,16.05,Gibraltar,2,2,389,13
5-12-2022,6.35,Revenant,11,15,5306,4
14-3-2019,11.71,Gibraltar,1,4,831,16
4-10-2021,21.96,Horizon,8,3,753,7
2-5-2022,19.7,Octane,5,3,546,14
17-10-2020,23.65,Ash,8,2,1912,19
8-8-2020,2.21,Gibraltar,2,2,870,10
27-5-2022,4.02,Ash,4,10,1588,11
27-9-2021,11.16,Mad Maggie,1,15,1244,14
22-2-2021,18.0,Wraith,1,6,843,6
10-1-2021,3.4,Rampart,11,1,2403,5
10-8-2020,23.08,Horizon,13,15,2987,5
3-11-2022,29.57,Mad Maggie,6,6,737,16
23-3-2019,2.67,Mad Maggie,0,8,430,15
14-11-2020,2.79,Wraith,5,5,1508,9
21-10-2020,20.98,Gibraltar,2,3,617,15
3-10-2021,29.75,Bloodhound,5,2,476,17
4-1-2020,15.44,Crypto,2,6,561,3
28-1-2020,9.25,Mirage,2,4,862,15
20-5-2022,26.4,Lifeline,3,13,2746,16
22-8-2019,7.55,Bloodhound,6,1,1069,6
6-6-2020,24.08,Crypto,4,12,2015,9
21-11-2020,10.64,Crypto,1,4,933,7
12-8-2019,27.46,Mad Maggie,2,2,391,4
11-11-2020,28.1,Bangalore,6,4,2117,7
28-4-2020,11.08,Crypto,2,20,2721,3
23-3-2021,13.26,Bloodhound,3,10,1854,20
25-12-2020,5.1,Octane,17,2,3195,8
19-2-2021,16.73,Crypto,9,1,714,8
29-7-2020,4.58,Horizon,12,7,3475,8
23-8-2021,11.71,Octane,3,1,816,7
18-9-2022,15.91,Bangalore,2,3,278,16
27-9-2020,25.71,Revenant,2,5,1298,6
15-11-2019,23.15,Revenant,4,14,3603,10
2-3-2019,21.62,Caustic,15,7,3992,7
20-1-2021,12.58,Bangalore,2,11,1391,18
7-1-2020,2.58,Horizon,17,2,3102,4
23-6-2022,6.16,Lifeline,9,8,3038,2
15-2-2020,8.61,Mad Maggie,1,14,1503,2
4-8-2020,13.75,Mad Maggie,1,1,141,15
1-12-2020,25.91,Mad Maggie,5,13,1536,17
20-1-2021,8.06,Pathfinder,4,6,2018,11
27-6-2019,18.63,Lifeline,8,8,2975,10
15-7-2021,24.88,Ash,7,7,1412,2
22-6-2020,22.66,Gibraltar,3,11,1878,3
14-4-2021,1.16,Wraith,1,7,1470,8
20-11-2020,24.57,Wraith,2,5,1358,6
5-6-2019,5.48,Revenant,1,8,1005,12
2-11-2022,8.98,Rampart,9,3,788,14
30-10-2019,12.55,Mirage,14,7,1229,9
9-7-2021,13.05,Revenant,5,2,408,17
10-3-2019,8.17,Crypto,0,4,199,6
25-12-2020,23.11,Crypto,3,7,1803,18
21-4-2019,13.38,Rampart,4,3,449,18
28-8-2020,3.92,Revenant,6,1,1572,14
13-7-2020,23.18,Lifeline,4,7,2249,7
25-10-2022,18.78,Gibraltar,11,7,1569,16
28-7-2019,21.5,Lifeline,5,3,1734,11
26-6-2019,20.03,Horizon,6,3,808,5
24-4-2022,0.93,Crypto,5,11,2613,11
7-8-2020,29.67,Horizon,4,2,337,20
13-6-2022,14.42,Revenant,8,12,3339,5
1-12-2022,16.31,Bangalore,3,12,1345,20
17-3-2020,13.58,Bloodhound,1,7,1127,7
24-7-2020,23.59,Ash,9,3,2566,6
5-5-2022,15.03,Mirage,18,12,2172,5
28-11-2019,0.99,Ash,0,4,229,13
28-2-2021,20.13,Pathfinder,6,6,2485,1
15-4-2021,18.69,Crypto,9,1,800,10
31-10-2021,15.06,Revenant,11,8,2336,4
2-3-2021,6.76,Bangalore,1,0,78,6
3-11-2022,17.5,Bangalore,7,1,1262,5
19-11-2019,22.7,Crypto,5,2,403,7
20-7-2021,28.86,Bloodhound,7,3,1342,18
21-8-2021,20.59,Gibraltar,18,6,4286,9
4-2-2021,24.76,Mirage,4,2,634,7
10-7-2022,17.63,Ash,2,13,1329,17
16-4-2022,26.92,Wraith,10,2,841,7
8-11-2020,19.49,Octane,7,3,1624,17
24-11-2021,0.31,Pathfinder,11,0,1488,8
22-11-2019,24.9,Revenant,4,4,1677,5
8-12-2019,27.4,Wraith,2,3,655,16
17-12-2019,20.48,Bloodhound,5,8,2159,19
29-8-2020,13.25,Mad Maggie,13,15,2593,3
4-3-2021,21.42,Octane,10,13,4633,11
11-7-2021,25.97,Caustic,6,2,1448,16
29-3-2022,24.53,Crypto,3,8,2120,11
26-8-2021,1.13,Wraith,13,2,1409,16
9-9-2021,23.58,Rampart,5,17,3372,20
13-8-2021,1.36,Crypto,9,0,1207,10
25-5-2022,8.32,Horizon,5,2,727,12
14-10-2021,18.67,Wraith,6,11,3460,20
18-5-2021,22.38,Mirage,11,16,4264,1
18-2-2022,21.05,Wraith,21,8,5893,12
9-7-2022,17.51,Caustic,15,10,4726,2
19-11-2019,7.08,Mirage,7,3,873,18
8-4-2022,26.96,Gibraltar,12,3,2192,12
15-10-2022,6.22,Mad Maggie,0,11,894,9
20-11-2019,3.77,Mad Maggie,2,0,438,20
18-6-2022,4.39,Octane,4,2,781,8
4-6-2021,8.29,Wraith,4,3,1132,15
25-7-2021,17.13,Lifeline,2,12,1606,12
18-10-2022,18.28,Caustic,15,1,1443,10
2-12-2022,18.98,Mad Maggie,12,2,2007,4
18-5-2019,16.64,Gibraltar,1,3,505,8
17-5-2022,18.73,Bloodhound,4,4,1502,18
18-11-2019,21.08,Octane,3,3,884,4
23-6-2019,7.46,Ash,0,3,180,4
20-7-2021,14.27,Mirage,3,1,542,2
22-9-2022,7.59,Horizon,3,3,815,9
20-10-2022,1.65,Pathfinder,2,2,664,3
22-5-2022,11.02,Bangalore,9,10,2432,11
11-11-2021,8.16,Bangalore,10,1,1528,3
20-12-2022,10.47,Rampart,3,4,753,17
13-9-2022,21.51,Revenant,5,6,1845,12
22-4-2019,4.75,Pathfinder,1,11,1437,10
10-5-2021,16.89,Octane,9,6,1027,5
8-8-2019,12.96,Octane,8,5,2251,17
3-7-2019,1.23,Horizon,3,1,475,19
13-8-2022,1.23,Pathfinder,9,3,2356,20
8-5-2019,25.07,Horizon,9,6,1602,14
18-8-2020,22.73,Rampart,5,3,1074,14
16-10-2019,12.89,Pathfinder,1,12,1072,11
26-4-2019,9.32,Revenant,14,1,2239,5
14-5-2019,11.36,Revenant,8,3,1990,19
16-5-2019,0.61,Horizon,9,7,1013,19
2-7-2021,23.93,Gibraltar,2,4,438,16
1-12-2020,23.25,Wraith,12,5,3135,17
24-8-2021,17.8,Wraith,1,2,275,6
12-6-2020,13.75,Rampart,2,2,649,11
23-8-2022,17.27,Wraith,11,8,4013,4
26-8-2020,3.58,Bloodhound,3,1,524,18
26-3-2019,7.34,Lifeline,3,16,2043,11
17-4-2019,16.27,Pathfinder,6,19,3688,13
5-11-2022,22.45,Octane,4,2,906,14
4-6-2019,21.76,Bloodhound,2,5,1110,1
8-8-2022,15.33,Lifeline,7,4,1737,11
3-5-2020,14.64,Bangalore,3,14,2183,12
5-8-2021,18.1,Wraith,9,3,2567,11
11-5-2021,9.45,Mad Maggie,0,4,710,20
25-4-2020,9.59,Horizon,8,0,1296,18
25-10-2020,21.73,Lifeline,5,2,1237,11
26-2-2019,20.33,Caustic,14,11,1999,11
26-3-2021,7.76,Caustic,14,4,1048,18
3-5-2020,0.55,Caustic,1,3,450,14
20-2-2019,6.31,Ash,7,1,674,19
9-8-2021,20.75,Mad Maggie,4,9,1754,7
23-3-2020,16.89,Ash,1,6,425,12
18-9-2021,21.88,Revenant,17,6,4734,7
6-1-2021,3.99,Bangalore,0,7,750,16
10-3-2022,16.42,Caustic,10,1,866,16
20-9-2019,12.88,Lifeline,11,1,978,5
6-7-2022,20.62,Caustic,3,5,1650,10
9-5-2021,23.92,Ash,4,4,1507,16
19-10-2022,7.84,Octane,5,1,502,1
18-3-2022,6.88,Revenant,16,10,3322,4
8-9-2019,9.14,Revenant,16,7,3694,18
3-12-2021,28.19,Lifeline,3,3,621,3
23-8-2019,8.92,Gibraltar,3,8,1128,11
18-7-2022,10.44,Lifeline,3,2,510,19
4-12-2022,10.11,Revenant,4,1,788,2
21-12-2021,0.55,Rampart,6,13,1819,6
12-9-2022,27.12,Horizon,8,8,2138,18
1-12-2022,19.87,Octane,12,2,1066,3
13-9-2020,24.81,Gibraltar,10,7,3495,6
10-4-2020,13.99,Lifeline,1,1,232,1
14-8-2022,7.43,Mad Maggie,1,1,203,16
12-9-2020,3.03,Pathfinder,7,9,2615,7
11-8-2020,0.3,Lifeline,4,6,1592,16
5-9-2021,18.42,Ash,8,4,2640,2
29-10-2022,19.13,Pathfinder,3,8,1968,5
2-6-2021,7.42,Horizon,5,16,3165,6
8-11-2019,7.85,Ash,2,16,954,7
11-4-2021,22.09,Mad Maggie,5,2,1461,18
20-3-2022,9.88,Bangalore,2,2,469,3
10-2-2022,26.89,Gibraltar,7,4,1660,19
8-11-2021,12.02,Rampart,5,9,1916,16
5-11-2021,15.86,Caustic,14,13,1906,1
16-12-2020,13.66,Mirage,5,4,1182,2
24-4-2019,2.67,Gibraltar,0,0,0,18
8-1-2020,4.96,Crypto,15,3,2527,16
10-7-2020,11.54,Lifeline,14,5,2394,6
4-1-2020,14.98,Horizon,10,3,1365,3
5-5-2020,18.02,Rampart,2,2,828,13
23-12-2019,0.87,Rampart,7,4,1515,20
19-5-2020,20.66,Ash,5,3,901,4
6-4-2022,3.75,Wraith,10,5,2196,10
20-9-2020,26.44,Bangalore,2,6,477,6
16-3-2020,11.3,Octane,2,10,1963,3
6-5-2021,20.44,Mad Maggie,11,3,2190,19
9-5-2019,18.96,Rampart,11,13,2831,9
3-4-2021,8.71,Lifeline,4,2,839,18
21-11-2021,0.62,Mad Maggie,1,0,151,1
22-12-2020,1.33,Bloodhound,0,8,1482,2
26-3-2019,20.69,Horizon,3,14,2974,9
8-8-2022,27.14,Mad Maggie,6,9,2612,1
13-12-2020,19.63,Horizon,5,5,1677,8
25-8-2019,27.08,Mad Maggie,16,9,2755,6
23-3-2020,15.65,Pathfinder,4,8,1026,15
18-8-2021,13.51,Mirage,2,1,632,7
12-10-2021,24.83,Mad Maggie,9,8,3120,1
22-4-2021,7.31,Mad Maggie,3,0,371,4
4-3-2019,15.78,Pathfinder,2,2,780,4
1-4-2020,15.1,Mad Maggie,11,1,2208,8
8-6-2022,24.36,Gibraltar,5,14,1504,1
1-3-2021,10.17,Caustic,7,1,1847,1
12-5-2019,15.3,Gibraltar,2,2,582,20
28-7-2021,14.93,Bangalore,12,1,975,13
12-3-2021,0.43,Ash,4,3,858,18
15-2-2021,7.45,Rampart,3,4,1360,14
28-2-2021,12.67,Ash,3,8,1823,1
9-9-2020,6.31,Lifeline,0,0,0,17
8-11-2020,5.69,Bangalore,2,10,1512,10
22-3-2020,16.42,Octane,13,6,1965,4
13-9-2022,17.87,Mad Maggie,1,3,412,20
6-8-2022,24.41,Rampart,2,11,1229,8
20-4-2020,6.27,Rampart,6,4,1551,16
6-9-2020,1.38,Lifeline,2,8,1424,11
15-12-2021,1.92,Crypto,11,9,2593,8
9-1-2021,18.8,Octane,6,8,2253,9
25-9-2021,8.35,Wraith,4,0,484,6
30-6-2021,2.3,Rampart,5,1,1251,11
10-10-2021,1.04,Bangalore,2,0,163,1
13-2-2020,10.34,Ash,6,2,526,9
10-1-2020,21.21,Bangalore,2,12,962,18
11-6-2020,9.96,Rampart,2,4,1036,20
26-10-2021,8.76,Wraith,4,0,799,18
6-7-2022,13.36,Bloodhound,1,19,1093,6
15-5-2019,8.24,Horizon,12,6,1344,8
18-9-2020,29.33,Bloodhound,11,2,885,14
15-3-2022,25.14,Caustic,8,9,2724,3
14-6-2019,0.6,Ash,13,2,2825,16
7-1-2020,21.36,Mad Maggie,5,5,806,19
12-10-2020,5.72,Caustic,13,9,4190,2
22-7-2022,19.26,Crypto,4,3,1347,13
29-8-2019,25.98,Caustic,20,2,3507,20
4-3-2021,3.1,Lifeline,7,11,2144,19
12-12-2021,27.67,Bloodhound,6,13,3240,9
3-3-2021,19.4,Bloodhound,4,3,608,7
11-11-2019,10.38,Mad Maggie,17,2,1310,13
13-2-2022,13.34,Crypto,6,5,1998,3
2-2-2021,8.3,Mirage,3,13,2546,17
12-12-2019,14.36,Ash,13,2,2921,19
24-4-2021,3.67,Octane,9,2,2298,14
1-8-2020,20.73,Mad Maggie,4,13,1257,18
21-3-2019,13.43,Wraith,11,2,2105,7
19-1-2021,27.09,Gibraltar,3,8,1875,10
7-9-2019,24.31,Bloodhound,5,4,981,2
30-5-2021,26.68,Crypto,4,5,1753,18
