26-7-2019,15.61,Bangalore,2,2,509,20
3-3-2022,23.56,Wraith,2,6,922,8
15-2-2019,23.94,Lifeline,2,2,264,6
14-10-2019,28.43,Bloodhound,4,10,2325,1
8-6-2021,23.46,Wraith,15,2,1162,5
25-4-2022,16.99,Lifeline,2,2,401,12
22-12-2020,1.38,Valkyrie,0,6,419,14
25-9-2020,21.7,Wattson,2,4,509,17
21-6-2022,25.08,Wattson,6,11,2140,1
4-2-2020,3.53,Mirage,8,2,1279,10
16-6-2020,23.41,Lifeline,4,7,804,17
26-12-2019,6.69,Gibraltar,1,7,843,1
3-11-2019,5.47,Bloodhound,16,17,5403,8
7-4-2022,12.57,Bangalore,2,5,1429,9
12-12-2022,20.32,Lifeline,2,6,1067,3
6-3-2021,1.7,Valkyrie,6,6,2272,8
23-5-2020,22.78,Crypto,2,5,717,6
11-2-2020,10.11,Crypto,9,2,949,12
22-6-2020,13.92,Mad Maggie,4,11,763,3
9-8-2022,23.24,Pathfinder,6,11,3107,3
2-11-2022,8.25,Bangalore,10,6,3036,9
25-10-2019,3.5,Wattson,2,3,406,13
22-3-2019,1.2,Gibraltar,0,16,1632,9
1-4-2020,28.86,Valkyrie,7,8,1065,19
6-11-2021,18.71,Mirage,9,2,2069,2
12-9-2019,3.09,Bangalore,15,10,4064,12
2-6-2021,0.21,Valkyrie,5,7,1941,10
4-3-2021,8.71,Lifeline,6,0,800,8
29-4-2019,8.19,Wattson,1,4,646,8
16-12-2020,14.38,Mirage,7,17,2614,18
25-3-2021,18.59,Crypto,12,10,1216,19
13-5-2022,1.83,Ash,3,7,1210,19
7-3-2022,14.33,Wraith,7,19,2591,4
2-5-2019,20.09,Wraith,4,6,1631,20
6-6-2022,4.12,Crypto,0,2,236,5
16-7-2020,18.25,Ash,8,18,3398,15
8-7-2019,16.73,Crypto,8,5,2457,18
12-12-2021,25.27,Wraith,13,16,6104,15
28-6-2022,1.08,Lifeline,3,1,346,5
7-10-2019,0.07,Bangalore,3,4,998,12
9-2-2019,26.63,Pathfinder,5,2,784,13
9-5-2021,0.17,Wraith,10,0,2258,8
1-5-2020,23.49,Ash,6,2,1671,8
12-6-2020,1.67,Mad Maggie,4,8,822,11
7-6-2022,16.77,Lifeline,6,3,1229,13
8-12-2021,28.71,Lifeline,6,11,1523,10
4-12-2020,9.81,Mirage,0,0,0,4
5-5-2019,0.5,Lifeline,6,0,1232,20
20-12-2020,18.62,Bangalore,7,3,1804,16
9-6-2019,26.23,Bloodhound,3,8,1853,1
6-7-2020,13.51,Mad Maggie,6,2,967,4
19-11-2021,11.73,Mirage,12,8,3031,14
20-10-2019,15.95,Wraith,2,4,1090,19
25-10-2020,17.71,Crypto,1,1,300,20
21-5-2022,26.72,Valkyrie,5,5,583,16
25-11-2022,19.5,Ash,5,2,714,18
18-2-2021,27.84,Bloodhound,9,10,2042,4
30-11-2020,13.01,Valkyrie,1,6,1240,7
6-8-2021,8.17,Wraith,3,0,337,20
18-11-2020,26.03,Mad Maggie,7,2,1962,14
9-3-2020,22.51,Bangalore,15,8,1936,19
23-2-2020,23.02,Ash,7,3,831,1
24-9-2020,19.75,Lifeline,3,1,243,8
15-11-2022,13.85,Wraith,1,7,1346,18
29-7-2021,20.04,Pathfinder,20,4,3117,12
21-11-2021,19.65,Gibraltar,10,3,2007,20
1-12-2020,24.48,Ash,4,4,1221,15
28-7-2020,23.94,Valkyrie,12,5,3806,12
3-1-2021,20.32,Ash,2,2,275,13
26-2-2019,21.58,Crypto,3,9,1844,13
13-9-2021,15.72,Bloodhound,6,6,1956,17
14-2-2020,12.71,Bangalore,17,3,2289,6
12-8-2019,19.41,Crypto,5,8,1708,15
2-4-2020,21.18,Bangalore,5,11,2241,14
4-4-2020,10.22,Gibraltar,19,2,4657,5
10-1-2022,26.12,Gibraltar,10,3,2305,20
12-5-2022,20.38,Ash,3,3,1169,11
19-8-2020,0.27,Ash,5,5,1711,19
21-6-2022,7.37,Gibraltar,14,2,1608,11
8-6-2019,13.48,Mirage,3,4,1417,9
10-12-2020,16.37,Ash,5,5,1522,15
19-10-2022,19.99,Lifeline,5,10,1356,16
28-7-2021,23.57,Gibraltar,11,10,2231,9
28-6-2021,17.64,Crypto,3,10,2222,12
6-9-2019,20.47,Ash,20,7,3482,13
2-8-2019,8.61,Lifeline,7,4,716,14
27-8-2022,19.18,Wraith,13,4,2962,16
5-10-2019,16.4,Bloodhound,11,10,2164,14
31-8-2020,14.52,Wattson,5,12,2766,1
27-3-2020,1.43,Bangalore,10,1,2087,10
4-2-2020,21.46,Pathfinder,5,6,1795,7
10-5-2020,19.2,Pathfinder,5,9,1330,5
28-11-2020,23.34,Wraith,3,2,417,17
30-7-2021,28.35,Ash,9,3,2306,15
11-1-2020,0.37,Crypto,0,1,94,5
22-12-2020,28.74,Gibraltar,2,2,392,2
6-9-2021,11.14,Ash,6,4,1224,19
6-1-2022,10.59,Crypto,9,5,2322,14
7-3-2021,14.08,Bangalore,9,5,1445,2
30-10-2021,23.61,Wattson,11,3,2195,18
26-5-2020,12.12,Wraith,11,1,970,4
22-11-2020,18.48,Valkyrie,7,1,1782,16
26-5-2021,18.41,Lifeline,6,3,1475,7
7-2-2022,0.35,Bangalore,5,2,678,17
22-4-2021,14.93,Valkyrie,1,11,1373,8
19-7-2019,26.17,Ash,7,5,1970,11
17-11-2020,14.88,Mad Maggie,3,2,495,2
8-5-2021,6.18,Pathfinder,0,1,107,8
24-8-2022,22.39,Ash,3,12,2410,9
13-10-2022,7.1,Valkyrie,0,10,999,15
31-3-2021,20.38,Wraith,3,18,2359,13
20-6-2019,26.65,Ash,2,13,2893,3
14-8-2021,16.19,Lifeline,1,11,1233,8
26-6-2020,29.71,Bloodhound,7,8,2208,6
7-10-2019,21.75,Bloodhound,2,3,628,16
29-4-2021,28.1,Ash,2,2,677,9
9-6-2020,15.41,Mirage,5,5,1796,17
25-11-2021,17.28,Valkyrie,3,3,486,18
2-8-2022,3.28,Ash,4,5,1431,3
18-2-2020,5.95,Wattson,14,5,1718,12
6-10-2022,19.0,Valkyrie,2,4,1167,7
21-3-2022,13.4,Wraith,3,9,765,17
7-8-2020,17.77,Wattson,8,1,1543,10
27-12-2019,14.14,Valkyrie,10,1,2056,20
16-10-2021,24.61,Mad Maggie,2,2,484,2
17-11-2021,13.43,Bloodhound,3,1,879,4
10-6-2020,12.88,Mad Maggie,6,7,2716,7
14-5-2020,26.47,Wattson,6,9,1408,7
26-2-2020,8.35,Wattson,3,10,1372,10
22-7-2020,17.33,Ash,3,11,1515,19
9-11-2019,12.94,Bangalore,6,2,1442,20
22-9-2020,21.5,Wattson,4,19,4429,12
6-1-2022,27.48,Gibraltar,2,2,246,18
10-8-2020,21.26,Bloodhound,3,12,2919,3
23-8-2019,28.43,Wattson,7,9,1692,8
8-12-2021,21.65,Wattson,8,7,2908,9
14-2-2022,6.95,Valkyrie,0,11,1992,13
3-6-2020,21.0,Valkyrie,7,2,1121,6
22-5-2021,11.03,Wattson,6,10,2171,17
26-12-2022,6.5,Wraith,5,12,3028,17
14-5-2022,14.52,Pathfinder,12,2,1554,4
19-2-2019,24.05,Pathfinder,4,6,1057,9
4-5-2019,17.04,Wraith,11,1,910,7
11-12-2022,15.19,Gibraltar,8,1,1288,5
19-8-2019,27.05,Wattson,15,7,2273,11
17-11-2022,27.55,Ash,11,2,1767,6
22-1-2021,10.74,Mad Maggie,17,6,5007,17
24-2-2020,24.99,Gibraltar,2,3,988,15
1-7-2022,27.97,Wraith,6,2,865,14
1-1-2020,24.16,Lifeline,2,4,947,10
31-1-2022,3.41,Lifeline,2,7,1690,13
14-4-2022,21.94,Mirage,3,10,2041,3
29-7-2022,20.44,Ash,7,2,695,7
14-8-2022,15.43,Pathfinder,1,12,650,4
23-11-2021,23.46,Wattson,3,3,393,4
19-10-2022,12.46,Wraith,1,3,687,15
30-10-2020,20.93,Bangalore,12,4,3521,9
2-10-2021,23.81,Bangalore,2,8,1867,15
1-3-2022,23.59,Ash,4,9,1453,8
24-12-2022,18.44,Bloodhound,1,12,1707,4
3-3-2019,0.98,Lifeline,1,8,980,15
26-8-2019,18.75,Ash,14,2,3068,2
31-10-2021,5.44,Wattson,2,1,223,6
25-4-2022,12.57,Lifeline,7,2,1586,8
12-2-2022,29.12,Bangalore,5,7,716,18
6-9-2021,6.24,Wattson,1,13,1339,18
1-8-2021,20.03,Mirage,6,8,758,11
4-7-2021,15.69,Mirage,2,6,1055,15
9-5-2020,24.81,Gibraltar,3,2,668,18
14-9-2022,12.77,Bloodhound,3,2,973,20
29-10-2022,9.94,Crypto,4,3,1078,4
5-7-2022,29.31,Bangalore,5,2,1304,13
4-8-2020,3.15,Gibraltar,4,7,1670,12
18-1-2022,10.21,Gibraltar,15,10,4279,10
2-2-2020,21.61,Gibraltar,3,3,582,9
4-4-2022,27.38,Wraith,4,10,1307,11
21-6-2022,10.88,Gibraltar,11,16,2525,1
2-6-2022,15.97,Lifeline,13,5,3122,11
25-4-2020,0.31,Wraith,1,1,145,15
28-1-2022,16.23,Bloodhound,12,2,3037,11
29-8-2020,13.02,Lifeline,5,16,2442,5
20-10-2019,23.84,Pathfinder,3,2,681,12
28-7-2021,25.74,Pathfinder,6,2,1703,9
11-5-2020,11.86,Ash,5,1,1177,11
22-7-2019,22.73,Gibraltar,10,14,1347,3
15-7-2020,15.18,Valkyrie,6,5,999,11
22-12-2021,10.31,Mirage,12,4,1427,6
29-11-2020,5.95,Pathfinder,1,4,501,10
19-9-2021,23.36,Gibraltar,3,6,579,15
11-2-2019,20.03,Pathfinder,6,4,1845,3
13-1-2021,28.17,Gibraltar,6,4,1515,17
23-12-2022,21.08,Gibraltar,5,2,1072,20
15-11-2021,13.05,Lifeline,4,6,1503,6
14-2-2019,23.22,Lifeline,6,2,1424,12
16-7-2022,9.6,Wattson,5,6,726,10
24-3-2021,26.77,Bloodhound,2,15,1696,11
20-4-2019,28.83,Mad Maggie,2,2,701,6
28-11-2022,13.7,Crypto,13,3,3107,2
1-6-2022,5.73,Gibraltar,10,5,929,17
30-7-2022,0.41,Wattson,7,4,2089,16
18-12-2019,22.3,Mirage,4,8,2344,3
22-11-2021,22.13,Pathfinder,3,4,750,3
2-1-2021,15.3,Bangalore,5,11,1739,1
15-6-2020,17.82,Crypto,3,7,1499,17
28-7-2022,1.7,Wattson,1,1,224,11
7-12-2022,0.34,Bangalore,5,3,1353,3
24-2-2019,5.06,Valkyrie,2,7,1240,10
17-8-2019,7.22,Gibraltar,5,4,1328,13
5-8-2021,20.21,Mad Maggie,7,2,1565,7
3-12-2019,24.9,Ash,8,5,1288,11
7-7-2022,23.3,Valkyrie,16,2,2917,18
25-7-2021,4.32,Ash,13,5,3337,17
17-12-2022,8.21,Bloodhound,9,4,2455,8
9-5-2021,1.07,Valkyrie,1,3,370,16
6-7-2019,17.18,Crypto,11,7,1468,2
4-12-2021,16.38,Bloodhound,9,3,1320,18
11-8-2020,3.82,Mirage,2,5,959,3
14-12-2022,25.8,Mad Maggie,2,3,498,3
4-10-2022,15.96,Gibraltar,10,3,1100,3
3-7-2021,1.33,Wraith,12,7,3766,7
27-10-2019,2.72,Mad Maggie,2,8,1182,7
10-3-2019,7.49,Mad Maggie,15,0,1305,16
24-11-2019,22.6,Mad Maggie,8,12,3476,1
19-8-2022,2.56,Wattson,7,8,1506,8
2-12-2019,9.61,Ash,4,3,882,1
11-10-2022,3.16,Pathfinder,5,3,1658,13
19-10-2021,16.89,Wattson,5,1,858,2
4-4-2021,0.45,Mirage,8,2,834,5
22-3-2019,8.92,Mad Maggie,4,1,560,5
14-2-2019,20.38,Crypto,2,3,912,10
26-4-2021,24.37,Mad Maggie,2,12,1449,10
15-9-2020,2.56,Pathfinder,4,0,677,3
15-5-2019,15.92,Lifeline,7,2,1647,12
26-4-2021,9.43,Bloodhound,5,9,1835,8
5-11-2020,29.47,Valkyrie,2,2,460,3
5-10-2022,28.86,Bangalore,5,2,637,4
5-7-2021,3.11,Wattson,1,6,1282,4
28-7-2020,9.51,Gibraltar,0,13,1696,6
6-5-2021,28.33,Bloodhound,2,20,1158,10
14-6-2019,1.52,Bangalore,2,1,256,17
12-5-2019,7.73,Bloodhound,3,9,609,13
12-7-2019,12.12,Valkyrie,1,9,1137,18
22-2-2020,3.02,Gibraltar,10,6,2161,12
8-12-2019,16.44,Bloodhound,1,6,596,16
30-12-2019,5.84,Bloodhound,0,15,1185,19
21-9-2020,14.61,Gibraltar,12,12,3342,17
7-12-2019,18.27,Mad Maggie,5,1,1029,9
1-1-2022,7.09,Gibraltar,1,12,2508,18
24-4-2020,6.12,Lifeline,1,6,1350,7
4-12-2020,4.27,Bloodhound,11,8,3547,7
11-7-2019,21.97,Bloodhound,2,2,299,1
8-6-2020,6.33,Wraith,0,10,1246,14
9-8-2019,3.78,Wraith,0,5,436,6
27-10-2019,9.62,Bloodhound,7,7,2616,20
26-5-2022,28.34,Gibraltar,3,2,807,14
25-7-2019,21.78,Valkyrie,10,4,860,10
16-3-2022,12.69,Bloodhound,4,7,2024,1
26-6-2021,27.72,Gibraltar,10,7,3450,19
23-6-2021,0.0,Mirage,6,1,749,18
5-1-2022,28.2,Bloodhound,8,19,4712,3
9-1-2021,27.53,Lifeline,6,2,696,9
13-9-2021,12.51,Valkyrie,2,11,2460,9
10-8-2022,19.87,Lifeline,9,3,1069,8
10-7-2019,11.99,Wraith,16,2,1303,1
19-7-2019,10.26,Wattson,2,3,398,2
12-12-2021,3.93,Bangalore,6,2,1509,2
18-3-2020,10.43,Lifeline,1,1,382,12
4-7-2022,11.84,Mirage,2,9,1534,12
2-8-2021,26.23,Crypto,3,10,1627,2
26-9-2020,16.13,Crypto,9,2,1195,17
11-9-2020,19.83,Mirage,3,9,887,3
4-8-2019,26.55,Pathfinder,4,6,724,8
20-3-2021,21.0,Gibraltar,5,10,847,16
19-7-2021,0.98,Wattson,6,7,1417,11
18-10-2021,28.09,Ash,3,2,910,5
10-5-2019,22.15,Mirage,2,2,834,20
3-3-2021,3.34,Ash,1,1,395,19
9-11-2021,2.05,Mirage,3,4,1412,3
8-9-2020,23.71,Wraith,4,3,607,20
29-3-2022,28.14,Wattson,19,5,2338,1
26-2-2019,7.29,Mad Maggie,1,3,272,13
10-7-2022,19.14,Gibraltar,2,4,1187,7
10-4-2020,17.92,Gibraltar,5,8,1491,10
8-5-2021,19.37,Bloodhound,1,1,267,19
11-5-2019,21.53,Mirage,4,7,1338,11
4-5-2019,16.88,Bloodhound,4,4,1539,5
3-12-2021,27.29,Bloodhound,9,6,1396,16
26-6-2022,16.12,Bloodhound,7,1,739,9
6-6-2020,11.81,Lifeline,1,7,983,15
25-6-2022,18.66,Ash,7,6,2344,13
15-2-2019,7.43,Wattson,0,2,167,13
6-3-2020,22.66,Bangalore,4,2,1069,14
9-3-2021,23.84,Bloodhound,3,14,1817,8
14-1-2022,13.19,Ash,7,2,1498,11
11-3-2021,17.49,Bangalore,10,9,2679,6
15-9-2019,26.87,Mirage,10,13,3031,10
10-3-2022,10.52,Bangalore,7,8,1118,15
19-7-2021,20.64,Mirage,3,2,462,5
17-9-2021,0.78,Pathfinder,1,1,259,2
3-8-2019,28.31,Pathfinder,17,3,1781,17
24-12-2020,27.74,Bloodhound,6,12,2397,19
31-7-2022,22.46,Bangalore,4,18,2754,17
19-9-2022,28.11,Lifeline,8,10,1761,20
21-9-2022,18.93,Wattson,4,2,1164,8
22-1-2022,5.75,Valkyrie,2,7,1239,4
26-2-2022,7.15,Mirage,0,2,159,10
23-12-2019,18.85,Crypto,1,3,309,11
28-10-2021,3.77,Ash,2,8,1885,14
24-7-2020,26.76,Bangalore,4,5,703,17
17-10-2020,4.26,Mad Maggie,7,14,1115,19
18-5-2022,29.48,Crypto,7,14,1374,18
4-2-2022,13.18,Ash,15,9,3892,14
17-3-2019,3.88,Pathfinder,2,3,822,2
23-12-2022,26.08,Wraith,6,5,2203,7
3-7-2021,22.15,Wraith,12,2,2934,8
21-9-2021,11.0,Valkyrie,18,2,3923,19
16-3-2019,14.43,Mad Maggie,2,11,1460,1
26-12-2019,17.54,Ash,1,4,755,4
19-6-2022,26.47,Lifeline,2,2,351,4
8-12-2021,22.86,Wattson,8,2,1288,3
2-8-2020,16.51,Bloodhound,3,9,2338,10
17-6-2019,18.14,Bloodhound,10,14,2527,10
8-9-2020,8.25,Bloodhound,10,0,1606,13
30-9-2021,10.36,Gibraltar,9,1,1625,15
20-5-2020,18.64,Mad Maggie,7,5,738,18
29-9-2022,12.35,Valkyrie,3,2,931,5
4-11-2019,16.72,Mad Maggie,5,2,908,6
31-7-2021,3.74,Mirage,2,0,432,8
21-9-2021,5.42,Valkyrie,10,5,1391,16
14-6-2019,14.57,Crypto,11,1,975,10
10-2-2020,6.39,Mirage,11,2,1935,3
17-1-2021,27.03,Wattson,5,3,1275,4
19-2-2022,19.34,Wattson,7,6,1978,6
28-8-2019,19.09,Mad Maggie,9,11,1178,8
1-8-2021,17.37,Ash,14,2,1233,1
26-4-2022,26.55,Gibraltar,9,5,1441,16
12-10-2019,14.48,Bloodhound,6,1,952,3
23-2-2019,23.57,Wattson,2,2,348,17
22-10-2022,0.86,Lifeline,0,6,774,16
6-6-2020,4.8,Bloodhound,9,9,1990,8
11-3-2021,29.61,Lifeline,11,16,4197,13
10-3-2021,20.09,Mad Maggie,6,13,3725,3
4-11-2020,29.5,Bloodhound,13,3,1802,12
28-11-2021,12.14,Lifeline,2,6,1269,3
1-8-2019,10.25,Bangalore,4,9,2473,20
14-1-2022,12.69,Mirage,3,11,1813,20
19-8-2020,6.41,Gibraltar,1,16,1856,1
1-11-2019,21.71,Crypto,13,3,2657,2
17-6-2019,1.82,Valkyrie,1,3,573,12
28-10-2021,4.79,Pathfinder,0,8,1237,5
11-6-2021,24.33,Bangalore,2,2,224,17
9-9-2020,24.89,Lifeline,9,8,1695,10
6-5-2022,23.27,Valkyrie,4,11,1408,19
15-7-2019,26.48,Wattson,8,7,3196,8
11-12-2019,25.24,Bangalore,3,4,555,1
20-8-2020,25.43,Mad Maggie,4,9,2220,17
8-8-2022,8.46,Valkyrie,0,5,692,1
1-5-2020,8.49,Bloodhound,11,3,1356,17
6-2-2020,11.44,Valkyrie,4,2,556,16
16-2-2022,4.99,Lifeline,9,6,1642,18
1-7-2019,4.71,Lifeline,13,4,2690,9
2-10-2020,18.16,Mad Maggie,12,12,2438,14
2-5-2021,27.32,Lifeline,2,13,1708,9
2-8-2021,21.79,Wattson,2,11,1805,13
2-7-2020,12.39,Bangalore,9,1,742,10
7-7-2022,13.28,Wattson,2,3,1064,13
25-12-2022,19.61,Lifeline,16,4,3683,19
17-3-2019,21.32,Mirage,7,4,1823,14
19-11-2022,5.88,Mirage,3,1,830,6
17-6-2019,5.4,Lifeline,6,1,1565,1
21-11-2019,24.08,Mirage,2,7,849,2
18-1-2022,0.41,Bloodhound,6,3,836,3
17-2-2022,0.34,Wraith,2,8,1779,18
1-4-2019,15.97,Gibraltar,4,18,1812,14
9-6-2021,0.94,Mad Maggie,0,0,0,16
10-5-2019,29.61,Bloodhound,3,10,1058,17
2-5-2021,20.47,Mad Maggie,7,3,1295,14
24-8-2022,29.85,Mad Maggie,6,15,1299,5
25-8-2020,16.32,Mad Maggie,5,1,1081,5
12-6-2020,20.35,Ash,2,11,1613,10
29-9-2019,27.38,Bangalore,5,5,1426,13
31-5-2019,4.35,Ash,11,1,2755,13
15-2-2022,21.9,Mad Maggie,3,2,372,19
25-3-2020,12.63,Ash,7,8,2225,13
9-1-2021,21.15,Mad Maggie,7,10,1853,10
8-1-2021,15.31,Ash,6,12,1368,19
27-8-2022,15.91,Bloodhound,1,6,1338,5
18-11-2019,1.84,Lifeline,0,4,446,13
6-10-2019,29.16,Pathfinder,3,4,738,12
11-1-2020,25.19,Ash,16,5,3142,7
18-7-2020,19.3,Gibraltar,1,15,2378,4
25-2-2020,22.27,Valkyrie,6,3,734,10
28-4-2020,4.22,Valkyrie,3,0,715,5
19-12-2020,2.92,Wattson,3,4,1475,3
28-6-2021,21.93,Pathfinder,14,6,1238,6
16-2-2020,20.12,Wraith,6,3,1720,14
18-5-2022,6.22,Mad Maggie,3,4,900,19
13-4-2021,25.66,Gibraltar,12,2,3182,18
19-11-2021,0.27,Wattson,1,1,277,19
21-7-2020,20.65,Ash,3,2,472,17
18-5-2022,28.82,Wraith,2,16,2164,18
24-8-2019,10.9,Bloodhound,6,6,2011,1
9-6-2022,7.85,Crypto,7,9,1643,1
8-5-2022,22.55,Lifeline,2,6,1569,13
15-7-2021,27.71,Wraith,8,10,3506,13
26-2-2021,6.45,Mad Maggie,6,0,368,15
26-2-2020,10.75,Ash,4,4,1246,3
20-7-2021,1.78,Ash,1,0,89,3
24-12-2022,27.49,Gibraltar,2,7,1454,17
15-11-2019,8.58,Mad Maggie,5,16,4131,4
13-2-2021,23.74,Mirage,2,9,1870,10
18-12-2020,22.07,Lifeline,16,2,4093,1
18-7-2021,13.88,Wraith,3,1,247,2
7-1-2021,21.77,Ash,14,9,2256,3
19-9-2022,17.28,Bloodhound,6,2,1209,18
11-3-2022,26.24,Gibraltar,15,18,6794,15
14-10-2021,21.68,Mad Maggie,8,11,2121,16
7-10-2020,2.41,Mad Maggie,1,2,404,15
18-11-2021,3.99,Bloodhound,5,5,1150,7
29-9-2022,7.84,Crypto,1,8,817,5
3-12-2020,26.98,Gibraltar,15,2,3221,11
15-12-2021,28.68,Gibraltar,2,8,1006,14
15-11-2022,5.33,Bangalore,2,6,1284,16
6-4-2022,14.29,Wraith,13,3,3359,16
20-6-2020,28.53,Bangalore,2,2,846,6
14-11-2019,5.83,Crypto,3,14,1797,15
12-5-2019,21.75,Mirage,3,17,2668,12
18-10-2020,1.18,Bangalore,1,0,158,20
20-1-2020,21.88,Pathfinder,7,19,5031,6
24-8-2021,21.82,Mad Maggie,4,8,627,6
24-12-2020,15.8,Mirage,3,18,1434,16
21-9-2019,1.26,Ash,11,9,2755,15
24-10-2021,28.54,Crypto,6,7,2579,18
8-10-2022,7.63,Pathfinder,8,0,1633,9
27-11-2022,13.45,Gibraltar,8,10,2245,9
4-11-2020,29.59,Crypto,5,4,1679,2
7-12-2021,23.6,Valkyrie,2,4,1144,10
25-5-2022,29.79,Bangalore,16,7,3749,6
20-7-2021,11.43,Crypto,4,5,1517,4
12-1-2021,4.93,Gibraltar,2,4,485,20
10-7-2021,7.16,Mirage,2,8,1190,18
4-10-2020,14.74,Valkyrie,1,2,439,6
30-11-2022,24.85,Bangalore,2,5,855,20
7-7-2021,25.96,Bangalore,6,4,569,12
4-6-2019,2.36,Wraith,8,0,1784,15
25-10-2019,0.26,Crypto,2,8,1088,6
19-11-2021,24.42,Mad Maggie,2,6,1265,15
29-9-2019,18.82,Mirage,8,4,1852,11
22-6-2021,19.98,Pathfinder,5,2,998,1
10-6-2022,1.8,Pathfinder,1,3,380,11
28-6-2020,29.68,Valkyrie,18,7,5279,20
11-5-2021,6.59,Crypto,0,1,64,18
7-12-2022,12.76,Crypto,13,1,2586,12
7-3-2019,3.92,Bangalore,9,2,2485,1
2-7-2019,28.92,Gibraltar,9,10,3469,18
9-6-2022,28.08,Valkyrie,9,2,1118,6
6-1-2021,1.84,Bloodhound,0,4,320,7
1-5-2019,5.29,Wraith,6,2,1338,14
9-12-2022,5.36,Lifeline,10,2,721,5
25-9-2021,7.13,Lifeline,1,0,104,14
27-2-2020,23.43,Pathfinder,16,2,2875,14
25-4-2020,3.35,Mad Maggie,8,2,2028,11
10-12-2021,23.29,Bangalore,4,11,2729,10
18-11-2019,12.75,Valkyrie,3,6,1417,11
7-11-2020,19.98,Valkyrie,1,2,208,7
29-4-2021,3.82,Wattson,6,4,1056,13
2-3-2020,26.64,Pathfinder,10,2,1858,2
12-11-2019,25.6,Wraith,2,7,819,3
29-4-2021,25.9,Ash,8,12,2538,4
17-11-2020,0.45,Pathfinder,2,0,141,9
27-7-2021,21.52,Bloodhound,5,8,787,12
27-6-2019,1.68,Wattson,9,6,985,18
19-2-2019,10.19,Gibraltar,5,5,610,20
23-9-2021,15.49,Mad Maggie,1,3,682,8
9-4-2021,21.29,Wraith,6,5,944,8
7-7-2020,2.56,Mad Maggie,1,5,616,3
24-7-2021,10.26,Crypto,6,4,1887,7
22-1-2021,2.74,Pathfinder,0,10,994,10
23-10-2019,24.32,Gibraltar,7,17,1631,7
17-10-2022,3.59,Crypto,4,0,612,20
18-4-2020,19.47,Ash,4,3,836,4
7-7-2019,13.06,Bangalore,1,14,1822,17
29-11-2020,9.6,Valkyrie,17,19,4805,16
17-9-2020,25.78,Ash,2,2,289,5
1-7-2022,10.68,Pathfinder,6,4,1199,14
29-9-2022,19.59,Wattson,10,1,2500,4
14-10-2019,22.07,Pathfinder,3,5,770,13
27-4-2022,19.99,Wraith,3,4,404,2
13-9-2022,26.85,Crypto,9,3,1433,12
7-10-2021,26.81,Ash,4,5,1672,16
2-11-2020,8.85,Mirage,0,3,348,11
28-6-2019,23.03,Crypto,6,9,2010,13
9-5-2022,13.56,Crypto,5,3,1338,4
11-8-2022,21.83,Wattson,12,5,2509,7
1-10-2022,21.98,Pathfinder,12,18,4834,16
15-7-2019,13.67,Wattson,1,2,558,14
7-1-2021,26.31,Crypto,2,6,685,3
20-9-2020,10.37,Pathfinder,1,4,715,18
1-12-2020,13.26,Bangalore,10,8,2829,6
4-11-2022,7.73,Lifeline,4,2,449,8
25-3-2022,7.78,Gibraltar,2,0,441,12
18-2-2019,13.3,Lifeline,1,1,344,11
24-8-2022,11.69,Wattson,10,1,2137,4
5-9-2019,9.39,Pathfinder,8,4,1256,18
20-5-2022,7.24,Valkyrie,4,5,1837,5
16-3-2022,14.23,Lifeline,1,17,2015,4
28-7-2021,21.18,Lifeline,3,5,612,4
3-4-2019,26.87,Pathfinder,4,10,2223,2
17-6-2022,14.22,Pathfinder,5,5,1183,17
2-5-2022,10.44,Bangalore,10,3,1454,8
22-8-2019,6.1,Wattson,5,3,594,3
29-11-2019,2.54,Ash,11,10,1590,12
13-9-2022,9.97,Lifeline,7,13,1380,20
17-9-2022,23.8,Bangalore,3,8,1998,14
21-6-2020,10.4,Gibraltar,19,2,3989,1
17-10-2019,22.65,Valkyrie,5,12,3431,6
17-4-2019,22.27,Mad Maggie,7,9,3247,18
26-4-2020,28.89,Gibraltar,8,14,3789,13
22-5-2019,22.15,Wraith,10,7,1405,6
19-7-2019,5.12,Mad Maggie,6,3,1050,7
24-4-2020,29.41,Lifeline,8,10,3595,2
16-10-2020,0.22,Ash,10,7,2192,1
6-11-2020,3.97,Ash,2,3,878,20
30-12-2022,7.9,Pathfinder,3,6,1399,6
26-4-2019,16.52,Mad Maggie,3,14,892,17
7-4-2022,12.61,Wattson,1,7,1080,15
20-4-2019,9.66,Valkyrie,0,12,2176,18
19-11-2021,12.77,Bangalore,1,1,404,11
12-10-2022,0.63,Lifeline,15,10,3735,2
8-11-2019,9.1,Valkyrie,1,3,499,1
28-11-2022,4.25,Bangalore,0,6,306,17
27-6-2021,12.29,Ash,7,1,1843,7
10-1-2021,5.23,Bangalore,9,12,4201,10
11-5-2021,27.38,Crypto,4,10,1035,10
31-12-2022,3.18,Wraith,8,5,913,19
8-2-2021,19.08,Pathfinder,12,15,1421,18
27-9-2021,26.11,Lifeline,13,2,2829,13
23-9-2021,28.01,Ash,3,15,2415,8
12-10-2022,0.26,Mirage,0,19,3517,18
22-1-2021,3.17,Bloodhound,5,5,1271,20
22-10-2021,8.59,Pathfinder,2,8,537,7
11-1-2022,10.08,Wraith,3,1,726,6
23-7-2019,18.79,Bangalore,4,1,579,16
29-6-2021,3.93,Mad Maggie,4,5,983,13
10-11-2021,2.63,Pathfinder,5,1,727,13
22-6-2019,24.59,Gibraltar,14,2,3479,18
27-7-2019,29.77,Valkyrie,3,8,1810,9
17-7-2021,0.96,Ash,1,4,525,4
17-11-2022,4.35,Wattson,0,13,1639,17
14-1-2020,11.32,Lifeline,4,2,509,8
16-10-2022,26.54,Ash,3,5,1095,18
28-2-2019,22.56,Bangalore,3,2,661,1
29-6-2020,19.29,Crypto,4,6,1843,8
24-10-2021,22.51,Gibraltar,7,3,1821,14
5-7-2022,27.1,Lifeline,10,2,2688,15
12-9-2021,24.26,Pathfinder,14,10,2346,15
23-2-2020,8.01,Gibraltar,1,4,927,11
15-10-2019,2.46,Mad Maggie,1,0,196,17
13-12-2022,24.62,Wraith,5,14,3352,15
27-2-2019,22.83,Mirage,7,3,1632,9
1-12-2020,1.95,Lifeline,14,1,2123,5
25-4-2020,21.9,Wraith,6,14,3217,10
3-7-2020,15.67,Bangalore,8,14,4338,11
23-11-2019,4.32,Crypto,2,10,1252,7
15-8-2022,25.17,Wattson,3,9,849,20
30-10-2020,4.76,Gibraltar,5,2,1296,6
28-8-2022,25.06,Gibraltar,7,2,859,10
2-3-2022,25.51,Mirage,4,5,1832,17
15-1-2021,10.26,Gibraltar,4,8,699,2
18-5-2022,20.54,Mirage,14,5,3246,1
14-6-2021,22.6,Bloodhound,3,3,787,7
20-11-2020,8.06,Bloodhound,10,0,950,9
6-11-2020,27.3,Crypto,13,4,2118,9
22-7-2019,6.1,Wattson,0,1,91,12
8-11-2022,24.87,Wattson,11,8,2184,11
13-12-2022,4.72,Ash,12,4,1444,9
26-7-2020,24.9,Mad Maggie,12,11,3265,3
19-7-2020,16.96,Mirage,14,1,1130,19
2-3-2019,21.05,Ash,5,10,2572,18
26-1-2022,29.17,Pathfinder,9,6,2841,20
19-8-2021,26.81,Mirage,5,15,3838,13
4-11-2022,12.4,Wattson,5,4,1523,19
2-11-2021,2.4,Wraith,1,0,80,19
29-12-2020,28.23,Mirage,7,4,992,9
22-7-2019,2.21,Wraith,0,6,668,7
25-4-2021,2.77,Gibraltar,0,0,0,11
27-4-2021,19.66,Ash,1,3,673,19
2-6-2020,21.76,Wraith,7,7,1663,20
12-12-2019,27.26,Ash,2,9,2041,7
21-11-2020,10.3,Bloodhound,1,16,2984,14
21-1-2022,19.03,Pathfinder,5,1,584,14
19-2-2022,11.89,Valkyrie,11,17,4279,17
16-11-2022,6.33,Mad Maggie,5,0,864,11
16-5-2022,8.47,Crypto,5,8,2369,9
31-3-2019,20.42,Mad Maggie,2,3,975,11
3-12-2019,13.51,Pathfinder,3,1,282,2
19-5-2019,4.21,Gibraltar,0,0,0,14
30-8-2020,2.15,Ash,3,16,1968,1
20-5-2019,18.75,Ash,14,14,5483,17
4-8-2019,15.38,Mirage,3,1,783,13
31-8-2020,15.59,Gibraltar,1,2,618,10
22-12-2021,8.79,Bloodhound,0,5,568,3
22-10-2021,18.33,Pathfinder,6,5,2081,19
18-8-2020,14.28,Gibraltar,3,3,513,5
7-6-2021,27.92,Valkyrie,10,2,2554,11
16-3-2021,5.55,Ash,2,13,1368,10
19-11-2019,3.38,Mad Maggie,1,1,403,7
4-2-2022,18.63,Wraith,8,19,3076,20
17-4-2021,3.86,Bloodhound,2,2,737,8
2-9-2021,8.76,Mad Maggie,6,0,1054,6
18-1-2020,13.71,Bangalore,12,1,1611,16
7-7-2019,5.11,Bloodhound,4,0,663,4
9-6-2022,6.51,Crypto,5,9,2894,9
19-12-2019,24.33,Valkyrie,5,2,804,4
10-2-2021,29.65,Valkyrie,2,17,2156,14
8-6-2021,16.71,Wattson,12,4,1584,15
21-10-2021,19.54,Pathfinder,1,3,519,2
28-5-2022,13.89,Wraith,4,8,1256,5
16-9-2022,1.61,Pathfinder,1,4,949,15
7-10-2019,15.61,Pathfinder,9,13,2359,9
30-6-2020,10.65,Ash,4,6,1375,2
18-6-2021,7.28,Ash,8,6,962,11
24-11-2022,3.74,Gibraltar,8,3,703,7
6-7-2022,7.32,Ash,1,8,1710,20
27-1-2020,3.4,Ash,5,1,1332,4
6-9-2021,27.66,Valkyrie,2,3,297,2
26-11-2019,2.09,Bloodhound,1,5,454,20
10-10-2021,7.81,Lifeline,14,2,1178,6
19-4-2020,29.22,Crypto,16,2,3504,9
4-1-2021,18.14,Bangalore,14,9,1400,8
29-9-2020,11.38,Mirage,1,11,1512,5
12-5-2020,24.09,Bloodhound,5,8,1028,12
26-1-2022,29.26,Wattson,6,5,819,17
25-10-2022,28.82,Crypto,5,7,1353,4
10-11-2022,21.55,Wattson,8,11,2136,11
30-1-2022,7.44,Crypto,5,6,635,14
13-4-2022,24.27,Wraith,2,2,532,16
24-6-2021,19.13,Pathfinder,1,9,1488,5
6-8-2020,23.05,Wattson,4,7,1921,2
6-9-2020,16.59,Ash,6,1,1261,8
3-8-2020,25.98,Mad Maggie,8,3,1992,1
21-5-2021,4.21,Wattson,2,8,1896,3
18-3-2022,27.07,Wattson,2,3,297,17
25-8-2022,3.9,Valkyrie,2,2,648,1
3-6-2022,22.82,Lifeline,3,8,1243,20
7-8-2022,24.78,Wraith,5,9,2469,11
15-8-2020,0.43,Ash,2,6,1444,6
2-5-2022,5.22,Gibraltar,12,8,2436,4
9-6-2021,1.65,Crypto,4,1,1041,6
23-2-2020,26.6,Mad Maggie,7,7,1085,19
25-5-2021,13.9,Bangalore,1,2,498,9
6-4-2020,28.22,Wattson,3,4,1187,7
20-2-2019,12.39,Bloodhound,4,8,1808,18
18-10-2020,3.84,Bangalore,0,12,1117,20
12-2-2020,9.79,Ash,4,5,1042,5
1-9-2022,12.64,Pathfinder,1,2,337,9
1-5-2019,24.94,Wattson,3,11,1403,16
3-6-2019,18.75,Gibraltar,1,15,1370,16
9-7-2019,18.49,Crypto,5,14,3495,11
22-6-2022,16.76,Bloodhound,12,9,3381,4
4-10-2022,13.42,Bangalore,2,8,1947,18
24-5-2020,12.07,Wraith,1,1,339,1
25-7-2022,17.4,Ash,18,6,2112,17
5-10-2021,6.56,Gibraltar,3,9,611,11
13-9-2022,27.34,Mad Maggie,3,3,752,15
30-3-2021,2.92,Bangalore,8,1,1897,6
18-4-2020,10.36,Mad Maggie,2,4,518,20
7-4-2022,5.02,Mirage,7,1,770,3
30-7-2020,16.77,Bangalore,5,16,2830,4
5-8-2020,17.19,Lifeline,3,2,275,14
7-11-2020,28.85,Valkyrie,2,10,739,1
6-11-2020,8.01,Pathfinder,5,4,793,2
24-9-2022,25.04,Valkyrie,7,2,733,20
14-7-2021,14.05,Ash,12,1,2149,9
21-1-2022,9.06,Gibraltar,9,9,2374,13
25-5-2022,26.09,Bangalore,2,12,1960,3
8-8-2019,0.6,Wraith,14,6,2781,5
6-10-2019,0.97,Valkyrie,1,0,185,20
10-11-2019,22.73,Wattson,3,3,686,7
21-1-2021,12.26,Bloodhound,10,10,2011,6
18-10-2019,5.13,Wattson,5,4,1322,16
14-7-2022,27.08,Mirage,20,3,1571,3
6-6-2022,2.92,Bloodhound,2,3,1062,4
8-11-2019,29.54,Crypto,14,9,3440,3
20-6-2020,5.88,Mad Maggie,13,0,2047,8
13-11-2022,8.41,Bloodhound,9,4,1852,6
30-3-2020,25.08,Ash,5,2,1312,1
8-6-2019,13.68,Bloodhound,11,5,1382,18
20-7-2020,22.97,Ash,3,4,563,12
23-12-2021,19.34,Wraith,4,14,1642,15
3-9-2022,7.37,Wattson,0,5,621,3
27-7-2021,10.35,Bangalore,7,2,729,17
8-10-2022,7.44,Ash,1,0,133,16
27-3-2020,11.49,Pathfinder,1,4,776,19
30-3-2020,9.24,Crypto,0,0,0,5
28-3-2019,22.59,Wattson,2,4,834,8
9-3-2022,2.0,Bangalore,0,4,679,17
8-10-2021,5.36,Pathfinder,2,0,251,19
18-9-2020,24.37,Pathfinder,11,14,4507,20
9-5-2020,27.42,Crypto,13,7,1187,6
30-8-2019,16.44,Pathfinder,6,5,691,13
23-11-2019,4.0,Ash,4,5,737,18
26-4-2019,14.84,Ash,9,9,3309,2
29-10-2020,6.11,Crypto,11,6,2923,15
14-11-2020,29.01,Pathfinder,4,3,444,17
30-3-2019,15.88,Lifeline,17,11,2824,15
19-4-2022,23.76,Gibraltar,2,4,521,16
3-1-2022,26.7,Mirage,3,2,927,13
14-8-2020,11.86,Lifeline,4,7,766,8
3-9-2022,1.89,Pathfinder,6,11,3217,16
24-4-2020,22.34,Ash,11,4,1575,13
5-8-2022,22.53,Wattson,13,4,2216,8
9-10-2019,6.9,Bloodhound,0,3,213,3
10-9-2022,3.95,Mad Maggie,7,11,2016,6
7-2-2022,2.06,Mirage,6,6,1772,8
25-1-2021,3.1,Ash,6,1,1033,17
27-4-2020,6.06,Gibraltar,0,3,496,5
28-3-2019,2.77,Pathfinder,0,1,95,8
25-3-2022,6.41,Bloodhound,2,9,800,17
18-11-2019,24.15,Lifeline,2,10,1857,5
6-12-2020,19.12,Mirage,1,5,714,7
31-1-2020,28.81,Bangalore,7,19,3985,9
15-3-2022,28.22,Wraith,2,17,3354,2
13-7-2022,2.4,Valkyrie,2,2,388,2
17-1-2020,0.33,Bangalore,7,3,2007,3
29-4-2020,0.91,Bloodhound,5,4,1334,17
11-4-2019,8.68,Valkyrie,7,14,3952,13
20-7-2020,16.49,Wraith,3,9,1817,7
26-5-2021,14.12,Mad Maggie,10,2,2722,8
30-1-2021,19.33,Lifeline,1,18,1639,19
1-6-2022,16.44,Ash,2,16,3141,16
29-3-2020,27.03,Bangalore,6,2,825,11
9-1-2022,1.14,Lifeline,0,1,143,6
10-6-2022,3.86,Valkyrie,4,1,398,8
27-7-2019,11.16,Gibraltar,9,2,1663,10
22-5-2021,22.72,Bloodhound,3,7,739,13
18-6-2019,14.12,Mirage,7,1,818,20
11-5-2020,14.28,Valkyrie,3,2,882,9
20-1-2022,29.72,Mirage,5,4,1788,6
26-7-2022,25.64,Mirage,19,9,3591,20
30-9-2020,9.87,Bloodhound,8,9,2390,18
12-6-2022,12.92,Mirage,1,1,127,1
13-11-2021,24.22,Lifeline,2,6,1542,2
13-6-2019,25.0,Wattson,4,8,1270,1
11-8-2019,25.82,Mirage,8,11,3202,8
17-6-2022,2.98,Mad Maggie,7,0,410,12
17-4-2022,29.44,Mad Maggie,5,18,3158,7
7-11-2020,17.37,Valkyrie,8,6,2376,5
20-10-2022,29.88,Bangalore,2,10,2176,7
12-3-2021,24.86,Mirage,13,3,1661,6
21-2-2019,26.59,Crypto,2,5,1049,14
2-11-2020,28.49,Lifeline,2,2,738,17
8-10-2021,18.85,Pathfinder,11,11,2226,12
26-4-2021,26.02,Mirage,2,8,1873,13
15-1-2022,8.82,Ash,4,5,529,17
14-8-2021,21.73,Ash,6,4,789,4
15-12-2019,16.08,Pathfinder,6,1,986,1
31-5-2020,3.97,Wraith,10,14,2766,7
17-7-2021,5.52,Mad Maggie,0,3,270,11
17-7-2019,29.21,Bangalore,15,3,1522,2
15-11-2019,3.87,Crypto,1,0,127,7
9-6-2022,20.28,Bangalore,8,2,2267,19
5-5-2020,2.45,Valkyrie,8,1,1512,13
5-10-2022,6.84,Gibraltar,0,1,91,5
11-9-2020,16.51,Bloodhound,8,11,1156,14
29-11-2020,18.81,Wraith,4,1,340,17
27-2-2021,9.32,Mad Maggie,15,2,1402,15
9-6-2019,15.29,Gibraltar,8,1,804,8
18-12-2022,8.82,Bangalore,5,1,582,6
18-4-2020,6.3,Bloodhound,1,1,185,11
25-9-2022,6.44,Wraith,15,0,3544,6
18-7-2022,5.0,Bloodhound,16,9,2789,20
15-2-2022,7.02,Ash,4,0,351,14
15-5-2019,26.59,Crypto,2,3,1099,14
2-6-2021,10.71,Valkyrie,15,2,1112,20
29-5-2022,22.68,Crypto,13,2,1584,1
23-12-2020,8.57,Wraith,1,1,131,10
25-10-2019,13.43,Crypto,6,15,1629,9
11-6-2020,8.7,Valkyrie,6,5,1822,13
6-2-2020,29.35,Pathfinder,2,15,860,14
10-7-2021,16.57,Mirage,8,5,2202,2
25-3-2021,4.08,Wraith,1,0,93,20
1-7-2022,16.09,Crypto,4,3,1461,6
18-5-2019,14.35,Wattson,3,2,362,11
30-8-2019,29.29,Valkyrie,4,7,989,14
7-10-2022,13.33,Valkyrie,2,11,2027,7
14-8-2022,8.05,Bangalore,5,1,598,1
11-6-2021,27.01,Pathfinder,5,4,662,8
2-4-2020,18.09,Wattson,1,3,383,5
16-4-2020,27.85,Mad Maggie,6,6,1513,17
1-10-2021,25.21,Mirage,12,4,2403,18
8-6-2022,10.55,Lifeline,9,1,2004,9
6-8-2021,13.06,Gibraltar,6,1,1295,4
2-10-2020,16.08,Ash,3,3,1019,2
24-6-2019,7.39,Mad Maggie,0,1,103,10
21-11-2021,19.08,Pathfinder,12,17,1723,12
1-7-2021,4.4,Wattson,4,2,828,2
22-2-2022,11.26,Valkyrie,9,2,1700,8
5-12-2022,17.01,Lifeline,4,1,935,17
8-7-2022,21.9,Gibraltar,15,2,3392,12
22-6-2019,16.68,Mirage,1,2,483,16
26-3-2019,29.56,Bangalore,5,3,1750,6
17-8-2020,0.69,Gibraltar,0,0,0,10
4-4-2022,7.07,Mad Maggie,7,8,3067,11
10-3-2022,18.83,Valkyrie,1,12,1259,8
10-12-2019,13.65,Crypto,2,18,3224,1
1-6-2020,11.34,Wattson,6,1,1601,19
15-12-2021,8.85,Mirage,1,5,413,15
21-3-2020,19.86,Ash,11,6,1569,13
3-1-2022,3.78,Mirage,3,4,553,16
7-6-2020,22.51,Crypto,3,6,879,4
10-9-2022,0.61,Pathfinder,5,2,732,18
23-10-2019,10.99,Ash,10,8,3544,1
24-4-2019,18.19,Mad Maggie,5,3,926,4
16-7-2022,12.38,Ash,9,2,2061,16
29-1-2020,8.59,Bangalore,2,3,311,10
13-5-2020,24.6,Mirage,3,3,872,8
15-1-2021,28.71,Gibraltar,2,13,2136,17
31-10-2022,27.08,Pathfinder,2,6,764,19
4-11-2020,24.46,Pathfinder,12,2,2183,6
24-2-2022,23.44,Crypto,4,5,815,14
7-3-2019,23.51,Wattson,8,8,3023,1
17-12-2020,18.72,Wraith,2,9,1963,4
7-9-2019,22.26,Lifeline,10,12,3786,7
24-5-2022,28.76,Crypto,2,6,1233,9
3-1-2020,12.83,Bangalore,1,1,103,16
16-8-2021,19.12,Valkyrie,12,3,1679,1
13-11-2020,10.83,Mirage,1,1,350,17
13-5-2022,25.19,Pathfinder,6,12,3556,7
13-5-2019,26.62,Valkyrie,9,2,1546,14
10-7-2021,18.49,Valkyrie,10,3,919,10
15-12-2022,21.56,Wattson,5,5,1617,17
14-10-2019,25.93,Pathfinder,17,11,4465,12
13-11-2021,8.6,Mad Maggie,12,1,1605,12
25-1-2020,9.78,Valkyrie,6,7,1474,4
27-4-2020,10.93,Gibraltar,3,1,782,13
4-5-2019,4.61,Crypto,4,0,326,5
27-4-2020,2.27,Wraith,1,6,724,18
1-7-2022,13.7,Bloodhound,3,2,927,6
21-5-2019,5.47,Bangalore,4,11,1795,11
17-10-2020,17.21,Ash,4,3,623,19
6-5-2019,9.27,Wattson,2,0,214,3
14-2-2020,20.0,Wattson,8,4,1365,8
15-2-2021,14.32,Valkyrie,5,9,1599,9
22-9-2022,9.15,Gibraltar,3,0,458,1
24-8-2022,17.05,Bangalore,7,2,885,2
4-5-2020,20.08,Pathfinder,7,2,1376,11
28-7-2022,20.14,Pathfinder,2,5,1257,19
27-7-2019,19.28,Crypto,4,4,1157,2
10-11-2019,18.96,Wattson,1,6,980,7
25-10-2019,1.71,Wattson,8,16,3841,1
17-5-2019,15.18,Wattson,5,1,1049,8
22-11-2019,12.53,Ash,6,4,1904,17
8-10-2020,25.17,Bangalore,5,4,1001,16
13-4-2021,3.71,Bangalore,1,11,1442,19
11-3-2019,23.36,Valkyrie,12,2,3181,17
9-8-2021,7.69,Valkyrie,5,7,945,20
7-9-2019,6.43,Wraith,6,6,929,10
11-3-2020,3.14,Gibraltar,5,0,1090,16
14-10-2021,23.45,Ash,3,3,1214,8
18-12-2021,27.66,Bangalore,2,12,886,19
13-12-2019,17.05,Gibraltar,6,5,1279,3
23-4-2020,19.49,Crypto,13,7,2111,5
5-1-2020,17.53,Crypto,15,15,3263,11
26-12-2021,7.27,Wraith,0,0,0,17
4-12-2020,4.12,Mad Maggie,2,2,319,14
22-11-2021,25.51,Gibraltar,5,4,697,5
24-7-2019,18.42,Wraith,3,2,610,13
3-10-2020,17.73,Ash,9,3,1005,20
7-8-2021,3.1,Gibraltar,0,4,699,2
10-3-2019,2.07,Mirage,0,10,1456,20
12-10-2019,6.31,Valkyrie,1,12,1841,14
25-6-2019,23.54,Crypto,8,11,2018,7
11-10-2021,4.81,Gibraltar,8,12,2926,12
28-7-2019,7.82,Wraith,3,0,343,7
2-1-2020,21.75,Mirage,2,6,930,16
17-10-2022,21.08,Crypto,6,6,2111,15
24-9-2022,2.64,Wraith,0,12,1480,14
3-7-2020,18.13,Valkyrie,2,1,584,12
26-7-2021,6.85,Ash,6,2,815,10
14-5-2019,24.2,Bloodhound,3,6,709,15
28-7-2020,12.28,Ash,1,14,1580,10
12-8-2021,22.45,Wraith,7,15,4227,12
1-7-2022,2.24,Lifeline,0,0,0,5
3-7-2021,24.01,Wraith,2,8,1409,11
25-7-2021,6.44,Lifeline,4,2,897,8
22-2-2022,15.15,Pathfinder,2,12,1440,14
9-3-2019,6.49,Mirage,0,8,584,15
3-12-2020,13.32,Wattson,15,3,1386,4
21-2-2022,15.77,Ash,5,4,1142,16
17-10-2021,4.09,Pathfinder,3,2,1008,13
2-9-2021,18.56,Valkyrie,11,1,1783,1
30-11-2022,28.37,Mirage,16,12,5509,19
27-8-2019,2.86,Mirage,1,0,121,19
3-2-2022,8.86,Valkyrie,0,0,0,10
30-8-2021,8.25,Wraith,0,3,545,20
17-2-2021,12.82,Lifeline,1,13,1840,7
12-4-2021,7.19,Lifeline,7,4,1609,17
29-8-2020,22.88,Gibraltar,11,2,1679,19
7-11-2020,5.27,Bangalore,7,8,2379,11
10-10-2019,29.88,Lifeline,5,2,913,11
10-11-2021,24.56,Valkyrie,6,6,1416,2
26-7-2022,1.2,Lifeline,8,0,1127,8
6-4-2021,26.0,Ash,9,2,2372,4
27-9-2021,21.95,Bangalore,11,11,2551,13
12-6-2019,5.65,Ash,6,1,1283,11
14-10-2021,15.69,Bangalore,7,3,1410,2
26-11-2022,22.33,Mad Maggie,2,2,586,2
18-12-2019,14.84,Bloodhound,6,17,2276,3
16-9-2021,12.3,Pathfinder,1,2,475,9
7-10-2019,17.12,Mirage,14,5,3362,9
21-11-2019,0.29,Bangalore,2,5,983,3
16-4-2021,7.83,Bangalore,1,10,806,5
11-10-2022,5.98,Bloodhound,4,6,1545,18
10-11-2021,29.81,Bloodhound,7,5,2507,4
20-6-2021,25.66,Bloodhound,3,2,571,13
21-10-2019,27.84,Crypto,6,4,1503,14
29-10-2021,3.11,Bloodhound,1,5,456,6
10-5-2022,6.57,Mad Maggie,12,5,1012,17
3-10-2021,20.32,Mirage,4,10,1409,2
29-10-2019,22.1,Ash,13,11,1350,2
8-11-2022,3.99,Bloodhound,1,0,193,12
13-3-2021,15.32,Lifeline,7,1,740,8
27-12-2022,1.03,Lifeline,13,10,2329,1
28-3-2020,21.54,Pathfinder,16,12,1983,8
29-7-2021,16.76,Valkyrie,1,9,1000,17
15-4-2020,12.46,Wraith,6,6,2336,15
22-1-2021,5.21,Pathfinder,4,9,857,1
1-1-2022,12.15,Bangalore,11,7,3933,7
22-3-2021,25.87,Gibraltar,4,2,392,2
24-3-2021,1.61,Wattson,5,9,1610,2
5-11-2019,14.82,Bloodhound,1,3,543,3
14-3-2020,17.31,Bangalore,5,15,2933,13
1-10-2020,7.28,Bloodhound,0,14,1585,3
12-5-2021,23.96,Crypto,14,3,1581,10
16-5-2019,8.02,Bangalore,2,1,462,6
2-4-2021,1.3,Gibraltar,7,0,523,7
31-12-2020,8.24,Bloodhound,2,8,1346,5
15-5-2020,21.58,Mad Maggie,5,3,655,8
28-4-2022,7.33,Ash,4,4,779,12
18-4-2021,22.01,Mad Maggie,5,11,1918,7
18-9-2019,24.57,Wraith,8,3,1929,14
8-3-2019,5.13,Crypto,0,1,197,16
7-10-2021,20.93,Valkyrie,4,3,921,9
24-8-2022,2.35,Wattson,0,0,0,1
14-8-2019,12.78,Pathfinder,1,9,1481,15
31-10-2020,2.71,Gibraltar,2,3,467,2
21-9-2022,24.43,Bangalore,11,3,3079,9
4-11-2020,2.66,Wattson,10,5,2487,8
7-9-2020,12.3,Mad Maggie,6,4,1314,5
1-2-2020,20.72,Pathfinder,12,2,1605,7
13-1-2022,16.45,Mirage,3,1,770,19
14-6-2022,23.01,Crypto,2,13,1496,6
24-4-2019,9.9,Crypto,0,6,537,14
7-5-2021,8.28,Lifeline,2,1,308,17
23-11-2020,29.74,Crypto,3,3,887,18
18-2-2019,9.45,Valkyrie,2,6,953,7
13-3-2021,1.23,Mirage,0,3,352,14
31-3-2019,14.57,Wattson,14,1,968,16
30-12-2020,29.81,Mirage,3,4,1276,11
15-11-2021,8.6,Lifeline,6,1,1036,1
11-5-2022,9.37,Valkyrie,3,3,580,19
2-11-2019,0.35,Gibraltar,15,9,2117,12
12-2-2021,29.21,Valkyrie,6,14,1317,15
12-9-2021,5.59,Ash,11,0,1165,15
11-5-2020,4.76,Lifeline,17,0,3583,12
2-7-2022,1.29,Wattson,1,5,1107,7
30-6-2022,26.55,Bloodhound,6,3,1101,18
1-4-2022,14.3,Wraith,12,7,3927,3
30-11-2022,9.16,Mirage,5,6,1690,16
5-3-2019,21.58,Valkyrie,6,4,976,4
3-9-2021,12.13,Bloodhound,9,3,1683,20
17-12-2019,13.01,Bloodhound,7,1,1507,13
23-1-2021,7.04,Pathfinder,14,10,2734,12
10-2-2022,1.93,Valkyrie,0,5,930,10
25-4-2019,21.69,Pathfinder,4,9,2613,6
16-11-2020,16.18,Mad Maggie,5,3,477,5
6-12-2019,19.88,Lifeline,14,12,3161,15
9-4-2021,21.6,Wraith,2,4,1036,16
22-2-2020,0.1,Ash,0,9,566,5
20-7-2020,16.72,Valkyrie,8,3,1463,9
13-5-2019,29.67,Crypto,2,3,980,6
25-11-2021,19.97,Valkyrie,8,1,973,9
5-5-2019,15.58,Mirage,2,10,1325,11
8-11-2022,19.32,Mirage,6,4,1793,10
3-4-2019,24.95,Gibraltar,10,13,3238,14
31-7-2019,8.02,Valkyrie,0,17,2017,20
6-4-2022,28.46,Mirage,20,13,5417,10
23-11-2022,6.33,Bangalore,8,6,1392,16
17-10-2022,1.73,Mirage,10,1,1270,17
29-1-2021,21.25,Crypto,6,8,1736,13
3-5-2019,25.96,Ash,5,2,1358,4
20-10-2021,14.32,Valkyrie,11,4,1889,12
28-2-2020,9.84,Bangalore,16,1,2590,1
24-10-2019,11.57,Bloodhound,10,8,1422,14
26-4-2022,8.49,Wattson,3,12,1791,9
6-4-2022,20.86,Ash,3,14,2559,13
27-4-2022,26.57,Mad Maggie,16,7,5078,20
20-4-2019,27.12,Ash,9,4,1267,6
28-7-2021,27.41,Bangalore,4,3,700,13
20-2-2021,18.07,Mirage,1,14,1829,9
16-4-2020,23.53,Lifeline,3,2,568,12
3-8-2021,7.32,Lifeline,1,5,298,11
6-8-2020,20.1,Bloodhound,2,12,716,17
11-9-2021,29.86,Bangalore,6,9,2101,2
31-3-2021,9.73,Gibraltar,2,10,2319,6
3-8-2020,24.08,Bloodhound,6,14,3355,4
7-3-2019,3.13,Lifeline,5,0,1167,5
8-7-2020,6.74,Wattson,3,5,1045,14
9-3-2022,11.7,Gibraltar,9,2,2066,20
18-10-2021,6.97,Bloodhound,2,1,418,1
3-10-2022,0.94,Gibraltar,0,4,514,17
24-3-2019,0.71,Valkyrie,4,8,2194,16
10-4-2020,3.86,Lifeline,6,2,1309,15
11-9-2022,3.67,Gibraltar,0,0,0,9
30-9-2022,8.22,Wraith,1,0,222,1
6-6-2020,4.37,Wraith,13,3,2520,9
1-4-2022,27.13,Mirage,2,7,1280,19
4-10-2020,14.18,Lifeline,2,1,657,17
1-3-2019,6.36,Wattson,0,4,643,12
27-8-2022,9.16,Ash,1,1,413,11
25-12-2022,23.87,Lifeline,7,5,1940,7
22-12-2019,18.31,Mad Maggie,5,6,695,14
13-7-2019,29.23,Ash,5,5,1786,20
9-10-2021,26.76,Bangalore,2,4,516,20
18-7-2020,24.82,Wraith,12,6,1561,9
24-6-2021,28.97,Crypto,10,4,818,11
11-12-2022,19.95,Mad Maggie,3,13,2154,1
14-3-2020,0.48,Wraith,16,13,5761,11
25-10-2020,16.29,Wattson,6,10,2084,1
22-6-2022,23.95,Bloodhound,10,3,896,4
15-3-2021,21.5,Mirage,2,5,824,20
7-9-2021,13.5,Gibraltar,1,2,212,9
4-12-2019,2.06,Ash,1,0,95,20
18-10-2022,29.12,Wattson,8,2,1248,15
17-7-2019,26.15,Bangalore,7,2,654,1
11-12-2020,11.55,Valkyrie,12,3,1159,11
20-10-2019,0.84,Wraith,9,0,1537,5
9-5-2021,9.64,Mad Maggie,3,11,1122,12
1-8-2021,16.44,Mad Maggie,3,8,775,13
4-9-2020,10.22,Ash,1,9,704,3
23-11-2021,10.28,Bangalore,3,2,759,2
18-6-2019,17.46,Bloodhound,3,6,1250,12
25-4-2019,10.06,Wattson,15,5,3295,17
31-12-2022,19.83,Valkyrie,3,10,1434,11
15-7-2020,17.02,Lifeline,2,3,934,17
12-10-2020,3.2,Mad Maggie,2,4,1130,11
17-1-2022,6.7,Wattson,4,11,1189,2
17-9-2020,23.17,Wattson,6,15,3425,9
13-5-2022,23.56,Mirage,21,2,4467,20
5-11-2021,7.75,Gibraltar,5,14,1882,15
24-11-2019,20.42,Wattson,9,2,1389,7
6-4-2020,26.37,Mirage,15,9,4158,17
21-10-2022,27.92,Wattson,2,10,2145,5
25-1-2022,8.74,Crypto,4,0,355,8
22-4-2022,4.94,Lifeline,12,4,2183,4
17-5-2019,1.8,Crypto,6,2,756,1
9-12-2020,28.99,Lifeline,4,4,1037,19
6-7-2022,8.8,Wattson,1,3,218,4
28-4-2022,24.58,Wraith,10,2,1479,11
16-8-2019,18.79,Crypto,12,17,3848,14
29-12-2020,12.21,Crypto,6,7,1500,19
27-7-2020,0.85,Wraith,1,4,274,6
24-7-2022,28.09,Wraith,5,4,1958,16
20-10-2019,22.49,Valkyrie,2,8,1788,2
30-5-2021,21.53,Lifeline,10,10,2802,1
27-12-2020,13.64,Pathfinder,1,2,550,12
10-11-2021,14.56,Wattson,5,5,1812,19
13-8-2022,16.49,Bangalore,3,7,873,19
9-1-2020,23.42,Wraith,3,2,884,10
29-9-2022,3.96,Bloodhound,0,2,282,15
28-10-2021,25.59,Pathfinder,4,9,2516,16
23-8-2019,18.9,Ash,4,1,743,10
25-12-2020,0.63,Wattson,9,2,1155,18
29-5-2020,10.23,Ash,8,5,1629,10
17-10-2021,9.6,Bloodhound,8,5,1613,8
20-11-2022,22.51,Mirage,2,6,810,12
6-6-2021,12.15,Wraith,15,2,2066,10
23-12-2020,0.15,Wraith,17,0,3455,14
20-12-2020,26.29,Crypto,15,3,1339,17
6-7-2019,23.31,Pathfinder,16,2,3035,1
28-4-2020,6.21,Wraith,1,7,843,2
7-10-2021,22.34,Crypto,2,3,284,20
2-5-2021,23.54,Crypto,2,11,1905,5
23-4-2020,1.43,Ash,0,0,0,13
22-9-2019,4.02,Bloodhound,6,10,1093,7
6-1-2021,20.1,Pathfinder,17,7,2460,3
21-6-2022,15.4,Wraith,1,3,302,11
18-5-2019,7.48,Bangalore,7,0,1261,6
15-9-2022,6.23,Crypto,3,0,398,3
13-2-2022,1.95,Lifeline,7,13,2224,9
26-10-2019,2.37,Pathfinder,3,0,245,9
10-8-2019,25.17,Crypto,3,3,708,5
6-9-2022,6.97,Valkyrie,0,4,430,19
7-12-2020,19.88,Crypto,8,3,2080,9
17-11-2022,11.67,Crypto,2,12,774,20
14-12-2019,4.73,Bangalore,7,7,1127,15
10-7-2020,16.83,Gibraltar,3,9,696,15
19-10-2020,26.07,Ash,5,2,1243,12
27-8-2022,27.03,Crypto,2,13,1726,12
15-3-2021,4.31,Wraith,7,6,1507,14
1-1-2020,27.13,Ash,3,10,1222,18
13-7-2022,18.17,Ash,10,3,2071,15
11-9-2021,4.93,Ash,12,12,4744,18
11-4-2020,16.81,Crypto,3,16,3056,12
3-2-2021,29.63,Valkyrie,7,5,2497,13
19-1-2021,10.83,Gibraltar,7,3,583,7
19-4-2021,24.34,Gibraltar,7,7,1234,5
21-1-2021,28.71,Ash,2,14,2874,14
11-1-2021,6.9,Bangalore,16,0,2061,7
3-1-2021,1.9,Valkyrie,0,9,744,16
8-7-2020,24.72,Wattson,2,4,579,2
29-8-2019,19.99,Lifeline,2,4,376,1
29-10-2019,6.17,Valkyrie,2,12,1391,2
18-9-2022,11.46,Wraith,1,4,833,5
7-8-2022,18.17,Mad Maggie,4,4,556,6
15-10-2021,6.74,Lifeline,2,11,754,7
21-9-2020,20.68,Mirage,2,9,909,12
20-7-2020,23.02,Gibraltar,2,14,1429,20
3-10-2019,18.2,Crypto,11,1,1530,13
24-8-2020,13.79,Lifeline,6,5,800,11
18-3-2021,5.57,Wraith,11,3,3038,7
12-11-2021,22.58,Ash,7,4,1601,20
19-2-2020,20.81,Ash,3,7,1056,11
27-12-2019,6.16,Ash,9,5,2739,9
21-8-2020,17.91,Lifeline,2,2,557,1
28-9-2020,6.12,Pathfinder,9,7,2727,18
31-3-2021,26.48,Gibraltar,9,3,1732,19
19-12-2020,13.47,Ash,8,6,2246,12
1-8-2019,29.02,Bangalore,13,7,3351,7
17-7-2020,25.13,Lifeline,6,2,1641,4
16-4-2020,6.6,Gibraltar,0,0,0,6
6-10-2019,11.31,Mirage,1,18,3428,18
10-11-2020,0.49,Bloodhound,6,0,666,13
11-5-2022,13.24,Mad Maggie,5,13,2776,9
24-6-2021,2.89,Ash,4,9,1797,6
1-8-2019,29.32,Valkyrie,6,16,3137,7
5-3-2021,8.17,Mirage,0,3,208,18
8-5-2022,25.76,Mirage,9,12,4323,4
10-11-2019,11.58,Bloodhound,4,15,3586,2
16-7-2019,20.95,Bangalore,11,12,2990,1
17-12-2020,2.63,Lifeline,10,10,4163,1
4-2-2022,25.26,Wraith,4,3,882,12
30-6-2020,15.86,Pathfinder,11,4,3133,8
7-4-2021,27.34,Bangalore,12,7,1919,5
11-3-2021,4.47,Valkyrie,6,1,1213,8
16-1-2021,16.95,Mad Maggie,4,6,1319,19
2-10-2020,15.99,Wattson,1,5,354,19
4-9-2021,0.66,Bangalore,10,11,1403,17
5-2-2020,29.46,Bangalore,15,10,2528,17
26-8-2022,29.65,Bloodhound,4,6,1809,10
30-12-2020,17.29,Mad Maggie,13,1,1490,4
16-4-2022,27.95,Mad Maggie,4,2,472,5
18-9-2019,18.01,Crypto,2,8,1761,9
3-8-2019,27.9,Mad Maggie,3,7,762,11
26-7-2019,11.54,Ash,1,15,1967,13
29-9-2022,15.84,Gibraltar,8,4,1918,13
4-5-2020,24.77,Wattson,2,3,537,8
23-5-2019,28.76,Bloodhound,2,3,579,12
5-2-2020,15.19,Crypto,12,4,2601,6
4-5-2021,14.95,Wraith,2,3,478,19
21-11-2020,5.31,Mirage,4,13,2154,4
22-2-2021,5.65,Bloodhound,10,6,2966,10
4-4-2021,2.26,Pathfinder,4,0,317,6
23-1-2021,29.48,Bloodhound,9,17,1649,8
9-6-2019,15.76,Bloodhound,14,1,3334,8
8-10-2019,5.7,Mad Maggie,0,0,0,8
8-10-2021,26.44,Mad Maggie,10,4,2972,7
22-9-2022,12.59,Bangalore,2,7,1523,16
5-2-2021,2.05,Mad Maggie,3,6,1200,17
4-5-2021,7.5,Crypto,3,2,774,16
10-8-2019,21.84,Valkyrie,2,4,630,15
26-6-2021,7.47,Ash,3,5,1354,4
1-6-2021,26.51,Crypto,12,2,2090,8
8-5-2022,27.39,Wattson,12,7,1765,17
20-10-2020,20.0,Gibraltar,3,4,1186,5
10-5-2021,15.94,Crypto,1,15,2057,12
22-10-2022,8.26,Mad Maggie,4,11,2401,20
6-3-2019,3.69,Pathfinder,0,5,648,9
24-12-2021,5.91,Lifeline,8,7,1545,2
28-9-2021,29.22,Wattson,11,2,1206,5
8-1-2021,4.15,Mirage,7,0,653,14
21-5-2020,9.58,Pathfinder,1,3,557,11
6-1-2021,21.53,Wraith,6,4,1827,7
3-5-2021,20.61,Bangalore,17,5,3099,2
19-6-2019,8.78,Pathfinder,5,1,586,17
21-3-2022,24.32,Crypto,11,7,1328,14
18-10-2021,15.74,Wraith,1,5,808,17
5-4-2019,13.15,Wraith,11,8,2062,15
17-9-2020,15.1,Wattson,6,13,1302,10
16-8-2022,0.05,Pathfinder,3,3,551,13
28-6-2019,27.44,Wattson,12,4,2281,1
23-11-2019,25.97,Crypto,8,3,1988,15
22-6-2022,5.17,Valkyrie,1,1,316,10
13-4-2022,21.55,Lifeline,2,14,2896,2
16-7-2022,1.45,Valkyrie,11,3,2483,7
16-3-2021,17.87,Mirage,4,6,601,7
30-11-2019,1.67,Bloodhound,0,2,321,20
28-4-2021,27.08,Mad Maggie,3,2,779,8
30-7-2021,1.22,Bloodhound,0,12,1316,1
13-12-2020,1.81,Bloodhound,3,9,1306,20
26-4-2021,15.39,Pathfinder,6,3,1146,14
19-4-2022,4.36,Valkyrie,3,1,485,3
11-4-2021,20.19,Crypto,6,3,1700,16
7-9-2021,29.99,Wraith,15,2,1183,10
24-11-2021,19.16,Lifeline,1,11,896,6
22-6-2022,4.78,Gibraltar,9,4,2322,13
31-3-2022,12.89,Valkyrie,1,5,733,12
4-5-2020,10.2,Ash,8,1,1228,2
5-12-2021,17.15,Bangalore,3,6,1791,16
4-12-2021,7.66,Mad Maggie,1,9,513,20
4-1-2020,26.95,Valkyrie,3,8,1798,3
2-4-2019,21.41,Mad Maggie,4,7,1484,20
30-3-2019,21.64,Mad Maggie,4,6,2074,13
2-5-2019,20.33,Lifeline,6,5,1181,12
25-3-2022,14.89,Pathfinder,4,20,3204,10
6-9-2021,19.28,Bangalore,18,7,4830,1
9-8-2022,16.89,Lifeline,4,1,505,8
16-7-2022,3.53,Wraith,10,1,2075,11
14-12-2019,8.5,Ash,1,2,159,5
10-10-2019,8.57,Pathfinder,2,5,892,20
7-6-2019,0.04,Ash,7,7,1478,14
16-1-2022,17.35,Bloodhound,2,3,814,20
20-8-2020,12.74,Bangalore,3,8,1756,5
25-5-2021,17.77,Lifeline,2,13,1922,9
2-9-2022,21.62,Lifeline,3,12,1386,12
30-4-2019,24.42,Gibraltar,13,2,2565,4
25-11-2020,7.53,Mirage,0,0,0,18
28-4-2020,17.07,Crypto,1,7,1332,11
15-5-2022,16.86,Wattson,7,4,2286,3
21-1-2020,6.45,Valkyrie,0,13,686,17
9-6-2020,14.92,Crypto,7,1,1746,2
11-10-2019,22.52,Valkyrie,11,4,2481,14
18-9-2022,7.45,Lifeline,2,1,509,18
6-5-2021,8.68,Bloodhound,1,2,223,5
18-7-2022,15.62,Ash,6,2,1167,1
19-6-2019,14.96,Valkyrie,6,6,1150,1
29-7-2019,21.53,Bangalore,13,13,4772,18
27-10-2022,23.92,Ash,2,6,921,16
24-10-2021,13.9,Wraith,2,15,1075,4
22-4-2022,10.15,Lifeline,10,3,1096,5
6-10-2021,18.53,Valkyrie,7,4,1885,6
21-2-2021,0.39,Mad Maggie,9,0,1308,12
8-1-2022,5.49,Mirage,10,1,2141,18
2-10-2020,8.59,Mad Maggie,2,10,751,16
13-9-2022,20.87,Valkyrie,4,4,728,2
15-9-2021,1.22,Wraith,0,7,556,1
27-6-2022,13.51,Wraith,3,3,960,5
25-4-2021,6.93,Ash,4,4,751,6
10-12-2020,26.45,Mirage,12,7,1596,15
25-6-2021,16.55,Wraith,9,5,3086,18
3-2-2020,14.96,Wraith,5,11,3140,11
29-11-2022,28.07,Mirage,2,4,643,18
5-7-2021,18.61,Wraith,3,1,273,18
6-5-2019,3.67,Ash,3,8,1537,19
1-6-2021,24.53,Crypto,4,5,1718,5
29-12-2020,11.18,Bloodhound,7,9,3135,8
30-11-2022,10.09,Valkyrie,2,3,426,14
15-8-2020,22.92,Mirage,9,5,2646,1
25-6-2022,12.17,Wraith,4,1,389,14
27-9-2022,17.23,Crypto,1,2,268,16
1-5-2022,0.15,Mirage,4,1,702,9
16-2-2019,28.34,Lifeline,4,3,504,12
10-2-2021,8.76,Bangalore,0,10,1044,1
21-5-2021,29.09,Gibraltar,7,5,2566,4
28-4-2021,7.46,Mad Maggie,1,2,330,18
9-5-2021,3.16,Mirage,2,2,806,2
17-3-2022,3.85,Crypto,2,14,1558,3
27-11-2022,18.77,Wraith,6,14,4032,7
25-1-2021,0.4,Ash,0,18,1699,3
11-12-2021,4.36,Gibraltar,6,10,2528,6
30-3-2019,11.27,Bloodhound,9,1,1956,9
16-8-2019,15.02,Valkyrie,2,11,1372,7
3-7-2020,10.04,Valkyrie,8,4,1950,17
25-9-2021,26.03,Pathfinder,3,2,845,4
27-7-2022,19.33,Wattson,6,3,605,12
12-5-2022,17.95,Crypto,2,13,2039,5
19-11-2021,7.55,Crypto,0,0,0,1
16-4-2021,21.89,Mirage,5,13,3356,19
23-5-2019,6.9,Lifeline,9,0,1048,6
24-9-2022,19.49,Valkyrie,3,3,997,9
16-4-2019,19.46,Mad Maggie,2,2,720,10
6-10-2021,18.4,Bloodhound,10,1,1302,18
28-7-2022,29.23,Pathfinder,4,3,453,15
30-7-2021,5.47,Bangalore,1,0,104,20
22-8-2021,1.17,Pathfinder,10,0,1678,11
24-6-2019,5.63,Gibraltar,2,4,328,4
7-8-2020,16.49,Valkyrie,14,1,3068,14
24-5-2020,18.35,Valkyrie,3,8,1668,18
24-4-2020,13.87,Wattson,19,5,4480,7
7-6-2021,27.08,Lifeline,2,9,1549,11
28-1-2022,9.77,Crypto,17,4,4447,2
21-9-2019,17.9,Valkyrie,1,3,256,19
19-11-2019,20.01,Ash,3,8,681,16
11-8-2020,3.21,Lifeline,1,5,997,1
10-4-2020,12.32,Pathfinder,8,1,1449,4
8-4-2019,21.62,Ash,20,10,4111,3
9-7-2019,9.21,Valkyrie,0,4,697,3
21-8-2021,27.9,Gibraltar,13,10,3138,5
10-7-2021,23.08,Mad Maggie,3,2,1034,13
6-3-2019,9.87,Bloodhound,4,3,867,1
17-7-2020,9.23,Lifeline,0,11,1609,6
24-8-2022,24.49,Wattson,3,2,499,3
9-7-2020,4.56,Pathfinder,9,0,1967,8
18-12-2022,16.19,Gibraltar,1,9,1458,14
1-8-2019,16.21,Pathfinder,4,2,852,14
10-8-2020,12.47,Crypto,1,8,1585,18
10-6-2020,4.65,Pathfinder,4,10,2790,16
15-6-2021,29.58,Gibraltar,16,5,4525,10
5-6-2019,12.7,Wraith,19,1,2162,3
20-10-2022,10.28,Valkyrie,3,2,732,3
3-11-2022,1.52,Pathfinder,0,2,376,18
17-2-2022,22.31,Wraith,11,15,3610,17
5-2-2020,0.82,Lifeline,6,11,1068,14
15-1-2021,4.15,Bloodhound,12,2,1266,8
11-2-2021,2.77,Bloodhound,10,7,2008,18
7-8-2019,25.58,Valkyrie,10,2,913,9
5-12-2021,15.34,Wattson,5,4,1058,14
17-2-2020,3.04,Mad Maggie,2,3,840,19
26-10-2022,23.97,Ash,3,4,1179,5
15-1-2022,21.35,Bangalore,10,12,2809,1
19-6-2022,26.04,Wraith,15,7,3489,19
26-7-2021,18.23,Mirage,11,2,2621,18
7-2-2020,26.18,Bloodhound,12,13,4086,16
27-8-2020,5.02,Wraith,10,5,897,10
13-11-2021,21.73,Mad Maggie,6,3,1443,8
8-5-2022,17.3,Lifeline,4,15,1062,6
9-4-2022,25.97,Ash,13,2,1198,5
18-11-2019,13.1,Pathfinder,7,12,3910,11
11-6-2022,29.21,Bloodhound,7,13,3286,13
6-11-2020,28.47,Mad Maggie,4,5,1770,20
15-6-2020,27.71,Mad Maggie,14,2,3419,19
28-11-2021,23.18,Valkyrie,9,8,1653,8
25-11-2021,10.49,Wattson,7,1,713,13
31-7-2021,24.68,Lifeline,6,7,1308,13
19-12-2020,3.32,Gibraltar,10,3,2367,4
2-2-2022,23.66,Mirage,4,10,1009,6
15-1-2021,2.31,Ash,0,12,2234,7
7-2-2022,15.74,Wattson,10,2,2064,7
14-2-2021,24.99,Wattson,17,2,1781,17
19-10-2019,27.73,Pathfinder,9,5,2660,8
13-2-2021,20.09,Lifeline,2,6,1579,10
8-12-2019,23.58,Pathfinder,3,6,1434,14
15-5-2021,3.71,Pathfinder,11,6,1561,1
4-11-2019,7.73,Lifeline,7,8,2492,14
3-2-2021,11.94,Gibraltar,1,8,1139,2
6-4-2021,2.07,Mad Maggie,0,0,0,10
26-11-2019,22.72,Bloodhound,7,13,1100,1
20-7-2022,13.2,Wattson,7,2,1834,12
18-11-2021,1.57,Ash,11,1,2773,16
12-4-2022,0.61,Ash,8,1,889,20
27-2-2019,16.97,Bangalore,4,12,3215,4
21-3-2020,11.05,Bangalore,14,9,2099,12
20-4-2022,8.45,Wattson,9,4,2056,5
26-3-2021,23.09,Lifeline,4,4,1329,4
1-1-2021,4.68,Valkyrie,9,14,3268,19
10-4-2022,6.83,Valkyrie,10,0,703,16
28-6-2021,21.81,Bangalore,16,10,1700,11
19-2-2019,4.36,Mad Maggie,0,6,997,5
23-5-2022,14.27,Ash,11,5,1948,14
6-6-2020,17.2,Mad Maggie,1,1,396,19
4-8-2022,6.24,Wattson,8,3,1059,4
3-11-2022,29.02,Mirage,11,14,3354,7
27-6-2021,0.91,Lifeline,2,2,666,8
21-9-2021,7.52,Bloodhound,12,0,2408,1
3-4-2019,11.81,Mad Maggie,5,16,1539,15
23-9-2020,25.34,Lifeline,8,2,1181,14
22-11-2022,14.79,Lifeline,6,1,456,6
9-7-2020,14.07,Ash,1,1,378,8
10-5-2019,28.12,Wattson,4,2,768,12
13-7-2021,26.53,Pathfinder,11,8,3131,20
18-9-2021,24.87,Crypto,3,2,679,16
5-3-2019,23.24,Bloodhound,19,2,2948,6
26-10-2019,19.96,Bangalore,3,5,549,7
30-7-2019,5.17,Wraith,0,16,2167,18
30-4-2019,14.58,Valkyrie,10,2,1799,6
21-9-2020,15.15,Pathfinder,7,4,1471,14
4-4-2022,23.89,Ash,9,9,3131,6
6-7-2019,29.38,Lifeline,8,6,1544,6
23-3-2021,11.3,Wraith,16,12,1572,13
10-10-2022,17.67,Wattson,5,10,1973,7
19-2-2020,22.07,Wraith,11,5,1482,15
19-8-2021,23.68,Bloodhound,13,3,1425,11
27-8-2020,24.7,Bloodhound,8,9,2182,1
14-10-2022,12.34,Wraith,8,3,1320,3
11-9-2021,12.46,Pathfinder,1,6,970,2
28-2-2021,6.56,Wraith,2,18,2085,13
4-7-2019,21.0,Pathfinder,3,3,833,11
3-5-2021,3.32,Crypto,3,3,1027,3
10-6-2019,20.52,Mirage,4,7,1740,9
14-5-2019,10.96,Lifeline,4,7,1854,10
12-6-2020,6.13,Mirage,0,2,198,16
25-5-2022,20.63,Mad Maggie,3,3,535,10
4-12-2022,0.87,Mad Maggie,4,5,624,6
29-12-2019,11.55,Valkyrie,1,3,604,17
5-3-2020,19.56,Bangalore,3,7,1561,3
2-9-2020,7.58,Bangalore,7,18,3712,13
12-7-2021,8.19,Wattson,5,13,2656,8
10-9-2020,26.43,Ash,6,9,2929,5
13-9-2021,7.02,Mad Maggie,0,0,0,16
21-10-2022,12.08,Wattson,4,9,2237,13
18-6-2021,2.08,Crypto,8,15,1477,5
16-4-2020,21.64,Crypto,4,3,1535,1
6-8-2021,29.97,Wattson,5,3,1589,16
29-3-2019,6.07,Bangalore,4,0,834,7
11-8-2019,24.7,Lifeline,9,4,2593,5
16-3-2021,23.65,Mad Maggie,2,15,1859,13
31-10-2019,9.46,Mad Maggie,0,5,347,10
1-4-2020,22.67,Wraith,9,3,2298,5
15-6-2019,25.1,Ash,4,2,564,2
2-7-2022,1.85,Ash,1,0,136,11
15-6-2022,10.96,Bangalore,4,1,960,8
25-10-2019,8.07,Valkyrie,7,19,3962,18
3-12-2021,16.41,Mad Maggie,1,6,1275,6
30-1-2022,2.98,Crypto,2,4,795,13
5-9-2019,23.49,Pathfinder,2,3,691,10
17-7-2022,25.94,Gibraltar,5,11,2232,3
12-10-2021,5.87,Wattson,0,3,258,5
22-12-2021,3.36,Wraith,5,0,855,11
25-9-2019,21.18,Ash,4,7,849,1
6-12-2019,18.39,Crypto,1,4,775,12
9-2-2020,23.72,Lifeline,2,3,481,20
31-12-2021,25.94,Mirage,7,6,2013,13
17-6-2020,0.61,Ash,2,3,531,6
21-11-2019,14.71,Lifeline,6,7,1366,13
28-2-2022,7.2,Ash,2,1,589,16
21-2-2020,9.48,Bloodhound,18,4,2458,17
6-3-2019,6.84,Pathfinder,1,7,819,18
28-4-2020,26.62,Bloodhound,3,7,2031,6
27-4-2020,11.19,Lifeline,4,1,871,14
9-9-2021,28.54,Mad Maggie,7,14,3730,19
26-6-2021,9.37,Mad Maggie,5,18,4385,15
10-7-2021,0.08,Gibraltar,14,1,915,14
5-6-2022,10.41,Pathfinder,3,12,2896,5
11-12-2021,3.37,Ash,5,5,1205,13
30-6-2019,16.62,Valkyrie,12,3,2961,8
27-1-2022,22.9,Bloodhound,5,3,1424,20
14-12-2019,19.55,Gibraltar,1,5,418,3
22-8-2021,27.99,Lifeline,2,17,1606,5
31-10-2022,3.73,Wraith,5,14,3089,7
20-12-2021,28.93,Bangalore,2,16,3177,6
31-8-2022,28.43,Mirage,6,3,1270,4
27-11-2021,18.87,Wraith,1,5,1062,16
9-7-2019,8.61,Crypto,0,6,412,19
17-6-2020,29.24,Mad Maggie,4,15,2193,11
7-3-2022,3.54,Lifeline,6,0,827,9
30-6-2019,6.09,Mirage,14,7,3641,8
7-2-2021,8.69,Wraith,2,6,447,20
15-11-2019,13.53,Crypto,13,15,5731,6
31-1-2020,6.09,Gibraltar,10,14,2046,13
16-1-2020,10.39,Mad Maggie,3,9,2449,18
5-12-2019,6.71,Crypto,0,4,255,19
17-10-2022,13.48,Mad Maggie,6,9,2163,10
2-12-2021,14.89,Crypto,11,13,3056,15
19-2-2019,3.18,Mirage,4,4,1166,12
12-8-2021,7.58,Ash,3,1,590,4
30-5-2020,0.61,Valkyrie,0,7,465,2
8-1-2022,3.25,Bangalore,9,1,1489,15
1-7-2020,13.92,Bloodhound,8,2,1329,18
8-6-2019,19.5,Crypto,2,10,969,7
16-9-2021,8.14,Lifeline,2,0,266,13
27-5-2021,6.46,Crypto,7,0,1102,17
26-4-2019,5.03,Pathfinder,0,4,215,18
14-1-2020,1.1,Pathfinder,6,9,1035,14
13-3-2021,4.99,Bangalore,13,7,1893,1
9-8-2020,20.25,Crypto,5,4,1016,13
29-10-2019,16.61,Mirage,2,1,370,18
17-11-2021,19.63,Bangalore,4,1,549,13
8-3-2019,0.74,Valkyrie,14,0,3004,13
13-2-2021,1.47,Bangalore,0,1,132,8
6-4-2020,10.4,Lifeline,4,4,1024,2
1-8-2022,22.74,Valkyrie,4,17,4011,17
30-10-2020,19.83,Wattson,6,2,1486,4
25-9-2021,13.01,Bloodhound,3,3,761,16
22-9-2022,19.0,Mirage,1,2,166,12
5-6-2021,4.32,Wraith,5,13,1262,3
20-3-2021,17.42,Wattson,2,1,581,17
8-10-2020,18.09,Valkyrie,2,6,823,11
8-9-2022,5.16,Bloodhound,7,1,1180,5
9-11-2019,10.76,Crypto,11,5,1020,3
6-8-2022,0.33,Crypto,11,6,2456,5
30-10-2019,7.96,Bangalore,4,9,900,9
3-10-2021,17.17,Valkyrie,5,7,988,9
17-6-2021,6.89,Ash,1,2,170,14
17-7-2021,18.61,Ash,6,4,1637,19
23-2-2021,29.65,Crypto,10,6,1712,11
3-11-2022,4.22,Mad Maggie,2,15,1924,18
26-7-2021,27.59,Ash,3,11,2066,11
28-4-2021,19.87,Ash,1,3,651,1
12-5-2020,5.58,Wraith,0,2,278,13
29-7-2020,24.59,Lifeline,2,2,349,17
14-2-2021,5.27,Crypto,10,5,2763,11
21-7-2022,5.97,Bangalore,6,14,3738,4
27-2-2020,22.93,Pathfinder,2,6,512,17
5-8-2022,25.46,Lifeline,2,14,1910,18
10-9-2021,8.48,Wattson,2,2,470,15
8-10-2022,8.54,Wattson,7,1,1071,2
23-1-2020,23.22,Mirage,2,4,702,15
15-3-2021,3.7,Bangalore,15,3,1035,4
9-8-2020,6.36,Wattson,19,11,6324,18
6-9-2022,20.07,Lifeline,4,2,1352,4
24-1-2020,27.75,Lifeline,5,16,3344,16
22-5-2019,20.41,Lifeline,3,14,1995,11
24-1-2022,22.58,Valkyrie,3,11,2495,11
4-6-2020,15.49,Lifeline,12,2,891,6
30-4-2022,20.9,Wraith,18,14,5637,12
13-7-2020,27.53,Mirage,4,10,1071,20
20-4-2022,13.45,Bangalore,8,11,3706,5
14-3-2019,21.67,Wraith,13,10,4543,5
10-11-2021,19.18,Crypto,13,2,2999,6
30-1-2020,10.66,Pathfinder,4,8,958,3
25-4-2019,25.5,Mad Maggie,7,4,1450,13
4-4-2020,8.48,Wraith,0,0,0,16
27-8-2019,18.14,Ash,2,2,400,9
13-6-2019,9.05,Lifeline,8,3,847,16
3-9-2019,16.19,Wraith,8,4,2171,6
15-6-2021,0.52,Bloodhound,19,2,4518,9
14-12-2019,25.88,Gibraltar,17,3,2671,14
11-4-2021,29.77,Bloodhound,3,9,2087,11
25-7-2022,9.61,Gibraltar,3,10,2243,6
15-3-2019,1.86,Mad Maggie,4,1,757,3
5-7-2021,15.08,Wattson,2,2,384,10
18-8-2019,11.35,Lifeline,4,10,2767,16
1-5-2021,22.2,Gibraltar,13,2,1467,5
9-2-2019,7.38,Ash,0,8,1145,18
21-8-2020,15.97,Lifeline,1,4,664,12
6-1-2022,27.38,Bangalore,6,5,705,2
11-3-2022,24.62,Lifeline,3,2,865,6
9-3-2020,27.22,Crypto,3,3,1038,19
10-4-2019,24.71,Pathfinder,2,10,2356,13
8-12-2020,5.25,Mad Maggie,1,0,96,9
12-2-2021,26.11,Pathfinder,5,7,1652,2
6-12-2021,29.25,Pathfinder,2,10,1011,2
13-6-2021,25.8,Valkyrie,12,8,1086,13
20-9-2022,0.28,Bangalore,5,1,1052,3
27-3-2020,16.44,Wattson,1,1,114,15
30-12-2020,7.03,Gibraltar,9,3,1525,3
23-10-2021,12.36,Bloodhound,6,3,1006,4
24-2-2019,13.42,Valkyrie,4,1,1166,11
18-2-2021,13.97,Ash,2,8,1300,12
25-3-2021,19.14,Bloodhound,15,6,3227,5
26-5-2021,23.83,Bangalore,19,9,4162,15
16-11-2021,20.6,Lifeline,11,5,2710,2
13-3-2019,1.06,Wattson,3,2,809,15
8-8-2020,24.73,Ash,4,4,450,7
19-11-2021,5.51,Gibraltar,4,3,1143,16
23-2-2020,15.02,Lifeline,13,2,2955,14
6-3-2021,4.21,Mad Maggie,2,16,2831,4
28-9-2021,15.63,Wattson,6,3,1265,8
23-7-2020,24.51,Bangalore,2,14,3130,15
2-9-2021,6.02,Mad Maggie,1,3,342,4
18-10-2022,13.03,Crypto,3,1,509,15
20-9-2022,8.48,Mad Maggie,12,0,920,19
2-12-2019,26.96,Bloodhound,5,9,904,2
21-9-2019,8.77,Lifeline,2,0,227,17
27-7-2020,29.64,Crypto,11,15,3654,18
8-5-2020,11.27,Mad Maggie,6,10,2981,6
7-10-2019,22.74,Crypto,14,5,3710,11
23-6-2021,4.03,Mad Maggie,9,3,2686,13
7-4-2021,2.71,Bloodhound,10,1,2390,13
23-10-2019,24.3,Ash,12,10,1432,20
8-8-2021,11.47,Pathfinder,5,3,634,2
25-5-2022,25.82,Crypto,7,6,839,14
14-9-2021,8.09,Wraith,5,9,1291,2
29-6-2019,19.5,Lifeline,8,1,731,12
22-5-2021,0.26,Mirage,1,1,236,6
23-4-2022,13.78,Pathfinder,1,6,1018,2
24-11-2020,29.47,Bloodhound,12,3,2508,18
27-4-2020,15.12,Ash,4,1,525,16
19-6-2021,15.64,Wattson,5,1,1027,9
15-5-2021,8.1,Ash,0,6,544,11
26-3-2020,23.98,Crypto,15,14,3945,11
19-9-2021,24.09,Pathfinder,6,4,724,2
29-6-2020,14.84,Gibraltar,1,15,2096,10
26-3-2020,11.78,Crypto,3,5,976,15
12-3-2020,2.34,Valkyrie,9,1,904,10
1-6-2019,21.47,Wraith,8,2,1154,12
23-9-2020,17.96,Mirage,2,1,440,3
13-12-2022,15.77,Mad Maggie,3,7,1184,9
15-7-2022,16.65,Wraith,1,3,283,8
1-1-2020,3.41,Mad Maggie,3,6,1197,6
5-5-2022,22.2,Ash,4,6,569,2
8-4-2021,7.07,Ash,3,0,196,7
10-2-2019,12.1,Mirage,14,6,1669,8
24-1-2020,1.98,Lifeline,1,0,165,3
10-6-2020,4.19,Wraith,6,9,1555,17
12-6-2022,19.26,Bloodhound,1,7,603,16
25-11-2022,24.35,Bloodhound,15,4,3569,3
5-4-2019,22.92,Valkyrie,4,5,1784,5
16-12-2019,21.96,Mad Maggie,5,5,1201,1
28-10-2021,9.99,Valkyrie,1,6,1398,6
9-7-2020,11.57,Valkyrie,7,2,1134,4
16-4-2020,16.65,Gibraltar,2,7,1689,7
5-10-2021,24.03,Gibraltar,7,5,2600,17
17-2-2019,10.51,Crypto,3,9,2213,2
20-6-2019,8.07,Mad Maggie,1,0,207,1
28-8-2021,9.75,Mirage,11,0,1233,4
23-2-2019,13.17,Mad Maggie,12,8,4350,16
18-11-2019,16.96,Pathfinder,12,3,1785,5
18-9-2019,21.34,Bloodhound,3,19,2588,18
17-9-2022,7.12,Ash,9,5,2424,18
6-6-2020,14.19,Lifeline,1,6,1167,16
29-12-2020,27.26,Ash,3,8,1703,15
4-10-2021,23.85,Bangalore,2,3,973,13
19-9-2021,11.8,Gibraltar,14,12,3222,19
10-3-2022,17.46,Mirage,12,9,3845,7
6-1-2021,8.78,Crypto,10,5,1618,7
10-6-2021,13.3,Bangalore,5,2,557,8
27-3-2020,1.78,Crypto,7,2,1232,1
8-10-2022,8.94,Lifeline,7,2,1968,2
30-9-2021,21.27,Ash,4,2,1140,16
24-12-2022,4.23,Bangalore,3,10,2566,15
24-12-2022,23.29,Valkyrie,4,4,595,1
11-10-2019,28.17,Ash,5,11,872,3
24-12-2021,16.99,Crypto,1,2,513,8
28-4-2022,14.07,Valkyrie,1,9,1486,5
7-5-2022,5.32,Bangalore,3,9,2107,9
27-7-2019,16.34,Lifeline,1,10,1617,15
22-3-2022,16.99,Gibraltar,9,12,1474,20
6-6-2022,11.25,Bloodhound,10,18,2424,3
11-4-2021,8.49,Bloodhound,12,0,1228,15
29-4-2020,29.98,Wattson,2,15,2986,19
1-10-2021,15.57,Wraith,12,2,1403,13
27-11-2022,4.38,Wraith,5,1,742,16
20-4-2019,7.53,Valkyrie,1,9,1500,13
16-11-2019,1.04,Wraith,4,14,2568,8
26-10-2019,26.78,Mad Maggie,4,6,524,8
3-10-2022,2.33,Bangalore,5,14,1441,7
3-1-2022,17.48,Ash,3,8,1243,15
15-4-2019,10.05,Lifeline,14,2,2535,15
24-8-2020,25.97,Wattson,6,4,1658,19
29-10-2019,3.44,Lifeline,1,12,2485,16
14-4-2019,26.85,Mirage,3,2,870,1
13-12-2020,10.49,Lifeline,3,8,1778,8
2-6-2021,21.64,Mad Maggie,4,6,1538,17
21-12-2021,16.34,Mirage,7,17,2391,2
6-1-2020,15.18,Crypto,1,4,1002,7
3-10-2022,18.3,Wattson,4,3,721,20
16-12-2021,27.5,Bangalore,7,3,637,13
19-12-2021,5.56,Mirage,16,0,1317,12
21-3-2021,13.49,Mad Maggie,7,16,1351,13
15-8-2021,28.45,Bloodhound,3,14,3109,4
11-12-2021,11.3,Mirage,2,4,712,20
24-1-2022,5.62,Crypto,3,7,1053,17
6-5-2019,26.06,Bloodhound,3,2,877,1
16-2-2021,25.78,Valkyrie,3,12,1463,18
28-12-2021,6.67,Bloodhound,12,10,3090,2
6-5-2020,19.04,Bloodhound,2,7,1706,14
7-1-2021,21.54,Mirage,4,3,1067,18
5-9-2020,0.56,Gibraltar,5,4,1310,18
11-11-2019,11.19,Ash,2,1,283,10
11-4-2019,23.71,Lifeline,3,10,2366,19
14-1-2020,6.27,Crypto,0,7,366,19
20-2-2019,19.05,Wattson,2,11,2497,5
26-5-2020,16.29,Bangalore,11,1,1723,7
31-5-2021,0.72,Wraith,0,10,1005,4
4-5-2022,17.49,Mirage,2,1,428,18
30-5-2021,15.66,Wraith,5,15,2013,1
25-12-2019,8.51,Bangalore,5,8,2086,9
16-7-2019,24.47,Bangalore,3,2,874,7
6-10-2020,22.52,Wraith,9,2,2260,7
22-2-2019,10.42,Bloodhound,2,2,831,11
30-1-2021,22.66,Mad Maggie,6,7,1552,11
21-10-2021,12.2,Mirage,14,6,2537,2
18-7-2021,21.96,Gibraltar,3,3,1069,11
23-12-2019,2.65,Wraith,1,1,355,3
21-11-2020,6.85,Wraith,2,0,388,6
27-8-2020,28.7,Pathfinder,6,19,1671,2
2-12-2021,2.0,Crypto,8,2,711,7
20-6-2019,13.87,Lifeline,11,7,2778,16
31-10-2021,18.29,Mad Maggie,3,10,1934,18
26-9-2022,21.25,Wattson,9,4,2699,19
27-6-2022,25.89,Lifeline,3,11,1205,19
6-3-2020,4.53,Valkyrie,3,0,364,2
30-11-2019,24.79,Wattson,2,8,1995,14
11-3-2022,20.57,Wraith,6,11,1757,10
22-9-2021,23.24,Crypto,5,2,821,4
21-10-2021,1.52,Valkyrie,2,2,781,8
11-2-2021,22.68,Valkyrie,5,5,1354,17
23-9-2022,11.12,Wattson,2,8,774,6
16-9-2021,10.16,Lifeline,5,8,1473,2
25-6-2019,26.64,Mad Maggie,3,12,2923,17
22-5-2021,10.3,Wraith,20,4,4732,18
14-12-2021,7.82,Wraith,3,1,795,6
22-4-2022,17.48,Ash,3,4,1233,15
26-8-2020,6.49,Bangalore,4,5,825,10
26-11-2022,12.79,Wattson,3,8,1263,7
6-6-2021,19.89,Ash,11,3,982,7
15-7-2019,9.68,Mirage,5,9,2227,3
19-12-2022,4.79,Lifeline,6,1,1282,11
27-2-2020,9.39,Mirage,3,16,3000,18
5-9-2022,1.63,Wraith,0,8,375,18
31-8-2022,14.86,Valkyrie,2,1,477,13
8-9-2021,2.0,Mad Maggie,0,6,1084,7
27-9-2020,5.87,Lifeline,2,4,548,19
22-8-2020,0.78,Mirage,12,0,2716,7
28-11-2019,16.54,Pathfinder,11,8,3177,14
13-11-2019,21.4,Mad Maggie,12,3,1820,3
29-10-2021,29.11,Ash,2,6,601,1
16-7-2020,23.31,Valkyrie,2,11,2251,14
27-7-2019,11.92,Mirage,1,16,2354,20
13-11-2020,9.54,Lifeline,0,0,0,12
19-2-2020,21.66,Gibraltar,6,5,2026,15
11-5-2022,8.76,Ash,2,0,252,8
25-4-2019,24.85,Pathfinder,2,11,1009,11
16-6-2021,2.37,Lifeline,2,4,1029,12
4-4-2022,25.62,Bangalore,2,12,2001,2
26-4-2022,9.29,Valkyrie,8,1,847,20
9-4-2021,12.11,Wattson,8,1,1425,14
22-4-2022,23.43,Bloodhound,13,13,3719,11
25-11-2021,5.56,Ash,14,0,2459,18
24-3-2022,16.83,Pathfinder,9,6,1527,1
11-8-2020,17.23,Wraith,13,6,2375,5
22-8-2019,3.54,Bangalore,5,0,452,10
20-8-2021,7.39,Ash,0,6,440,14
8-3-2022,17.46,Gibraltar,1,2,418,18
22-9-2019,0.36,Wattson,7,13,3162,19
11-10-2021,25.95,Mad Maggie,5,2,1183,14
21-4-2022,14.38,Bangalore,5,3,1417,16
3-6-2020,22.0,Mad Maggie,9,5,2909,17
19-9-2019,7.15,Lifeline,10,4,1193,18
4-4-2021,12.02,Bloodhound,6,2,1598,8
11-1-2020,29.52,Bangalore,10,7,1950,7
31-7-2022,18.09,Mirage,7,17,1295,12
17-9-2019,3.48,Gibraltar,4,2,785,13
9-6-2021,15.02,Pathfinder,4,3,1401,6
8-8-2019,13.13,Pathfinder,2,1,548,2
4-11-2022,27.67,Crypto,9,7,2009,16
24-11-2021,29.81,Crypto,14,8,3302,5
31-12-2022,2.76,Ash,2,3,950,12
29-3-2021,1.92,Mirage,0,0,0,6
16-3-2020,0.25,Lifeline,1,6,1123,10
12-8-2020,4.45,Lifeline,9,11,3098,2
8-1-2022,2.39,Bangalore,2,1,440,2
31-7-2020,4.45,Mad Maggie,10,9,2108,19
7-7-2020,26.71,Mirage,3,4,547,11
14-1-2020,27.97,Crypto,4,9,2502,12
9-4-2022,24.78,Pathfinder,10,10,1413,18
23-9-2020,0.88,Wattson,2,0,473,8
19-6-2022,6.76,Wraith,13,2,3433,7
29-4-2020,18.17,Lifeline,1,9,1920,18
8-3-2022,19.11,Mirage,4,4,529,9
19-12-2020,20.11,Crypto,2,6,610,3
6-6-2019,4.17,Pathfinder,3,6,786,18
10-5-2022,11.74,Lifeline,2,7,1130,6
13-5-2019,20.74,Bloodhound,4,8,1613,2
7-8-2021,15.47,Gibraltar,4,7,1202,18
4-8-2020,9.71,Mirage,0,0,0,9
17-5-2021,8.88,Ash,6,1,1326,10
3-12-2022,9.68,Wattson,3,4,690,7
16-12-2019,16.39,Wraith,4,14,3067,15
24-5-2019,9.77,Ash,14,4,1440,8
1-11-2022,22.97,Gibraltar,13,13,2652,6
5-4-2021,26.67,Wattson,8,6,1593,5
7-11-2020,24.76,Valkyrie,2,3,834,16
30-10-2019,14.19,Mirage,4,7,1548,17
17-10-2022,13.48,Gibraltar,14,1,2683,5
14-10-2021,4.7,Mirage,15,6,2608,3
2-5-2022,17.24,Crypto,5,5,571,1
16-8-2019,1.85,Crypto,9,17,2301,14
30-9-2019,19.03,Pathfinder,1,1,163,4
28-9-2021,3.73,Mirage,2,3,860,9
14-4-2019,19.37,Wattson,14,2,3040,20
29-12-2021,17.41,Gibraltar,14,1,2293,3
12-9-2019,21.32,Bloodhound,7,18,4823,20
16-5-2020,7.27,Ash,17,0,3712,19
9-5-2020,12.46,Bloodhound,12,7,3165,7
25-3-2020,13.65,Wraith,4,13,924,8
6-3-2021,9.47,Lifeline,3,1,281,1
27-5-2019,21.92,Lifeline,4,17,2336,14
19-6-2019,16.87,Ash,1,1,171,16
2-9-2022,21.79,Bangalore,7,3,1862,12
20-9-2021,25.69,Crypto,6,5,739,19
30-12-2019,12.29,Ash,14,3,3768,12
13-6-2022,14.18,Wraith,3,1,400,13
29-8-2022,26.73,Gibraltar,6,6,734,16
15-8-2020,2.99,Bloodhound,4,2,801,6
30-5-2022,4.98,Bangalore,0,3,180,18
23-10-2022,2.62,Ash,5,16,3360,6
13-3-2019,1.52,Crypto,2,10,1565,16
30-10-2021,17.18,Valkyrie,11,11,2246,2
18-4-2019,25.19,Mirage,2,4,1202,8
28-1-2020,18.3,Valkyrie,2,6,802,6
7-8-2022,4.66,Wattson,3,2,532,14
6-12-2022,29.61,Valkyrie,3,2,280,6
21-7-2019,26.78,Gibraltar,15,8,4075,20
7-4-2019,8.05,Bangalore,1,14,1522,1
18-7-2021,17.01,Bangalore,14,10,3753,5
4-6-2021,9.5,Wattson,1,7,1166,6
18-9-2022,20.14,Bloodhound,14,4,1230,6
31-10-2020,1.47,Pathfinder,9,1,1814,2
19-1-2022,13.74,Crypto,12,12,3394,15
25-7-2020,0.33,Crypto,0,11,1150,1
9-1-2021,3.95,Wattson,8,5,1069,8
24-4-2019,27.15,Bangalore,2,18,1108,9
10-8-2020,1.56,Wattson,14,0,2892,1
21-6-2022,5.71,Wraith,0,1,61,9
28-1-2022,23.69,Gibraltar,6,18,4591,1
22-11-2019,22.29,Wraith,9,7,2617,6
15-1-2020,11.66,Bangalore,2,6,1460,7
16-2-2019,10.35,Valkyrie,3,1,881,1
25-6-2020,5.24,Wraith,9,1,1986,16
13-4-2022,0.3,Ash,5,2,453,18
9-11-2020,27.66,Wattson,6,3,1243,20
21-7-2021,12.68,Gibraltar,14,8,1784,6
29-3-2021,9.25,Bangalore,16,4,2801,15
17-9-2020,19.09,Ash,14,2,3600,11
8-6-2020,4.88,Crypto,12,0,1740,4
10-5-2019,8.33,Mirage,5,3,640,17
20-6-2022,10.23,Bloodhound,9,7,1775,20
28-9-2022,1.82,Gibraltar,7,8,3123,16
5-11-2019,0.13,Crypto,1,8,638,11
28-5-2021,26.62,Mirage,11,6,2188,15
16-5-2021,6.54,Gibraltar,7,4,1037,6
11-1-2022,5.28,Pathfinder,0,5,708,12
21-9-2020,14.29,Valkyrie,1,6,624,10
6-7-2020,13.17,Bloodhound,2,13,1307,14
14-7-2020,2.18,Crypto,6,3,1221,8
12-1-2021,24.77,Crypto,8,3,1200,16
5-3-2019,15.11,Gibraltar,11,5,2522,15
2-7-2021,2.56,Bangalore,13,0,848,6
17-9-2022,2.53,Wattson,0,7,622,10
26-9-2022,14.86,Pathfinder,1,3,794,8
7-1-2021,20.29,Pathfinder,4,2,972,10
26-10-2022,6.69,Bangalore,0,0,0,14
22-11-2019,27.32,Pathfinder,5,3,1733,16
15-5-2021,8.87,Mirage,7,7,1624,12
7-6-2020,18.46,Wraith,4,15,2352,4
18-4-2021,13.76,Lifeline,3,9,1383,4
2-1-2020,21.99,Mad Maggie,2,7,1274,14
7-1-2021,1.56,Lifeline,3,6,1754,20
19-9-2021,8.82,Valkyrie,16,0,3405,20
12-7-2022,27.03,Mirage,6,9,1265,5
21-7-2019,24.27,Wattson,14,6,3830,3
30-12-2019,11.22,Gibraltar,10,3,1325,1
24-2-2021,3.83,Valkyrie,1,6,810,4
18-7-2021,29.68,Crypto,4,3,1062,14
26-1-2020,27.68,Bloodhound,12,7,1229,19
7-5-2019,25.18,Bloodhound,5,3,1232,7
30-9-2022,5.7,Valkyrie,11,13,4058,5
16-3-2019,20.72,Wraith,11,8,2420,10
19-7-2021,15.29,Bloodhound,7,8,2919,7
31-1-2021,25.58,Crypto,2,17,938,19
1-5-2021,18.6,Ash,6,5,2199,7
22-12-2022,21.64,Bloodhound,6,4,1398,18
23-3-2020,21.21,Wraith,11,2,2980,5
3-12-2019,14.24,Mirage,9,4,1468,13
21-1-2020,12.45,Valkyrie,4,4,1290,5
22-2-2021,24.15,Lifeline,5,3,1549,12
10-6-2020,5.88,Valkyrie,3,9,1926,18
22-2-2019,1.78,Valkyrie,4,4,700,9
20-1-2021,2.95,Mad Maggie,12,9,3150,16
22-7-2019,9.07,Ash,5,11,3052,14
23-8-2022,10.96,Wattson,8,13,1681,19
10-6-2020,10.3,Bangalore,4,5,1957,16
3-2-2020,6.58,Crypto,6,0,570,3
26-5-2020,17.25,Pathfinder,17,10,4944,3
18-12-2020,8.3,Ash,9,10,1087,19
5-8-2020,19.21,Lifeline,11,2,1019,19
29-12-2021,0.58,Lifeline,4,0,750,16
28-9-2021,17.73,Wattson,1,7,1443,19
28-7-2020,19.68,Gibraltar,2,1,215,2
28-9-2020,9.03,Bangalore,7,11,2065,17
29-5-2019,25.98,Bangalore,11,2,1764,2
7-12-2021,24.54,Pathfinder,2,6,431,1
25-1-2022,1.38,Mirage,3,2,427,14
28-6-2022,29.96,Lifeline,2,4,341,12
7-5-2022,0.5,Mirage,7,3,1046,7
8-8-2020,28.2,Bloodhound,4,7,913,17
5-10-2020,28.24,Crypto,11,6,3364,14
29-5-2019,7.11,Wraith,17,2,4104,4
3-12-2020,9.32,Pathfinder,6,7,2519,14
22-1-2020,23.32,Bloodhound,3,6,955,12
26-8-2019,29.59,Pathfinder,2,5,906,1
1-7-2022,10.6,Bangalore,5,5,1139,19
30-9-2022,22.47,Wattson,2,3,674,10
31-12-2022,11.32,Wraith,1,7,736,18
11-9-2020,27.25,Gibraltar,4,2,552,1
25-5-2019,27.48,Mirage,19,3,3810,18
3-5-2022,2.53,Gibraltar,1,0,140,4
24-4-2020,17.67,Mirage,10,3,2032,6
18-1-2020,3.94,Crypto,1,7,1245,6
23-9-2021,28.85,Lifeline,2,2,417,9
29-7-2019,14.97,Bloodhound,18,3,2919,19
12-4-2022,9.28,Lifeline,12,1,2207,11
26-2-2019,18.54,Mad Maggie,5,2,856,17
3-12-2020,11.67,Gibraltar,2,1,450,13
3-11-2020,1.58,Wraith,4,1,587,11
5-6-2019,10.58,Crypto,13,8,2422,8
27-3-2022,26.53,Ash,2,10,1118,3
19-3-2021,21.95,Bangalore,10,2,2337,5
12-3-2020,13.99,Mirage,3,5,969,11
18-3-2019,11.88,Wraith,15,1,3456,5
10-7-2019,25.94,Mad Maggie,7,2,1439,20
4-3-2021,27.1,Bloodhound,9,13,3128,12
1-4-2022,11.49,Wraith,13,4,3852,4
6-9-2021,18.01,Lifeline,3,7,611,16
12-4-2020,12.83,Bloodhound,8,7,1532,19
3-2-2021,2.41,Wraith,9,2,1320,2
7-4-2020,28.58,Wraith,2,5,484,8
16-9-2019,27.46,Valkyrie,6,12,3022,13
27-3-2021,29.29,Lifeline,2,11,649,6
8-8-2020,29.77,Valkyrie,5,8,1717,19
27-6-2019,26.81,Valkyrie,15,20,4568,1
19-11-2022,7.24,Mad Maggie,10,4,2359,2
18-3-2019,10.91,Lifeline,8,10,1100,5
28-11-2019,0.01,Mad Maggie,1,2,298,19
14-10-2022,13.5,Bangalore,15,20,2156,2
3-3-2020,19.14,Wattson,4,4,1178,12
20-7-2021,1.49,Lifeline,4,4,534,12
7-6-2021,2.68,Pathfinder,5,2,1554,4
2-6-2022,5.86,Bloodhound,0,13,1277,3
12-6-2021,25.87,Bloodhound,8,3,2422,12
17-4-2022,15.03,Valkyrie,11,20,5064,15
20-4-2021,7.59,Wraith,10,3,1461,5
8-3-2021,13.31,Valkyrie,6,12,2095,8
26-10-2021,26.94,Pathfinder,14,2,3227,8
13-7-2019,11.26,Valkyrie,1,4,282,12
8-11-2022,16.94,Bangalore,10,9,2857,7
22-10-2020,17.02,Gibraltar,5,15,2002,8
7-11-2019,0.42,Lifeline,5,7,1757,14
25-7-2019,4.72,Valkyrie,2,0,391,19
3-9-2020,9.22,Wraith,5,5,731,5
17-10-2020,25.32,Mirage,14,5,1350,10
1-7-2022,7.31,Valkyrie,6,3,1002,8
10-9-2021,7.63,Bloodhound,1,4,365,13
8-2-2021,11.68,Ash,5,17,1695,18
27-3-2019,29.85,Pathfinder,12,4,969,15
17-3-2019,6.08,Valkyrie,2,0,424,7
19-8-2021,9.4,Ash,7,3,2122,14
14-11-2019,0.92,Crypto,8,0,1559,1
23-4-2022,16.93,Valkyrie,5,6,1759,4
27-2-2022,1.2,Bangalore,0,6,554,16
27-7-2020,18.93,Pathfinder,1,5,1196,1
5-7-2020,14.22,Valkyrie,5,2,570,9
10-9-2020,11.97,Bangalore,3,10,2588,5
15-2-2021,21.39,Wraith,3,3,959,4
19-8-2021,0.33,Gibraltar,7,4,2140,16
26-7-2019,7.64,Wraith,5,5,2102,11
28-7-2021,25.08,Gibraltar,12,9,3724,11
14-8-2022,13.83,Lifeline,3,2,1032,10
15-3-2022,14.3,Lifeline,6,5,1880,9
12-3-2022,28.11,Lifeline,2,2,314,11
10-11-2020,19.55,Pathfinder,2,9,2137,20
24-8-2022,28.91,Lifeline,12,4,2972,20
22-6-2021,1.73,Crypto,1,0,245,13
20-9-2022,23.31,Bloodhound,13,2,1731,7
20-6-2022,7.96,Bangalore,9,6,2339,14
8-12-2020,8.86,Wattson,8,4,1269,13
8-8-2022,21.19,Mirage,8,4,855,12
15-9-2021,18.28,Crypto,14,4,1246,7
4-5-2019,11.95,Pathfinder,13,2,966,12
21-5-2021,4.5,Crypto,1,1,267,3
31-10-2021,26.48,Crypto,3,2,685,18
21-1-2022,21.86,Wattson,9,3,1325,11
6-2-2022,20.16,Crypto,5,6,1305,15
9-12-2022,22.36,Wattson,2,19,2451,18
7-8-2022,22.7,Mirage,16,5,3250,9
2-7-2019,13.1,Ash,6,2,919,11
27-9-2022,21.07,Wraith,16,6,4644,6
21-1-2021,21.54,Wraith,6,4,1717,10
19-9-2019,5.63,Wattson,12,5,3787,11
17-8-2021,14.8,Wraith,7,3,1188,2
19-8-2019,2.19,Pathfinder,0,12,751,5
8-6-2019,9.91,Wraith,4,3,713,8
31-8-2021,21.7,Crypto,10,2,2577,18
4-3-2022,10.5,Bloodhound,1,12,2286,18
28-6-2022,17.92,Gibraltar,2,17,3192,2
9-2-2020,12.71,Mad Maggie,1,4,678,19
9-3-2022,28.79,Mirage,10,7,1420,3
15-11-2019,3.27,Crypto,7,6,2347,5
10-11-2019,27.63,Wraith,4,10,838,2
27-12-2019,29.72,Lifeline,3,12,2841,13
2-1-2022,14.19,Valkyrie,4,1,1010,20
12-8-2020,22.25,Wattson,3,9,651,17
31-10-2019,26.01,Pathfinder,9,3,1046,19
20-10-2022,11.28,Bangalore,7,2,1323,9
18-10-2021,3.32,Valkyrie,11,7,2544,19
26-8-2021,2.24,Mad Maggie,5,0,435,4
13-5-2019,3.22,Lifeline,1,16,2973,13
25-8-2020,3.4,Pathfinder,2,6,1309,16
21-7-2022,21.26,Wraith,13,9,2590,10
15-11-2021,12.18,Wraith,1,6,1324,9
30-6-2019,1.74,Wraith,2,4,1222,16
29-1-2020,4.47,Wraith,2,12,1294,1
13-4-2019,19.81,Wattson,3,13,1912,12
8-11-2020,26.12,Wattson,15,13,5683,6
6-10-2021,2.39,Wattson,4,7,1099,20
14-8-2022,23.66,Wattson,2,6,471,5
12-5-2020,23.99,Bangalore,13,6,3514,9
19-11-2021,12.53,Bangalore,6,3,1372,16
21-1-2021,6.16,Gibraltar,11,4,3063,16
13-5-2020,2.82,Valkyrie,1,1,377,13
1-10-2020,23.84,Pathfinder,2,7,804,1
21-5-2019,24.42,Valkyrie,15,2,3922,16
14-5-2022,8.62,Pathfinder,0,6,997,6
2-8-2019,27.77,Wattson,8,2,1667,17
4-10-2019,26.9,Mirage,11,2,1314,18
9-4-2020,1.44,Bangalore,19,4,4385,8
23-12-2022,5.1,Wattson,0,1,154,18
14-7-2022,5.55,Lifeline,3,14,2458,9
10-7-2020,10.47,Wraith,1,16,3305,1
24-3-2021,16.49,Gibraltar,2,4,886,20
3-2-2020,26.19,Valkyrie,7,2,982,4
24-10-2021,0.61,Valkyrie,16,2,2591,6
12-12-2021,1.62,Wraith,7,1,1404,1
5-10-2020,9.68,Mad Maggie,2,4,408,20
30-9-2020,25.21,Gibraltar,2,2,395,2
19-4-2021,6.69,Gibraltar,0,6,1057,11
7-12-2020,29.68,Mirage,7,2,1934,17
15-4-2019,11.1,Bangalore,5,11,1166,19
16-7-2019,9.77,Lifeline,1,3,310,15
12-12-2022,5.05,Crypto,5,1,1345,15
1-12-2019,9.61,Pathfinder,4,3,669,16
6-3-2021,20.03,Pathfinder,19,3,2437,2
13-8-2019,12.85,Ash,7,11,2482,6
4-2-2022,16.64,Crypto,5,1,557,17
3-6-2020,21.93,Bangalore,2,3,287,13
11-9-2019,16.82,Wattson,9,14,3219,20
10-3-2021,8.18,Ash,0,2,234,17
11-2-2022,21.2,Gibraltar,2,2,240,4
12-11-2020,17.9,Mad Maggie,6,1,1033,11
1-2-2022,28.25,Valkyrie,15,2,1787,2
24-12-2019,9.22,Wraith,3,9,1165,3
16-11-2022,20.7,Mirage,3,15,2342,7
14-4-2021,8.93,Crypto,6,0,667,9
2-4-2019,5.43,Valkyrie,11,0,859,1
13-9-2020,26.35,Wraith,2,12,1327,2
17-2-2020,13.0,Crypto,5,8,740,2
4-12-2021,26.75,Mad Maggie,12,4,3358,11
19-4-2019,17.97,Wraith,11,1,1050,19
12-8-2019,26.17,Gibraltar,2,12,2514,5
28-3-2021,24.32,Wraith,2,9,1712,17
5-8-2020,29.93,Bangalore,7,2,1841,6
20-6-2019,2.03,Ash,1,2,528,6
19-7-2019,1.11,Wattson,14,3,1653,4
4-6-2021,21.13,Bloodhound,3,14,2755,17
28-7-2021,7.23,Mad Maggie,10,8,3155,20
7-1-2022,27.31,Wattson,2,7,658,18
11-9-2021,29.1,Mad Maggie,3,13,2059,16
26-12-2019,16.03,Crypto,2,1,183,2
18-10-2020,15.94,Gibraltar,5,3,529,7
29-1-2021,25.09,Ash,5,4,1969,13
28-11-2021,17.97,Valkyrie,5,17,2149,10
31-1-2021,1.6,Mad Maggie,13,6,3717,10
1-2-2021,16.93,Valkyrie,3,2,1015,7
27-5-2021,21.4,Wattson,3,2,337,9
20-6-2020,18.09,Ash,20,3,2014,11
2-12-2019,14.0,Bloodhound,13,1,1577,5
12-9-2021,5.74,Ash,2,1,622,9
28-10-2022,22.18,Crypto,3,14,2193,4
5-9-2020,4.47,Mirage,8,10,1849,13
3-1-2020,4.0,Ash,1,1,346,3
21-7-2021,7.89,Bloodhound,4,3,722,20
4-11-2022,8.76,Gibraltar,17,10,3193,17
4-3-2021,1.47,Wattson,2,4,876,16
5-8-2019,18.41,Lifeline,3,7,1649,14
7-1-2021,16.26,Wraith,1,9,1767,3
30-8-2021,29.67,Pathfinder,3,4,629,18
14-12-2020,22.12,Pathfinder,9,2,923,19
11-6-2019,26.5,Gibraltar,10,4,818,9
3-4-2021,2.02,Ash,4,13,1355,2
26-4-2019,6.44,Wraith,7,4,1958,14
15-8-2022,13.29,Mad Maggie,1,2,533,6
31-8-2019,12.52,Wraith,12,14,4221,12
14-6-2022,2.06,Bloodhound,6,2,552,20
11-2-2022,24.8,Bangalore,4,8,610,2
29-10-2022,16.33,Valkyrie,7,2,629,3
11-10-2020,29.86,Lifeline,10,2,844,6
5-9-2019,16.79,Wraith,13,5,2366,5
10-5-2021,12.19,Lifeline,8,12,3502,9
7-11-2019,19.96,Mirage,8,2,1111,2
26-4-2019,8.04,Valkyrie,0,7,386,4
3-1-2021,26.82,Gibraltar,3,6,1236,1
18-4-2019,10.14,Mad Maggie,8,1,1091,3
2-11-2019,28.03,Crypto,3,10,2454,7
5-9-2019,28.96,Ash,7,5,1242,13
27-12-2019,27.79,Mad Maggie,2,3,280,9
6-3-2022,17.87,Bloodhound,3,6,1630,4
21-3-2019,0.89,Wattson,11,3,2136,17
26-7-2020,29.14,Valkyrie,7,20,5013,11
25-6-2022,21.84,Mad Maggie,2,7,1700,3
5-9-2021,11.31,Pathfinder,1,9,1878,1
12-4-2021,9.82,Ash,0,1,118,9
17-6-2021,11.92,Lifeline,3,10,1885,10
4-5-2021,26.01,Mad Maggie,15,4,3958,19
25-6-2020,8.5,Pathfinder,2,6,767,14
16-11-2022,10.09,Wraith,4,5,1450,6
9-10-2022,4.58,Wraith,4,9,1913,15
7-3-2019,9.13,Wraith,13,0,1006,20
1-3-2022,29.57,Bloodhound,4,3,569,8
13-1-2020,13.75,Mirage,6,1,776,14
2-11-2020,22.12,Ash,16,13,3610,3
26-6-2021,3.63,Wattson,7,1,1639,8
13-11-2019,24.96,Mad Maggie,5,18,2839,7
1-11-2022,8.4,Valkyrie,2,4,976,7
4-11-2020,16.92,Wraith,10,15,1972,19
6-12-2021,25.01,Valkyrie,11,9,2058,13
24-4-2019,3.29,Ash,3,2,1108,1
29-12-2020,22.67,Wattson,2,3,749,9
22-4-2020,10.42,Pathfinder,4,3,814,6
19-8-2022,0.38,Ash,16,1,1558,10
28-8-2021,18.37,Bangalore,1,12,746,2
2-7-2021,2.73,Mirage,10,0,1900,15
29-9-2019,10.59,Wraith,5,5,2033,2
30-6-2020,27.31,Mad Maggie,15,2,2414,11
3-12-2019,13.77,Bloodhound,8,6,2432,20
16-11-2021,2.45,Crypto,10,1,2429,12
17-10-2019,8.72,Crypto,3,4,492,18
22-11-2022,20.9,Wattson,3,6,1511,14
2-5-2022,20.33,Gibraltar,10,5,2864,10
9-2-2021,7.32,Bangalore,14,2,2200,1
6-6-2019,20.81,Mirage,8,3,2238,16
18-12-2022,4.18,Bangalore,0,3,524,9
9-2-2022,11.07,Bloodhound,4,7,1359,7
30-12-2022,9.15,Bangalore,3,7,1117,6
29-8-2022,0.71,Lifeline,9,1,1285,18
21-8-2022,26.36,Pathfinder,12,4,2428,15
10-8-2021,20.66,Mad Maggie,9,7,2264,5
11-3-2022,20.8,Lifeline,2,2,359,3
11-12-2020,22.75,Mirage,2,7,708,1
23-8-2021,18.27,Pathfinder,7,1,1414,7
14-10-2019,28.69,Wraith,12,3,3106,12
17-1-2022,2.15,Wraith,1,4,319,16
7-9-2022,0.02,Lifeline,3,0,491,10
11-5-2022,24.57,Lifeline,2,4,1077,8
28-10-2021,24.65,Pathfinder,2,9,977,17
22-1-2020,17.54,Bangalore,2,2,759,5
10-2-2022,0.59,Wattson,11,0,1051,20
19-5-2019,22.33,Bangalore,9,4,1303,6
4-10-2019,27.37,Bangalore,9,8,2060,5
26-8-2021,0.84,Wraith,2,0,166,3
1-5-2019,1.74,Lifeline,1,9,1406,17
10-3-2021,9.64,Ash,7,6,2285,12
12-3-2019,23.27,Pathfinder,2,16,1596,5
24-9-2022,18.94,Gibraltar,2,11,2386,8
26-6-2019,19.6,Ash,4,5,717,2
19-2-2019,2.97,Ash,6,10,3212,3
2-3-2019,27.06,Crypto,9,3,1724,6
2-6-2021,10.27,Lifeline,8,6,924,15
12-7-2019,6.8,Ash,1,8,717,3
11-10-2019,1.38,Bangalore,4,0,766,14
21-7-2020,14.44,Bloodhound,5,5,2119,18
20-8-2020,17.26,Bangalore,2,19,3201,2
3-6-2021,14.97,Pathfinder,4,2,420,12
25-2-2021,5.64,Bloodhound,16,1,3463,9
15-10-2022,29.09,Wattson,7,5,913,2
15-11-2019,17.2,Pathfinder,7,1,873,2
20-2-2021,28.44,Bangalore,10,2,2587,5
1-12-2021,22.23,Bloodhound,7,5,2587,3
12-1-2021,6.35,Wraith,6,16,1479,2
27-3-2022,21.01,Crypto,8,6,1329,19
4-11-2021,3.43,Wraith,5,5,798,10
4-7-2022,7.33,Mirage,6,10,1841,16
9-11-2019,15.55,Pathfinder,5,1,396,15
20-7-2021,25.13,Gibraltar,5,2,1138,6
4-6-2019,9.03,Valkyrie,0,0,0,1
15-10-2020,10.19,Bloodhound,10,6,1985,7
24-5-2021,28.22,Gibraltar,11,12,3424,14
11-7-2022,23.95,Mirage,2,10,969,17
17-4-2019,12.81,Bangalore,1,2,299,1
21-3-2021,26.7,Wraith,5,9,905,6
16-8-2021,20.75,Mirage,19,10,3277,9
20-2-2022,16.03,Lifeline,2,12,1364,5
2-7-2022,23.24,Lifeline,7,2,671,10
19-4-2019,19.7,Bloodhound,4,4,1163,14
20-7-2021,5.74,Gibraltar,7,8,1693,8
22-2-2021,21.73,Valkyrie,7,3,1307,8
16-11-2022,22.62,Bloodhound,2,2,622,4
3-7-2019,6.06,Bangalore,10,3,1207,14
9-12-2022,7.19,Bloodhound,0,9,1328,12
30-5-2020,7.31,Ash,7,6,1152,9
16-8-2022,13.22,Pathfinder,16,8,2299,8
16-8-2021,6.1,Pathfinder,1,7,1550,12
9-10-2021,15.53,Pathfinder,10,2,794,3
2-6-2019,9.65,Lifeline,11,5,2179,4
14-4-2019,18.79,Bloodhound,3,5,781,16
27-7-2020,0.73,Bloodhound,6,0,711,2
14-1-2020,19.93,Bangalore,5,1,421,13
2-3-2021,29.62,Lifeline,4,8,1947,6
28-10-2022,12.69,Wraith,6,2,653,18
22-11-2020,23.86,Gibraltar,6,5,1205,17
26-5-2022,16.12,Bloodhound,2,5,1183,7
14-11-2020,11.84,Mad Maggie,1,4,323,5
15-2-2022,19.15,Valkyrie,4,1,875,5
10-10-2019,10.94,Bangalore,2,3,458,6
25-1-2020,13.35,Bloodhound,4,7,803,8
14-12-2021,0.57,Mad Maggie,1,2,513,5
27-7-2019,10.88,Crypto,2,5,718,14
26-12-2021,13.79,Valkyrie,2,11,1674,3
19-1-2021,8.71,Mirage,3,1,872,18
7-7-2021,23.29,Pathfinder,5,4,1777,10
11-10-2020,21.19,Wattson,15,4,1511,1
16-4-2022,10.26,Valkyrie,7,3,641,10
13-2-2021,23.43,Pathfinder,2,3,347,11
8-1-2021,2.75,Ash,4,2,369,10
24-12-2022,26.48,Pathfinder,2,9,597,3
10-11-2022,26.37,Valkyrie,2,3,499,17
18-4-2019,8.18,Mad Maggie,9,0,1683,3
23-7-2021,20.12,Lifeline,3,9,1930,20
26-7-2022,1.78,Bloodhound,1,1,344,16
26-6-2020,0.53,Bangalore,17,2,1905,9
12-6-2019,10.14,Pathfinder,3,4,1001,14
2-12-2022,1.21,Bloodhound,1,5,842,2
30-10-2020,1.63,Lifeline,7,6,2769,16
15-9-2022,2.38,Ash,10,0,2201,3
14-7-2022,20.12,Pathfinder,4,6,2018,17
15-11-2020,11.55,Crypto,10,9,2787,1
13-1-2020,4.49,Valkyrie,5,3,1179,12
7-3-2020,29.89,Mirage,4,2,1105,13
24-11-2019,13.42,Mirage,11,10,3372,20
20-8-2019,3.89,Bloodhound,1,0,115,3
24-9-2020,8.96,Crypto,3,6,889,5
16-12-2019,19.67,Crypto,1,3,747,3
29-11-2019,22.16,Valkyrie,4,14,2276,11
19-10-2022,25.45,Pathfinder,9,6,996,7
11-7-2021,14.83,Crypto,1,6,686,17
11-12-2022,4.76,Mad Maggie,15,16,6387,14
21-4-2020,19.95,Wattson,6,3,1789,7
2-8-2021,26.65,Crypto,5,3,1042,1
13-10-2021,3.57,Gibraltar,9,2,884,8
8-4-2022,8.98,Wraith,6,0,402,6
14-4-2020,0.49,Lifeline,2,8,634,4
7-4-2021,15.18,Bangalore,7,4,1549,20
16-2-2021,12.89,Wattson,2,8,602,4
12-11-2020,22.4,Crypto,6,12,2332,14
22-2-2022,25.48,Valkyrie,2,2,808,7
28-8-2022,7.61,Valkyrie,1,1,309,14
9-3-2022,17.57,Bloodhound,8,3,1411,2
1-3-2021,21.55,Wattson,5,13,3523,16
16-5-2022,18.88,Bangalore,6,2,1661,17
14-2-2019,4.89,Crypto,1,1,384,20
6-3-2020,17.66,Valkyrie,2,10,2206,17
28-3-2019,15.97,Valkyrie,1,1,414,20
8-1-2021,23.87,Bloodhound,9,11,4162,18
8-12-2019,6.47,Wattson,3,6,1390,19
24-1-2022,8.18,Wattson,0,7,1020,18
23-8-2020,6.23,Lifeline,0,0,0,11
9-7-2020,19.44,Ash,2,2,414,18
17-11-2020,24.85,Bloodhound,2,3,387,6
16-5-2022,28.03,Wraith,15,6,2312,7
10-5-2020,29.96,Ash,4,2,409,14
26-5-2022,11.47,Pathfinder,1,16,2381,16
17-5-2021,7.68,Crypto,2,14,1269,7
22-8-2022,0.17,Mad Maggie,0,6,1053,13
27-4-2021,6.79,Mirage,0,1,104,17
2-2-2020,16.2,Bloodhound,3,4,511,15
17-6-2019,18.56,Crypto,5,1,1122,16
10-11-2021,23.88,Pathfinder,2,14,1562,18
23-4-2020,1.28,Pathfinder,5,4,862,12
6-5-2020,14.46,Bloodhound,2,15,1870,10
11-4-2020,13.97,Valkyrie,8,1,1005,8
4-12-2019,19.4,Pathfinder,9,9,3405,15
3-4-2022,10.05,Lifeline,6,12,2960,19
23-9-2019,10.52,Bloodhound,7,2,1770,10
12-9-2021,18.28,Wattson,1,8,1510,10
1-4-2021,10.72,Lifeline,5,1,1054,15
16-12-2019,15.21,Bloodhound,13,3,2616,4
28-4-2021,11.42,Lifeline,1,1,354,13
29-10-2019,13.82,Gibraltar,6,6,1535,20
2-4-2022,29.83,Bangalore,4,2,775,5
2-5-2020,21.93,Wraith,15,8,1714,4
8-7-2019,23.17,Lifeline,3,2,391,1
3-9-2020,5.38,Bangalore,0,4,601,6
17-10-2020,1.13,Bloodhound,2,3,875,18
28-1-2022,11.84,Wraith,1,2,265,13
25-3-2019,22.39,Ash,4,4,925,11
13-9-2021,22.86,Bloodhound,2,2,320,20
24-4-2020,23.71,Crypto,8,7,2938,19
24-6-2019,13.75,Mad Maggie,2,10,1048,10
25-4-2022,3.11,Pathfinder,3,6,469,13
14-9-2021,23.8,Crypto,10,2,2642,2
4-12-2021,14.32,Mirage,6,16,2555,10
8-5-2021,5.38,Lifeline,4,6,1439,7
15-11-2022,3.17,Wraith,8,5,2497,7
15-11-2020,1.95,Valkyrie,1,0,120,20
16-12-2020,11.57,Bloodhound,19,8,2690,20
20-2-2021,2.91,Crypto,0,0,0,14
4-9-2019,28.59,Mad Maggie,2,8,1695,6
22-9-2019,24.96,Pathfinder,13,7,2138,10
17-4-2020,8.71,Gibraltar,2,1,260,18
10-11-2020,17.48,Lifeline,3,6,1492,3
12-8-2022,18.58,Mad Maggie,10,6,1751,16
17-2-2022,29.75,Wraith,11,3,1213,15
31-5-2019,5.84,Mirage,10,6,3008,17
25-6-2019,2.48,Pathfinder,1,2,312,3
5-9-2022,27.35,Wraith,5,7,2027,7
5-3-2021,2.8,Wattson,3,0,472,16
5-6-2020,22.19,Ash,7,4,728,5
27-9-2021,17.0,Wattson,4,6,1353,5
14-5-2021,0.25,Lifeline,0,1,174,4
21-6-2019,24.76,Mad Maggie,7,9,1687,7
9-6-2019,19.92,Crypto,4,1,1088,14
20-10-2020,15.38,Pathfinder,3,12,2770,19
3-7-2020,15.25,Bangalore,8,2,832,13
10-5-2019,3.44,Wattson,11,2,2424,16
19-12-2019,29.35,Gibraltar,4,2,869,11
19-11-2022,24.83,Wattson,11,4,2243,6
12-4-2021,9.53,Mirage,7,3,678,12
22-12-2022,5.37,Mad Maggie,1,8,725,18
9-2-2019,5.78,Wattson,1,2,233,20
30-10-2022,5.76,Mirage,11,1,2091,5
26-10-2019,18.97,Pathfinder,1,4,570,2
7-6-2021,28.22,Valkyrie,9,2,1565,10
10-5-2019,11.11,Crypto,3,2,1019,15
13-12-2021,16.43,Mad Maggie,1,10,1935,17
23-4-2021,18.26,Bangalore,7,6,1836,12
16-6-2020,19.48,Wraith,2,5,418,16
21-3-2020,16.41,Mirage,2,6,731,13
16-6-2021,14.23,Bangalore,1,1,260,14
22-7-2019,1.32,Wattson,0,16,1968,7
26-10-2022,18.58,Wattson,3,2,1010,12
23-11-2020,6.97,Bloodhound,0,2,250,10
9-10-2019,8.77,Mirage,13,3,2747,3
24-5-2019,23.06,Wraith,4,5,1316,11
18-9-2022,1.94,Pathfinder,8,4,1913,2
5-9-2020,7.46,Pathfinder,0,18,1002,14
8-7-2021,3.24,Lifeline,0,8,868,12
6-5-2019,4.9,Valkyrie,13,7,3637,18
8-12-2022,10.31,Wattson,3,1,531,2
3-6-2021,3.67,Wraith,10,1,964,13
16-11-2021,2.22,Valkyrie,11,7,3286,6
26-4-2022,5.64,Mirage,0,9,1535,8
3-8-2021,28.68,Lifeline,10,13,4704,1
3-3-2019,9.46,Valkyrie,16,1,1113,16
22-10-2022,28.66,Wraith,2,5,413,7
1-5-2020,4.56,Mirage,9,0,688,11
20-12-2022,10.87,Valkyrie,14,1,2561,6
20-12-2019,6.72,Wraith,0,1,140,7
29-9-2022,27.19,Mirage,3,4,702,13
19-5-2020,1.84,Pathfinder,5,10,2157,17
7-11-2021,1.69,Wattson,6,1,762,1
23-10-2021,22.63,Bangalore,16,2,3414,6
22-12-2021,20.31,Valkyrie,13,18,3448,5
16-1-2021,23.7,Wattson,4,7,634,8
14-12-2022,20.3,Lifeline,2,19,3059,9
17-2-2019,22.85,Lifeline,11,2,2333,6
23-6-2019,2.67,Mirage,1,1,157,19
17-7-2021,9.42,Bangalore,11,0,892,18
3-4-2022,18.34,Pathfinder,9,7,3192,9
14-9-2020,20.02,Ash,5,2,1472,9
22-11-2020,21.31,Valkyrie,6,12,3425,14
7-12-2019,26.64,Bangalore,6,9,1391,18
13-9-2020,27.23,Ash,11,14,4508,3
7-12-2022,16.96,Bloodhound,14,1,930,10
28-1-2020,22.28,Wattson,4,7,1042,11
14-8-2022,27.06,Mirage,7,2,1954,4
3-3-2020,12.06,Pathfinder,1,5,1151,14
9-4-2020,1.0,Bloodhound,8,1,2000,13
24-8-2021,27.08,Bangalore,3,7,1094,15
22-5-2022,12.25,Mad Maggie,2,2,443,18
21-7-2019,11.65,Lifeline,7,12,1029,6
9-8-2022,23.9,Ash,3,14,2027,7
16-12-2019,11.56,Valkyrie,9,6,3002,1
8-8-2021,28.67,Bangalore,11,3,2333,17
11-7-2022,9.22,Mirage,7,0,922,20
23-1-2020,7.98,Lifeline,5,3,1658,5
28-10-2022,13.49,Wattson,3,4,988,10
29-12-2022,27.92,Valkyrie,4,4,906,8
27-10-2021,3.74,Pathfinder,1,1,288,18
8-7-2019,7.23,Wattson,3,0,525,19
13-10-2022,24.25,Bangalore,2,2,728,10
8-5-2020,26.79,Valkyrie,3,6,733,19
18-9-2022,23.25,Bloodhound,3,11,2589,18
2-2-2020,1.01,Mad Maggie,1,1,404,2
17-7-2021,3.83,Mad Maggie,12,2,1165,7
1-12-2019,29.67,Mad Maggie,7,3,1206,20
30-7-2021,3.11,Mirage,17,15,4195,16
17-1-2022,29.68,Gibraltar,15,3,3119,12
17-12-2020,27.54,Pathfinder,11,2,1497,9
7-6-2019,13.79,Pathfinder,9,6,2286,19
5-9-2022,1.11,Pathfinder,1,2,373,11
20-1-2020,2.68,Valkyrie,3,9,2342,15
10-2-2021,26.45,Mirage,8,5,925,8
26-9-2019,14.04,Crypto,13,3,2727,3
15-1-2021,18.13,Mad Maggie,1,1,389,1
18-4-2020,3.79,Wraith,3,0,705,1
12-6-2020,29.93,Bloodhound,2,3,576,19
22-12-2022,4.27,Valkyrie,10,4,2912,18
6-2-2021,13.24,Wraith,2,1,559,2
8-8-2019,25.36,Valkyrie,4,2,757,12
19-1-2022,27.93,Bangalore,2,12,1247,7
16-11-2022,24.3,Mad Maggie,8,6,2245,1
19-11-2022,6.62,Wraith,1,0,157,4
19-9-2020,19.26,Bangalore,1,2,520,18
11-4-2021,9.0,Valkyrie,0,4,392,1
7-8-2019,17.13,Wraith,6,10,3324,3
7-10-2021,12.15,Mad Maggie,6,1,836,12
14-12-2022,8.68,Wraith,5,6,2143,12
24-3-2022,18.3,Bangalore,12,6,2100,2
16-3-2022,10.53,Mirage,10,3,808,11
7-9-2022,10.42,Pathfinder,1,11,1441,4
10-2-2022,10.64,Gibraltar,7,6,2050,15
25-2-2019,26.03,Wraith,15,9,4963,9
19-3-2022,22.65,Wraith,5,9,1308,4
2-12-2022,27.4,Ash,13,10,4521,12
13-3-2020,3.27,Bangalore,2,7,1802,13
8-7-2020,25.13,Gibraltar,4,8,1638,12
26-12-2021,25.26,Gibraltar,2,7,991,6
6-9-2021,7.0,Valkyrie,4,11,835,1
25-7-2021,23.88,Crypto,8,13,2959,5
24-12-2020,12.59,Pathfinder,6,3,1702,16
13-5-2020,27.22,Gibraltar,18,12,3015,16
18-1-2021,10.91,Mirage,14,3,3305,14
10-8-2019,20.69,Mirage,2,9,742,11
27-10-2019,3.82,Ash,1,4,539,12
16-12-2022,11.55,Valkyrie,5,3,529,9
8-5-2022,4.85,Crypto,4,1,794,15
11-5-2020,16.61,Lifeline,3,12,856,7
17-3-2019,16.89,Wattson,1,13,2085,15
18-9-2019,2.85,Wattson,5,0,534,19
24-3-2019,18.01,Bangalore,12,3,2602,8
10-8-2022,16.37,Lifeline,4,7,1685,6
1-4-2022,26.38,Gibraltar,9,18,3240,7
18-5-2020,4.53,Mirage,2,1,641,13
20-2-2022,27.16,Gibraltar,8,3,826,17
25-1-2021,1.17,Wraith,1,12,1868,6
15-4-2022,10.61,Gibraltar,16,7,1680,11
20-7-2021,20.81,Wattson,8,8,1067,20
12-6-2020,27.78,Ash,8,8,3165,9
7-3-2020,10.71,Wraith,15,11,1530,13
15-4-2019,21.81,Ash,4,4,1567,8
13-12-2022,13.38,Pathfinder,3,3,493,16
26-4-2020,25.69,Bloodhound,11,2,2427,10
27-8-2020,8.59,Ash,2,3,785,10
16-1-2021,6.11,Mad Maggie,1,3,364,18
12-10-2020,12.2,Mad Maggie,1,1,140,10
24-3-2021,28.23,Valkyrie,8,2,760,14
30-4-2022,20.53,Crypto,2,2,444,9
8-12-2022,26.65,Bangalore,17,2,2453,1
30-8-2019,29.22,Lifeline,9,6,2641,11
9-12-2020,13.71,Bloodhound,6,11,3306,19
7-1-2020,9.39,Mad Maggie,10,0,2140,2
3-6-2019,6.7,Mad Maggie,14,3,2772,18
27-6-2019,21.74,Crypto,2,6,703,2
16-2-2019,17.92,Crypto,7,8,1965,7
10-8-2021,8.99,Valkyrie,9,5,2488,10
10-8-2019,4.0,Valkyrie,6,12,3101,12
5-5-2019,7.9,Wattson,2,0,281,1
8-8-2019,24.77,Wraith,4,7,2089,2
2-9-2021,1.4,Lifeline,5,5,1805,14
20-10-2021,19.52,Bangalore,1,5,689,17
26-7-2019,21.46,Crypto,7,5,1661,14
21-7-2021,9.46,Crypto,2,0,256,7
5-5-2022,2.95,Bangalore,0,2,190,19
27-3-2020,3.69,Bangalore,0,0,0,15
26-7-2022,10.86,Pathfinder,3,2,448,20
25-3-2019,25.29,Crypto,11,11,3699,19
6-3-2020,22.31,Crypto,12,4,3403,4
16-12-2019,6.05,Pathfinder,12,2,1266,13
25-5-2019,11.14,Bangalore,5,1,608,7
12-5-2022,25.1,Gibraltar,2,13,1088,13
8-4-2019,23.55,Mirage,9,3,1080,11
3-6-2020,0.33,Crypto,0,0,0,12
19-11-2022,6.47,Pathfinder,1,2,386,1
24-8-2022,21.69,Valkyrie,3,7,1449,4
25-9-2021,19.17,Pathfinder,2,7,1787,5
3-9-2021,11.19,Gibraltar,2,8,1788,8
15-11-2021,21.08,Mirage,2,9,1522,9
9-1-2022,13.26,Bangalore,1,2,188,9
15-12-2022,16.64,Valkyrie,2,7,618,4
14-10-2022,21.81,Mirage,8,6,2862,5
24-12-2020,3.68,Bloodhound,9,0,855,7
26-6-2022,6.93,Bloodhound,0,1,81,10
29-7-2021,26.91,Pathfinder,12,9,1787,12
6-1-2022,11.1,Wraith,6,4,1251,4
5-8-2019,1.39,Gibraltar,3,0,392,4
31-8-2022,23.75,Wattson,2,7,695,14
4-6-2020,29.47,Mad Maggie,2,8,1129,9
16-8-2020,18.43,Bloodhound,18,3,2254,17
30-7-2021,24.55,Bloodhound,5,4,1304,11
11-9-2020,12.67,Mirage,3,3,1190,17
15-9-2021,19.77,Mad Maggie,5,4,676,3
21-11-2020,4.08,Bangalore,7,3,2196,15
27-5-2020,7.62,Bangalore,1,3,506,6
4-2-2021,24.31,Wraith,2,12,2700,20
27-7-2019,0.44,Pathfinder,4,0,736,11
3-7-2020,1.19,Mirage,4,1,999,19
13-6-2020,10.2,Wattson,1,3,558,15
20-9-2021,20.49,Wraith,4,11,1609,3
12-2-2022,2.69,Pathfinder,3,0,644,15
4-5-2019,20.95,Mirage,19,14,4928,9
23-9-2021,6.14,Ash,9,1,1874,9
12-7-2022,22.96,Crypto,9,2,2252,9
23-3-2020,1.15,Lifeline,4,2,1101,18
10-8-2019,6.92,Pathfinder,6,8,1645,20
4-3-2019,28.8,Bangalore,2,16,2905,4
11-6-2021,21.83,Bloodhound,11,4,1610,10
1-6-2022,1.98,Wattson,1,1,433,20
6-10-2022,14.64,Mad Maggie,1,5,732,14
13-5-2021,23.72,Lifeline,2,6,660,17
6-6-2019,13.99,Wraith,5,15,3665,11
30-10-2020,23.05,Gibraltar,13,7,3615,14
2-11-2020,10.96,Mirage,1,1,329,1
23-9-2021,6.95,Wattson,7,10,2026,7
26-12-2021,16.55,Ash,17,1,3870,17
1-2-2022,12.68,Mirage,1,2,236,3
14-10-2022,17.33,Crypto,2,5,612,16
28-5-2020,20.76,Wattson,17,13,3298,18
24-6-2020,26.69,Ash,14,5,1485,16
