15-4-2021,22.22,Ash,0,0,0,19
16-11-2022,20.56,Ash,11,3,1198,2
7-4-2020,5.17,Gibraltar,4,8,2262,16
2-9-2019,10.45,Bloodhound,6,4,1554,1
4-12-2021,10.88,Wattson,8,5,2160,10
13-1-2021,0.12,Gibraltar,10,8,1508,12
9-8-2021,6.65,Gibraltar,7,6,2686,19
1-4-2020,2.78,Gibraltar,0,3,316,12
15-4-2022,11.57,Rampart,1,5,795,18
30-9-2019,12.55,Revenant,3,4,990,3
2-5-2022,21.82,Revenant,4,3,850,3
29-7-2020,29.36,Pathfinder,5,8,1087,11
28-11-2020,13.92,Wattson,12,5,2817,11
21-5-2022,16.72,Wattson,14,9,4607,3
11-5-2019,17.33,Horizon,6,6,2385,16
11-8-2022,26.5,Pathfinder,3,4,1107,20
10-8-2022,4.49,Fuse,6,6,1154,14
13-6-2022,21.5,Wraith,4,4,1227,13
16-4-2020,1.46,Bloodhound,7,8,2979,14
18-3-2019,6.23,Ash,6,6,1397,19
21-3-2020,25.25,Horizon,9,10,2069,17
8-12-2019,8.25,Pathfinder,7,3,1644,13
1-2-2020,5.75,Fuse,2,1,654,6
3-4-2022,5.51,Wattson,3,4,1369,13
2-10-2022,25.25,Rampart,8,11,3258,19
2-7-2019,11.66,Gibraltar,11,6,2905,10
24-10-2021,2.84,Crypto,5,9,1345,5
15-7-2020,25.93,Revenant,12,8,2349,11
13-7-2021,11.7,Revenant,0,3,425,19
6-11-2022,11.7,Wattson,5,1,918,4
17-5-2019,13.97,Rampart,6,8,3269,9
31-10-2022,24.5,Wattson,3,8,929,9
27-2-2022,18.67,Ash,8,6,3308,6
28-4-2020,22.37,Bloodhound,7,6,2382,8
3-7-2020,9.49,Horizon,6,7,2335,1
19-1-2022,28.67,Mad Maggie,4,1,1094,4
24-9-2022,29.65,Gibraltar,3,1,452,16
25-7-2022,10.49,Mirage,3,2,1178,2
30-1-2020,17.63,Gibraltar,5,5,1171,12
14-2-2019,10.56,Crypto,7,7,1307,9
26-7-2022,17.54,Bloodhound,9,7,3486,20
4-3-2020,16.84,Wattson,7,8,1515,19
9-12-2020,20.44,Mirage,0,3,344,14
23-12-2020,27.0,Fuse,3,8,2115,11
14-10-2022,15.52,Lifeline,4,8,1598,15
4-5-2021,17.36,Bangalore,8,6,3174,4
2-12-2020,24.39,Pathfinder,7,9,1782,13
12-12-2020,13.78,Pathfinder,8,11,2708,14
4-11-2021,15.99,Ash,8,6,2470,12
5-2-2022,12.46,Bangalore,1,0,222,5
8-8-2020,27.52,Revenant,7,3,2322,2
27-8-2019,14.31,Rampart,6,2,1903,14
23-4-2020,28.51,Wraith,4,6,1745,5
15-6-2022,24.48,Mirage,6,6,2979,9
26-6-2020,20.92,Bangalore,9,12,4547,8
15-6-2019,13.37,Ash,6,13,4174,5
12-5-2019,10.68,Ash,0,7,1245,14
13-8-2020,18.2,Pathfinder,8,8,4070,14
4-10-2021,28.34,Mirage,6,8,3553,12
7-3-2020,29.69,Mad Maggie,7,8,3582,11
12-7-2021,29.07,Rampart,7,5,2797,17
28-11-2020,16.37,Crypto,6,6,1519,14
3-3-2019,24.7,Revenant,7,7,2717,4
27-5-2020,18.92,Rampart,0,1,228,1
23-10-2019,26.78,Pathfinder,2,3,714,4
2-1-2020,26.91,Pathfinder,2,4,948,7
21-6-2022,11.28,Rampart,7,8,2840,13
13-7-2020,29.41,Wattson,6,9,3659,1
3-6-2019,4.74,Bangalore,5,5,1622,11
5-10-2020,7.39,Ash,10,10,4207,4
23-1-2021,17.39,Wattson,1,4,956,16
19-7-2022,28.79,Bangalore,1,10,1666,12
23-3-2021,28.38,Lifeline,5,7,1970,6
1-6-2022,21.04,Lifeline,6,7,2760,2
2-3-2019,2.46,Bangalore,4,7,1618,1
6-5-2019,22.18,Revenant,6,5,1465,15
8-7-2020,23.98,Crypto,8,7,3437,5
28-9-2021,2.32,Wraith,4,5,1490,11
4-9-2020,27.55,Mad Maggie,3,5,1818,9
18-5-2022,26.21,Wraith,6,5,2402,17
31-3-2021,24.06,Wattson,7,7,2110,1
6-4-2019,25.12,Fuse,6,5,2188,14
27-3-2021,11.89,Ash,8,8,3589,20
23-11-2020,24.87,Pathfinder,7,8,2963,2
20-4-2020,22.65,Fuse,0,6,1330,12
17-11-2022,1.39,Rampart,4,1,881,11
1-11-2020,13.15,Bangalore,7,3,1673,11
28-2-2020,17.28,Mirage,4,4,1824,9
17-7-2019,15.88,Gibraltar,7,10,3270,1
6-3-2020,13.26,Rampart,7,12,2968,11
10-2-2019,4.14,Wattson,6,6,3498,6
4-10-2020,3.69,Wraith,1,2,517,11
18-10-2019,12.56,Mad Maggie,6,5,2853,1
7-5-2020,23.34,Wraith,7,5,2479,5
11-10-2019,17.78,Gibraltar,10,9,3878,7
13-12-2019,15.73,Rampart,7,7,2622,2
6-5-2021,8.59,Horizon,5,7,3279,11
11-7-2022,10.34,Revenant,6,7,2935,15
19-12-2022,4.32,Caustic,1,1,469,4
3-7-2019,27.81,Mirage,4,5,2098,1
24-7-2021,16.16,Pathfinder,6,7,3311,11
15-2-2022,12.34,Mirage,10,3,3004,17
12-3-2019,7.6,Revenant,9,6,4504,9
22-4-2022,25.74,Horizon,7,5,2951,20
5-7-2021,14.3,Pathfinder,6,7,3296,13
18-7-2019,7.93,Ash,0,2,559,7
21-10-2020,4.9,Lifeline,4,2,1662,10
17-4-2022,23.15,Bangalore,4,9,3603,19
4-4-2020,10.77,Mad Maggie,4,7,1973,10
1-5-2019,26.03,Mad Maggie,6,10,3081,16
27-9-2021,19.82,Revenant,8,7,3806,5
8-11-2021,29.73,Mirage,9,8,2828,4
16-9-2022,4.7,Bangalore,0,7,1161,13
16-10-2022,13.86,Gibraltar,3,2,1183,19
30-12-2022,21.44,Bloodhound,2,2,795,14
21-12-2021,29.5,Crypto,5,5,2720,5
9-5-2019,9.07,Fuse,6,4,2193,3
16-9-2019,25.6,Bangalore,7,6,3457,8
17-10-2022,9.3,Horizon,9,14,6985,17
15-10-2019,27.87,Mad Maggie,6,2,2499,11
14-2-2020,26.41,Fuse,3,2,1351,20
22-4-2020,22.37,Wraith,2,10,3735,4
20-10-2019,16.59,Pathfinder,6,3,2599,15
8-7-2022,15.96,Gibraltar,5,5,1843,13
20-5-2020,23.38,Fuse,9,9,3603,15
5-12-2021,13.43,Fuse,8,6,4811,2
12-2-2021,22.81,Horizon,5,2,1442,6
18-8-2020,21.04,Caustic,2,2,1092,10
24-9-2022,8.49,Pathfinder,2,4,1184,3
22-12-2020,7.18,Bloodhound,4,6,2495,7
3-1-2022,13.67,Mad Maggie,7,7,4317,15
21-4-2019,0.2,Revenant,7,5,4042,14
10-7-2020,10.12,Pathfinder,8,7,3446,7
18-3-2019,22.37,Wattson,6,2,1913,4
19-9-2019,25.53,Caustic,2,6,1984,4
28-7-2020,27.26,Wattson,11,7,5619,20
19-3-2022,8.28,Fuse,7,9,5034,5
4-9-2019,21.66,Rampart,6,5,3538,6
24-8-2021,20.9,Mad Maggie,5,7,3412,16
8-11-2022,3.62,Horizon,6,10,4549,13
18-4-2021,19.95,Mirage,2,0,446,19
25-5-2021,27.46,Ash,4,2,1332,3
9-8-2019,26.67,Wraith,9,4,2847,4
3-9-2020,24.98,Crypto,8,7,4176,15
6-12-2020,29.83,Rampart,8,10,4782,6
24-12-2019,9.95,Horizon,5,5,2817,4
2-12-2019,26.68,Ash,10,16,6605,15
23-8-2019,0.04,Pathfinder,0,0,0,19
29-12-2022,5.28,Horizon,2,2,1054,1
8-12-2019,24.45,Caustic,5,3,2636,11
22-7-2022,26.34,Lifeline,3,9,2656,16
13-3-2019,24.63,Mad Maggie,5,7,4256,2
8-1-2022,13.63,Mirage,8,7,3638,15
30-7-2022,22.63,Wattson,9,9,5368,15
29-5-2020,17.2,Bangalore,2,4,1987,4
15-12-2022,28.31,Mirage,5,3,2268,8
9-3-2019,13.52,Bangalore,4,2,2041,6
6-8-2019,10.22,Gibraltar,9,5,4408,14
12-7-2021,26.48,Crypto,4,5,2535,3
21-4-2022,13.39,Pathfinder,7,6,3537,13
14-9-2022,3.28,Fuse,6,7,4774,12
1-7-2022,6.75,Horizon,5,8,3509,19
16-1-2020,15.93,Revenant,1,4,1289,16
15-11-2020,5.47,Revenant,5,2,1769,8
4-6-2020,3.62,Horizon,4,10,4355,20
1-4-2020,15.34,Ash,8,5,4735,18
19-7-2019,16.29,Crypto,5,8,3177,12
25-10-2019,16.71,Revenant,7,7,3246,17
7-4-2020,11.97,Revenant,3,0,876,5
21-6-2019,14.38,Revenant,6,1,2758,7
13-1-2021,19.88,Fuse,2,9,3888,10
10-9-2022,5.31,Revenant,7,3,3663,15
21-1-2021,20.56,Ash,9,4,5096,4
14-7-2022,1.8,Wraith,5,5,3790,20
26-2-2019,20.05,Revenant,16,10,6881,15
18-6-2021,20.04,Bloodhound,9,5,3507,15
21-5-2021,15.66,Gibraltar,3,1,1306,2
18-3-2021,27.75,Rampart,9,6,4401,2
23-4-2019,12.93,Caustic,3,10,4776,13
3-3-2021,14.57,Fuse,5,4,2785,13
17-3-2022,0.11,Fuse,6,10,5026,4
1-10-2020,3.3,Rampart,9,7,5723,20
12-12-2022,14.89,Lifeline,2,3,1704,19
31-5-2020,28.52,Mad Maggie,3,3,1568,11
16-8-2021,26.7,Mad Maggie,5,6,3488,18
18-2-2021,4.65,Fuse,12,7,5310,17
27-11-2019,4.67,Pathfinder,9,6,3718,8
16-2-2020,7.18,Mad Maggie,10,9,6762,15
23-10-2020,12.11,Ash,10,7,5803,10
12-11-2019,5.75,Wraith,0,4,1429,13
7-5-2020,6.95,Caustic,4,4,2512,14
28-12-2020,26.81,Fuse,3,4,2092,4
28-11-2020,9.47,Mirage,7,4,4245,3
3-7-2020,17.05,Wraith,7,5,4123,13
9-5-2022,12.24,Rampart,10,7,6918,18
12-6-2019,2.07,Caustic,8,6,3768,11
9-1-2022,8.25,Bangalore,6,2,3377,8
23-5-2019,29.72,Pathfinder,2,8,3289,5
30-5-2021,28.38,Bloodhound,5,4,2667,5
23-9-2020,11.24,Mad Maggie,3,3,2299,2
30-11-2021,9.49,Bangalore,7,4,1476,16
2-3-2020,17.18,Mad Maggie,9,5,1839,15
30-5-2019,7.79,Bangalore,8,7,2307,6
17-5-2019,5.87,Caustic,5,1,1199,18
21-10-2020,1.66,Wraith,7,3,1692,15
13-7-2021,1.09,Horizon,5,5,1963,18
17-3-2019,13.28,Wattson,3,9,788,11
6-11-2020,3.01,Mirage,8,11,2036,17
26-12-2021,15.43,Wattson,5,10,2909,20
2-7-2022,28.37,Mad Maggie,8,10,3192,5
22-11-2019,22.6,Bloodhound,0,3,516,12
6-12-2019,29.82,Horizon,3,2,958,7
12-5-2020,9.42,Bloodhound,5,3,1574,3
17-12-2019,1.99,Bangalore,4,9,1836,10
12-11-2022,22.81,Bloodhound,7,4,2019,4
13-12-2020,27.11,Mirage,6,8,1039,14
17-10-2022,24.19,Fuse,8,8,3294,5
20-12-2022,6.06,Horizon,1,0,259,6
10-3-2020,3.95,Pathfinder,2,3,1078,9
26-11-2020,14.87,Bangalore,3,3,1162,6
27-5-2022,7.67,Gibraltar,5,9,2017,9
29-12-2020,29.57,Mad Maggie,5,7,1748,4
7-8-2020,21.58,Bangalore,6,6,1483,15
21-8-2020,21.28,Mad Maggie,6,8,3135,6
17-11-2019,29.08,Mirage,1,4,921,20
19-3-2019,18.98,Horizon,6,2,1042,9
2-5-2022,13.91,Pathfinder,4,3,584,4
9-6-2022,28.83,Horizon,4,7,1566,8
16-3-2022,0.39,Crypto,4,6,1657,17
23-7-2019,12.92,Pathfinder,7,8,1461,9
11-2-2019,13.9,Wattson,6,6,2307,7
9-3-2021,23.69,Revenant,1,6,986,19
10-7-2019,15.15,Pathfinder,4,2,1077,7
12-7-2022,1.52,Fuse,3,5,887,10
11-1-2021,12.06,Fuse,9,3,1728,1
30-5-2019,7.1,Wattson,5,4,924,14
10-12-2019,24.54,Gibraltar,8,11,3071,8
29-8-2020,9.63,Bloodhound,6,6,1404,5
27-10-2021,21.54,Bangalore,2,7,1276,1
13-2-2022,11.99,Caustic,7,1,988,19
2-5-2022,1.74,Revenant,3,9,1897,1
22-5-2022,26.87,Ash,3,6,2160,12
11-11-2020,5.68,Rampart,13,5,2310,13
22-1-2021,17.53,Revenant,7,5,1432,16
3-7-2019,20.98,Wraith,11,6,3131,5
6-8-2019,10.97,Wattson,0,0,0,16
15-5-2019,17.44,Bloodhound,10,8,3321,15
10-9-2020,22.72,Crypto,2,2,848,1
17-9-2022,14.87,Gibraltar,3,3,1368,14
1-11-2021,7.53,Horizon,6,4,2580,19
7-8-2022,15.76,Horizon,5,6,1496,2
22-11-2019,11.05,Ash,9,6,3277,3
30-5-2020,6.28,Gibraltar,2,0,325,8
12-3-2022,6.37,Lifeline,7,5,2407,20
28-2-2019,3.88,Pathfinder,3,4,1561,5
22-1-2021,15.69,Ash,7,4,1204,8
17-2-2020,20.5,Caustic,7,8,3399,10
26-8-2019,7.81,Horizon,10,8,4665,12
31-5-2020,8.01,Mad Maggie,7,6,2486,10
7-5-2021,22.64,Rampart,4,2,1267,12
16-5-2020,13.04,Bloodhound,3,2,1368,15
10-2-2021,27.14,Revenant,9,2,2979,14
19-10-2019,15.87,Revenant,5,8,3246,19
15-11-2019,18.16,Revenant,6,8,2563,20
19-6-2022,9.35,Crypto,6,7,3258,1
19-6-2022,3.36,Wraith,8,6,3181,5
24-5-2020,28.46,Mirage,4,1,1331,14
14-6-2022,21.88,Rampart,2,5,1008,4
26-5-2022,9.66,Gibraltar,3,4,1784,16
15-6-2021,3.46,Revenant,4,4,1916,11
30-3-2022,29.74,Horizon,8,5,2670,4
14-2-2020,24.04,Lifeline,5,11,2205,15
17-2-2019,14.25,Bloodhound,8,7,2707,19
3-10-2022,12.2,Bloodhound,6,0,1132,6
9-9-2021,16.49,Lifeline,4,1,1027,15
15-2-2022,22.9,Wattson,6,9,4118,3
24-1-2022,5.5,Lifeline,7,6,1758,16
13-1-2021,19.19,Mirage,6,6,2679,17
15-9-2022,18.49,Caustic,8,5,3816,7
26-10-2019,12.24,Pathfinder,6,15,5720,9
14-7-2021,4.45,Gibraltar,3,3,1301,4
22-2-2021,7.91,Mirage,5,1,989,3
2-9-2022,18.44,Wraith,2,9,1989,12
10-10-2020,15.89,Revenant,5,4,1452,18
24-3-2019,19.57,Crypto,5,7,3333,3
27-8-2022,8.03,Pathfinder,7,6,3599,6
22-10-2020,21.74,Rampart,7,6,3385,16
2-6-2021,6.13,Horizon,0,8,1890,7
22-1-2022,27.18,Lifeline,6,6,2876,13
5-6-2019,24.06,Rampart,7,12,2775,7
23-10-2020,22.64,Caustic,4,7,1613,6
26-12-2021,6.79,Caustic,5,11,3781,9
23-5-2020,0.65,Gibraltar,5,5,2082,12
19-4-2021,12.78,Pathfinder,6,11,2595,14
16-7-2021,28.41,Wraith,1,2,811,1
6-4-2021,28.73,Ash,2,1,916,5
2-7-2020,16.25,Mad Maggie,4,3,1464,4
10-1-2022,14.93,Revenant,4,7,3161,3
3-12-2021,6.9,Wraith,6,4,2928,3
11-7-2019,20.39,Horizon,7,7,4220,7
13-9-2022,21.08,Horizon,7,6,3421,20
17-12-2022,0.97,Lifeline,2,4,913,14
14-9-2021,18.88,Caustic,2,3,924,20
19-1-2021,23.41,Gibraltar,4,5,2319,7
30-11-2021,17.35,Caustic,5,6,3083,2
31-7-2019,17.24,Lifeline,5,5,1632,18
10-4-2020,23.97,Fuse,12,8,3895,12
4-8-2021,27.38,Lifeline,7,9,4730,19
30-4-2021,2.69,Ash,9,0,1839,15
15-10-2020,23.88,Pathfinder,5,10,4407,2
15-4-2020,4.54,Wattson,4,3,2203,13
3-4-2021,7.4,Rampart,3,3,1061,2
12-5-2020,22.02,Ash,6,5,3268,19
3-4-2022,6.33,Caustic,5,13,5571,3
28-5-2022,2.2,Ash,6,7,3806,14
24-5-2021,25.08,Bangalore,5,0,1315,8
18-9-2019,18.14,Wattson,5,4,2566,19
27-1-2022,20.07,Rampart,6,9,2965,7
7-10-2019,19.7,Pathfinder,4,6,3247,15
2-7-2019,13.55,Wattson,14,6,3844,9
2-10-2019,8.97,Bangalore,6,13,5610,3
14-9-2019,19.04,Caustic,7,6,3542,20
20-11-2020,23.26,Crypto,1,4,1599,7
1-5-2021,28.86,Bangalore,2,1,918,7
9-10-2019,17.29,Rampart,5,2,2042,9
24-12-2020,8.36,Caustic,3,4,1278,18
14-8-2021,11.45,Pathfinder,5,6,2644,17
19-5-2022,25.48,Bloodhound,8,5,2731,15
13-10-2019,28.3,Mad Maggie,8,10,5344,7
13-4-2019,9.54,Wattson,3,0,793,11
5-11-2020,15.58,Lifeline,4,2,1672,10
21-8-2022,17.55,Fuse,3,5,1788,8
25-9-2020,19.87,Bangalore,9,4,3713,16
7-11-2019,25.65,Wraith,8,6,4569,3
14-11-2019,6.82,Horizon,5,6,3643,6
10-3-2022,9.68,Revenant,11,11,7267,10
24-3-2020,4.16,Revenant,0,3,653,7
26-10-2020,3.44,Bangalore,2,7,2272,8
9-10-2020,19.83,Gibraltar,12,4,4277,12
9-12-2021,0.34,Bloodhound,5,6,2374,14
1-12-2021,9.9,Caustic,4,10,3230,20
16-9-2022,28.61,Mad Maggie,5,7,3743,20
24-4-2019,26.08,Rampart,8,7,4793,17
17-12-2020,12.82,Mirage,6,8,3186,12
9-10-2019,8.22,Horizon,2,4,1737,2
14-1-2022,10.29,Gibraltar,11,5,4258,10
6-10-2019,17.23,Ash,4,3,2000,4
3-3-2020,5.15,Ash,7,5,2984,2
1-10-2021,19.75,Horizon,8,6,3568,2
18-3-2019,11.98,Horizon,10,9,5795,18
10-7-2020,25.6,Pathfinder,2,3,1064,4
7-8-2020,22.11,Horizon,6,6,3653,9
13-1-2021,10.65,Bangalore,3,2,1683,12
18-10-2019,26.79,Horizon,6,4,3173,9
3-4-2021,3.14,Wattson,13,7,6294,8
30-11-2020,7.05,Pathfinder,11,7,5991,6
21-5-2020,11.73,Wraith,8,7,3499,15
28-9-2019,4.61,Mad Maggie,5,2,2607,11
6-9-2022,19.99,Lifeline,9,7,4833,9
14-8-2020,9.21,Mirage,3,2,1654,20
21-7-2020,14.33,Mad Maggie,6,4,3439,15
6-8-2022,6.7,Ash,9,5,5151,6
9-12-2019,21.23,Crypto,5,5,2452,19
27-7-2020,1.11,Bloodhound,12,8,6451,11
13-4-2022,17.13,Caustic,1,6,1896,19
4-12-2021,4.58,Rampart,1,5,1510,20
22-1-2022,24.95,Pathfinder,8,5,4623,15
26-12-2020,20.05,Gibraltar,6,4,2778,13
28-8-2019,1.46,Lifeline,5,6,2721,13
9-3-2019,6.46,Caustic,7,7,5222,1
12-1-2020,8.67,Revenant,9,10,5503,12
3-12-2019,22.32,Fuse,1,2,901,20
19-5-2019,26.42,Lifeline,3,4,1636,15
10-3-2021,10.16,Bangalore,4,3,2400,3
15-2-2020,16.65,Mirage,8,5,4918,12
19-1-2022,17.16,Fuse,9,5,4882,16
5-9-2022,25.68,Caustic,6,6,4277,15
12-9-2022,23.62,Wattson,14,9,7593,14
1-7-2021,9.61,Revenant,6,4,3939,13
31-12-2022,16.97,Mirage,6,1,1982,20
27-12-2020,18.45,Wraith,7,6,3940,6
15-10-2020,10.74,Rampart,4,8,2894,14
27-7-2019,26.9,Lifeline,9,7,5825,9
1-7-2021,15.77,Mad Maggie,5,7,3404,16
6-10-2020,20.98,Mirage,7,7,3516,15
9-5-2019,17.08,Rampart,8,5,4788,13
26-8-2021,29.93,Caustic,3,7,3472,15
27-2-2019,24.52,Rampart,2,3,1688,20
18-8-2020,22.26,Bangalore,7,5,3462,19
31-1-2022,17.99,Bangalore,8,5,5131,8
12-8-2022,29.14,Fuse,7,7,4780,8
16-3-2021,4.45,Bloodhound,6,14,6281,5
10-9-2022,8.96,Wraith,0,3,713,18
25-4-2021,2.54,Revenant,5,2,2267,6
27-10-2021,16.29,Rampart,4,2,2331,16
9-1-2021,17.2,Wraith,9,11,5453,16
13-8-2022,27.68,Wattson,5,4,2948,11
10-10-2019,29.79,Revenant,8,5,4357,5
25-12-2021,15.32,Crypto,9,6,6216,7
18-11-2021,22.14,Horizon,8,1,3562,19
14-8-2019,13.58,Mad Maggie,8,3,2329,4
9-2-2020,16.66,Fuse,6,3,1654,7
2-6-2021,29.6,Horizon,14,5,3374,12
14-3-2022,13.99,Wattson,5,13,1531,9
12-4-2022,4.61,Fuse,6,8,2181,13
9-4-2019,21.9,Mirage,6,7,1530,10
30-12-2021,3.33,Wraith,5,6,1813,16
6-10-2021,25.72,Revenant,2,6,928,1
11-1-2022,7.0,Gibraltar,2,8,1744,8
14-12-2021,27.61,Crypto,4,11,2494,3
20-11-2021,9.08,Mirage,8,9,1476,19
3-9-2021,17.95,Mad Maggie,8,8,3380,15
2-10-2022,21.55,Bloodhound,13,6,1869,19
13-12-2019,28.27,Horizon,1,8,1674,3
2-8-2021,20.14,Caustic,8,1,1009,17
2-10-2019,29.69,Bloodhound,4,9,907,6
20-3-2021,14.16,Pathfinder,7,4,1120,16
29-6-2020,9.91,Lifeline,4,8,2143,9
24-8-2019,15.67,Bangalore,6,6,2602,18
8-11-2022,15.56,Mad Maggie,6,13,2024,10
17-2-2022,12.45,Mirage,5,5,1611,10
3-1-2022,25.68,Wraith,1,2,415,13
5-4-2019,18.38,Caustic,5,3,1179,8
7-7-2021,12.5,Wattson,4,5,1089,15
25-5-2020,15.59,Ash,8,4,1060,5
11-11-2020,27.89,Revenant,7,14,4185,8
3-7-2020,22.58,Crypto,7,15,3838,20
13-5-2021,28.19,Bloodhound,2,3,802,17
31-10-2020,28.72,Bangalore,2,4,1222,12
19-2-2020,25.63,Gibraltar,10,5,3677,9
19-12-2019,21.84,Ash,8,7,1694,9
25-7-2022,10.69,Gibraltar,8,5,1344,19
11-9-2022,12.79,Mad Maggie,9,6,3700,15
1-3-2019,14.48,Caustic,7,7,1337,8
1-4-2021,18.22,Fuse,0,6,640,5
8-7-2020,3.61,Lifeline,8,1,1562,3
9-7-2019,26.85,Fuse,9,3,1200,12
17-1-2020,28.5,Mirage,4,8,1370,13
13-6-2020,28.84,Ash,6,5,1109,13
2-1-2020,6.32,Revenant,10,5,2373,12
19-12-2020,28.11,Pathfinder,8,13,2759,12
23-3-2019,0.51,Horizon,7,1,2079,4
24-5-2022,2.83,Wraith,1,1,334,19
14-12-2019,29.49,Mad Maggie,5,5,1823,3
3-4-2022,14.31,Revenant,6,3,2017,9
14-8-2019,24.38,Horizon,5,8,1510,17
5-11-2021,24.01,Lifeline,10,7,2302,19
4-2-2021,22.27,Mirage,14,7,5664,1
27-2-2022,26.83,Lifeline,5,2,1412,16
29-8-2021,19.93,Revenant,6,3,2253,9
2-10-2020,23.51,Caustic,5,6,2211,18
24-5-2021,28.09,Bloodhound,4,4,1535,1
10-9-2022,28.19,Bangalore,10,6,1817,14
6-6-2019,26.18,Wraith,9,6,3985,4
16-5-2019,17.47,Caustic,8,9,4299,7
4-2-2022,13.77,Bangalore,0,1,175,7
18-3-2020,24.01,Rampart,5,6,1732,6
7-4-2022,27.68,Fuse,8,9,2307,7
23-6-2019,27.21,Mirage,12,8,3289,9
19-10-2020,19.82,Revenant,5,5,2013,16
24-12-2022,23.77,Horizon,7,5,3178,6
24-9-2022,10.18,Ash,12,15,5742,3
1-3-2019,14.51,Gibraltar,2,4,1245,12
1-12-2022,15.1,Lifeline,7,2,2018,5
7-8-2020,6.09,Horizon,2,2,1061,3
7-2-2022,16.26,Mirage,4,4,1996,4
18-12-2022,25.96,Ash,6,5,1936,14
23-4-2019,3.44,Mirage,11,5,4454,9
11-5-2020,15.55,Revenant,6,12,4454,10
6-4-2021,29.38,Gibraltar,4,3,1660,16
7-3-2021,20.01,Pathfinder,2,6,1238,14
7-3-2020,0.24,Horizon,6,3,1276,18
25-4-2020,23.43,Bangalore,3,5,1277,9
24-6-2022,9.47,Mirage,7,5,1923,18
30-9-2019,4.3,Bloodhound,5,7,3139,9
9-2-2019,1.79,Crypto,11,6,4013,18
9-12-2020,22.58,Crypto,2,5,1819,19
14-4-2021,1.91,Wattson,1,3,1069,15
17-3-2021,6.97,Pathfinder,4,3,1776,3
12-7-2021,10.16,Mad Maggie,7,5,2597,7
16-10-2021,13.21,Revenant,4,4,1546,3
20-5-2020,4.76,Fuse,8,6,2421,1
14-8-2021,1.92,Ash,8,9,4522,5
9-9-2020,29.34,Caustic,2,6,2105,1
9-8-2022,20.25,Revenant,1,1,291,12
9-8-2022,28.97,Rampart,2,3,1357,16
3-7-2021,26.87,Rampart,11,7,3951,10
2-3-2022,5.09,Bloodhound,4,10,2902,4
12-6-2021,4.4,Revenant,8,5,3830,20
17-9-2020,1.11,Wraith,6,8,4056,18
3-12-2021,17.76,Fuse,1,2,637,6
8-11-2020,28.67,Rampart,4,6,2432,16
18-9-2019,4.86,Wraith,7,5,3542,17
24-7-2021,23.15,Lifeline,6,6,3005,9
10-1-2022,10.6,Bangalore,5,11,4467,6
21-5-2019,6.42,Horizon,6,13,4279,9
10-12-2021,3.86,Lifeline,12,6,4571,5
21-5-2020,13.45,Rampart,2,3,1415,14
31-3-2020,11.57,Wattson,5,7,2701,1
23-2-2020,16.13,Wattson,3,6,1950,15
18-2-2022,15.82,Rampart,4,4,1873,5
10-3-2021,1.46,Crypto,4,4,2333,14
1-11-2021,27.93,Mirage,7,13,4916,9
1-3-2019,13.42,Rampart,9,7,4470,17
7-8-2022,27.33,Wattson,1,0,237,3
4-1-2022,3.06,Wraith,4,10,3340,11
4-3-2020,11.16,Pathfinder,2,2,648,11
31-12-2022,29.08,Gibraltar,4,5,1989,2
3-2-2020,16.03,Gibraltar,9,12,4013,2
10-11-2019,20.5,Ash,11,7,4130,16
13-8-2021,14.81,Bangalore,6,10,3492,4
26-6-2022,8.99,Wattson,6,0,1246,2
24-5-2020,19.39,Gibraltar,2,2,1187,4
23-4-2020,23.56,Gibraltar,6,8,3642,9
1-4-2020,18.34,Rampart,4,5,2474,5
20-1-2021,0.5,Mirage,8,8,5131,4
26-7-2022,7.86,Bangalore,11,9,3782,1
1-6-2021,28.95,Rampart,10,8,4178,18
4-10-2019,13.87,Wraith,0,0,0,4
15-8-2019,10.63,Rampart,5,5,3332,4
8-9-2019,27.01,Crypto,10,5,3131,11
13-2-2022,11.68,Crypto,4,3,1889,2
8-5-2019,29.27,Fuse,6,6,2918,4
14-9-2021,11.51,Fuse,5,5,2417,2
5-5-2022,8.4,Caustic,8,8,4605,9
4-9-2019,26.7,Ash,7,5,3362,1
11-4-2021,17.42,Mirage,2,9,3040,2
28-12-2019,1.87,Ash,5,2,2178,13
2-11-2022,18.74,Bloodhound,7,7,4382,10
26-1-2022,18.92,Bloodhound,5,8,4287,2
11-4-2020,18.28,Horizon,12,8,6896,10
8-5-2020,2.33,Mirage,6,10,5320,13
5-5-2021,20.35,Bangalore,0,1,200,20
19-6-2021,19.22,Pathfinder,9,3,2876,20
27-5-2021,6.39,Horizon,3,3,1787,16
13-12-2020,28.3,Fuse,8,6,4347,3
5-4-2019,26.39,Pathfinder,4,6,1970,17
11-4-2021,21.78,Caustic,6,6,4123,12
4-10-2020,9.27,Bloodhound,14,8,6169,11
29-9-2020,20.98,Mirage,3,4,1617,19
4-11-2020,28.37,Mad Maggie,2,3,1347,6
17-1-2022,11.3,Fuse,6,8,3314,10
24-7-2021,17.63,Caustic,6,5,3486,11
4-6-2021,29.67,Wattson,6,4,2928,18
3-11-2022,6.13,Wattson,5,5,2199,9
17-8-2021,4.61,Ash,8,7,5070,15
11-4-2022,19.86,Wraith,1,3,816,19
20-2-2021,29.37,Revenant,11,7,6365,20
21-6-2019,0.27,Crypto,2,9,2598,16
1-7-2022,15.83,Pathfinder,5,4,2788,2
20-2-2020,6.13,Pathfinder,7,4,2965,8
3-5-2021,7.3,Mad Maggie,9,5,3131,17
24-6-2020,0.96,Bangalore,6,7,4695,1
17-7-2020,27.16,Gibraltar,4,2,1442,15
22-8-2022,7.74,Ash,2,2,1340,7
15-2-2020,25.22,Ash,5,4,2454,3
8-6-2021,2.22,Horizon,10,3,4072,10
12-12-2020,15.79,Ash,7,6,3999,5
22-12-2021,26.82,Wraith,8,7,4191,4
5-8-2020,12.74,Fuse,6,8,4313,14
4-8-2019,25.21,Horizon,1,6,2371,14
10-8-2019,20.66,Wraith,1,3,1353,4
5-5-2021,19.12,Wattson,3,3,2153,3
11-2-2022,13.91,Pathfinder,5,4,2222,2
9-12-2021,21.96,Crypto,6,5,4114,3
31-10-2020,21.18,Lifeline,6,6,4164,10
26-6-2019,0.46,Pathfinder,9,8,6346,6
9-7-2022,23.57,Gibraltar,9,6,5666,18
4-11-2019,3.46,Ash,1,2,725,20
20-7-2021,6.61,Mad Maggie,3,3,1356,9
6-7-2020,1.41,Wattson,4,5,3396,3
19-12-2022,23.52,Ash,12,9,7520,4
25-2-2019,20.81,Ash,13,13,9102,2
1-6-2019,22.45,Gibraltar,8,14,5894,13
24-12-2019,0.58,Ash,2,0,781,10
25-2-2019,5.15,Revenant,5,7,4022,16
2-3-2022,19.54,Horizon,5,3,2984,19
8-9-2022,29.86,Wattson,6,6,3125,16
15-11-2021,20.03,Bloodhound,5,7,3312,20
29-7-2019,7.84,Bangalore,5,8,3311,11
30-7-2022,27.41,Crypto,8,8,5146,20
4-1-2022,22.5,Pathfinder,0,0,0,4
4-1-2020,4.54,Caustic,2,3,1370,18
1-4-2022,25.29,Pathfinder,7,11,5788,2
27-10-2021,28.63,Gibraltar,5,5,3867,17
11-11-2019,28.76,Rampart,12,6,6363,4
10-9-2021,23.26,Gibraltar,5,7,3900,15
31-3-2021,22.37,Mirage,7,7,4864,16
24-3-2022,29.25,Caustic,2,3,1916,15
11-7-2021,20.19,Pathfinder,5,1,2550,14
3-5-2020,6.15,Lifeline,3,3,1794,15
22-10-2021,21.1,Wraith,4,3,1945,14
4-6-2021,4.1,Fuse,8,4,4391,19
22-5-2020,18.81,Caustic,9,6,4931,7
30-10-2020,13.81,Gibraltar,6,8,4328,14
10-5-2021,11.88,Mad Maggie,3,1,1125,8
29-8-2022,2.63,Wattson,9,1,2940,8
30-12-2019,13.28,Pathfinder,6,5,3759,6
4-8-2020,9.04,Bangalore,5,3,2104,20
4-7-2020,16.37,Wattson,5,5,3948,15
24-12-2019,15.42,Horizon,10,8,2938,18
26-8-2022,17.81,Wattson,6,8,1951,16
14-6-2019,3.32,Ash,1,1,168,19
2-1-2022,9.55,Caustic,3,6,720,14
14-8-2021,0.15,Rampart,10,2,1181,11
24-1-2022,16.1,Rampart,5,3,647,7
19-10-2022,5.99,Fuse,4,4,1130,1
13-12-2019,8.22,Ash,5,7,918,9
26-5-2019,11.79,Pathfinder,10,10,2889,9
28-8-2022,11.38,Gibraltar,2,1,378,19
18-5-2019,11.85,Lifeline,3,5,1636,17
16-8-2019,1.22,Lifeline,4,9,906,4
12-6-2020,4.03,Caustic,8,6,3079,15
1-1-2020,4.81,Ash,4,5,673,1
9-8-2020,4.95,Crypto,6,7,1134,9
29-6-2020,25.32,Wattson,11,11,2140,3
8-4-2022,23.12,Wattson,0,3,263,10
16-7-2020,4.04,Bloodhound,5,5,1462,18
11-3-2022,22.27,Lifeline,6,3,1948,8
31-3-2019,22.21,Mad Maggie,5,8,2731,14
21-2-2022,14.88,Bangalore,5,6,829,15
2-12-2021,12.94,Mad Maggie,7,7,1586,7
11-8-2021,9.37,Wraith,7,6,1089,9
31-3-2019,4.52,Rampart,5,6,2322,8
8-8-2022,23.91,Mirage,3,3,1197,4
9-12-2019,0.45,Ash,4,5,1682,6
25-1-2021,27.05,Rampart,5,6,2220,10
27-1-2020,18.83,Horizon,10,8,3975,12
23-3-2021,11.8,Horizon,7,9,3118,2
24-8-2020,1.88,Pathfinder,9,10,2190,6
24-10-2020,13.22,Crypto,2,0,191,15
21-10-2021,1.17,Fuse,1,2,563,9
19-7-2022,15.95,Caustic,7,5,2750,13
19-4-2022,20.87,Wattson,5,4,1625,20
6-9-2020,8.74,Fuse,6,4,2415,5
12-1-2021,4.88,Wraith,5,10,1344,6
4-10-2019,10.86,Revenant,9,6,3252,14
11-2-2021,5.62,Lifeline,0,0,0,7
19-4-2020,19.41,Wattson,4,2,1317,6
14-3-2021,0.39,Mirage,3,8,2297,2
16-3-2022,17.73,Crypto,3,4,1385,15
8-7-2022,3.33,Lifeline,8,8,3052,11
14-8-2022,23.85,Revenant,8,11,2301,18
17-5-2020,28.98,Fuse,8,8,1869,2
1-12-2022,28.93,Gibraltar,1,5,1091,17
15-4-2021,20.34,Lifeline,6,1,777,19
20-2-2019,27.41,Rampart,3,4,1608,13
4-6-2022,25.0,Mad Maggie,8,4,2808,9
14-5-2020,21.68,Fuse,10,7,4094,14
19-12-2022,18.36,Ash,5,11,2227,9
16-9-2021,8.11,Mad Maggie,7,9,2631,18
22-9-2021,6.99,Lifeline,4,4,2065,8
24-11-2022,27.97,Wattson,5,3,2085,14
26-6-2021,6.49,Rampart,4,5,2294,5
2-11-2021,27.67,Wraith,4,5,1498,7
18-5-2020,7.04,Caustic,8,4,1425,4
29-4-2022,17.01,Mad Maggie,7,10,3342,15
18-10-2022,13.79,Rampart,6,9,3663,18
10-9-2021,15.67,Bloodhound,1,1,399,15
20-6-2022,29.96,Wraith,6,2,1105,10
2-2-2020,29.49,Gibraltar,3,5,1338,20
7-4-2020,26.77,Horizon,7,4,1949,7
12-8-2019,29.13,Wattson,4,11,3425,12
10-10-2022,25.16,Wattson,5,9,1877,4
29-5-2020,28.2,Lifeline,8,8,3801,6
24-2-2020,23.64,Ash,1,3,886,10
17-1-2021,17.95,Rampart,5,7,1457,6
20-12-2022,22.43,Crypto,3,10,3057,9
17-12-2022,24.74,Pathfinder,7,3,2842,18
6-12-2020,22.9,Caustic,5,8,1885,16
17-7-2021,10.94,Lifeline,7,9,2780,11
5-3-2022,17.08,Ash,9,9,2721,2
4-4-2022,12.94,Crypto,6,0,1628,14
17-8-2019,3.59,Horizon,4,2,1326,16
22-2-2021,6.09,Fuse,8,3,2868,8
12-8-2020,27.43,Ash,3,8,3047,19
27-6-2020,21.68,Gibraltar,5,6,2275,17
17-2-2021,28.35,Wraith,8,6,2731,12
15-8-2021,24.41,Crypto,6,10,2597,18
25-9-2021,14.52,Bangalore,0,2,535,11
14-11-2020,25.06,Wattson,6,5,2743,2
10-1-2021,20.82,Rampart,5,4,1509,5
21-3-2019,2.07,Mirage,5,4,1669,12
25-3-2019,1.22,Mirage,4,7,1739,20
30-5-2019,18.63,Fuse,10,5,4164,12
4-3-2021,13.59,Ash,6,10,2349,7
21-12-2019,15.38,Mad Maggie,5,3,2128,20
21-7-2020,24.65,Crypto,6,3,1843,19
6-1-2021,7.87,Bangalore,3,2,1321,5
20-12-2021,21.83,Lifeline,9,5,4057,19
23-7-2020,16.47,Revenant,10,5,4442,17
10-11-2021,15.45,Bangalore,5,5,3058,17
23-12-2019,23.2,Wattson,8,9,3574,2
11-8-2022,3.88,Bangalore,3,0,718,12
25-5-2021,3.14,Pathfinder,4,3,1077,17
16-2-2021,16.0,Mad Maggie,5,4,2244,15
6-5-2022,22.81,Gibraltar,4,6,2904,16
7-9-2020,1.7,Mad Maggie,7,5,2730,10
15-8-2019,19.36,Crypto,13,6,4378,11
17-5-2022,13.61,Crypto,7,7,3150,11
22-3-2021,21.39,Gibraltar,4,3,2060,12
8-7-2021,13.35,Fuse,6,1,2083,6
17-8-2019,1.9,Mad Maggie,2,4,1535,9
30-11-2021,14.13,Lifeline,6,6,3761,4
5-9-2021,20.25,Ash,11,10,4208,18
3-12-2020,20.4,Fuse,7,6,2934,6
14-2-2022,14.26,Horizon,10,9,4863,15
18-6-2022,5.17,Ash,3,1,914,13
22-7-2019,3.24,Revenant,4,7,2831,20
17-6-2021,1.85,Gibraltar,10,8,4699,10
10-7-2019,9.18,Crypto,6,3,2577,16
8-3-2022,13.14,Pathfinder,5,7,3254,7
14-12-2019,26.24,Bangalore,5,6,2918,18
27-11-2021,14.52,Wraith,7,7,2995,16
6-11-2022,23.36,Mirage,0,4,1113,18
11-3-2020,19.36,Pathfinder,5,3,1946,4
9-9-2022,25.93,Bangalore,7,6,3345,10
25-2-2022,14.62,Pathfinder,7,3,3402,14
16-1-2021,10.65,Mirage,10,6,3047,16
3-10-2020,28.94,Bangalore,8,7,4118,15
8-11-2020,15.7,Wraith,9,10,3386,16
14-6-2021,19.2,Wattson,7,3,3048,9
8-1-2022,23.12,Wattson,3,7,2818,5
4-1-2020,17.18,Bloodhound,8,5,3092,14
6-4-2021,20.84,Pathfinder,6,5,2438,20
28-6-2019,8.8,Wraith,10,13,4540,2
13-10-2020,16.51,Pathfinder,10,6,3419,17
5-7-2020,5.15,Revenant,6,6,3806,7
30-12-2019,0.15,Crypto,4,2,1595,11
11-10-2021,18.29,Wattson,4,1,1766,10
30-12-2019,9.28,Gibraltar,3,5,2075,7
23-7-2019,24.9,Lifeline,5,10,4649,5
26-7-2022,8.84,Ash,5,4,2773,2
28-9-2021,23.7,Lifeline,14,12,5533,12
25-12-2021,20.65,Wraith,8,9,5291,7
21-3-2021,11.36,Fuse,1,0,338,18
26-2-2020,13.14,Caustic,2,2,964,9
3-12-2019,25.71,Wattson,5,4,2374,20
14-7-2019,1.21,Lifeline,6,8,4603,14
16-8-2021,3.84,Bloodhound,4,11,3280,1
22-2-2019,28.05,Horizon,10,13,4565,17
9-5-2021,24.96,Wattson,7,10,5138,11
8-3-2020,25.83,Fuse,1,1,377,17
22-2-2021,22.52,Mad Maggie,5,3,2620,4
6-4-2022,25.17,Bloodhound,7,3,3246,12
25-11-2020,1.23,Gibraltar,3,3,1487,7
26-8-2022,14.38,Fuse,6,9,4314,14
7-8-2019,20.02,Fuse,9,8,6101,4
9-1-2022,14.32,Fuse,10,6,4698,15
20-5-2019,1.67,Mad Maggie,0,0,0,9
4-8-2022,24.16,Revenant,3,5,1641,20
21-3-2020,1.83,Mirage,2,2,1178,17
16-2-2022,0.87,Fuse,6,3,1996,17
4-7-2019,2.15,Horizon,5,8,3053,9
17-11-2021,28.97,Fuse,9,8,4171,13
4-9-2019,6.26,Mad Maggie,6,6,2779,10
12-3-2022,6.47,Wattson,5,1,1780,1
19-3-2022,25.49,Lifeline,6,5,3907,12
9-4-2022,19.76,Ash,12,6,5126,9
8-9-2021,27.34,Wattson,10,4,4028,19
20-2-2021,22.15,Fuse,9,5,3267,5
30-9-2019,16.92,Wraith,13,12,8664,5
13-8-2019,2.38,Pathfinder,7,11,3894,7
27-8-2019,5.53,Ash,7,0,1587,15
23-7-2022,25.32,Revenant,4,3,2206,16
22-10-2021,5.61,Gibraltar,3,6,2999,19
26-4-2019,26.88,Wattson,4,9,4146,8
26-6-2022,9.05,Lifeline,8,4,4527,14
12-11-2019,27.75,Lifeline,7,8,4927,4
17-3-2020,25.37,Caustic,14,14,8096,20
7-6-2019,4.29,Pathfinder,1,0,304,11
5-9-2019,26.39,Mad Maggie,4,5,3187,15
7-12-2022,17.42,Pathfinder,5,2,1672,1
2-11-2020,4.7,Bloodhound,3,8,2512,1
17-6-2021,14.39,Bloodhound,6,7,4470,5
13-6-2021,11.29,Wraith,8,13,7862,4
30-9-2020,1.94,Revenant,10,9,6509,5
30-11-2020,13.8,Mad Maggie,4,1,1674,5
14-11-2019,28.14,Ash,2,2,1093,4
15-12-2021,11.88,Ash,3,3,1655,10
22-3-2020,9.49,Horizon,11,4,4281,9
3-7-2020,13.18,Fuse,9,4,3686,12
28-10-2021,10.24,Wattson,5,8,3587,6
11-6-2020,18.84,Gibraltar,7,9,6148,4
1-4-2021,18.85,Caustic,1,3,1467,5
6-8-2021,16.77,Gibraltar,1,6,1845,1
9-2-2020,5.59,Horizon,3,5,2985,10
21-2-2021,12.83,Mad Maggie,3,4,2534,16
4-9-2020,0.35,Bangalore,6,4,2817,18
29-7-2021,12.51,Caustic,11,9,6230,20
14-7-2021,23.88,Caustic,8,12,7358,12
21-9-2022,9.74,Wraith,4,4,3130,5
5-7-2020,2.09,Wattson,2,1,1268,4
11-4-2021,29.04,Ash,10,2,4894,1
25-6-2020,28.85,Gibraltar,5,5,3029,10
28-2-2020,0.76,Lifeline,5,7,3301,2
14-5-2022,29.21,Bloodhound,6,9,4315,6
27-2-2022,17.15,Wraith,6,7,3729,3
28-8-2022,4.18,Revenant,1,0,269,9
15-11-2019,24.96,Revenant,2,5,2743,2
17-12-2020,28.65,Horizon,7,3,1093,2
2-11-2020,24.35,Mirage,3,4,1405,5
4-9-2022,20.25,Rampart,4,5,1025,3
22-11-2022,20.43,Crypto,10,9,3036,2
17-3-2019,22.51,Lifeline,8,7,2973,16
13-12-2019,15.33,Bloodhound,5,6,1083,10
25-12-2019,2.98,Bangalore,1,1,131,13
7-4-2019,3.65,Bangalore,7,3,1797,11
18-10-2021,29.61,Mad Maggie,11,4,1625,20
24-7-2022,4.88,Mirage,4,9,2168,4
12-1-2021,27.78,Rampart,11,6,1241,3
7-10-2021,13.59,Wraith,15,8,4646,13
22-12-2022,25.85,Ash,6,1,1534,2
9-6-2022,6.09,Mad Maggie,1,2,237,9
17-4-2019,16.27,Mad Maggie,2,6,584,15
4-10-2022,2.77,Bloodhound,10,6,3443,20
19-5-2020,28.46,Wattson,7,4,1071,11
31-3-2019,12.26,Ash,10,9,4376,14
30-4-2022,3.49,Bangalore,13,10,3108,9
21-8-2021,21.53,Gibraltar,1,5,608,1
20-12-2019,0.7,Gibraltar,6,1,929,15
29-10-2021,1.88,Gibraltar,6,4,960,5
28-12-2021,26.75,Lifeline,7,8,2992,12
8-1-2021,2.82,Revenant,8,4,2158,18
17-3-2019,21.63,Rampart,7,11,2456,4
3-12-2019,20.67,Ash,6,9,3463,14
9-10-2020,26.98,Ash,4,2,821,18
28-7-2020,5.6,Fuse,1,1,365,19
29-4-2019,0.33,Crypto,3,6,1430,20
7-3-2020,25.17,Ash,6,7,2839,11
23-6-2019,6.84,Rampart,6,4,1759,16
17-10-2021,20.97,Wattson,7,12,3624,18
26-11-2019,26.02,Rampart,6,13,3158,12
19-7-2020,24.52,Mad Maggie,1,1,341,13
24-1-2021,15.3,Gibraltar,7,1,824,18
4-10-2020,9.63,Mad Maggie,9,8,2494,9
28-3-2019,5.15,Revenant,3,4,1118,3
1-4-2022,27.37,Mirage,8,15,3422,18
25-9-2022,13.87,Horizon,14,5,3644,20
23-7-2022,8.8,Gibraltar,11,7,3281,12
16-5-2020,8.88,Mad Maggie,5,1,790,16
13-8-2019,12.74,Lifeline,10,8,3514,18
2-8-2019,24.54,Ash,4,6,1625,7
8-7-2019,18.65,Bloodhound,4,3,1451,1
11-1-2020,19.36,Gibraltar,9,6,2670,19
4-5-2021,7.63,Wraith,6,5,1649,3
8-6-2019,23.12,Gibraltar,13,10,2952,8
12-5-2020,12.03,Pathfinder,1,2,657,6
11-2-2020,21.75,Horizon,4,8,1359,15
16-7-2020,11.79,Rampart,8,3,2411,8
9-2-2022,0.28,Bangalore,3,6,1602,8
27-4-2022,9.25,Rampart,9,5,3826,16
3-7-2020,11.34,Revenant,5,10,2177,5
16-6-2020,17.38,Revenant,9,6,3260,13
6-11-2022,9.3,Gibraltar,2,1,481,2
29-10-2022,10.19,Fuse,6,1,1924,16
2-11-2020,13.87,Horizon,3,6,1885,9
4-10-2020,23.2,Gibraltar,4,3,1243,6
8-6-2022,18.13,Bangalore,6,6,2632,3
28-11-2020,23.21,Gibraltar,9,14,5224,18
1-4-2020,18.72,Bangalore,10,7,3644,11
22-3-2020,29.83,Wraith,2,1,372,11
2-2-2021,23.92,Bloodhound,5,3,1966,4
29-5-2019,11.47,Pathfinder,3,3,921,19
12-11-2020,21.94,Wattson,6,8,2812,8
21-7-2020,29.37,Crypto,6,7,2704,20
25-10-2019,26.81,Lifeline,6,13,4923,13
27-7-2019,18.05,Fuse,7,10,3575,1
6-5-2021,10.25,Caustic,0,0,0,10
21-2-2020,8.24,Pathfinder,1,7,1682,13
22-10-2022,26.05,Ash,7,4,3212,5
22-11-2020,7.58,Bangalore,7,4,2801,10
19-1-2021,24.49,Rampart,6,7,1993,5
5-1-2022,22.86,Crypto,7,6,3241,14
9-12-2022,10.97,Mirage,10,6,2515,8
28-6-2020,28.11,Crypto,3,2,1117,6
9-1-2021,2.24,Mad Maggie,6,5,1954,5
4-8-2022,5.73,Crypto,2,3,1087,20
11-5-2022,2.46,Mad Maggie,4,12,2198,4
27-10-2021,3.03,Crypto,8,4,2274,16
22-4-2019,25.49,Ash,6,8,2391,13
3-12-2019,25.58,Bloodhound,13,8,4410,20
13-12-2021,0.51,Ash,0,2,513,9
19-2-2022,22.29,Wraith,2,1,731,6
19-1-2021,20.02,Gibraltar,7,3,1869,6
25-7-2020,12.64,Mad Maggie,4,4,2244,6
12-6-2022,8.69,Mad Maggie,4,5,1621,13
27-8-2021,0.64,Gibraltar,5,6,2280,18
17-7-2021,12.44,Lifeline,8,8,3128,5
16-6-2022,26.59,Horizon,4,6,2631,20
24-11-2021,29.25,Gibraltar,2,3,1177,15
3-4-2020,20.86,Mad Maggie,2,3,947,18
28-10-2022,28.53,Ash,3,9,2117,16
6-12-2022,16.83,Mirage,5,5,1795,5
9-8-2022,19.99,Wraith,7,6,2129,3
2-3-2022,3.87,Pathfinder,10,7,3460,10
12-3-2022,16.44,Crypto,3,6,2412,14
26-7-2019,13.47,Mirage,2,6,2184,10
29-8-2020,15.45,Gibraltar,6,6,2289,20
26-8-2019,4.92,Ash,5,6,2937,1
29-10-2021,28.71,Rampart,6,5,2890,18
2-8-2021,3.32,Ash,13,9,3790,13
3-8-2020,20.14,Gibraltar,7,8,3562,7
6-6-2022,4.27,Rampart,1,0,226,15
6-4-2021,27.4,Mad Maggie,5,5,2579,6
28-12-2021,14.67,Wraith,3,4,2181,19
26-11-2019,20.36,Fuse,5,7,1913,11
25-9-2021,2.56,Mad Maggie,8,6,3085,17
10-10-2022,3.11,Wattson,9,5,4290,19
13-7-2022,16.26,Rampart,11,11,4302,14
11-12-2021,28.62,Revenant,2,2,936,14
23-6-2019,4.23,Crypto,9,7,4283,13
1-1-2021,5.66,Revenant,4,6,2122,8
7-12-2020,17.9,Crypto,4,11,4310,15
19-9-2022,15.11,Ash,4,7,2202,15
2-2-2022,2.11,Pathfinder,6,7,2681,19
7-3-2020,18.52,Rampart,8,11,4360,2
7-10-2021,15.79,Wraith,2,2,806,9
12-11-2022,12.79,Lifeline,5,3,1420,2
6-1-2020,12.04,Caustic,4,3,2253,19
15-8-2022,26.17,Bangalore,8,4,3534,7
21-7-2022,25.54,Rampart,11,6,3533,6
9-9-2020,16.72,Mad Maggie,7,6,3372,2
14-5-2020,4.32,Mad Maggie,6,9,3782,13
24-11-2020,14.36,Revenant,6,2,2091,18
13-6-2019,5.55,Mad Maggie,7,1,2137,12
7-12-2022,20.89,Wraith,3,3,1705,6
1-3-2022,14.26,Gibraltar,7,4,3060,5
24-5-2022,19.76,Pathfinder,7,5,3689,18
20-9-2020,6.34,Lifeline,13,5,4597,5
24-11-2022,4.88,Lifeline,9,7,3685,10
6-1-2022,28.38,Mad Maggie,2,1,934,8
26-11-2019,21.62,Caustic,3,7,2260,14
24-10-2019,0.03,Wattson,2,2,1069,7
6-7-2020,11.45,Horizon,4,6,2105,15
1-6-2019,17.1,Pathfinder,5,9,3680,7
7-4-2022,29.18,Bloodhound,6,6,3585,13
15-11-2019,1.56,Gibraltar,11,15,5368,9
30-11-2022,16.51,Crypto,0,2,596,19
30-11-2021,17.15,Ash,5,6,3086,20
17-1-2020,2.63,Pathfinder,3,6,2437,1
14-2-2019,0.54,Bangalore,4,4,2601,8
28-5-2022,13.14,Gibraltar,6,5,3580,10
25-4-2022,23.53,Bangalore,6,8,2895,2
3-10-2022,15.07,Mad Maggie,6,7,4027,10
4-11-2021,13.07,Caustic,0,1,332,6
24-10-2022,20.26,Gibraltar,3,2,1610,13
27-4-2021,12.84,Lifeline,3,8,2212,19
12-6-2019,17.16,Rampart,11,10,7400,3
30-11-2020,15.9,Rampart,8,5,3931,17
29-9-2019,3.01,Lifeline,5,11,4347,19
6-9-2021,29.23,Wraith,12,8,6094,7
9-11-2020,7.23,Wraith,2,3,1234,2
4-9-2021,4.32,Horizon,2,2,1201,4
22-9-2021,4.13,Lifeline,8,2,3406,7
24-2-2019,16.7,Ash,4,5,2892,6
14-12-2020,23.79,Horizon,9,6,5356,5
15-7-2020,0.75,Mirage,6,5,3436,3
20-2-2021,6.66,Rampart,7,14,6966,16
17-12-2022,17.49,Mad Maggie,9,1,2398,16
16-11-2020,1.76,Wraith,1,1,609,6
10-5-2020,25.18,Pathfinder,4,8,4134,20
18-6-2020,27.33,Crypto,7,3,3673,3
4-9-2019,29.12,Caustic,11,8,6792,11
16-12-2020,12.09,Wattson,11,5,4363,15
6-4-2022,12.83,Bangalore,8,13,6496,10
27-8-2022,0.54,Wraith,1,0,239,17
17-5-2022,9.71,Ash,2,6,1744,16
27-11-2021,8.25,Wraith,6,4,2602,8
20-2-2019,4.99,Mirage,3,5,2258,19
2-8-2019,3.19,Bloodhound,4,8,3314,17
12-7-2020,0.35,Crypto,5,5,2776,6
25-6-2019,22.4,Pathfinder,11,8,4967,16
20-5-2019,23.09,Bloodhound,1,5,1669,2
3-5-2021,8.2,Mirage,3,1,1576,6
7-9-2019,7.62,Horizon,3,6,3316,13
18-11-2019,5.65,Crypto,3,4,2400,4
15-2-2019,15.91,Lifeline,10,4,3409,12
16-3-2020,0.07,Revenant,6,5,2588,13
16-9-2019,21.74,Pathfinder,12,9,5771,10
7-8-2021,24.43,Wattson,2,2,1434,10
4-2-2022,21.78,Rampart,3,2,1537,1
13-6-2019,24.89,Caustic,8,3,4311,19
21-5-2021,28.4,Fuse,4,7,4244,12
21-10-2021,13.36,Horizon,6,9,4058,10
18-1-2022,16.26,Horizon,12,6,4737,19
3-12-2020,26.16,Wattson,15,7,7435,16
4-11-2020,8.63,Lifeline,4,7,3768,2
8-8-2020,16.97,Rampart,1,5,1777,10
17-7-2022,13.71,Wattson,4,6,3800,5
21-9-2022,6.89,Gibraltar,6,4,2551,1
19-11-2022,13.76,Bangalore,5,7,3248,14
6-7-2022,5.54,Gibraltar,7,5,4823,10
10-8-2019,19.63,Horizon,6,6,4729,17
21-10-2022,15.14,Mad Maggie,3,8,4144,1
19-3-2022,8.69,Bangalore,2,2,1090,7
11-7-2022,16.85,Lifeline,2,4,1779,11
9-10-2020,27.48,Bangalore,8,8,4270,19
29-5-2020,20.92,Wattson,5,6,3834,17
22-7-2020,25.32,Bangalore,8,8,4366,19
9-8-2021,2.8,Pathfinder,11,6,2252,14
16-11-2022,7.5,Mad Maggie,2,3,899,6
17-5-2019,10.61,Wattson,3,9,1162,4
5-8-2022,23.4,Pathfinder,5,6,978,3
22-5-2019,29.09,Revenant,6,6,1314,16
15-3-2020,23.29,Rampart,9,9,3788,10
12-1-2020,8.32,Horizon,5,7,2036,16
4-12-2022,28.63,Bangalore,10,9,1556,10
29-9-2019,26.42,Lifeline,2,6,843,7
16-6-2022,19.7,Gibraltar,3,1,413,9
12-8-2020,2.27,Crypto,3,5,704,18
15-7-2020,19.72,Mirage,11,4,2901,7
16-5-2019,29.56,Mirage,7,6,1207,10
10-1-2020,16.35,Pathfinder,5,6,1766,2
31-8-2019,5.24,Ash,7,8,1884,13
29-3-2019,11.97,Rampart,0,6,670,15
1-2-2020,8.71,Mad Maggie,1,3,582,17
12-1-2022,2.27,Bloodhound,2,3,472,13
21-4-2019,27.65,Lifeline,13,4,3421,13
19-11-2020,27.71,Lifeline,5,5,1404,8
17-11-2022,7.42,Horizon,6,12,2946,19
15-4-2019,22.52,Lifeline,7,9,3099,16
26-3-2020,6.38,Wraith,5,5,1501,5
14-1-2020,21.44,Revenant,1,1,381,20
26-6-2019,1.76,Pathfinder,2,2,467,1
21-4-2021,23.77,Wattson,3,6,1988,3
27-6-2022,10.9,Bloodhound,6,5,1400,3
29-10-2021,5.96,Rampart,5,7,1185,14
23-7-2022,1.08,Pathfinder,6,9,1767,7
17-3-2019,17.38,Gibraltar,2,8,1643,9
9-12-2019,24.34,Gibraltar,7,5,1788,18
14-10-2020,1.42,Gibraltar,6,2,1896,19
2-10-2020,8.02,Mirage,4,9,2502,5
11-10-2020,4.34,Wattson,8,6,2555,14
21-5-2019,24.32,Mad Maggie,11,5,2821,15
23-1-2021,13.59,Revenant,8,7,2479,20
6-2-2021,27.17,Mad Maggie,5,7,2701,12
29-9-2021,4.76,Wraith,1,5,1001,11
1-6-2020,21.82,Gibraltar,4,2,589,18
30-5-2020,8.44,Fuse,6,6,1698,10
29-9-2021,14.73,Lifeline,10,5,1853,18
23-5-2022,1.7,Lifeline,5,5,2360,2
15-6-2021,23.8,Pathfinder,9,7,2031,13
8-7-2021,29.68,Mad Maggie,3,4,1004,2
13-2-2021,3.08,Caustic,10,6,1534,6
16-10-2020,4.8,Caustic,7,8,2253,13
16-10-2019,12.59,Horizon,4,4,1947,9
14-12-2020,23.76,Ash,11,8,3857,18
17-7-2022,18.4,Pathfinder,9,12,3379,20
10-9-2022,19.36,Horizon,10,6,3573,7
1-6-2022,6.42,Horizon,0,1,203,3
5-12-2021,26.46,Bloodhound,4,2,915,8
4-1-2022,14.84,Ash,4,2,1441,7
15-6-2019,10.06,Ash,3,3,1285,17
28-9-2019,2.82,Lifeline,6,6,2168,2
4-9-2019,18.61,Horizon,6,9,3554,2
26-8-2019,8.61,Rampart,6,8,2902,12
5-2-2021,5.99,Wraith,9,2,2699,18
8-8-2022,23.16,Lifeline,5,4,1788,17
20-6-2020,27.4,Ash,5,5,1634,4
5-7-2022,22.49,Crypto,10,6,3862,13
6-3-2020,3.93,Wraith,5,5,1178,13
26-11-2022,2.43,Horizon,6,8,3634,15
4-3-2019,17.96,Bloodhound,11,8,2561,2
26-2-2019,5.44,Gibraltar,1,0,281,7
17-5-2019,1.57,Lifeline,1,1,295,4
16-8-2021,12.47,Lifeline,2,3,784,16
17-11-2021,12.13,Lifeline,6,4,1768,8
25-7-2020,6.47,Mirage,4,8,3052,3
3-6-2020,8.0,Crypto,7,6,2016,15
6-6-2021,22.5,Mad Maggie,9,8,4793,6
18-6-2022,27.97,Wattson,0,1,190,13
23-6-2020,5.57,Crypto,2,2,783,7
17-6-2019,24.07,Crypto,4,5,1842,17
5-11-2022,4.5,Ash,4,8,2491,17
2-5-2020,23.87,Bloodhound,4,10,2151,1
21-7-2022,0.53,Mad Maggie,9,8,4011,1
23-6-2022,24.59,Bloodhound,7,7,2777,6
21-12-2022,3.46,Horizon,2,4,1542,9
22-1-2022,13.94,Wattson,5,2,2084,11
19-3-2019,28.23,Mirage,6,5,2076,13
3-5-2021,8.59,Ash,4,4,2150,19
13-6-2019,16.21,Caustic,9,4,2308,1
19-11-2019,29.53,Wattson,13,6,3693,2
19-1-2021,10.09,Lifeline,9,6,3391,11
24-2-2020,0.46,Lifeline,5,4,1463,14
19-11-2022,16.16,Lifeline,4,2,1205,19
23-7-2019,2.43,Ash,2,6,2222,16
11-6-2022,5.92,Horizon,3,4,1230,3
25-12-2019,28.75,Revenant,5,6,2429,5
27-5-2022,18.51,Revenant,11,5,4382,10
6-8-2020,14.17,Lifeline,9,8,4967,20
3-7-2020,3.71,Fuse,5,4,1345,18
13-3-2022,8.64,Crypto,1,9,2779,19
27-12-2022,23.25,Bangalore,8,5,3737,17
29-5-2019,9.73,Bangalore,4,3,1385,15
29-4-2019,24.71,Revenant,5,6,1697,20
29-12-2022,2.16,Bloodhound,5,5,2008,19
7-6-2021,20.71,Horizon,7,7,2845,16
28-11-2020,14.84,Revenant,9,2,3576,3
21-9-2021,25.89,Lifeline,4,4,1316,3
23-10-2021,22.85,Horizon,3,6,2586,10
21-4-2019,10.91,Ash,3,6,1734,12
10-3-2022,20.64,Lifeline,13,10,4836,12
15-8-2019,27.45,Mad Maggie,5,6,2250,6
5-6-2021,22.92,Pathfinder,7,10,5119,19
7-1-2021,29.95,Crypto,5,2,1523,15
9-12-2022,9.84,Bloodhound,2,7,1985,13
25-9-2019,27.68,Ash,2,2,1231,4
31-5-2022,13.6,Rampart,10,4,4465,20
8-1-2020,9.7,Mirage,5,7,3022,19
6-6-2019,29.23,Rampart,10,6,5277,13
3-8-2019,2.97,Caustic,11,11,7137,15
17-7-2022,27.49,Gibraltar,8,2,2121,9
23-8-2021,5.82,Gibraltar,2,1,729,8
27-9-2020,20.45,Bloodhound,3,3,1662,4
25-10-2020,26.16,Revenant,4,10,3653,1
23-7-2019,7.4,Mad Maggie,4,8,3707,3
30-9-2022,29.94,Lifeline,6,8,3078,9
11-4-2019,19.25,Mad Maggie,6,8,3284,15
18-11-2021,3.3,Wattson,5,1,1085,16
1-5-2019,21.31,Bloodhound,4,3,1757,19
15-6-2020,3.22,Mad Maggie,2,5,1206,7
6-6-2020,9.77,Crypto,8,3,3411,5
30-3-2021,29.9,Mad Maggie,6,4,2724,13
17-5-2020,5.66,Mad Maggie,6,5,2366,9
16-5-2021,5.58,Crypto,12,14,6928,8
5-12-2021,3.66,Fuse,0,2,578,20
20-5-2022,3.42,Bangalore,5,6,2464,8
24-11-2021,26.45,Mad Maggie,7,4,3463,19
20-8-2022,21.69,Rampart,3,7,2288,8
19-2-2021,14.53,Gibraltar,5,5,2929,4
25-7-2022,3.12,Horizon,6,5,3743,9
18-1-2022,27.7,Pathfinder,9,10,6534,20
1-3-2020,16.98,Pathfinder,6,3,2041,5
15-7-2021,12.55,Wattson,4,3,1887,18
26-5-2020,25.46,Ash,3,4,2176,18
12-11-2019,0.12,Crypto,4,4,1881,14
23-8-2021,29.74,Bangalore,6,7,4588,6
15-12-2020,28.14,Horizon,5,9,3328,5
7-7-2019,8.48,Pathfinder,9,7,5193,4
12-6-2019,14.06,Ash,0,1,316,19
8-4-2021,23.23,Crypto,2,3,1752,17
30-11-2021,26.68,Gibraltar,4,4,2505,4
26-5-2021,0.54,Bloodhound,11,3,5006,16
22-10-2019,9.05,Pathfinder,6,6,3561,16
15-10-2020,26.45,Crypto,9,14,4611,20
7-10-2021,4.0,Lifeline,11,6,4504,14
24-3-2022,15.73,Wattson,1,2,942,1
29-7-2022,1.78,Pathfinder,4,3,1654,14
5-12-2019,8.55,Bloodhound,6,2,2708,13
16-3-2020,19.29,Pathfinder,7,8,4494,10
8-5-2019,6.38,Ash,10,8,4598,16
9-11-2020,22.17,Gibraltar,7,6,4559,9
22-4-2019,1.62,Mirage,7,10,5577,20
1-5-2021,27.02,Caustic,6,2,2283,14
22-1-2021,17.81,Wattson,1,2,651,17
24-8-2019,24.64,Gibraltar,12,7,6104,18
28-1-2022,10.47,Wattson,5,5,2175,16
23-5-2020,0.18,Revenant,5,5,2443,19
15-2-2021,4.15,Gibraltar,5,5,3432,10
29-10-2021,12.07,Ash,13,13,9615,6
2-5-2021,25.62,Caustic,2,7,2068,6
30-3-2021,20.02,Bangalore,1,5,1386,3
18-6-2022,9.13,Bangalore,2,3,1357,2
30-4-2021,25.33,Gibraltar,9,6,4233,6
25-1-2022,7.69,Fuse,4,6,3212,18
13-3-2020,29.62,Lifeline,5,7,3973,7
25-5-2021,25.21,Pathfinder,13,9,5302,15
27-4-2021,19.36,Mirage,1,3,1120,4
4-12-2019,9.06,Bangalore,6,3,2691,2
19-10-2022,14.04,Fuse,2,4,1510,2
21-10-2021,6.2,Bangalore,5,6,3220,6
23-6-2021,7.17,Gibraltar,4,4,2090,11
22-1-2020,17.43,Mad Maggie,8,5,4956,7
18-2-2019,29.07,Wattson,7,12,5332,7
9-3-2021,14.99,Ash,0,6,1504,17
14-10-2020,27.82,Wattson,3,2,1238,14
6-12-2022,13.1,Bloodhound,2,3,1160,11
2-4-2021,11.35,Ash,3,6,2903,12
19-7-2019,11.01,Rampart,4,5,3477,11
29-5-2022,10.52,Revenant,7,7,3459,12
10-12-2022,21.41,Horizon,6,12,6291,6
5-3-2022,2.69,Horizon,0,5,1537,5
5-12-2020,11.49,Ash,1,3,1256,20
15-8-2022,13.22,Mirage,3,4,2215,4
1-4-2021,7.13,Rampart,4,5,2661,19
30-4-2022,9.01,Bloodhound,6,6,3801,12
10-7-2021,27.04,Gibraltar,7,8,4409,18
28-11-2022,19.13,Caustic,10,7,4497,13
9-6-2021,9.98,Gibraltar,4,0,1174,2
3-7-2021,10.27,Wraith,8,1,2626,6
19-8-2021,23.58,Gibraltar,5,4,2268,3
12-12-2022,15.92,Lifeline,9,5,4847,4
31-10-2021,12.3,Bangalore,4,4,3089,5
30-9-2021,22.27,Crypto,6,11,6273,3
22-3-2021,12.81,Revenant,10,6,4060,7
25-4-2021,2.55,Fuse,6,1,2666,20
12-12-2022,22.16,Pathfinder,4,2,2206,19
20-2-2021,28.24,Rampart,3,11,3564,17
4-3-2021,27.58,Ash,9,8,3156,2
2-3-2021,0.7,Bloodhound,9,4,1783,11
27-2-2020,2.67,Bloodhound,6,9,1662,6
10-9-2022,14.86,Gibraltar,7,6,2020,8
1-7-2021,3.35,Crypto,7,3,1068,2
8-5-2022,27.13,Ash,2,3,1010,18
21-10-2022,26.62,Mad Maggie,4,2,649,8
22-7-2019,9.69,Wattson,6,3,1389,5
22-2-2020,27.38,Bangalore,5,8,1964,8
28-11-2020,21.27,Rampart,8,13,3354,19
18-8-2021,24.74,Caustic,7,9,1819,9
10-12-2022,22.59,Rampart,2,6,1679,19
2-6-2019,12.53,Ash,5,1,524,3
7-12-2022,21.16,Wattson,3,3,1162,10
7-8-2020,1.47,Fuse,6,6,993,11
22-8-2022,11.84,Revenant,6,6,2640,19
18-11-2020,26.51,Gibraltar,8,5,2022,7
2-8-2022,14.41,Bloodhound,8,7,1536,13
5-6-2022,25.12,Mad Maggie,2,1,306,7
21-8-2022,2.34,Wattson,1,2,302,7
11-6-2022,11.81,Bloodhound,2,7,1481,18
24-11-2021,3.63,Lifeline,3,4,1431,19
28-2-2019,29.97,Bloodhound,12,5,1352,13
21-2-2022,9.53,Ash,5,7,2630,10
29-9-2022,3.38,Revenant,7,14,1718,20
25-12-2021,5.22,Revenant,2,5,1199,10
23-2-2022,29.58,Gibraltar,4,3,1408,17
6-1-2021,10.04,Rampart,6,2,1005,2
27-12-2020,6.57,Bloodhound,9,4,2438,14
13-5-2020,11.39,Horizon,8,5,2706,15
1-4-2019,28.61,Horizon,7,11,2418,9
11-11-2020,17.94,Gibraltar,11,7,2844,11
6-11-2022,18.71,Horizon,1,3,642,6
31-3-2021,7.95,Revenant,5,1,891,20
16-10-2021,0.69,Gibraltar,5,2,1310,16
24-3-2022,21.57,Gibraltar,4,5,1089,5
30-4-2020,10.55,Wattson,5,4,2144,1
31-10-2020,9.18,Bloodhound,5,8,1926,2
2-2-2020,9.13,Rampart,7,9,2537,4
13-8-2020,21.66,Rampart,5,1,1216,2
4-6-2021,13.11,Mirage,2,1,670,7
15-6-2020,7.54,Mad Maggie,3,5,1202,2
2-12-2022,14.18,Revenant,4,4,2012,13
6-6-2019,29.26,Lifeline,5,5,1472,1
24-1-2020,25.88,Crypto,8,13,3044,17
1-1-2020,6.39,Horizon,7,6,1509,16
13-8-2020,1.51,Gibraltar,4,0,900,18
8-6-2022,15.27,Revenant,3,2,1139,11
9-7-2020,9.8,Pathfinder,2,2,982,3
21-10-2022,7.03,Lifeline,7,3,2728,17
17-5-2022,18.81,Revenant,9,5,2583,16
27-1-2022,10.18,Lifeline,7,11,2913,1
10-6-2022,29.03,Horizon,10,8,3802,13
7-10-2020,27.37,Rampart,5,2,1459,9
23-10-2022,0.67,Wattson,3,1,975,1
4-11-2020,23.01,Ash,3,9,2791,4
6-8-2020,13.35,Mad Maggie,9,3,1577,20
5-11-2019,16.64,Wraith,4,8,1547,1
12-7-2020,22.34,Gibraltar,6,5,1353,8
12-10-2022,28.95,Revenant,12,8,4682,17
12-1-2022,15.63,Pathfinder,2,1,822,9
25-2-2020,16.12,Rampart,3,1,737,17
10-1-2020,9.26,Mad Maggie,9,2,2381,5
29-12-2022,27.07,Gibraltar,5,11,3462,17
17-6-2021,9.87,Bangalore,4,8,2188,15
27-3-2020,4.79,Ash,7,9,2337,19
5-4-2022,7.1,Lifeline,15,6,5563,7
13-8-2022,4.95,Pathfinder,2,2,1009,14
24-3-2021,2.24,Bloodhound,2,4,1138,1
22-8-2022,10.44,Mad Maggie,5,3,1427,14
20-11-2019,7.47,Mad Maggie,6,3,2413,2
4-11-2020,21.1,Ash,12,6,4717,10
30-5-2019,16.17,Ash,11,12,3290,8
20-2-2019,17.23,Mirage,7,8,4114,8
26-10-2020,18.7,Wattson,2,4,1671,18
13-2-2019,4.55,Ash,1,2,772,16
6-11-2020,15.31,Mirage,3,11,2144,6
14-1-2020,13.02,Fuse,3,5,2308,1
18-5-2022,27.17,Bloodhound,5,6,2489,10
11-11-2019,18.0,Wattson,5,10,2468,18
17-2-2020,14.98,Gibraltar,14,6,5150,12
17-8-2019,4.0,Ash,0,3,607,6
20-3-2022,17.83,Mad Maggie,4,2,1556,17
1-5-2022,14.69,Gibraltar,8,3,2713,11
14-5-2022,8.54,Bangalore,3,6,2582,17
20-5-2019,28.1,Caustic,5,8,2616,15
13-7-2022,15.58,Lifeline,11,6,3125,18
2-5-2019,29.88,Wattson,12,8,4927,7
3-2-2022,25.91,Mad Maggie,7,4,3083,8
23-11-2019,17.17,Horizon,7,1,1235,9
27-2-2020,14.75,Wraith,2,2,1079,9
10-10-2021,17.53,Horizon,4,7,2341,1
29-8-2019,13.37,Bloodhound,7,5,2582,7
7-5-2020,18.36,Lifeline,5,6,2897,8
21-2-2022,7.92,Bangalore,7,9,3751,19
18-6-2019,24.74,Bloodhound,1,9,2349,9
21-9-2022,13.63,Fuse,2,6,1572,17
26-12-2019,20.75,Bangalore,6,2,1567,10
3-4-2019,10.49,Rampart,4,6,2862,19
26-10-2021,28.69,Bangalore,10,10,3415,15
26-4-2019,29.43,Wattson,6,8,3219,17
29-6-2019,3.43,Horizon,14,7,5664,9
25-3-2020,20.18,Mad Maggie,0,5,988,17
22-10-2021,12.57,Bloodhound,4,1,1297,20
27-12-2022,14.08,Lifeline,5,4,1606,20
8-3-2019,14.03,Bangalore,12,3,3005,16
14-4-2019,20.08,Mirage,8,4,2365,15
15-12-2021,26.71,Horizon,8,10,4063,13
13-1-2022,28.79,Rampart,13,10,6204,3
24-2-2020,25.25,Revenant,5,9,2603,2
14-2-2019,6.73,Horizon,4,5,2911,16
23-9-2021,1.18,Pathfinder,2,3,1515,13
25-3-2020,18.63,Mirage,5,4,2070,3
5-1-2022,10.77,Caustic,5,12,5164,10
28-9-2022,26.07,Ash,8,6,4180,13
19-12-2022,26.4,Caustic,10,7,3263,8
12-4-2019,27.09,Gibraltar,2,2,1088,16
22-1-2021,18.63,Crypto,2,4,1380,8
10-6-2022,7.91,Mirage,5,3,2169,2
22-7-2019,29.55,Crypto,7,5,2779,20
27-7-2022,22.27,Revenant,11,13,4985,20
15-4-2020,7.75,Gibraltar,6,6,3376,16
26-6-2022,15.97,Revenant,6,7,3562,8
7-2-2021,23.42,Lifeline,3,1,1180,1
26-12-2019,24.65,Fuse,5,6,3142,19
27-11-2020,21.58,Caustic,4,3,1944,18
13-10-2019,17.76,Rampart,4,5,2989,16
2-1-2021,4.89,Wraith,8,7,3172,11
3-3-2019,29.74,Gibraltar,10,8,5593,10
27-1-2021,21.71,Bangalore,8,7,4158,14
12-4-2021,11.11,Mad Maggie,1,0,305,5
26-10-2019,22.49,Ash,1,2,851,13
10-6-2021,29.61,Mirage,3,5,2250,13
29-8-2022,27.97,Gibraltar,5,9,3727,8
21-3-2022,23.79,Pathfinder,9,12,7062,12
13-11-2019,11.18,Rampart,8,5,3228,16
6-4-2022,6.63,Bangalore,8,6,2870,2
22-1-2020,23.62,Fuse,1,2,813,5
6-6-2021,5.65,Crypto,1,3,962,4
27-9-2021,28.66,Fuse,4,2,2030,6
20-9-2022,9.0,Wattson,6,4,2763,3
7-10-2020,5.48,Revenant,4,11,3740,19
19-4-2020,10.09,Crypto,6,10,4251,8
9-8-2022,15.41,Crypto,7,13,6686,2
30-7-2021,3.67,Caustic,1,1,703,9
5-5-2021,0.55,Gibraltar,2,3,1211,18
8-7-2020,25.4,Fuse,5,3,2916,8
25-12-2019,29.3,Wattson,6,6,2942,13
27-12-2021,2.4,Caustic,6,5,2977,12
26-2-2019,16.84,Crypto,10,7,5855,15
14-10-2020,19.5,Fuse,10,6,5832,18
28-11-2019,13.41,Lifeline,1,1,624,14
21-2-2020,4.91,Mad Maggie,1,3,1009,1
22-1-2021,1.22,Wattson,6,3,3233,19
8-10-2019,10.43,Crypto,3,6,2722,14
15-1-2020,24.25,Fuse,4,6,3414,8
9-8-2021,6.49,Revenant,8,8,5007,14
12-3-2020,26.72,Wattson,7,8,5545,6
25-1-2020,16.87,Crypto,1,2,767,5
16-7-2019,13.77,Wraith,1,4,1713,20
5-8-2022,22.89,Caustic,3,5,1978,7
6-10-2020,15.17,Gibraltar,4,8,4239,13
12-4-2021,16.75,Mirage,5,5,2480,19
23-12-2019,27.63,Horizon,9,9,5912,4
22-3-2021,5.17,Pathfinder,8,8,4903,7
5-9-2020,25.86,Wraith,8,2,2549,16
26-8-2019,22.01,Crypto,11,6,6468,6
24-8-2022,25.26,Bangalore,2,6,2168,2
17-12-2021,19.65,Revenant,10,5,3543,20
29-12-2022,4.86,Wraith,5,4,2061,6
10-3-2022,25.62,Ash,6,10,5469,18
23-2-2020,22.54,Lifeline,7,8,5541,20
9-3-2021,20.83,Gibraltar,6,3,3097,4
1-4-2021,28.8,Bangalore,3,12,4524,4
22-10-2020,4.77,Horizon,4,5,3101,3
14-7-2020,0.47,Ash,9,4,4163,3
30-3-2021,1.67,Mirage,8,4,4295,16
29-5-2020,7.68,Mad Maggie,5,5,2737,16
12-3-2020,28.08,Crypto,7,10,5150,12
18-7-2021,4.1,Ash,2,5,2303,14
22-10-2019,14.45,Pathfinder,2,3,1808,7
12-5-2022,23.31,Fuse,11,8,7498,4
29-9-2019,4.98,Ash,4,3,2779,9
10-5-2020,2.66,Wraith,5,4,2764,15
25-7-2021,5.48,Rampart,7,6,4715,17
1-12-2022,29.98,Ash,8,13,5104,17
28-2-2022,4.38,Ash,3,5,2699,6
14-10-2020,10.43,Wattson,5,4,3484,14
4-6-2022,20.78,Mad Maggie,9,6,4553,19
23-1-2021,3.4,Caustic,3,6,2423,6
22-10-2022,19.29,Fuse,10,5,4247,14
31-10-2019,9.57,Ash,8,10,4517,8
31-8-2019,20.83,Mad Maggie,8,6,4450,18
22-8-2020,18.06,Fuse,2,7,3370,15
30-10-2022,1.58,Caustic,9,2,4454,4
14-5-2019,22.3,Bangalore,4,5,3202,5
4-9-2022,6.24,Bloodhound,5,8,3349,9
29-6-2022,23.16,Pathfinder,12,6,5310,3
12-2-2020,9.01,Wraith,6,6,4489,6
24-11-2020,12.02,Horizon,7,12,7691,2
26-8-2022,3.41,Horizon,2,1,505,1
1-12-2021,19.2,Gibraltar,2,2,348,17
5-10-2020,15.17,Wraith,7,7,1146,17
17-4-2020,7.26,Bloodhound,3,5,1082,20
13-8-2019,9.77,Revenant,6,5,1857,14
29-10-2019,29.72,Horizon,8,7,2822,10
8-10-2019,16.81,Pathfinder,7,10,1772,1
10-10-2022,16.39,Ash,1,4,403,20
5-2-2021,23.37,Rampart,2,1,310,9
7-3-2022,28.37,Gibraltar,7,3,1591,18
8-1-2020,8.82,Bloodhound,3,5,1394,17
2-6-2022,6.51,Horizon,5,11,3080,17
20-8-2021,13.83,Revenant,11,8,3123,20
11-11-2020,24.31,Bloodhound,13,9,4576,3
1-3-2022,10.91,Bangalore,7,4,1738,4
8-1-2020,11.89,Wraith,2,1,374,1
3-10-2021,6.16,Mad Maggie,6,6,2427,15
24-6-2020,26.43,Gibraltar,8,4,1636,2
11-7-2022,15.64,Mirage,7,7,2479,13
17-4-2021,28.7,Crypto,8,11,2645,6
15-7-2020,11.77,Pathfinder,8,11,4046,14
27-9-2019,12.21,Caustic,0,1,126,12
22-5-2020,3.97,Bloodhound,2,3,738,3
12-1-2021,16.05,Wattson,2,2,524,7
9-3-2019,17.13,Mad Maggie,8,4,2919,6
9-10-2021,4.43,Wraith,11,10,2505,7
14-9-2022,13.94,Crypto,6,7,2141,19
17-9-2020,7.84,Bangalore,6,11,3249,7
15-2-2020,27.15,Lifeline,3,2,418,4
10-11-2021,19.53,Gibraltar,1,3,730,3
25-4-2019,15.43,Fuse,2,3,1071,13
31-12-2020,25.71,Caustic,7,10,2890,1
1-9-2022,23.25,Mad Maggie,7,7,1951,7
28-9-2019,2.49,Ash,6,5,961,5
14-5-2020,26.94,Mirage,7,8,2367,8
28-1-2020,4.8,Mirage,2,1,558,11
21-8-2021,29.68,Lifeline,3,3,549,5
27-12-2020,17.44,Horizon,2,8,1170,15
17-10-2019,2.16,Fuse,8,4,1863,15
14-9-2019,18.77,Mirage,5,13,1971,14
15-2-2021,6.43,Revenant,9,8,3969,12
11-10-2019,18.86,Caustic,8,9,3637,19
8-1-2020,27.02,Rampart,4,2,1117,8
5-3-2021,13.7,Revenant,4,2,712,5
6-7-2019,22.96,Crypto,3,6,2104,10
23-9-2021,25.95,Bloodhound,3,8,2544,9
19-10-2021,22.27,Rampart,6,13,4507,15
12-9-2020,1.02,Bloodhound,7,5,2611,15
11-5-2021,20.14,Gibraltar,9,8,3489,3
17-12-2020,18.73,Bloodhound,1,1,361,8
22-4-2020,21.51,Crypto,1,6,1491,1
19-1-2022,7.52,Bloodhound,4,2,1316,3
7-8-2019,5.91,Mirage,8,9,4295,10
26-4-2022,29.17,Horizon,8,6,2224,16
14-5-2020,19.08,Bangalore,6,8,1570,8
3-3-2022,5.33,Bloodhound,10,9,2480,18
22-11-2019,14.13,Ash,5,6,1873,9
7-4-2021,8.46,Mirage,4,6,1277,16
10-1-2022,20.74,Gibraltar,2,3,725,20
22-6-2020,23.69,Crypto,10,5,1732,16
22-12-2022,0.57,Crypto,4,4,1670,5
12-1-2020,23.34,Bangalore,11,10,5406,6
3-1-2022,15.1,Revenant,12,8,3988,18
5-3-2021,16.81,Wattson,1,2,362,8
8-4-2020,1.21,Gibraltar,3,2,1345,1
2-12-2019,1.36,Wraith,2,5,1036,9
18-1-2022,5.81,Fuse,4,3,1437,4
7-8-2022,14.45,Wraith,9,6,3551,6
24-9-2022,2.89,Horizon,6,5,2639,11
4-7-2020,10.34,Crypto,9,10,3139,11
25-6-2022,19.02,Bangalore,5,5,1488,12
21-2-2021,17.06,Fuse,3,1,838,18
19-3-2022,25.08,Crypto,6,4,2432,17
23-5-2020,12.34,Crypto,5,5,2010,4
10-12-2021,6.68,Revenant,7,6,2185,14
22-11-2021,17.56,Revenant,10,6,2888,15
28-3-2019,28.25,Revenant,7,6,2390,2
4-3-2020,27.45,Ash,4,1,1506,17
27-2-2022,13.01,Mad Maggie,5,6,2203,1
24-2-2021,5.77,Gibraltar,9,2,2602,20
19-7-2019,17.2,Lifeline,4,9,2037,12
30-1-2021,25.76,Lifeline,9,5,3920,12
3-8-2020,0.5,Ash,8,5,3530,6
23-10-2022,15.31,Ash,8,9,3004,11
26-1-2022,2.69,Ash,6,0,1302,4
11-7-2020,29.19,Fuse,7,6,3825,17
28-8-2019,21.55,Horizon,2,3,1004,3
16-5-2022,29.01,Rampart,5,7,2841,3
8-10-2019,25.73,Bangalore,5,6,1648,15
21-4-2020,3.47,Bangalore,6,9,3175,5
27-10-2021,27.83,Pathfinder,11,9,4993,3
12-9-2021,1.22,Crypto,0,2,282,1
2-11-2020,21.77,Gibraltar,4,1,1617,6
30-10-2019,9.19,Bangalore,3,5,2227,14
12-2-2022,17.65,Crypto,5,4,2770,19
22-2-2020,27.1,Bangalore,7,8,3006,8
9-5-2020,15.34,Lifeline,8,11,4054,17
15-9-2021,15.49,Gibraltar,6,7,2777,12
6-8-2022,25.66,Wraith,6,2,2152,6
7-12-2022,15.43,Fuse,4,2,1639,9
29-11-2021,1.33,Ash,2,3,1210,13
10-10-2022,26.51,Horizon,3,3,1211,16
16-3-2020,28.1,Pathfinder,6,6,1921,3
25-7-2021,15.08,Lifeline,6,8,2888,15
26-2-2020,22.29,Bangalore,13,12,6377,5
12-8-2021,11.94,Mirage,6,0,1365,1
26-8-2022,27.87,Wraith,1,8,2513,7
13-9-2019,27.06,Mad Maggie,3,7,2387,6
9-8-2022,19.23,Wraith,4,4,2067,4
26-1-2022,14.48,Caustic,6,4,2072,14
27-8-2021,0.38,Bangalore,6,5,2048,1
9-8-2022,23.48,Pathfinder,9,8,4988,16
7-11-2022,20.18,Bloodhound,3,2,1150,4
19-4-2021,5.58,Lifeline,9,7,2907,8
24-9-2022,21.82,Ash,3,4,1865,14
2-10-2021,6.26,Rampart,7,3,1824,17
14-1-2021,17.53,Wattson,5,6,2928,13
4-8-2020,21.74,Wraith,8,5,3561,20
11-9-2019,9.37,Lifeline,9,7,3694,4
19-8-2020,16.56,Fuse,3,1,923,4
10-7-2022,27.05,Caustic,2,5,1727,1
16-12-2020,8.11,Pathfinder,7,3,2408,18
10-5-2021,14.93,Caustic,3,7,2236,9
28-12-2021,20.36,Gibraltar,6,11,4392,13
6-7-2021,14.37,Lifeline,7,9,3043,17
5-10-2020,23.64,Horizon,13,7,3898,4
5-4-2019,2.87,Crypto,1,1,536,3
1-8-2019,8.87,Gibraltar,2,4,1887,14
14-1-2022,4.64,Mirage,2,4,1544,18
16-4-2019,21.53,Ash,9,3,2831,17
30-5-2019,26.33,Lifeline,5,6,2821,17
8-10-2022,24.96,Wattson,11,9,5925,3
11-1-2020,15.63,Wattson,6,6,2632,13
18-9-2022,14.78,Fuse,0,2,413,6
30-3-2020,13.55,Horizon,1,2,671,1
30-11-2021,18.88,Horizon,7,3,3522,7
22-7-2022,14.2,Mirage,4,5,2061,4
27-11-2021,2.41,Pathfinder,7,4,3530,19
2-1-2022,0.9,Wraith,7,7,3870,6
4-2-2022,15.01,Crypto,12,8,6041,3
21-5-2021,7.13,Bangalore,0,3,634,18
31-12-2019,7.91,Mad Maggie,1,5,1321,12
19-6-2022,14.98,Revenant,2,8,3243,2
22-2-2021,3.31,Caustic,3,9,2395,2
17-2-2021,23.32,Bloodhound,10,8,6099,6
30-1-2021,5.71,Mirage,5,5,2580,1
21-4-2022,10.7,Fuse,6,8,3649,18
16-1-2022,12.21,Fuse,4,1,1507,13
28-8-2022,3.82,Bloodhound,8,7,5168,12
27-9-2020,23.89,Lifeline,9,3,3486,13
8-7-2021,16.18,Revenant,4,12,4967,12
19-2-2020,5.17,Pathfinder,4,7,3696,4
15-3-2022,16.64,Gibraltar,7,8,3627,1
15-2-2021,3.76,Caustic,10,13,5449,19
30-10-2022,17.05,Horizon,5,7,3925,16
26-6-2021,18.94,Gibraltar,2,3,1649,9
23-3-2019,20.39,Fuse,3,4,2227,11
10-7-2019,22.59,Horizon,7,5,2953,6
17-10-2019,13.67,Crypto,4,6,2827,18
4-11-2019,22.54,Bloodhound,12,11,6836,12
15-3-2020,6.47,Rampart,6,10,4608,3
13-6-2022,7.7,Ash,7,4,3369,19
26-7-2020,11.0,Caustic,3,1,1245,15
31-5-2022,7.28,Mirage,10,8,4424,7
2-12-2019,20.32,Lifeline,4,5,2102,3
3-1-2021,15.09,Bangalore,5,4,2450,7
24-3-2021,2.71,Gibraltar,9,5,5052,16
23-3-2022,26.88,Bloodhound,7,11,4578,3
27-1-2022,23.38,Revenant,8,4,3272,11
29-4-2021,12.5,Gibraltar,4,1,1200,13
3-11-2019,2.06,Crypto,3,2,1670,7
28-10-2020,11.87,Bloodhound,6,4,3640,14
22-5-2021,28.4,Crypto,9,7,5869,12
30-1-2021,7.69,Rampart,8,11,6332,13
31-10-2021,8.9,Pathfinder,8,8,5659,6
3-3-2020,18.09,Ash,1,3,1268,9
17-6-2020,19.05,Wattson,2,2,1162,8
18-7-2020,17.54,Fuse,7,5,2756,1
23-2-2019,16.72,Wattson,5,4,2176,15
19-3-2020,15.37,Mad Maggie,7,4,3801,2
22-6-2021,15.05,Fuse,6,7,3839,14
22-2-2019,22.8,Wraith,12,8,6269,2
2-3-2019,9.14,Mad Maggie,1,1,600,12
8-3-2021,5.04,Crypto,2,2,1145,12
28-7-2022,6.47,Bangalore,5,2,2688,13
10-9-2019,28.29,Ash,4,5,2944,12
28-1-2022,14.76,Crypto,6,5,3203,5
28-6-2021,29.72,Bangalore,16,6,8303,2
22-4-2019,16.5,Caustic,12,6,7168,14
6-3-2020,19.97,Fuse,1,6,2517,6
6-4-2020,14.55,Revenant,4,2,2150,16
15-7-2019,22.67,Wattson,5,3,2941,2
19-7-2020,21.72,Bangalore,8,7,5841,8
18-10-2020,2.01,Ash,4,4,2068,9
21-6-2019,13.58,Revenant,10,14,9215,4
24-12-2019,26.52,Caustic,7,8,5816,9
6-9-2019,8.52,Rampart,2,0,597,10
15-9-2021,7.39,Pathfinder,4,5,2634,13
12-7-2021,23.67,Pathfinder,3,5,2051,6
24-2-2020,13.63,Horizon,4,3,1965,18
1-9-2020,19.82,Bloodhound,5,7,2100,18
22-10-2020,15.4,Caustic,9,7,1248,19
21-1-2020,10.17,Bloodhound,8,13,2997,1
11-10-2021,1.21,Mirage,2,2,366,2
9-9-2020,28.15,Wattson,3,2,945,15
14-1-2022,28.69,Horizon,10,2,1088,5
27-7-2019,25.72,Wattson,6,5,2056,1
21-5-2021,22.42,Wraith,9,7,3198,2
28-7-2022,11.26,Mirage,8,5,1786,12
3-2-2021,1.81,Mirage,7,6,1489,17
16-11-2019,0.06,Lifeline,0,5,385,1
25-3-2020,10.05,Mirage,3,5,1466,16
27-9-2021,1.47,Gibraltar,3,10,2268,16
26-3-2020,26.98,Horizon,3,5,934,20
10-6-2022,17.42,Gibraltar,5,12,3446,12
21-2-2019,29.29,Gibraltar,5,7,1720,20
20-2-2019,27.97,Mad Maggie,8,6,2453,14
23-5-2020,26.9,Lifeline,2,3,466,7
27-8-2019,0.99,Bloodhound,1,6,602,14
19-4-2021,19.25,Caustic,5,3,1752,15
28-9-2022,4.64,Rampart,3,3,1399,18
10-2-2019,23.03,Wraith,8,5,1985,13
31-7-2020,25.42,Ash,13,13,3536,15
30-12-2019,4.92,Bloodhound,9,8,2047,11
31-7-2021,23.08,Mad Maggie,3,0,356,13
8-6-2020,28.58,Caustic,7,1,765,3
7-3-2021,18.71,Ash,2,6,1119,19
18-8-2021,23.65,Ash,3,4,1232,15
17-5-2021,29.92,Wattson,7,9,3779,13
29-11-2021,7.79,Gibraltar,5,6,1508,12
8-3-2022,15.49,Mirage,7,11,1892,16
28-10-2022,4.84,Mirage,3,1,479,19
18-5-2022,20.02,Caustic,1,1,199,9
9-2-2020,14.88,Pathfinder,7,3,2316,2
4-3-2021,10.19,Mad Maggie,7,3,1191,1
24-2-2019,14.43,Mad Maggie,5,6,2464,4
3-5-2021,26.95,Horizon,7,14,4418,17
9-3-2022,16.73,Mad Maggie,7,7,1431,14
22-2-2021,18.99,Caustic,1,5,1144,8
31-10-2022,1.44,Fuse,3,1,982,11
24-11-2020,26.92,Lifeline,8,6,2075,20
3-12-2020,25.89,Pathfinder,7,5,2942,16
25-4-2020,25.05,Ash,12,5,4023,17
12-6-2020,10.56,Revenant,8,7,3056,14
2-6-2020,25.7,Lifeline,8,8,2794,8
22-8-2022,0.9,Mad Maggie,0,3,536,12
11-5-2022,0.86,Bangalore,1,4,881,1
22-4-2022,5.28,Rampart,3,2,974,6
15-5-2021,16.31,Mad Maggie,5,5,1722,2
23-9-2022,17.23,Wattson,7,8,1676,19
26-8-2022,11.79,Mirage,9,11,2306,7
16-2-2022,25.37,Wraith,8,8,2018,9
1-1-2021,12.71,Ash,2,1,401,15
17-1-2020,16.16,Ash,6,2,1191,19
21-12-2019,27.45,Crypto,4,7,1618,1
23-6-2020,15.45,Wraith,4,5,1888,9
17-5-2021,21.95,Revenant,5,11,1902,11
6-7-2019,29.33,Wattson,5,5,2567,15
21-7-2022,9.47,Caustic,6,6,2239,6
13-4-2022,21.89,Pathfinder,4,9,3281,17
8-7-2021,23.12,Mirage,4,1,1186,9
4-12-2019,8.18,Mad Maggie,6,5,2619,13
14-2-2021,12.13,Rampart,6,10,2572,1
25-5-2020,3.17,Rampart,4,4,1372,18
8-7-2022,17.52,Fuse,9,8,2745,5
1-7-2020,10.42,Crypto,9,6,2244,15
22-4-2022,10.67,Lifeline,1,2,687,11
29-3-2020,8.45,Bloodhound,6,10,2159,15
6-11-2019,6.64,Revenant,2,4,922,12
7-12-2021,24.52,Wattson,4,3,1785,1
2-4-2020,26.9,Rampart,9,4,3072,6
23-5-2019,5.35,Pathfinder,7,7,3415,15
6-12-2020,27.64,Ash,7,13,4946,3
6-9-2020,4.21,Lifeline,1,3,697,1
26-4-2019,6.4,Mad Maggie,4,3,1735,7
2-11-2020,28.56,Ash,4,4,1705,11
4-3-2019,12.39,Gibraltar,6,5,2463,5
30-10-2022,19.06,Horizon,6,4,2549,11
15-4-2021,4.91,Gibraltar,8,5,2806,2
26-4-2021,3.37,Wattson,6,7,2074,13
24-7-2020,24.68,Horizon,5,6,2619,10
28-11-2021,1.48,Horizon,3,2,1157,14
30-12-2020,11.87,Revenant,2,3,1283,1
23-4-2021,18.62,Wraith,9,4,1857,20
18-5-2022,14.96,Crypto,5,7,2433,7
5-9-2020,7.23,Gibraltar,6,8,2860,19
5-11-2022,8.02,Gibraltar,14,8,6039,13
12-9-2020,26.58,Revenant,2,4,1686,18
24-9-2021,3.75,Bangalore,4,8,1968,7
6-12-2019,24.05,Horizon,2,2,772,11
9-6-2022,2.96,Bangalore,3,4,991,4
24-4-2020,19.2,Fuse,4,10,3485,17
3-6-2021,5.15,Wattson,7,8,3660,4
17-9-2020,23.61,Bangalore,8,7,4455,6
26-3-2022,8.23,Ash,4,2,1479,5
14-8-2022,21.27,Wattson,9,2,1727,7
19-4-2022,18.02,Lifeline,10,6,2867,16
7-6-2022,9.88,Lifeline,4,12,4692,9
26-1-2020,24.67,Lifeline,10,5,2457,8
23-2-2022,18.79,Fuse,8,11,4714,11
25-5-2022,22.27,Caustic,6,7,2952,10
13-2-2022,22.2,Ash,2,1,482,15
7-7-2021,14.04,Bloodhound,6,1,1364,16
10-6-2021,16.97,Gibraltar,7,7,2465,1
25-1-2022,11.18,Horizon,4,3,1681,7
12-5-2020,22.55,Mirage,6,12,3302,3
9-9-2022,22.63,Wraith,7,7,3152,5
12-7-2019,16.19,Crypto,13,7,4949,2
24-11-2022,25.42,Wraith,3,5,2136,12
14-8-2019,1.62,Pathfinder,3,1,843,4
22-3-2019,29.51,Bangalore,5,10,2789,11
25-4-2020,27.59,Gibraltar,3,4,1155,17
18-1-2020,9.03,Rampart,8,9,5092,12
9-4-2019,15.81,Revenant,6,15,5619,2
4-5-2020,6.11,Horizon,6,8,2368,4
27-12-2020,26.55,Mad Maggie,8,6,2674,4
31-3-2020,12.57,Bloodhound,2,4,1723,10
17-9-2021,29.07,Pathfinder,3,2,976,19
4-9-2022,28.78,Caustic,4,5,2494,3
27-12-2020,3.8,Bangalore,4,7,2750,9
21-10-2022,12.12,Bloodhound,5,9,3444,14
12-7-2020,27.65,Lifeline,7,10,4557,12
8-2-2020,7.12,Caustic,2,4,1503,9
23-5-2021,10.63,Horizon,3,2,1299,1
21-12-2022,19.72,Fuse,4,2,1298,1
9-2-2022,12.19,Bangalore,7,7,3702,8
24-11-2020,15.11,Horizon,5,4,2665,12
17-7-2020,28.67,Fuse,9,9,4231,4
17-1-2020,0.22,Gibraltar,11,10,7226,3
1-4-2020,29.52,Gibraltar,2,3,984,8
21-11-2019,25.21,Wattson,7,5,3946,15
31-10-2021,14.92,Bloodhound,4,3,1526,18
12-8-2020,4.68,Bangalore,4,9,2784,9
3-5-2020,20.45,Pathfinder,9,4,2641,9
28-11-2020,5.08,Caustic,5,12,3812,18
17-10-2019,20.11,Horizon,6,7,4154,12
21-8-2021,9.24,Horizon,5,0,1615,16
4-5-2021,9.27,Horizon,1,1,435,11
18-9-2021,20.63,Bangalore,3,3,2065,16
4-2-2022,29.43,Wattson,6,3,1971,14
7-12-2019,0.57,Wattson,5,4,2570,11
20-3-2021,11.37,Wattson,5,11,4206,16
21-8-2021,9.33,Gibraltar,8,10,3900,7
18-1-2022,28.49,Ash,1,1,514,6
17-11-2022,23.9,Bloodhound,5,1,1773,18
2-2-2020,19.84,Horizon,3,6,1931,1
16-2-2021,12.12,Revenant,3,4,2097,2
31-10-2022,16.92,Mad Maggie,10,9,6190,6
14-6-2022,15.47,Mad Maggie,7,5,3844,7
2-1-2021,13.83,Crypto,7,16,5234,18
10-10-2021,24.55,Gibraltar,6,6,4040,1
6-4-2020,28.59,Horizon,3,4,2148,19
2-3-2022,25.57,Revenant,4,3,1838,6
8-10-2020,17.15,Ash,4,4,1707,15
24-9-2022,6.26,Horizon,8,5,3530,5
10-8-2020,23.32,Bloodhound,7,6,4319,12
2-9-2020,27.61,Rampart,11,8,6198,8
2-1-2021,4.86,Mad Maggie,2,0,741,3
27-9-2022,19.63,Horizon,2,6,1760,19
2-10-2021,16.27,Horizon,2,6,2320,17
5-4-2019,9.3,Pathfinder,6,3,2685,10
24-9-2020,8.11,Lifeline,4,5,2448,5
14-7-2021,3.35,Fuse,6,6,2775,16
2-11-2019,9.34,Mad Maggie,8,10,4365,8
14-11-2019,7.33,Ash,3,0,795,13
20-8-2019,21.7,Bangalore,3,5,2392,6
1-1-2021,2.83,Mirage,4,7,2547,18
18-5-2022,26.3,Rampart,3,5,2839,14
3-2-2021,2.09,Crypto,10,5,4637,18
30-1-2021,3.82,Horizon,13,14,9922,14
9-8-2021,19.01,Mirage,9,6,3759,18
26-2-2021,4.13,Wattson,0,0,0,4
16-6-2022,21.96,Mirage,8,3,3350,14
11-11-2019,17.09,Pathfinder,7,5,3509,16
26-12-2019,0.17,Mirage,4,3,1658,19
17-9-2019,20.85,Mad Maggie,4,5,3234,1
8-12-2021,26.19,Caustic,7,12,6580,20
8-4-2019,5.99,Wraith,11,8,5980,16
23-7-2019,17.35,Mirage,1,3,1171,20
20-6-2021,20.05,Mad Maggie,7,3,3927,5
1-8-2020,26.72,Crypto,2,3,1731,5
30-9-2019,2.67,Lifeline,6,3,2530,14
19-12-2020,17.66,Ash,5,6,3867,18
11-9-2021,11.73,Crypto,6,6,3989,15
7-12-2022,15.89,Crypto,6,7,3545,19
26-9-2022,15.08,Fuse,1,0,343,7
17-12-2020,5.54,Ash,2,1,888,15
23-2-2021,29.3,Mad Maggie,10,3,4435,18
22-4-2019,11.52,Fuse,6,3,3315,5
27-8-2022,12.4,Gibraltar,11,5,5936,14
5-12-2020,11.31,Pathfinder,11,7,6579,2
29-6-2021,17.57,Wraith,6,9,3688,12
3-6-2021,10.64,Gibraltar,3,0,862,10
12-4-2022,9.68,Lifeline,1,9,3030,5
13-12-2021,5.52,Fuse,4,6,3740,6
29-5-2019,2.18,Rampart,11,5,5248,5
20-9-2022,15.7,Ash,10,4,4097,13
19-10-2021,16.45,Caustic,6,7,5322,16
28-1-2020,5.17,Ash,10,13,9449,17
1-6-2021,14.85,Revenant,6,1,2384,10
1-7-2020,29.75,Gibraltar,3,3,511,4
5-5-2022,27.51,Bloodhound,7,4,1234,20
13-11-2019,19.4,Revenant,12,3,1405,6
4-6-2021,27.2,Revenant,9,6,2456,8
28-7-2019,6.0,Bloodhound,5,9,2067,3
1-1-2020,25.05,Wraith,9,10,2013,1
4-8-2020,25.98,Wattson,1,1,152,5
4-3-2021,13.17,Ash,2,2,272,2
11-10-2022,8.86,Ash,2,7,845,7
23-1-2020,26.54,Gibraltar,5,6,893,4
18-4-2020,9.26,Gibraltar,4,8,2156,4
2-9-2021,23.31,Mirage,7,8,2817,18
2-9-2021,28.96,Crypto,9,6,2818,19
25-5-2019,26.59,Lifeline,8,9,2727,6
3-9-2022,5.56,Rampart,1,1,411,7
24-5-2021,20.6,Lifeline,6,4,1771,13
28-6-2021,6.84,Mirage,6,3,1836,16
9-1-2021,13.59,Caustic,7,5,2526,7
20-11-2019,22.87,Mad Maggie,8,7,1331,12
21-10-2020,21.28,Ash,8,7,1384,4
1-5-2020,5.89,Mad Maggie,0,4,493,15
23-1-2020,19.55,Bloodhound,8,2,1775,19
15-3-2020,29.07,Bloodhound,5,2,1018,13
22-4-2020,20.94,Horizon,6,8,1534,20
11-3-2022,11.62,Mirage,7,4,2113,17
14-9-2022,8.61,Lifeline,6,5,1479,10
14-11-2021,14.53,Wattson,8,8,2127,18
5-8-2020,20.33,Lifeline,3,3,1118,10
10-3-2019,17.51,Bangalore,1,1,449,8
28-12-2021,17.72,Crypto,3,6,1557,8
25-7-2021,27.23,Mad Maggie,5,9,1214,6
3-11-2019,21.83,Mirage,4,6,1465,1
5-3-2021,23.45,Lifeline,8,9,2128,3
10-11-2021,26.23,Bangalore,10,8,2299,20
6-11-2020,1.59,Wattson,7,5,1233,10
7-6-2021,2.94,Mad Maggie,4,6,1981,7
8-9-2020,28.58,Rampart,5,6,998,4
24-8-2019,17.31,Pathfinder,3,4,1701,1
7-3-2022,15.1,Bangalore,6,4,956,11
25-2-2021,22.97,Horizon,5,5,1559,2
31-3-2022,22.37,Crypto,8,6,1772,14
21-3-2020,0.29,Horizon,3,3,1192,18
29-10-2022,13.16,Fuse,8,3,2855,1
21-11-2020,2.35,Ash,2,2,666,10
26-2-2020,0.92,Pathfinder,7,6,3105,8
28-3-2022,19.21,Horizon,5,7,1626,3
13-6-2020,10.84,Lifeline,14,6,3117,19
21-10-2019,15.71,Crypto,7,7,2348,13
13-4-2021,2.88,Pathfinder,1,1,388,1
28-3-2019,2.17,Mirage,3,3,605,10
8-12-2021,11.77,Mad Maggie,9,2,2984,14
3-9-2019,7.99,Pathfinder,4,3,1252,7
29-3-2020,28.69,Ash,5,4,1888,11
13-9-2019,3.95,Wraith,5,7,1959,8
21-12-2019,10.07,Wraith,13,9,3254,11
22-2-2020,0.13,Bangalore,0,4,810,20
27-4-2021,15.9,Revenant,2,4,1557,19
29-11-2021,21.34,Wattson,7,11,3701,2
16-9-2022,14.29,Horizon,8,6,3203,6
2-10-2022,20.59,Mirage,5,7,1956,5
2-4-2021,15.94,Mad Maggie,8,11,3332,20
21-8-2019,23.57,Revenant,8,12,5138,7
17-5-2019,20.12,Bloodhound,2,8,2497,16
30-12-2022,10.29,Crypto,3,3,845,8
25-12-2019,15.13,Bangalore,2,7,2002,1
21-4-2019,13.5,Mad Maggie,4,3,1857,6
4-3-2022,10.73,Horizon,4,7,2990,7
24-9-2021,20.87,Revenant,5,7,3186,15
22-12-2020,5.79,Pathfinder,9,10,4369,5
18-6-2022,10.78,Fuse,1,4,1053,14
12-7-2019,16.11,Fuse,2,2,981,19
6-8-2020,9.07,Wattson,7,4,1793,7
15-6-2019,19.29,Bangalore,4,5,2347,12
15-1-2022,9.95,Ash,4,5,1209,13
3-10-2022,12.75,Crypto,7,5,2698,5
4-6-2019,0.23,Bloodhound,6,8,2767,2
15-8-2020,2.54,Wattson,2,3,736,15
24-11-2022,3.08,Gibraltar,6,6,2621,3
12-1-2021,21.2,Bangalore,5,4,1936,16
28-6-2022,15.26,Caustic,5,4,1651,2
16-9-2021,12.1,Bloodhound,4,11,2467,6
29-4-2019,25.83,Caustic,8,6,3670,6
16-5-2021,9.79,Ash,11,7,4838,2
5-5-2020,25.73,Ash,0,1,295,20
31-7-2022,5.03,Ash,1,2,876,14
25-5-2020,6.38,Crypto,2,2,544,17
3-1-2022,11.42,Revenant,7,5,3677,10
21-10-2020,29.42,Wraith,7,8,2391,17
21-7-2020,1.14,Bloodhound,10,9,4828,20
11-12-2021,5.88,Ash,7,6,3777,17
22-11-2021,3.69,Pathfinder,3,1,1162,8
30-4-2020,21.66,Pathfinder,4,9,2276,5
22-6-2021,11.12,Mad Maggie,2,2,945,6
22-8-2020,7.09,Revenant,3,6,1766,2
4-3-2022,7.6,Mirage,5,11,2976,16
24-5-2020,11.83,Revenant,7,11,3193,8
15-7-2021,17.42,Crypto,6,7,3509,7
16-12-2019,20.6,Lifeline,3,3,1569,17
31-8-2019,22.71,Crypto,1,6,1261,4
24-5-2022,4.96,Ash,7,2,2214,16
1-2-2020,2.97,Bangalore,10,5,3991,16
21-2-2019,28.12,Mirage,5,7,3023,19
16-11-2020,1.92,Caustic,13,7,5081,2
23-10-2019,7.89,Lifeline,8,6,2356,17
12-2-2019,22.42,Horizon,2,2,695,5
21-11-2022,20.32,Rampart,4,6,2969,13
4-9-2020,19.14,Wraith,6,6,1955,12
11-6-2022,21.21,Mirage,6,7,3491,11
31-10-2019,25.51,Mirage,6,7,2226,6
1-5-2022,27.09,Fuse,5,7,3523,19
20-9-2021,27.61,Mirage,7,9,4472,10
16-2-2022,5.86,Ash,3,1,1000,5
12-7-2022,6.76,Pathfinder,1,7,1575,15
8-8-2022,14.6,Bangalore,6,4,2783,1
13-12-2021,21.42,Mad Maggie,5,3,2227,5
3-3-2020,29.09,Fuse,6,5,2425,18
30-12-2019,8.1,Crypto,5,12,3183,11
11-12-2019,5.53,Fuse,8,13,4852,7
9-2-2022,1.19,Wattson,1,7,1495,18
4-6-2022,6.5,Pathfinder,8,2,2267,17
25-6-2022,10.97,Ash,3,2,1046,6
20-5-2022,8.99,Wattson,10,11,6847,9
10-12-2019,27.04,Crypto,8,4,2325,7
7-7-2019,24.15,Lifeline,7,10,4404,7
10-10-2020,20.76,Lifeline,15,6,6649,14
7-5-2022,26.89,Mirage,4,0,1065,1
27-10-2019,5.86,Crypto,2,1,638,9
20-5-2019,17.01,Pathfinder,2,5,1665,7
25-9-2021,8.41,Bangalore,9,3,3923,4
7-7-2022,22.18,Wraith,10,6,3133,6
20-11-2019,11.15,Caustic,13,6,3601,7
1-10-2022,0.11,Mad Maggie,7,12,3636,10
16-11-2020,8.03,Crypto,1,1,709,17
18-7-2022,3.31,Fuse,4,1,1626,4
6-12-2022,15.08,Ash,4,9,2708,13
8-5-2020,1.57,Gibraltar,7,4,2521,2
26-10-2019,11.62,Bangalore,5,8,2647,9
27-4-2021,0.38,Fuse,5,7,2442,13
27-4-2019,22.83,Rampart,7,8,3671,1
25-2-2019,4.84,Caustic,1,0,345,9
11-2-2019,2.87,Fuse,1,1,474,12
8-8-2020,26.03,Rampart,3,6,2635,20
22-11-2022,23.66,Fuse,8,5,3348,20
12-8-2022,16.13,Fuse,5,8,4495,11
5-3-2022,18.09,Horizon,9,5,4259,16
12-9-2019,17.41,Pathfinder,7,7,4044,18
24-10-2022,28.46,Mirage,2,2,1092,1
25-5-2021,28.77,Wattson,2,4,1259,2
13-10-2021,18.18,Ash,4,2,2171,19
12-10-2022,10.25,Gibraltar,3,3,1520,2
21-6-2019,4.25,Gibraltar,6,6,4351,9
21-3-2021,11.8,Mad Maggie,10,6,5100,13
22-12-2021,8.78,Revenant,7,6,4203,8
21-1-2021,2.45,Mirage,0,0,0,9
26-11-2022,21.92,Bangalore,2,3,1493,12
11-11-2022,15.56,Horizon,3,7,2144,20
25-7-2021,1.25,Bloodhound,8,3,3680,19
12-4-2021,29.29,Crypto,8,11,6505,11
8-12-2019,25.98,Gibraltar,6,15,5578,15
23-4-2022,27.24,Pathfinder,6,7,3475,7
24-5-2022,14.05,Pathfinder,4,2,1420,6
14-7-2020,22.6,Ash,3,5,2734,19
17-3-2022,4.72,Wattson,9,2,3436,16
13-6-2019,0.7,Crypto,6,4,2584,1
21-10-2019,0.63,Crypto,5,6,2645,17
4-7-2020,28.45,Bangalore,9,8,5859,12
17-2-2020,19.26,Mad Maggie,7,6,3970,12
9-2-2019,7.07,Ash,3,0,907,8
25-6-2019,22.3,Wattson,7,2,3245,18
24-10-2022,14.37,Mirage,4,3,2438,3
10-12-2020,20.4,Bangalore,6,4,2574,3
8-2-2022,11.7,Mirage,10,7,4260,13
31-3-2019,6.1,Crypto,8,6,4658,18
21-5-2020,5.05,Wraith,7,10,6251,8
12-6-2019,18.36,Crypto,7,0,1960,5
30-9-2022,13.38,Bangalore,3,7,3042,7
19-6-2021,22.63,Wattson,4,2,2230,2
21-4-2022,1.93,Bangalore,9,10,5454,10
6-3-2019,20.81,Pathfinder,9,11,5204,4
21-5-2022,27.73,Crypto,12,8,5335,4
25-2-2021,5.13,Lifeline,8,10,4977,17
1-8-2022,24.33,Rampart,3,2,1511,3
2-3-2021,20.06,Fuse,2,1,1033,8
23-5-2021,17.62,Rampart,2,9,3604,13
24-7-2019,5.99,Wraith,3,4,2498,4
14-2-2020,2.42,Bangalore,9,13,7331,6
6-9-2021,3.6,Bloodhound,5,11,5501,3
9-3-2022,3.12,Crypto,8,9,6404,11
17-8-2022,29.37,Caustic,1,1,739,18
15-10-2020,24.04,Wattson,2,3,1929,7
15-7-2019,21.39,Pathfinder,7,11,6657,5
10-3-2022,8.74,Ash,3,6,2210,5
3-2-2020,11.16,Fuse,6,7,4029,3
5-1-2021,4.99,Horizon,9,12,7405,10
8-9-2019,25.9,Rampart,6,7,3552,5
8-3-2021,17.06,Wattson,3,5,3075,19
18-4-2020,29.39,Wattson,1,3,1388,16
16-12-2021,29.63,Bangalore,5,3,2764,6
24-12-2019,9.08,Bangalore,4,4,3097,12
4-7-2020,16.56,Bloodhound,7,4,3353,2
9-11-2019,21.08,Gibraltar,6,8,2051,8
22-7-2019,1.47,Pathfinder,13,11,4778,12
14-7-2021,10.99,Horizon,2,0,374,2
2-3-2020,22.62,Caustic,2,3,831,15
30-8-2019,9.93,Ash,2,3,517,12
26-9-2021,21.3,Rampart,8,3,1302,13
4-8-2022,10.8,Fuse,9,5,1670,4
3-2-2021,5.27,Wattson,7,6,2806,6
30-6-2022,8.1,Bangalore,14,6,3373,14
6-11-2022,25.61,Bangalore,7,1,1846,8
24-12-2022,16.78,Mirage,1,3,721,1
22-8-2020,7.1,Lifeline,4,3,882,6
7-8-2020,26.14,Mirage,6,6,992,6
17-4-2020,16.46,Ash,8,9,1307,1
29-12-2020,16.48,Fuse,5,5,2163,18
11-12-2022,6.04,Fuse,11,6,2857,4
6-4-2019,29.9,Ash,2,2,595,13
20-12-2019,27.73,Mirage,4,2,801,11
11-5-2022,11.13,Horizon,2,9,1388,17
6-10-2019,16.27,Horizon,4,6,1326,1
30-11-2019,5.49,Pathfinder,4,6,850,17
6-7-2020,26.91,Bangalore,6,10,1472,6
31-12-2020,11.21,Ash,7,7,1766,18
15-9-2019,16.17,Crypto,1,4,969,10
9-3-2021,12.61,Caustic,2,3,1131,9
25-5-2022,28.68,Mad Maggie,3,4,1047,12
15-11-2020,27.21,Wattson,3,11,2396,16
17-12-2020,2.37,Gibraltar,4,7,1435,17
25-6-2020,24.91,Bloodhound,7,5,1750,12
2-1-2020,12.64,Crypto,11,6,1946,8
3-3-2021,5.4,Bloodhound,3,1,560,3
13-5-2022,0.76,Wattson,4,4,901,1
6-3-2020,27.82,Fuse,4,2,922,13
11-7-2019,14.94,Caustic,5,4,1775,11
23-1-2022,21.34,Lifeline,5,7,2329,14
2-5-2019,3.68,Caustic,7,12,4546,20
22-9-2022,22.37,Bloodhound,11,10,5146,15
4-4-2022,12.35,Bloodhound,1,3,361,8
28-9-2019,25.48,Pathfinder,2,1,636,19
28-2-2019,15.93,Bloodhound,9,5,2284,2
7-1-2021,22.97,Revenant,6,10,3826,12
17-9-2020,29.47,Mirage,8,10,3423,15
3-3-2020,14.16,Bangalore,8,9,3553,2
12-5-2019,4.13,Bloodhound,7,7,2408,7
7-7-2020,20.1,Wraith,2,1,629,14
9-4-2021,14.65,Mirage,2,2,1011,13
9-3-2019,28.95,Lifeline,4,3,1502,18
16-4-2019,28.96,Mad Maggie,8,5,2677,13
2-3-2019,2.04,Caustic,5,7,2259,14
7-5-2019,27.46,Mad Maggie,15,6,3743,8
13-1-2021,28.46,Wattson,7,9,2534,20
7-2-2021,26.81,Lifeline,0,2,438,2
13-7-2022,17.47,Rampart,7,4,2132,6
27-6-2022,18.54,Ash,3,2,1119,13
7-2-2021,26.23,Mad Maggie,4,5,2222,19
12-2-2021,6.4,Wraith,4,7,1542,20
24-9-2022,12.4,Revenant,5,8,3389,8
6-5-2021,3.17,Mirage,11,6,2270,20
2-9-2022,29.71,Gibraltar,0,5,525,18
10-11-2019,18.76,Revenant,4,3,1316,14
16-10-2021,7.66,Wattson,8,5,2262,4
22-6-2021,29.79,Wraith,4,11,3711,5
21-7-2019,2.94,Rampart,13,7,4008,15
18-6-2022,10.01,Mirage,8,7,3788,20
2-7-2021,23.7,Crypto,6,7,1635,2
21-4-2021,8.04,Mirage,5,2,1394,19
24-12-2022,8.32,Bloodhound,4,7,1603,19
20-2-2022,15.87,Mad Maggie,3,2,1310,4
11-8-2021,12.18,Bangalore,12,7,2426,6
26-3-2022,4.05,Horizon,9,4,3207,2
11-11-2020,21.15,Bloodhound,8,7,3695,5
18-8-2019,7.62,Gibraltar,8,9,2605,14
28-1-2022,7.33,Mad Maggie,0,1,133,3
29-11-2019,26.29,Pathfinder,2,6,1106,12
16-12-2021,1.26,Wraith,3,4,1711,10
26-6-2019,10.01,Ash,4,7,2446,13
17-4-2022,15.0,Pathfinder,4,5,2469,7
2-12-2021,8.89,Crypto,8,7,3801,2
9-9-2019,16.96,Mirage,6,8,2533,9
23-5-2020,4.83,Wattson,0,2,539,13
3-5-2022,1.0,Mirage,1,1,527,1
3-11-2020,6.52,Mad Maggie,2,5,1552,4
8-12-2021,13.78,Bloodhound,5,4,2512,13
19-8-2022,25.92,Ash,5,4,1555,3
14-1-2022,13.78,Revenant,10,7,2658,15
14-1-2020,26.43,Fuse,9,7,4027,14
6-10-2020,2.34,Pathfinder,0,2,289,17
23-6-2022,24.42,Horizon,5,2,2052,16
4-12-2022,4.29,Ash,2,4,1154,19
30-5-2021,18.58,Bloodhound,9,4,3952,5
25-5-2021,2.48,Crypto,8,7,2966,6
9-12-2021,6.17,Fuse,8,8,2595,5
23-2-2021,25.19,Fuse,11,7,2752,4
19-12-2020,11.23,Ash,0,4,723,5
30-4-2021,19.12,Gibraltar,7,7,3536,16
23-2-2020,1.36,Gibraltar,5,3,1685,18
13-9-2021,6.3,Wraith,3,3,1276,10
3-12-2019,28.93,Ash,5,8,3361,6
17-5-2021,28.46,Mad Maggie,7,12,5193,19
2-3-2021,9.95,Bloodhound,7,6,3867,19
12-7-2022,5.7,Crypto,2,0,588,6
21-9-2021,20.79,Pathfinder,1,3,1044,20
10-4-2019,8.43,Rampart,2,11,2774,10
26-10-2022,21.19,Gibraltar,6,7,3454,18
19-4-2020,9.88,Crypto,8,4,3839,17
19-4-2019,13.26,Wattson,6,10,4769,17
15-8-2022,24.36,Caustic,6,14,4715,1
11-3-2021,27.52,Bloodhound,2,2,903,13
11-11-2022,25.86,Gibraltar,2,2,1130,16
24-11-2020,8.23,Mad Maggie,3,2,1489,18
19-7-2019,3.95,Lifeline,3,6,1731,5
22-1-2020,1.97,Lifeline,5,5,2933,14
14-2-2021,16.06,Crypto,6,8,2669,10
24-9-2022,19.46,Gibraltar,8,6,2490,11
13-1-2022,23.85,Ash,0,1,293,1
14-12-2020,17.33,Mirage,7,4,2243,7
22-8-2019,8.89,Horizon,2,10,2343,8
1-7-2022,20.66,Crypto,3,4,1601,20
7-11-2022,5.29,Bloodhound,7,5,2380,11
23-8-2019,8.8,Rampart,5,14,3710,17
21-7-2020,15.65,Gibraltar,11,6,3501,19
18-12-2022,15.86,Ash,2,0,453,9
25-4-2022,22.79,Caustic,2,1,607,13
18-3-2021,22.44,Crypto,4,12,3740,6
16-6-2021,0.28,Wraith,3,6,2723,12
5-9-2021,7.75,Bloodhound,6,9,4367,17
1-7-2022,4.52,Crypto,10,7,3651,1
17-4-2019,7.03,Caustic,6,6,2657,7
13-8-2022,19.25,Pathfinder,6,5,2440,5
7-1-2020,10.8,Ash,6,10,4153,14
18-9-2022,23.88,Pathfinder,2,4,1486,2
17-7-2020,28.55,Revenant,8,3,2808,1
24-6-2020,27.36,Horizon,8,5,3387,15
20-12-2022,22.11,Ash,6,6,3943,16
22-9-2021,24.24,Pathfinder,10,8,4914,5
3-7-2020,15.39,Bangalore,0,1,255,1
10-12-2021,8.7,Mad Maggie,6,2,2630,8
15-4-2020,24.58,Wattson,2,9,2535,20
11-9-2021,12.91,Mirage,4,10,3207,20
17-10-2021,13.41,Fuse,10,4,3718,10
24-7-2022,0.72,Wraith,6,11,4466,1
24-9-2020,8.55,Wattson,6,8,4442,2
29-4-2020,8.8,Mirage,4,0,1034,7
23-11-2020,18.07,Fuse,9,2,2589,7
6-4-2020,19.66,Crypto,9,4,3155,7
10-8-2021,10.92,Bloodhound,3,4,1999,16
23-1-2022,11.43,Rampart,4,6,3171,2
20-11-2020,22.92,Horizon,10,6,4563,1
31-8-2020,4.42,Wattson,6,7,3772,17
30-4-2022,1.48,Bloodhound,4,0,1452,11
14-9-2020,9.91,Rampart,2,4,1453,13
26-4-2019,0.47,Wraith,3,4,2117,4
17-6-2020,24.78,Caustic,4,4,2702,5
7-4-2021,16.48,Lifeline,4,5,2581,4
24-10-2019,1.45,Mirage,5,6,2769,10
19-8-2020,15.03,Mirage,8,8,5642,2
18-10-2020,26.04,Rampart,3,2,1441,5
20-9-2019,3.89,Crypto,6,7,4765,15
19-8-2022,3.66,Wraith,3,7,2123,4
21-9-2021,4.99,Ash,7,6,3615,1
24-9-2021,27.76,Mirage,8,6,5125,5
31-10-2022,9.45,Pathfinder,5,5,2700,4
27-4-2021,16.42,Caustic,8,10,4927,2
18-1-2021,13.38,Mad Maggie,0,2,485,3
4-8-2022,6.35,Rampart,5,2,2080,12
22-2-2021,27.01,Gibraltar,4,3,2356,3
19-4-2019,25.07,Revenant,5,5,2936,10
19-8-2021,26.35,Wraith,8,6,4566,17
28-11-2021,9.52,Caustic,7,7,5172,14
1-3-2021,12.74,Bloodhound,7,13,5647,5
12-7-2020,20.09,Fuse,4,3,1762,19
20-11-2021,29.65,Wattson,4,1,1382,16
6-11-2019,5.22,Mirage,9,6,4445,19
3-7-2022,5.32,Lifeline,3,10,4634,6
31-1-2022,4.05,Pathfinder,4,4,2775,3
6-6-2020,13.44,Caustic,6,6,4186,17
15-9-2022,17.21,Mirage,8,6,3552,19
27-2-2022,0.98,Horizon,5,0,1560,17
8-5-2021,6.97,Crypto,1,4,1389,11
29-1-2021,27.51,Gibraltar,4,3,2295,15
11-9-2021,14.76,Crypto,8,3,3634,3
6-7-2019,25.14,Horizon,10,7,5562,7
29-10-2021,3.67,Gibraltar,10,7,4074,3
26-4-2020,1.71,Fuse,10,6,5540,4
28-2-2022,9.43,Bangalore,8,0,2654,9
14-5-2022,13.17,Pathfinder,3,3,2343,18
18-11-2022,13.05,Bangalore,6,5,4230,15
15-9-2020,8.46,Revenant,9,4,4623,2
11-9-2019,19.84,Gibraltar,9,8,6157,14
8-11-2022,29.25,Mirage,8,9,6330,7
3-5-2019,5.19,Lifeline,6,8,3564,16
2-6-2021,26.21,Gibraltar,3,2,1530,20
12-5-2022,16.06,Horizon,3,7,3880,6
28-12-2019,2.53,Fuse,5,2,2427,7
9-8-2019,21.36,Bangalore,6,7,3605,11
27-11-2021,12.7,Horizon,6,7,4848,20
12-1-2021,14.88,Revenant,12,12,7303,18
26-8-2020,29.69,Bloodhound,12,11,6007,20
31-12-2022,1.84,Lifeline,2,0,773,2
15-9-2021,1.99,Lifeline,5,2,2936,5
31-1-2021,9.3,Mad Maggie,5,2,1043,19
30-11-2020,16.35,Caustic,4,4,743,15
11-8-2021,6.6,Crypto,4,7,1934,14
27-5-2019,3.46,Crypto,5,6,1001,7
17-5-2020,4.55,Wraith,6,6,2570,14
21-12-2020,10.55,Rampart,6,2,1391,7
27-8-2022,15.92,Rampart,3,1,459,8
9-1-2020,26.22,Mirage,4,2,473,4
12-4-2019,28.83,Fuse,7,5,1342,16
3-8-2022,16.28,Revenant,4,4,816,12
26-1-2022,13.86,Horizon,12,6,1807,7
27-9-2019,11.01,Lifeline,6,8,2488,20
22-8-2022,28.13,Mad Maggie,7,2,1796,4
1-11-2022,15.86,Mirage,1,5,980,1
22-11-2021,23.52,Rampart,3,11,1882,15
8-3-2022,28.67,Ash,8,4,2320,4
3-8-2022,6.85,Wraith,6,6,1909,9
30-7-2020,28.58,Wraith,7,7,1404,13
21-2-2021,18.75,Wraith,7,9,3044,6
8-9-2021,0.26,Mad Maggie,3,8,1185,3
21-8-2020,5.53,Crypto,4,2,1104,13
7-3-2020,23.12,Revenant,6,5,1993,7
16-11-2020,28.23,Horizon,4,11,3187,14
24-4-2020,24.29,Bangalore,8,7,3218,16
23-3-2020,8.68,Gibraltar,6,7,2830,15
20-12-2019,22.39,Mirage,8,9,3994,4
8-7-2022,2.99,Mad Maggie,3,6,742,4
19-11-2022,5.79,Lifeline,1,7,1727,9
4-9-2020,5.16,Mirage,2,2,708,19
13-8-2022,28.66,Pathfinder,5,4,820,5
7-2-2021,12.61,Crypto,6,7,1882,7
2-12-2019,21.81,Wraith,10,13,3784,17
5-3-2020,23.01,Horizon,12,15,6370,15
5-4-2021,24.44,Caustic,1,3,822,10
20-6-2019,6.81,Bangalore,4,3,1033,3
26-10-2020,27.06,Crypto,3,6,1069,5
16-8-2022,19.24,Wattson,6,4,1000,3
11-10-2021,17.82,Revenant,6,5,1947,8
26-11-2020,3.87,Bloodhound,8,9,1675,5
18-8-2019,14.1,Ash,12,8,2970,9
11-6-2019,25.27,Crypto,1,2,496,12
7-10-2022,16.95,Bloodhound,5,3,1036,8
8-10-2021,1.37,Fuse,6,5,1358,4
13-12-2019,2.48,Bloodhound,4,4,1546,1
1-5-2019,23.69,Lifeline,6,6,2189,9
30-4-2019,24.38,Rampart,6,6,2002,12
18-9-2021,2.02,Fuse,8,12,4392,13
6-8-2022,2.39,Crypto,2,0,303,18
1-1-2021,18.17,Wattson,2,6,1254,8
18-10-2022,29.47,Wraith,4,7,2563,8
11-7-2021,16.1,Bangalore,3,6,2269,5
24-12-2021,1.46,Fuse,4,5,1262,3
28-11-2019,15.83,Pathfinder,7,11,4160,17
20-2-2019,20.52,Revenant,12,10,4486,16
10-7-2021,2.8,Bangalore,1,0,177,15
3-4-2021,18.1,Wraith,5,1,1333,18
26-8-2019,1.52,Bangalore,2,6,1992,12
8-9-2019,22.47,Gibraltar,4,4,1784,20
14-4-2019,22.26,Mad Maggie,8,7,1715,1
19-11-2021,8.21,Mirage,12,6,3827,9
29-11-2020,15.94,Wraith,9,8,3304,7
25-6-2020,19.89,Bloodhound,0,3,457,8
29-7-2022,24.68,Crypto,6,3,1543,7
23-5-2021,13.38,Revenant,5,2,1287,13
3-12-2020,7.31,Fuse,3,5,1979,2
16-4-2019,18.5,Mad Maggie,10,11,5157,16
17-6-2020,4.12,Lifeline,7,7,3670,12
19-10-2021,3.91,Wraith,11,9,4730,20
18-10-2021,1.23,Wraith,2,2,1031,10
23-10-2019,11.67,Revenant,1,1,481,10
25-10-2022,5.43,Pathfinder,7,2,2535,16
13-10-2022,29.21,Fuse,4,7,2813,14
21-5-2021,12.44,Bangalore,6,5,3094,20
26-10-2021,2.23,Ash,10,5,2628,10
15-6-2020,0.56,Caustic,7,12,4810,10
10-2-2019,28.06,Crypto,4,1,1284,19
29-1-2020,12.06,Lifeline,8,5,2473,5
1-3-2022,26.11,Mirage,8,2,2033,6
6-9-2019,19.65,Rampart,3,4,1525,17
27-10-2020,21.28,Horizon,6,10,3315,9
5-5-2021,26.58,Wattson,8,7,2777,7
21-5-2020,26.31,Lifeline,8,6,3064,3
22-3-2020,7.62,Wattson,4,0,652,15
28-5-2020,4.19,Revenant,2,4,1263,5
15-10-2022,22.93,Rampart,3,8,2321,18
1-1-2022,13.61,Lifeline,4,3,1123,7
9-7-2020,25.41,Lifeline,4,5,2083,18
26-11-2020,29.71,Lifeline,11,7,5430,8
23-6-2020,28.75,Bloodhound,8,8,3959,19
20-10-2020,29.31,Wattson,3,3,956,15
8-4-2022,18.53,Caustic,5,8,3413,11
8-6-2019,24.56,Horizon,4,4,1399,16
24-10-2019,0.26,Ash,9,11,5367,20
24-11-2022,28.08,Bangalore,13,9,5005,9
25-2-2019,17.2,Mirage,8,9,3270,2
24-3-2021,17.38,Caustic,9,9,4204,11
23-2-2021,25.36,Mirage,5,4,1419,12
26-10-2020,3.46,Bangalore,1,4,1057,16
7-7-2019,0.71,Mad Maggie,2,5,1067,10
5-11-2021,26.04,Crypto,9,7,4423,2
30-10-2021,8.09,Mirage,4,10,2267,13
27-12-2021,17.25,Gibraltar,7,10,4262,13
4-3-2021,6.54,Pathfinder,7,6,2523,13
27-10-2022,26.19,Caustic,1,0,332,20
19-2-2022,7.1,Mad Maggie,2,4,1424,20
28-9-2021,5.69,Bangalore,3,2,1020,5
16-7-2020,15.78,Mirage,8,3,3532,14
23-11-2020,19.37,Bloodhound,9,8,5131,10
22-12-2019,10.91,Bangalore,6,13,5720,8
2-2-2022,21.48,Pathfinder,6,14,3756,7
8-2-2022,24.98,Horizon,8,5,3680,17
11-11-2019,12.08,Wraith,1,8,1984,3
15-10-2020,2.35,Horizon,8,3,3718,9
27-7-2019,20.78,Pathfinder,4,6,3151,4
16-7-2019,2.89,Caustic,10,6,5296,14
19-10-2020,26.46,Pathfinder,6,7,2434,7
26-2-2020,12.52,Bloodhound,6,12,4523,12
2-12-2022,4.17,Mirage,2,0,377,8
15-2-2019,21.82,Lifeline,1,2,775,15
10-4-2021,10.5,Pathfinder,2,3,944,11
16-11-2019,22.39,Wattson,4,5,1973,11
16-9-2020,23.57,Horizon,10,11,5668,7
12-10-2020,20.17,Caustic,10,8,5651,17
15-11-2019,8.34,Caustic,10,8,3570,19
27-2-2022,6.11,Crypto,1,2,966,13
10-1-2021,20.85,Lifeline,2,4,1905,15
20-4-2021,25.68,Ash,5,7,3072,8
29-9-2019,29.05,Fuse,4,9,3632,12
30-3-2019,21.37,Gibraltar,5,9,4584,14
26-3-2019,4.9,Mirage,5,6,2042,19
17-4-2019,23.5,Pathfinder,13,7,3999,10
6-9-2019,22.71,Revenant,0,3,763,1
18-6-2019,0.8,Wraith,4,5,2707,14
10-2-2019,2.83,Bloodhound,6,2,1828,14
18-8-2022,23.8,Revenant,14,4,6106,5
21-6-2019,19.65,Mad Maggie,6,6,4018,6
16-12-2022,18.6,Bangalore,11,7,3829,10
6-4-2019,0.42,Lifeline,10,6,3469,20
24-1-2022,9.77,Wraith,6,6,4150,13
26-9-2021,12.08,Lifeline,7,3,3129,19
30-12-2019,1.94,Fuse,6,11,3396,15
3-3-2020,24.09,Lifeline,5,9,4324,18
15-12-2021,6.18,Bloodhound,9,5,2917,8
26-4-2020,25.12,Wattson,12,14,7545,12
27-2-2022,0.01,Lifeline,11,9,4140,19
26-6-2021,16.33,Wraith,3,1,846,17
1-11-2022,2.52,Mad Maggie,1,3,978,6
22-11-2019,9.45,Pathfinder,5,2,1556,2
13-11-2020,13.34,Horizon,4,8,4141,7
10-8-2021,21.16,Horizon,7,7,2868,9
27-11-2021,4.88,Pathfinder,8,7,4128,20
25-12-2021,24.68,Mad Maggie,8,6,3824,12
25-4-2022,19.16,Mad Maggie,1,4,1540,7
20-1-2022,21.8,Bloodhound,7,3,3615,10
25-6-2020,14.96,Lifeline,3,10,2846,9
7-6-2021,13.23,Caustic,5,4,2065,1
10-12-2020,19.14,Rampart,8,7,3219,19
17-11-2019,27.53,Wraith,9,5,5124,17
17-4-2022,0.34,Ash,14,7,4736,3
29-5-2022,25.28,Fuse,6,6,3214,7
22-10-2021,5.45,Mad Maggie,1,5,1842,18
26-8-2022,7.49,Bloodhound,4,3,1760,6
16-10-2020,20.38,Wraith,9,9,4576,18
15-9-2022,21.23,Revenant,10,10,4884,12
16-11-2021,8.14,Horizon,8,10,5755,4
17-3-2019,17.92,Mad Maggie,7,6,4190,10
16-12-2022,20.2,Revenant,5,7,3003,18
3-4-2020,17.14,Bloodhound,3,5,2254,8
10-5-2021,22.65,Mad Maggie,5,2,2513,16
27-11-2019,7.91,Pathfinder,3,10,3235,16
28-3-2021,23.34,Lifeline,11,10,7710,6
19-7-2020,11.33,Caustic,5,13,5985,13
15-6-2021,12.0,Crypto,15,8,6407,12
4-4-2019,0.68,Bangalore,0,6,1819,11
6-10-2022,8.63,Caustic,1,2,768,11
22-5-2019,2.26,Mirage,2,6,2727,19
12-6-2022,18.94,Mad Maggie,6,4,2629,16
4-10-2019,20.74,Mirage,5,9,3463,11
12-12-2020,13.57,Ash,6,14,5144,3
27-12-2019,22.16,Pathfinder,7,8,4765,16
28-4-2021,25.77,Bangalore,4,4,2244,2
21-4-2021,19.35,Fuse,4,1,1462,12
18-2-2021,22.51,Horizon,6,8,3395,19
19-10-2019,19.82,Ash,7,8,5293,4
23-7-2021,26.28,Gibraltar,8,9,5771,12
22-8-2022,0.1,Wraith,5,9,4509,14
14-8-2022,27.41,Crypto,8,16,6742,5
23-8-2020,2.89,Rampart,0,0,0,11
2-12-2019,18.01,Bloodhound,2,3,1896,16
12-8-2020,26.74,Mad Maggie,5,4,2823,11
6-10-2021,4.18,Crypto,3,4,2602,8
29-11-2022,29.69,Fuse,10,10,5581,18
11-3-2021,16.9,Fuse,7,7,3955,19
2-6-2021,1.8,Rampart,12,12,5925,16
24-4-2022,6.65,Mad Maggie,3,1,1492,2
29-5-2020,16.19,Pathfinder,2,3,1263,17
17-1-2020,1.38,Revenant,2,3,1668,8
20-6-2020,12.27,Caustic,4,5,2371,1
2-9-2019,4.2,Revenant,7,4,4261,14
22-4-2022,4.5,Bloodhound,8,10,4674,18
31-8-2022,14.72,Ash,11,11,4445,11
9-11-2022,2.44,Horizon,4,1,989,14
25-4-2021,5.19,Bloodhound,5,4,1743,12
15-12-2022,21.65,Horizon,7,2,1187,5
16-5-2019,10.05,Rampart,7,4,1221,16
3-5-2020,25.52,Ash,6,5,1534,11
8-2-2021,12.77,Caustic,7,7,2852,7
21-3-2019,15.01,Bangalore,8,14,2490,10
1-12-2020,16.41,Crypto,1,1,152,11
27-6-2020,14.28,Rampart,1,2,354,20
25-6-2020,7.17,Lifeline,3,5,1276,7
9-9-2022,8.56,Mad Maggie,3,6,1542,1
2-8-2021,13.87,Wraith,7,14,1778,10
30-11-2020,26.63,Bangalore,14,7,4152,19
20-7-2022,23.42,Crypto,10,11,3273,6
15-7-2019,10.44,Pathfinder,0,0,0,6
28-1-2021,8.84,Ash,4,2,904,3
4-3-2020,18.42,Mad Maggie,2,3,519,18
23-11-2021,18.68,Crypto,4,8,2140,1
1-9-2021,16.99,Wraith,4,10,3074,14
21-7-2019,10.31,Wattson,9,8,1693,2
9-4-2021,13.92,Pathfinder,7,6,1580,4
23-9-2020,4.99,Rampart,5,0,657,10
8-3-2021,12.53,Wattson,2,1,525,17
9-2-2019,16.39,Ash,4,9,2625,8
2-3-2022,29.02,Pathfinder,3,4,1093,18
7-4-2019,20.01,Fuse,9,6,1503,10
10-6-2019,13.19,Pathfinder,6,9,1549,2
26-9-2021,0.83,Ash,8,11,3133,7
26-2-2020,19.5,Revenant,3,3,938,20
20-4-2019,5.61,Lifeline,1,1,444,7
14-6-2020,26.72,Crypto,4,5,1941,13
16-11-2019,15.67,Bangalore,7,3,2171,1
8-12-2021,8.21,Crypto,4,8,1372,8
27-6-2021,11.48,Caustic,7,9,3837,11
18-11-2021,9.83,Wattson,6,7,1413,7
12-4-2022,12.78,Crypto,2,1,589,7
28-11-2022,8.35,Caustic,1,1,354,3
19-9-2020,13.16,Mirage,7,2,1179,12
17-8-2021,7.37,Bloodhound,4,6,2015,11
22-1-2022,10.06,Wattson,6,6,1331,9
13-6-2022,7.23,Bangalore,6,13,4169,15
29-10-2022,14.61,Wattson,14,8,4622,5
9-1-2021,20.54,Bloodhound,1,3,448,16
25-7-2022,10.99,Wraith,1,1,196,12
11-7-2020,21.1,Pathfinder,4,10,2803,6
12-8-2021,12.53,Lifeline,4,5,1435,2
22-11-2020,23.79,Wraith,8,6,3036,16
19-3-2022,23.25,Gibraltar,9,6,3610,7
30-10-2019,22.88,Gibraltar,14,14,3585,16
26-5-2022,29.72,Crypto,4,5,2351,9
11-3-2019,23.6,Gibraltar,3,2,1185,14
25-10-2021,14.97,Wattson,5,4,1221,17
27-12-2020,15.73,Lifeline,9,4,1983,3
1-4-2021,29.04,Fuse,6,7,1910,8
7-3-2019,26.05,Caustic,9,5,2963,5
6-5-2021,2.55,Caustic,7,11,3148,8
2-7-2019,26.48,Gibraltar,2,6,1514,2
25-3-2019,16.74,Horizon,2,2,532,9
23-7-2021,25.16,Bangalore,3,9,2626,5
17-8-2022,20.31,Bangalore,3,7,2272,14
4-8-2019,4.27,Wraith,6,10,2189,18
8-12-2021,29.48,Crypto,10,7,2728,7
19-7-2019,21.3,Horizon,9,12,3151,8
29-5-2019,5.81,Ash,0,0,0,14
27-8-2019,29.69,Crypto,5,2,1734,16
2-8-2021,21.22,Lifeline,5,5,2524,7
3-2-2021,21.08,Ash,3,5,2180,4
8-4-2019,20.56,Mad Maggie,5,6,1827,20
29-6-2022,7.89,Horizon,8,9,3723,16
28-10-2022,28.44,Fuse,9,11,3878,1
10-8-2019,28.77,Crypto,0,1,262,13
1-1-2020,2.43,Horizon,3,5,1569,17
10-4-2021,20.13,Revenant,6,3,1239,13
13-11-2020,4.8,Mad Maggie,4,9,1798,13
8-2-2020,18.61,Lifeline,4,7,1598,19
10-12-2020,21.36,Wraith,9,13,5717,13
4-10-2020,27.46,Horizon,13,8,3414,2
7-6-2020,21.81,Crypto,1,2,772,12
13-2-2021,9.54,Horizon,5,4,1246,2
8-4-2022,2.06,Ash,6,5,1510,19
22-5-2022,7.18,Ash,4,7,2454,5
4-12-2020,15.87,Crypto,6,6,2082,4
20-12-2021,21.03,Lifeline,12,6,2903,9
30-10-2019,26.03,Bangalore,7,7,2772,12
19-6-2022,11.73,Rampart,1,0,207,2
4-3-2019,10.92,Caustic,4,1,1500,13
16-10-2019,23.62,Wraith,9,3,2154,6
17-4-2022,20.62,Bangalore,6,5,2649,8
18-12-2022,8.34,Caustic,10,4,2519,18
6-11-2021,12.56,Fuse,9,5,3286,20
14-10-2019,29.0,Pathfinder,8,10,3651,19
3-5-2019,9.12,Fuse,1,1,377,18
29-9-2022,25.46,Crypto,4,1,1150,14
29-4-2020,11.21,Mad Maggie,3,2,1279,1
14-3-2022,13.75,Horizon,6,3,1419,10
18-9-2021,22.0,Ash,12,10,4581,1
26-3-2021,9.58,Pathfinder,5,9,3243,17
12-5-2022,26.28,Bloodhound,7,8,3083,14
22-12-2019,29.11,Caustic,4,0,780,18
