13-6-2020,10.25,Gibraltar,0,6,1126,15
14-10-2020,21.95,Revenant,5,6,1545,17
28-10-2020,25.4,Lifeline,3,11,2710,2
21-9-2019,29.48,Wraith,7,7,1492,15
22-4-2021,22.89,Caustic,4,4,1046,7
31-8-2021,25.04,Lifeline,6,8,2109,16
15-2-2019,7.03,Bangalore,6,6,1179,20
21-7-2020,5.7,Caustic,5,5,2077,19
21-12-2020,20.83,Fuse,1,5,808,2
20-3-2021,0.66,Revenant,6,2,1594,1
21-11-2019,13.95,Lifeline,11,8,2440,2
21-7-2020,0.57,Gibraltar,6,8,1231,3
24-3-2020,17.5,Gibraltar,5,9,1050,14
14-7-2020,29.14,Lifeline,12,7,1383,4
14-4-2022,27.27,Pathfinder,7,4,1104,18
20-11-2022,0.3,Gibraltar,4,2,1333,6
28-6-2019,12.49,Fuse,6,3,1500,14
31-12-2020,23.72,Bangalore,4,5,960,17
24-8-2020,5.33,Bangalore,4,8,879,10
30-6-2021,1.15,Gibraltar,6,7,1325,2
12-12-2021,11.74,Pathfinder,6,11,2090,12
29-4-2021,10.29,Wraith,2,2,708,7
8-5-2019,14.57,Bangalore,3,5,1819,19
10-1-2022,26.31,Bangalore,7,10,3684,5
10-10-2019,18.73,Bloodhound,3,4,1313,5
22-2-2022,6.01,Gibraltar,5,11,1993,17
19-1-2020,26.94,Bangalore,7,10,1650,11
20-12-2020,4.76,Bloodhound,7,6,2935,4
8-7-2022,2.43,Revenant,7,0,1804,10
21-12-2019,3.24,Lifeline,3,3,953,10
8-6-2019,24.88,Pathfinder,4,5,831,16
14-6-2022,13.7,Bloodhound,11,4,3389,14
24-9-2019,27.61,Pathfinder,4,6,2279,8
14-8-2020,11.12,Lifeline,10,8,2807,2
19-5-2019,25.54,Bangalore,8,7,3776,17
31-5-2021,2.46,Lifeline,0,1,130,10
26-1-2021,27.89,Lifeline,3,5,1444,7
3-1-2021,19.38,Bangalore,4,8,1585,5
13-1-2022,16.83,Revenant,4,5,1374,13
8-4-2021,25.88,Revenant,7,5,2423,13
24-4-2022,18.8,Fuse,6,5,2096,12
20-8-2020,24.37,Fuse,10,6,3512,9
21-9-2021,2.82,Revenant,1,1,471,18
15-2-2021,8.77,Lifeline,2,1,439,8
21-12-2020,9.1,Gibraltar,2,10,2606,15
16-1-2022,6.31,Caustic,7,3,1383,2
3-2-2021,10.78,Caustic,8,4,3093,9
6-8-2022,22.18,Wraith,6,9,2920,5
25-5-2021,21.98,Caustic,6,6,1481,10
9-1-2020,28.14,Gibraltar,1,2,561,6
30-4-2019,19.03,Revenant,1,6,1519,9
25-5-2020,17.99,Gibraltar,6,7,1576,17
14-4-2022,11.72,Lifeline,9,4,3320,4
12-12-2022,12.43,Pathfinder,5,8,1665,18
20-10-2019,17.96,Bangalore,9,5,3672,3
4-3-2020,28.85,Wraith,9,7,2135,14
3-12-2019,26.42,Wraith,1,3,831,20
20-4-2020,19.61,Lifeline,6,2,1675,2
20-6-2022,3.31,Gibraltar,4,6,2163,16
5-3-2019,16.48,Revenant,3,4,942,2
29-1-2021,16.78,Bloodhound,5,8,1802,4
10-4-2021,25.11,Revenant,10,7,4225,7
10-7-2022,7.97,Bloodhound,8,8,2083,14
29-10-2021,0.14,Fuse,1,4,1175,9
1-9-2020,6.74,Wraith,1,10,2068,17
21-4-2019,23.3,Wraith,2,5,1180,12
22-10-2019,25.37,Wraith,7,5,1801,10
23-7-2022,26.33,Bangalore,6,7,2788,13
19-9-2020,23.83,Wraith,10,14,5758,10
18-2-2020,17.01,Pathfinder,8,7,3510,13
1-12-2022,10.47,Lifeline,4,6,2332,6
25-2-2019,18.31,Gibraltar,3,4,1930,20
16-4-2019,13.03,Bangalore,3,2,1262,19
23-12-2022,16.62,Bloodhound,4,3,1603,9
23-8-2020,21.0,Revenant,5,8,3237,4
28-9-2020,20.82,Bloodhound,6,7,3503,1
22-7-2022,6.55,Lifeline,9,8,2542,17
7-5-2019,11.63,Caustic,0,0,0,17
4-10-2021,5.37,Bloodhound,3,2,958,5
18-1-2022,23.2,Bloodhound,7,5,2397,2
18-2-2022,18.69,Caustic,4,7,2791,19
14-3-2021,4.97,Gibraltar,6,4,1979,4
31-8-2022,23.58,Caustic,8,7,2288,10
5-4-2021,13.85,Bangalore,13,11,6273,8
10-10-2020,26.99,Fuse,5,1,1835,2
14-11-2019,2.23,Caustic,1,7,1348,12
24-5-2022,5.92,Caustic,6,3,1522,8
10-3-2022,12.51,Pathfinder,3,10,3193,16
11-3-2022,17.62,Revenant,5,6,1844,3
10-1-2022,23.9,Lifeline,8,8,3066,20
7-12-2019,24.62,Wraith,11,11,6586,4
5-1-2020,7.09,Pathfinder,1,0,161,5
7-3-2020,28.84,Bangalore,6,4,2825,18
17-5-2021,12.7,Lifeline,2,3,1554,3
19-8-2020,16.71,Bangalore,6,8,3183,5
19-11-2021,28.91,Bloodhound,9,10,4855,8
27-8-2022,18.54,Wraith,7,8,3770,17
26-11-2020,28.4,Bloodhound,8,10,4173,7
30-7-2019,27.86,Caustic,1,6,1562,14
14-6-2022,5.9,Pathfinder,6,1,2110,4
19-9-2020,13.04,Bloodhound,2,7,1705,20
5-11-2020,0.32,Wraith,5,10,3737,2
18-12-2021,17.08,Caustic,8,5,2149,1
13-8-2020,2.93,Caustic,5,10,3910,20
2-9-2022,28.51,Bangalore,15,9,5018,8
16-8-2020,10.15,Bloodhound,0,1,218,16
15-9-2021,1.04,Caustic,1,8,1513,2
17-2-2020,4.03,Bangalore,2,2,1281,5
2-1-2020,3.45,Gibraltar,3,6,2280,14
28-6-2021,25.98,Wraith,8,11,4716,12
24-2-2022,28.44,Lifeline,7,5,3060,6
11-4-2021,0.34,Revenant,7,6,2741,13
10-7-2021,15.96,Lifeline,2,1,663,5
22-5-2020,2.64,Pathfinder,6,1,1361,2
22-10-2019,24.91,Fuse,4,3,1184,3
24-5-2019,13.36,Fuse,8,4,2421,1
24-3-2022,14.8,Caustic,4,11,3205,2
7-5-2021,12.06,Caustic,6,11,3995,15
6-11-2020,5.74,Fuse,6,7,2890,16
12-9-2020,16.46,Caustic,3,2,917,17
26-11-2019,22.53,Caustic,2,2,1338,15
2-5-2022,6.64,Revenant,9,6,4352,5
13-8-2021,29.7,Bangalore,5,6,3357,13
18-10-2022,11.05,Gibraltar,9,5,3013,19
3-7-2021,12.25,Wraith,10,5,5086,12
10-11-2021,5.55,Bloodhound,8,7,2861,18
9-2-2019,2.82,Bangalore,1,3,738,3
19-9-2019,17.3,Gibraltar,3,1,1247,3
15-1-2022,11.76,Fuse,3,11,3233,1
18-6-2021,26.83,Lifeline,5,8,4367,8
30-7-2020,1.16,Revenant,11,4,5174,18
12-8-2020,28.75,Bangalore,7,5,3534,7
5-8-2020,2.25,Gibraltar,11,7,5223,17
12-9-2021,15.16,Revenant,7,1,2434,11
5-9-2022,20.95,Fuse,3,5,2158,8
26-8-2022,6.09,Bangalore,6,5,3564,5
1-2-2022,0.72,Revenant,3,7,3148,20
11-12-2019,5.47,Pathfinder,6,6,4212,16
24-1-2022,4.14,Lifeline,5,7,3298,16
17-12-2020,22.02,Lifeline,7,10,4401,6
17-12-2021,20.97,Wraith,5,4,2896,15
6-6-2021,28.66,Wraith,10,9,3760,15
21-3-2022,16.83,Wraith,3,4,1892,8
3-5-2019,1.19,Caustic,3,12,3849,17
27-6-2019,25.7,Bloodhound,10,5,4505,7
26-4-2022,12.03,Wraith,6,12,4725,9
16-9-2020,21.39,Pathfinder,10,6,4783,20
11-2-2019,9.92,Caustic,1,6,1965,19
1-1-2021,7.39,Pathfinder,2,1,712,3
12-7-2021,2.45,Fuse,7,4,2707,16
10-1-2020,8.35,Bloodhound,6,6,3899,12
21-10-2020,22.09,Fuse,10,13,5186,11
24-10-2021,2.48,Gibraltar,6,6,3564,18
8-2-2020,17.59,Fuse,8,10,5477,20
4-6-2021,18.52,Revenant,7,1,2409,17
12-10-2021,0.79,Gibraltar,7,2,3124,20
4-3-2021,11.55,Bloodhound,2,2,1335,17
27-3-2019,23.05,Bangalore,7,6,4555,10
16-6-2019,26.6,Bangalore,6,10,3567,12
12-8-2019,8.59,Bloodhound,5,12,5295,7
25-4-2020,20.47,Caustic,10,7,4106,14
22-3-2021,24.8,Wraith,8,1,2798,17
22-1-2021,13.58,Bloodhound,2,5,2107,11
27-12-2020,0.93,Fuse,6,2,2283,8
22-6-2021,5.92,Bangalore,6,6,2804,6
19-11-2020,28.36,Pathfinder,7,6,4227,7
24-12-2022,11.89,Gibraltar,13,5,5176,12
8-11-2022,22.53,Bloodhound,7,12,6954,17
16-8-2022,7.14,Lifeline,2,0,654,19
22-1-2021,12.23,Gibraltar,3,1,1447,14
20-9-2020,22.53,Bangalore,3,5,2847,4
26-12-2019,15.98,Bloodhound,6,6,3602,12
6-4-2022,24.92,Fuse,6,4,2297,20
9-10-2020,6.12,Caustic,5,7,4138,19
18-4-2021,25.6,Bloodhound,10,8,4707,5
25-12-2022,7.12,Fuse,3,0,1094,8
6-12-2020,12.86,Bangalore,9,1,3250,6
17-6-2019,6.49,Pathfinder,6,5,3411,9
2-9-2019,27.28,Bangalore,6,5,3554,11
25-3-2020,6.64,Wraith,10,6,4872,12
21-6-2022,7.69,Gibraltar,6,6,3587,6
26-7-2019,0.23,Pathfinder,6,7,4223,7
15-7-2020,12.52,Bloodhound,1,2,914,16
26-3-2022,9.39,Bloodhound,3,2,1897,6
12-12-2021,25.45,Bloodhound,4,12,6161,16
13-2-2021,3.26,Pathfinder,11,3,4964,7
29-7-2020,6.32,Gibraltar,8,4,4074,16
6-1-2020,28.71,Pathfinder,7,10,5593,17
23-3-2022,6.66,Caustic,6,7,4039,7
13-9-2020,16.75,Lifeline,1,6,2543,9
22-6-2022,8.29,Bangalore,1,2,773,13
19-6-2020,25.78,Bangalore,4,7,4154,17
5-5-2022,5.39,Gibraltar,3,4,2235,16
15-10-2022,6.89,Gibraltar,5,4,2445,19
20-11-2021,11.85,Wraith,7,5,4464,11
13-3-2020,18.53,Revenant,15,11,9339,2
8-9-2022,25.23,Gibraltar,0,0,0,15
21-3-2022,4.21,Lifeline,7,6,4760,15
19-8-2021,2.86,Gibraltar,10,3,5037,4
23-4-2022,28.77,Wraith,4,9,4526,19
28-9-2019,20.42,Bloodhound,8,5,2691,12
6-8-2020,10.06,Caustic,5,6,2274,11
26-6-2019,2.54,Fuse,7,6,1821,5
9-11-2022,28.68,Lifeline,1,2,226,16
26-8-2019,9.13,Caustic,4,4,1271,9
22-4-2021,13.08,Fuse,6,4,1198,14
8-11-2022,27.55,Caustic,7,4,1461,10
11-3-2020,5.12,Gibraltar,4,8,1424,2
18-6-2022,10.96,Bangalore,9,6,1224,15
8-12-2022,23.57,Gibraltar,11,8,2969,5
12-5-2020,4.67,Gibraltar,2,7,1350,18
1-6-2019,19.02,Gibraltar,2,8,1450,6
19-6-2021,29.49,Fuse,6,2,1665,12
23-6-2022,12.63,Revenant,9,4,1997,17
3-3-2021,12.47,Lifeline,9,6,2494,16
29-4-2020,14.42,Lifeline,10,7,3769,19
30-3-2019,16.91,Lifeline,12,9,2431,10
5-6-2019,23.99,Bloodhound,2,7,1187,5
6-4-2019,27.33,Gibraltar,1,1,312,6
13-6-2019,23.35,Pathfinder,2,5,877,16
20-6-2019,14.93,Pathfinder,5,8,1071,16
11-3-2020,16.14,Lifeline,5,6,1994,12
10-11-2019,8.3,Fuse,7,7,1935,4
31-1-2021,14.79,Lifeline,7,8,1727,13
15-11-2022,7.52,Pathfinder,5,2,1119,5
5-5-2020,1.31,Pathfinder,6,7,1306,4
3-4-2022,24.11,Wraith,3,2,918,8
21-8-2019,4.02,Wraith,6,5,1295,16
13-3-2020,24.78,Gibraltar,5,5,2104,1
13-7-2021,10.27,Bloodhound,5,5,2018,13
26-1-2021,23.5,Bloodhound,15,7,4031,12
11-5-2021,10.68,Caustic,0,2,411,19
3-2-2022,0.42,Pathfinder,1,1,300,1
24-10-2019,19.95,Lifeline,8,6,3422,12
4-2-2021,11.46,Fuse,6,3,1010,9
25-4-2020,11.58,Caustic,5,7,1201,2
13-5-2020,9.33,Bloodhound,5,6,2044,18
31-1-2022,16.77,Fuse,8,7,2250,10
3-7-2019,28.5,Revenant,6,3,1605,2
13-10-2021,25.18,Bloodhound,2,4,1287,19
22-12-2019,9.6,Wraith,2,3,657,11
21-2-2021,29.17,Revenant,5,5,1915,11
27-4-2019,6.95,Wraith,9,5,3041,12
23-7-2022,13.83,Pathfinder,12,6,3884,1
26-4-2021,20.02,Pathfinder,6,11,2032,11
29-4-2019,4.25,Wraith,3,2,526,14
25-3-2019,27.36,Bangalore,6,7,3259,3
27-8-2019,3.26,Wraith,3,2,646,13
12-7-2022,25.27,Fuse,11,5,3470,3
17-1-2020,29.55,Bangalore,5,8,2066,5
22-11-2022,29.58,Bloodhound,10,7,3121,3
28-3-2019,13.99,Lifeline,9,14,4731,16
20-12-2021,17.26,Fuse,0,4,750,20
28-7-2021,1.62,Fuse,7,2,1536,2
9-9-2020,7.23,Revenant,7,5,3214,15
23-2-2019,29.76,Gibraltar,8,5,2959,4
6-8-2019,7.53,Fuse,6,4,1537,3
26-4-2019,27.96,Gibraltar,8,6,2631,7
10-6-2022,20.29,Fuse,7,8,1754,20
21-4-2019,23.77,Pathfinder,7,0,1373,2
1-8-2020,18.97,Lifeline,1,2,513,9
7-5-2019,1.68,Pathfinder,5,3,1026,5
12-9-2022,18.95,Gibraltar,3,7,1318,17
21-12-2022,2.86,Lifeline,9,5,2635,1
9-12-2020,0.39,Fuse,7,9,3279,7
20-9-2019,6.55,Lifeline,6,11,2868,20
18-3-2020,2.13,Revenant,0,2,269,4
4-3-2021,18.41,Bangalore,4,3,1377,12
31-3-2021,19.17,Fuse,3,3,1604,1
11-9-2021,23.59,Revenant,8,8,2735,11
27-3-2022,3.69,Bloodhound,10,5,3922,20
20-4-2020,1.31,Lifeline,6,12,3126,8
20-11-2021,6.45,Lifeline,9,8,3833,9
29-8-2021,5.99,Revenant,5,6,1690,15
20-12-2019,17.3,Wraith,2,5,1852,4
23-4-2020,29.76,Fuse,6,4,2327,19
28-4-2022,19.39,Fuse,5,3,1328,12
15-6-2019,17.07,Gibraltar,12,5,2548,3
12-6-2019,7.25,Wraith,9,9,3611,5
21-5-2022,28.33,Lifeline,6,11,2688,14
22-9-2021,25.0,Bangalore,0,3,716,13
6-12-2022,16.03,Caustic,2,3,1035,4
11-7-2021,10.55,Bloodhound,8,4,2581,5
25-6-2022,1.56,Fuse,6,4,2419,1
1-2-2021,7.81,Caustic,5,4,2627,6
18-3-2020,14.82,Caustic,5,5,2262,4
10-5-2022,4.16,Pathfinder,8,7,3059,8
3-3-2020,22.08,Lifeline,1,2,718,5
25-5-2021,26.15,Revenant,1,7,2003,18
13-2-2022,13.98,Gibraltar,3,5,1561,11
1-6-2020,0.65,Revenant,6,5,3094,11
12-6-2020,14.38,Gibraltar,9,5,2610,3
26-5-2021,23.99,Wraith,11,8,5605,20
26-7-2022,24.98,Pathfinder,8,10,4543,13
30-12-2020,23.68,Fuse,3,4,1753,6
23-12-2022,17.39,Pathfinder,2,1,667,9
23-8-2021,7.3,Revenant,2,2,707,4
3-7-2019,0.1,Caustic,5,9,2143,6
3-10-2021,24.3,Gibraltar,6,4,1988,14
9-8-2021,3.44,Revenant,5,5,1712,18
4-3-2022,21.3,Caustic,14,13,4420,10
16-12-2021,8.32,Caustic,9,2,3403,11
6-8-2021,16.73,Fuse,6,2,2015,2
6-12-2019,16.56,Bloodhound,6,2,1554,4
17-9-2021,4.77,Bangalore,12,3,4661,9
2-3-2019,23.8,Revenant,8,12,4711,11
17-4-2019,22.29,Revenant,13,6,5557,9
3-1-2021,1.54,Gibraltar,11,10,5577,3
19-8-2022,18.76,Gibraltar,8,3,2498,14
4-5-2021,28.73,Lifeline,3,3,988,17
16-3-2020,12.81,Bloodhound,6,5,1898,19
17-9-2021,26.49,Gibraltar,4,4,2144,19
8-5-2022,8.05,Fuse,5,8,2332,14
15-12-2022,19.13,Revenant,7,5,3220,6
18-1-2020,26.17,Gibraltar,7,8,4555,9
1-6-2020,22.6,Caustic,4,4,1497,9
16-9-2019,21.78,Caustic,6,2,1428,10
28-10-2022,3.46,Fuse,5,7,2690,12
27-11-2020,14.84,Bloodhound,4,6,1991,11
13-1-2021,5.4,Bangalore,4,4,2228,3
22-4-2019,3.41,Revenant,5,6,2871,1
12-6-2019,15.78,Pathfinder,9,11,4084,7
22-6-2019,7.75,Bangalore,0,0,0,8
16-8-2020,6.87,Bangalore,2,6,2412,2
2-11-2021,29.85,Revenant,7,12,4991,2
28-9-2019,8.7,Bangalore,7,3,2838,6
13-3-2020,18.2,Bloodhound,5,6,2564,13
25-10-2022,22.44,Pathfinder,5,7,2638,18
11-12-2020,13.04,Fuse,9,15,5994,19
25-9-2020,7.18,Gibraltar,3,0,817,3
25-10-2020,9.04,Fuse,7,4,2754,9
3-11-2020,22.3,Pathfinder,11,4,2995,11
12-8-2021,7.46,Lifeline,11,6,5301,14
1-11-2019,10.97,Revenant,5,6,2281,8
5-2-2021,15.3,Gibraltar,6,6,3060,1
25-2-2019,6.7,Fuse,7,14,5103,7
13-4-2022,18.66,Lifeline,3,3,1604,17
16-6-2022,28.34,Caustic,8,9,5889,2
9-5-2020,28.73,Gibraltar,3,3,1654,15
19-12-2021,15.54,Wraith,5,12,4808,6
13-9-2019,3.44,Gibraltar,7,6,3801,6
19-6-2020,25.01,Gibraltar,5,8,3412,2
11-12-2021,9.45,Gibraltar,14,9,7758,10
19-10-2020,0.03,Gibraltar,2,4,1984,2
3-11-2019,7.36,Lifeline,5,1,1965,17
14-7-2021,22.59,Wraith,3,9,3996,14
20-4-2019,1.24,Caustic,4,6,2851,12
8-8-2020,6.04,Gibraltar,4,4,2825,18
30-6-2020,27.89,Wraith,6,8,4635,17
27-10-2022,26.01,Pathfinder,7,6,4462,18
25-11-2020,25.03,Lifeline,0,2,391,20
1-6-2022,10.84,Fuse,5,2,2037,7
4-12-2019,15.2,Gibraltar,11,7,6347,20
3-5-2020,25.15,Lifeline,4,3,1708,3
18-3-2022,27.39,Pathfinder,8,10,5266,15
17-5-2021,9.41,Wraith,9,13,7850,4
17-10-2021,24.97,Lifeline,7,8,4428,3
17-2-2022,8.15,Caustic,5,8,4256,1
5-8-2022,2.0,Bloodhound,2,3,1419,5
17-11-2019,6.78,Revenant,2,2,888,17
22-4-2022,1.71,Gibraltar,5,5,2774,4
30-5-2022,24.1,Wraith,4,5,2937,3
19-10-2020,29.74,Gibraltar,6,5,2969,13
10-3-2020,0.73,Caustic,6,7,4487,15
12-9-2021,12.06,Gibraltar,7,1,3086,11
7-3-2022,13.96,Caustic,6,5,4011,8
8-6-2019,19.88,Bangalore,7,3,2832,8
31-7-2020,15.06,Lifeline,9,6,3925,13
15-10-2020,7.79,Pathfinder,4,4,2529,19
19-11-2019,8.13,Bangalore,8,5,2970,19
6-6-2022,5.47,Bangalore,6,8,3512,15
28-4-2020,23.2,Caustic,4,4,2894,13
17-5-2021,6.07,Revenant,5,2,2405,4
7-6-2021,0.05,Lifeline,4,2,1810,2
22-1-2022,6.73,Bloodhound,8,10,4194,17
17-7-2020,11.41,Lifeline,4,6,2824,14
13-3-2019,23.59,Caustic,10,9,7010,1
18-1-2021,14.55,Lifeline,9,9,5371,8
23-5-2019,18.55,Gibraltar,3,2,1577,6
7-11-2019,7.14,Fuse,4,1,1345,8
26-7-2019,12.65,Bangalore,7,6,3685,15
17-11-2022,13.57,Wraith,4,3,2455,7
18-4-2022,2.78,Lifeline,7,13,7384,13
13-4-2021,3.49,Pathfinder,9,12,5164,7
13-7-2019,8.34,Lifeline,8,7,4832,10
25-5-2022,26.96,Pathfinder,5,2,1955,2
20-12-2019,25.36,Pathfinder,6,2,2353,10
30-1-2020,27.95,Revenant,7,2,3619,20
13-5-2021,14.65,Revenant,6,8,5505,19
7-3-2022,13.53,Wraith,12,8,5630,18
18-11-2020,4.76,Gibraltar,7,9,4956,11
4-11-2019,5.57,Pathfinder,8,7,4250,2
14-9-2019,15.06,Revenant,2,1,1074,14
17-7-2022,16.66,Pathfinder,1,5,1886,20
29-11-2019,13.45,Bangalore,9,3,3862,5
13-8-2019,19.38,Revenant,6,8,5090,9
3-10-2022,22.36,Bloodhound,6,7,4061,10
30-11-2020,18.29,Fuse,8,7,4124,6
28-11-2021,7.76,Bangalore,6,12,6706,11
19-1-2022,26.11,Fuse,6,0,2187,12
25-9-2019,3.29,Fuse,3,2,920,9
3-5-2022,22.76,Lifeline,2,5,1116,19
12-10-2022,25.12,Bangalore,4,4,1475,11
10-4-2019,16.31,Bangalore,13,6,3343,3
23-10-2020,9.78,Gibraltar,12,5,2634,5
15-4-2022,12.44,Caustic,6,7,1662,9
10-3-2020,11.52,Wraith,0,6,497,7
24-7-2019,12.81,Bloodhound,2,4,619,1
1-4-2021,6.09,Gibraltar,6,4,1046,7
4-10-2019,13.51,Pathfinder,3,3,906,9
11-7-2022,0.88,Wraith,6,4,1820,8
18-3-2019,0.43,Gibraltar,10,5,2030,11
15-3-2021,5.29,Wraith,6,7,976,14
26-6-2022,0.9,Bangalore,1,3,779,4
23-5-2022,14.09,Caustic,1,1,419,5
11-9-2019,6.97,Fuse,2,2,532,13
3-6-2022,14.6,Lifeline,4,5,1462,12
14-8-2019,8.42,Wraith,6,8,1373,1
16-11-2021,10.81,Pathfinder,12,10,4973,1
28-5-2021,22.73,Lifeline,8,7,2745,13
1-4-2022,25.77,Bloodhound,8,3,2501,14
3-1-2020,5.14,Caustic,9,1,1105,1
21-7-2021,14.4,Fuse,8,4,1751,12
4-2-2021,6.2,Bloodhound,4,5,785,18
15-11-2019,21.26,Bangalore,6,9,2169,18
30-10-2019,12.25,Revenant,6,5,895,15
13-9-2020,4.43,Bangalore,8,15,4449,14
23-4-2022,13.67,Caustic,0,0,0,20
27-11-2022,19.94,Gibraltar,9,4,2995,7
28-2-2019,6.39,Bloodhound,4,4,1504,15
10-5-2021,13.12,Caustic,4,3,1301,10
15-7-2020,0.46,Gibraltar,11,4,2258,15
14-9-2020,6.87,Fuse,12,5,4283,6
27-5-2022,9.49,Wraith,6,9,2501,4
30-6-2020,10.81,Bloodhound,1,1,329,17
26-1-2021,2.61,Bloodhound,6,1,1713,14
3-12-2020,14.41,Gibraltar,7,5,1636,1
8-12-2022,18.16,Bangalore,4,5,1058,11
14-6-2022,12.23,Caustic,5,8,1371,6
12-3-2022,23.62,Lifeline,7,8,3402,15
9-3-2021,22.06,Revenant,7,8,1953,14
4-4-2019,21.59,Gibraltar,5,3,2099,14
6-12-2022,26.13,Lifeline,4,6,1024,14
17-8-2019,22.4,Pathfinder,4,3,1333,7
14-8-2021,28.67,Wraith,4,9,2435,15
20-9-2022,18.39,Pathfinder,4,9,2462,3
26-3-2021,9.74,Fuse,11,6,4453,19
13-8-2020,20.41,Revenant,6,10,3485,10
8-9-2020,9.8,Lifeline,0,0,0,13
8-10-2019,0.12,Fuse,1,3,589,10
1-5-2020,18.84,Bloodhound,2,4,1230,17
27-9-2019,3.36,Revenant,6,5,1449,6
14-7-2020,15.01,Fuse,5,6,2273,8
5-8-2020,3.71,Revenant,8,7,2544,13
21-10-2022,21.95,Caustic,6,8,3609,2
29-4-2020,14.36,Bangalore,2,6,1332,5
26-5-2021,14.59,Gibraltar,1,4,702,2
26-12-2022,12.7,Pathfinder,2,11,2956,11
18-9-2019,4.86,Lifeline,3,6,2338,13
18-7-2021,29.76,Bangalore,7,5,2611,10
29-9-2021,3.14,Gibraltar,5,6,1541,10
21-2-2020,2.11,Lifeline,9,12,4364,10
9-5-2022,19.24,Pathfinder,1,2,647,3
11-9-2019,26.22,Caustic,5,3,2131,12
27-7-2021,15.12,Lifeline,4,2,1106,2
4-6-2019,1.29,Caustic,5,4,2488,19
13-7-2022,4.07,Bloodhound,6,5,2177,19
21-12-2022,5.84,Wraith,10,6,2849,14
9-12-2019,24.09,Bangalore,14,9,3895,2
25-4-2021,14.46,Caustic,1,2,740,15
4-8-2022,18.82,Gibraltar,4,6,2120,11
20-10-2021,27.26,Gibraltar,5,3,1553,13
30-7-2021,26.83,Fuse,5,5,2354,9
30-12-2022,10.98,Bangalore,5,5,2410,6
21-11-2020,22.01,Bangalore,5,5,2531,3
12-11-2019,13.87,Caustic,7,7,3525,18
9-5-2021,13.01,Revenant,9,0,2619,16
26-3-2019,27.32,Bloodhound,9,2,1741,20
2-8-2020,20.5,Bloodhound,2,4,874,6
7-6-2022,15.0,Bangalore,5,4,2023,9
4-4-2020,23.84,Wraith,4,5,2039,4
4-4-2021,27.63,Bangalore,6,6,2319,13
23-12-2020,23.63,Pathfinder,7,8,3534,1
29-4-2019,22.33,Bloodhound,4,0,1219,13
16-10-2021,9.9,Bloodhound,8,1,1786,8
25-5-2019,1.86,Revenant,10,7,2630,20
19-6-2020,21.79,Wraith,4,8,1709,8
23-3-2020,26.29,Wraith,6,6,2190,16
27-4-2020,22.25,Caustic,10,7,4715,14
18-4-2020,16.0,Revenant,12,8,3458,5
2-12-2021,20.12,Lifeline,5,0,1057,3
10-5-2019,4.12,Revenant,2,1,608,6
17-7-2019,25.67,Wraith,3,9,2469,1
4-11-2022,9.43,Bangalore,4,7,3172,8
9-9-2020,5.79,Caustic,5,5,1628,1
4-5-2022,5.96,Gibraltar,8,8,3706,4
29-11-2021,26.45,Pathfinder,8,11,5127,1
24-7-2021,15.0,Bloodhound,6,4,2746,14
14-5-2022,10.57,Gibraltar,7,2,2588,12
21-3-2022,1.78,Pathfinder,2,5,1216,19
11-9-2020,3.37,Pathfinder,12,5,5441,20
19-7-2020,21.14,Bloodhound,5,6,3255,14
4-11-2020,18.74,Bangalore,5,5,1679,5
25-1-2022,0.44,Revenant,13,10,5159,2
21-8-2021,20.45,Bloodhound,8,0,2484,19
4-8-2020,17.35,Revenant,2,5,2251,18
24-2-2021,14.35,Bloodhound,6,6,2947,8
25-7-2019,15.86,Gibraltar,9,3,2191,7
4-1-2021,2.38,Bloodhound,6,7,3565,11
17-5-2021,18.65,Revenant,7,7,3483,1
15-11-2021,7.46,Pathfinder,6,6,3615,19
17-2-2022,19.83,Bangalore,2,0,557,4
1-10-2020,10.48,Bangalore,2,2,683,9
22-4-2022,13.83,Pathfinder,3,2,1628,13
19-3-2019,12.27,Lifeline,6,4,2794,15
11-3-2019,7.9,Pathfinder,12,10,5980,6
22-5-2021,0.65,Fuse,10,9,4388,1
21-5-2021,13.13,Bloodhound,6,12,4849,3
7-6-2022,15.94,Wraith,0,8,2002,1
3-1-2021,5.55,Bangalore,5,1,1247,11
12-10-2022,21.13,Revenant,6,4,3120,16
6-3-2019,27.97,Gibraltar,3,4,2080,14
31-1-2020,10.72,Caustic,5,5,3287,8
23-5-2022,12.62,Bloodhound,5,9,3141,6
6-2-2020,4.01,Caustic,6,10,3243,9
10-7-2020,25.44,Bangalore,4,1,1650,3
5-2-2020,15.57,Fuse,2,6,1556,7
22-5-2021,29.96,Caustic,5,8,3550,15
4-7-2019,19.87,Fuse,5,3,1559,7
6-4-2020,22.06,Bloodhound,9,7,4393,16
8-8-2022,0.98,Caustic,9,7,4344,6
20-2-2020,9.67,Bangalore,10,12,7009,12
16-12-2020,0.16,Wraith,1,6,2140,3
26-2-2022,18.35,Bangalore,6,1,1489,5
10-11-2019,12.0,Caustic,7,2,3120,7
21-3-2019,14.42,Gibraltar,5,7,3471,3
18-7-2021,23.14,Caustic,5,5,2006,18
25-7-2022,24.61,Caustic,12,8,4495,1
14-11-2020,16.3,Fuse,8,7,3807,12
6-10-2019,20.58,Caustic,7,1,2788,15
16-1-2020,2.15,Fuse,1,1,389,3
2-6-2022,4.41,Fuse,3,3,1750,6
3-3-2021,3.91,Caustic,3,3,1946,4
5-8-2021,13.12,Pathfinder,10,8,6390,20
5-6-2020,1.16,Revenant,10,11,7261,17
6-8-2022,17.68,Bangalore,6,10,3838,17
13-10-2022,28.65,Wraith,4,2,1719,6
7-1-2020,22.54,Fuse,1,2,928,9
13-2-2022,7.8,Lifeline,7,2,2183,11
18-5-2022,12.24,Bangalore,3,4,2418,11
25-6-2022,12.4,Pathfinder,9,6,4968,4
24-4-2021,3.81,Bloodhound,8,7,5451,6
17-2-2019,1.09,Lifeline,8,13,4952,5
21-1-2022,23.57,Revenant,8,3,4156,20
16-8-2019,13.93,Pathfinder,8,1,2742,11
11-5-2022,19.89,Wraith,2,2,1500,6
25-3-2021,4.92,Fuse,9,3,2558,4
5-7-2022,14.92,Pathfinder,4,6,2909,10
1-6-2019,13.16,Revenant,12,6,6010,17
13-12-2021,8.58,Lifeline,9,6,4522,17
14-5-2021,19.07,Pathfinder,3,1,1363,20
10-6-2021,18.62,Bloodhound,1,2,774,17
16-6-2019,28.0,Bangalore,3,6,2432,16
17-7-2020,17.04,Pathfinder,8,4,3815,17
12-3-2020,19.2,Revenant,5,9,3507,3
11-4-2022,27.81,Lifeline,8,14,6677,18
3-2-2020,12.98,Bloodhound,8,8,3523,16
31-5-2021,26.01,Fuse,1,4,1227,13
23-7-2019,0.37,Fuse,1,1,465,20
29-11-2019,12.63,Gibraltar,3,5,2617,16
8-12-2020,29.86,Gibraltar,8,3,4020,2
16-3-2021,12.83,Caustic,4,9,3642,5
13-8-2022,20.37,Bloodhound,5,11,5900,8
1-6-2020,8.02,Bangalore,7,6,3380,20
9-5-2019,9.72,Fuse,0,7,1925,19
3-1-2020,11.15,Lifeline,1,8,2580,2
28-10-2021,0.36,Caustic,3,7,2629,4
27-11-2019,15.96,Revenant,6,3,2955,17
14-5-2020,29.37,Gibraltar,9,4,4502,15
30-11-2020,25.23,Caustic,10,7,4214,8
2-6-2022,15.91,Pathfinder,7,9,4314,4
3-5-2020,20.96,Fuse,7,1,2130,10
18-4-2021,24.81,Lifeline,2,3,1407,2
10-6-2020,17.23,Fuse,6,5,2861,19
13-12-2022,15.71,Bloodhound,4,3,2132,5
2-7-2021,26.56,Lifeline,8,10,5946,4
11-11-2019,27.51,Revenant,8,11,7093,11
28-4-2019,16.59,Revenant,12,7,5253,16
21-2-2022,16.26,Bloodhound,0,1,307,14
5-11-2021,27.24,Pathfinder,9,6,4033,20
28-5-2019,29.76,Wraith,4,9,4615,12
6-10-2020,27.09,Wraith,4,5,3027,8
1-3-2022,25.83,Revenant,13,9,6922,10
8-5-2021,0.66,Pathfinder,5,7,4199,5
15-4-2019,10.51,Revenant,14,12,9245,12
20-7-2021,25.15,Lifeline,2,6,1981,12
15-6-2021,16.56,Revenant,5,9,3935,16
27-4-2020,15.96,Gibraltar,5,4,2437,5
13-5-2020,6.59,Bangalore,6,8,3929,8
15-10-2021,13.24,Lifeline,7,5,3771,10
24-1-2022,25.56,Lifeline,5,6,1351,9
9-5-2022,14.82,Bloodhound,9,10,1653,1
20-8-2019,18.35,Pathfinder,1,3,232,12
4-12-2019,25.02,Bangalore,4,2,1179,11
31-3-2022,13.15,Lifeline,4,2,1318,7
25-7-2019,7.13,Caustic,5,4,1445,15
30-12-2019,15.45,Caustic,5,4,1870,18
20-5-2021,25.7,Bloodhound,7,6,901,9
25-12-2019,14.88,Pathfinder,10,8,2171,3
29-4-2019,5.51,Gibraltar,0,4,751,13
19-5-2020,12.83,Fuse,3,2,978,11
11-3-2022,1.93,Caustic,5,5,1984,20
28-5-2021,19.65,Bloodhound,4,3,773,2
7-6-2021,15.18,Fuse,9,10,2256,16
28-10-2020,14.51,Gibraltar,7,5,2324,14
12-12-2019,1.33,Wraith,6,10,1806,18
17-2-2020,2.23,Bloodhound,0,0,0,1
17-3-2019,22.93,Caustic,4,1,511,4
27-10-2019,7.78,Wraith,3,2,1161,10
20-1-2022,15.81,Revenant,4,3,1442,5
12-7-2020,10.25,Bangalore,5,9,3044,19
26-11-2021,23.26,Gibraltar,12,11,3114,7
1-4-2020,26.57,Lifeline,10,9,4153,10
14-3-2022,19.31,Lifeline,4,0,486,6
12-2-2019,24.28,Bangalore,1,3,675,3
19-8-2020,27.99,Revenant,5,6,2194,14
8-11-2022,6.1,Bangalore,7,5,1178,1
16-10-2021,1.5,Bloodhound,4,10,1778,17
9-10-2019,23.54,Caustic,7,7,2098,3
14-5-2022,12.3,Lifeline,10,12,4109,12
11-3-2022,15.22,Pathfinder,0,6,1045,1
3-9-2021,27.82,Revenant,2,1,743,12
27-2-2019,22.57,Revenant,6,5,2089,10
27-7-2021,20.02,Lifeline,3,4,673,15
9-4-2020,7.31,Bloodhound,9,8,1970,9
4-9-2020,0.87,Bangalore,5,9,1464,15
15-6-2021,7.01,Gibraltar,9,8,2132,3
25-7-2022,19.35,Revenant,2,3,1076,13
10-7-2021,25.49,Fuse,2,2,807,19
2-4-2020,8.88,Fuse,7,2,1613,13
20-2-2020,21.5,Bangalore,3,5,864,17
28-8-2020,16.79,Gibraltar,4,5,2273,16
15-2-2020,20.22,Bangalore,5,10,2685,18
18-9-2019,16.51,Fuse,7,6,3123,17
30-11-2022,14.36,Bloodhound,0,5,1076,11
17-9-2020,19.15,Gibraltar,4,2,1555,13
11-7-2019,29.5,Caustic,5,3,894,2
6-9-2022,10.5,Bangalore,8,4,2041,16
8-9-2020,8.51,Lifeline,10,9,4210,7
12-6-2021,0.93,Fuse,8,6,2365,3
8-10-2019,6.58,Bangalore,14,9,4930,4
15-7-2021,12.42,Gibraltar,5,1,820,13
1-10-2020,12.6,Revenant,5,7,1828,1
30-7-2019,18.76,Gibraltar,3,4,995,5
25-5-2022,9.98,Caustic,6,3,1249,8
18-10-2021,3.72,Bangalore,6,12,3580,20
11-5-2020,9.03,Bloodhound,8,6,2311,5
4-4-2020,21.7,Bloodhound,7,8,2938,15
21-9-2022,12.81,Revenant,3,5,1003,12
18-5-2022,1.0,Gibraltar,2,6,1155,19
22-11-2021,16.95,Bangalore,5,5,2000,19
23-4-2019,6.2,Lifeline,4,3,1213,1
18-2-2020,16.43,Revenant,7,5,2979,3
12-8-2020,7.3,Wraith,5,6,2104,20
29-8-2019,11.97,Caustic,6,6,2334,10
16-5-2020,3.51,Lifeline,1,3,579,18
2-7-2020,8.92,Revenant,1,2,546,3
2-10-2021,0.08,Wraith,7,8,4106,19
13-5-2021,27.16,Lifeline,7,3,1660,19
3-5-2021,9.25,Lifeline,5,10,2765,8
4-10-2019,0.68,Pathfinder,10,5,3500,16
3-10-2021,15.32,Fuse,7,11,2857,14
8-3-2020,1.14,Bloodhound,5,1,1699,18
26-10-2020,9.17,Fuse,3,6,1499,2
17-5-2020,8.51,Gibraltar,2,4,1445,13
18-7-2021,22.62,Fuse,7,3,2890,3
18-9-2022,28.63,Revenant,5,9,1901,14
22-4-2021,15.57,Revenant,9,5,3403,8
7-1-2021,22.36,Gibraltar,13,6,4218,9
12-9-2021,26.66,Pathfinder,2,6,1698,16
8-10-2020,29.7,Bangalore,6,8,2519,15
26-2-2019,26.05,Gibraltar,3,8,2542,9
15-2-2022,3.13,Lifeline,5,7,1879,12
11-4-2022,2.56,Revenant,6,5,1663,3
4-2-2021,6.58,Bloodhound,6,8,2619,19
25-4-2019,26.55,Lifeline,8,9,4483,15
13-6-2022,0.85,Caustic,1,3,875,6
20-6-2021,27.46,Lifeline,3,5,2066,16
22-7-2021,5.73,Bangalore,2,2,734,10
30-7-2021,25.56,Gibraltar,7,7,2938,5
24-10-2022,16.81,Bangalore,6,5,3337,15
16-12-2021,14.81,Bloodhound,7,11,3817,20
20-9-2020,25.87,Revenant,16,9,6172,3
4-7-2019,11.41,Bloodhound,6,1,1701,18
30-11-2020,4.21,Lifeline,2,7,2232,14
22-2-2021,4.26,Bangalore,3,7,2906,20
13-8-2019,21.05,Fuse,10,6,3831,5
20-9-2021,18.12,Bangalore,4,7,2037,9
22-3-2019,25.95,Gibraltar,13,12,4723,14
23-5-2022,24.21,Bangalore,6,7,2452,4
3-3-2019,22.68,Bloodhound,2,7,2620,7
25-9-2022,6.28,Pathfinder,3,1,1227,1
20-10-2020,14.05,Revenant,3,10,2613,15
23-5-2022,7.09,Lifeline,3,6,1620,14
18-5-2022,23.41,Fuse,4,4,1331,17
4-3-2019,26.94,Caustic,10,5,2461,13
23-9-2022,28.98,Lifeline,7,8,3917,3
7-2-2022,27.11,Caustic,6,8,4474,12
6-7-2019,20.47,Revenant,10,2,3591,6
4-1-2021,23.3,Wraith,2,3,1454,14
2-9-2020,8.67,Revenant,4,7,3318,13
23-2-2022,28.51,Bangalore,7,7,4413,3
2-9-2020,18.03,Lifeline,5,7,2684,10
30-7-2021,21.99,Revenant,6,11,5329,3
13-11-2020,2.68,Caustic,1,8,2657,19
26-2-2021,12.2,Bangalore,2,2,1168,12
13-6-2022,18.1,Lifeline,4,4,2358,15
3-6-2022,12.63,Wraith,6,3,2808,17
27-11-2021,0.83,Fuse,5,4,3021,20
9-2-2019,10.52,Pathfinder,7,8,3124,17
25-10-2022,20.89,Revenant,11,10,5209,9
5-3-2022,23.99,Gibraltar,1,1,491,7
10-1-2021,11.48,Pathfinder,1,1,363,8
11-11-2021,19.4,Revenant,2,7,1572,18
2-10-2019,21.74,Caustic,11,4,3175,16
29-3-2020,2.03,Revenant,8,6,4485,7
6-7-2020,28.17,Gibraltar,9,8,3272,15
28-5-2021,3.14,Fuse,7,7,3985,6
28-8-2022,18.08,Caustic,0,2,467,15
13-8-2021,1.76,Lifeline,2,3,1698,2
6-10-2022,23.62,Fuse,8,5,2684,18
5-3-2022,9.77,Revenant,6,4,2617,17
5-4-2022,29.66,Gibraltar,6,7,4287,1
19-8-2019,27.91,Wraith,12,7,5235,14
2-12-2022,10.99,Caustic,11,6,5266,2
20-5-2020,0.95,Fuse,4,2,1797,15
5-12-2022,19.12,Bloodhound,4,8,2801,8
26-3-2022,3.92,Wraith,8,5,2951,18
11-10-2022,21.35,Wraith,4,8,3374,10
18-8-2020,5.05,Caustic,6,4,2837,16
18-2-2021,16.01,Revenant,6,8,3948,13
22-10-2019,8.86,Wraith,8,6,4022,16
12-11-2021,0.11,Gibraltar,2,3,974,4
17-11-2022,25.29,Gibraltar,7,8,3485,20
14-6-2020,15.34,Bangalore,3,3,1483,4
13-2-2021,28.13,Wraith,6,10,5640,10
18-2-2020,22.28,Bangalore,5,5,3196,17
22-5-2022,4.63,Fuse,6,9,3004,13
17-8-2021,18.35,Wraith,12,8,5205,16
6-6-2021,22.79,Gibraltar,1,6,2158,9
21-9-2022,0.42,Wraith,4,2,1820,9
27-2-2019,28.5,Wraith,3,5,2396,15
23-5-2022,16.53,Fuse,4,4,2760,14
3-5-2019,14.71,Pathfinder,4,7,3120,8
25-3-2020,1.02,Gibraltar,6,9,5340,15
22-5-2021,7.79,Gibraltar,7,6,4599,18
23-10-2021,25.17,Revenant,0,2,596,16
24-10-2021,27.28,Revenant,7,3,3515,6
5-6-2022,17.32,Gibraltar,5,4,2976,16
16-5-2020,0.74,Bloodhound,9,3,2789,8
5-11-2019,17.66,Wraith,5,4,3095,7
21-12-2019,2.62,Fuse,6,7,4234,6
22-7-2020,22.74,Revenant,13,10,5553,17
29-9-2019,26.7,Bangalore,6,4,3593,14
5-12-2022,6.43,Fuse,9,5,5129,4
26-11-2021,14.56,Fuse,6,5,4072,19
27-3-2022,11.26,Bangalore,7,6,4721,20
27-12-2022,24.51,Pathfinder,6,6,3215,20
26-1-2021,29.56,Fuse,7,5,4468,3
18-2-2020,11.72,Gibraltar,8,11,6579,13
16-4-2021,19.29,Lifeline,8,5,4885,15
14-9-2019,1.3,Fuse,3,5,2597,3
12-6-2021,1.51,Lifeline,4,2,2020,2
2-4-2020,27.68,Fuse,10,7,4200,2
11-1-2021,26.06,Lifeline,5,8,3195,13
28-6-2019,12.97,Fuse,9,7,3703,18
4-7-2021,8.25,Lifeline,7,6,3958,10
16-10-2022,5.2,Pathfinder,2,1,721,11
18-10-2022,19.68,Pathfinder,3,6,2570,20
31-7-2019,10.6,Gibraltar,5,4,2402,6
28-3-2020,29.38,Wraith,6,8,5238,6
23-12-2021,9.35,Lifeline,5,4,2351,11
14-4-2020,21.5,Revenant,7,7,4318,14
14-8-2020,17.89,Lifeline,10,10,6706,20
16-5-2019,7.03,Bangalore,0,2,614,19
24-3-2019,6.41,Pathfinder,4,6,3127,19
21-3-2020,26.0,Bloodhound,5,5,3005,12
6-10-2019,2.46,Wraith,5,5,3385,8
13-8-2022,8.68,Revenant,9,7,5658,8
24-5-2020,12.32,Bangalore,6,14,7652,10
29-12-2021,16.63,Bangalore,10,6,4543,5
8-12-2019,14.49,Caustic,1,2,1158,15
27-11-2020,15.1,Fuse,7,3,3643,16
16-8-2021,27.29,Wraith,4,4,2290,7
13-5-2022,3.9,Wraith,3,3,1748,9
6-6-2022,23.65,Pathfinder,6,5,3648,12
16-6-2021,4.74,Wraith,8,5,4972,18
5-12-2022,14.19,Pathfinder,7,6,5189,5
31-10-2020,26.77,Caustic,3,3,2035,17
25-2-2022,29.18,Revenant,4,5,3446,7
16-6-2021,19.45,Wraith,5,3,1013,19
24-6-2021,24.57,Revenant,6,10,3177,16
16-8-2022,12.87,Lifeline,10,5,1257,16
14-11-2020,14.53,Lifeline,7,6,1714,14
10-7-2022,17.13,Caustic,7,10,1766,18
9-4-2021,4.21,Fuse,2,0,327,20
8-7-2020,19.93,Fuse,3,4,765,14
2-10-2020,0.28,Bloodhound,10,2,2083,6
22-8-2021,14.13,Wraith,7,3,1380,20
15-6-2020,4.2,Caustic,6,4,850,17
7-8-2021,16.14,Lifeline,5,6,678,20
9-6-2021,7.32,Lifeline,6,8,2616,12
24-4-2022,8.1,Bloodhound,1,2,395,13
15-1-2021,25.77,Pathfinder,3,2,905,5
12-7-2020,10.94,Caustic,3,4,806,1
25-4-2019,16.69,Bloodhound,6,3,852,4
30-1-2020,23.24,Bloodhound,7,11,1825,12
14-7-2022,10.4,Gibraltar,5,6,806,18
7-4-2022,18.2,Pathfinder,8,8,3724,16
23-6-2021,11.5,Revenant,1,1,344,17
18-7-2019,4.37,Caustic,5,3,1211,12
17-4-2019,10.89,Gibraltar,9,3,2489,1
25-12-2021,24.83,Lifeline,9,9,2118,9
28-11-2019,18.36,Wraith,5,4,870,3
8-4-2022,28.27,Wraith,6,9,1168,3
12-9-2019,28.94,Wraith,11,7,1590,5
14-4-2020,0.53,Bloodhound,2,2,824,11
24-5-2021,29.84,Wraith,1,7,1127,6
29-11-2019,12.8,Lifeline,10,11,2237,16
4-12-2022,0.55,Pathfinder,5,5,1772,19
25-9-2022,27.52,Lifeline,6,4,2209,18
27-11-2020,24.99,Revenant,13,5,3934,7
1-9-2022,13.72,Fuse,10,10,2945,19
1-12-2019,12.71,Bloodhound,7,5,2600,17
26-9-2019,28.35,Bangalore,3,3,1459,8
30-10-2020,13.27,Gibraltar,5,4,990,7
4-12-2022,0.55,Fuse,5,6,2143,4
9-7-2022,21.38,Wraith,10,5,3640,6
28-4-2020,29.65,Revenant,7,5,2668,1
7-12-2020,12.69,Lifeline,8,6,1577,16
2-8-2020,26.57,Fuse,5,5,2415,2
27-11-2019,3.69,Pathfinder,2,1,588,5
19-2-2021,5.68,Caustic,6,5,1220,10
9-3-2020,28.33,Caustic,11,5,3989,19
19-3-2022,11.8,Revenant,5,4,2030,12
22-10-2020,17.27,Fuse,11,9,4832,20
7-8-2021,4.83,Bangalore,7,14,3764,12
6-11-2019,4.82,Caustic,4,2,832,1
1-6-2020,12.24,Caustic,9,10,3426,19
6-6-2020,6.47,Pathfinder,2,5,829,5
21-4-2020,15.93,Gibraltar,9,3,2108,6
23-4-2019,4.25,Lifeline,10,8,4515,18
25-4-2021,18.74,Revenant,6,9,2303,12
17-7-2022,13.55,Wraith,10,6,3197,10
2-12-2022,25.29,Revenant,1,0,214,14
8-9-2021,14.78,Gibraltar,1,2,674,16
9-1-2021,23.43,Caustic,4,5,1899,5
22-12-2019,0.69,Wraith,6,4,1962,1
3-10-2020,12.07,Revenant,5,4,1582,9
22-5-2020,6.73,Bangalore,11,8,2928,13
22-9-2021,16.66,Bangalore,9,9,4583,10
29-3-2019,2.49,Gibraltar,2,2,611,11
14-11-2020,21.43,Caustic,2,4,1107,19
20-3-2021,27.81,Fuse,6,3,2447,20
1-9-2019,19.04,Lifeline,3,4,1257,5
20-6-2019,18.8,Pathfinder,6,5,2316,18
1-12-2021,3.89,Gibraltar,5,8,2385,10
27-11-2021,6.88,Bloodhound,11,6,4388,7
25-9-2022,25.81,Pathfinder,9,7,3698,15
15-1-2020,0.5,Bloodhound,4,5,1662,5
11-12-2021,0.06,Wraith,4,2,1017,19
20-6-2019,17.08,Pathfinder,5,3,1003,13
31-8-2021,10.95,Pathfinder,4,8,2155,3
22-10-2022,26.4,Revenant,10,7,4478,15
28-3-2021,2.11,Pathfinder,6,6,3373,16
15-12-2019,22.48,Caustic,1,0,238,16
14-1-2022,9.35,Wraith,2,2,534,19
24-12-2019,1.41,Bloodhound,5,3,1626,20
31-10-2021,20.86,Lifeline,9,3,2885,8
3-3-2020,18.87,Pathfinder,8,6,2001,14
24-12-2019,18.42,Bangalore,11,7,5014,9
22-2-2019,23.2,Gibraltar,8,11,4106,16
1-6-2022,11.0,Wraith,0,2,358,15
13-2-2020,26.12,Gibraltar,3,6,1566,14
17-4-2020,17.04,Revenant,3,8,1649,19
25-6-2019,29.11,Bloodhound,10,3,3125,15
27-11-2021,26.85,Gibraltar,7,8,2850,9
22-1-2022,1.96,Wraith,9,7,3891,3
11-9-2019,10.39,Bloodhound,6,6,2478,2
26-10-2020,10.73,Caustic,0,1,275,13
13-12-2022,24.14,Revenant,6,2,1347,14
15-5-2021,21.87,Bloodhound,5,2,2004,18
30-4-2021,29.52,Fuse,11,4,2664,7
10-1-2020,29.09,Pathfinder,5,7,2820,15
25-11-2022,25.32,Lifeline,12,9,5825,8
22-5-2021,5.07,Wraith,7,8,3351,4
3-10-2022,18.27,Wraith,1,7,1589,18
13-8-2021,24.96,Pathfinder,2,2,917,7
30-5-2019,25.19,Revenant,4,2,1616,19
3-2-2021,19.21,Bloodhound,7,12,5314,17
7-12-2021,20.9,Lifeline,8,13,5892,16
19-2-2022,4.94,Caustic,7,7,2505,18
11-11-2022,24.29,Bloodhound,9,9,3548,2
15-2-2022,27.38,Pathfinder,1,2,567,7
6-1-2021,28.07,Gibraltar,4,5,1926,7
26-11-2022,2.14,Fuse,3,4,1830,20
19-3-2019,20.47,Gibraltar,6,4,2042,12
13-10-2021,14.04,Gibraltar,11,4,2659,12
13-5-2019,12.2,Revenant,6,5,2029,1
17-1-2021,21.16,Lifeline,14,12,4847,3
30-5-2021,24.48,Fuse,1,1,386,4
3-10-2022,19.47,Bloodhound,2,3,991,9
21-12-2021,8.71,Caustic,2,6,1588,7
19-5-2020,20.21,Revenant,3,9,2910,9
11-11-2019,17.95,Revenant,6,5,2283,6
23-6-2022,4.65,Bloodhound,5,5,2051,7
22-11-2019,22.61,Lifeline,6,10,4510,5
8-9-2020,1.76,Pathfinder,2,7,2588,14
16-12-2021,0.5,Gibraltar,8,1,3091,5
10-2-2022,27.89,Bloodhound,4,10,3977,11
9-6-2019,25.41,Caustic,5,5,3214,19
18-2-2019,23.54,Gibraltar,7,5,3333,10
14-8-2021,21.03,Revenant,6,7,2631,19
27-4-2022,7.62,Caustic,11,11,6811,4
9-6-2020,25.39,Lifeline,0,1,253,5
30-10-2021,25.07,Caustic,2,4,1379,11
4-8-2021,26.99,Bloodhound,8,3,2436,9
5-12-2020,25.87,Bangalore,9,5,4174,14
11-5-2020,15.43,Bloodhound,5,4,2810,4
25-9-2019,0.2,Caustic,6,8,2646,10
2-3-2022,3.39,Caustic,6,10,3596,10
21-3-2021,17.94,Wraith,1,7,2228,3
30-11-2020,16.54,Bloodhound,1,9,2869,11
29-9-2022,6.03,Wraith,4,3,1893,10
29-4-2020,8.94,Revenant,6,4,2676,3
17-8-2020,0.54,Pathfinder,7,6,3419,19
20-2-2020,23.79,Bloodhound,13,8,6672,20
6-1-2022,11.28,Revenant,8,11,4582,5
21-10-2020,17.6,Bloodhound,8,1,2035,1
18-5-2021,4.09,Fuse,8,1,2126,11
27-3-2022,6.74,Lifeline,2,3,1362,2
12-3-2022,21.97,Lifeline,4,3,1698,13
1-8-2019,15.79,Gibraltar,7,6,2941,8
4-5-2020,13.23,Bloodhound,8,5,3611,11
1-8-2020,14.36,Caustic,6,10,4584,5
11-2-2022,13.94,Wraith,2,0,686,6
10-8-2019,0.81,Gibraltar,9,2,2556,12
25-11-2022,6.69,Fuse,5,2,2452,16
27-6-2021,28.89,Revenant,5,11,4248,15
20-10-2020,3.19,Lifeline,6,5,2274,18
12-1-2020,3.94,Bloodhound,9,6,3671,20
19-5-2021,27.9,Pathfinder,6,10,5109,15
1-8-2019,14.03,Lifeline,1,3,837,3
9-5-2021,5.51,Pathfinder,4,5,3197,11
6-3-2022,5.65,Bangalore,3,5,2818,15
29-3-2019,2.78,Pathfinder,4,5,2220,14
15-6-2020,11.97,Revenant,5,8,2901,5
10-9-2019,9.77,Lifeline,5,7,3315,5
30-12-2020,19.39,Revenant,7,10,4454,16
28-8-2019,25.87,Bangalore,7,0,2002,17
24-5-2022,4.0,Gibraltar,4,3,2136,4
11-6-2021,26.68,Bloodhound,7,6,4512,9
2-12-2020,13.7,Fuse,5,3,1947,5
19-2-2020,10.57,Gibraltar,4,4,2329,18
1-7-2022,23.78,Gibraltar,9,8,4523,7
3-10-2021,22.55,Gibraltar,11,11,5939,13
25-12-2019,14.7,Wraith,7,0,1667,17
4-6-2019,26.82,Bloodhound,4,6,3298,16
26-2-2022,24.26,Revenant,8,2,3737,4
4-9-2022,13.07,Bangalore,8,4,4439,2
23-2-2021,25.48,Gibraltar,6,10,5692,9
22-7-2021,22.35,Gibraltar,5,7,2811,19
27-3-2020,18.18,Bangalore,8,8,5076,8
7-5-2020,10.35,Bloodhound,1,2,724,16
28-8-2021,9.4,Gibraltar,1,4,1848,19
21-8-2020,28.92,Fuse,3,6,2962,7
21-8-2019,6.87,Lifeline,6,3,2365,12
28-7-2021,2.08,Caustic,6,4,2947,1
1-7-2020,22.78,Gibraltar,10,6,5400,20
12-2-2021,22.59,Bloodhound,10,13,8559,10
26-5-2020,11.32,Wraith,5,0,1692,5
8-7-2021,9.8,Caustic,1,4,1158,4
3-6-2019,5.97,Caustic,8,7,3738,19
14-3-2019,2.15,Caustic,3,4,2531,5
28-9-2020,19.08,Bloodhound,6,4,2594,3
31-8-2020,5.75,Revenant,9,6,5747,15
4-6-2019,7.94,Fuse,8,8,4714,14
18-4-2021,13.96,Bangalore,4,0,1105,9
31-3-2021,21.43,Bangalore,1,4,1216,18
30-8-2021,14.47,Wraith,4,3,2821,6
6-3-2022,6.66,Caustic,3,3,1776,16
7-11-2019,16.44,Pathfinder,5,6,2949,8
9-8-2022,5.19,Fuse,6,7,4987,4
18-1-2021,23.48,Fuse,15,8,6697,1
26-7-2022,6.87,Fuse,4,7,4100,19
1-12-2019,22.94,Bangalore,7,4,4308,4
9-7-2022,3.14,Fuse,3,4,2438,15
13-7-2020,22.7,Revenant,10,9,7202,20
24-10-2020,26.88,Caustic,12,6,5312,14
24-10-2022,21.95,Gibraltar,14,6,7853,17
11-12-2022,18.15,Wraith,8,7,1629,14
27-6-2022,18.19,Wraith,0,0,0,2
14-6-2019,5.78,Caustic,1,8,1140,12
2-8-2019,25.58,Bloodhound,6,3,1124,16
5-8-2022,28.08,Bangalore,5,10,1063,7
27-8-2022,23.9,Revenant,5,12,3556,11
1-2-2020,12.54,Revenant,5,5,1218,11
24-2-2022,10.71,Revenant,8,7,1692,15
16-7-2021,13.03,Wraith,0,2,251,5
15-4-2021,14.75,Wraith,3,2,416,16
17-8-2019,16.47,Pathfinder,4,7,2167,2
22-2-2020,14.82,Fuse,3,6,1336,17
5-3-2020,22.78,Pathfinder,6,5,1266,11
30-5-2020,10.52,Bloodhound,5,6,2177,17
3-6-2022,9.42,Fuse,6,6,1166,8
8-2-2021,27.51,Gibraltar,4,1,394,5
27-5-2022,26.88,Gibraltar,5,3,689,6
3-6-2019,17.16,Fuse,10,4,3092,2
21-10-2021,15.41,Revenant,7,6,2340,11
25-7-2019,22.65,Fuse,7,8,3226,18
9-10-2020,21.72,Fuse,8,7,3299,11
11-1-2020,17.28,Lifeline,9,10,4306,17
29-7-2022,3.51,Caustic,3,6,1092,12
6-7-2020,7.19,Lifeline,7,1,1873,9
24-9-2019,21.92,Bangalore,3,3,1195,17
7-5-2019,5.2,Revenant,5,4,1172,17
25-7-2019,0.18,Caustic,7,5,1898,2
11-6-2022,16.03,Pathfinder,7,5,2090,6
30-9-2021,15.54,Lifeline,6,6,1433,11
1-12-2020,2.95,Bangalore,1,4,740,19
18-9-2022,10.88,Wraith,3,1,748,14
21-5-2022,23.84,Pathfinder,4,8,2019,5
10-7-2019,6.83,Bloodhound,3,3,695,12
17-12-2021,17.15,Wraith,7,5,2456,7
7-6-2022,9.17,Gibraltar,7,6,2042,16
5-12-2022,18.59,Fuse,11,8,4226,7
11-5-2022,11.94,Caustic,0,5,1084,14
21-12-2021,3.69,Wraith,5,2,1088,20
18-11-2020,22.52,Fuse,4,4,1379,10
22-3-2021,7.77,Lifeline,6,9,2524,6
25-7-2019,5.52,Wraith,6,6,2751,10
26-5-2022,12.53,Fuse,5,10,3635,3
15-4-2021,13.32,Gibraltar,7,7,3566,17
17-12-2022,16.96,Wraith,1,1,436,11
16-4-2019,19.43,Bloodhound,3,6,1144,8
24-3-2021,16.53,Gibraltar,8,4,2915,19
11-7-2022,19.14,Fuse,8,4,1674,2
25-9-2019,1.61,Gibraltar,4,4,1002,10
19-1-2021,7.27,Wraith,5,12,3560,4
15-3-2019,13.12,Wraith,7,8,3527,12
9-1-2022,13.34,Gibraltar,0,5,725,19
10-10-2021,25.05,Fuse,3,1,996,1
28-1-2020,8.17,Bloodhound,4,2,914,19
23-1-2021,10.9,Fuse,4,7,2580,5
10-2-2019,14.24,Gibraltar,7,10,4098,10
16-4-2022,25.64,Lifeline,6,5,2737,18
16-3-2021,6.25,Pathfinder,6,6,2369,17
12-4-2021,0.78,Pathfinder,1,8,1138,2
24-5-2019,2.34,Gibraltar,10,1,2647,14
27-4-2022,0.88,Gibraltar,10,2,1706,11
9-3-2020,2.34,Wraith,4,8,1897,17
6-7-2021,22.03,Lifeline,7,5,2120,12
1-3-2022,20.09,Pathfinder,6,8,3336,9
2-9-2022,2.44,Bangalore,8,10,3275,2
26-8-2021,4.11,Wraith,1,2,354,17
2-10-2020,2.45,Fuse,2,1,548,3
3-7-2019,14.17,Bangalore,4,5,1677,14
17-2-2022,24.46,Pathfinder,3,5,2133,16
4-12-2022,28.45,Bloodhound,5,5,1948,8
9-11-2021,14.34,Wraith,12,6,5163,12
1-12-2020,22.08,Caustic,12,13,7023,16
1-5-2021,23.22,Lifeline,5,4,1270,15
17-12-2019,18.88,Bloodhound,3,5,1151,13
15-11-2022,5.54,Caustic,5,5,2332,18
14-2-2021,20.39,Wraith,7,5,1916,8
29-12-2020,11.05,Caustic,9,4,3792,19
22-11-2021,6.75,Bloodhound,5,8,2361,7
26-4-2021,11.25,Lifeline,6,7,2072,19
30-12-2021,24.54,Caustic,7,2,2278,14
5-4-2022,3.87,Pathfinder,1,4,1228,5
2-4-2021,24.47,Revenant,4,5,1753,4
17-8-2019,27.94,Fuse,4,3,1540,11
2-6-2020,1.96,Wraith,4,8,2261,2
6-10-2019,12.08,Revenant,6,8,2175,4
29-6-2019,8.38,Caustic,6,6,2787,17
6-12-2022,19.32,Caustic,2,3,1440,1
23-9-2022,25.31,Bangalore,2,2,786,13
27-5-2019,10.05,Revenant,2,2,916,7
6-3-2020,21.73,Bloodhound,5,7,2923,15
1-6-2019,22.76,Lifeline,7,11,3671,12
27-10-2022,27.67,Bangalore,10,6,3070,17
11-5-2021,23.85,Bloodhound,6,7,3895,19
12-11-2021,0.01,Fuse,0,0,0,9
13-2-2022,25.89,Pathfinder,3,1,940,9
17-8-2022,21.85,Bloodhound,4,2,1460,16
16-2-2019,22.76,Bangalore,4,6,1951,16
9-3-2020,26.35,Caustic,8,4,3015,16
16-8-2020,3.3,Bloodhound,8,6,2724,11
26-1-2022,27.7,Lifeline,14,15,8028,17
2-4-2019,23.25,Bloodhound,1,2,603,15
21-5-2021,23.96,Wraith,7,3,2998,11
20-11-2019,11.24,Pathfinder,6,2,2051,18
12-10-2019,20.6,Caustic,3,5,1599,4
23-3-2020,16.8,Bangalore,10,7,4202,9
27-9-2021,17.49,Lifeline,10,6,3667,13
21-7-2020,17.18,Lifeline,12,12,5110,17
3-1-2021,7.57,Caustic,1,2,643,14
19-4-2021,25.43,Fuse,3,5,1924,9
24-8-2022,16.53,Fuse,2,2,854,1
29-8-2022,22.99,Gibraltar,4,7,2890,15
24-3-2022,15.85,Gibraltar,5,5,3276,15
4-5-2019,26.03,Wraith,13,10,5912,5
22-6-2020,7.31,Caustic,7,6,2382,10
27-5-2020,28.83,Gibraltar,1,0,249,5
28-11-2022,0.18,Lifeline,2,5,1836,3
12-4-2022,6.05,Pathfinder,2,3,1247,20
14-4-2019,0.67,Revenant,3,3,1236,20
30-10-2020,4.58,Gibraltar,4,4,1657,8
28-3-2022,4.09,Caustic,9,5,2753,3
22-3-2021,0.64,Lifeline,7,6,2784,19
30-6-2021,12.67,Bloodhound,0,3,822,8
7-6-2019,18.76,Wraith,2,6,2290,20
14-9-2022,11.79,Bangalore,3,2,1264,8
19-4-2022,9.68,Revenant,5,4,2422,5
26-7-2022,11.37,Wraith,9,12,4693,13
5-7-2020,5.37,Wraith,5,5,1803,8
26-7-2019,25.63,Fuse,8,10,5178,8
20-9-2022,23.95,Pathfinder,0,2,365,6
12-2-2020,7.65,Caustic,1,6,2069,20
28-4-2019,11.69,Gibraltar,2,6,2266,4
16-10-2022,13.88,Revenant,8,5,3677,13
7-4-2019,20.47,Bloodhound,5,6,3695,11
16-2-2019,7.72,Bangalore,10,6,5507,7
13-11-2019,8.23,Lifeline,8,6,3356,1
14-8-2022,3.4,Revenant,0,6,1896,7
28-5-2021,2.79,Lifeline,2,2,794,9
3-3-2021,19.14,Caustic,5,8,2794,2
14-11-2020,11.95,Revenant,3,6,2408,13
2-10-2019,16.35,Fuse,6,9,3983,9
24-12-2019,0.29,Caustic,5,5,2500,7
27-9-2022,8.21,Caustic,6,9,4238,12
11-5-2019,24.78,Wraith,2,3,1230,4
29-10-2019,20.31,Bloodhound,2,8,2727,4
1-5-2019,17.41,Lifeline,2,5,1540,8
1-12-2022,13.48,Bloodhound,3,4,2345,17
20-10-2022,6.81,Pathfinder,4,7,2264,1
29-6-2021,19.84,Gibraltar,10,9,5458,7
14-8-2019,11.94,Gibraltar,13,8,6442,8
30-4-2022,16.53,Lifeline,5,2,2351,20
27-8-2020,29.49,Pathfinder,6,7,3645,13
4-3-2022,17.61,Lifeline,9,3,3239,17
15-3-2022,13.19,Revenant,5,11,4045,6
20-6-2022,24.64,Bangalore,11,7,6140,7
8-8-2019,12.66,Bloodhound,11,14,8159,18
19-2-2019,21.41,Caustic,12,6,6687,14
3-4-2020,16.99,Gibraltar,3,2,1842,14
18-12-2021,10.53,Revenant,2,5,2114,16
24-11-2020,0.41,Revenant,2,3,1516,5
28-1-2020,28.73,Pathfinder,3,6,2217,16
29-6-2019,7.02,Pathfinder,7,7,3382,19
8-6-2019,12.55,Bloodhound,11,7,6309,15
8-3-2020,2.9,Revenant,11,6,6078,18
1-7-2021,1.54,Bangalore,4,3,2418,2
25-4-2022,8.47,Wraith,2,1,841,19
6-6-2022,14.06,Revenant,4,3,1815,6
23-9-2022,2.16,Gibraltar,3,7,3625,11
30-8-2019,21.02,Wraith,8,8,5403,14
1-7-2020,21.66,Gibraltar,7,7,5022,13
18-8-2019,7.04,Revenant,6,13,6935,19
27-10-2020,22.88,Caustic,5,4,2114,12
23-11-2022,15.84,Caustic,2,3,1290,17
21-6-2021,13.55,Wraith,2,11,4280,8
30-10-2021,1.99,Pathfinder,6,5,3062,8
8-8-2019,0.19,Wraith,5,6,3736,20
14-12-2020,13.08,Bloodhound,9,5,3726,19
14-5-2020,27.7,Gibraltar,6,13,6587,14
12-12-2021,19.28,Bangalore,2,1,1092,17
5-2-2020,7.01,Fuse,6,2,3011,14
28-10-2019,15.32,Caustic,3,4,1680,10
4-3-2019,9.25,Bloodhound,5,5,2940,16
8-4-2021,19.14,Fuse,5,5,2366,5
5-10-2022,11.84,Lifeline,12,6,6734,18
22-9-2019,8.99,Bangalore,7,11,4356,5
6-9-2021,12.9,Pathfinder,1,0,408,5
24-2-2019,10.14,Pathfinder,4,5,3245,11
17-10-2019,20.83,Bloodhound,2,3,1313,12
28-12-2020,17.78,Gibraltar,12,7,5794,17
12-2-2022,12.21,Gibraltar,12,7,6702,20
15-11-2021,24.69,Lifeline,12,5,5271,20
5-4-2022,6.25,Lifeline,9,6,4268,11
7-12-2019,6.33,Caustic,2,4,2306,6
9-12-2019,2.72,Pathfinder,1,5,1572,9
2-7-2020,25.9,Lifeline,3,4,2190,5
17-5-2022,14.35,Bangalore,5,4,2447,14
12-2-2022,4.02,Fuse,4,11,3951,15
12-7-2022,5.48,Bloodhound,5,5,2505,20
21-5-2020,12.76,Wraith,7,10,5197,11
7-1-2021,9.83,Wraith,2,7,3271,16
1-12-2019,29.25,Gibraltar,2,10,3424,10
11-3-2020,11.26,Lifeline,4,8,3780,10
10-2-2019,26.34,Pathfinder,4,7,2101,5
30-9-2019,7.86,Pathfinder,6,4,1640,18
7-11-2020,23.46,Bloodhound,6,13,1992,4
15-9-2022,4.9,Wraith,14,7,2094,13
21-11-2020,11.88,Caustic,2,4,817,17
10-10-2019,21.03,Gibraltar,2,4,541,2
24-10-2021,26.28,Revenant,9,3,1551,17
26-11-2022,5.27,Wraith,6,6,1992,12
13-1-2022,19.21,Bangalore,5,6,698,11
9-12-2021,9.48,Fuse,5,9,3021,2
19-3-2021,4.92,Gibraltar,7,8,2758,2
9-12-2022,6.79,Gibraltar,4,3,750,14
17-9-2020,22.53,Revenant,3,3,661,13
30-10-2021,4.93,Fuse,2,5,587,16
26-10-2022,26.14,Gibraltar,5,10,1783,13
16-7-2022,15.11,Lifeline,8,7,2690,13
13-1-2022,12.34,Caustic,10,6,3630,12
15-10-2021,20.88,Fuse,13,6,1710,18
8-8-2022,4.89,Fuse,8,1,1174,14
16-8-2022,13.17,Wraith,5,8,2352,9
24-5-2019,2.28,Pathfinder,3,7,1223,20
21-10-2020,19.22,Revenant,5,4,1310,9
24-7-2020,19.22,Pathfinder,10,7,1364,20
6-7-2021,5.08,Lifeline,7,6,1445,5
17-9-2021,20.81,Revenant,10,7,2116,7
27-3-2021,1.22,Bangalore,6,1,1527,3
28-10-2021,1.0,Revenant,1,1,273,1
17-5-2020,8.1,Fuse,2,4,1390,9
10-7-2020,9.24,Revenant,3,4,1389,3
29-4-2020,28.35,Lifeline,10,8,3931,12
26-11-2022,10.77,Bloodhound,5,5,1896,7
26-9-2022,0.44,Lifeline,7,11,4095,6
2-7-2022,14.51,Fuse,8,0,803,18
30-5-2021,8.17,Gibraltar,4,2,1365,14
14-4-2022,10.55,Fuse,2,2,607,8
3-1-2020,20.53,Fuse,3,3,650,4
1-7-2022,1.21,Fuse,8,7,1987,6
16-5-2019,25.35,Pathfinder,6,5,2155,8
6-2-2021,3.36,Bangalore,7,6,2178,11
1-12-2021,27.71,Bangalore,2,2,847,19
11-2-2021,12.99,Wraith,2,2,457,19
11-11-2021,1.86,Lifeline,7,7,1552,16
26-4-2020,12.78,Bangalore,8,4,2096,14
7-1-2022,23.94,Bangalore,12,7,3421,3
13-12-2022,1.3,Bloodhound,5,6,1193,12
29-3-2020,10.71,Wraith,7,13,2580,16
18-6-2020,15.76,Bangalore,1,3,534,7
16-5-2019,23.73,Revenant,1,3,681,9
9-9-2020,3.85,Caustic,2,2,979,18
18-7-2019,4.59,Gibraltar,4,3,1558,2
26-12-2019,29.98,Wraith,8,9,3244,5
14-10-2021,6.25,Revenant,5,7,1580,9
15-5-2020,11.79,Gibraltar,6,11,2690,11
24-9-2019,15.46,Revenant,6,0,1439,2
14-6-2019,8.14,Bangalore,5,5,1863,4
22-3-2021,25.7,Lifeline,3,9,2511,10
16-9-2020,28.39,Bloodhound,5,5,2617,5
29-3-2019,24.1,Caustic,9,8,4266,18
9-9-2021,27.12,Wraith,6,7,1569,17
1-9-2020,13.67,Fuse,10,8,4376,16
23-11-2021,17.91,Lifeline,2,0,377,9
19-11-2021,25.72,Wraith,1,2,706,15
8-1-2020,0.02,Pathfinder,2,4,1171,15
11-4-2020,13.26,Caustic,3,5,2069,8
9-2-2020,6.35,Fuse,8,6,2604,14
16-7-2022,5.35,Fuse,7,9,4255,8
25-8-2022,4.04,Gibraltar,8,8,2272,12
24-6-2020,0.21,Lifeline,3,1,601,2
7-5-2021,14.61,Gibraltar,1,7,1031,19
9-4-2019,1.47,Gibraltar,2,4,1298,5
8-6-2021,2.48,Gibraltar,5,9,3834,15
5-9-2019,17.88,Lifeline,4,9,2140,5
2-9-2022,22.6,Lifeline,10,9,3767,5
12-11-2021,3.23,Wraith,6,8,3360,3
11-6-2020,28.8,Gibraltar,4,6,1333,6
3-1-2022,27.48,Caustic,3,1,877,9
4-8-2020,22.74,Fuse,3,3,1602,20
13-3-2019,9.72,Lifeline,4,9,3252,8
14-3-2020,9.47,Revenant,5,4,1404,15
1-11-2022,25.86,Bloodhound,6,8,3260,16
16-5-2022,28.4,Caustic,7,7,3681,15
29-11-2019,9.68,Lifeline,3,0,942,11
19-11-2022,19.88,Fuse,6,4,2882,11
5-10-2020,18.15,Revenant,8,2,2520,17
13-11-2019,18.43,Bloodhound,4,10,2044,9
8-2-2021,25.08,Wraith,4,8,3454,20
23-4-2020,8.99,Wraith,6,9,2505,18
16-12-2019,28.87,Bangalore,15,8,6278,13
20-12-2020,4.19,Fuse,4,7,1661,12
10-10-2021,8.4,Caustic,2,1,761,16
3-11-2022,14.3,Pathfinder,7,2,1630,16
19-2-2022,17.81,Pathfinder,5,4,1924,14
12-6-2020,24.96,Gibraltar,6,4,2584,8
25-4-2019,27.09,Caustic,8,10,3633,12
24-8-2020,21.16,Caustic,8,13,3235,11
8-11-2020,10.35,Bangalore,2,2,716,14
23-1-2022,11.62,Wraith,5,2,2190,13
13-8-2021,24.97,Caustic,5,3,2080,15
24-4-2020,19.71,Bangalore,9,3,2768,11
2-11-2020,23.79,Fuse,6,7,3493,20
19-7-2021,12.84,Lifeline,8,13,5245,7
20-6-2019,26.4,Gibraltar,8,6,2532,13
24-12-2022,20.97,Gibraltar,2,7,1810,12
13-5-2019,0.23,Pathfinder,1,2,921,7
6-3-2021,18.86,Lifeline,3,6,1716,8
20-8-2020,5.86,Revenant,5,9,2228,19
10-6-2020,16.61,Gibraltar,8,6,2579,5
7-12-2021,19.0,Caustic,13,5,3859,1
20-7-2021,16.31,Bangalore,7,10,4673,1
15-3-2020,5.63,Fuse,1,5,1648,2
24-11-2021,15.64,Gibraltar,3,3,1014,9
5-7-2019,24.6,Pathfinder,3,7,2381,15
27-12-2021,5.7,Wraith,3,3,1606,8
14-1-2020,5.51,Bloodhound,6,6,2856,9
24-6-2021,27.26,Gibraltar,14,8,5231,10
10-4-2021,17.97,Fuse,11,13,6575,8
12-5-2022,13.01,Gibraltar,7,2,2206,15
19-6-2019,26.28,Bloodhound,4,2,1846,6
28-8-2020,7.06,Pathfinder,2,4,1849,12
15-8-2021,8.96,Revenant,6,7,3873,9
28-7-2021,3.84,Fuse,5,4,1901,1
8-8-2022,27.02,Wraith,14,10,7861,20
20-11-2020,14.32,Pathfinder,7,9,2819,2
21-4-2020,2.04,Revenant,4,6,3219,15
17-10-2022,12.66,Pathfinder,1,4,1039,10
9-7-2019,24.26,Bangalore,5,3,1736,10
14-12-2022,14.24,Fuse,3,4,1249,8
19-2-2019,28.93,Bloodhound,6,9,5016,6
23-8-2021,10.0,Bloodhound,7,5,3640,4
6-12-2021,20.39,Gibraltar,7,7,4678,13
14-6-2021,29.23,Lifeline,5,3,1873,8
4-4-2020,25.51,Gibraltar,5,1,2189,11
3-6-2019,26.99,Fuse,3,9,3251,16
31-3-2019,18.63,Bloodhound,4,6,2623,16
30-9-2019,29.48,Bloodhound,7,4,3383,11
16-6-2019,0.67,Gibraltar,6,8,3758,19
8-10-2019,1.03,Gibraltar,9,6,3960,12
6-5-2019,26.87,Bloodhound,0,0,0,1
14-1-2020,8.52,Revenant,4,1,1560,1
21-4-2022,3.62,Bloodhound,2,2,942,1
25-12-2021,21.95,Caustic,4,6,3395,2
16-5-2020,8.69,Pathfinder,4,5,3164,12
11-10-2019,7.84,Caustic,5,7,2926,17
4-2-2020,0.08,Gibraltar,6,6,2996,1
26-5-2019,10.76,Bangalore,2,0,493,9
6-6-2020,17.75,Lifeline,6,5,3184,7
27-2-2019,0.37,Gibraltar,4,2,1515,10
22-4-2019,19.8,Gibraltar,3,4,1723,15
27-1-2021,16.0,Bloodhound,6,5,2710,14
9-10-2019,27.21,Bloodhound,8,5,3455,18
18-7-2021,2.76,Fuse,6,9,4833,3
29-8-2021,20.66,Wraith,1,2,648,7
11-3-2019,8.43,Bangalore,4,2,1319,15
20-8-2021,26.04,Lifeline,8,4,4057,14
20-2-2020,11.33,Fuse,4,4,2180,2
14-11-2019,24.36,Revenant,7,5,4370,2
2-9-2022,23.32,Caustic,10,5,4999,1
10-1-2021,18.0,Pathfinder,7,9,4725,17
19-8-2020,11.66,Revenant,0,0,0,11
22-10-2020,8.79,Pathfinder,1,3,1279,11
6-8-2020,15.28,Gibraltar,4,3,2397,15
12-1-2021,5.67,Pathfinder,4,4,1978,9
28-12-2021,15.35,Pathfinder,4,5,2725,19
4-6-2021,6.76,Pathfinder,6,7,3423,9
7-11-2020,6.35,Pathfinder,6,7,4320,15
16-9-2022,19.69,Gibraltar,2,1,1099,5
22-6-2022,25.58,Revenant,4,2,1658,4
10-12-2020,4.12,Lifeline,2,2,1029,18
13-5-2022,22.89,Caustic,10,10,5145,14
16-4-2020,12.31,Bloodhound,9,5,5180,2
28-12-2022,18.48,Caustic,13,9,5772,11
21-12-2021,16.45,Bangalore,6,8,5144,15
28-7-2022,18.2,Bloodhound,9,0,2456,13
3-1-2020,27.47,Gibraltar,3,4,1855,3
2-9-2020,24.84,Gibraltar,3,2,1302,5
30-12-2020,3.04,Wraith,5,5,3485,14
12-1-2021,25.82,Pathfinder,12,7,7046,6
5-4-2022,29.85,Lifeline,5,16,5928,15
4-3-2021,24.66,Pathfinder,8,10,4450,5
11-6-2020,5.51,Lifeline,4,1,1454,13
22-1-2020,15.01,Caustic,2,1,1166,2
17-5-2021,25.96,Pathfinder,12,2,4406,10
30-11-2019,25.07,Caustic,8,9,5827,5
26-12-2020,10.95,Bangalore,4,7,3943,13
9-5-2021,10.36,Wraith,6,5,3882,2
3-7-2022,1.03,Lifeline,9,7,5684,12
19-5-2022,17.26,Fuse,7,0,2619,5
13-4-2020,7.26,Bloodhound,2,1,1093,18
13-8-2019,5.87,Gibraltar,4,4,1980,7
28-4-2021,25.63,Fuse,5,7,4246,16
22-2-2019,20.1,Pathfinder,7,7,4466,16
18-11-2021,12.24,Bangalore,5,6,3291,16
8-1-2021,14.22,Bloodhound,6,9,5623,17
14-12-2022,1.22,Caustic,1,1,638,10
22-5-2022,0.81,Gibraltar,9,5,3712,10
9-1-2022,28.78,Gibraltar,6,3,2340,12
28-3-2020,13.55,Lifeline,5,5,2927,10
9-5-2019,16.28,Lifeline,6,8,5163,11
26-6-2019,22.75,Bangalore,7,7,3846,12
1-7-2019,5.0,Bangalore,6,9,5369,7
9-4-2019,23.33,Lifeline,2,1,420,2
2-7-2022,27.09,Gibraltar,3,2,747,1
27-2-2019,9.86,Fuse,6,2,580,3
9-5-2022,1.65,Fuse,3,4,634,18
29-5-2022,24.32,Bangalore,6,5,1159,6
15-6-2019,28.54,Wraith,5,9,2931,10
5-8-2020,8.61,Revenant,6,7,1547,18
18-12-2020,9.73,Lifeline,0,5,461,20
10-10-2020,24.06,Bloodhound,5,3,1067,18
11-4-2020,7.69,Wraith,5,3,1755,11
10-4-2020,23.72,Gibraltar,4,4,1489,14
6-8-2020,22.82,Bangalore,9,7,1287,13
22-1-2020,21.45,Wraith,11,6,3425,11
30-5-2022,28.48,Revenant,11,10,3486,11
3-6-2020,11.84,Wraith,1,2,586,2
20-11-2021,22.42,Wraith,1,2,550,7
21-1-2022,25.3,Bloodhound,7,4,838,1
18-6-2020,12.11,Fuse,7,3,1963,9
17-9-2019,3.12,Fuse,8,8,1513,8
14-12-2019,9.92,Wraith,8,13,2330,19
14-10-2019,4.64,Wraith,7,11,2269,1
26-2-2019,22.12,Caustic,2,2,791,10
26-9-2019,24.28,Bangalore,2,1,431,8
3-3-2019,24.93,Revenant,7,4,1626,19
14-2-2022,14.72,Bloodhound,4,5,1205,17
19-12-2022,12.82,Wraith,10,6,2144,16
22-3-2022,18.37,Gibraltar,5,11,2462,18
13-2-2022,2.0,Revenant,6,8,2752,16
3-11-2022,2.48,Bangalore,7,0,771,12
14-9-2019,6.8,Caustic,3,1,649,7
5-1-2021,19.78,Fuse,9,7,2581,14
12-11-2022,26.47,Caustic,10,5,1665,15
26-10-2022,22.73,Bangalore,6,12,3945,14
26-1-2020,9.52,Bangalore,5,9,2631,18
5-5-2019,1.36,Bloodhound,10,11,2636,11
28-3-2019,23.83,Lifeline,0,3,339,1
28-12-2022,0.07,Bloodhound,2,4,916,11
14-9-2022,27.34,Bangalore,5,3,1932,15
12-4-2022,0.56,Fuse,8,3,2200,16
6-1-2021,21.19,Bangalore,8,7,1841,11
7-11-2022,15.9,Gibraltar,10,8,3437,5
10-8-2019,18.41,Fuse,8,8,1634,15
31-3-2019,8.17,Gibraltar,1,3,383,10
23-7-2021,1.2,Gibraltar,3,1,562,6
17-8-2022,18.93,Lifeline,3,4,1722,16
15-4-2019,25.37,Pathfinder,4,6,2362,19
6-1-2021,29.85,Lifeline,6,7,1692,12
1-7-2020,29.86,Fuse,6,5,2079,1
1-4-2020,9.19,Bloodhound,6,6,2834,9
20-5-2021,28.23,Wraith,7,2,2158,19
28-10-2022,20.92,Bangalore,2,2,665,6
20-1-2022,3.35,Gibraltar,3,7,2298,2
24-6-2022,21.93,Fuse,5,4,1325,10
5-6-2021,27.68,Lifeline,4,5,1838,10
19-8-2019,7.91,Pathfinder,12,5,2254,8
9-5-2019,1.52,Bloodhound,7,6,3277,8
27-10-2021,10.03,Wraith,0,3,340,8
13-4-2020,0.42,Pathfinder,1,1,563,3
14-1-2021,16.02,Fuse,10,4,2937,6
18-3-2022,18.31,Fuse,7,9,3095,14
11-5-2021,14.58,Bangalore,4,10,2792,4
24-9-2020,16.97,Lifeline,9,6,3715,14
13-3-2019,26.51,Pathfinder,11,8,3804,3
16-8-2019,0.74,Fuse,6,4,2745,6
25-8-2019,19.4,Wraith,2,4,1345,10
27-11-2021,24.19,Revenant,2,4,1361,8
27-9-2021,21.08,Fuse,8,4,2759,8
24-5-2019,0.3,Revenant,5,5,1936,4
13-2-2020,17.5,Bangalore,5,5,1840,10
9-10-2021,25.7,Revenant,8,10,3700,5
13-8-2019,28.75,Bangalore,2,8,2196,4
1-4-2019,28.54,Lifeline,5,3,1784,14
2-11-2022,16.49,Gibraltar,4,4,1193,8
6-5-2022,22.58,Bloodhound,5,4,1780,8
3-8-2019,12.34,Lifeline,5,9,2537,17
28-8-2022,17.14,Bangalore,5,10,3678,3
8-7-2019,26.12,Lifeline,8,8,2995,2
23-11-2019,3.81,Revenant,3,2,1445,10
5-6-2020,20.47,Fuse,5,2,1918,8
9-12-2020,17.89,Fuse,2,7,1662,1
8-5-2021,3.91,Pathfinder,3,9,2178,2
29-12-2019,8.04,Revenant,7,9,3024,3
4-4-2022,19.23,Revenant,12,6,3453,5
11-10-2021,3.12,Fuse,8,6,3811,9
3-2-2020,1.78,Bangalore,0,0,0,15
2-12-2019,1.32,Caustic,1,2,551,4
25-11-2022,25.8,Lifeline,3,10,3127,1
18-7-2020,23.47,Gibraltar,5,7,2228,2
15-12-2019,14.82,Revenant,12,7,4030,7
21-5-2021,28.49,Wraith,5,7,2136,16
26-12-2021,11.41,Lifeline,8,6,2918,1
18-2-2019,29.49,Fuse,0,2,323,4
7-5-2020,19.09,Bloodhound,7,3,2816,9
26-6-2022,21.21,Bangalore,2,4,1332,5
23-6-2022,26.86,Lifeline,8,9,2575,17
3-1-2021,28.35,Pathfinder,6,12,3236,15
26-6-2021,17.14,Caustic,8,9,3517,20
19-6-2020,12.99,Bangalore,7,6,3546,7
13-3-2022,26.4,Lifeline,1,0,252,6
18-7-2020,0.41,Wraith,1,3,659,11
2-2-2020,12.49,Caustic,6,5,2752,8
30-11-2020,2.9,Revenant,8,6,4309,10
29-8-2022,2.9,Bangalore,8,9,4953,12
11-9-2022,19.76,Wraith,6,10,2791,14
7-11-2021,27.33,Wraith,8,9,3357,19
20-8-2019,7.48,Bloodhound,3,2,1356,16
3-11-2019,21.4,Gibraltar,8,6,2710,8
25-2-2021,22.7,Caustic,2,5,2036,19
11-4-2022,2.77,Pathfinder,7,3,2707,8
28-2-2019,12.41,Bloodhound,6,4,1901,16
5-8-2020,6.05,Pathfinder,6,6,2936,5
15-4-2019,19.11,Gibraltar,7,8,3431,5
24-10-2021,18.45,Pathfinder,0,1,267,5
25-6-2019,27.75,Fuse,4,3,1942,18
6-10-2021,13.62,Gibraltar,8,5,2479,10
13-1-2020,29.46,Caustic,12,7,3816,19
15-6-2021,26.37,Bangalore,15,8,7400,20
14-4-2020,22.2,Pathfinder,6,10,4832,12
20-12-2022,17.7,Bangalore,7,6,2870,10
24-1-2021,4.1,Revenant,5,3,2243,18
23-5-2022,13.84,Bangalore,2,8,1923,11
6-6-2021,25.35,Gibraltar,9,4,4052,18
9-3-2021,0.93,Bloodhound,3,3,1519,5
27-1-2021,16.51,Bangalore,12,4,5304,11
1-12-2021,24.17,Fuse,10,15,5661,9
10-12-2019,28.23,Lifeline,7,6,4023,8
20-5-2021,4.88,Bangalore,5,1,1426,11
26-3-2021,26.3,Pathfinder,1,6,2146,10
31-12-2021,19.85,Fuse,4,3,2292,6
9-2-2020,1.98,Lifeline,5,11,3607,8
28-2-2020,8.92,Bangalore,7,7,3376,14
4-4-2022,18.67,Bloodhound,8,11,6350,3
9-7-2020,11.04,Pathfinder,6,6,3549,2
13-9-2022,2.56,Revenant,1,0,330,20
16-6-2019,27.53,Gibraltar,2,1,941,11
8-2-2022,1.45,Pathfinder,2,7,3083,16
28-12-2019,5.13,Bloodhound,9,10,4561,11
27-1-2021,18.56,Fuse,5,6,3681,4
17-5-2020,16.94,Bangalore,7,6,3838,4
23-7-2019,6.73,Revenant,10,9,5431,16
9-4-2021,20.28,Revenant,4,6,2312,2
5-5-2020,29.25,Fuse,2,3,1547,14
6-1-2021,7.49,Caustic,6,6,2385,4
22-7-2020,18.94,Lifeline,4,5,2635,16
4-8-2021,6.99,Pathfinder,4,7,3368,11
13-7-2022,28.2,Bangalore,8,10,5141,20
28-12-2020,8.47,Bangalore,7,11,5696,14
9-11-2019,9.93,Caustic,4,1,1300,4
13-3-2022,20.0,Gibraltar,9,2,3534,2
14-3-2021,13.58,Wraith,7,9,3931,7
14-8-2022,19.95,Lifeline,4,6,2415,20
28-4-2020,23.31,Lifeline,5,7,4013,14
10-10-2022,28.64,Caustic,12,9,7233,16
1-7-2022,5.98,Gibraltar,10,12,7069,11
12-5-2022,3.4,Bangalore,1,1,646,14
19-1-2021,16.86,Bangalore,1,2,696,10
2-3-2019,20.3,Revenant,2,2,889,3
13-2-2019,4.12,Revenant,3,6,2613,20
13-1-2022,13.69,Fuse,7,6,3764,12
27-2-2019,29.62,Fuse,10,8,5931,9
7-1-2022,13.9,Bangalore,12,6,4801,2
30-12-2021,18.49,Caustic,1,10,2629,17
5-11-2020,26.32,Pathfinder,2,5,2163,13
6-6-2022,14.75,Revenant,9,5,5277,1
19-3-2022,16.89,Lifeline,3,7,3555,20
14-4-2019,2.69,Revenant,12,9,7442,14
9-4-2021,21.59,Pathfinder,5,6,3275,7
11-6-2019,9.52,Pathfinder,6,9,3377,4
19-6-2022,3.3,Bangalore,1,7,2261,18
15-12-2019,20.01,Fuse,1,5,2022,16
20-2-2019,25.98,Fuse,11,6,5525,17
25-3-2021,18.62,Wraith,4,4,2707,15
20-7-2022,23.44,Pathfinder,6,4,2607,18
16-12-2021,17.62,Bangalore,8,7,5414,12
11-5-2020,8.15,Revenant,10,6,4991,9
19-9-2019,23.34,Bloodhound,4,5,3316,7
16-4-2020,5.73,Gibraltar,5,3,3150,20
24-12-2022,17.2,Caustic,4,2,1570,8
29-12-2021,18.06,Caustic,5,7,3640,11
15-11-2022,20.85,Bangalore,7,13,6925,20
30-8-2020,28.67,Caustic,9,7,6255,15
19-3-2022,15.01,Revenant,9,8,4281,13
28-3-2021,15.93,Bloodhound,1,1,485,18
28-2-2022,11.11,Bloodhound,3,3,2140,19
19-3-2022,13.67,Revenant,3,5,2048,18
1-7-2022,12.98,Bangalore,10,4,4686,20
8-9-2019,25.93,Caustic,9,7,3998,17
13-1-2021,7.49,Bangalore,12,11,5714,15
11-7-2019,8.43,Lifeline,8,6,5387,6
24-10-2019,2.48,Bangalore,8,0,3387,20
10-6-2021,16.86,Wraith,4,4,2665,11
22-11-2020,13.15,Bangalore,3,8,3743,4
30-11-2021,28.68,Lifeline,3,7,2493,16
3-8-2020,24.14,Bloodhound,8,5,3752,8
22-3-2019,10.98,Lifeline,8,10,7051,15
20-11-2021,21.17,Revenant,13,7,5316,13
14-7-2022,24.46,Wraith,2,9,2860,20
6-10-2022,8.51,Caustic,1,6,2184,20
31-1-2020,19.77,Wraith,6,4,3789,9
19-9-2022,2.48,Pathfinder,4,4,2581,6
15-7-2019,16.69,Fuse,10,5,2415,11
13-5-2021,2.85,Caustic,5,10,2403,20
8-11-2019,9.95,Revenant,6,9,935,10
31-8-2020,0.13,Bloodhound,0,3,425,13
11-7-2022,27.98,Caustic,6,7,1429,5
12-2-2019,12.88,Bloodhound,3,2,345,4
16-12-2022,27.56,Gibraltar,5,4,1634,15
15-7-2021,29.0,Lifeline,9,6,2933,18
6-3-2020,4.88,Lifeline,6,8,2822,18
13-5-2021,16.74,Revenant,7,8,3265,17
25-4-2021,21.97,Pathfinder,4,1,975,4
4-12-2020,20.12,Pathfinder,2,5,1266,2
29-4-2020,14.8,Gibraltar,3,7,1039,10
22-11-2022,26.05,Fuse,4,4,1082,14
28-8-2020,2.57,Caustic,7,4,1139,13
7-11-2019,0.54,Pathfinder,10,10,4173,11
2-2-2020,27.73,Pathfinder,8,12,2242,11
2-8-2022,19.14,Fuse,0,4,664,17
22-8-2022,7.2,Pathfinder,1,2,519,18
19-5-2022,5.31,Caustic,2,2,292,13
13-2-2021,13.72,Bloodhound,4,7,2481,18
31-7-2019,28.54,Fuse,4,5,903,1
28-10-2021,20.85,Revenant,8,6,1142,19
23-9-2019,2.59,Bloodhound,7,6,1527,3
11-3-2021,10.87,Gibraltar,5,0,815,8
26-11-2020,21.73,Bangalore,7,1,1023,10
22-11-2019,3.67,Bloodhound,2,2,934,6
10-3-2022,5.13,Bloodhound,5,3,1591,13
23-7-2022,29.16,Gibraltar,7,5,1392,15
10-2-2022,18.55,Fuse,13,5,3134,16
9-3-2019,7.62,Wraith,8,7,3547,13
17-8-2022,26.76,Revenant,4,1,903,11
26-10-2021,23.53,Fuse,6,1,1440,6
5-6-2020,15.8,Gibraltar,4,8,2129,16
10-5-2020,29.92,Wraith,4,6,1202,1
5-11-2020,29.68,Bloodhound,4,11,1580,16
8-5-2022,20.06,Wraith,12,9,2260,11
24-12-2019,24.27,Bangalore,7,8,3704,3
10-9-2020,29.09,Revenant,2,4,570,14
5-5-2020,28.0,Bangalore,5,3,1073,12
22-1-2020,20.68,Lifeline,6,6,1345,2
28-2-2022,0.05,Caustic,3,3,1410,2
9-6-2020,1.75,Caustic,6,11,2834,5
2-1-2021,26.17,Lifeline,5,13,2207,13
12-3-2021,1.76,Fuse,6,7,2354,4
1-11-2021,22.44,Pathfinder,5,0,752,13
6-4-2020,21.91,Gibraltar,7,3,1959,5
17-6-2022,7.51,Wraith,7,2,2417,15
14-8-2021,22.81,Caustic,5,5,1076,2
24-9-2020,26.3,Fuse,5,5,2637,1
25-3-2021,28.93,Fuse,6,5,2868,17
5-8-2020,12.79,Revenant,6,10,3897,13
24-7-2021,10.12,Bangalore,2,2,455,17
19-9-2022,14.6,Fuse,1,4,651,20
29-8-2019,26.89,Lifeline,5,9,3462,7
24-3-2020,28.26,Bangalore,6,5,2840,4
1-5-2020,14.94,Fuse,6,8,2272,13
2-6-2020,22.93,Fuse,13,6,3927,16
16-11-2022,22.56,Bangalore,8,10,2752,8
14-12-2022,20.52,Bangalore,5,5,2361,4
8-3-2021,26.69,Bangalore,6,4,2304,16
12-12-2019,8.16,Pathfinder,6,9,2412,5
13-3-2020,2.4,Bloodhound,8,5,2826,8
1-6-2019,4.41,Pathfinder,6,9,1878,18
27-9-2021,15.45,Gibraltar,7,6,3494,20
6-5-2022,16.67,Gibraltar,7,16,5994,8
23-11-2019,2.15,Wraith,1,5,1439,11
4-3-2021,12.44,Wraith,2,1,506,5
5-1-2020,14.42,Lifeline,2,3,787,17
12-8-2021,17.09,Bangalore,3,5,1712,5
4-7-2019,6.99,Bangalore,5,4,2112,3
28-9-2021,29.37,Wraith,10,6,3498,6
29-7-2022,6.5,Lifeline,8,8,2941,14
24-2-2019,5.1,Bloodhound,0,2,312,11
30-6-2019,17.69,Gibraltar,6,1,1310,6
13-11-2019,27.12,Lifeline,3,4,1194,14
26-7-2020,2.69,Lifeline,6,3,2167,8
10-8-2019,12.77,Revenant,13,9,5923,19
1-3-2020,2.74,Wraith,5,5,2241,9
24-12-2019,20.71,Revenant,8,8,2793,5
19-4-2020,5.74,Wraith,2,4,1386,4
2-2-2020,2.07,Pathfinder,3,3,1097,12
31-3-2022,24.89,Bangalore,7,3,2855,13
3-6-2021,5.83,Revenant,6,7,3009,10
6-12-2022,20.96,Bangalore,6,8,3148,16
24-12-2019,1.56,Gibraltar,10,5,2291,17
11-10-2021,2.78,Pathfinder,12,11,3749,13
16-12-2019,14.61,Bloodhound,5,1,1080,3
13-2-2021,5.79,Lifeline,1,2,795,8
29-6-2022,25.59,Fuse,6,3,2176,4
17-10-2019,18.8,Fuse,6,4,1938,15
21-11-2020,24.59,Bloodhound,9,4,2224,7
19-3-2020,1.82,Bloodhound,7,13,4885,18
31-1-2022,6.43,Pathfinder,6,6,2796,14
10-9-2022,6.13,Caustic,1,0,159,19
1-12-2022,15.23,Pathfinder,2,5,1820,14
20-4-2019,2.47,Bloodhound,5,6,1884,2
14-7-2021,11.18,Caustic,3,7,1645,19
29-11-2020,22.14,Bloodhound,5,6,2436,2
24-4-2021,11.16,Wraith,9,5,3270,19
14-4-2022,5.11,Revenant,6,7,2822,17
28-1-2020,5.13,Lifeline,4,0,1106,2
8-12-2022,23.57,Bangalore,4,6,2518,19
2-8-2021,20.49,Lifeline,3,2,1420,16
12-10-2019,17.78,Lifeline,4,13,4872,16
5-8-2022,19.36,Pathfinder,8,4,3804,13
1-10-2021,6.75,Bloodhound,11,8,3276,10
4-4-2022,20.0,Wraith,6,11,4303,1
7-4-2019,24.73,Caustic,3,2,1309,11
14-3-2019,25.33,Caustic,3,5,2163,12
15-11-2021,24.04,Bangalore,7,7,2396,9
12-7-2020,1.86,Bangalore,3,10,2593,1
24-2-2022,6.75,Gibraltar,4,11,2769,13
2-7-2020,19.8,Bangalore,5,5,2684,3
25-11-2021,19.22,Fuse,15,8,5631,12
21-8-2019,17.87,Pathfinder,3,10,3243,9
28-3-2019,5.45,Revenant,4,7,3468,14
30-8-2022,10.66,Pathfinder,2,2,1006,10
19-5-2021,21.99,Wraith,7,9,4388,9
10-5-2021,8.09,Lifeline,6,7,3798,20
26-10-2021,1.33,Revenant,6,11,4469,16
4-7-2020,3.48,Caustic,10,7,5313,18
4-8-2021,18.79,Pathfinder,2,2,846,1
24-8-2020,21.21,Lifeline,3,5,2611,13
12-12-2022,3.08,Wraith,2,3,952,3
22-7-2019,18.67,Fuse,5,4,2298,1
8-7-2019,9.08,Bloodhound,4,5,3016,18
22-10-2019,27.35,Revenant,13,7,5145,16
13-9-2019,16.49,Revenant,8,13,5558,4
31-3-2020,18.03,Bangalore,0,0,0,20
25-4-2019,8.52,Pathfinder,4,6,2522,17
28-5-2020,7.58,Gibraltar,5,4,1696,10
16-12-2022,0.37,Bangalore,6,8,3437,5
28-6-2019,14.0,Fuse,7,7,2779,11
22-11-2020,11.17,Lifeline,10,10,4024,3
28-9-2021,13.28,Pathfinder,9,8,3322,8
19-11-2021,24.15,Revenant,10,6,4450,19
24-5-2022,3.72,Lifeline,5,1,1328,4
16-8-2021,14.25,Pathfinder,8,2,3679,18
9-11-2021,19.19,Caustic,9,5,3311,1
4-8-2022,11.07,Bangalore,7,6,3397,2
21-5-2019,9.08,Lifeline,7,5,3820,1
5-5-2021,19.26,Bangalore,7,10,3824,11
7-5-2021,21.55,Bangalore,5,1,2071,10
5-7-2019,11.56,Bloodhound,7,2,3112,12
23-4-2021,2.95,Caustic,2,3,1185,4
3-5-2022,8.11,Gibraltar,5,3,2383,2
24-7-2020,5.67,Caustic,4,6,2389,19
27-2-2021,18.54,Wraith,6,9,5355,20
18-10-2022,24.85,Pathfinder,7,8,3972,12
1-7-2021,22.52,Fuse,9,1,2935,15
28-11-2019,10.37,Bloodhound,2,7,1972,6
12-8-2020,21.03,Pathfinder,3,5,2847,6
8-10-2022,11.51,Fuse,7,4,3274,17
28-11-2020,8.24,Wraith,9,4,3499,14
8-9-2020,18.99,Gibraltar,7,8,4058,14
21-11-2021,3.23,Gibraltar,10,9,6154,1
12-9-2022,29.44,Gibraltar,3,1,1273,1
16-2-2019,22.49,Bangalore,4,3,1903,8
24-7-2022,23.37,Bangalore,3,3,2070,18
30-11-2020,16.8,Gibraltar,6,10,3919,14
5-7-2022,17.94,Caustic,10,6,5196,18
16-2-2021,3.29,Bangalore,6,6,3968,2
29-12-2020,12.17,Lifeline,9,11,5197,8
4-8-2019,23.73,Bangalore,2,1,940,20
12-7-2019,17.5,Lifeline,8,4,4431,5
22-2-2020,2.9,Revenant,4,2,1732,7
22-7-2019,29.99,Bangalore,4,11,4336,8
13-1-2021,22.46,Gibraltar,11,4,5547,15
7-7-2020,14.78,Caustic,6,7,4307,11
25-5-2020,19.97,Pathfinder,7,11,6082,9
16-11-2021,8.65,Bloodhound,0,1,249,7
23-11-2019,14.81,Lifeline,8,3,3151,8
25-7-2022,1.03,Pathfinder,7,2,2656,19
11-11-2022,19.41,Gibraltar,7,4,3143,12
12-5-2022,28.01,Revenant,4,4,2078,9
4-3-2019,4.74,Fuse,8,7,5826,7
3-12-2020,8.26,Fuse,11,9,7454,4
5-11-2019,4.91,Wraith,0,0,0,11
20-12-2021,13.49,Wraith,1,9,2962,13
11-9-2022,3.25,Fuse,2,4,2116,6
18-3-2021,15.19,Revenant,5,5,3647,9
5-8-2019,27.15,Fuse,8,5,3123,3
26-4-2020,21.09,Lifeline,8,9,5032,17
20-10-2020,21.4,Revenant,6,6,3584,9
18-9-2019,5.17,Wraith,3,5,2749,12
26-10-2022,6.48,Wraith,9,5,3697,1
18-7-2022,2.87,Revenant,3,3,1985,5
17-7-2019,12.58,Wraith,8,6,4720,18
5-5-2022,27.67,Gibraltar,7,5,3271,15
24-10-2022,27.28,Caustic,6,14,6878,13
1-9-2020,6.31,Bangalore,6,10,3969,9
9-7-2021,16.69,Bangalore,5,2,2650,6
14-2-2022,3.3,Fuse,4,1,2101,3
6-8-2021,26.48,Gibraltar,6,2,2429,4
8-9-2022,25.71,Lifeline,7,4,2791,9
2-12-2019,21.93,Pathfinder,6,6,4627,20
15-10-2021,24.59,Caustic,13,8,7970,12
7-2-2021,9.54,Fuse,8,6,3783,9
23-2-2022,13.93,Gibraltar,3,5,2972,20
17-11-2019,20.8,Bangalore,7,1,676,8
2-11-2021,10.93,Bloodhound,10,6,1178,5
27-10-2019,16.4,Bloodhound,7,4,1685,1
26-11-2019,3.3,Bloodhound,4,8,1746,16
21-3-2021,23.75,Wraith,6,6,938,3
15-11-2022,15.02,Wraith,6,7,2585,17
4-12-2022,9.15,Pathfinder,5,9,1234,9
17-7-2022,10.44,Revenant,2,6,1490,2
6-8-2019,9.92,Pathfinder,4,2,1064,12
6-10-2020,13.24,Bloodhound,7,4,723,6
17-5-2022,18.81,Revenant,4,7,1704,9
8-3-2019,10.83,Fuse,7,5,1378,3
8-8-2022,3.35,Bangalore,12,6,1359,1
7-9-2020,12.34,Gibraltar,0,1,102,19
29-10-2019,4.09,Lifeline,2,2,878,5
10-12-2020,11.99,Fuse,8,4,1941,14
7-6-2021,3.98,Bloodhound,9,4,2341,7
27-4-2021,22.55,Pathfinder,9,7,3546,17
4-10-2021,18.31,Caustic,11,7,3894,13
25-10-2019,18.21,Lifeline,8,8,1569,18
28-12-2019,17.53,Gibraltar,1,0,252,4
26-5-2021,3.47,Caustic,4,3,1122,14
2-1-2022,0.97,Revenant,2,2,444,19
4-4-2022,21.8,Gibraltar,3,12,1209,6
6-6-2021,8.39,Pathfinder,9,6,1513,13
15-2-2022,23.62,Bloodhound,5,8,2873,3
24-6-2019,13.88,Bangalore,6,11,3733,19
15-5-2021,25.68,Pathfinder,0,1,223,5
8-12-2021,2.63,Bloodhound,3,2,535,18
7-7-2022,7.76,Pathfinder,2,3,1090,16
24-6-2021,28.34,Revenant,8,6,2148,16
13-7-2021,24.93,Revenant,6,10,2300,17
29-8-2019,19.42,Revenant,6,8,1288,7
11-7-2021,14.14,Lifeline,10,8,3829,2
28-2-2022,2.4,Revenant,1,0,218,3
2-1-2021,18.76,Wraith,5,1,1183,15
22-2-2019,5.89,Revenant,11,2,2557,4
28-1-2020,3.53,Caustic,3,7,932,7
1-6-2020,18.44,Caustic,12,8,3096,5
15-7-2019,18.34,Pathfinder,5,6,1750,8
9-4-2020,24.65,Bloodhound,7,10,3943,8
1-8-2019,15.52,Wraith,0,1,93,5
9-8-2020,29.87,Bloodhound,3,4,953,6
21-7-2020,2.65,Wraith,6,3,1696,20
20-11-2022,9.12,Caustic,6,10,3420,3
13-11-2019,22.13,Caustic,10,4,1878,16
14-2-2019,12.18,Caustic,6,12,2155,9
9-12-2019,4.1,Gibraltar,7,7,1402,1
31-3-2022,25.11,Bangalore,1,8,1560,16
12-12-2020,20.98,Fuse,6,2,1467,1
24-9-2022,11.23,Bangalore,6,2,1246,12
2-9-2022,1.83,Bangalore,5,3,2171,19
22-5-2022,6.73,Wraith,4,4,1527,13
26-1-2020,7.62,Gibraltar,7,5,2804,19
4-6-2019,22.79,Gibraltar,8,7,3866,2
22-3-2020,15.43,Bangalore,0,1,215,6
2-9-2022,29.32,Caustic,4,8,1630,2
28-4-2019,29.78,Pathfinder,7,8,2290,9
16-12-2022,21.57,Fuse,8,4,2937,17
26-6-2019,26.92,Pathfinder,8,11,3194,18
23-1-2021,28.21,Fuse,6,7,3379,7
7-10-2019,0.67,Bloodhound,6,12,4738,14
30-3-2022,17.63,Bloodhound,1,1,287,2
30-3-2019,8.38,Bangalore,9,3,2610,6
23-1-2020,28.99,Bangalore,4,8,2862,14
3-10-2022,28.81,Caustic,7,5,1558,18
10-7-2022,8.91,Bangalore,5,4,1355,18
23-6-2020,22.47,Pathfinder,8,5,3299,4
30-9-2020,8.29,Fuse,8,6,2242,14
25-6-2021,19.38,Bloodhound,1,2,833,13
13-1-2020,24.61,Revenant,2,3,763,7
9-11-2020,28.74,Wraith,8,3,2078,3
18-2-2020,25.63,Bloodhound,3,6,1655,7
12-10-2019,1.88,Caustic,4,4,1423,4
8-2-2021,16.7,Caustic,9,6,3493,16
23-6-2019,1.33,Gibraltar,6,6,2874,12
17-3-2019,5.4,Wraith,3,2,1099,9
6-3-2022,3.54,Gibraltar,3,4,1181,4
17-11-2020,26.17,Gibraltar,2,6,2198,10
19-7-2020,29.75,Bloodhound,4,5,2279,9
12-9-2019,3.05,Gibraltar,4,4,1513,15
3-7-2019,7.58,Wraith,5,8,2577,11
15-9-2019,29.32,Revenant,10,6,3028,7
17-7-2019,22.9,Revenant,7,2,1422,13
10-5-2020,2.39,Caustic,1,1,352,8
14-9-2021,8.02,Revenant,7,7,3474,10
10-3-2019,5.66,Bangalore,6,3,1611,19
4-8-2020,4.46,Bangalore,4,6,2772,14
31-12-2019,21.84,Fuse,6,6,2799,3
10-11-2021,8.93,Fuse,7,8,4136,16
20-6-2020,7.26,Revenant,4,0,769,10
22-11-2022,5.73,Revenant,1,2,740,16
3-7-2022,1.76,Wraith,2,2,751,3
12-12-2022,6.58,Wraith,3,5,1258,6
8-6-2021,12.06,Wraith,4,4,1662,17
29-4-2021,9.26,Gibraltar,9,6,3514,20
30-11-2022,7.87,Fuse,11,11,5321,10
4-10-2019,9.18,Lifeline,0,4,777,2
19-11-2020,14.36,Revenant,8,4,3216,12
6-11-2019,14.09,Lifeline,5,5,1685,10
27-2-2020,3.13,Gibraltar,7,4,1944,6
15-4-2022,27.92,Fuse,7,4,3339,2
3-7-2021,21.03,Bloodhound,14,6,4312,18
17-4-2019,20.45,Lifeline,7,9,3982,15
14-4-2020,1.32,Fuse,0,7,1875,9
19-2-2022,6.8,Bangalore,8,4,3052,8
26-6-2022,27.03,Pathfinder,6,8,2387,10
24-4-2020,13.7,Caustic,4,3,2238,7
22-11-2021,23.34,Caustic,6,6,3563,19
25-11-2020,0.39,Gibraltar,7,5,3278,9
4-5-2020,6.62,Gibraltar,8,6,2612,19
14-3-2019,7.34,Revenant,0,0,0,18
27-6-2022,6.76,Fuse,7,7,3963,14
10-1-2020,14.75,Pathfinder,6,5,2104,7
23-3-2022,16.87,Revenant,7,7,3073,4
28-6-2021,21.58,Bloodhound,5,7,3536,17
13-7-2021,18.2,Caustic,10,5,4836,20
21-4-2019,6.49,Revenant,6,8,2782,4
7-5-2021,18.34,Bloodhound,0,2,527,14
4-6-2020,14.48,Lifeline,1,1,357,1
26-5-2022,9.76,Pathfinder,2,3,1539,17
23-6-2021,6.1,Revenant,3,6,1781,17
27-11-2020,28.93,Gibraltar,11,6,3158,13
9-10-2021,13.86,Caustic,6,6,3286,16
22-12-2019,23.32,Revenant,9,7,2963,14
28-2-2020,0.41,Pathfinder,1,2,611,3
9-5-2020,17.0,Revenant,6,2,1528,12
22-7-2021,6.91,Fuse,5,5,1959,20
20-10-2022,4.16,Pathfinder,5,9,4087,11
23-2-2020,0.89,Fuse,4,5,3016,12
23-5-2020,26.24,Bloodhound,6,6,3504,20
21-3-2021,28.27,Caustic,6,7,3364,3
3-1-2022,5.54,Wraith,0,0,0,9
7-10-2020,17.58,Caustic,2,6,2087,2
4-5-2020,14.19,Wraith,2,10,2636,16
4-4-2020,26.58,Wraith,11,6,3478,20
15-2-2020,22.28,Caustic,6,5,2955,5
28-6-2019,26.12,Fuse,11,5,3689,18
9-4-2021,18.43,Gibraltar,11,9,6845,15
5-4-2020,15.65,Bloodhound,0,4,764,14
30-12-2021,14.67,Lifeline,1,5,1270,15
29-7-2020,13.35,Caustic,2,5,1918,11
24-7-2019,22.68,Lifeline,4,4,1632,15
20-7-2019,28.84,Gibraltar,7,7,3811,13
17-6-2019,21.27,Wraith,10,6,5677,7
3-7-2019,4.1,Pathfinder,10,6,4746,16
23-8-2022,4.06,Bangalore,0,9,2780,4
1-3-2019,5.94,Gibraltar,1,2,1071,16
20-7-2021,18.17,Wraith,4,8,3811,12
16-3-2022,2.99,Caustic,4,6,2057,16
15-4-2020,13.27,Gibraltar,7,6,3125,18
29-6-2021,6.6,Revenant,8,6,3085,19
1-6-2019,5.75,Bangalore,14,6,4404,10
31-1-2022,17.22,Lifeline,1,2,1057,9
7-3-2022,17.38,Bangalore,2,4,2095,9
6-8-2021,24.48,Bloodhound,8,5,4136,10
8-7-2019,0.58,Gibraltar,4,3,2517,2
3-8-2021,19.61,Revenant,8,4,2720,1
27-4-2021,0.08,Caustic,12,5,5241,16
6-9-2021,26.15,Bloodhound,7,7,3818,6
10-6-2019,0.01,Lifeline,0,0,0,15
26-6-2022,10.7,Bloodhound,1,2,1096,6
18-12-2019,21.01,Pathfinder,6,9,4023,14
5-5-2019,13.22,Pathfinder,4,7,3312,1
15-12-2022,13.61,Pathfinder,4,6,2615,2
4-1-2020,15.26,Gibraltar,12,7,4246,16
4-12-2021,17.27,Lifeline,9,15,7965,20
10-3-2021,2.58,Bangalore,0,1,313,10
18-3-2019,4.79,Gibraltar,1,6,2354,5
22-4-2022,17.44,Bangalore,3,3,1377,2
3-12-2020,13.67,Lifeline,11,6,5884,8
20-10-2021,9.47,Pathfinder,5,8,3575,5
21-12-2021,0.75,Gibraltar,5,9,3947,5
10-3-2019,2.77,Wraith,7,10,4708,12
21-6-2022,14.93,Revenant,4,3,1850,17
21-12-2020,22.49,Caustic,2,8,3415,9
17-11-2021,23.16,Bloodhound,9,3,2956,13
6-6-2019,4.9,Wraith,3,8,3124,1
18-8-2020,3.34,Wraith,4,6,2506,15
22-7-2021,3.52,Caustic,5,8,4842,9
21-11-2021,0.29,Bloodhound,14,6,6230,15
19-7-2019,12.64,Wraith,0,1,268,11
19-9-2019,13.47,Bloodhound,7,2,3311,9
14-3-2021,27.65,Lifeline,3,7,2541,9
1-12-2022,14.85,Wraith,7,6,4043,11
17-5-2022,17.51,Caustic,4,4,2393,1
18-2-2022,29.78,Fuse,8,5,3345,9
7-6-2020,20.62,Bloodhound,10,9,7467,14
14-2-2021,18.08,Fuse,1,4,1769,5
28-1-2022,20.95,Lifeline,11,3,3666,8
14-12-2022,26.29,Bangalore,4,9,4774,20
13-1-2020,19.52,Wraith,4,6,2656,7
2-6-2020,15.02,Bangalore,4,5,3525,11
1-11-2020,18.83,Pathfinder,6,6,3479,19
4-3-2022,8.74,Bangalore,8,10,5167,6
13-12-2022,3.4,Revenant,7,7,3828,3
15-11-2022,7.94,Lifeline,5,4,2868,12
23-9-2019,8.64,Bangalore,3,8,3128,9
8-2-2020,21.95,Bloodhound,5,9,5305,7
28-11-2020,9.99,Bloodhound,4,7,3575,7
30-7-2019,10.61,Revenant,6,9,2927,19
28-1-2021,0.11,Revenant,7,7,1323,3
17-9-2019,10.27,Bangalore,4,5,1851,2
28-8-2022,26.67,Fuse,3,12,1059,14
24-12-2020,12.1,Lifeline,3,2,706,18
25-7-2021,17.38,Gibraltar,4,5,1722,15
4-2-2021,8.53,Lifeline,4,4,522,5
11-8-2019,26.48,Lifeline,6,7,1713,5
5-6-2021,8.16,Gibraltar,12,7,3086,17
9-3-2022,6.85,Gibraltar,0,2,383,4
9-12-2019,17.92,Gibraltar,2,3,850,6
1-3-2022,29.29,Wraith,4,3,1169,8
19-5-2021,6.71,Pathfinder,10,4,3094,16
10-7-2019,1.34,Revenant,8,9,1328,8
20-1-2021,21.59,Revenant,9,8,1794,13
3-11-2019,29.18,Bangalore,7,13,4114,10
14-1-2022,15.92,Gibraltar,4,6,1307,8
7-12-2021,6.86,Pathfinder,1,1,335,16
14-9-2022,21.91,Wraith,5,7,1558,7
16-2-2019,25.67,Pathfinder,8,4,2877,2
25-9-2019,21.74,Fuse,5,9,1304,8
20-3-2019,2.21,Bangalore,6,14,2575,4
5-5-2022,29.5,Pathfinder,7,6,1946,13
5-7-2022,19.97,Lifeline,4,2,941,4
14-2-2022,9.12,Bangalore,5,1,1101,13
4-8-2020,26.46,Lifeline,3,5,1468,12
4-2-2021,10.24,Caustic,7,3,2461,10
17-9-2022,25.0,Fuse,9,8,2602,13
26-8-2021,15.37,Bloodhound,6,6,2650,14
13-4-2021,0.45,Revenant,6,6,1201,7
16-12-2019,26.35,Lifeline,6,3,2204,16
29-12-2022,27.72,Fuse,5,10,2971,12
9-10-2022,11.43,Bloodhound,5,2,714,17
28-1-2022,1.51,Gibraltar,5,4,1273,8
23-8-2021,7.3,Fuse,4,10,2626,20
18-1-2022,22.4,Pathfinder,6,6,2469,8
18-11-2021,28.85,Wraith,8,8,2615,10
16-11-2020,15.3,Caustic,0,5,432,2
10-2-2020,13.0,Gibraltar,3,2,1013,9
12-1-2022,21.73,Caustic,3,2,709,14
6-10-2021,4.86,Wraith,4,4,1783,5
29-6-2020,22.9,Gibraltar,7,5,1399,2
27-12-2022,29.92,Lifeline,7,9,3556,11
9-5-2021,15.18,Fuse,10,6,3089,11
15-1-2022,21.25,Fuse,5,6,2383,5
21-3-2021,6.28,Caustic,2,3,671,14
4-8-2020,9.85,Revenant,8,9,3067,15
15-7-2019,18.15,Bloodhound,4,6,2031,8
7-11-2022,18.56,Caustic,5,9,1702,1
18-10-2022,20.65,Pathfinder,8,5,1514,10
11-10-2020,27.56,Pathfinder,13,7,3037,19
7-9-2022,3.61,Wraith,4,2,1607,17
9-12-2021,4.67,Wraith,6,4,1103,8
12-7-2020,25.18,Gibraltar,4,4,933,6
9-3-2021,12.77,Gibraltar,4,3,1054,8
15-5-2020,7.57,Gibraltar,7,6,2471,6
22-3-2019,12.49,Pathfinder,6,6,2315,5
19-9-2022,11.07,Wraith,6,14,3131,10
10-6-2020,16.43,Bangalore,0,1,128,18
9-10-2022,2.81,Pathfinder,3,2,1325,8
3-10-2022,28.03,Bangalore,4,12,3438,16
14-3-2021,16.66,Caustic,4,11,1855,3
22-11-2019,26.86,Bangalore,6,7,1807,15
2-10-2022,9.43,Fuse,11,8,4437,17
14-9-2022,29.38,Gibraltar,8,6,2891,12
6-5-2022,8.76,Gibraltar,7,0,1864,18
13-4-2022,18.81,Revenant,2,2,900,5
20-8-2019,26.45,Gibraltar,5,5,1833,15
15-12-2019,8.92,Lifeline,3,3,1020,18
12-7-2022,2.36,Revenant,10,9,4664,10
20-1-2022,11.79,Bloodhound,8,5,3119,1
23-6-2020,21.69,Bloodhound,8,7,2457,12
14-3-2020,20.13,Bangalore,1,3,792,11
28-4-2019,19.14,Fuse,5,1,1437,12
12-3-2021,27.91,Gibraltar,7,4,2215,14
30-1-2020,20.25,Fuse,5,5,2353,14
16-7-2020,28.73,Pathfinder,9,6,4156,14
11-2-2022,11.49,Fuse,8,5,3101,4
13-7-2021,26.27,Bloodhound,11,7,3087,4
25-10-2020,14.47,Pathfinder,3,6,2322,20
10-5-2021,7.11,Wraith,6,2,1419,16
20-6-2019,22.43,Bloodhound,5,2,976,4
25-10-2021,29.45,Revenant,8,5,3097,15
6-10-2021,15.5,Wraith,5,7,1779,8
30-3-2021,11.4,Gibraltar,7,7,3761,3
31-10-2019,29.19,Bangalore,11,11,5199,16
21-11-2022,7.08,Wraith,1,2,767,17
28-4-2021,28.1,Bangalore,11,6,5202,20
20-7-2019,2.92,Caustic,10,3,2234,9
29-4-2019,16.1,Bloodhound,11,5,4074,17
15-9-2022,26.75,Wraith,5,7,2216,13
24-6-2020,13.98,Lifeline,5,6,3133,15
25-12-2022,25.3,Lifeline,13,7,4425,10
26-5-2022,15.28,Bloodhound,5,3,2355,3
13-5-2019,6.31,Bangalore,3,3,1140,8
4-5-2022,26.63,Caustic,4,5,1806,5
23-4-2022,23.85,Lifeline,9,3,2509,7
5-5-2021,17.76,Pathfinder,9,10,4407,3
1-5-2022,17.32,Wraith,11,6,2935,17
20-11-2022,3.77,Pathfinder,11,7,3841,2
7-4-2019,10.51,Gibraltar,7,2,2772,15
7-2-2021,1.97,Bangalore,3,2,966,2
22-5-2022,14.15,Pathfinder,2,2,1148,6
30-12-2022,9.25,Revenant,4,5,2104,13
4-2-2022,1.9,Lifeline,11,4,3508,7
6-5-2019,4.9,Bangalore,5,5,2730,3
13-9-2022,5.12,Bloodhound,8,9,3079,6
11-10-2019,6.68,Caustic,4,0,843,6
19-9-2020,11.73,Bangalore,6,3,2363,9
8-6-2019,9.08,Revenant,8,2,2966,10
14-1-2021,27.42,Gibraltar,3,6,2816,11
13-9-2022,19.21,Pathfinder,6,12,4346,4
27-3-2021,2.41,Caustic,8,6,2988,4
27-1-2022,28.09,Revenant,8,9,3623,16
23-10-2022,9.54,Bloodhound,5,2,1382,17
4-1-2020,4.76,Wraith,3,2,863,2
13-7-2020,21.06,Revenant,5,3,2425,1
2-4-2019,2.78,Bloodhound,5,7,2468,6
15-3-2022,2.08,Wraith,4,8,3169,5
24-6-2019,29.17,Fuse,8,7,4513,20
1-4-2022,15.34,Lifeline,7,9,5223,17
7-12-2022,0.93,Gibraltar,1,1,436,17
30-9-2022,20.78,Gibraltar,7,5,2276,2
29-6-2019,17.74,Fuse,3,2,1083,1
5-11-2022,18.69,Fuse,11,4,4298,17
2-2-2022,0.16,Fuse,4,7,3383,17
1-11-2020,28.23,Pathfinder,9,7,3225,13
21-1-2021,16.72,Caustic,7,9,5341,15
19-2-2019,26.35,Bloodhound,1,2,784,9
18-9-2020,6.06,Bloodhound,2,1,653,19
11-10-2021,4.72,Wraith,5,2,2336,2
5-7-2022,6.83,Bangalore,6,4,3472,10
18-4-2019,17.98,Revenant,4,4,2007,14
18-1-2020,3.48,Gibraltar,10,6,3970,14
31-5-2021,0.2,Caustic,6,8,3409,17
16-12-2022,21.83,Lifeline,1,1,565,15
23-3-2022,19.03,Caustic,2,5,1412,9
29-7-2019,14.07,Pathfinder,8,5,3595,6
2-1-2022,24.69,Caustic,6,7,2933,3
23-6-2021,14.6,Fuse,5,9,3957,1
19-10-2021,3.94,Gibraltar,6,13,5625,17
18-2-2021,8.07,Bloodhound,6,6,2841,8
6-10-2019,9.81,Bloodhound,0,0,0,10
19-7-2019,18.02,Bloodhound,3,1,1301,1
18-2-2019,4.31,Caustic,4,4,2817,14
9-9-2020,11.6,Lifeline,5,5,2480,12
16-6-2021,6.55,Revenant,12,4,4371,12
13-10-2020,25.65,Caustic,13,7,6025,10
9-1-2021,26.1,Pathfinder,8,8,3454,6
24-2-2019,24.45,Pathfinder,0,5,1324,11
7-10-2019,1.55,Bangalore,3,2,1699,5
25-10-2021,4.15,Fuse,4,7,2830,14
30-8-2020,20.74,Lifeline,5,8,4212,9
8-3-2021,6.74,Bangalore,7,5,3750,20
13-11-2021,17.7,Pathfinder,5,6,3723,5
30-9-2021,2.59,Revenant,9,7,4200,7
7-10-2019,9.67,Pathfinder,2,4,1973,5
6-8-2021,0.03,Fuse,1,3,1309,19
21-1-2022,20.59,Caustic,7,7,3595,17
7-9-2020,21.64,Wraith,7,3,2129,7
30-3-2021,12.99,Wraith,4,8,3724,15
5-6-2020,21.48,Revenant,6,7,4687,4
31-10-2022,5.64,Pathfinder,8,10,4819,19
15-10-2020,22.65,Revenant,3,0,883,19
17-11-2019,5.73,Wraith,3,2,1417,20
25-4-2022,23.07,Wraith,4,3,2305,18
7-8-2021,10.05,Lifeline,8,7,4445,5
12-9-2020,20.02,Bangalore,8,10,4148,6
14-8-2021,18.91,Wraith,6,5,4090,14
7-12-2019,17.17,Lifeline,13,6,5673,19
2-1-2021,27.13,Wraith,5,6,2478,12
16-10-2021,4.84,Bloodhound,1,1,653,11
25-1-2021,14.37,Fuse,3,3,1452,16
8-8-2020,26.46,Wraith,3,3,2304,3
10-1-2022,13.54,Lifeline,5,4,2905,11
30-5-2021,23.27,Caustic,8,6,3468,5
10-4-2019,7.21,Revenant,8,6,4448,20
10-7-2020,0.99,Caustic,0,0,0,6
5-5-2020,23.12,Caustic,1,3,1007,20
3-7-2019,4.49,Bangalore,2,9,4008,16
14-5-2019,13.99,Bangalore,7,10,5871,6
31-12-2021,2.62,Pathfinder,6,4,2658,20
22-4-2022,6.89,Bloodhound,5,9,3484,20
23-10-2022,11.02,Lifeline,9,11,6053,9
4-2-2021,11.11,Wraith,0,0,0,12
20-3-2020,0.55,Bloodhound,1,8,2969,6
30-6-2020,28.01,Wraith,3,6,2927,16
30-4-2020,19.63,Bangalore,12,5,6512,1
2-9-2020,18.24,Wraith,5,5,3488,2
6-9-2019,6.15,Pathfinder,5,7,4629,16
11-8-2019,12.63,Revenant,6,11,6276,4
30-3-2020,13.53,Bloodhound,4,0,1230,2
4-2-2022,4.83,Wraith,2,5,1993,4
17-8-2021,11.08,Pathfinder,2,5,2223,3
1-9-2019,3.92,Wraith,3,3,1909,14
17-9-2021,11.65,Bangalore,11,8,7655,13
10-11-2020,16.13,Gibraltar,5,5,3783,13
26-7-2020,6.6,Bangalore,6,12,5067,5
14-7-2021,21.4,Lifeline,0,1,281,15
9-11-2020,22.38,Wraith,2,2,1344,8
3-4-2019,4.74,Caustic,3,3,1093,1
7-3-2019,25.99,Pathfinder,4,6,1868,6
3-5-2021,17.56,Bangalore,11,11,4034,11
11-5-2020,8.93,Caustic,5,9,1468,20
21-1-2021,2.93,Pathfinder,9,6,1388,16
1-11-2019,1.17,Lifeline,2,0,337,10
30-12-2020,17.23,Gibraltar,2,6,1128,12
16-4-2022,8.3,Revenant,9,3,1294,19
14-12-2020,11.38,Caustic,3,3,1217,7
11-2-2022,23.89,Caustic,5,4,1642,4
14-2-2019,6.44,Pathfinder,7,5,1000,7
25-1-2021,23.84,Gibraltar,7,6,2095,15
7-12-2019,2.84,Gibraltar,2,1,483,6
24-6-2020,23.92,Lifeline,1,4,359,15
22-4-2022,23.46,Bangalore,2,8,1025,18
2-2-2022,20.95,Caustic,9,8,2222,11
16-3-2019,12.78,Lifeline,5,4,1260,17
9-11-2022,2.55,Revenant,9,7,2843,13
24-12-2019,17.78,Pathfinder,13,9,3635,11
5-12-2021,9.55,Pathfinder,3,3,1202,15
24-10-2020,13.88,Wraith,8,3,1963,7
18-6-2022,4.63,Bangalore,5,5,1440,14
22-7-2022,0.68,Bloodhound,3,3,1208,16
15-10-2020,27.11,Bloodhound,10,13,4250,10
3-2-2021,20.23,Pathfinder,8,10,3887,15
29-10-2021,21.54,Bloodhound,7,7,2931,6
17-4-2022,12.03,Fuse,5,0,1175,7
4-7-2020,18.4,Caustic,4,1,1214,20
8-6-2021,5.35,Lifeline,2,2,760,3
10-8-2019,5.98,Bangalore,7,6,3089,20
16-4-2019,18.45,Fuse,6,6,2042,11
26-7-2022,13.94,Caustic,10,10,2813,16
23-12-2021,28.94,Lifeline,6,13,3542,11
12-3-2019,9.97,Bangalore,8,4,2208,1
29-12-2021,24.49,Gibraltar,3,2,518,8
14-7-2022,14.04,Revenant,7,9,3002,3
30-9-2021,14.06,Revenant,5,5,2041,16
9-7-2019,1.89,Bangalore,8,13,4418,8
5-12-2022,12.34,Bangalore,5,6,1579,5
28-2-2022,25.39,Caustic,9,7,1517,12
23-4-2021,14.61,Bloodhound,5,1,864,7
8-3-2019,8.42,Bangalore,1,3,433,5
29-4-2022,9.62,Bangalore,9,5,1803,19
28-12-2021,16.28,Lifeline,12,4,2756,12
22-12-2021,15.21,Bloodhound,5,4,2002,6
27-10-2020,26.88,Fuse,6,10,2497,13
13-9-2021,10.99,Fuse,6,6,1256,12
5-7-2019,21.43,Bangalore,4,2,1323,15
15-11-2022,3.91,Caustic,1,2,371,14
30-1-2020,27.89,Lifeline,5,3,2020,16
12-6-2019,16.11,Bangalore,3,3,1202,16
25-7-2019,1.36,Lifeline,8,10,4508,1
30-8-2022,18.78,Pathfinder,6,5,2125,5
23-6-2022,12.93,Bangalore,12,7,2071,16
22-3-2022,13.13,Wraith,6,5,2197,17
12-12-2021,22.77,Bloodhound,6,6,2799,10
17-10-2021,28.48,Wraith,5,4,1699,15
29-6-2021,16.71,Wraith,6,7,2672,5
23-1-2020,26.25,Pathfinder,7,9,3003,11
12-7-2019,3.76,Bangalore,10,6,3215,10
23-1-2021,13.73,Revenant,12,12,5707,13
27-2-2019,8.87,Bloodhound,3,3,1480,20
10-7-2021,4.3,Caustic,3,2,635,5
5-9-2020,2.6,Revenant,8,5,3342,5
15-7-2020,3.32,Revenant,4,3,1149,1
25-5-2020,7.02,Bloodhound,5,5,1573,11
14-8-2021,13.89,Bloodhound,5,5,2265,3
30-11-2022,4.87,Caustic,6,6,1823,12
24-10-2022,1.09,Bloodhound,2,0,555,7
8-12-2022,12.81,Gibraltar,6,3,1437,2
11-4-2019,11.56,Caustic,3,8,1963,5
18-10-2021,1.61,Caustic,6,3,1578,7
23-6-2019,4.28,Fuse,6,6,2599,11
25-3-2019,5.81,Bloodhound,5,8,2718,20
7-11-2019,7.05,Pathfinder,7,8,2520,6
29-8-2020,22.94,Gibraltar,8,3,2974,2
28-4-2022,28.26,Caustic,6,1,1837,8
12-10-2019,24.04,Wraith,4,6,2208,5
15-2-2021,7.56,Bloodhound,8,3,2492,19
21-10-2020,13.83,Bloodhound,7,5,2829,3
9-11-2019,20.2,Caustic,6,5,2251,17
28-9-2021,4.22,Bloodhound,7,6,3241,19
20-11-2019,29.44,Caustic,3,3,1193,9
28-8-2019,15.57,Pathfinder,9,3,1943,1
5-12-2022,28.25,Pathfinder,8,6,2197,19
20-11-2020,0.87,Gibraltar,5,4,1656,17
10-4-2022,11.81,Revenant,8,6,2292,13
7-7-2020,14.18,Bangalore,6,5,2710,16
12-3-2022,4.15,Caustic,7,8,4326,11
1-2-2022,18.76,Revenant,2,0,391,2
31-8-2020,29.1,Caustic,7,11,4031,9
17-6-2021,12.83,Caustic,2,6,1211,14
25-6-2019,18.6,Caustic,9,7,4739,17
5-10-2022,18.68,Fuse,12,9,5849,5
9-12-2021,26.07,Fuse,8,7,3358,10
12-2-2020,5.47,Pathfinder,6,12,5034,17
19-12-2019,4.66,Revenant,0,0,0,12
3-7-2019,27.91,Caustic,3,8,2293,2
22-8-2022,20.2,Caustic,6,8,3255,12
31-3-2022,11.08,Bloodhound,5,3,1376,18
26-12-2020,15.56,Lifeline,8,5,2899,14
26-7-2022,29.1,Pathfinder,8,8,3278,9
30-11-2021,1.09,Bangalore,6,6,3182,14
5-4-2021,9.56,Revenant,5,4,1730,4
30-11-2020,14.78,Bloodhound,3,3,1230,10
26-4-2021,21.61,Lifeline,3,2,1002,15
8-6-2019,6.13,Pathfinder,8,4,2086,20
5-12-2022,15.71,Lifeline,5,6,2097,17
12-3-2022,11.55,Wraith,7,10,5351,15
19-3-2022,0.06,Bangalore,6,7,2934,3
12-7-2022,11.54,Pathfinder,2,0,507,3
22-6-2019,1.26,Bangalore,8,6,2369,6
3-12-2019,28.26,Fuse,5,4,1899,2
5-7-2020,28.84,Lifeline,5,4,2443,20
4-11-2020,27.42,Bloodhound,6,5,2874,17
27-10-2021,12.38,Caustic,5,6,3427,16
27-12-2021,29.71,Bangalore,11,10,5254,12
7-1-2022,6.33,Fuse,1,4,1074,3
25-1-2021,17.34,Bloodhound,4,8,3024,18
19-2-2020,0.83,Fuse,2,2,1171,13
15-7-2020,5.91,Bloodhound,6,10,3456,5
5-9-2022,18.82,Lifeline,6,5,3121,16
7-1-2021,15.84,Bloodhound,7,6,3955,1
5-2-2020,14.33,Revenant,11,7,5939,19
27-5-2019,29.52,Wraith,3,3,1194,17
1-12-2020,17.99,Revenant,2,3,1502,12
10-6-2020,9.54,Bloodhound,8,6,3233,16
19-11-2021,23.06,Pathfinder,4,3,1641,16
4-4-2021,18.69,Gibraltar,14,8,4859,17
26-12-2021,29.41,Pathfinder,8,10,3383,12
25-12-2021,17.81,Caustic,7,8,4414,4
1-2-2022,16.4,Bangalore,2,0,703,6
25-10-2020,16.03,Bangalore,7,2,2794,16
1-10-2021,2.98,Caustic,9,6,3550,18
31-10-2020,27.94,Bangalore,8,4,3027,18
26-7-2021,23.26,Lifeline,4,12,4906,14
11-12-2021,23.86,Revenant,8,6,4182,3
15-6-2020,21.67,Bangalore,8,8,4903,7
23-8-2019,15.72,Fuse,5,2,1363,15
10-4-2019,12.77,Caustic,2,7,3067,2
19-6-2020,23.63,Bangalore,2,2,1003,14
4-3-2021,13.75,Lifeline,6,3,2801,20
25-8-2022,2.13,Bloodhound,9,4,3686,9
23-3-2022,27.11,Fuse,8,8,3905,11
14-9-2020,12.3,Bangalore,8,6,4796,18
11-7-2020,13.14,Bangalore,5,3,2845,3
24-2-2019,4.49,Revenant,7,5,3979,16
22-3-2019,12.52,Wraith,2,6,1860,9
24-10-2020,29.32,Pathfinder,10,8,5805,17
9-11-2022,15.77,Fuse,4,10,3523,5
12-5-2022,19.76,Wraith,8,8,4154,20
12-3-2019,4.11,Lifeline,10,6,3982,15
23-12-2021,27.5,Bangalore,1,2,646,14
21-8-2019,9.99,Caustic,2,4,1428,13
19-2-2019,5.16,Bloodhound,2,8,3206,5
17-9-2021,24.12,Pathfinder,4,13,3566,4
24-7-2020,2.64,Bloodhound,9,5,3572,17
27-7-2019,9.49,Bangalore,5,7,2512,3
8-9-2021,13.61,Fuse,11,12,4960,12
17-4-2020,28.01,Lifeline,5,1,1496,5
19-5-2021,18.65,Gibraltar,2,2,1407,6
1-1-2022,27.49,Bloodhound,11,8,7106,1
10-3-2020,28.07,Wraith,6,7,4583,19
26-4-2022,5.31,Gibraltar,4,5,2366,19
27-9-2022,24.4,Gibraltar,6,6,3149,3
11-1-2021,28.03,Caustic,7,9,5575,9
2-5-2020,7.65,Pathfinder,6,0,1728,10
19-2-2019,21.42,Caustic,5,2,1936,6
23-4-2022,26.94,Wraith,8,4,2994,16
15-9-2020,22.83,Pathfinder,7,9,4743,13
12-10-2020,16.3,Gibraltar,6,4,2555,3
9-3-2021,16.1,Caustic,7,6,3860,6
9-10-2021,28.35,Caustic,12,8,5396,5
26-7-2019,11.23,Bloodhound,0,5,1416,18
19-9-2022,4.5,Gibraltar,3,5,2946,8
26-4-2019,14.9,Bangalore,3,3,1798,9
25-4-2022,2.92,Gibraltar,11,5,5316,10
29-3-2021,8.11,Pathfinder,7,7,4907,19
22-6-2022,23.83,Wraith,5,8,4748,13
17-6-2020,6.14,Lifeline,9,7,3785,7
22-11-2020,29.74,Wraith,3,0,837,10
12-9-2020,2.91,Caustic,4,8,4528,6
13-9-2022,24.36,Caustic,6,5,3798,7
12-7-2021,22.55,Revenant,5,4,3066,8
26-9-2022,7.17,Fuse,8,6,4374,9
17-6-2020,6.65,Lifeline,5,5,3168,9
29-10-2022,20.66,Pathfinder,7,10,5641,15
30-1-2020,25.1,Bangalore,5,5,3256,5
17-5-2021,6.22,Wraith,2,4,1871,15
22-1-2022,26.49,Caustic,4,2,1612,2
13-1-2021,10.26,Gibraltar,5,5,3975,16
27-10-2020,28.91,Wraith,12,13,9601,10
10-6-2022,6.84,Pathfinder,7,6,3345,15
8-3-2019,0.45,Bloodhound,6,6,4315,5
20-7-2019,18.85,Pathfinder,1,4,1757,6
7-4-2019,13.26,Pathfinder,3,6,3327,14
24-8-2019,14.65,Fuse,3,2,1963,1
27-1-2020,27.19,Bloodhound,6,10,5282,10
11-1-2022,4.19,Pathfinder,6,9,5370,6
3-12-2022,3.41,Wraith,5,7,4604,19
28-4-2020,28.44,Wraith,7,6,2097,6
26-9-2021,29.74,Bloodhound,10,4,924,14
22-12-2020,9.61,Caustic,2,6,433,5
20-3-2022,16.69,Lifeline,3,3,439,12
2-3-2020,6.64,Fuse,4,4,474,7
17-7-2019,22.81,Bloodhound,9,10,1283,4
20-11-2019,18.67,Lifeline,5,5,1509,4
29-12-2021,15.51,Bangalore,12,9,4101,10
27-8-2019,16.58,Fuse,1,1,187,17
4-5-2019,17.17,Revenant,3,2,1140,9
7-2-2020,8.24,Gibraltar,6,3,1741,13
29-4-2019,13.19,Revenant,3,10,1927,20
11-3-2019,20.28,Fuse,8,13,1496,9
29-3-2019,2.75,Gibraltar,5,6,1925,7
2-8-2020,19.15,Gibraltar,7,6,2607,13
9-12-2022,8.5,Gibraltar,3,5,773,17
21-6-2022,3.86,Bangalore,9,3,2090,13
11-2-2019,28.66,Bangalore,8,8,2240,18
31-12-2022,13.1,Pathfinder,4,9,969,17
19-7-2019,3.49,Bangalore,8,8,3058,1
13-12-2021,11.15,Revenant,7,5,1512,2
28-7-2019,24.89,Bangalore,8,8,2529,3
3-10-2020,13.28,Fuse,4,2,1438,15
17-4-2020,17.81,Lifeline,2,5,1308,11
7-7-2021,18.12,Lifeline,4,3,1519,5
17-12-2021,24.08,Bloodhound,4,12,2384,17
31-7-2021,18.79,Bloodhound,10,5,3581,9
23-10-2022,23.19,Caustic,6,6,1488,7
18-5-2022,10.62,Bloodhound,9,11,2319,15
10-8-2020,2.91,Pathfinder,4,0,613,13
20-9-2021,6.73,Bangalore,8,1,1419,8
22-1-2020,23.95,Lifeline,5,6,1280,4
17-8-2022,0.26,Wraith,7,4,1838,2
29-8-2022,17.98,Bloodhound,5,4,2155,7
22-9-2019,13.11,Caustic,6,7,3072,20
20-10-2022,3.21,Caustic,6,8,2352,3
6-8-2022,21.49,Pathfinder,7,5,1306,7
20-5-2020,23.91,Wraith,3,7,2194,17
5-9-2021,16.37,Caustic,2,4,671,13
14-5-2019,5.7,Bloodhound,4,8,2786,3
7-3-2020,21.83,Fuse,5,7,1887,7
8-11-2020,0.39,Fuse,11,5,3862,15
13-11-2019,0.04,Caustic,6,6,2280,7
1-10-2019,1.93,Pathfinder,6,2,1871,11
25-4-2019,1.91,Gibraltar,4,2,679,11
12-4-2019,5.15,Lifeline,3,4,883,11
3-6-2021,12.89,Fuse,8,5,1381,1
7-6-2021,14.48,Caustic,11,8,2319,4
13-3-2020,11.44,Gibraltar,5,7,1744,15
16-5-2022,9.35,Lifeline,7,9,1697,17
16-5-2021,15.86,Pathfinder,2,2,493,19
16-10-2021,1.68,Caustic,10,1,2488,14
14-3-2020,9.4,Revenant,3,5,926,5
4-1-2021,24.15,Bangalore,11,5,2653,3
23-1-2022,16.99,Wraith,12,10,5928,14
30-4-2019,25.58,Caustic,7,6,3452,14
7-9-2019,16.91,Gibraltar,8,9,3866,20
5-12-2020,19.64,Pathfinder,4,1,1059,13
24-5-2019,3.29,Revenant,1,1,285,11
13-4-2021,1.13,Pathfinder,5,2,1697,15
24-4-2020,4.73,Lifeline,8,3,3102,15
26-7-2021,9.24,Bloodhound,7,6,2895,1
16-9-2019,3.31,Revenant,6,7,2078,19
11-3-2020,28.81,Gibraltar,9,6,2063,5
17-3-2022,26.27,Bangalore,3,4,1430,15
24-12-2021,1.51,Lifeline,3,3,1483,2
12-1-2020,9.89,Fuse,2,4,1532,14
8-3-2019,24.41,Pathfinder,7,5,2686,6
24-2-2021,16.87,Revenant,6,8,2691,19
8-5-2019,19.81,Lifeline,10,9,3434,12
2-11-2022,24.67,Wraith,9,7,2869,14
29-10-2022,27.02,Pathfinder,1,4,1337,3
23-7-2021,22.79,Pathfinder,2,6,1356,2
23-5-2019,9.54,Fuse,2,5,1045,18
4-7-2022,14.03,Lifeline,5,13,3604,14
10-4-2022,24.87,Wraith,5,14,4944,4
19-8-2022,6.38,Bangalore,6,7,2074,10
18-2-2022,0.86,Pathfinder,7,6,2899,8
7-12-2022,25.13,Pathfinder,3,2,1210,15
5-7-2020,3.75,Pathfinder,2,5,978,2
14-2-2021,10.04,Wraith,5,6,2435,9
14-3-2021,11.66,Pathfinder,10,4,2127,11
15-4-2020,4.33,Lifeline,4,6,2222,4
20-7-2020,19.71,Pathfinder,10,10,3516,11
14-7-2021,7.72,Fuse,12,6,2989,6
15-10-2019,23.34,Bloodhound,0,5,849,12
7-11-2022,18.35,Wraith,1,2,581,13
7-8-2019,22.49,Bloodhound,2,4,1147,10
16-11-2019,2.84,Fuse,3,5,1985,13
2-1-2021,13.91,Caustic,6,9,2226,17
16-7-2022,11.79,Lifeline,7,8,4319,2
29-3-2022,4.23,Fuse,9,9,3596,1
22-11-2019,19.47,Revenant,0,4,763,9
18-9-2019,2.72,Caustic,1,3,644,6
6-5-2021,24.24,Bloodhound,5,2,1578,6
3-9-2019,5.6,Fuse,3,9,2841,2
18-6-2022,21.69,Revenant,4,7,2670,15
4-2-2022,0.68,Pathfinder,5,12,5051,17
21-8-2022,27.71,Fuse,6,6,2203,14
27-7-2022,9.42,Pathfinder,1,0,164,14
