9-7-2021,28.03,Revenant,5,7,1863,6
2-7-2022,27.0,Bloodhound,5,10,1257,16
24-7-2019,10.63,Rampart,4,8,1269,5
3-9-2022,4.34,Octane,7,4,2037,1
31-3-2020,27.77,Octane,6,7,2703,20
5-5-2020,11.46,Bloodhound,10,7,1369,14
30-10-2019,24.72,Bangalore,10,11,2554,8
11-8-2020,20.82,Bangalore,1,3,309,16
20-6-2021,1.87,Valkyrie,2,5,1189,7
18-3-2019,24.49,Wraith,9,4,1116,6
19-9-2019,9.96,Bangalore,3,8,875,5
11-3-2021,18.32,Bloodhound,7,5,1295,2
5-11-2022,23.09,Mirage,6,10,1882,5
30-7-2019,19.88,Gibraltar,9,12,4174,12
25-9-2019,0.79,Wraith,0,1,122,20
11-4-2020,10.78,Lifeline,3,2,829,15
12-8-2022,0.82,Revenant,4,3,1080,7
1-10-2019,29.89,Gibraltar,9,5,2399,5
13-2-2021,3.25,Octane,4,4,1550,9
13-7-2022,3.36,Mad Maggie,9,5,1372,9
9-6-2021,29.32,Horizon,6,6,1538,14
1-4-2020,2.2,Bloodhound,0,3,473,16
2-11-2022,12.59,Pathfinder,4,4,1805,18
3-4-2021,8.65,Bangalore,2,4,824,10
5-2-2020,22.12,Valkyrie,4,5,910,12
19-2-2021,22.59,Bloodhound,11,13,4070,11
28-3-2021,28.79,Revenant,15,5,4866,10
3-3-2019,26.61,Revenant,9,12,1651,12
16-12-2021,24.79,Lifeline,3,10,2108,11
11-3-2022,28.31,Valkyrie,4,3,1020,10
26-3-2019,24.2,Horizon,7,3,1119,20
14-11-2019,5.22,Rampart,3,4,667,10
12-11-2020,16.14,Horizon,6,9,1596,1
10-12-2021,1.46,Bangalore,5,5,2433,6
4-6-2019,23.46,Horizon,9,12,4037,14
12-9-2022,16.21,Mirage,1,7,978,8
27-5-2020,7.91,Revenant,2,1,534,8
29-7-2019,4.82,Mad Maggie,2,4,1266,7
10-12-2021,6.29,Mad Maggie,5,3,1477,7
15-12-2019,26.23,Lifeline,6,4,1032,20
28-12-2019,10.05,Pathfinder,6,6,2389,8
26-3-2021,14.16,Wraith,8,6,2410,2
9-5-2020,10.61,Mirage,5,0,703,5
22-10-2019,20.86,Mad Maggie,4,11,3530,6
23-6-2022,22.88,Valkyrie,7,7,2672,13
3-7-2019,5.2,Rampart,4,5,1592,12
15-9-2021,0.33,Bloodhound,4,4,1163,19
12-9-2019,21.98,Pathfinder,8,9,3573,20
4-10-2021,10.12,Mirage,10,9,2929,1
19-5-2022,5.46,Pathfinder,5,0,1122,3
21-12-2019,13.63,Revenant,1,2,642,14
13-10-2022,20.5,Pathfinder,4,6,1209,3
28-11-2020,16.93,Mirage,3,4,1064,19
21-11-2019,9.64,Lifeline,4,9,1376,9
29-3-2020,13.46,Pathfinder,5,10,2403,14
12-6-2020,21.64,Octane,11,7,2967,14
4-10-2019,18.7,Wraith,2,2,992,7
26-3-2019,16.72,Rampart,2,4,1373,14
26-7-2022,3.01,Lifeline,4,2,735,20
28-10-2020,10.08,Octane,9,3,2925,1
26-3-2021,1.75,Mad Maggie,9,4,1876,3
28-3-2019,6.95,Lifeline,5,5,1305,19
22-1-2022,25.74,Revenant,11,9,5343,5
14-7-2022,27.47,Horizon,7,1,961,12
3-5-2020,0.3,Pathfinder,5,4,1437,16
25-5-2019,13.9,Mirage,4,10,2077,20
14-9-2020,19.28,Gibraltar,3,7,2324,6
4-6-2022,28.8,Horizon,5,6,3039,5
4-4-2019,25.47,Revenant,7,7,2390,10
17-9-2019,29.7,Valkyrie,8,6,2644,7
24-7-2020,18.38,Valkyrie,4,3,1471,13
10-9-2019,27.26,Rampart,3,2,904,10
22-9-2021,6.36,Revenant,2,3,955,5
29-11-2020,25.07,Horizon,8,4,2342,8
5-9-2019,12.56,Bloodhound,5,4,2420,10
22-5-2019,23.16,Wraith,7,5,3195,1
21-2-2021,12.42,Rampart,7,6,2505,1
12-9-2022,3.24,Gibraltar,0,0,0,19
15-4-2019,25.02,Revenant,3,6,2021,4
11-3-2022,15.0,Gibraltar,4,7,2625,16
25-2-2020,3.74,Valkyrie,6,4,1980,11
19-6-2021,21.23,Lifeline,5,6,1475,10
12-9-2022,27.76,Mad Maggie,11,8,3613,2
5-5-2021,13.44,Bloodhound,6,10,3032,15
7-10-2022,13.53,Horizon,4,4,1622,17
17-1-2020,10.26,Horizon,6,4,2020,6
21-12-2021,13.48,Revenant,2,6,1880,6
18-2-2019,6.29,Valkyrie,4,3,1547,5
25-10-2019,29.52,Valkyrie,6,10,2254,2
5-7-2022,21.31,Bloodhound,11,14,6406,18
26-5-2020,25.64,Octane,6,10,3487,19
3-5-2020,6.91,Mirage,5,2,2118,15
28-7-2021,3.98,Lifeline,6,3,2243,6
6-3-2022,2.91,Rampart,2,6,1659,2
4-8-2022,23.31,Wraith,6,5,2232,14
29-4-2019,21.28,Bloodhound,5,6,1941,7
7-7-2020,22.49,Bloodhound,9,7,3411,13
5-6-2020,5.28,Mirage,7,8,3306,1
8-2-2021,15.88,Gibraltar,3,1,966,19
31-1-2022,16.04,Revenant,2,9,2065,10
29-9-2022,20.73,Bloodhound,3,3,1280,7
3-2-2021,20.95,Horizon,9,4,4064,19
20-3-2022,24.29,Lifeline,5,5,2357,7
30-7-2020,4.78,Gibraltar,6,10,3555,14
19-4-2019,22.47,Mad Maggie,8,7,4269,16
10-5-2020,17.25,Wraith,0,0,0,12
3-6-2019,16.47,Mirage,3,4,1452,16
11-5-2020,9.76,Wraith,2,2,799,17
20-2-2019,16.57,Horizon,3,8,2508,5
14-1-2020,7.31,Horizon,12,9,5459,5
5-4-2020,9.24,Mirage,9,5,2503,8
9-2-2021,10.14,Rampart,9,6,4187,10
24-8-2020,0.0,Rampart,5,7,3717,6
28-3-2022,15.97,Rampart,7,2,2407,4
18-6-2022,1.11,Octane,2,2,693,10
24-2-2021,19.15,Revenant,4,4,1653,13
24-8-2019,27.56,Bangalore,6,6,3935,10
19-7-2019,6.93,Mirage,5,8,2901,12
30-8-2021,20.03,Pathfinder,7,8,3902,8
6-11-2019,28.34,Gibraltar,0,1,307,14
16-1-2022,27.06,Rampart,8,9,5610,15
5-3-2019,21.71,Lifeline,6,11,5511,13
12-3-2021,20.06,Bangalore,4,6,2035,12
18-7-2021,1.0,Rampart,4,9,4262,8
30-3-2022,9.89,Valkyrie,7,8,3729,9
28-4-2019,24.2,Octane,9,7,4749,11
4-5-2020,28.03,Horizon,5,6,2309,19
7-2-2020,9.73,Lifeline,1,9,2834,4
20-2-2020,25.11,Horizon,7,7,3423,14
27-10-2021,26.74,Pathfinder,5,8,3216,16
26-6-2022,0.74,Bangalore,5,10,3857,3
30-1-2022,27.23,Valkyrie,9,12,5729,2
24-3-2021,22.92,Octane,7,11,4528,19
5-8-2022,3.58,Mad Maggie,0,1,278,20
23-2-2019,9.49,Gibraltar,2,1,654,17
31-3-2021,26.22,Mirage,4,8,2676,2
19-10-2021,20.41,Revenant,5,12,3912,19
6-3-2022,12.15,Wraith,4,5,1857,16
13-1-2022,14.1,Bangalore,5,12,4272,5
12-12-2020,23.18,Bangalore,6,8,3208,13
20-1-2020,21.58,Wraith,3,6,2107,2
6-4-2020,18.13,Wraith,1,1,506,16
5-8-2019,17.52,Wraith,3,2,1341,9
6-2-2021,27.89,Revenant,4,9,4352,13
16-2-2020,15.14,Bloodhound,6,8,4682,1
1-7-2022,18.56,Wraith,7,6,2812,11
6-3-2020,0.7,Revenant,11,14,8075,3
3-9-2020,29.81,Mad Maggie,4,5,2924,13
29-7-2022,26.83,Gibraltar,2,2,1177,5
25-5-2021,1.04,Bloodhound,6,4,2238,13
25-6-2019,17.12,Mirage,3,6,2189,2
30-7-2022,11.11,Mad Maggie,5,8,4054,10
24-2-2019,27.32,Wraith,8,7,5128,16
16-2-2022,23.56,Lifeline,7,8,3209,2
21-4-2022,29.6,Pathfinder,4,2,1958,10
27-3-2021,0.86,Gibraltar,1,5,1953,13
4-4-2022,17.38,Lifeline,3,2,1551,9
5-2-2020,15.8,Mad Maggie,9,4,2945,5
25-2-2019,16.21,Rampart,6,5,2522,7
13-10-2020,23.87,Mirage,10,6,3959,10
6-10-2022,4.96,Octane,6,6,4047,15
30-5-2021,24.62,Revenant,1,5,1723,17
16-4-2020,24.48,Valkyrie,6,3,2081,1
28-6-2022,0.41,Lifeline,2,5,1657,16
14-5-2022,26.11,Wraith,8,11,7006,14
15-5-2020,9.96,Bangalore,4,4,2225,13
27-3-2019,17.55,Octane,5,8,3494,3
20-11-2020,2.0,Bangalore,7,6,3277,6
14-10-2019,0.14,Mirage,1,2,737,14
19-7-2022,1.53,Revenant,1,3,1077,6
6-10-2022,25.28,Mirage,4,3,2555,9
16-3-2020,5.84,Mad Maggie,3,11,5139,15
24-10-2020,18.8,Revenant,5,10,3640,14
19-2-2021,9.64,Bloodhound,6,6,3041,11
15-5-2019,12.08,Rampart,9,11,4810,20
9-9-2020,14.68,Bangalore,2,1,929,18
5-9-2021,16.86,Octane,2,1,1131,10
11-9-2020,4.5,Mirage,5,8,4732,12
3-3-2019,25.26,Mirage,6,5,2891,14
11-3-2020,1.46,Lifeline,4,9,4465,20
21-3-2019,9.23,Rampart,6,10,3894,2
15-2-2019,22.85,Rampart,9,9,5770,7
5-10-2022,2.32,Pathfinder,0,2,527,8
11-2-2021,15.97,Gibraltar,5,1,1646,19
4-8-2022,21.93,Bloodhound,11,2,4746,11
1-3-2022,13.99,Valkyrie,7,10,5246,4
26-3-2019,11.02,Octane,9,4,3663,16
25-9-2022,24.22,Pathfinder,5,14,6520,6
3-10-2020,8.79,Gibraltar,6,7,3343,12
16-6-2020,11.94,Pathfinder,4,2,2332,14
26-11-2019,6.9,Wraith,3,3,2348,2
25-10-2020,10.5,Gibraltar,3,3,2050,2
21-4-2022,26.92,Mirage,4,4,3151,1
28-9-2022,23.68,Mirage,13,6,7077,16
18-1-2020,20.71,Valkyrie,12,9,6065,6
22-8-2021,11.0,Octane,7,6,3550,4
13-12-2022,26.02,Rampart,7,0,2881,16
28-2-2019,19.45,Bloodhound,1,8,2797,11
20-10-2019,1.95,Bangalore,3,7,3954,10
17-3-2019,5.94,Mirage,4,3,1984,10
27-4-2021,6.49,Valkyrie,8,5,1844,1
29-6-2020,28.5,Lifeline,6,7,2270,1
1-3-2021,8.14,Bloodhound,6,8,2102,2
9-2-2019,1.74,Horizon,2,5,915,16
3-6-2019,18.57,Octane,4,2,1084,11
9-6-2021,11.83,Wraith,3,3,501,13
18-6-2021,4.95,Pathfinder,3,10,1759,12
9-11-2020,23.96,Octane,4,5,1676,8
5-5-2021,5.46,Gibraltar,8,5,2494,8
31-5-2019,28.58,Mirage,8,13,4223,14
25-5-2021,28.74,Bloodhound,0,5,794,18
14-2-2019,16.16,Rampart,6,8,2467,3
6-11-2022,20.69,Wraith,7,6,891,1
17-6-2021,19.89,Lifeline,4,3,1494,14
29-3-2021,2.66,Horizon,4,5,1702,11
9-5-2022,16.65,Mirage,6,9,1550,10
3-5-2020,27.56,Revenant,8,10,2169,11
29-3-2022,16.83,Wraith,3,6,1159,10
28-4-2021,19.19,Horizon,2,1,303,14
24-3-2019,1.61,Horizon,2,4,904,19
26-10-2022,5.19,Mad Maggie,4,4,860,3
29-6-2020,25.88,Gibraltar,7,6,2234,13
28-11-2022,5.59,Mirage,5,5,2292,20
16-5-2021,5.56,Lifeline,11,11,3231,4
5-5-2020,7.52,Mirage,4,1,935,1
9-8-2021,8.53,Mirage,5,1,968,4
26-11-2022,0.25,Valkyrie,3,5,1660,14
13-12-2021,5.19,Bloodhound,5,4,1706,18
5-4-2020,2.36,Horizon,4,9,2414,10
17-8-2022,3.22,Valkyrie,5,7,2557,11
8-2-2021,5.92,Pathfinder,10,8,2793,12
5-5-2019,20.92,Valkyrie,6,5,2525,11
19-10-2020,16.31,Bangalore,9,9,2812,5
27-9-2021,16.96,Mad Maggie,6,8,1430,10
15-10-2021,27.83,Bloodhound,4,5,1201,9
23-5-2022,25.22,Mad Maggie,4,5,1669,2
30-1-2021,2.8,Octane,5,10,2173,1
26-12-2020,3.21,Octane,10,10,2246,5
29-3-2020,15.3,Gibraltar,1,2,532,4
24-3-2022,20.75,Bloodhound,4,8,2837,13
22-12-2021,18.17,Wraith,5,5,2418,3
29-5-2019,18.94,Octane,4,4,1181,12
10-3-2020,1.69,Octane,6,10,2379,18
16-4-2020,11.87,Lifeline,6,9,3568,2
28-12-2021,3.06,Octane,9,8,3452,14
7-4-2022,28.57,Pathfinder,3,1,558,17
6-5-2019,3.28,Rampart,4,1,846,3
19-10-2022,11.94,Rampart,5,4,1503,5
17-11-2021,23.68,Bloodhound,5,12,4247,14
16-1-2022,1.62,Mad Maggie,12,4,2332,16
8-2-2021,17.48,Mad Maggie,6,10,3890,3
13-3-2022,28.47,Rampart,8,11,2219,3
25-12-2021,18.98,Bloodhound,0,1,242,16
29-1-2022,28.21,Bloodhound,3,2,962,1
11-11-2019,10.16,Valkyrie,3,2,1010,15
9-8-2021,26.16,Valkyrie,4,10,3241,13
6-12-2019,7.2,Pathfinder,4,11,2577,16
17-10-2022,1.36,Bangalore,5,7,3128,1
12-12-2020,8.61,Mad Maggie,6,6,1594,6
15-7-2020,9.24,Octane,4,3,1829,7
10-1-2022,16.34,Lifeline,8,3,2424,18
26-7-2022,28.11,Octane,7,8,3406,16
27-4-2022,18.98,Mad Maggie,3,6,2290,10
3-7-2019,13.83,Revenant,4,8,2183,19
31-5-2020,7.55,Rampart,5,5,1228,6
21-8-2020,17.55,Lifeline,11,6,2597,13
8-2-2022,22.31,Revenant,0,1,248,9
22-5-2020,25.81,Horizon,10,10,4040,11
19-6-2020,11.51,Gibraltar,4,4,1867,2
4-4-2022,1.79,Bloodhound,3,3,792,8
1-9-2022,26.47,Bloodhound,4,12,1935,8
24-9-2022,22.76,Lifeline,11,5,4438,4
14-2-2019,10.55,Wraith,6,8,3467,11
28-1-2020,0.58,Octane,0,4,930,3
16-2-2021,10.11,Gibraltar,7,2,1822,7
21-12-2021,1.03,Mad Maggie,9,2,1562,3
4-7-2021,25.24,Bloodhound,6,10,3960,1
27-1-2022,29.82,Revenant,7,6,2071,3
23-11-2021,12.81,Mad Maggie,6,10,3725,4
7-3-2021,17.84,Mad Maggie,10,15,4595,3
21-8-2020,19.24,Bloodhound,0,2,275,1
14-2-2019,28.26,Revenant,4,5,2191,5
27-3-2019,2.38,Lifeline,2,2,913,1
10-2-2020,15.77,Mad Maggie,4,3,1773,7
7-11-2019,26.16,Rampart,6,7,3215,10
6-10-2019,10.92,Wraith,12,9,4249,13
18-1-2021,3.07,Valkyrie,6,7,3331,20
29-10-2021,15.78,Lifeline,1,0,186,9
4-5-2019,10.43,Lifeline,3,3,987,14
17-12-2019,8.96,Bloodhound,2,3,1426,5
15-10-2020,9.84,Revenant,9,3,2016,14
20-4-2021,19.29,Revenant,4,4,2123,6
17-11-2019,22.38,Pathfinder,12,8,6046,5
14-5-2022,2.25,Gibraltar,6,7,3671,3
13-5-2021,26.21,Revenant,2,4,1178,2
9-4-2020,21.27,Revenant,2,2,851,17
7-1-2020,18.71,Horizon,4,3,1108,2
17-10-2020,21.05,Wraith,5,7,3466,16
31-5-2022,29.41,Mirage,5,8,2557,1
12-3-2020,2.48,Rampart,5,7,2923,18
22-4-2020,7.85,Valkyrie,8,7,3680,5
3-3-2019,28.96,Wraith,2,9,1779,15
20-12-2022,16.82,Mirage,9,1,2672,4
28-10-2020,26.91,Pathfinder,3,4,1506,7
27-1-2021,8.86,Mirage,3,4,1306,5
29-12-2022,0.8,Mad Maggie,6,7,3516,5
4-8-2021,20.48,Pathfinder,7,5,2257,12
30-1-2021,22.32,Mad Maggie,7,7,2946,15
26-7-2019,17.87,Revenant,5,3,2116,19
22-1-2020,20.72,Mad Maggie,9,8,3771,3
8-4-2022,19.67,Mirage,2,4,1441,19
27-8-2022,27.06,Rampart,14,5,3933,5
25-6-2019,18.92,Rampart,10,6,3294,18
1-10-2021,16.93,Bloodhound,10,6,2739,3
23-10-2021,10.63,Rampart,10,12,6422,20
13-6-2019,2.21,Gibraltar,2,4,1844,7
24-10-2020,18.22,Revenant,1,4,905,9
18-9-2022,6.62,Horizon,7,6,2902,8
23-3-2022,16.82,Wraith,10,4,3946,5
13-3-2020,22.26,Bangalore,7,7,2552,2
6-10-2021,20.18,Lifeline,6,6,2492,14
5-8-2020,21.63,Gibraltar,8,9,3916,19
2-6-2019,11.22,Bangalore,1,3,1249,10
7-9-2020,3.44,Lifeline,1,2,624,17
7-1-2021,16.04,Bloodhound,2,6,1976,2
25-4-2021,4.18,Revenant,3,9,3432,11
5-7-2021,3.71,Bloodhound,4,9,3618,3
13-1-2020,23.58,Lifeline,11,9,3866,9
12-12-2019,18.03,Pathfinder,16,7,6491,18
25-6-2021,21.18,Gibraltar,5,0,1617,6
29-6-2019,19.85,Octane,2,1,578,19
25-10-2019,27.82,Lifeline,2,7,2198,2
31-8-2020,1.23,Valkyrie,3,3,1134,16
16-2-2019,22.28,Gibraltar,9,10,5418,13
18-5-2020,0.41,Horizon,6,6,3653,15
26-11-2020,6.81,Wraith,7,10,5482,11
30-9-2022,9.91,Bloodhound,4,5,2861,13
9-12-2022,4.78,Gibraltar,1,2,914,9
2-9-2022,24.36,Bloodhound,2,7,2288,10
30-9-2022,1.23,Octane,4,4,1554,17
17-7-2022,8.55,Octane,7,8,4554,15
19-5-2021,25.67,Valkyrie,12,5,4176,14
6-7-2021,27.4,Bangalore,7,8,4985,20
31-7-2021,8.89,Mad Maggie,1,7,2506,1
27-1-2021,28.25,Octane,7,3,3126,17
28-10-2019,25.36,Lifeline,3,2,1762,6
31-10-2021,11.45,Revenant,7,8,4159,17
23-12-2021,26.03,Octane,6,5,2579,14
17-3-2020,15.22,Wraith,7,7,4283,14
1-3-2020,18.72,Bangalore,11,11,6870,2
30-10-2022,14.32,Octane,1,5,1463,4
4-2-2020,26.56,Bloodhound,4,3,2550,3
4-2-2022,8.3,Lifeline,6,2,1721,18
11-2-2022,24.96,Bangalore,3,6,1864,15
13-4-2021,5.98,Horizon,4,5,3229,10
1-10-2019,20.68,Rampart,12,7,4415,15
20-2-2019,1.64,Mad Maggie,11,7,4048,9
29-10-2022,23.08,Gibraltar,5,1,1801,9
5-8-2020,24.32,Lifeline,1,2,1052,9
18-12-2021,3.01,Valkyrie,8,5,3888,3
14-2-2020,29.96,Horizon,5,7,3127,20
27-12-2021,8.08,Valkyrie,5,4,2149,7
2-11-2022,23.54,Valkyrie,12,6,6017,6
15-8-2020,11.61,Revenant,7,8,5137,14
30-10-2021,18.89,Revenant,7,2,2455,3
4-7-2022,27.8,Revenant,3,3,1509,1
16-3-2020,2.21,Lifeline,8,2,3903,7
19-10-2019,5.9,Horizon,3,3,2083,8
13-8-2022,18.67,Pathfinder,7,5,3462,19
11-8-2020,28.77,Bloodhound,14,7,5052,3
26-3-2021,27.67,Pathfinder,9,7,5910,10
8-7-2021,26.23,Horizon,6,9,3634,8
5-7-2022,26.91,Mirage,3,5,2930,11
25-7-2020,3.48,Lifeline,2,6,2202,11
2-4-2019,11.97,Revenant,4,5,2316,12
24-3-2022,19.96,Gibraltar,6,4,2577,16
1-9-2022,19.39,Wraith,6,7,4103,14
14-8-2022,23.78,Bangalore,7,12,5502,9
29-9-2021,6.9,Bloodhound,5,3,2250,17
13-6-2021,18.77,Valkyrie,2,7,2447,6
8-7-2022,3.47,Rampart,2,3,1744,5
14-9-2019,3.74,Rampart,6,7,3666,10
28-4-2019,27.8,Mirage,7,6,3552,3
20-4-2021,16.5,Mad Maggie,11,10,7409,16
5-2-2021,7.95,Octane,6,6,3711,8
8-7-2022,21.54,Rampart,3,7,3169,6
12-11-2019,8.59,Wraith,1,8,3225,17
20-1-2020,4.59,Bloodhound,2,4,1896,2
8-7-2021,26.1,Horizon,5,4,2814,10
17-4-2021,25.36,Lifeline,4,8,3824,16
4-8-2022,20.02,Octane,10,9,5633,3
7-8-2020,25.48,Mirage,7,6,4892,4
23-9-2022,16.94,Revenant,6,1,2835,13
12-8-2022,5.9,Valkyrie,3,3,1685,18
10-1-2020,6.36,Wraith,5,3,2856,12
16-11-2022,11.89,Horizon,3,11,5375,7
27-9-2021,14.99,Pathfinder,6,11,6845,2
11-2-2021,12.11,Pathfinder,6,7,4288,19
17-5-2019,29.42,Rampart,9,13,5574,12
26-3-2019,0.18,Gibraltar,2,1,762,5
17-5-2020,24.3,Rampart,5,2,782,20
3-7-2022,1.14,Gibraltar,10,11,1449,16
21-2-2022,3.51,Lifeline,6,6,1525,11
12-12-2022,24.15,Revenant,5,7,2483,8
9-12-2022,22.17,Wraith,9,6,2032,10
11-8-2021,7.03,Bloodhound,8,6,2879,5
22-11-2021,5.77,Mad Maggie,0,0,0,10
9-12-2021,13.13,Bangalore,4,3,1343,8
19-10-2019,16.3,Pathfinder,5,3,943,14
23-4-2019,3.09,Wraith,3,4,1489,8
24-3-2020,2.33,Wraith,6,4,667,4
31-3-2019,26.81,Gibraltar,8,5,2939,16
1-9-2020,21.29,Valkyrie,7,6,2105,20
21-9-2022,14.77,Horizon,4,0,601,4
2-5-2021,15.13,Pathfinder,1,2,356,7
23-1-2021,7.64,Octane,3,4,1265,13
10-11-2021,1.52,Bloodhound,3,6,901,1
29-7-2020,13.78,Lifeline,4,9,2180,13
4-11-2022,14.14,Pathfinder,8,5,2459,15
15-9-2021,14.98,Bangalore,13,6,3409,12
24-7-2020,1.17,Mirage,2,1,383,5
4-5-2019,21.35,Mirage,8,3,887,3
8-1-2022,14.24,Bloodhound,3,3,1286,18
12-10-2022,2.13,Gibraltar,4,4,617,8
12-4-2022,9.43,Bangalore,4,4,1443,13
18-9-2022,10.47,Revenant,6,6,2083,17
18-11-2019,18.95,Horizon,6,9,2206,16
29-5-2021,16.53,Mirage,0,1,115,8
11-10-2020,25.29,Horizon,1,3,571,17
4-5-2021,20.07,Valkyrie,7,2,1215,14
2-1-2021,21.29,Mirage,4,3,1254,1
24-12-2020,18.54,Horizon,5,9,3262,8
18-7-2020,20.37,Valkyrie,9,8,3723,6
13-7-2020,15.19,Mad Maggie,6,7,1193,9
31-7-2020,11.85,Gibraltar,3,3,879,5
8-3-2019,0.26,Gibraltar,1,3,762,3
28-6-2020,29.11,Valkyrie,4,7,2471,2
7-12-2019,11.45,Gibraltar,5,7,2358,2
8-2-2022,16.54,Octane,4,7,2404,9
23-3-2022,24.09,Gibraltar,5,6,1349,17
4-3-2019,11.34,Gibraltar,10,9,2579,16
9-4-2020,7.63,Revenant,0,2,265,17
31-5-2022,22.63,Lifeline,4,3,1788,1
4-3-2021,28.24,Rampart,4,6,2352,14
29-12-2021,2.04,Pathfinder,6,11,1702,16
4-7-2019,16.22,Revenant,6,11,2880,16
12-5-2020,10.57,Lifeline,5,6,1258,14
24-7-2020,12.33,Pathfinder,7,11,2133,10
26-8-2021,27.21,Wraith,2,2,1056,12
22-5-2019,17.32,Bangalore,4,4,1511,19
20-7-2022,7.99,Gibraltar,6,2,1946,16
17-10-2019,21.9,Gibraltar,7,4,1237,13
5-12-2021,10.83,Horizon,7,4,1369,20
16-7-2021,2.32,Horizon,5,9,3578,4
16-5-2019,24.47,Bangalore,11,8,4504,16
10-12-2022,23.34,Bloodhound,1,1,295,18
8-9-2021,26.37,Bangalore,2,8,2153,19
19-10-2020,17.89,Bangalore,7,2,1701,8
3-5-2019,7.54,Wraith,3,5,2122,5
27-8-2020,16.47,Pathfinder,4,10,2113,6
11-6-2019,2.09,Mirage,6,6,2517,19
12-2-2021,25.49,Rampart,11,7,2280,12
7-11-2022,16.73,Rampart,5,1,978,4
3-11-2022,13.96,Pathfinder,1,2,710,4
7-10-2019,22.05,Horizon,4,4,1710,9
26-9-2020,20.19,Rampart,5,6,1330,3
3-4-2022,23.12,Lifeline,7,6,3039,6
10-6-2020,7.97,Mad Maggie,6,5,2514,8
18-4-2022,13.48,Gibraltar,9,11,3880,8
1-9-2022,16.24,Horizon,0,1,143,13
28-11-2020,21.87,Bangalore,2,7,1625,14
14-9-2019,7.35,Gibraltar,3,5,1390,9
10-5-2021,29.95,Bloodhound,7,6,1869,20
21-4-2022,17.21,Horizon,4,7,2365,7
8-8-2020,7.54,Bangalore,5,6,1870,7
29-7-2022,20.05,Revenant,14,12,3453,4
18-11-2021,16.46,Mirage,2,2,846,18
2-12-2019,22.44,Wraith,2,2,628,14
28-3-2019,0.37,Bloodhound,3,2,980,6
17-1-2022,29.26,Rampart,9,7,2985,7
27-9-2020,5.32,Pathfinder,5,5,1620,19
23-2-2019,22.05,Revenant,9,6,3691,12
15-10-2022,22.17,Gibraltar,12,9,5374,6
26-2-2022,3.53,Mad Maggie,7,0,1507,16
24-4-2022,24.58,Lifeline,1,1,364,19
1-1-2021,26.03,Gibraltar,7,4,2952,14
1-5-2020,29.82,Mad Maggie,10,3,2854,20
31-3-2022,11.11,Mirage,8,9,3382,9
15-3-2022,14.34,Valkyrie,6,6,2750,12
27-6-2022,15.89,Wraith,11,10,3131,14
29-5-2020,9.77,Rampart,3,2,795,10
10-8-2021,14.21,Bloodhound,3,1,853,3
29-3-2019,9.65,Revenant,6,2,2386,14
18-3-2021,29.84,Revenant,11,5,3478,13
28-4-2021,21.33,Wraith,6,6,3209,9
11-2-2019,4.6,Octane,11,9,5087,3
4-2-2021,6.71,Bloodhound,7,8,4445,3
26-9-2020,16.97,Octane,3,0,960,11
17-4-2022,29.27,Gibraltar,6,2,2484,5
26-1-2022,11.28,Mirage,2,3,835,5
23-7-2021,17.51,Wraith,4,3,1090,9
19-7-2020,14.59,Mad Maggie,5,9,3342,6
30-9-2021,18.8,Bangalore,10,7,2884,17
6-5-2022,22.08,Octane,10,7,5066,9
22-7-2019,27.24,Rampart,3,7,2486,2
8-2-2021,10.27,Bloodhound,2,1,657,8
1-8-2020,22.28,Gibraltar,9,11,5314,18
24-8-2022,12.05,Rampart,4,3,1807,7
30-5-2021,3.36,Mirage,5,5,3209,2
12-12-2020,0.43,Gibraltar,5,8,4074,3
14-1-2020,1.86,Revenant,6,6,2265,4
1-5-2022,11.36,Wraith,2,6,1381,5
16-8-2020,26.83,Gibraltar,6,9,3411,17
3-2-2021,27.7,Bangalore,10,7,4768,17
18-8-2021,0.22,Mad Maggie,5,6,2020,6
11-1-2022,16.03,Wraith,12,5,3978,14
27-8-2021,4.33,Horizon,6,6,2092,1
10-3-2019,2.86,Wraith,6,8,3188,16
20-6-2019,1.95,Octane,3,1,854,18
29-9-2022,21.48,Horizon,4,4,2349,2
16-4-2020,28.02,Gibraltar,6,3,1798,17
7-8-2019,0.04,Rampart,4,8,3738,9
3-1-2021,8.2,Mad Maggie,11,5,2997,12
14-3-2021,14.4,Gibraltar,6,5,1963,6
5-12-2019,11.26,Mirage,6,10,3221,7
11-6-2021,28.59,Mad Maggie,3,2,1536,14
31-3-2021,15.69,Revenant,3,2,1327,18
10-2-2019,14.09,Lifeline,3,5,1716,9
3-9-2021,18.95,Wraith,6,7,3634,13
24-5-2021,4.24,Rampart,11,9,5258,13
26-3-2019,3.43,Horizon,5,8,2674,15
12-8-2019,24.86,Wraith,8,7,5043,12
24-5-2022,27.93,Wraith,6,0,1959,1
25-12-2020,27.14,Bangalore,9,6,3961,6
13-8-2020,27.36,Mirage,3,3,1743,7
15-2-2020,23.67,Mad Maggie,4,3,1641,1
6-2-2020,14.48,Octane,5,6,3232,9
16-12-2021,26.05,Gibraltar,15,5,5745,9
9-3-2021,28.21,Rampart,9,12,6468,2
28-12-2019,18.32,Bangalore,0,7,2071,10
13-5-2021,23.75,Lifeline,2,4,1803,4
16-2-2022,18.21,Horizon,3,3,1967,17
30-5-2020,15.61,Rampart,10,6,4299,19
6-12-2020,17.47,Lifeline,8,12,4331,2
31-1-2022,18.3,Octane,7,11,4223,9
29-7-2019,6.06,Bloodhound,9,7,5381,4
23-4-2022,13.89,Lifeline,0,0,0,14
25-6-2019,1.58,Octane,1,5,1902,1
18-5-2019,11.54,Mirage,5,3,2812,12
24-1-2020,15.4,Pathfinder,5,3,2754,9
10-10-2021,18.8,Revenant,4,6,2776,16
21-1-2020,23.45,Octane,8,11,5279,5
8-7-2022,29.22,Rampart,9,9,5951,7
22-6-2021,9.82,Bloodhound,7,2,2394,19
7-7-2022,19.53,Bangalore,5,2,1670,3
30-6-2019,20.21,Octane,4,2,1701,7
7-2-2021,13.76,Lifeline,11,9,4761,16
12-8-2022,7.09,Revenant,8,8,4083,17
28-8-2019,7.25,Octane,5,5,3301,11
28-6-2019,10.37,Mad Maggie,8,7,5253,16
20-3-2019,12.93,Pathfinder,8,8,4833,10
15-8-2021,9.75,Rampart,1,5,1750,7
8-1-2022,11.59,Mirage,9,2,4133,15
11-12-2022,19.15,Lifeline,7,6,3370,18
3-7-2022,0.19,Valkyrie,6,4,2858,6
1-4-2021,10.17,Mirage,7,5,4495,3
23-11-2021,19.02,Lifeline,13,6,6743,2
2-2-2020,25.23,Pathfinder,3,0,976,20
15-4-2019,7.68,Bangalore,2,6,2260,5
12-11-2019,27.8,Rampart,2,6,2373,14
10-7-2019,21.5,Bloodhound,9,4,4964,1
16-5-2021,28.19,Revenant,9,7,3943,2
24-4-2021,17.66,Rampart,6,7,3041,3
16-10-2022,0.48,Pathfinder,6,9,4024,16
30-5-2019,23.53,Bangalore,1,2,1031,3
26-3-2022,12.41,Horizon,1,4,1300,10
24-3-2020,26.14,Revenant,3,10,4263,6
29-11-2020,4.73,Mad Maggie,9,7,3955,19
22-6-2020,19.05,Lifeline,8,7,3640,14
18-4-2022,2.81,Mirage,8,8,5049,3
17-3-2022,29.22,Lifeline,7,8,4938,7
3-2-2022,7.88,Wraith,5,2,2574,5
26-7-2022,15.6,Lifeline,2,3,1198,1
31-1-2022,11.44,Pathfinder,6,2,2007,10
9-4-2019,18.08,Rampart,4,3,2009,9
11-2-2021,11.79,Revenant,7,4,4291,15
11-4-2019,25.34,Rampart,10,8,6662,2
16-1-2021,14.91,Pathfinder,9,7,5097,17
13-9-2022,28.61,Octane,8,4,4066,13
9-11-2020,13.31,Bloodhound,2,2,1244,10
10-11-2020,18.03,Horizon,6,3,3159,10
6-10-2019,26.45,Bangalore,8,6,5583,17
14-3-2020,27.35,Mad Maggie,7,9,6347,17
5-9-2020,7.26,Gibraltar,5,10,4344,9
25-1-2021,8.75,Rampart,10,8,6316,20
29-6-2022,2.15,Valkyrie,1,1,702,7
5-7-2020,29.68,Bloodhound,3,1,1369,12
17-7-2019,4.39,Horizon,6,3,3160,15
5-5-2021,4.17,Mad Maggie,3,6,2261,6
30-6-2020,15.12,Valkyrie,4,4,2734,15
28-3-2020,7.17,Wraith,7,7,1860,4
8-5-2020,15.51,Mirage,7,12,2964,3
19-5-2022,6.39,Horizon,3,4,457,15
5-7-2020,23.5,Valkyrie,2,6,1620,18
12-5-2021,16.22,Pathfinder,11,5,1690,18
25-7-2022,6.95,Octane,3,5,886,19
17-8-2019,23.85,Mirage,4,4,991,10
18-7-2019,19.8,Mad Maggie,9,12,2365,3
10-5-2020,17.25,Horizon,9,8,1842,2
25-11-2020,1.31,Horizon,1,1,223,1
23-2-2020,25.2,Pathfinder,1,2,430,7
11-2-2020,14.57,Pathfinder,3,4,1104,20
25-5-2022,15.6,Valkyrie,4,4,1371,15
8-7-2022,18.81,Revenant,11,5,2888,14
3-12-2020,6.89,Revenant,5,5,1170,6
30-11-2019,1.05,Mad Maggie,6,9,1166,13
9-11-2021,15.65,Mirage,2,0,349,8
30-12-2019,3.91,Horizon,3,3,567,11
16-10-2019,23.13,Gibraltar,4,3,1310,9
20-7-2020,26.5,Lifeline,10,6,3306,5
11-5-2021,24.48,Gibraltar,8,5,1803,17
2-8-2020,25.22,Valkyrie,9,8,1538,16
12-8-2022,1.14,Revenant,9,6,1466,1
12-12-2022,29.9,Octane,1,1,313,6
6-11-2019,24.92,Pathfinder,6,3,2109,8
10-9-2022,8.88,Wraith,3,2,1083,20
28-6-2021,27.98,Horizon,5,8,2834,10
12-8-2022,2.8,Horizon,5,5,872,14
29-1-2020,1.46,Horizon,5,5,825,5
31-5-2022,11.35,Pathfinder,15,10,5365,9
29-10-2019,28.66,Valkyrie,9,2,2699,10
16-5-2021,0.84,Bangalore,1,10,1182,8
20-11-2019,2.35,Valkyrie,6,7,2478,11
24-4-2022,5.12,Lifeline,8,3,2624,20
6-1-2021,8.25,Pathfinder,4,4,1583,1
21-4-2020,19.14,Gibraltar,5,6,2041,19
12-8-2022,28.16,Mad Maggie,10,6,2500,13
25-10-2021,16.8,Gibraltar,3,2,662,9
8-2-2021,3.6,Rampart,4,7,1157,9
30-11-2019,8.13,Mad Maggie,7,6,2112,7
11-3-2020,16.8,Lifeline,4,7,2254,12
13-8-2022,29.57,Pathfinder,6,6,1927,14
4-5-2022,23.68,Rampart,9,13,2637,2
9-5-2020,18.18,Revenant,8,6,2213,18
28-10-2019,11.54,Bangalore,0,0,0,15
25-7-2021,25.19,Lifeline,1,4,614,1
6-6-2022,20.95,Revenant,6,6,1772,5
28-8-2022,8.91,Bangalore,9,3,2632,16
11-6-2021,9.78,Valkyrie,6,6,2609,4
6-8-2019,18.77,Revenant,7,9,2043,7
12-10-2020,1.96,Lifeline,6,6,2806,16
16-7-2019,16.38,Pathfinder,3,1,638,16
15-4-2021,23.72,Valkyrie,2,3,1255,7
17-12-2020,5.15,Bloodhound,2,3,1071,16
13-8-2021,14.8,Gibraltar,6,12,2377,18
22-6-2020,23.78,Horizon,6,9,2196,5
16-3-2020,21.68,Lifeline,6,8,3608,4
21-8-2019,25.62,Pathfinder,6,7,2204,7
6-2-2021,26.84,Mad Maggie,1,1,459,20
3-2-2022,0.1,Pathfinder,3,6,1855,16
25-2-2019,23.34,Gibraltar,6,3,1713,3
24-3-2020,11.87,Pathfinder,4,3,1658,15
12-3-2022,28.1,Octane,6,6,3001,10
6-6-2019,12.36,Wraith,5,6,2682,11
25-11-2020,9.82,Rampart,7,10,4196,4
11-5-2019,4.3,Mirage,0,1,276,2
13-4-2022,11.87,Revenant,1,2,602,2
11-8-2021,28.98,Lifeline,11,3,2984,8
17-8-2022,14.75,Mirage,3,3,1278,19
25-9-2022,1.29,Horizon,9,9,4831,2
2-10-2020,29.69,Bloodhound,8,7,3823,9
3-11-2019,9.45,Valkyrie,8,8,3526,4
26-11-2020,2.75,Pathfinder,0,1,163,20
8-7-2020,21.0,Octane,6,4,1514,15
24-11-2019,12.18,Wraith,3,2,1375,12
17-9-2020,6.34,Octane,3,5,1902,17
15-12-2022,2.36,Octane,10,6,4682,12
9-12-2020,0.15,Horizon,9,6,2406,11
30-9-2019,11.55,Gibraltar,7,11,2634,11
9-7-2020,12.53,Pathfinder,1,3,927,20
2-11-2020,17.68,Bangalore,2,8,2288,19
21-9-2020,5.87,Valkyrie,2,3,1094,7
7-10-2019,17.78,Bangalore,9,3,2725,19
4-12-2022,7.93,Rampart,4,4,1562,17
28-5-2019,27.14,Gibraltar,13,11,6928,3
29-4-2019,7.34,Bloodhound,10,8,2689,7
12-3-2021,5.15,Pathfinder,2,0,311,7
20-10-2020,9.72,Bangalore,7,1,1966,17
27-1-2020,19.86,Horizon,4,3,1515,15
1-6-2021,11.49,Horizon,10,7,2937,10
7-7-2019,28.1,Valkyrie,5,11,3271,3
19-4-2019,6.58,Gibraltar,8,13,6370,7
29-6-2020,26.86,Valkyrie,12,6,4510,12
5-5-2019,26.79,Mad Maggie,8,7,4268,6
28-2-2020,27.65,Gibraltar,8,4,2413,10
5-6-2021,20.95,Bangalore,3,3,1659,7
20-12-2021,7.99,Octane,5,11,2436,16
24-5-2022,12.79,Bloodhound,5,7,2016,8
2-8-2019,19.13,Mad Maggie,7,7,2214,10
10-12-2019,15.72,Horizon,12,6,3745,18
7-12-2022,9.84,Horizon,0,2,475,2
24-4-2021,12.06,Wraith,6,3,2561,16
26-5-2020,8.11,Octane,7,8,2527,18
11-6-2022,13.7,Lifeline,5,5,2760,4
3-7-2020,27.35,Wraith,7,7,2205,8
14-8-2020,17.45,Horizon,6,7,2122,12
9-11-2021,21.91,Pathfinder,6,14,4161,7
5-1-2020,6.53,Octane,4,6,2656,6
20-8-2019,19.52,Octane,7,1,2602,20
1-4-2020,18.31,Bloodhound,3,5,1395,5
26-1-2020,29.55,Rampart,7,11,4217,14
10-7-2022,27.49,Gibraltar,8,9,2963,3
3-8-2019,28.84,Mirage,12,8,6572,6
7-11-2019,8.8,Pathfinder,9,6,3344,5
19-3-2019,15.9,Octane,5,2,2159,2
6-2-2022,1.93,Mad Maggie,7,7,2459,11
17-8-2021,15.07,Rampart,4,2,1258,5
2-5-2022,28.53,Rampart,7,7,2579,18
24-6-2022,22.01,Rampart,11,14,6467,19
26-9-2020,13.87,Octane,5,8,3109,2
4-12-2022,25.62,Revenant,6,10,3659,11
25-2-2021,21.49,Bloodhound,2,1,625,6
2-12-2020,5.5,Revenant,2,8,1939,14
22-12-2021,21.55,Octane,9,3,2552,10
20-5-2022,28.27,Lifeline,6,10,4554,7
9-9-2022,26.19,Gibraltar,5,7,3803,1
28-11-2019,29.48,Mad Maggie,8,11,5553,13
30-10-2021,22.79,Mirage,9,8,5619,11
10-3-2020,0.16,Gibraltar,2,2,1014,13
17-12-2019,7.03,Bangalore,3,4,1544,18
23-2-2022,27.68,Horizon,4,2,2039,4
5-11-2022,2.0,Octane,6,8,3165,3
24-9-2020,13.14,Mad Maggie,7,11,3793,10
25-1-2022,14.49,Gibraltar,9,6,3361,10
25-5-2022,16.58,Bloodhound,7,8,3287,5
29-10-2021,14.33,Pathfinder,2,1,977,18
18-8-2022,23.32,Horizon,3,4,1618,20
27-11-2020,25.42,Gibraltar,3,9,2457,6
29-3-2022,15.81,Lifeline,4,9,4207,16
14-2-2021,5.52,Wraith,11,4,3004,1
17-5-2021,0.93,Rampart,12,7,5938,6
7-4-2019,22.37,Valkyrie,6,7,2741,4
7-8-2020,21.6,Gibraltar,3,2,1726,6
1-10-2021,11.15,Revenant,2,1,1059,15
23-7-2022,13.01,Rampart,7,7,4360,20
5-12-2022,9.9,Wraith,6,3,1996,1
13-8-2021,24.54,Mad Maggie,4,5,3189,3
26-2-2021,5.39,Lifeline,11,7,4584,14
24-9-2021,19.18,Octane,12,7,4941,8
8-12-2020,8.39,Rampart,0,2,648,7
27-12-2020,0.4,Mad Maggie,6,1,1537,11
22-4-2022,27.0,Gibraltar,3,7,2153,10
30-10-2022,23.26,Wraith,9,10,3941,6
11-8-2020,29.15,Pathfinder,4,8,3479,17
21-4-2020,21.22,Horizon,12,6,5720,11
15-3-2022,28.06,Bangalore,9,8,5888,7
13-1-2022,12.08,Bloodhound,3,4,2452,20
19-12-2020,2.16,Gibraltar,1,4,1597,6
14-12-2019,3.58,Gibraltar,3,3,1539,17
24-4-2020,6.02,Pathfinder,4,4,2826,7
16-1-2020,0.05,Valkyrie,8,12,5157,11
7-3-2022,21.51,Valkyrie,13,7,4485,1
19-2-2022,16.97,Wraith,7,9,3907,12
4-12-2021,0.96,Bloodhound,4,2,1402,14
12-5-2019,21.55,Pathfinder,1,2,892,14
26-12-2021,8.62,Gibraltar,4,2,1648,5
28-5-2020,20.9,Octane,5,4,3150,13
11-11-2020,18.36,Octane,10,6,3839,6
21-5-2021,5.84,Mirage,6,13,5308,6
10-6-2021,22.72,Horizon,10,8,4281,17
13-4-2022,27.74,Octane,0,2,615,1
22-7-2020,15.61,Rampart,3,9,2744,16
6-3-2022,2.66,Lifeline,7,2,3252,10
6-5-2022,11.85,Octane,4,10,4060,18
11-1-2020,13.67,Wraith,9,5,5309,12
18-11-2021,12.65,Valkyrie,5,7,2843,17
28-10-2021,3.19,Pathfinder,8,6,4204,16
12-3-2019,21.08,Wraith,6,1,2802,13
10-10-2021,22.53,Mirage,2,7,2577,12
14-8-2019,23.03,Valkyrie,9,3,2915,8
5-6-2019,22.52,Valkyrie,3,7,3117,2
15-12-2021,28.5,Octane,8,6,3616,15
29-4-2022,27.85,Horizon,6,10,3797,19
7-4-2021,25.75,Valkyrie,7,10,5565,4
10-8-2022,12.54,Horizon,2,0,500,20
5-1-2020,12.49,Mad Maggie,3,3,2349,2
5-7-2022,27.49,Gibraltar,2,8,2677,15
2-11-2022,9.75,Mad Maggie,8,11,5965,7
24-9-2022,29.55,Rampart,5,7,4300,3
5-10-2019,15.51,Bangalore,7,8,5902,9
18-5-2020,6.18,Octane,6,9,5187,4
22-5-2021,12.99,Pathfinder,2,5,2272,14
11-6-2020,24.06,Wraith,3,1,1401,16
29-6-2021,9.53,Revenant,6,6,3104,10
7-6-2021,2.99,Horizon,3,11,4815,5
23-9-2021,8.57,Rampart,7,10,4732,13
1-11-2019,29.2,Mad Maggie,5,9,3491,1
30-3-2021,20.48,Octane,9,9,5117,18
10-1-2022,5.12,Bangalore,3,0,1013,6
8-2-2020,21.08,Mirage,2,4,1857,4
28-1-2020,14.15,Lifeline,2,3,275,19
24-3-2019,4.19,Valkyrie,3,4,1051,6
21-11-2022,20.96,Revenant,10,9,1376,5
16-9-2022,7.69,Revenant,6,5,1882,15
10-9-2019,2.46,Octane,8,12,1551,16
3-12-2022,27.57,Bangalore,7,1,626,17
12-10-2019,5.04,Horizon,1,6,1416,11
8-3-2019,2.07,Valkyrie,2,7,1243,8
11-10-2021,25.33,Lifeline,10,7,2300,2
1-10-2021,9.6,Revenant,4,6,840,10
8-2-2021,7.56,Wraith,14,6,4543,4
3-3-2020,18.84,Bloodhound,9,7,1745,16
9-10-2021,24.65,Horizon,2,2,616,15
21-10-2021,8.66,Horizon,2,1,428,9
18-9-2021,7.63,Mad Maggie,9,4,988,18
12-2-2019,28.54,Mad Maggie,7,8,1255,1
19-2-2021,8.51,Bloodhound,9,6,2180,7
30-6-2020,3.11,Wraith,7,6,2619,18
12-8-2022,25.84,Mad Maggie,8,14,2839,3
2-8-2021,29.3,Lifeline,1,5,978,18
18-11-2019,1.26,Mad Maggie,1,1,304,13
3-2-2021,24.29,Wraith,7,4,2533,9
14-3-2019,6.87,Bloodhound,3,3,950,20
5-7-2020,15.14,Horizon,6,12,2485,13
16-9-2020,13.16,Wraith,6,8,2327,17
18-1-2020,1.91,Octane,12,12,3508,9
8-11-2020,25.52,Octane,3,0,277,9
23-10-2019,25.92,Mad Maggie,7,1,1520,17
21-10-2022,0.92,Octane,3,4,1086,7
16-11-2019,16.23,Lifeline,4,3,1702,2
14-2-2019,16.0,Bloodhound,7,4,2622,8
30-11-2020,20.99,Octane,9,7,3567,9
29-9-2022,9.79,Horizon,9,9,2003,7
5-3-2022,16.46,Octane,3,5,814,2
23-11-2020,24.07,Bloodhound,3,2,859,3
16-7-2022,17.88,Bloodhound,10,6,2994,3
17-3-2020,24.86,Pathfinder,5,5,1136,7
29-1-2021,12.1,Rampart,7,5,1826,18
26-12-2019,4.93,Rampart,5,5,967,5
12-10-2019,29.64,Revenant,9,8,3045,15
17-10-2022,3.14,Valkyrie,0,1,144,2
25-4-2019,27.44,Mad Maggie,7,3,2356,6
10-6-2021,11.89,Valkyrie,4,5,1488,2
8-11-2020,20.96,Mirage,3,6,1339,12
6-10-2020,12.08,Octane,6,5,2747,15
14-9-2019,5.18,Rampart,6,6,2501,4
19-1-2022,6.39,Bangalore,9,8,3903,12
11-6-2022,21.0,Bangalore,1,0,279,8
26-5-2020,4.0,Rampart,4,1,912,14
19-10-2022,8.39,Mirage,6,9,2858,16
30-9-2021,15.13,Bloodhound,6,3,1025,17
14-8-2021,12.04,Horizon,6,9,1533,3
29-8-2020,11.35,Bloodhound,5,12,2753,11
19-4-2019,9.76,Bangalore,10,6,3760,2
28-10-2020,26.3,Lifeline,1,2,499,3
4-6-2021,12.76,Gibraltar,3,2,1297,11
21-2-2020,0.36,Bloodhound,3,2,788,6
14-6-2021,6.14,Horizon,3,9,2132,2
20-12-2020,3.6,Rampart,9,5,1841,8
22-6-2020,8.57,Mirage,6,9,1841,13
4-3-2021,26.84,Wraith,11,7,3893,18
5-5-2022,9.1,Octane,7,4,1820,12
18-8-2021,0.9,Valkyrie,4,1,745,3
25-8-2020,2.85,Bangalore,3,2,748,2
5-5-2019,18.11,Mirage,5,10,2750,3
24-7-2020,27.61,Bloodhound,5,6,2345,8
7-4-2021,14.35,Gibraltar,8,5,2831,11
19-11-2021,10.35,Mad Maggie,7,8,2312,10
9-4-2022,23.48,Valkyrie,7,0,1224,8
12-8-2021,23.06,Octane,1,5,726,6
19-8-2020,10.11,Rampart,4,7,2314,14
12-8-2021,20.02,Bloodhound,3,3,1374,13
13-5-2021,4.57,Revenant,4,5,1368,3
25-5-2019,18.12,Pathfinder,5,5,1899,12
2-3-2020,26.3,Horizon,6,7,3329,2
30-6-2019,20.79,Mad Maggie,0,2,261,11
8-12-2021,11.22,Bangalore,4,4,1761,19
4-11-2022,23.4,Octane,10,6,4739,2
2-10-2022,17.41,Gibraltar,8,4,2410,5
28-5-2020,27.27,Octane,6,9,3680,6
28-10-2021,8.93,Horizon,11,7,2448,8
23-1-2021,10.29,Mirage,7,7,2679,7
17-4-2022,19.51,Mad Maggie,3,10,2195,17
8-11-2021,21.96,Valkyrie,4,3,1176,19
27-12-2022,16.52,Bloodhound,3,3,1388,1
28-4-2022,24.58,Octane,4,9,2602,11
20-5-2022,15.68,Pathfinder,5,6,1799,3
13-11-2022,16.39,Gibraltar,8,7,3142,1
13-4-2022,6.05,Mad Maggie,7,10,5067,4
19-10-2022,3.28,Revenant,1,2,826,6
16-12-2020,10.06,Mad Maggie,1,5,946,4
2-11-2020,6.87,Bangalore,9,3,3503,9
13-6-2021,27.61,Gibraltar,5,4,2025,18
29-6-2022,22.91,Mirage,6,4,3066,10
30-3-2022,25.94,Horizon,12,7,5048,7
19-7-2021,17.55,Revenant,6,10,3202,18
4-3-2019,8.79,Wraith,4,0,772,19
1-2-2020,26.34,Gibraltar,8,4,2506,17
9-3-2022,27.7,Mad Maggie,3,4,1558,6
24-7-2019,21.61,Pathfinder,4,9,3775,10
9-1-2022,26.54,Pathfinder,7,5,2947,17
23-8-2020,5.4,Bangalore,7,9,4905,15
23-4-2019,1.5,Gibraltar,9,14,5080,12
24-4-2022,22.53,Bangalore,4,4,2544,4
19-9-2020,4.26,Pathfinder,2,5,1934,3
9-9-2019,12.93,Bangalore,5,2,2038,6
26-11-2021,19.85,Gibraltar,11,5,2679,12
12-4-2020,6.65,Bloodhound,4,4,1747,7
18-7-2019,13.17,Gibraltar,6,9,2726,14
16-7-2019,24.02,Horizon,14,7,4370,17
5-12-2020,27.42,Revenant,3,3,1482,19
9-11-2020,27.46,Lifeline,3,1,1172,3
14-6-2020,8.44,Revenant,2,10,2562,4
11-7-2021,8.15,Gibraltar,9,5,2689,5
28-5-2019,14.45,Rampart,4,9,2376,5
18-11-2021,20.4,Mad Maggie,13,8,4322,8
24-8-2020,3.56,Bangalore,11,12,6554,9
19-10-2021,20.75,Pathfinder,2,1,663,20
1-10-2021,22.61,Revenant,3,1,689,3
22-12-2019,14.87,Gibraltar,4,9,3013,11
7-3-2022,27.09,Mad Maggie,7,7,3112,9
6-5-2022,11.65,Mirage,4,13,4293,14
2-3-2022,17.76,Mad Maggie,8,5,4260,17
29-9-2021,9.55,Mad Maggie,8,13,6197,10
29-3-2020,5.36,Gibraltar,0,3,801,16
16-5-2019,8.69,Valkyrie,2,5,1686,7
23-3-2019,7.61,Rampart,2,2,1009,17
5-5-2022,15.57,Pathfinder,3,4,1284,8
27-8-2019,5.0,Gibraltar,5,4,2787,6
20-1-2021,10.3,Horizon,13,7,6888,15
15-9-2019,5.09,Bloodhound,8,9,5736,11
29-9-2021,17.5,Gibraltar,2,2,1034,14
5-9-2019,0.54,Mad Maggie,7,2,2739,12
7-6-2022,21.05,Gibraltar,4,8,2720,10
25-9-2022,16.17,Revenant,4,3,2240,19
3-6-2020,2.56,Gibraltar,4,6,2656,1
8-2-2022,25.13,Gibraltar,7,6,3950,8
26-12-2021,13.9,Rampart,13,7,7182,3
14-12-2022,14.05,Octane,3,0,629,9
31-5-2020,7.28,Octane,1,2,993,4
12-6-2021,11.76,Horizon,2,2,1236,1
11-4-2022,12.21,Wraith,3,10,3872,20
26-6-2021,11.61,Wraith,4,9,2586,14
16-10-2020,7.83,Horizon,6,5,3051,19
1-3-2020,3.07,Mad Maggie,10,6,5708,18
7-5-2019,24.66,Mad Maggie,5,2,1532,7
27-9-2022,7.59,Valkyrie,4,1,1502,2
8-9-2019,22.89,Octane,4,3,2278,14
6-4-2022,20.01,Horizon,4,11,5344,2
12-6-2022,2.2,Valkyrie,5,11,3945,9
6-8-2021,23.83,Bangalore,5,7,3939,4
20-6-2020,17.43,Octane,13,16,6141,6
7-11-2019,12.35,Mirage,1,0,223,13
18-2-2021,21.27,Gibraltar,1,2,807,14
14-2-2019,27.91,Bangalore,3,5,2150,7
3-3-2022,0.84,Mirage,4,5,1948,8
27-11-2020,21.52,Pathfinder,7,4,4095,16
26-10-2021,3.87,Wraith,12,5,4452,14
1-6-2021,11.01,Gibraltar,7,6,4149,3
18-3-2019,18.31,Horizon,0,0,0,18
23-2-2022,3.49,Horizon,2,5,1759,10
19-9-2021,29.77,Octane,11,7,5091,6
11-8-2022,13.89,Bangalore,7,6,4592,15
18-2-2020,6.75,Wraith,8,5,3391,8
21-4-2022,25.09,Bloodhound,7,14,6918,10
30-12-2020,11.63,Bloodhound,7,9,5254,6
28-10-2020,10.83,Valkyrie,1,2,939,4
26-1-2022,11.68,Revenant,1,5,2065,12
15-3-2019,4.52,Revenant,9,3,4120,3
28-6-2020,14.2,Pathfinder,6,6,3938,14
10-5-2020,5.04,Revenant,12,5,6085,15
12-12-2022,10.57,Bloodhound,5,6,2914,16
1-4-2019,0.65,Horizon,6,9,5486,19
3-10-2019,23.08,Pathfinder,2,1,927,5
2-8-2021,19.13,Bangalore,9,3,3788,15
14-5-2021,17.66,Revenant,5,9,3320,10
23-4-2019,24.74,Gibraltar,4,4,2037,10
30-12-2022,5.16,Horizon,4,5,3428,4
24-1-2021,19.15,Horizon,11,6,5857,12
16-12-2022,3.4,Horizon,6,8,4839,11
31-5-2019,1.01,Bangalore,0,6,1867,4
23-8-2022,23.43,Octane,8,2,2570,17
6-5-2022,1.64,Octane,2,11,3225,13
15-1-2020,23.18,Lifeline,6,4,3352,15
16-2-2021,5.24,Bangalore,6,6,3707,4
20-12-2020,29.1,Bangalore,7,7,3652,8
31-5-2020,4.32,Valkyrie,6,8,3787,6
8-8-2022,5.24,Revenant,0,1,297,7
1-8-2021,29.08,Rampart,1,5,2308,8
25-9-2021,16.28,Lifeline,3,3,1697,15
28-10-2021,18.24,Bloodhound,6,7,4133,18
28-12-2022,23.66,Valkyrie,7,6,3561,19
19-7-2020,7.47,Valkyrie,6,12,5354,19
2-4-2019,25.14,Bangalore,7,11,5982,8
13-6-2020,26.44,Octane,3,1,1067,8
20-1-2022,28.26,Wraith,1,1,647,15
5-3-2021,15.76,Bangalore,4,4,2932,12
7-8-2020,14.44,Bangalore,9,7,4298,9
9-9-2022,15.34,Valkyrie,6,5,4445,3
26-7-2022,29.33,Mirage,8,6,3821,7
27-8-2019,21.39,Mad Maggie,8,6,2507,12
15-11-2019,3.85,Octane,1,4,932,12
12-10-2020,16.21,Valkyrie,3,4,481,12
23-6-2022,20.71,Bloodhound,8,5,2103,3
25-1-2020,16.76,Bangalore,4,6,556,10
24-2-2021,27.14,Valkyrie,6,6,1354,14
16-9-2020,1.55,Pathfinder,9,9,2808,6
8-8-2022,20.41,Rampart,7,7,2069,14
21-11-2020,7.64,Gibraltar,4,6,1095,13
19-6-2021,28.09,Revenant,3,3,465,8
3-1-2022,6.28,Wraith,2,4,1280,1
30-11-2022,16.58,Gibraltar,4,7,1793,10
12-11-2021,25.94,Revenant,7,5,1278,18
29-5-2021,29.17,Revenant,9,7,3312,15
28-1-2020,22.95,Wraith,16,6,4181,15
3-10-2021,23.24,Gibraltar,4,0,488,14
15-6-2020,23.81,Mirage,3,1,761,6
16-12-2019,23.82,Bangalore,2,3,375,6
13-9-2020,27.96,Gibraltar,5,5,1442,20
11-1-2022,26.4,Bloodhound,5,7,1448,7
12-11-2020,12.03,Lifeline,5,11,3132,11
26-4-2020,8.51,Mad Maggie,6,6,2018,20
26-7-2019,21.9,Mad Maggie,7,0,1679,1
3-6-2019,13.94,Revenant,8,1,851,15
11-1-2022,0.21,Gibraltar,3,3,561,8
12-4-2020,9.91,Octane,8,10,1887,4
22-9-2019,9.92,Bloodhound,11,5,2393,18
24-11-2019,19.5,Mad Maggie,5,10,3358,3
17-11-2022,6.99,Valkyrie,10,8,1850,2
15-12-2020,5.74,Lifeline,1,5,1227,16
24-6-2021,25.31,Bloodhound,2,2,445,16
7-5-2021,1.4,Rampart,7,8,1315,6
18-11-2020,13.66,Rampart,7,5,2695,17
13-5-2020,0.86,Octane,7,5,2553,4
27-2-2021,5.4,Valkyrie,5,8,1906,18
13-10-2021,14.55,Horizon,11,11,2588,1
3-1-2020,8.85,Lifeline,0,3,648,15
14-9-2019,17.51,Gibraltar,1,3,579,20
26-9-2021,5.62,Octane,4,5,1770,19
26-7-2019,20.71,Valkyrie,6,7,2292,16
22-8-2022,26.26,Mirage,8,6,2693,18
13-7-2022,10.21,Bloodhound,11,6,3154,13
27-8-2020,24.05,Gibraltar,10,10,4453,16
2-10-2020,17.57,Valkyrie,4,1,571,16
2-4-2022,28.59,Gibraltar,11,4,2240,2
27-5-2020,11.66,Revenant,5,2,1221,6
8-2-2020,7.29,Mirage,4,5,1765,6
16-7-2019,27.27,Pathfinder,10,4,3748,11
28-1-2020,22.71,Revenant,9,5,3375,5
12-3-2021,1.74,Revenant,6,11,2501,12
14-8-2019,26.61,Rampart,0,9,967,17
29-11-2021,11.62,Revenant,3,2,749,11
1-4-2021,15.89,Lifeline,2,6,1383,7
11-4-2022,18.42,Horizon,7,7,3232,16
14-1-2020,17.27,Lifeline,4,5,1567,16
5-3-2021,17.54,Bloodhound,6,13,3867,5
30-4-2021,23.66,Revenant,9,10,3443,6
15-10-2019,15.1,Gibraltar,3,1,739,2
9-2-2021,26.07,Horizon,1,3,891,3
14-12-2020,12.82,Horizon,3,7,1622,14
30-6-2020,22.46,Bloodhound,10,10,4317,1
1-9-2021,19.85,Lifeline,6,5,2609,9
18-12-2019,7.79,Mirage,11,7,2351,11
4-8-2021,17.61,Lifeline,7,9,3830,18
3-4-2021,29.05,Bangalore,5,6,2400,11
21-5-2020,16.93,Octane,3,6,1637,19
19-5-2022,20.75,Octane,9,5,3252,15
21-7-2020,5.0,Mirage,5,3,1579,5
24-10-2020,23.46,Gibraltar,5,4,1293,16
25-9-2022,20.61,Mad Maggie,9,14,2877,8
10-6-2021,2.06,Rampart,7,6,1887,14
6-12-2021,1.81,Wraith,0,0,0,9
18-3-2021,29.96,Pathfinder,3,4,1129,14
18-6-2022,29.48,Revenant,3,6,1801,5
23-11-2019,16.33,Wraith,7,3,1807,6
3-7-2019,6.84,Octane,5,6,1985,10
11-12-2020,13.54,Valkyrie,10,11,3457,20
20-10-2022,21.1,Bloodhound,8,7,2458,1
13-12-2021,3.49,Octane,5,5,2153,9
21-2-2020,8.44,Wraith,7,5,2474,14
6-6-2020,0.42,Lifeline,3,6,1237,4
11-4-2021,6.88,Revenant,4,4,1912,9
27-4-2020,0.75,Mirage,4,8,1944,20
11-6-2020,0.93,Gibraltar,5,8,2096,11
21-2-2019,6.48,Horizon,13,6,3843,4
3-6-2020,24.87,Revenant,8,1,2799,6
14-9-2020,9.24,Octane,8,1,1988,6
7-4-2019,20.19,Horizon,9,5,2648,8
22-4-2020,11.85,Revenant,4,3,1413,20
2-4-2019,19.31,Revenant,5,12,2825,14
4-5-2022,18.18,Revenant,5,11,4701,13
9-7-2022,10.79,Valkyrie,7,11,3596,5
17-8-2021,10.25,Rampart,1,6,1452,16
19-6-2019,25.19,Mad Maggie,7,4,2653,12
9-7-2021,3.63,Gibraltar,2,2,1018,9
2-12-2020,23.27,Wraith,3,7,2037,3
17-2-2020,23.05,Valkyrie,7,8,2769,2
1-5-2019,2.66,Gibraltar,5,11,4092,6
25-10-2019,5.69,Bangalore,7,7,2634,19
29-5-2019,24.09,Rampart,0,3,613,1
11-12-2019,11.36,Lifeline,5,3,1621,18
16-3-2020,15.71,Mirage,2,12,2576,17
1-5-2022,6.27,Pathfinder,4,5,2302,12
4-10-2022,3.71,Mad Maggie,4,6,1733,7
6-6-2021,25.01,Lifeline,8,8,2873,20
26-2-2019,23.06,Lifeline,9,11,4739,14
16-1-2021,27.36,Valkyrie,4,2,1946,14
9-4-2019,0.5,Rampart,10,3,2841,3
4-2-2022,16.0,Rampart,2,4,1534,2
6-12-2020,1.44,Rampart,3,4,1879,16
28-5-2019,9.86,Mirage,5,4,2017,19
7-7-2021,24.99,Lifeline,6,11,2844,13
11-6-2019,28.57,Lifeline,9,9,5276,18
23-4-2022,13.34,Octane,1,0,303,9
5-10-2022,6.57,Revenant,3,5,1868,2
3-4-2020,19.79,Revenant,2,8,1796,19
12-11-2019,7.86,Gibraltar,3,7,2103,13
22-5-2019,6.79,Rampart,9,8,5429,8
15-5-2020,15.41,Rampart,7,7,2591,13
29-7-2020,10.99,Mad Maggie,6,7,2580,9
21-6-2019,15.07,Pathfinder,1,3,1280,9
11-6-2019,26.44,Valkyrie,1,5,1798,3
21-4-2020,18.28,Lifeline,6,4,2209,6
6-3-2021,26.07,Valkyrie,4,9,3750,2
8-6-2022,1.1,Pathfinder,6,13,5606,10
28-8-2019,9.1,Bangalore,5,8,4271,11
17-11-2019,27.96,Bangalore,6,6,3433,16
27-8-2020,5.55,Bangalore,2,4,1973,12
10-11-2021,26.93,Mirage,5,8,2983,16
30-4-2019,12.47,Horizon,5,9,3691,13
20-6-2020,23.11,Bangalore,4,4,1788,6
6-1-2020,17.09,Mirage,6,9,5003,20
22-6-2021,27.64,Valkyrie,10,8,3810,13
31-7-2019,21.5,Horizon,9,9,5201,11
10-2-2021,8.97,Octane,1,2,770,12
1-2-2020,14.37,Rampart,1,6,1493,16
27-10-2021,12.55,Valkyrie,3,2,1518,2
15-11-2019,5.64,Bangalore,8,4,3776,13
22-4-2019,10.17,Gibraltar,8,5,4002,10
29-5-2022,6.98,Mirage,8,7,3209,13
16-5-2020,20.11,Lifeline,7,7,4278,2
23-4-2020,22.13,Lifeline,6,2,1648,5
26-4-2021,16.37,Rampart,4,4,2698,8
8-4-2022,0.65,Wraith,2,9,2355,4
6-5-2020,26.54,Horizon,7,5,3519,5
22-11-2022,16.59,Wraith,7,7,3173,15
28-10-2021,8.03,Mirage,5,5,2093,6
18-6-2019,5.7,Pathfinder,7,8,3245,8
25-7-2022,16.75,Mad Maggie,1,2,785,10
21-5-2021,9.78,Lifeline,1,7,1613,13
17-7-2019,12.98,Lifeline,3,3,1227,19
3-5-2019,11.02,Lifeline,5,4,2836,14
20-11-2022,1.96,Mirage,6,4,3678,2
28-8-2020,0.49,Bangalore,5,7,2692,9
16-10-2020,11.66,Mad Maggie,6,8,4944,19
4-9-2019,23.38,Mirage,6,6,2918,3
21-5-2019,8.67,Mad Maggie,5,2,2398,16
14-11-2019,21.87,Wraith,3,7,2776,3
4-7-2020,21.82,Horizon,5,4,2544,1
20-2-2020,13.08,Lifeline,6,8,3891,4
3-3-2019,7.39,Gibraltar,6,9,3676,8
26-9-2022,8.33,Gibraltar,9,12,4841,11
1-1-2020,6.76,Revenant,0,1,238,9
4-2-2022,27.1,Horizon,5,2,2512,4
5-6-2022,0.17,Wraith,2,2,1146,2
1-12-2020,19.15,Mad Maggie,8,3,3743,9
24-12-2022,18.01,Mad Maggie,10,6,5249,10
28-5-2020,6.49,Mad Maggie,6,11,5845,16
4-10-2022,17.82,Valkyrie,7,7,5167,18
19-9-2019,3.45,Lifeline,3,0,1123,15
24-8-2021,18.66,Lifeline,6,3,2801,20
10-12-2019,3.0,Wraith,4,8,4028,3
27-4-2020,24.0,Pathfinder,4,4,3087,1
29-10-2022,10.51,Revenant,4,4,2461,18
30-6-2020,2.55,Octane,12,8,5929,17
21-3-2021,13.66,Mirage,6,6,3687,15
8-5-2022,24.61,Rampart,2,2,1184,4
23-3-2021,28.81,Rampart,9,5,5092,13
20-5-2019,4.52,Valkyrie,2,3,1522,1
21-10-2020,16.65,Valkyrie,11,10,6787,12
26-3-2022,27.56,Gibraltar,11,5,5157,6
10-7-2019,15.66,Bangalore,6,6,3605,18
23-11-2019,7.36,Valkyrie,9,7,6101,16
23-8-2022,0.65,Revenant,2,3,1904,5
23-2-2022,13.52,Bloodhound,3,2,1378,12
15-8-2019,24.59,Gibraltar,2,4,1767,7
25-11-2022,1.15,Octane,3,4,1959,15
18-11-2020,4.47,Bloodhound,7,6,4655,4
11-7-2021,0.89,Mirage,10,9,6256,4
24-8-2022,28.77,Mad Maggie,11,8,5976,12
24-10-2019,29.77,Lifeline,5,7,3960,12
20-6-2021,15.48,Mirage,5,3,3023,18
20-4-2022,13.14,Valkyrie,2,5,1860,10
14-1-2021,22.6,Pathfinder,4,10,3878,7
15-11-2022,29.93,Lifeline,5,6,3422,17
22-2-2019,27.62,Gibraltar,5,10,4565,14
23-1-2022,29.26,Octane,7,8,5016,18
12-5-2021,14.24,Horizon,8,1,3840,9
6-1-2022,15.81,Revenant,10,5,4188,2
5-10-2021,10.31,Rampart,3,2,1543,1
9-3-2020,9.55,Wraith,5,8,1520,19
19-11-2022,23.29,Valkyrie,11,6,1959,10
27-9-2020,22.94,Horizon,12,7,2894,10
19-7-2020,28.09,Mirage,13,9,3876,12
16-2-2019,11.31,Gibraltar,0,0,0,20
15-9-2019,12.98,Bangalore,8,1,1208,12
28-11-2022,27.92,Lifeline,3,3,854,4
11-4-2021,8.15,Horizon,11,6,3620,8
5-12-2021,15.27,Pathfinder,4,6,1501,12
24-1-2020,13.91,Lifeline,10,5,3236,3
19-1-2021,17.82,Mirage,7,8,2857,17
5-4-2019,18.19,Octane,2,7,750,8
28-8-2020,12.93,Bangalore,5,1,696,8
16-7-2021,13.29,Pathfinder,2,6,858,10
9-10-2021,18.59,Octane,7,4,1347,4
9-10-2021,19.46,Pathfinder,10,5,3301,3
17-2-2021,13.43,Gibraltar,6,6,2331,19
26-1-2020,15.07,Gibraltar,9,6,3236,16
17-11-2019,13.91,Valkyrie,0,0,0,10
16-7-2019,24.49,Revenant,4,3,935,9
5-8-2020,3.9,Gibraltar,9,4,2940,8
16-6-2021,13.25,Mad Maggie,5,4,1102,20
29-1-2020,3.22,Octane,4,5,1358,6
6-12-2021,19.96,Bloodhound,10,5,1984,10
26-8-2019,14.3,Octane,7,6,2448,11
14-2-2019,5.35,Horizon,1,1,420,12
11-4-2021,10.95,Gibraltar,1,2,386,3
28-11-2019,12.66,Horizon,4,2,1136,3
30-4-2020,24.72,Valkyrie,4,4,1122,1
28-8-2020,18.77,Bloodhound,5,5,1689,13
3-8-2022,10.13,Revenant,5,7,2163,10
7-11-2020,26.42,Octane,6,15,4683,12
10-10-2022,21.67,Horizon,0,0,0,7
28-10-2019,11.08,Gibraltar,6,3,1921,9
22-8-2022,3.47,Mad Maggie,8,5,3168,6
28-7-2022,16.31,Mirage,4,11,2771,10
20-7-2022,18.42,Pathfinder,5,6,2419,19
18-2-2019,1.42,Horizon,11,7,2519,3
22-5-2020,17.16,Revenant,6,6,1680,2
12-1-2021,7.72,Wraith,1,2,563,5
15-7-2020,22.03,Mad Maggie,3,6,832,8
28-8-2019,20.81,Revenant,9,6,2528,17
29-9-2022,8.39,Gibraltar,3,5,904,19
23-7-2019,23.45,Pathfinder,10,6,2397,16
13-5-2020,22.51,Wraith,12,7,3180,20
20-4-2020,20.1,Rampart,9,6,2941,1
26-11-2020,24.21,Pathfinder,0,5,799,18
30-9-2022,9.61,Wraith,2,1,584,11
11-5-2020,15.29,Lifeline,2,5,1428,4
18-1-2021,8.93,Rampart,3,3,1090,10
1-4-2022,16.34,Bloodhound,9,12,2564,2
25-2-2019,28.8,Horizon,6,9,3375,10
30-11-2021,23.03,Bloodhound,7,10,3114,20
24-12-2022,19.65,Mad Maggie,2,6,1469,18
13-6-2020,10.98,Revenant,1,2,773,13
11-7-2021,2.0,Mirage,5,3,1745,20
12-4-2020,28.56,Revenant,7,6,2291,4
30-4-2021,14.85,Bloodhound,7,6,3390,1
25-10-2022,23.82,Octane,6,7,2838,12
18-7-2019,20.51,Revenant,10,14,2775,4
4-3-2022,3.49,Octane,1,2,523,6
10-10-2019,16.17,Rampart,3,4,872,1
28-10-2022,19.86,Valkyrie,3,3,767,14
25-10-2020,10.81,Valkyrie,4,4,1121,6
4-8-2020,22.04,Bangalore,11,5,2748,9
15-11-2019,15.77,Mad Maggie,8,6,1672,7
8-10-2020,6.05,Octane,11,6,3584,6
26-3-2022,3.76,Valkyrie,0,1,179,6
14-4-2019,29.08,Horizon,4,10,3588,18
30-10-2022,29.22,Mirage,2,4,1172,20
11-5-2019,9.04,Bloodhound,3,3,995,14
7-5-2020,25.45,Wraith,8,7,2780,10
4-12-2021,24.27,Valkyrie,10,9,2745,19
9-8-2020,0.14,Revenant,12,11,6020,11
14-12-2022,3.57,Valkyrie,1,4,779,5
20-5-2020,10.43,Revenant,4,2,1614,7
26-4-2022,8.94,Wraith,2,2,562,2
6-11-2022,23.47,Bloodhound,6,8,2467,5
25-2-2022,20.87,Pathfinder,7,5,2776,20
29-4-2021,9.95,Horizon,5,10,2934,1
2-3-2019,22.61,Bangalore,7,8,2667,17
2-11-2021,8.65,Mad Maggie,1,4,1007,1
5-6-2022,10.25,Lifeline,1,5,1318,20
7-9-2019,21.31,Revenant,6,5,2888,17
23-12-2021,18.82,Octane,5,9,4135,17
19-6-2020,0.34,Pathfinder,5,11,3876,11
23-7-2022,17.22,Mad Maggie,11,9,3189,6
19-8-2020,10.92,Lifeline,8,9,3683,14
27-6-2019,21.72,Mirage,3,2,907,15
3-6-2019,26.41,Octane,2,3,1435,19
20-7-2021,28.87,Revenant,3,3,927,15
18-4-2022,5.08,Lifeline,7,5,1910,13
3-8-2022,29.77,Bloodhound,6,8,2476,11
29-1-2020,21.15,Mad Maggie,11,5,4279,3
15-5-2021,1.96,Rampart,9,12,4626,11
8-10-2021,3.93,Rampart,3,1,746,16
3-3-2019,17.33,Horizon,1,2,862,16
27-10-2022,13.23,Bangalore,2,6,1469,15
13-10-2019,9.95,Revenant,6,3,1954,3
26-6-2019,6.61,Mirage,6,5,2909,13
3-5-2021,22.83,Mad Maggie,8,8,4984,2
27-7-2022,9.19,Octane,7,6,3294,1
14-12-2020,6.38,Rampart,4,3,1159,4
1-8-2022,16.07,Rampart,5,1,1765,11
5-8-2019,29.9,Pathfinder,10,8,4434,5
9-10-2021,28.54,Mad Maggie,7,10,3980,19
5-11-2020,25.47,Wraith,6,10,3589,6
17-7-2019,22.64,Gibraltar,7,10,4879,15
26-9-2020,5.6,Bangalore,7,9,2796,14
13-3-2019,17.05,Valkyrie,3,4,2211,20
12-9-2020,10.6,Octane,1,4,1048,15
16-5-2020,3.92,Valkyrie,4,5,1777,10
27-12-2020,7.39,Horizon,5,10,2687,8
20-5-2021,27.39,Valkyrie,5,5,2668,17
7-7-2019,13.97,Horizon,6,12,3560,10
5-6-2019,20.67,Gibraltar,9,8,4845,1
18-8-2021,9.08,Pathfinder,4,7,3160,15
1-4-2022,11.53,Gibraltar,5,3,1924,14
12-8-2020,13.9,Mirage,3,4,2309,9
24-8-2022,8.88,Valkyrie,3,7,1838,17
5-11-2019,20.48,Bloodhound,11,4,3947,11
24-8-2019,27.05,Gibraltar,15,9,7178,14
1-12-2020,4.08,Wraith,6,9,3129,8
4-7-2019,10.01,Mad Maggie,4,4,2668,18
19-10-2021,28.86,Gibraltar,3,1,1247,13
26-2-2020,25.93,Horizon,6,5,3743,11
14-3-2022,15.72,Bangalore,4,7,2408,17
5-3-2020,3.36,Revenant,6,10,5304,18
23-2-2020,2.32,Horizon,5,6,2076,6
7-5-2021,18.61,Bangalore,6,7,2584,7
22-8-2021,0.85,Mad Maggie,2,1,789,4
26-10-2021,24.07,Lifeline,4,6,3129,18
21-7-2020,14.27,Mad Maggie,5,3,2297,8
19-12-2021,11.49,Mad Maggie,7,4,2939,11
24-10-2022,4.68,Gibraltar,4,8,4045,2
17-5-2019,25.55,Valkyrie,13,6,4596,2
17-8-2019,2.8,Rampart,7,8,4779,12
21-11-2020,14.31,Lifeline,0,7,2212,20
26-6-2020,22.86,Bloodhound,4,4,2360,3
19-5-2020,21.74,Gibraltar,8,9,4405,11
19-6-2020,2.02,Valkyrie,4,3,1512,11
7-2-2020,2.11,Mirage,5,5,3432,10
4-11-2020,7.7,Wraith,11,7,5448,2
3-11-2020,20.22,Horizon,8,6,3073,18
11-5-2021,24.38,Horizon,1,6,1762,10
13-12-2019,6.04,Horizon,1,1,652,4
9-3-2021,9.89,Mirage,3,3,1893,15
29-7-2020,9.81,Gibraltar,12,8,6379,3
27-1-2022,11.68,Valkyrie,6,5,2672,6
17-6-2021,17.86,Revenant,6,5,3788,3
18-12-2021,1.15,Wraith,8,7,5316,4
7-5-2019,24.23,Mad Maggie,3,7,2513,11
2-8-2022,22.7,Rampart,2,4,1700,8
6-6-2020,10.36,Valkyrie,7,8,3332,8
16-11-2020,25.5,Rampart,6,11,4801,20
30-5-2022,11.04,Revenant,9,5,4673,3
10-8-2019,20.94,Pathfinder,8,10,5598,7
24-2-2020,28.57,Bangalore,10,12,6536,2
24-7-2020,27.42,Wraith,5,8,3738,17
20-1-2021,10.99,Mirage,6,7,4262,10
4-6-2021,26.96,Valkyrie,9,2,2820,6
9-2-2021,28.91,Revenant,6,12,6029,16
12-8-2020,13.2,Gibraltar,10,8,4834,5
7-1-2021,26.17,Mad Maggie,6,6,4329,5
13-7-2022,18.19,Lifeline,11,6,5967,2
28-9-2021,22.41,Bloodhound,1,1,729,10
15-12-2019,6.25,Bloodhound,2,7,2208,15
5-6-2020,6.01,Octane,7,4,3387,17
10-9-2021,24.16,Mad Maggie,4,11,4995,18
20-1-2020,11.16,Rampart,4,8,3932,5
1-6-2021,4.43,Mirage,5,5,2884,19
18-11-2019,21.17,Rampart,14,6,5656,15
19-6-2020,19.01,Revenant,3,4,1964,8
21-7-2022,20.12,Horizon,2,3,1243,5
6-9-2020,2.39,Lifeline,3,8,3874,19
23-11-2019,1.7,Mirage,4,3,1748,7
24-7-2022,10.51,Mad Maggie,9,4,3660,16
9-9-2020,0.34,Mirage,9,5,4965,4
16-4-2020,7.43,Mad Maggie,8,9,5616,18
9-12-2022,27.2,Lifeline,5,1,2323,9
21-10-2021,12.55,Revenant,1,1,478,8
12-2-2021,8.84,Mad Maggie,2,2,1087,18
29-12-2021,10.12,Revenant,3,3,1543,1
17-3-2020,4.44,Gibraltar,10,4,5550,10
26-2-2022,18.08,Bangalore,9,7,4423,20
14-2-2019,16.46,Rampart,8,13,6978,4
26-12-2020,25.46,Mirage,3,1,1636,7
10-8-2020,26.31,Wraith,1,1,759,16
17-8-2020,21.74,Bangalore,3,4,2698,6
28-12-2019,23.54,Octane,6,3,3647,13
2-9-2019,19.07,Lifeline,6,13,6047,20
26-11-2022,0.26,Bloodhound,6,5,3522,13
5-5-2022,29.26,Bloodhound,7,7,3689,19
28-9-2019,6.26,Valkyrie,9,0,3314,5
18-10-2020,20.34,Gibraltar,3,2,1772,19
4-8-2019,24.04,Mirage,3,5,2116,2
6-6-2020,25.39,Revenant,8,8,5418,11
4-1-2020,11.2,Bloodhound,5,10,4237,8
26-1-2021,27.58,Gibraltar,7,6,4717,11
25-9-2020,15.01,Lifeline,13,13,10737,1
24-5-2021,28.56,Lifeline,2,10,820,9
21-11-2020,9.74,Octane,5,2,659,4
25-9-2021,26.65,Pathfinder,11,7,1938,2
28-6-2019,15.72,Lifeline,7,5,2619,20
25-7-2021,26.91,Bangalore,13,8,1778,12
22-10-2019,21.91,Revenant,6,12,1490,13
17-4-2019,16.98,Horizon,14,8,2239,20
7-8-2019,26.96,Octane,4,0,630,19
25-5-2019,13.36,Rampart,2,5,1019,15
24-4-2020,20.61,Mirage,5,4,1131,8
27-12-2022,29.16,Bloodhound,10,3,1392,10
17-8-2021,24.0,Revenant,11,5,3546,9
29-11-2019,11.51,Bangalore,5,13,1481,19
11-12-2019,21.29,Octane,6,7,1204,16
10-2-2022,25.52,Bloodhound,2,3,676,19
20-4-2019,12.95,Valkyrie,2,6,1111,8
9-1-2020,14.77,Octane,2,2,683,16
5-6-2020,26.64,Bangalore,6,4,1957,17
1-9-2020,21.43,Pathfinder,12,5,3573,15
14-2-2021,2.87,Octane,6,11,1487,19
16-4-2021,6.26,Mirage,6,14,2373,2
14-12-2021,8.84,Octane,1,1,270,12
17-2-2020,9.05,Octane,4,3,697,10
21-9-2019,18.2,Octane,5,3,843,6
18-7-2022,18.86,Gibraltar,6,5,1056,10
10-10-2022,2.07,Octane,6,4,1741,20
29-9-2022,17.82,Revenant,5,7,1501,2
17-7-2019,24.29,Bangalore,7,7,1300,17
8-7-2020,2.74,Mad Maggie,9,0,1662,6
14-4-2019,2.5,Pathfinder,1,9,1201,1
17-2-2019,12.34,Bangalore,2,5,1138,2
18-10-2020,19.04,Bloodhound,11,6,2531,18
18-4-2020,9.02,Revenant,9,4,2293,7
4-11-2022,22.19,Gibraltar,10,7,2667,7
19-8-2019,27.77,Pathfinder,10,6,1866,2
14-4-2019,7.82,Pathfinder,3,5,1894,13
8-6-2019,10.06,Rampart,3,1,976,7
16-12-2020,19.71,Octane,4,2,595,14
2-1-2022,13.59,Mad Maggie,7,7,2780,14
5-11-2020,3.28,Horizon,9,5,1540,20
15-3-2019,12.23,Pathfinder,8,7,3820,13
4-8-2020,1.47,Bloodhound,6,6,2960,8
17-1-2020,9.59,Gibraltar,0,0,0,5
20-8-2022,17.14,Horizon,4,6,1507,10
11-6-2022,18.01,Pathfinder,5,7,2521,14
27-6-2021,11.46,Pathfinder,3,9,2036,11
30-12-2020,28.45,Bloodhound,6,4,2407,12
24-5-2019,18.66,Mirage,5,7,1706,19
29-5-2021,15.74,Bloodhound,11,10,5087,4
18-9-2020,7.99,Revenant,0,0,0,4
14-8-2021,29.52,Octane,3,2,782,19
4-9-2021,5.13,Gibraltar,2,7,1034,2
26-9-2022,23.6,Wraith,7,4,1340,18
18-11-2022,15.85,Lifeline,5,4,1333,1
10-2-2021,26.17,Lifeline,5,8,2666,12
7-4-2021,6.89,Bangalore,7,8,1887,18
1-3-2021,12.55,Mirage,1,0,185,11
7-10-2019,21.03,Bangalore,2,6,1068,5
15-9-2020,6.18,Mad Maggie,2,3,1240,10
11-7-2020,24.51,Bloodhound,6,5,2472,9
27-8-2021,1.25,Rampart,4,8,2615,9
12-8-2020,14.95,Octane,10,7,4514,6
5-9-2021,12.75,Horizon,6,9,1765,6
3-12-2022,7.71,Gibraltar,7,5,3327,18
17-10-2019,17.87,Valkyrie,3,6,2251,11
27-9-2022,9.3,Rampart,3,3,747,17
28-10-2022,17.86,Horizon,6,5,1898,8
14-8-2022,20.77,Horizon,6,13,4294,7
12-4-2022,23.54,Mirage,6,7,3302,8
24-7-2020,16.0,Horizon,14,10,5296,13
10-9-2019,23.86,Revenant,1,4,1057,18
7-6-2020,12.24,Valkyrie,2,1,803,5
28-4-2021,19.63,Pathfinder,6,3,2101,6
16-11-2022,25.21,Wraith,12,6,5067,14
8-3-2021,23.52,Bloodhound,9,7,3067,9
26-9-2021,2.62,Wraith,13,10,6359,18
21-5-2019,18.64,Octane,9,10,5188,2
3-12-2020,29.24,Rampart,1,5,1349,17
7-9-2020,29.34,Mirage,2,4,1440,12
12-7-2022,26.11,Wraith,3,3,845,19
15-6-2019,27.04,Octane,5,4,1831,18
14-1-2022,14.64,Mad Maggie,4,4,2037,6
24-11-2022,26.31,Valkyrie,5,10,2742,6
15-5-2022,16.82,Mad Maggie,8,11,4789,4
15-1-2022,24.61,Mirage,1,2,613,10
4-7-2021,7.02,Lifeline,2,1,615,9
16-7-2021,24.29,Bangalore,2,6,1209,16
6-12-2021,18.96,Mirage,4,3,1202,11
3-5-2021,25.98,Wraith,8,4,3751,8
20-7-2020,22.09,Wraith,7,6,1996,9
23-9-2021,26.12,Bloodhound,7,8,2877,18
4-9-2021,20.04,Rampart,8,1,2135,12
13-9-2020,25.64,Rampart,3,5,1810,12
15-9-2019,8.98,Bloodhound,6,4,2984,13
21-4-2021,21.36,Mad Maggie,3,3,1559,1
3-4-2020,4.58,Pathfinder,4,7,2863,6
24-10-2021,25.99,Octane,9,7,2622,5
14-4-2022,25.56,Horizon,9,8,5220,5
6-12-2022,20.62,Gibraltar,1,2,704,4
18-11-2022,13.76,Bangalore,9,1,2241,11
10-2-2021,8.35,Horizon,3,5,2027,1
10-11-2021,5.22,Gibraltar,4,10,3680,20
5-3-2019,2.31,Mirage,6,5,3453,9
29-11-2022,24.86,Lifeline,8,8,3963,14
28-3-2022,18.47,Valkyrie,8,13,4772,2
25-4-2021,19.77,Wraith,7,4,3199,7
18-10-2019,24.79,Wraith,3,4,1866,3
5-12-2020,10.1,Rampart,4,9,2110,15
24-10-2021,23.76,Lifeline,4,8,2997,11
12-4-2019,7.06,Mad Maggie,8,5,3585,9
2-10-2019,19.12,Mirage,5,6,1952,9
27-9-2022,28.04,Mad Maggie,7,9,2705,18
6-1-2022,3.67,Mirage,2,2,1041,2
29-5-2021,13.32,Horizon,1,5,1638,4
3-10-2021,16.43,Gibraltar,3,3,1829,13
9-10-2021,3.17,Mad Maggie,10,3,2832,9
27-3-2021,10.53,Valkyrie,5,5,2982,3
30-8-2021,18.87,Valkyrie,5,6,2113,14
21-11-2019,1.4,Pathfinder,11,6,5163,9
26-8-2022,20.94,Bangalore,5,1,2070,16
20-8-2021,3.26,Bangalore,4,6,3041,19
18-3-2020,27.53,Horizon,4,6,2787,11
9-3-2022,25.6,Bangalore,4,4,1874,1
22-10-2021,14.84,Bangalore,5,9,3625,10
30-4-2019,15.88,Mirage,9,10,5984,11
11-11-2019,15.6,Lifeline,11,6,4493,17
7-11-2019,4.01,Lifeline,3,4,2257,2
20-2-2020,27.7,Bangalore,5,1,1736,5
5-10-2022,4.94,Pathfinder,6,2,2199,13
17-12-2022,26.55,Valkyrie,9,3,3211,12
2-6-2019,10.6,Valkyrie,6,7,4138,5
22-2-2020,3.99,Bloodhound,5,6,2817,3
22-5-2020,27.58,Octane,8,12,5687,20
4-11-2022,26.21,Mad Maggie,5,2,1650,1
12-1-2021,18.46,Mad Maggie,4,4,1964,13
14-7-2021,22.33,Lifeline,4,5,2956,6
2-8-2021,12.91,Valkyrie,4,3,1366,14
19-1-2022,19.77,Horizon,5,7,3277,2
23-8-2021,27.04,Horizon,7,5,3195,19
22-12-2019,14.48,Mirage,7,7,3393,12
27-5-2022,19.4,Mirage,5,2,1818,4
23-4-2022,24.18,Horizon,2,11,3090,11
29-1-2020,24.72,Wraith,5,3,1959,11
25-10-2020,22.6,Wraith,4,7,2933,12
10-9-2021,28.94,Rampart,7,9,4672,8
9-11-2021,23.16,Revenant,7,8,4678,3
5-9-2021,6.44,Mad Maggie,7,10,5493,10
10-2-2021,3.45,Bloodhound,1,2,619,5
21-9-2019,23.25,Gibraltar,9,1,3132,19
12-6-2019,4.81,Pathfinder,2,3,1493,11
4-2-2021,9.36,Mad Maggie,7,3,2674,12
1-2-2022,17.9,Mad Maggie,7,5,2565,6
17-1-2022,9.66,Octane,5,6,3452,3
13-11-2021,22.57,Revenant,9,15,7455,19
26-8-2019,19.48,Octane,2,2,1222,20
9-1-2022,12.03,Rampart,8,9,5952,3
14-12-2022,3.82,Rampart,2,5,2202,17
31-5-2022,5.64,Mirage,11,4,3254,15
3-5-2022,5.93,Bangalore,5,7,2981,10
16-12-2021,24.67,Octane,9,7,4408,6
21-5-2020,12.37,Mad Maggie,9,8,4818,11
26-4-2020,14.18,Gibraltar,4,4,2126,3
18-4-2021,24.13,Lifeline,2,5,1882,20
19-11-2021,23.08,Horizon,3,5,2160,15
2-2-2022,21.48,Valkyrie,3,5,2225,9
20-9-2021,13.48,Lifeline,6,4,2240,19
21-4-2022,4.92,Octane,11,5,5144,1
15-7-2022,18.16,Valkyrie,12,8,5090,7
2-9-2022,20.67,Bloodhound,10,1,4369,20
2-7-2022,16.28,Wraith,1,3,1420,18
9-6-2021,14.61,Pathfinder,3,4,2590,16
31-5-2020,11.79,Bangalore,6,5,2856,15
22-11-2019,22.77,Bloodhound,7,5,3678,13
16-12-2022,2.4,Horizon,6,7,3729,7
2-7-2019,28.07,Lifeline,9,8,6060,15
4-6-2020,3.5,Gibraltar,3,0,958,14
12-11-2021,18.35,Rampart,6,4,2748,16
6-5-2021,5.18,Bloodhound,9,5,3361,13
22-1-2020,20.52,Octane,5,4,2972,2
21-5-2020,8.25,Pathfinder,6,5,3925,18
7-11-2022,29.77,Mad Maggie,8,7,3781,1
30-1-2021,17.46,Mad Maggie,13,14,6995,12
2-4-2020,6.3,Mad Maggie,0,2,700,13
4-5-2019,7.01,Rampart,1,2,962,8
25-5-2020,4.62,Valkyrie,9,4,4033,7
4-8-2020,27.38,Valkyrie,5,9,4913,15
9-5-2020,7.33,Gibraltar,9,4,4343,14
2-4-2019,12.57,Mirage,5,8,4055,11
18-6-2020,25.95,Wraith,8,8,4589,13
14-11-2019,28.35,Octane,2,3,1997,11
25-1-2020,10.0,Horizon,3,1,1516,9
16-6-2020,19.93,Octane,5,7,4482,5
7-5-2021,26.22,Bangalore,5,5,3854,12
10-3-2022,16.64,Rampart,10,5,4957,16
19-2-2022,1.9,Bloodhound,5,6,4063,13
9-8-2022,4.78,Wraith,7,7,5404,2
15-1-2020,24.7,Pathfinder,8,2,3183,19
11-2-2019,29.22,Horizon,5,8,3880,15
27-11-2019,27.13,Revenant,4,3,2449,18
12-3-2020,12.24,Lifeline,6,8,4182,15
3-9-2019,27.42,Wraith,7,10,2911,20
23-6-2022,2.69,Mirage,7,7,2968,15
21-11-2022,1.11,Horizon,9,7,1695,12
10-11-2022,4.72,Wraith,0,1,190,13
4-10-2019,18.68,Pathfinder,8,5,2658,2
2-5-2019,1.63,Mirage,6,7,2356,5
7-6-2021,10.06,Octane,4,5,1707,5
11-2-2021,21.9,Valkyrie,7,7,2734,2
15-3-2019,19.84,Bangalore,6,6,2239,20
16-3-2021,12.01,Bloodhound,6,7,2812,4
20-6-2022,24.41,Octane,3,0,370,15
12-6-2021,24.75,Lifeline,3,1,698,17
9-6-2020,19.78,Mirage,7,7,1509,3
25-12-2021,5.38,Octane,8,3,1180,20
25-12-2021,22.25,Bangalore,13,11,1997,18
24-7-2020,19.55,Bloodhound,11,9,3125,8
16-8-2019,8.8,Gibraltar,6,9,1934,7
14-6-2021,25.27,Octane,0,4,430,12
5-7-2021,5.06,Mirage,1,2,245,7
4-12-2022,17.05,Bangalore,2,4,682,17
3-4-2020,4.26,Mad Maggie,5,5,975,19
25-10-2020,21.84,Revenant,4,8,2401,1
2-6-2021,20.49,Valkyrie,7,6,1315,9
17-2-2021,3.98,Mad Maggie,11,7,1990,18
19-12-2020,8.72,Pathfinder,1,1,178,9
17-7-2019,4.5,Mirage,1,4,966,12
4-10-2022,24.05,Revenant,6,8,2728,12
26-6-2020,2.18,Rampart,5,7,1381,18
24-9-2022,2.65,Gibraltar,5,5,2186,19
8-5-2019,16.96,Mad Maggie,10,9,4477,7
5-11-2020,6.09,Mad Maggie,6,9,1722,3
10-5-2019,12.75,Bangalore,2,3,1173,20
9-7-2022,16.57,Lifeline,2,4,900,6
18-11-2020,28.47,Horizon,7,6,1517,6
7-7-2019,25.33,Lifeline,5,4,803,7
26-2-2019,1.24,Octane,8,4,1829,20
28-4-2022,0.2,Revenant,5,12,3913,4
9-5-2019,2.22,Bloodhound,11,6,2659,18
19-2-2022,21.05,Bloodhound,1,0,233,6
3-8-2019,21.06,Octane,11,4,2010,10
4-3-2022,1.11,Mirage,5,7,2166,16
6-1-2022,13.26,Lifeline,5,8,2110,1
16-6-2021,2.71,Mirage,7,5,2059,5
30-8-2020,23.12,Mad Maggie,6,7,1410,20
16-6-2019,1.69,Mad Maggie,8,7,2114,12
26-9-2021,8.58,Mad Maggie,2,2,856,16
20-12-2020,6.63,Valkyrie,4,2,730,7
7-11-2022,16.89,Octane,2,10,1259,12
2-4-2019,12.31,Rampart,5,3,1706,14
14-8-2021,0.73,Mad Maggie,7,6,2382,14
22-2-2019,5.07,Lifeline,8,6,2038,7
26-10-2019,14.44,Revenant,13,7,4033,18
29-3-2020,4.71,Lifeline,0,1,139,5
8-6-2022,1.02,Mirage,7,4,1763,1
26-7-2022,22.22,Bloodhound,2,8,1331,12
13-4-2021,22.01,Octane,3,4,816,10
25-3-2021,1.36,Lifeline,9,7,2674,11
18-10-2019,4.27,Bloodhound,6,13,4448,8
31-3-2021,27.42,Mad Maggie,8,8,1960,19
22-2-2020,2.1,Valkyrie,1,0,278,13
1-7-2022,3.01,Pathfinder,2,4,714,17
27-12-2021,22.37,Valkyrie,5,5,1375,8
27-4-2022,7.29,Lifeline,3,4,1663,11
27-12-2019,1.39,Gibraltar,4,8,2631,2
2-6-2019,15.89,Mad Maggie,6,8,1668,1
7-12-2022,3.53,Lifeline,9,10,4530,5
16-5-2019,6.53,Pathfinder,2,0,447,17
18-5-2019,6.73,Gibraltar,2,3,932,19
27-8-2022,9.05,Pathfinder,5,2,1421,8
18-1-2021,6.93,Bangalore,5,5,2174,1
30-12-2020,6.19,Bangalore,7,6,2148,14
22-6-2021,26.48,Pathfinder,10,5,4075,6
24-7-2022,10.43,Pathfinder,14,8,4614,6
28-11-2020,9.1,Wraith,3,6,2008,18
9-2-2021,23.15,Revenant,1,2,801,5
27-12-2022,17.11,Revenant,2,3,1412,8
21-12-2021,0.33,Bloodhound,4,3,1844,18
12-9-2020,16.73,Mad Maggie,7,6,2442,6
9-12-2022,13.23,Rampart,9,7,4155,11
5-9-2021,21.65,Octane,11,8,4130,18
24-7-2020,5.15,Wraith,3,4,1421,8
24-7-2019,19.93,Revenant,2,2,974,8
15-10-2020,4.79,Pathfinder,5,2,1132,7
18-11-2021,5.83,Valkyrie,8,3,2086,19
2-11-2021,20.83,Revenant,11,8,3312,11
18-2-2022,23.07,Horizon,6,7,3561,20
11-6-2020,28.61,Rampart,12,16,3931,4
24-3-2020,12.95,Horizon,0,2,402,7
8-9-2020,22.32,Wraith,2,2,691,19
12-7-2020,4.0,Rampart,8,3,2036,5
25-12-2021,19.64,Gibraltar,3,3,1655,3
29-9-2020,23.32,Mirage,6,8,3254,5
15-5-2020,16.71,Gibraltar,11,11,5102,19
12-7-2019,26.81,Pathfinder,13,14,4205,2
11-10-2021,29.48,Gibraltar,2,2,1050,1
1-6-2019,0.2,Wraith,1,3,1206,17
9-6-2020,0.15,Gibraltar,11,6,3546,1
10-11-2019,4.57,Octane,10,3,2892,10
20-10-2020,5.71,Valkyrie,5,4,1409,5
15-10-2019,0.89,Bangalore,9,5,3845,16
12-1-2021,9.41,Octane,7,6,3925,11
10-4-2022,24.43,Valkyrie,3,1,1191,7
20-10-2021,27.61,Wraith,3,2,1305,20
19-7-2019,3.23,Gibraltar,3,5,1638,8
27-11-2020,25.45,Mirage,4,5,1411,8
2-6-2020,23.62,Gibraltar,7,6,2799,14
17-2-2019,0.19,Bloodhound,6,5,2281,8
1-6-2019,17.48,Mirage,9,6,4627,14
8-8-2020,26.25,Rampart,1,5,1164,9
24-7-2021,13.52,Horizon,4,1,1406,10
9-6-2020,0.87,Bangalore,2,6,1683,2
5-11-2019,8.75,Mad Maggie,3,3,1633,6
15-1-2020,12.19,Mad Maggie,4,8,3533,6
12-5-2022,0.13,Horizon,7,6,2246,13
10-9-2020,25.98,Pathfinder,7,8,3715,5
25-10-2022,21.74,Wraith,3,4,1656,5
13-3-2019,21.8,Octane,5,4,2922,9
22-8-2021,12.81,Valkyrie,4,3,2310,15
14-5-2019,15.92,Gibraltar,11,4,2782,19
15-1-2021,3.08,Revenant,5,8,3882,1
14-3-2022,18.38,Revenant,10,6,3731,20
24-9-2021,10.19,Mirage,9,10,5604,15
11-11-2020,5.54,Horizon,0,2,415,4
9-5-2021,24.74,Mad Maggie,4,8,2465,13
13-12-2022,23.55,Gibraltar,7,3,2151,4
23-12-2021,13.77,Bloodhound,3,3,1121,14
7-10-2020,26.21,Wraith,6,6,2752,4
31-5-2021,15.43,Mirage,5,6,2954,1
19-8-2019,2.99,Gibraltar,7,14,5268,17
13-9-2022,13.21,Horizon,1,3,1164,17
20-8-2019,19.06,Valkyrie,4,1,1458,8
27-11-2022,8.03,Gibraltar,2,6,1512,15
4-7-2021,29.18,Mirage,10,4,4659,18
4-8-2020,17.5,Horizon,6,5,2900,8
21-7-2021,22.26,Octane,5,7,3388,16
11-9-2021,20.48,Rampart,9,8,4175,20
1-10-2021,21.82,Mad Maggie,1,0,360,3
13-12-2019,1.11,Revenant,1,5,1419,15
15-2-2020,6.32,Mirage,4,2,1293,18
15-8-2020,16.07,Revenant,7,5,2390,20
22-5-2022,2.57,Octane,4,10,3399,3
20-5-2020,26.78,Lifeline,6,6,2956,1
7-3-2019,4.54,Gibraltar,9,6,5417,20
31-7-2019,22.49,Revenant,1,1,587,11
11-9-2022,3.56,Horizon,1,4,1006,10
27-4-2020,8.59,Mirage,7,7,3347,16
23-12-2021,20.83,Gibraltar,4,3,2084,18
3-11-2019,1.65,Rampart,6,4,2463,15
22-2-2019,12.1,Mirage,6,13,4640,5
24-4-2019,2.76,Revenant,6,6,2542,14
28-11-2020,26.44,Wraith,2,3,1401,11
22-8-2021,18.06,Pathfinder,3,2,1036,7
7-11-2019,27.17,Mirage,2,4,1458,14
18-8-2019,26.73,Bangalore,5,3,2814,6
12-7-2021,25.46,Horizon,7,8,4122,5
30-3-2021,1.32,Mirage,5,5,2371,20
14-12-2020,7.99,Bloodhound,8,8,4022,18
1-5-2020,23.78,Mirage,2,8,2250,4
7-5-2021,24.89,Horizon,2,4,1430,11
31-8-2022,10.3,Lifeline,3,4,1779,2
17-10-2021,15.37,Rampart,4,3,1840,4
27-7-2019,5.36,Octane,8,6,5128,19
17-7-2021,10.05,Revenant,7,10,6120,12
23-5-2019,21.48,Mad Maggie,7,15,5220,16
18-2-2021,2.55,Bangalore,1,1,625,14
26-12-2019,16.59,Mirage,10,4,3248,17
29-11-2019,12.82,Horizon,4,10,3887,1
17-7-2019,22.87,Rampart,5,5,3520,14
27-6-2022,14.62,Bangalore,5,8,4425,3
31-12-2022,6.79,Revenant,5,6,2787,15
12-3-2022,6.66,Bloodhound,10,9,6302,9
8-12-2019,7.78,Mirage,1,2,848,19
23-5-2019,11.38,Rampart,5,2,2435,9
1-9-2019,7.45,Rampart,3,4,2346,14
4-10-2020,28.23,Mad Maggie,5,8,3244,7
7-7-2020,6.26,Octane,5,5,3690,14
13-1-2022,13.04,Wraith,7,6,4349,5
20-10-2022,24.39,Bloodhound,6,11,4596,10
26-6-2021,24.27,Octane,6,4,3497,16
26-7-2020,27.14,Pathfinder,7,8,3540,10
23-4-2019,22.0,Octane,3,5,2213,10
13-3-2022,1.77,Bangalore,4,5,2842,4
1-5-2019,14.43,Wraith,7,6,4005,8
26-9-2020,22.37,Rampart,6,12,6067,20
28-4-2021,21.46,Pathfinder,8,9,6164,3
19-8-2019,25.33,Valkyrie,5,8,4167,1
18-3-2022,24.03,Wraith,2,1,1028,9
2-5-2020,28.9,Lifeline,7,5,4246,13
17-12-2019,18.67,Octane,5,4,3021,13
6-10-2019,26.27,Gibraltar,7,8,3684,17
20-1-2021,8.97,Wraith,6,6,3813,5
28-10-2021,19.05,Bangalore,10,9,6071,19
27-5-2022,13.5,Pathfinder,3,1,1252,15
20-5-2019,1.53,Mad Maggie,1,1,570,15
2-12-2019,19.35,Bloodhound,6,4,2735,7
18-7-2021,22.18,Gibraltar,5,6,4263,1
7-3-2021,0.59,Rampart,6,5,3076,11
21-12-2019,8.56,Horizon,10,5,6025,3
6-6-2022,2.6,Gibraltar,7,8,3927,7
2-11-2020,17.51,Bloodhound,3,1,1153,6
21-4-2022,23.85,Bangalore,5,3,1297,3
30-3-2020,20.89,Revenant,2,3,683,5
6-4-2019,6.83,Wraith,11,3,1883,7
11-8-2020,12.68,Mirage,5,4,588,9
7-4-2019,19.5,Rampart,12,9,4287,10
20-7-2021,11.6,Lifeline,7,13,1798,16
31-10-2022,5.11,Lifeline,3,0,485,8
29-3-2019,26.58,Octane,3,8,1913,19
26-7-2022,9.38,Bloodhound,8,4,959,15
27-9-2022,6.94,Wraith,9,3,2255,6
13-4-2022,24.01,Mad Maggie,7,7,2806,3
4-3-2020,26.97,Octane,12,6,1245,10
13-5-2022,15.68,Lifeline,10,9,3447,14
21-5-2022,3.84,Rampart,2,2,527,6
30-4-2019,9.29,Wraith,6,6,1276,9
18-2-2020,14.19,Gibraltar,4,6,1806,8
7-1-2020,20.85,Octane,6,4,1018,8
12-9-2019,6.07,Mad Maggie,4,4,1742,15
19-8-2019,13.83,Mirage,5,5,1642,12
8-9-2020,14.12,Wraith,7,8,3062,6
24-7-2021,7.76,Valkyrie,3,0,329,13
19-12-2019,29.25,Mirage,4,1,474,14
14-2-2022,20.36,Bloodhound,3,3,1170,5
25-7-2021,1.59,Valkyrie,5,6,1990,5
3-5-2020,21.36,Pathfinder,8,10,2408,4
5-1-2021,23.89,Mad Maggie,11,10,3813,3
14-5-2021,8.18,Pathfinder,9,11,3801,7
5-9-2020,21.54,Bloodhound,2,7,1312,14
3-7-2021,27.48,Pathfinder,3,7,1495,13
7-7-2021,17.27,Rampart,4,7,2024,1
22-9-2021,10.1,Octane,5,4,922,11
22-5-2022,7.74,Wraith,5,5,1784,1
31-5-2020,5.74,Horizon,5,8,2823,10
22-11-2019,24.54,Wraith,6,8,1880,15
14-3-2022,20.22,Gibraltar,10,2,3030,6
7-11-2020,23.12,Pathfinder,6,8,1829,2
12-2-2022,1.61,Octane,2,3,1193,19
2-4-2021,13.67,Gibraltar,3,6,914,2
18-5-2022,9.59,Lifeline,5,6,1768,2
15-6-2020,16.53,Revenant,10,10,3928,6
9-12-2022,18.91,Rampart,7,13,2882,2
8-12-2020,15.31,Revenant,0,2,396,9
5-8-2020,16.43,Mirage,1,4,514,14
15-10-2020,8.79,Pathfinder,9,7,1886,16
20-8-2020,14.27,Wraith,3,7,1812,15
28-6-2021,22.52,Bloodhound,9,5,1467,3
17-5-2022,4.15,Revenant,6,7,2725,10
29-3-2019,6.24,Wraith,7,7,3070,2
19-4-2022,25.15,Revenant,4,2,717,7
18-10-2021,16.9,Mirage,1,5,1358,2
20-10-2022,6.4,Bloodhound,7,3,1257,1
15-6-2019,8.37,Lifeline,7,3,1165,14
17-3-2019,15.82,Rampart,4,5,1885,15
8-11-2019,6.99,Valkyrie,8,5,3061,8
10-4-2020,21.55,Wraith,7,9,3333,20
6-11-2020,16.41,Mad Maggie,6,5,2237,15
2-5-2019,9.86,Wraith,4,2,1296,4
20-9-2021,22.66,Lifeline,2,5,1054,1
20-1-2021,16.16,Bloodhound,5,7,2508,10
12-3-2019,19.98,Revenant,4,5,1408,19
7-7-2020,22.19,Lifeline,11,8,3478,1
17-8-2020,2.29,Horizon,6,10,3409,9
25-9-2021,20.3,Revenant,4,5,1570,19
5-3-2019,24.21,Wraith,5,3,1281,3
16-2-2020,0.14,Mirage,3,2,852,6
11-8-2019,27.42,Bangalore,6,6,2154,19
19-6-2020,3.16,Gibraltar,6,4,2359,15
17-9-2021,28.21,Mad Maggie,9,5,1737,4
24-1-2020,6.3,Gibraltar,10,9,4864,19
13-11-2020,17.16,Wraith,8,1,1201,18
16-8-2022,23.21,Rampart,6,5,2458,7
13-10-2019,14.74,Rampart,5,3,2128,13
23-12-2019,0.03,Horizon,4,3,1920,2
27-3-2021,7.09,Mad Maggie,5,4,2184,13
8-2-2021,15.82,Horizon,8,6,2991,4
15-4-2022,26.48,Horizon,7,7,3684,10
28-6-2019,24.73,Revenant,0,5,801,18
13-2-2019,7.26,Wraith,4,4,1132,20
3-5-2020,7.54,Octane,2,2,828,3
4-7-2022,22.27,Lifeline,4,6,1330,14
8-10-2019,9.52,Mad Maggie,4,6,1940,6
25-11-2020,23.6,Pathfinder,12,5,3739,4
29-11-2021,18.76,Bloodhound,8,8,2974,17
7-5-2021,26.45,Octane,2,7,1980,12
20-4-2019,23.56,Wraith,5,2,1080,19
4-9-2019,3.8,Bangalore,3,3,1141,9
25-6-2021,0.02,Bloodhound,3,5,2359,5
29-7-2021,7.12,Octane,4,5,2412,3
17-12-2021,6.61,Gibraltar,8,6,3852,16
17-12-2019,1.94,Valkyrie,7,9,4214,13
24-12-2021,9.31,Mad Maggie,1,1,316,6
8-11-2021,14.54,Pathfinder,4,1,1070,20
25-1-2021,22.0,Revenant,2,7,2271,20
6-2-2020,12.86,Valkyrie,12,9,5406,18
22-7-2019,16.52,Wraith,9,5,3518,14
28-5-2021,0.24,Octane,5,6,2509,20
9-10-2019,19.89,Rampart,12,8,3123,15
13-1-2022,0.01,Horizon,7,6,2654,5
2-8-2019,24.34,Revenant,5,3,1399,20
24-8-2021,17.55,Mirage,2,5,2117,19
14-2-2022,23.34,Horizon,4,6,1805,13
22-1-2022,9.73,Bangalore,4,5,1613,20
8-7-2019,9.14,Gibraltar,5,5,2580,5
2-2-2022,9.82,Bangalore,7,11,3294,12
21-7-2020,1.17,Pathfinder,1,0,287,4
10-1-2022,20.51,Revenant,3,7,2693,19
22-12-2022,2.69,Lifeline,3,6,2323,19
4-9-2021,1.68,Mad Maggie,7,6,2901,18
12-11-2019,2.4,Lifeline,12,8,4263,3
20-5-2020,22.72,Gibraltar,12,8,5834,3
25-3-2020,15.23,Bangalore,10,9,5571,18
12-12-2020,28.42,Lifeline,8,5,2889,20
27-2-2020,22.25,Bloodhound,1,6,1451,1
9-8-2022,26.5,Octane,7,9,4267,13
5-7-2022,17.74,Revenant,9,8,3987,9
26-4-2022,16.32,Bangalore,4,10,3314,5
15-10-2020,29.98,Bloodhound,10,7,4300,20
27-8-2019,27.39,Mad Maggie,9,11,5018,20
19-8-2021,28.53,Rampart,1,2,944,7
7-5-2021,13.54,Mad Maggie,1,6,1873,15
5-11-2019,9.45,Mad Maggie,2,7,1746,13
28-6-2019,7.98,Horizon,5,3,2694,2
17-10-2022,16.0,Bloodhound,5,4,2755,18
13-7-2022,12.58,Rampart,7,13,5113,2
5-12-2020,8.3,Horizon,8,9,5031,19
16-9-2021,29.94,Gibraltar,4,1,1206,13
24-10-2021,17.35,Pathfinder,8,4,2803,3
5-5-2020,25.78,Mirage,7,3,2849,8
2-12-2022,8.49,Revenant,6,4,3202,15
27-7-2019,22.02,Bloodhound,6,5,3231,1
8-7-2021,28.75,Gibraltar,6,10,3634,19
15-12-2021,27.18,Octane,9,10,3664,10
12-5-2021,13.11,Rampart,0,0,0,14
26-5-2019,5.71,Pathfinder,3,8,2233,18
14-9-2019,2.54,Mad Maggie,5,2,1991,5
16-8-2020,0.37,Horizon,8,4,3341,4
15-6-2019,5.85,Gibraltar,5,4,3176,2
30-4-2022,28.24,Lifeline,6,8,3057,16
6-8-2019,2.61,Gibraltar,6,8,3240,1
6-12-2022,6.32,Valkyrie,3,0,1008,13
3-4-2022,19.27,Pathfinder,3,3,2103,14
2-3-2020,11.39,Revenant,4,5,2216,2
11-5-2019,1.55,Pathfinder,4,5,2345,18
4-5-2020,19.11,Gibraltar,13,5,4679,8
31-12-2022,0.14,Lifeline,8,7,4762,3
4-2-2022,14.24,Rampart,16,7,6795,9
27-9-2022,23.96,Octane,1,2,784,19
11-1-2022,2.83,Lifeline,5,4,3302,9
2-11-2020,16.44,Lifeline,3,3,1911,8
19-8-2021,25.48,Mirage,14,3,5196,3
26-2-2022,12.57,Bloodhound,4,8,3139,10
11-8-2019,3.01,Bangalore,5,5,3024,16
11-7-2022,17.78,Horizon,6,7,3618,15
1-8-2021,17.24,Mirage,3,2,1208,12
30-12-2021,25.83,Mirage,2,4,1975,10
13-11-2022,23.68,Octane,6,4,2484,5
4-2-2022,8.26,Horizon,3,3,1796,15
19-12-2022,16.03,Wraith,7,5,4061,4
13-1-2021,21.32,Octane,12,6,6292,5
12-12-2020,16.76,Rampart,8,8,4979,16
23-11-2019,10.21,Mad Maggie,7,2,3423,19
27-12-2021,21.84,Lifeline,5,1,1694,18
8-4-2019,27.22,Valkyrie,5,4,2222,14
18-11-2022,29.44,Bangalore,4,4,2652,18
21-8-2020,9.37,Horizon,4,4,2862,17
7-12-2021,10.9,Valkyrie,5,9,3533,16
25-8-2022,6.33,Gibraltar,7,6,3141,13
5-5-2022,11.66,Octane,2,2,1053,2
17-4-2022,23.7,Mirage,6,9,5753,13
18-7-2019,5.87,Octane,2,3,1846,8
27-6-2019,17.82,Horizon,4,7,3233,15
17-1-2021,6.24,Rampart,6,9,4338,6
14-10-2022,2.66,Bangalore,12,7,7241,16
17-3-2022,7.91,Gibraltar,9,6,4322,19
17-3-2022,26.44,Valkyrie,8,3,4282,19
3-3-2022,10.65,Mad Maggie,5,2,1926,9
18-12-2020,17.8,Lifeline,7,11,6415,20
24-3-2020,17.77,Horizon,3,11,5072,12
26-6-2020,16.92,Revenant,12,4,5851,4
8-2-2021,17.62,Octane,7,6,3726,2
1-5-2019,4.97,Bloodhound,7,9,3881,16
25-8-2020,15.52,Bangalore,0,1,266,3
14-4-2019,28.76,Mad Maggie,3,2,1755,4
2-7-2019,12.78,Lifeline,3,2,1798,13
12-4-2020,21.39,Mad Maggie,9,9,5665,7
3-7-2022,25.82,Rampart,11,7,4695,8
13-10-2021,10.31,Gibraltar,5,6,3925,13
6-9-2021,21.3,Rampart,7,8,5834,3
24-1-2021,7.84,Valkyrie,0,0,0,11
4-3-2022,4.94,Gibraltar,9,1,4204,1
5-8-2021,11.39,Horizon,2,5,2398,17
6-4-2019,1.21,Mirage,3,9,4659,8
17-6-2022,21.63,Wraith,4,5,3495,4
30-10-2019,8.32,Revenant,10,5,3783,7
3-10-2020,29.53,Lifeline,11,10,7968,16
7-10-2019,29.26,Valkyrie,2,3,1271,13
26-7-2022,4.13,Bloodhound,4,2,2126,4
18-2-2019,15.35,Valkyrie,2,6,2779,16
27-8-2020,16.68,Valkyrie,4,4,2349,16
15-3-2022,24.27,Mirage,9,4,4694,7
22-12-2022,11.5,Rampart,5,7,1297,11
7-8-2021,25.12,Valkyrie,10,7,1198,7
6-4-2022,20.06,Horizon,5,1,1109,2
30-5-2022,2.88,Revenant,1,4,742,2
14-4-2019,23.81,Bangalore,3,4,680,2
7-12-2022,15.2,Valkyrie,3,4,786,18
7-8-2021,9.45,Valkyrie,9,6,1784,10
11-2-2019,14.35,Mad Maggie,5,7,1255,17
14-5-2020,14.18,Bangalore,7,6,2025,8
16-6-2021,2.22,Wraith,0,1,158,12
28-2-2022,12.28,Mirage,2,7,1592,8
9-3-2019,11.67,Gibraltar,4,3,864,3
7-9-2019,4.06,Octane,9,5,2217,10
4-10-2020,16.67,Horizon,12,5,3428,16
7-4-2019,15.28,Revenant,5,5,1337,4
17-5-2019,8.97,Mirage,8,7,2047,20
16-9-2022,11.55,Rampart,2,4,803,8
6-8-2019,13.12,Gibraltar,5,1,576,4
17-4-2022,8.78,Gibraltar,2,7,1467,19
1-7-2021,17.42,Bloodhound,6,5,975,11
6-8-2020,15.27,Bangalore,5,7,2609,19
4-8-2022,9.23,Bloodhound,6,6,1562,16
24-9-2019,2.44,Gibraltar,6,7,1635,17
27-11-2021,21.39,Wraith,2,0,197,16
17-4-2020,15.98,Mad Maggie,1,2,247,9
19-5-2021,3.84,Rampart,5,2,1038,9
18-5-2019,3.27,Gibraltar,3,3,1181,4
2-12-2022,21.34,Lifeline,6,8,3229,18
28-10-2022,23.07,Octane,5,7,2729,15
3-5-2019,21.22,Mad Maggie,7,7,1214,10
27-1-2020,14.09,Pathfinder,6,1,664,8
9-12-2019,3.53,Bloodhound,1,1,204,10
28-4-2021,13.47,Revenant,2,3,600,11
29-4-2022,1.09,Bloodhound,9,3,2663,11
3-7-2019,26.93,Rampart,5,12,2899,3
20-3-2021,12.18,Rampart,5,8,2479,19
5-7-2021,16.04,Rampart,8,9,2961,10
23-12-2021,25.79,Mirage,3,4,1233,12
15-4-2021,24.28,Mad Maggie,2,2,527,18
28-12-2020,19.02,Revenant,4,5,1253,8
25-6-2019,26.67,Valkyrie,5,10,1552,16
3-5-2022,16.58,Mad Maggie,6,5,1745,1
28-3-2020,21.68,Bloodhound,5,9,2919,14
1-4-2022,21.17,Gibraltar,6,11,2054,8
3-7-2020,13.14,Pathfinder,1,2,686,8
7-10-2020,26.4,Bloodhound,6,2,1113,16
11-5-2022,7.37,Horizon,5,2,921,12
21-6-2020,27.68,Wraith,9,4,3146,13
3-8-2021,6.74,Wraith,9,5,3111,19
27-11-2022,15.53,Bloodhound,8,6,2672,7
23-9-2022,17.1,Valkyrie,13,8,4026,20
18-10-2022,11.68,Pathfinder,2,0,405,20
5-8-2019,2.59,Horizon,7,1,1729,16
27-8-2019,1.05,Horizon,10,2,2450,4
12-12-2019,13.96,Mirage,3,3,1639,12
4-11-2019,8.88,Mirage,4,4,1905,12
4-11-2020,21.77,Wraith,9,5,2889,20
14-8-2021,25.61,Octane,10,6,3723,20
20-5-2020,29.47,Mad Maggie,2,6,1834,1
5-8-2022,14.88,Gibraltar,3,4,1687,8
23-7-2021,6.33,Valkyrie,4,5,1249,12
13-3-2020,8.43,Lifeline,3,3,1345,14
12-4-2022,11.44,Mad Maggie,9,8,4414,20
20-3-2020,13.17,Pathfinder,5,5,1762,1
27-12-2019,22.11,Valkyrie,7,12,3452,10
12-8-2019,14.82,Mirage,4,0,575,12
26-11-2020,5.67,Mad Maggie,5,5,1902,10
6-7-2021,4.73,Rampart,2,7,2342,11
20-8-2022,26.81,Bangalore,5,6,1389,9
7-5-2022,10.21,Rampart,4,8,1580,14
29-11-2020,2.31,Pathfinder,9,5,2494,11
4-7-2019,3.68,Rampart,6,9,4246,19
21-9-2022,25.51,Wraith,6,2,1160,8
6-8-2021,18.29,Bloodhound,9,4,3587,11
4-1-2020,0.66,Pathfinder,5,5,2381,10
10-4-2020,22.6,Bloodhound,5,6,1875,17
12-9-2021,27.61,Octane,14,9,5050,16
28-11-2021,15.81,Revenant,9,5,2429,10
27-11-2022,21.52,Pathfinder,6,8,3076,6
5-4-2020,12.59,Bangalore,0,1,161,5
14-11-2019,19.3,Mad Maggie,5,4,2089,19
11-9-2020,24.77,Wraith,4,2,870,9
27-10-2022,5.69,Revenant,5,11,2747,5
28-11-2022,4.74,Valkyrie,6,9,3608,20
19-5-2022,5.64,Mad Maggie,7,9,4381,15
2-10-2021,23.76,Rampart,11,7,4860,16
14-2-2019,20.32,Mirage,5,6,2514,16
13-3-2019,6.62,Bloodhound,3,7,2619,14
30-5-2021,28.44,Revenant,4,5,1448,7
15-10-2019,18.1,Pathfinder,6,4,2722,19
13-10-2022,14.44,Octane,7,4,2264,7
17-12-2020,6.04,Bangalore,6,9,2418,6
29-1-2022,21.24,Valkyrie,6,12,3250,9
22-4-2021,28.04,Rampart,2,2,805,20
15-11-2022,4.3,Mad Maggie,1,3,900,19
24-11-2022,18.74,Horizon,4,3,1323,13
11-11-2021,12.31,Mad Maggie,5,3,1434,7
1-2-2021,6.85,Rampart,5,6,2730,1
26-12-2019,29.21,Gibraltar,15,8,5382,5
2-7-2022,29.49,Gibraltar,6,6,3164,1
15-5-2021,18.59,Octane,8,1,1742,10
30-10-2022,24.86,Mad Maggie,6,4,2553,6
29-9-2020,5.52,Revenant,2,5,1267,17
4-11-2020,2.73,Mirage,4,3,1657,11
29-8-2019,14.47,Valkyrie,9,6,4629,20
31-12-2019,3.21,Rampart,5,12,3214,6
5-10-2022,3.16,Mirage,7,6,2608,4
1-9-2019,27.48,Lifeline,5,3,1316,18
30-8-2019,24.05,Bangalore,6,3,2295,18
10-12-2022,24.54,Gibraltar,4,8,3012,16
26-10-2020,20.84,Mirage,11,7,4463,1
13-9-2022,14.53,Wraith,4,11,4247,13
16-10-2020,25.21,Valkyrie,9,6,2576,18
4-8-2019,4.94,Lifeline,11,6,4763,10
24-11-2019,4.57,Wraith,4,0,1384,7
13-5-2021,27.37,Wraith,5,3,2518,6
27-2-2020,13.88,Rampart,6,5,1996,11
29-8-2019,12.93,Wraith,11,10,4580,15
26-10-2022,2.95,Lifeline,7,11,3923,18
24-9-2019,1.05,Pathfinder,11,8,5969,5
23-10-2021,29.88,Revenant,11,6,3478,5
11-11-2020,20.31,Mad Maggie,8,0,2837,12
9-4-2020,0.93,Lifeline,1,2,962,7
14-10-2022,16.4,Bangalore,6,4,2129,2
26-7-2021,29.7,Wraith,13,5,6209,2
24-5-2019,15.55,Gibraltar,4,5,2279,3
15-7-2020,12.67,Mirage,12,12,6939,3
5-6-2019,13.68,Wraith,12,7,5198,14
14-12-2020,27.18,Gibraltar,4,2,1585,9
23-5-2021,14.4,Valkyrie,6,1,1421,18
23-2-2019,16.63,Lifeline,2,3,1003,9
3-6-2019,5.04,Rampart,9,3,3540,14
15-5-2022,9.27,Octane,9,5,4505,20
28-1-2020,11.86,Pathfinder,5,8,3452,9
10-8-2022,12.11,Wraith,8,7,3597,3
2-12-2022,16.2,Bloodhound,4,0,1306,6
26-5-2019,5.2,Pathfinder,10,6,3363,10
8-10-2019,27.25,Horizon,3,3,1716,18
19-12-2019,23.57,Lifeline,5,5,2132,14
22-10-2019,8.66,Mirage,6,10,5539,16
27-6-2019,24.11,Lifeline,9,7,5425,15
23-5-2022,13.85,Rampart,11,6,5330,17
1-4-2021,4.56,Bangalore,8,2,2451,18
14-9-2020,5.15,Lifeline,6,1,1433,1
5-2-2022,25.22,Bangalore,9,3,2408,19
24-7-2019,22.18,Valkyrie,3,5,2509,2
30-1-2021,6.9,Bloodhound,4,9,3843,16
9-12-2022,4.71,Pathfinder,8,8,5128,12
12-11-2019,13.73,Pathfinder,14,9,5408,5
22-9-2021,0.75,Valkyrie,1,0,281,7
9-7-2019,14.65,Pathfinder,1,2,1000,20
28-11-2020,7.24,Wraith,2,3,1384,18
29-12-2022,17.13,Valkyrie,5,4,2780,17
8-3-2022,23.95,Bangalore,5,5,3361,4
15-11-2020,3.55,Rampart,9,8,4642,17
13-3-2020,10.93,Octane,8,9,4034,13
2-4-2021,15.96,Mirage,0,3,721,16
17-12-2021,8.5,Bloodhound,5,1,1715,15
2-11-2021,22.59,Bloodhound,5,6,3406,18
12-3-2019,26.18,Horizon,4,8,4249,8
2-6-2021,15.7,Rampart,7,9,4988,9
25-7-2021,11.46,Bloodhound,7,9,6019,6
12-3-2020,22.52,Rampart,12,8,5531,17
10-11-2019,14.59,Mirage,2,0,462,7
24-2-2021,3.29,Pathfinder,2,6,2848,1
15-12-2019,18.64,Octane,4,3,2368,6
28-11-2019,18.39,Lifeline,5,3,2541,5
8-6-2022,20.26,Revenant,5,6,3825,18
14-2-2021,29.06,Lifeline,8,6,5210,16
19-2-2021,4.77,Octane,6,6,3575,14
20-2-2022,25.64,Horizon,2,3,1263,15
1-2-2022,29.57,Bloodhound,6,6,4003,3
14-12-2019,13.6,Horizon,5,4,3464,17
19-5-2021,7.19,Wraith,8,12,6766,11
12-9-2020,23.9,Octane,11,6,4734,1
9-3-2019,11.84,Revenant,5,5,2337,7
11-11-2019,5.43,Mad Maggie,7,7,3257,8
17-8-2019,1.11,Pathfinder,1,6,1781,20
24-4-2019,13.35,Mad Maggie,2,2,1285,18
30-9-2021,10.16,Bangalore,6,4,3619,7
21-6-2020,12.1,Wraith,6,5,3222,19
16-4-2022,8.75,Horizon,4,6,3593,4
6-2-2021,11.2,Wraith,8,9,4051,8
28-3-2019,21.86,Octane,14,9,7355,1
16-4-2019,18.07,Horizon,2,0,657,18
15-3-2019,26.39,Lifeline,3,2,2016,4
6-11-2020,14.01,Wraith,2,3,1500,13
13-11-2021,14.07,Revenant,9,6,4357,14
28-8-2020,14.88,Revenant,9,8,6064,8
17-7-2020,20.09,Wraith,6,6,3625,1
5-12-2021,24.3,Revenant,11,10,7264,2
2-5-2019,20.53,Lifeline,1,9,2842,8
20-6-2019,21.95,Bangalore,2,2,1608,2
2-7-2020,6.47,Rampart,5,7,3279,1
25-8-2020,9.68,Gibraltar,6,5,2774,2
17-6-2022,1.24,Mad Maggie,4,10,5152,6
6-6-2019,20.01,Rampart,12,7,5699,6
11-2-2019,29.76,Rampart,6,7,3798,13
23-11-2020,3.61,Mad Maggie,2,0,546,8
17-8-2021,28.41,Bloodhound,7,2,3631,5
19-6-2019,27.17,Bloodhound,7,9,1590,18
20-12-2020,28.17,Bloodhound,8,5,1655,2
22-12-2021,16.64,Bangalore,9,5,1326,4
13-2-2021,4.24,Lifeline,10,7,2885,1
25-12-2022,11.28,Octane,7,8,959,2
30-7-2020,18.76,Mad Maggie,2,6,442,20
8-10-2019,24.29,Bangalore,7,5,1804,1
7-12-2019,24.95,Horizon,5,4,720,13
6-8-2020,10.73,Mad Maggie,6,3,803,8
17-8-2019,20.96,Mad Maggie,4,6,707,5
3-3-2020,25.21,Bangalore,8,6,2363,13
31-1-2021,0.47,Mirage,8,8,2863,11
27-3-2019,17.05,Wraith,2,2,640,3
23-9-2020,5.06,Octane,2,4,1115,4
4-3-2021,7.48,Gibraltar,6,5,1970,6
20-6-2021,0.53,Wraith,3,5,1581,4
20-11-2020,21.31,Lifeline,5,8,2856,11
11-4-2021,17.43,Horizon,11,7,2498,12
14-11-2020,6.06,Rampart,6,6,1057,7
19-3-2020,14.45,Gibraltar,9,3,2349,11
3-11-2021,16.18,Horizon,5,7,1538,9
30-8-2021,5.19,Lifeline,4,2,1329,15
15-6-2021,19.66,Wraith,5,5,1832,13
23-11-2019,0.22,Rampart,4,4,893,6
1-5-2020,7.72,Mad Maggie,7,6,1476,18
13-10-2020,29.32,Mirage,13,7,2808,14
11-12-2021,13.16,Octane,0,1,150,17
7-11-2021,20.59,Lifeline,7,1,912,3
17-3-2020,26.67,Rampart,4,3,1325,10
16-4-2022,20.47,Wraith,8,11,4050,11
9-8-2020,6.65,Wraith,4,6,1803,2
5-5-2019,4.68,Mirage,5,6,1025,12
12-7-2021,13.22,Rampart,6,7,2051,17
20-1-2021,17.92,Lifeline,8,0,824,15
9-6-2019,1.5,Horizon,3,1,458,20
14-9-2022,20.56,Octane,2,4,1368,1
8-9-2020,7.26,Horizon,5,3,1417,10
3-10-2020,17.99,Horizon,6,7,1759,12
16-8-2021,12.55,Wraith,7,8,1801,19
29-3-2020,3.28,Rampart,10,6,2334,11
20-9-2022,0.13,Valkyrie,0,3,396,13
5-10-2020,2.21,Bangalore,1,10,2516,19
5-5-2019,14.66,Mad Maggie,3,6,871,19
24-8-2020,14.78,Bloodhound,8,3,2390,1
20-12-2022,20.34,Pathfinder,5,5,1908,11
3-12-2021,7.3,Pathfinder,7,10,4223,3
5-11-2019,23.11,Mirage,11,6,3224,18
6-9-2022,7.77,Horizon,1,1,392,9
30-10-2021,20.82,Bangalore,1,2,308,7
29-1-2022,10.76,Octane,3,3,1101,12
4-12-2020,2.42,Wraith,3,5,1801,12
3-9-2020,0.96,Lifeline,7,7,3728,15
14-1-2021,3.74,Horizon,6,5,2819,3
28-10-2021,10.38,Bloodhound,10,12,4405,13
24-8-2021,28.15,Bloodhound,8,3,1791,16
24-2-2019,23.3,Bloodhound,3,6,1560,2
17-9-2020,7.4,Gibraltar,2,2,808,16
7-4-2022,2.67,Valkyrie,6,3,1189,9
24-11-2019,27.38,Revenant,7,6,1538,4
18-4-2019,16.38,Mirage,7,11,3132,1
24-9-2020,21.74,Bangalore,8,7,3900,17
7-10-2021,22.56,Horizon,0,5,1076,2
10-12-2022,1.34,Rampart,8,2,1212,20
13-8-2020,5.15,Valkyrie,2,3,1287,5
26-12-2019,11.94,Valkyrie,10,4,3095,10
20-8-2020,19.62,Horizon,10,5,4318,16
1-9-2020,25.57,Mad Maggie,11,5,2113,19
15-9-2020,25.22,Valkyrie,9,12,2631,10
21-5-2020,2.4,Octane,3,0,894,4
3-12-2021,26.38,Bangalore,3,2,793,5
28-10-2020,12.15,Octane,11,5,3487,5
8-6-2021,9.34,Mad Maggie,5,8,3156,10
30-10-2021,9.88,Wraith,4,11,3985,4
2-6-2022,11.36,Bloodhound,8,13,5244,10
4-1-2021,22.26,Horizon,6,12,3881,4
13-4-2020,19.52,Revenant,2,2,798,15
13-1-2022,18.6,Bangalore,1,6,1753,2
8-2-2020,4.64,Bloodhound,8,8,4454,2
27-11-2021,14.73,Revenant,4,6,1570,16
6-12-2021,6.61,Rampart,9,7,2555,18
1-11-2020,21.1,Lifeline,12,11,3598,3
26-1-2022,29.88,Revenant,12,6,4987,20
8-8-2021,1.62,Wraith,0,0,0,17
7-7-2019,12.42,Valkyrie,6,4,1667,20
13-2-2021,5.03,Bloodhound,7,2,2651,19
11-11-2021,1.32,Mad Maggie,3,4,1703,5
8-9-2022,22.2,Bangalore,8,8,4582,6
29-8-2019,2.99,Octane,6,6,2632,4
27-2-2021,28.71,Wraith,8,13,3132,17
4-11-2020,18.62,Wraith,0,2,281,18
6-3-2022,12.53,Bloodhound,4,5,2513,11
28-7-2022,12.54,Valkyrie,7,4,2208,2
28-5-2021,27.48,Octane,5,5,2026,6
2-10-2021,14.99,Wraith,5,7,2840,13
19-7-2020,6.51,Horizon,5,7,3303,19
9-11-2019,11.77,Gibraltar,10,8,4510,5
13-4-2020,5.65,Revenant,0,2,347,5
13-5-2021,22.8,Bloodhound,4,1,1338,1
10-10-2020,4.29,Gibraltar,4,2,1514,18
20-3-2022,12.79,Horizon,5,7,3630,9
9-2-2022,9.26,Octane,4,8,1848,15
3-4-2020,7.34,Bloodhound,9,9,3247,19
27-11-2019,22.7,Pathfinder,8,8,4303,6
12-4-2020,19.23,Rampart,4,1,1283,20
29-7-2021,24.54,Rampart,4,1,1073,12
1-12-2021,23.99,Rampart,6,3,1540,6
14-12-2021,28.47,Lifeline,4,4,2384,19
28-11-2019,7.99,Mad Maggie,4,4,2551,20
16-11-2021,3.5,Horizon,12,9,5353,3
16-12-2020,1.47,Revenant,11,13,7261,15
7-9-2020,21.09,Revenant,2,9,3456,12
1-10-2020,22.93,Rampart,12,3,4462,10
5-5-2022,16.04,Bangalore,2,2,1219,11
28-6-2020,11.67,Mad Maggie,6,3,2425,11
25-3-2019,14.09,Mad Maggie,5,5,2954,1
12-5-2020,16.68,Valkyrie,11,13,5548,9
24-12-2021,29.65,Valkyrie,7,7,3710,9
5-10-2020,16.36,Lifeline,7,2,2416,1
29-7-2021,25.1,Wraith,3,7,2039,13
4-10-2021,0.48,Octane,5,3,1474,2
21-7-2020,10.14,Lifeline,6,6,2529,19
6-12-2020,14.87,Valkyrie,4,4,1415,16
17-7-2019,24.6,Octane,6,9,3235,13
24-4-2022,23.73,Octane,8,11,4258,19
2-12-2020,23.5,Bloodhound,5,0,1702,4
25-12-2022,17.41,Revenant,2,4,1389,15
5-4-2022,11.33,Octane,4,7,2900,2
9-3-2019,21.66,Gibraltar,7,3,3397,20
18-7-2019,24.13,Lifeline,4,8,2448,3
13-6-2020,29.23,Valkyrie,6,15,6219,1
15-7-2019,18.01,Mad Maggie,14,7,4799,16
30-5-2019,24.07,Gibraltar,4,0,917,7
25-2-2022,0.9,Mad Maggie,2,4,1954,11
27-6-2020,15.11,Horizon,3,4,2195,8
25-12-2022,27.18,Revenant,6,6,3249,18
4-4-2022,29.18,Valkyrie,10,6,5153,1
5-9-2022,17.48,Valkyrie,5,6,2326,16
9-4-2021,5.12,Mirage,7,7,4935,6
22-6-2020,16.64,Wraith,2,8,2313,3
4-7-2022,5.42,Rampart,1,2,620,1
15-6-2020,16.47,Lifeline,2,2,950,8
13-8-2021,5.31,Octane,3,4,1995,6
25-6-2019,29.24,Valkyrie,4,6,2463,17
19-12-2020,19.59,Lifeline,10,14,4848,17
18-11-2021,19.65,Bangalore,8,13,5957,19
10-11-2020,14.42,Revenant,3,3,1446,3
12-5-2022,14.69,Revenant,5,1,1841,9
4-3-2019,13.52,Octane,4,3,2134,14
27-9-2020,3.48,Octane,7,5,2498,10
21-12-2019,12.64,Revenant,4,5,3075,9
6-6-2019,17.04,Mirage,6,10,4806,14
14-9-2021,4.57,Gibraltar,11,6,4432,13
4-7-2020,2.01,Gibraltar,2,4,1341,17
18-3-2021,19.81,Revenant,4,4,1811,19
28-8-2020,23.95,Bloodhound,3,8,2344,3
19-9-2022,1.76,Pathfinder,5,3,1978,12
1-11-2019,5.58,Valkyrie,10,8,6212,17
20-2-2021,0.87,Rampart,7,7,4780,15
28-7-2021,27.28,Bloodhound,7,6,3394,3
1-12-2022,25.71,Valkyrie,1,0,264,2
17-1-2021,7.55,Rampart,2,1,869,11
17-7-2020,23.35,Mirage,7,4,3467,19
20-10-2021,26.71,Wraith,7,7,3454,15
22-11-2022,19.27,Pathfinder,11,7,4445,11
20-7-2020,11.87,Bloodhound,7,5,3400,20
1-9-2021,7.87,Mad Maggie,9,6,4894,8
4-5-2020,17.99,Pathfinder,2,5,2020,10
9-5-2020,9.39,Rampart,2,5,2247,8
17-5-2020,22.88,Mad Maggie,6,7,3108,2
12-7-2021,23.73,Pathfinder,5,4,3282,6
12-12-2021,1.86,Bloodhound,12,6,4645,20
16-2-2019,26.95,Revenant,7,9,5070,17
16-12-2019,1.76,Octane,7,8,3652,7
9-4-2021,15.01,Pathfinder,2,2,1336,9
26-5-2019,17.33,Wraith,8,2,3569,12
20-1-2022,5.69,Revenant,7,6,4726,14
3-8-2019,15.44,Octane,3,3,2107,14
22-2-2022,5.12,Lifeline,7,5,4619,1
11-10-2019,13.1,Horizon,11,8,7150,8
7-1-2020,3.35,Wraith,7,6,4540,7
12-4-2022,5.57,Mirage,3,1,1549,2
10-4-2022,0.32,Octane,1,3,1002,8
19-2-2022,15.05,Bangalore,3,7,3210,15
1-9-2020,4.28,Mad Maggie,9,6,5643,6
8-12-2022,8.24,Mirage,4,4,2935,2
20-9-2020,11.07,Horizon,8,5,4387,16
14-1-2022,14.76,Octane,6,8,3928,13
26-1-2022,5.81,Horizon,3,1,1031,8
24-2-2021,20.76,Rampart,8,8,5701,9
3-10-2022,26.03,Octane,9,4,4014,14
9-8-2020,27.45,Mirage,9,6,4674,15
20-7-2022,5.55,Gibraltar,6,4,2716,13
8-11-2020,1.54,Pathfinder,6,7,4565,13
1-3-2022,7.19,Wraith,6,13,4973,6
20-3-2021,0.34,Rampart,0,0,0,19
27-3-2019,28.57,Bangalore,2,2,1430,5
21-7-2020,29.82,Pathfinder,11,6,5948,6
2-2-2020,13.86,Octane,8,4,3117,5
29-10-2020,2.85,Lifeline,5,4,3395,16
11-10-2020,19.0,Rampart,5,7,3573,9
1-12-2022,0.69,Lifeline,12,6,1262,19
18-9-2022,4.97,Octane,5,3,1634,1
22-3-2019,26.74,Valkyrie,3,3,341,8
4-3-2020,27.22,Mirage,5,6,1663,14
13-2-2020,5.09,Bangalore,9,3,1209,1
16-4-2021,4.43,Revenant,5,6,1617,17
15-7-2019,19.55,Wraith,6,6,2114,7
19-8-2019,19.75,Pathfinder,11,7,3510,9
15-8-2019,9.15,Valkyrie,2,5,888,4
21-6-2019,0.92,Horizon,2,1,642,20
6-1-2021,24.14,Bloodhound,2,3,894,14
21-3-2019,21.11,Bloodhound,7,4,1950,18
14-2-2022,26.34,Mad Maggie,5,7,1935,18
31-3-2021,16.53,Revenant,12,5,3641,6
12-3-2020,22.06,Valkyrie,7,6,2328,1
28-8-2020,8.86,Pathfinder,5,6,2414,2
2-10-2020,24.52,Mad Maggie,4,8,889,6
3-9-2022,12.98,Horizon,2,6,937,17
4-9-2020,7.18,Lifeline,3,3,874,6
11-5-2022,17.74,Revenant,12,4,1596,9
19-10-2021,22.9,Lifeline,8,5,2039,15
10-4-2020,3.35,Valkyrie,6,11,3825,17
14-5-2019,5.43,Wraith,0,2,376,2
23-5-2020,1.9,Mad Maggie,1,2,300,17
30-12-2020,14.18,Octane,6,4,1641,9
31-10-2022,17.29,Valkyrie,6,3,1053,6
8-10-2021,8.7,Gibraltar,8,4,2433,20
31-8-2021,8.81,Mad Maggie,8,6,1269,15
7-1-2021,13.01,Octane,13,14,3963,18
30-12-2022,12.51,Lifeline,2,4,1366,5
12-10-2021,1.85,Lifeline,6,4,2073,20
23-8-2022,13.01,Pathfinder,8,7,2812,14
20-6-2021,3.53,Lifeline,11,5,3846,7
1-10-2022,1.57,Rampart,11,9,4211,20
12-9-2019,2.45,Bloodhound,5,10,2939,6
9-10-2022,19.14,Octane,9,12,1871,8
29-5-2020,0.01,Revenant,0,4,499,3
13-4-2021,12.16,Mad Maggie,4,8,2598,19
19-12-2021,15.04,Wraith,2,3,1098,18
30-11-2022,15.79,Lifeline,13,5,2953,1
30-8-2022,24.52,Mirage,5,7,2609,19
8-11-2020,12.66,Octane,7,8,3691,19
24-8-2020,16.79,Revenant,8,10,3089,13
5-8-2022,10.71,Bloodhound,0,0,0,3
31-10-2019,22.75,Wraith,1,4,691,7
22-11-2020,3.97,Octane,10,3,1627,15
1-7-2019,3.92,Rampart,3,5,1434,9
30-11-2021,2.88,Bangalore,6,4,1098,8
14-6-2020,10.19,Octane,6,5,2356,1
22-5-2022,20.47,Octane,7,7,3006,18
31-1-2021,11.44,Octane,3,1,923,14
15-2-2021,22.04,Octane,5,2,1508,4
16-12-2022,14.43,Wraith,2,3,866,16
17-5-2022,13.63,Wraith,5,3,1242,15
16-1-2020,24.37,Valkyrie,7,5,1280,9
28-5-2019,11.37,Rampart,11,8,5083,15
21-9-2022,25.36,Horizon,10,12,2947,20
17-8-2022,29.57,Mirage,5,2,1393,10
18-3-2022,27.12,Revenant,1,6,1681,15
7-1-2022,14.2,Horizon,4,4,1643,1
8-5-2021,28.15,Mad Maggie,6,12,2223,8
4-9-2019,23.92,Mirage,4,5,1584,18
29-10-2020,14.66,Mad Maggie,6,9,4067,20
4-2-2021,23.39,Bangalore,13,10,5023,16
9-1-2021,17.42,Bangalore,1,1,520,15
5-11-2022,3.81,Horizon,2,4,784,15
7-11-2019,13.5,Gibraltar,4,4,2134,17
29-9-2020,17.24,Rampart,5,4,1538,4
27-11-2021,1.36,Bloodhound,8,8,4470,6
11-7-2019,1.76,Wraith,5,7,2793,2
11-1-2021,11.58,Lifeline,6,12,4753,16
2-9-2019,16.78,Bangalore,4,2,1485,17
6-4-2021,16.95,Rampart,2,2,851,5
27-4-2022,6.61,Gibraltar,4,2,1579,6
18-8-2019,23.53,Revenant,8,4,1638,4
15-10-2019,10.04,Bangalore,4,6,1958,5
7-9-2019,4.37,Gibraltar,9,6,1996,9
1-7-2021,8.47,Bloodhound,6,9,2112,3
27-4-2019,24.11,Lifeline,0,3,632,9
5-2-2020,13.82,Horizon,1,8,1473,13
27-12-2021,18.51,Octane,5,3,1445,6
8-11-2021,24.51,Mirage,8,9,3362,14
21-10-2022,26.91,Mirage,7,5,3207,15
13-4-2021,19.99,Mirage,6,5,1672,7
17-7-2021,22.29,Horizon,7,10,3427,11
19-8-2020,8.81,Revenant,0,2,400,19
23-11-2022,23.89,Lifeline,4,6,1826,12
12-3-2019,16.06,Bangalore,3,3,1335,2
29-7-2019,29.64,Bangalore,5,10,3081,5
23-1-2021,10.01,Revenant,4,5,2702,1
20-12-2022,19.68,Rampart,6,8,2643,7
13-5-2020,0.8,Wraith,6,7,2186,3
28-6-2019,2.0,Octane,7,0,1383,13
20-6-2019,18.81,Valkyrie,2,5,1081,11
22-1-2022,19.49,Revenant,4,3,1976,7
12-5-2021,22.44,Pathfinder,6,10,3121,7
29-11-2019,14.46,Bloodhound,4,6,2460,7
5-1-2021,2.17,Pathfinder,5,5,2303,9
7-2-2021,1.31,Mad Maggie,7,6,2795,6
23-12-2019,10.56,Revenant,0,2,428,16
