18-8-2021,9.28,Mirage,4,1,322,19
24-7-2022,12.75,Mirage,1,2,457,19
14-12-2021,7.63,Rampart,3,9,2223,8
19-6-2019,19.03,Bloodhound,1,15,2080,20
6-7-2021,14.53,Lifeline,3,3,1252,1
4-9-2021,8.07,Gibraltar,11,0,2229,13
8-3-2019,2.14,Gibraltar,0,3,169,20
23-8-2019,20.23,Gibraltar,17,6,2240,20
4-11-2021,7.85,Rampart,0,2,314,13
24-11-2022,8.92,Wraith,2,0,157,13
4-2-2021,4.58,Rampart,0,0,0,16
21-7-2019,14.36,Gibraltar,3,6,1286,5
27-7-2020,17.81,Lifeline,4,14,2975,13
9-12-2019,10.54,Pathfinder,8,1,1084,15
1-5-2019,5.1,Mad Maggie,4,1,1129,20
16-10-2019,21.18,Mirage,2,4,673,7
4-8-2019,0.26,Lifeline,1,2,417,5
3-8-2022,10.2,Wraith,6,3,936,5
24-11-2022,10.28,Lifeline,1,1,322,11
14-6-2022,5.48,Bangalore,12,2,2468,9
20-10-2022,13.83,Mad Maggie,16,2,2024,9
7-8-2019,22.07,Bloodhound,3,2,811,19
17-12-2021,1.2,Wraith,5,0,797,4
27-4-2019,2.45,Mirage,15,4,4024,15
21-9-2019,16.79,Pathfinder,2,6,1222,3
14-6-2022,19.74,Pathfinder,3,11,1981,20
15-1-2021,18.68,Bangalore,2,2,707,10
7-3-2022,1.66,Gibraltar,7,3,864,1
14-6-2021,28.01,Gibraltar,2,4,755,14
14-3-2022,6.19,Bloodhound,0,14,2569,8
13-7-2020,7.11,Wraith,2,3,998,9
11-1-2020,3.33,Gibraltar,9,0,2070,12
30-7-2020,22.13,Rampart,10,2,797,17
22-6-2019,7.54,Bloodhound,3,1,747,3
6-7-2021,1.85,Bangalore,4,14,2446,5
28-1-2020,20.25,Bangalore,9,2,1989,11
20-7-2022,14.09,Lifeline,6,1,1216,17
16-5-2019,7.35,Lifeline,14,10,3074,9
14-2-2020,23.9,Bloodhound,3,7,969,2
29-7-2020,0.93,Wraith,3,0,567,17
5-1-2021,21.08,Bangalore,6,3,858,16
4-8-2021,17.7,Pathfinder,3,1,480,8
22-11-2020,24.74,Bangalore,5,10,2233,3
21-4-2020,11.48,Bloodhound,5,18,3486,1
2-10-2020,29.89,Lifeline,2,6,1289,14
22-10-2021,2.01,Bangalore,3,2,432,1
10-6-2022,22.02,Wraith,14,5,2306,8
29-5-2022,4.06,Lifeline,1,1,117,4
20-9-2021,11.13,Bangalore,3,6,1094,3
24-9-2019,17.97,Wraith,6,4,856,16
28-3-2021,18.92,Bangalore,14,14,5775,14
19-6-2021,1.94,Mad Maggie,7,5,2026,7
27-7-2021,23.56,Bangalore,9,6,904,2
6-8-2021,8.82,Mad Maggie,7,8,2586,7
16-10-2019,27.51,Mirage,2,12,2526,19
19-7-2019,3.5,Gibraltar,0,0,0,18
1-7-2019,15.28,Wraith,7,2,1673,9
14-4-2022,17.2,Rampart,7,5,800,11
23-12-2022,10.31,Mirage,6,2,1354,8
18-6-2020,17.0,Bangalore,10,1,1477,11
1-9-2021,20.72,Bloodhound,2,5,626,14
28-5-2020,1.42,Lifeline,2,2,270,2
3-10-2019,4.99,Pathfinder,3,6,904,20
26-8-2022,22.27,Rampart,15,5,1975,3
30-10-2021,12.41,Lifeline,3,3,1075,15
22-6-2021,17.45,Bangalore,1,5,866,14
11-2-2019,25.56,Gibraltar,9,10,2263,4
16-3-2019,25.14,Gibraltar,3,20,1223,17
27-5-2022,29.4,Mirage,6,2,1301,6
14-5-2022,4.77,Bangalore,5,0,974,4
7-9-2019,10.12,Rampart,1,3,526,4
19-12-2020,9.49,Bloodhound,8,1,1914,20
1-7-2019,24.96,Pathfinder,3,3,760,8
17-4-2019,14.23,Bloodhound,1,4,513,7
3-7-2021,11.37,Mirage,6,7,1868,5
28-9-2019,11.43,Gibraltar,1,2,458,7
2-1-2020,12.51,Wraith,7,12,1538,5
18-2-2019,2.52,Wraith,0,1,145,20
12-12-2021,21.38,Pathfinder,11,6,3222,1
7-9-2020,22.52,Rampart,20,4,3608,13
15-1-2022,28.46,Lifeline,8,2,1639,16
21-12-2021,18.1,Mirage,9,10,4076,1
25-6-2022,14.08,Pathfinder,1,5,786,20
30-5-2020,0.38,Bangalore,7,17,2423,1
23-1-2020,25.09,Wraith,3,14,862,3
22-3-2022,0.51,Wraith,4,1,481,15
23-3-2019,19.86,Gibraltar,9,11,1412,14
3-6-2019,2.3,Rampart,17,2,2891,14
4-6-2019,18.71,Lifeline,10,2,1528,6
6-8-2020,3.97,Lifeline,12,0,1813,3
8-6-2019,13.72,Lifeline,4,13,2400,2
13-11-2019,23.46,Bloodhound,9,6,3233,15
30-3-2022,5.06,Rampart,15,16,2165,17
26-9-2021,23.76,Mad Maggie,14,6,4040,7
4-10-2019,24.75,Lifeline,3,12,1387,13
9-8-2019,15.0,Bangalore,3,18,1397,17
15-7-2021,14.76,Wraith,1,8,997,17
9-6-2020,11.26,Gibraltar,10,5,2626,5
15-2-2022,9.08,Mirage,3,0,303,3
14-7-2021,4.0,Rampart,6,1,1438,19
11-11-2022,18.15,Mirage,7,16,4266,17
20-5-2020,26.9,Bangalore,3,2,717,3
30-5-2020,1.82,Wraith,4,13,3122,6
9-2-2019,15.85,Mad Maggie,4,3,936,15
20-1-2021,15.07,Mirage,8,12,3883,18
24-2-2020,10.61,Pathfinder,8,6,2006,14
10-9-2020,12.85,Lifeline,8,1,867,3
19-12-2019,0.03,Bloodhound,2,4,289,8
7-9-2020,19.4,Pathfinder,4,4,1355,19
28-12-2021,19.89,Wraith,5,5,1929,19
25-1-2021,2.78,Bloodhound,2,0,353,10
26-3-2021,5.11,Gibraltar,13,3,1922,14
15-9-2022,29.65,Mad Maggie,2,10,1088,5
25-9-2019,3.26,Pathfinder,6,0,995,17
17-6-2020,4.59,Mirage,2,0,119,12
2-3-2022,12.57,Bloodhound,5,2,917,17
30-8-2020,6.22,Rampart,14,0,1410,2
7-6-2022,12.88,Wraith,10,1,1066,9
19-8-2022,11.71,Mirage,3,4,1319,2
3-7-2019,24.73,Rampart,8,16,1506,7
20-2-2022,10.63,Bloodhound,5,3,1607,17
11-11-2019,29.73,Bangalore,3,7,1761,15
14-7-2021,5.0,Mirage,0,6,325,4
4-1-2021,12.15,Wraith,2,11,2055,8
9-12-2022,10.67,Lifeline,11,9,3232,18
23-10-2019,18.71,Bangalore,4,3,655,5
22-11-2021,19.49,Mirage,13,17,2333,17
16-7-2021,16.34,Wraith,8,16,4245,10
8-7-2020,10.82,Pathfinder,14,15,3904,13
25-12-2021,17.17,Bloodhound,2,3,630,2
12-8-2020,10.87,Rampart,8,14,2832,3
11-8-2022,7.9,Rampart,8,11,3170,15
25-12-2021,24.08,Pathfinder,5,3,904,18
7-10-2022,8.7,Lifeline,2,6,571,13
15-1-2020,4.61,Lifeline,0,1,134,1
1-11-2022,22.25,Mad Maggie,13,8,2497,14
17-8-2021,10.81,Lifeline,1,6,900,3
12-5-2021,13.93,Bloodhound,2,4,1205,15
21-12-2020,13.52,Pathfinder,4,5,1164,19
19-11-2020,14.9,Wraith,2,1,163,11
12-6-2021,2.51,Rampart,3,0,468,11
5-5-2021,23.23,Wraith,8,3,1652,18
28-11-2020,23.66,Lifeline,3,10,2634,12
8-11-2020,16.4,Gibraltar,3,7,1996,17
2-6-2019,12.51,Rampart,4,2,920,19
9-10-2021,21.93,Mad Maggie,18,13,2183,7
19-9-2019,1.48,Rampart,1,4,806,1
21-4-2022,26.23,Bloodhound,9,6,2922,2
12-5-2020,1.56,Lifeline,4,0,703,3
12-11-2021,24.67,Mirage,2,14,2603,4
23-3-2021,0.13,Bangalore,0,7,1142,4
17-1-2020,21.35,Wraith,13,2,1680,16
9-5-2022,16.86,Mirage,6,2,929,1
17-3-2019,8.33,Bangalore,5,2,1465,6
28-9-2022,25.23,Rampart,3,6,779,18
23-4-2022,26.63,Wraith,2,3,523,3
20-5-2019,0.73,Gibraltar,7,2,734,3
5-3-2022,9.09,Bangalore,13,2,2811,9
11-9-2019,3.88,Mirage,4,0,373,10
8-7-2022,4.96,Mirage,1,1,346,6
4-6-2019,26.34,Bloodhound,8,2,1893,11
13-12-2021,14.38,Lifeline,4,1,923,11
5-7-2021,14.79,Lifeline,3,2,755,5
27-3-2022,12.56,Mad Maggie,6,3,1048,12
29-6-2019,10.14,Rampart,2,16,2554,14
16-4-2021,5.82,Pathfinder,0,1,191,9
7-11-2022,21.78,Lifeline,13,11,2651,8
28-10-2020,27.94,Rampart,3,8,1635,8
26-2-2022,15.4,Gibraltar,10,1,2069,17
3-9-2022,20.96,Lifeline,2,3,958,1
19-7-2020,17.95,Rampart,3,2,1043,6
14-11-2020,16.08,Wraith,14,18,5120,12
15-12-2020,2.03,Rampart,7,5,1939,4
1-12-2020,0.88,Lifeline,8,8,1667,20
18-4-2022,1.92,Mirage,3,1,451,13
11-7-2021,11.57,Bangalore,17,7,4675,18
15-12-2019,18.41,Mad Maggie,12,11,4688,17
21-7-2022,25.38,Rampart,7,2,1847,15
7-3-2019,0.65,Gibraltar,1,6,1388,10
5-10-2020,1.7,Bloodhound,6,8,1865,13
23-3-2022,0.06,Mad Maggie,2,7,1389,19
29-5-2019,19.81,Rampart,9,3,2326,17
8-6-2021,5.71,Bangalore,2,5,349,14
10-1-2020,1.51,Bloodhound,10,3,2009,12
24-5-2019,10.81,Pathfinder,18,7,3303,3
22-7-2021,2.07,Wraith,7,5,1257,18
1-6-2020,4.4,Gibraltar,1,6,1035,1
6-1-2021,17.58,Gibraltar,5,1,1148,8
14-3-2020,13.42,Lifeline,9,9,3238,19
18-2-2021,7.01,Gibraltar,2,5,1107,8
29-5-2020,11.49,Mirage,4,4,1043,19
11-8-2021,23.79,Gibraltar,3,6,1303,9
29-9-2019,18.27,Wraith,11,2,1659,10
11-6-2022,3.61,Wraith,5,1,805,9
12-5-2021,20.65,Pathfinder,18,3,1629,9
12-7-2022,28.87,Gibraltar,3,17,2281,13
3-4-2021,9.51,Bloodhound,4,0,883,17
3-4-2021,29.49,Rampart,3,3,737,4
13-5-2020,2.51,Gibraltar,7,0,935,3
22-1-2021,23.4,Bloodhound,13,7,3505,2
1-3-2022,0.02,Mirage,2,16,2992,20
2-8-2019,26.0,Mad Maggie,11,12,4855,2
6-8-2021,25.47,Bloodhound,2,3,822,5
22-9-2019,20.29,Bloodhound,4,2,742,10
28-6-2020,2.16,Pathfinder,3,8,1089,6
25-10-2022,26.16,Rampart,8,4,1894,10
20-2-2022,29.98,Pathfinder,7,5,2322,15
10-11-2020,22.45,Rampart,15,10,4753,7
10-11-2019,18.95,Mirage,1,13,2249,15
5-8-2020,28.28,Pathfinder,11,6,2806,13
7-9-2019,18.15,Wraith,8,1,1368,15
13-12-2021,11.02,Mad Maggie,15,7,3089,19
9-3-2019,2.99,Lifeline,2,2,385,4
6-5-2021,2.8,Rampart,9,8,3199,10
22-3-2022,16.36,Bloodhound,2,16,1169,9
2-11-2022,19.43,Rampart,1,1,351,11
2-2-2021,27.48,Mirage,2,5,745,20
15-12-2020,21.08,Pathfinder,12,11,4557,6
9-8-2020,3.4,Lifeline,1,14,2749,3
1-7-2021,20.86,Mirage,13,2,2443,20
19-11-2021,27.67,Wraith,11,5,1248,13
27-9-2021,26.86,Pathfinder,3,7,1765,17
14-4-2020,17.91,Mirage,1,7,627,15
4-3-2019,21.62,Bangalore,3,2,342,19
29-4-2019,22.13,Mad Maggie,2,12,2074,7
4-12-2020,26.0,Mirage,14,6,3899,3
6-6-2020,15.51,Pathfinder,3,8,1787,19
12-7-2021,14.71,Mirage,4,9,2774,12
2-8-2020,1.04,Lifeline,2,16,1954,3
23-11-2021,8.38,Mad Maggie,1,4,975,14
16-8-2020,7.57,Mad Maggie,4,12,2034,15
3-12-2021,0.55,Bloodhound,0,0,0,20
30-7-2021,20.46,Mirage,2,7,854,14
31-12-2020,28.67,Rampart,2,4,720,18
5-6-2020,5.9,Gibraltar,4,3,1164,20
24-8-2022,6.81,Mad Maggie,1,0,176,17
15-11-2021,16.08,Gibraltar,3,5,1010,20
21-4-2021,27.95,Mad Maggie,8,10,3798,7
20-10-2021,29.35,Gibraltar,13,21,3475,8
31-3-2022,22.27,Pathfinder,3,2,427,9
6-8-2022,11.73,Mad Maggie,3,14,1517,10
26-10-2022,8.97,Mad Maggie,5,10,2332,4
8-11-2019,3.48,Bloodhound,7,3,747,13
15-6-2022,27.48,Gibraltar,6,9,1985,6
20-12-2019,10.22,Wraith,11,2,1927,1
9-8-2020,12.51,Rampart,10,9,3969,5
17-11-2022,25.08,Wraith,12,4,2486,7
31-12-2022,10.14,Lifeline,12,7,1146,3
11-1-2022,11.49,Bloodhound,10,7,931,18
17-9-2021,16.5,Bloodhound,7,14,2212,12
12-12-2020,1.19,Pathfinder,2,2,656,18
12-1-2021,18.85,Rampart,12,4,1733,20
25-5-2019,4.13,Bloodhound,5,15,1014,8
13-7-2020,1.7,Lifeline,1,11,874,11
28-10-2021,14.85,Mirage,1,1,417,19
7-7-2021,6.77,Lifeline,4,0,834,5
22-4-2019,24.31,Lifeline,3,16,958,7
10-1-2022,18.51,Bloodhound,14,14,3127,4
19-7-2021,18.3,Lifeline,9,2,801,9
17-3-2022,0.25,Wraith,4,0,605,8
18-6-2022,2.46,Wraith,7,8,852,20
14-2-2021,9.61,Lifeline,9,3,1640,2
15-5-2021,2.55,Mad Maggie,3,4,631,1
30-7-2022,27.28,Bloodhound,13,10,3801,8
16-3-2019,21.37,Rampart,3,5,638,1
20-7-2021,17.96,Gibraltar,10,3,1643,19
27-5-2019,6.86,Pathfinder,0,3,281,7
21-9-2019,25.69,Pathfinder,10,3,1199,11
28-5-2022,1.83,Mirage,6,4,1134,4
18-4-2021,11.92,Rampart,1,3,266,11
8-2-2020,6.2,Bloodhound,4,12,1873,11
16-6-2021,24.69,Mad Maggie,15,8,1473,9
20-11-2021,29.84,Rampart,4,7,1096,12
14-8-2020,24.99,Lifeline,15,13,2638,13
22-8-2022,12.11,Mad Maggie,3,1,628,20
31-10-2021,15.29,Mirage,11,3,1041,10
4-4-2020,6.28,Rampart,10,9,1715,11
18-8-2019,15.05,Mirage,2,1,631,6
17-8-2021,20.09,Bloodhound,6,2,1724,9
15-5-2021,2.73,Pathfinder,3,1,722,12
6-7-2021,6.09,Bangalore,3,2,626,7
3-4-2019,27.94,Bangalore,15,9,2672,10
9-4-2020,16.21,Lifeline,1,4,418,18
15-4-2019,11.58,Mirage,12,1,1475,14
9-12-2019,15.56,Mirage,2,2,594,7
15-8-2021,28.56,Rampart,2,3,968,11
8-9-2019,6.15,Lifeline,2,9,2069,3
19-7-2019,4.47,Pathfinder,3,11,738,4
19-1-2021,10.39,Wraith,1,5,326,2
14-12-2022,16.85,Mad Maggie,3,5,1436,20
23-5-2022,11.99,Gibraltar,4,2,744,4
18-4-2020,22.71,Bloodhound,2,5,652,13
7-10-2020,12.32,Lifeline,2,11,893,5
10-5-2021,3.33,Bangalore,16,12,5420,20
20-11-2022,5.66,Rampart,0,4,235,18
31-7-2019,1.62,Mirage,2,0,207,8
16-2-2021,28.71,Rampart,3,2,503,3
9-2-2021,23.88,Pathfinder,7,9,1075,19
11-1-2020,20.75,Wraith,2,3,804,14
6-3-2021,6.89,Gibraltar,0,3,547,5
5-5-2020,12.76,Mirage,3,1,374,12
10-4-2022,16.05,Mad Maggie,10,4,2764,2
23-4-2021,24.22,Bloodhound,18,7,4125,12
13-12-2019,11.98,Wraith,8,2,1146,9
28-11-2022,12.64,Mirage,1,10,687,9
24-6-2020,8.03,Lifeline,9,5,2806,6
7-10-2020,21.26,Wraith,2,6,1329,16
4-12-2021,5.43,Bloodhound,3,6,773,11
24-8-2019,6.32,Pathfinder,2,3,336,6
14-8-2022,4.36,Wraith,3,3,549,12
7-10-2019,21.24,Gibraltar,9,2,1951,10
31-1-2020,20.71,Bangalore,11,4,2575,12
12-4-2020,24.99,Wraith,4,4,637,1
24-8-2021,11.03,Wraith,1,1,383,15
31-10-2022,17.08,Rampart,4,3,933,13
10-9-2021,7.4,Pathfinder,0,5,610,16
21-1-2020,0.11,Lifeline,1,4,798,6
1-11-2020,5.51,Mad Maggie,1,0,143,4
21-12-2021,22.04,Mirage,3,3,845,2
14-11-2022,10.13,Lifeline,11,6,2383,11
11-2-2022,1.95,Lifeline,1,6,744,11
5-8-2019,6.92,Mirage,12,5,2803,9
18-5-2021,29.74,Rampart,2,12,2450,19
13-4-2019,4.71,Mad Maggie,12,1,1425,2
20-4-2022,19.38,Bloodhound,1,1,304,10
1-4-2021,12.3,Bangalore,8,16,2619,17
26-12-2019,17.97,Rampart,3,10,2404,3
17-5-2021,21.26,Mirage,4,2,677,6
6-11-2022,21.97,Lifeline,16,2,1174,17
26-3-2020,20.31,Bloodhound,3,5,1304,8
23-2-2021,6.8,Lifeline,2,4,477,1
16-8-2022,0.39,Pathfinder,0,15,2818,17
16-1-2021,9.04,Mirage,4,4,1612,12
26-2-2019,13.45,Wraith,1,9,1004,1
10-5-2020,3.07,Pathfinder,6,5,2311,15
28-3-2020,19.91,Mirage,9,1,1845,6
6-4-2020,15.28,Bloodhound,12,1,1040,8
2-11-2020,28.6,Bangalore,12,7,3104,1
22-10-2021,3.32,Wraith,0,1,125,4
27-8-2019,23.37,Lifeline,4,3,1182,10
9-7-2021,22.9,Bangalore,15,2,2323,9
20-3-2019,16.75,Lifeline,2,2,561,4
30-4-2022,21.48,Gibraltar,12,11,4230,3
27-5-2021,26.1,Gibraltar,6,5,1941,15
26-1-2021,9.21,Wraith,1,5,896,7
30-8-2021,11.44,Rampart,2,2,722,13
7-12-2020,6.06,Bloodhound,8,1,1785,9
17-10-2022,0.84,Bangalore,6,0,1170,5
1-10-2019,13.17,Lifeline,7,7,2631,8
11-11-2019,25.97,Pathfinder,9,3,1560,9
10-3-2019,27.89,Gibraltar,2,2,761,1
19-11-2020,26.99,Mad Maggie,2,15,3104,19
20-8-2019,23.29,Rampart,2,5,1102,17
27-4-2019,9.92,Lifeline,12,17,3829,18
15-12-2021,26.59,Bloodhound,9,5,1612,10
27-12-2019,2.08,Rampart,4,4,1060,17
16-12-2020,17.82,Bangalore,2,7,1516,6
13-2-2022,4.94,Bangalore,1,6,1139,9
8-12-2022,17.01,Wraith,11,3,1360,4
19-1-2022,8.21,Bangalore,2,4,657,13
3-1-2020,13.39,Rampart,1,7,1326,11
16-6-2019,7.54,Rampart,0,1,101,3
10-12-2022,26.4,Bangalore,8,2,801,10
18-2-2020,29.66,Lifeline,4,2,561,15
11-4-2020,8.88,Mad Maggie,5,0,1051,2
16-1-2022,3.18,Rampart,2,7,1773,3
12-12-2021,19.92,Lifeline,2,1,422,7
27-12-2020,4.32,Bangalore,2,1,283,9
9-12-2020,28.45,Mad Maggie,16,9,4006,7
21-3-2019,7.8,Mad Maggie,4,0,246,1
24-11-2020,17.42,Lifeline,4,8,1565,12
5-12-2022,18.6,Mirage,13,2,1260,3
11-6-2022,7.68,Rampart,10,4,1999,5
20-8-2020,21.8,Lifeline,16,2,3086,7
5-12-2020,20.96,Bloodhound,2,11,1053,4
11-3-2021,13.05,Lifeline,5,1,424,1
22-11-2021,2.85,Mirage,10,1,1814,16
5-4-2022,3.77,Bangalore,2,2,592,10
15-8-2019,24.78,Wraith,5,9,750,8
16-4-2020,0.12,Bloodhound,0,13,2397,5
22-11-2020,3.25,Mad Maggie,19,5,4077,12
9-12-2019,1.07,Mirage,10,3,1704,12
30-11-2020,7.01,Mad Maggie,4,1,616,19
10-11-2019,7.8,Wraith,5,2,1200,2
13-6-2019,20.42,Gibraltar,3,11,2685,12
15-4-2022,16.68,Mad Maggie,1,3,714,7
24-9-2020,24.58,Wraith,6,4,1330,5
18-8-2021,29.64,Rampart,13,5,1459,9
20-11-2019,12.68,Gibraltar,2,10,1787,9
23-2-2021,11.3,Bangalore,10,2,1136,1
17-5-2021,1.97,Bloodhound,10,2,2187,4
12-2-2019,28.65,Mirage,4,2,700,17
29-6-2021,17.64,Mirage,1,1,111,5
26-12-2019,14.49,Rampart,16,1,2665,3
11-4-2021,19.63,Bangalore,2,7,1178,16
1-2-2021,5.94,Gibraltar,2,5,885,11
14-12-2019,29.54,Rampart,2,11,870,19
19-12-2021,24.78,Lifeline,6,3,1686,14
24-3-2019,4.92,Mirage,0,9,1614,17
25-8-2022,4.99,Mirage,2,6,924,2
8-11-2022,11.39,Bloodhound,11,11,2612,3
2-10-2022,4.02,Lifeline,2,6,998,20
22-5-2020,11.55,Bangalore,11,1,1412,10
10-5-2020,26.57,Bangalore,8,10,2268,4
27-8-2019,21.2,Bloodhound,10,2,2436,17
17-8-2021,2.17,Bloodhound,1,4,750,12
22-5-2022,25.36,Bloodhound,2,7,1212,8
23-10-2020,7.31,Rampart,1,3,691,5
27-3-2020,9.52,Bloodhound,1,12,1564,4
9-1-2022,22.49,Wraith,6,2,1669,18
2-2-2022,3.15,Bloodhound,2,13,1099,10
16-9-2020,6.6,Bangalore,2,5,1152,2
22-8-2019,19.49,Bangalore,9,2,1649,14
9-8-2020,21.06,Mad Maggie,16,5,2986,11
22-6-2022,10.01,Bloodhound,1,11,1395,8
4-10-2021,6.55,Mirage,1,3,194,11
21-2-2019,1.71,Mirage,5,3,1240,6
5-11-2022,2.16,Wraith,2,3,805,8
28-3-2021,22.15,Wraith,4,8,1373,20
7-6-2019,19.97,Pathfinder,1,3,763,18
24-6-2020,2.1,Pathfinder,4,0,444,2
23-7-2020,6.36,Mad Maggie,1,0,91,18
10-4-2019,24.26,Bangalore,12,3,1581,1
19-7-2020,3.43,Wraith,0,1,187,14
23-1-2021,2.44,Bloodhound,11,16,2487,3
28-10-2020,24.82,Bloodhound,2,2,460,11
5-9-2019,6.8,Lifeline,4,1,957,1
21-3-2021,6.83,Rampart,11,2,1145,2
31-8-2022,27.64,Bangalore,3,10,1195,2
12-9-2019,13.54,Pathfinder,2,3,382,5
1-4-2019,18.89,Rampart,2,3,358,20
1-12-2019,24.07,Bloodhound,14,5,2600,15
5-8-2020,9.1,Mad Maggie,1,3,430,6
28-6-2020,7.04,Pathfinder,3,1,391,7
3-6-2022,14.67,Mad Maggie,1,3,804,20
31-5-2020,2.46,Pathfinder,2,8,1340,11
8-12-2022,7.37,Pathfinder,1,2,289,14
21-9-2020,26.06,Gibraltar,13,6,3950,5
5-5-2022,0.29,Pathfinder,2,6,1208,7
15-6-2022,1.69,Mad Maggie,9,3,1981,15
8-1-2020,23.13,Wraith,13,2,1278,15
14-7-2022,19.53,Lifeline,6,1,1395,17
19-11-2019,25.86,Wraith,13,17,2249,6
10-8-2019,15.35,Rampart,4,1,873,8
26-4-2022,19.91,Lifeline,6,11,985,16
3-3-2022,23.51,Bloodhound,7,2,1764,16
9-9-2021,29.4,Pathfinder,14,7,1398,18
16-9-2022,10.39,Wraith,12,11,1916,1
23-5-2021,0.49,Mad Maggie,10,8,3244,4
14-10-2022,19.26,Gibraltar,4,7,2261,20
10-1-2021,29.25,Wraith,5,3,780,10
26-10-2019,28.27,Lifeline,7,7,2524,7
18-2-2019,29.06,Mad Maggie,7,4,791,16
14-8-2019,4.89,Lifeline,6,1,610,10
5-11-2019,10.01,Lifeline,6,5,967,9
7-2-2020,17.87,Mad Maggie,2,6,520,14
26-10-2020,8.87,Lifeline,5,1,553,1
18-8-2022,1.17,Pathfinder,17,3,2738,9
18-3-2019,17.99,Rampart,2,4,1053,7
20-6-2022,0.59,Lifeline,5,1,1031,1
20-9-2021,6.47,Lifeline,4,0,309,19
4-8-2020,5.69,Mirage,2,3,694,16
16-9-2021,20.04,Gibraltar,3,2,792,9
1-11-2020,18.6,Pathfinder,4,1,1051,7
8-7-2020,16.07,Rampart,5,3,723,4
1-4-2019,28.77,Rampart,17,4,4212,7
28-6-2019,11.63,Bloodhound,8,1,1489,17
8-6-2019,23.81,Bloodhound,5,2,1378,5
6-8-2022,8.44,Lifeline,7,3,2116,10
16-2-2020,20.65,Wraith,4,3,661,9
28-6-2020,28.06,Mirage,5,2,446,19
18-6-2021,7.25,Wraith,6,16,1913,2
12-3-2022,11.85,Wraith,1,2,309,11
19-4-2022,27.68,Gibraltar,14,2,3022,17
20-2-2022,4.27,Mad Maggie,10,10,2812,9
31-1-2022,29.76,Bloodhound,14,2,2145,7
10-2-2022,23.67,Lifeline,4,9,1076,8
2-2-2020,8.53,Bloodhound,7,2,1089,10
6-1-2020,20.26,Rampart,5,9,2650,3
11-5-2020,25.85,Rampart,2,4,459,15
30-5-2021,11.95,Gibraltar,2,1,368,12
31-12-2022,1.53,Mad Maggie,5,4,946,20
26-11-2021,4.32,Bangalore,2,9,1407,20
7-10-2019,21.19,Pathfinder,12,8,1459,19
24-5-2020,18.49,Wraith,12,6,3333,20
18-5-2020,8.49,Wraith,0,10,947,19
13-8-2022,16.11,Rampart,11,6,2354,10
16-7-2020,10.81,Wraith,7,2,1162,11
10-5-2021,19.04,Gibraltar,8,1,1330,2
5-7-2020,5.73,Mad Maggie,18,4,3515,2
13-6-2019,6.86,Rampart,8,3,696,7
20-11-2022,26.28,Mad Maggie,3,9,1804,6
12-6-2020,3.23,Gibraltar,11,0,1826,4
28-12-2021,5.18,Rampart,2,3,774,7
23-2-2022,8.92,Mirage,10,18,1980,8
16-2-2022,16.21,Mirage,5,7,905,3
25-8-2022,14.23,Mirage,1,3,283,4
20-7-2021,13.59,Bangalore,1,16,2121,3
23-7-2021,2.12,Bangalore,13,5,2074,13
19-8-2021,21.91,Wraith,16,3,2809,3
25-1-2021,4.35,Pathfinder,0,5,332,7
3-8-2021,12.58,Gibraltar,3,1,665,15
9-1-2021,20.9,Mirage,2,9,542,16
9-6-2022,11.48,Bloodhound,13,1,1024,11
25-11-2021,14.85,Wraith,11,2,1236,4
22-2-2019,3.76,Bloodhound,2,8,825,17
1-2-2021,8.1,Bloodhound,13,7,2185,7
8-9-2022,19.02,Rampart,5,3,899,4
29-5-2019,16.85,Mirage,8,7,1572,10
24-10-2022,18.87,Bangalore,6,1,1064,7
9-6-2022,28.25,Pathfinder,2,2,567,8
8-4-2021,17.68,Rampart,4,1,841,16
27-8-2019,17.26,Pathfinder,1,5,389,6
13-7-2019,1.13,Wraith,0,5,567,6
23-11-2019,28.85,Pathfinder,10,2,2580,15
12-3-2020,22.98,Gibraltar,7,4,2080,8
27-3-2022,12.42,Mad Maggie,10,7,3561,3
18-7-2022,2.25,Bangalore,0,7,1181,9
4-11-2022,25.62,Mad Maggie,5,7,2139,9
4-8-2019,4.46,Bloodhound,8,6,2996,4
11-10-2019,20.05,Pathfinder,9,16,4416,15
22-3-2020,13.97,Pathfinder,1,6,658,12
8-5-2019,3.65,Mirage,0,0,0,13
21-10-2021,19.75,Mad Maggie,1,6,1041,15
18-12-2021,22.65,Mad Maggie,5,5,1383,13
7-5-2020,18.08,Gibraltar,7,4,1003,3
23-7-2022,11.2,Mad Maggie,3,2,1118,7
11-7-2019,9.87,Bloodhound,1,1,240,10
6-9-2020,12.29,Bloodhound,1,17,2767,4
12-6-2019,3.73,Pathfinder,0,7,935,7
17-1-2020,11.43,Rampart,14,7,4364,1
5-12-2020,1.62,Gibraltar,8,10,3282,6
5-5-2019,10.91,Lifeline,14,4,3669,20
13-6-2020,25.75,Bangalore,7,3,1648,16
6-7-2021,19.81,Bangalore,17,10,5581,3
8-10-2022,29.14,Rampart,4,2,831,14
29-5-2020,7.82,Lifeline,0,1,157,4
26-7-2019,11.17,Wraith,5,6,2170,17
31-7-2022,10.96,Mad Maggie,5,5,1740,10
16-6-2019,21.91,Pathfinder,2,3,317,2
1-1-2020,3.16,Bangalore,0,1,75,3
5-7-2021,22.15,Lifeline,2,15,1383,2
4-3-2019,5.28,Bangalore,9,2,1991,20
18-3-2021,25.59,Pathfinder,4,9,981,17
22-6-2022,3.99,Wraith,3,6,679,3
14-9-2021,9.15,Bangalore,6,10,2807,3
5-12-2019,29.84,Lifeline,11,2,1180,19
27-1-2021,15.85,Bloodhound,1,6,676,5
7-1-2021,16.45,Rampart,10,13,1724,19
28-9-2020,1.61,Gibraltar,0,8,1509,9
8-8-2022,10.5,Wraith,3,10,1700,13
16-5-2020,23.77,Wraith,3,12,1070,20
16-9-2021,15.38,Gibraltar,5,1,394,17
8-6-2020,24.27,Pathfinder,2,5,1174,17
25-9-2020,4.68,Gibraltar,1,5,396,4
6-4-2021,26.21,Mirage,21,12,5563,20
30-5-2020,7.15,Pathfinder,0,0,0,13
17-2-2022,22.36,Bangalore,2,7,1259,13
30-12-2020,2.14,Mirage,3,5,1145,1
27-11-2021,20.4,Mad Maggie,3,4,806,3
22-10-2019,27.23,Mirage,11,9,3715,13
16-12-2022,14.38,Pathfinder,2,4,979,19
13-5-2019,24.91,Pathfinder,7,7,2461,5
8-8-2019,3.79,Gibraltar,0,10,1963,3
25-9-2021,3.6,Gibraltar,0,12,1352,3
31-1-2021,14.21,Bangalore,3,3,672,2
29-1-2020,19.26,Mirage,14,17,5111,11
25-3-2020,8.36,Pathfinder,1,4,324,11
30-4-2019,23.04,Wraith,12,8,1358,13
16-2-2020,19.29,Mad Maggie,12,3,1927,3
25-8-2022,26.83,Rampart,10,3,1464,15
29-4-2020,5.65,Rampart,0,9,540,3
13-3-2022,6.15,Wraith,5,4,1931,15
19-6-2019,4.57,Wraith,13,4,1438,13
27-5-2020,7.28,Mad Maggie,1,10,1262,1
8-9-2019,13.97,Bangalore,1,4,926,6
15-8-2022,26.16,Pathfinder,2,2,846,6
9-2-2019,21.26,Lifeline,2,6,1469,20
21-8-2019,24.28,Wraith,11,7,2370,18
22-8-2020,20.34,Mirage,6,2,588,7
4-5-2020,27.94,Pathfinder,8,4,1121,17
15-5-2019,19.71,Gibraltar,6,3,1919,4
12-10-2020,16.97,Gibraltar,1,4,1019,4
21-5-2021,6.23,Bangalore,5,4,1296,3
25-10-2022,18.21,Bangalore,4,9,2498,14
8-8-2022,5.25,Pathfinder,3,0,294,17
28-2-2019,2.43,Mirage,7,12,2144,3
22-6-2021,5.83,Rampart,1,0,169,18
8-10-2022,17.71,Lifeline,3,3,1121,7
22-8-2022,22.4,Bloodhound,3,6,548,18
31-3-2022,21.29,Bloodhound,16,2,2210,14
9-2-2020,28.59,Bangalore,2,4,795,11
24-1-2022,12.58,Bangalore,1,9,1431,4
17-7-2021,26.98,Wraith,2,21,4165,13
26-6-2021,6.62,Rampart,9,2,1989,7
23-6-2019,6.15,Mad Maggie,1,14,2196,19
23-2-2020,21.1,Wraith,2,4,1274,10
13-4-2020,13.49,Mirage,8,5,891,7
29-8-2022,0.39,Mad Maggie,15,3,3332,20
11-3-2021,2.47,Gibraltar,11,0,1248,9
20-9-2022,20.13,Bangalore,14,3,1453,8
14-7-2020,14.99,Wraith,4,3,813,1
27-3-2020,23.7,Bangalore,10,6,2842,7
1-6-2019,0.28,Bloodhound,10,2,1756,2
22-11-2022,12.93,Rampart,11,2,2565,15
20-2-2020,24.14,Pathfinder,8,6,2024,2
5-10-2022,9.95,Gibraltar,0,12,757,10
5-1-2021,2.39,Rampart,6,1,887,11
1-10-2021,1.01,Mirage,0,9,569,11
9-2-2021,27.03,Bloodhound,14,10,2214,8
15-11-2021,22.38,Mad Maggie,8,10,2644,14
2-6-2021,16.43,Mad Maggie,12,7,3588,13
25-5-2021,7.13,Wraith,1,4,298,12
17-3-2019,11.18,Mad Maggie,2,1,539,8
24-2-2021,9.26,Mirage,7,6,900,19
28-1-2021,2.28,Bloodhound,7,0,1312,13
28-3-2021,15.84,Gibraltar,4,1,1137,6
5-2-2020,27.36,Rampart,8,2,1277,2
22-3-2019,21.64,Mirage,3,6,937,16
22-10-2019,0.93,Rampart,0,3,472,7
20-4-2021,16.62,Rampart,1,8,1120,14
16-11-2020,20.73,Mad Maggie,3,2,765,16
16-3-2022,0.08,Lifeline,0,11,1674,20
14-1-2022,21.23,Lifeline,2,10,2087,2
21-2-2022,2.86,Wraith,3,10,855,16
10-1-2022,26.42,Bangalore,6,2,738,11
22-1-2022,12.42,Mirage,15,5,3114,6
8-9-2019,10.05,Mad Maggie,2,2,333,19
2-4-2022,0.7,Lifeline,3,8,1753,19
24-7-2022,17.9,Pathfinder,6,2,1452,11
5-12-2020,6.44,Bloodhound,6,2,1579,6
7-8-2020,28.8,Lifeline,3,5,1413,2
23-6-2020,9.33,Pathfinder,2,15,1228,10
4-12-2019,29.95,Wraith,5,15,1503,15
18-11-2022,10.67,Mad Maggie,3,6,1230,13
7-9-2022,18.03,Pathfinder,9,3,695,14
4-9-2019,17.75,Pathfinder,4,10,717,18
6-3-2020,15.25,Mad Maggie,6,6,712,1
20-5-2021,3.84,Wraith,0,5,937,2
1-3-2019,14.27,Rampart,5,15,1287,19
17-2-2022,8.54,Mirage,17,15,6492,5
6-4-2019,21.74,Mad Maggie,2,12,2019,20
15-8-2020,18.24,Mad Maggie,2,17,2871,2
28-1-2021,15.98,Wraith,16,1,3916,2
8-2-2020,13.87,Pathfinder,1,20,2693,13
3-3-2021,9.89,Mirage,0,5,463,10
1-8-2022,24.82,Wraith,11,2,1165,12
31-12-2021,21.35,Bloodhound,6,6,852,15
9-3-2020,17.46,Gibraltar,11,3,1563,7
30-7-2022,17.86,Lifeline,4,5,683,9
4-3-2019,3.15,Bangalore,6,9,2234,20
15-4-2021,15.41,Pathfinder,2,10,868,12
9-5-2019,26.02,Rampart,6,2,1812,10
12-9-2020,25.74,Wraith,2,6,627,20
5-10-2021,9.76,Rampart,5,1,1188,15
28-11-2020,8.63,Mad Maggie,2,3,565,2
14-10-2020,27.04,Lifeline,5,6,1375,2
13-12-2021,9.75,Rampart,2,5,1150,19
29-6-2020,10.5,Gibraltar,19,10,2326,12
5-9-2020,24.03,Pathfinder,2,2,635,1
15-5-2019,12.94,Wraith,8,5,2452,13
5-8-2022,0.36,Wraith,15,6,3073,17
11-2-2020,26.15,Bangalore,7,2,538,1
17-1-2022,13.66,Bangalore,2,5,367,6
5-8-2020,27.82,Mirage,9,14,4181,13
9-12-2019,19.86,Bloodhound,11,1,1596,4
3-12-2020,20.77,Bloodhound,4,2,580,20
2-11-2020,6.92,Wraith,0,2,175,8
1-9-2022,5.1,Mirage,8,18,2778,8
30-11-2019,19.56,Lifeline,6,3,1303,19
5-8-2022,27.61,Mad Maggie,18,5,4638,20
12-11-2021,10.12,Bloodhound,2,4,670,3
16-8-2022,3.03,Bloodhound,5,0,647,19
19-12-2021,19.99,Mad Maggie,2,13,1959,19
26-7-2020,1.51,Wraith,7,8,1166,12
7-3-2022,22.38,Mirage,4,3,1192,19
1-5-2022,4.14,Mad Maggie,5,9,2297,20
23-6-2019,27.0,Lifeline,2,5,860,14
2-11-2019,22.8,Pathfinder,14,4,2547,2
2-8-2022,0.79,Rampart,1,0,189,3
10-4-2020,6.31,Pathfinder,15,6,2663,4
14-3-2021,7.99,Lifeline,0,4,451,11
26-11-2022,12.99,Pathfinder,11,3,2329,5
22-5-2019,7.98,Bloodhound,8,1,1068,11
20-2-2020,9.86,Gibraltar,4,4,1372,13
16-9-2021,4.06,Pathfinder,8,1,1708,13
17-4-2019,27.1,Mirage,15,17,3769,7
20-10-2021,17.33,Wraith,14,2,2547,17
16-3-2022,15.23,Mirage,4,5,1142,3
12-5-2021,16.93,Lifeline,2,1,576,4
12-5-2020,19.1,Wraith,12,2,1833,16
7-6-2019,1.18,Mad Maggie,0,8,819,10
1-12-2021,16.48,Lifeline,14,7,2057,3
11-4-2019,7.71,Lifeline,9,5,2049,12
13-3-2020,6.37,Gibraltar,2,0,400,10
14-5-2020,27.0,Mad Maggie,7,5,716,2
18-12-2022,1.76,Gibraltar,4,1,867,17
12-2-2022,15.83,Gibraltar,10,1,1919,7
28-5-2021,16.39,Gibraltar,2,1,366,1
20-10-2022,16.79,Bangalore,1,2,412,12
9-5-2022,24.82,Bloodhound,2,2,567,4
3-5-2022,3.6,Lifeline,1,0,173,4
10-7-2019,5.02,Mirage,0,5,311,13
27-7-2021,15.53,Bangalore,7,4,706,9
1-6-2022,1.01,Bangalore,9,2,2340,6
22-6-2019,29.97,Rampart,10,6,1512,17
31-10-2020,3.03,Lifeline,19,2,4842,2
24-2-2020,18.71,Bangalore,5,10,1566,18
10-9-2020,3.48,Lifeline,2,2,368,14
18-10-2019,24.49,Bloodhound,5,8,1238,9
27-2-2020,21.04,Gibraltar,2,3,675,17
26-8-2020,20.19,Wraith,8,2,1427,12
17-5-2019,2.84,Mad Maggie,3,1,384,18
29-7-2022,8.34,Mirage,6,7,1461,5
9-8-2021,4.76,Pathfinder,1,3,420,8
20-4-2019,20.84,Mirage,6,2,808,8
14-7-2022,11.15,Wraith,2,9,1502,14
12-7-2022,22.56,Mirage,5,3,1269,9
24-11-2021,11.68,Wraith,9,2,1744,11
24-10-2020,9.61,Rampart,5,8,1259,5
8-12-2021,29.15,Mirage,16,3,2148,20
8-2-2020,9.06,Mad Maggie,16,0,1891,10
16-6-2020,6.42,Mirage,14,7,1824,11
27-2-2022,5.75,Lifeline,13,6,1157,20
18-4-2021,2.26,Mirage,1,0,119,20
8-8-2020,11.48,Rampart,7,3,646,17
17-11-2021,14.83,Rampart,1,2,554,3
21-2-2019,1.18,Bloodhound,0,0,0,5
20-4-2020,21.85,Pathfinder,13,2,2684,6
21-11-2019,11.17,Bangalore,4,3,1203,7
30-3-2020,27.82,Mad Maggie,19,3,2980,19
17-3-2022,2.64,Rampart,1,2,392,12
20-12-2020,8.93,Bangalore,2,0,234,10
17-8-2021,1.15,Gibraltar,3,12,1718,5
4-1-2021,11.72,Lifeline,4,9,1680,20
26-1-2022,24.04,Gibraltar,2,6,729,2
21-4-2021,21.07,Bangalore,10,4,1608,3
25-11-2020,16.54,Mad Maggie,1,18,1522,16
19-12-2020,12.51,Mad Maggie,1,1,414,2
6-4-2020,15.67,Bangalore,1,1,195,11
2-4-2021,3.43,Bangalore,7,3,1244,15
5-11-2021,2.95,Bloodhound,2,11,2187,11
4-9-2019,23.91,Rampart,5,9,2671,5
5-9-2020,11.29,Pathfinder,2,3,959,16
20-9-2021,9.26,Wraith,11,2,3056,15
2-3-2020,18.88,Gibraltar,7,2,677,7
31-3-2022,3.65,Lifeline,8,9,3571,6
16-9-2021,27.41,Mad Maggie,2,8,1356,5
13-3-2022,13.39,Rampart,7,5,1626,7
2-5-2019,29.29,Gibraltar,6,4,1025,7
11-5-2021,28.9,Wraith,9,11,3265,14
16-10-2022,16.84,Bangalore,10,3,1502,7
4-11-2020,14.73,Mad Maggie,11,6,1570,17
7-1-2020,5.49,Wraith,2,0,256,19
15-10-2021,24.3,Rampart,4,4,454,3
21-2-2020,1.32,Mad Maggie,2,3,892,18
17-4-2021,22.15,Bangalore,5,8,1703,1
1-9-2022,28.02,Lifeline,6,7,740,17
1-10-2021,21.56,Bloodhound,10,3,1727,17
18-3-2022,0.29,Rampart,7,0,1460,11
2-9-2020,9.69,Mirage,6,6,1379,16
21-8-2022,16.71,Mirage,8,2,1123,17
10-11-2022,3.14,Rampart,1,0,144,5
9-5-2021,20.35,Pathfinder,2,10,1637,14
2-12-2020,22.0,Mad Maggie,2,10,873,6
28-12-2021,0.8,Gibraltar,7,5,1871,9
12-10-2022,18.13,Mad Maggie,19,6,3339,7
11-9-2020,2.37,Rampart,1,2,388,15
29-8-2020,22.76,Bloodhound,12,3,952,9
26-2-2020,19.29,Bloodhound,6,6,1231,6
15-7-2021,24.22,Bangalore,10,12,4122,13
12-9-2022,28.92,Wraith,2,4,908,11
18-8-2020,0.4,Lifeline,17,2,4051,2
15-9-2019,6.25,Bangalore,6,0,726,19
20-12-2021,26.98,Mirage,10,9,1516,19
27-10-2019,8.84,Gibraltar,0,17,2228,16
16-2-2022,18.92,Rampart,2,15,3350,15
2-4-2021,28.75,Mad Maggie,6,2,499,18
25-3-2019,10.41,Pathfinder,1,1,325,9
15-1-2022,10.93,Bloodhound,4,11,2596,3
8-4-2020,0.76,Gibraltar,4,1,1063,8
21-6-2021,6.78,Gibraltar,10,2,2318,18
24-3-2020,5.19,Pathfinder,2,0,190,12
11-10-2022,23.2,Mad Maggie,8,17,3727,4
2-9-2021,26.86,Rampart,10,9,2310,12
14-3-2021,8.59,Wraith,8,16,4783,11
24-12-2019,19.59,Lifeline,8,3,1593,5
15-9-2022,11.55,Mirage,1,8,1672,14
1-9-2020,14.27,Pathfinder,5,1,1232,10
12-9-2022,12.17,Wraith,14,4,3832,4
28-6-2019,24.86,Mirage,4,4,1354,15
24-2-2020,18.42,Wraith,3,3,1001,2
1-12-2022,5.51,Gibraltar,3,3,651,18
16-5-2019,27.34,Gibraltar,3,17,2221,2
3-4-2020,22.12,Mad Maggie,2,2,693,15
2-10-2020,2.19,Bangalore,10,11,2454,11
7-2-2022,15.82,Wraith,11,5,2184,18
9-9-2019,27.04,Mirage,5,10,2021,12
3-4-2020,21.55,Mad Maggie,4,12,1646,15
17-7-2021,10.76,Rampart,3,15,1016,20
28-6-2019,21.68,Lifeline,4,8,1570,16
1-5-2022,20.61,Wraith,17,8,2199,10
1-12-2022,24.08,Wraith,5,2,915,6
5-11-2022,9.88,Gibraltar,12,11,3307,13
12-11-2019,2.7,Bangalore,6,0,898,13
9-5-2020,27.48,Lifeline,17,9,2070,12
10-5-2022,20.63,Gibraltar,15,3,2071,17
12-8-2021,22.02,Lifeline,15,10,1897,17
18-7-2019,0.88,Mirage,1,14,2218,2
26-1-2022,17.87,Wraith,9,9,2476,17
10-10-2022,7.31,Mirage,7,5,845,17
29-9-2022,6.08,Bloodhound,2,10,808,3
28-4-2021,3.81,Pathfinder,0,3,513,17
2-11-2021,10.55,Mad Maggie,4,2,626,11
20-10-2019,12.44,Bangalore,1,9,1911,19
27-7-2022,13.99,Bangalore,13,1,1340,5
4-11-2022,10.11,Pathfinder,5,5,1350,17
24-12-2019,5.15,Pathfinder,0,8,829,20
18-10-2019,21.19,Bloodhound,10,4,999,12
18-2-2020,16.52,Bangalore,5,2,562,16
15-6-2021,26.82,Lifeline,5,5,1957,2
12-1-2022,9.44,Rampart,11,0,2299,4
6-10-2021,16.66,Pathfinder,4,3,1353,9
16-11-2022,13.18,Wraith,7,13,1416,9
29-1-2021,27.75,Gibraltar,5,19,4051,6
22-4-2020,11.65,Pathfinder,10,2,2449,7
13-1-2021,12.81,Lifeline,13,7,2984,7
15-4-2021,4.01,Mad Maggie,6,5,1650,8
8-9-2020,1.49,Rampart,17,8,2281,3
6-11-2022,14.27,Pathfinder,5,5,884,20
24-7-2021,28.37,Wraith,5,9,1096,20
29-9-2021,4.01,Mirage,3,1,563,7
4-4-2022,5.97,Pathfinder,0,6,1063,18
17-12-2021,18.58,Bangalore,1,14,1514,13
15-4-2021,23.28,Gibraltar,10,7,3452,3
9-5-2021,12.22,Rampart,8,1,655,1
13-4-2020,28.24,Lifeline,3,6,1269,11
15-12-2020,7.12,Rampart,1,3,412,7
8-8-2020,23.54,Mirage,10,4,3075,13
19-2-2021,13.69,Lifeline,3,5,627,8
20-2-2020,29.29,Bloodhound,21,10,4111,18
3-12-2021,26.99,Mad Maggie,11,14,2602,16
27-12-2021,6.37,Pathfinder,6,6,1129,5
23-1-2020,26.41,Bangalore,4,4,1296,10
26-12-2022,26.0,Gibraltar,6,7,1455,2
29-8-2019,28.04,Gibraltar,5,2,887,8
14-5-2019,9.96,Gibraltar,2,11,638,2
31-5-2022,24.56,Gibraltar,3,5,936,3
23-1-2020,28.83,Wraith,10,4,2200,8
21-5-2020,25.22,Wraith,17,11,2006,9
14-9-2022,28.75,Bloodhound,8,2,827,5
7-12-2021,15.35,Bangalore,3,7,612,5
19-12-2020,25.5,Bloodhound,9,2,1901,12
5-8-2019,7.9,Lifeline,5,9,2894,6
13-6-2020,12.27,Bloodhound,2,3,763,20
9-4-2021,5.24,Mad Maggie,5,3,866,10
30-10-2019,29.88,Lifeline,12,3,1162,18
28-3-2021,17.04,Mad Maggie,3,9,986,4
19-4-2022,1.66,Mad Maggie,17,16,5440,20
17-3-2022,6.0,Bangalore,1,5,873,18
1-5-2021,15.63,Gibraltar,2,5,1045,6
4-8-2019,0.18,Bloodhound,1,0,85,15
25-9-2022,21.79,Mirage,5,3,1254,13
22-2-2021,11.17,Pathfinder,1,3,692,5
19-6-2021,8.32,Bangalore,0,9,1118,18
31-3-2022,25.65,Rampart,2,10,1938,11
14-2-2020,26.25,Bloodhound,3,5,1024,10
2-5-2019,3.08,Mirage,0,8,1115,6
6-4-2019,0.32,Gibraltar,11,1,2509,20
10-7-2022,29.03,Bloodhound,2,6,1456,9
7-8-2019,6.51,Mirage,1,1,335,5
27-5-2022,27.0,Mad Maggie,2,11,984,3
3-4-2020,5.72,Mirage,8,5,2085,20
6-6-2020,14.73,Wraith,1,1,256,8
19-12-2020,27.37,Gibraltar,13,4,2529,18
28-3-2020,18.82,Pathfinder,5,11,938,14
10-7-2021,7.1,Bangalore,1,4,728,8
25-2-2020,8.08,Bloodhound,5,1,546,17
2-8-2021,18.95,Rampart,3,7,1747,13
2-6-2021,4.67,Rampart,7,3,952,15
23-3-2021,14.17,Lifeline,10,1,2279,8
7-12-2021,10.07,Lifeline,3,4,804,20
25-9-2020,27.77,Bangalore,4,2,441,16
8-7-2019,23.9,Lifeline,3,5,804,11
9-5-2022,17.62,Lifeline,4,2,685,3
25-3-2020,7.77,Mirage,8,3,1678,19
29-5-2021,20.33,Pathfinder,2,2,554,19
19-12-2019,7.45,Mirage,6,10,1949,5
2-8-2019,28.82,Bloodhound,6,9,1336,9
12-3-2021,18.37,Bangalore,11,3,1986,17
18-7-2020,6.66,Lifeline,1,8,1215,5
28-11-2021,19.87,Mirage,1,1,408,14
5-9-2019,21.5,Mad Maggie,4,2,567,12
15-11-2020,0.7,Gibraltar,0,9,872,6
14-3-2022,18.43,Bangalore,7,9,2252,4
22-12-2020,22.02,Gibraltar,9,15,3579,15
30-4-2022,16.93,Pathfinder,4,3,451,13
30-8-2021,17.28,Wraith,11,6,3353,17
13-4-2019,7.33,Gibraltar,9,7,1184,5
26-7-2019,15.82,Lifeline,2,11,1042,18
25-9-2021,19.01,Lifeline,9,1,2076,7
7-2-2022,8.48,Wraith,7,3,1847,1
19-7-2020,6.88,Mad Maggie,1,7,1233,9
6-4-2019,24.48,Mad Maggie,2,3,1034,4
31-10-2019,5.02,Mad Maggie,10,6,2789,18
7-3-2022,2.81,Gibraltar,6,17,2700,7
6-9-2019,11.92,Lifeline,2,1,200,8
3-9-2020,10.56,Gibraltar,13,17,2504,16
27-4-2019,15.79,Pathfinder,1,4,453,13
10-3-2020,26.24,Mad Maggie,2,4,1021,5
27-6-2019,28.67,Bangalore,7,3,1998,7
1-12-2022,22.93,Bloodhound,6,5,1959,14
13-2-2022,11.63,Gibraltar,9,1,1374,16
23-4-2021,5.21,Lifeline,3,7,1360,8
19-4-2021,27.71,Wraith,15,5,3298,6
4-3-2021,22.16,Lifeline,3,4,723,18
28-6-2020,9.45,Pathfinder,1,2,270,19
10-11-2019,27.03,Lifeline,5,6,2010,8
9-2-2022,6.64,Bloodhound,2,1,187,17
13-10-2022,28.36,Bloodhound,4,15,1447,13
18-7-2020,24.46,Wraith,12,13,4991,18
26-7-2021,8.41,Mirage,0,0,0,12
2-8-2019,18.8,Rampart,5,4,1748,6
12-1-2022,17.58,Bloodhound,3,1,622,18
8-4-2021,17.37,Wraith,3,1,373,8
18-5-2019,11.98,Mad Maggie,3,4,757,13
27-5-2019,24.77,Mad Maggie,3,2,708,9
1-9-2019,9.97,Bloodhound,0,18,879,19
8-3-2020,17.52,Mad Maggie,1,1,391,7
17-11-2021,16.27,Gibraltar,1,1,419,1
28-10-2020,28.56,Wraith,7,2,1201,7
23-10-2022,10.87,Lifeline,18,3,4848,20
21-5-2019,16.45,Gibraltar,12,9,2597,1
24-7-2019,26.21,Mirage,16,3,2225,14
23-5-2021,12.37,Rampart,6,9,2342,4
22-9-2019,28.2,Gibraltar,14,2,1072,8
23-5-2021,4.9,Lifeline,1,4,889,9
31-7-2019,18.34,Pathfinder,1,1,401,16
7-11-2019,19.4,Mad Maggie,5,6,2292,14
16-11-2019,17.46,Mad Maggie,9,7,946,16
4-8-2022,19.56,Bangalore,1,18,2862,6
6-7-2019,5.27,Mirage,8,14,1702,15
13-3-2022,16.67,Gibraltar,3,16,2497,3
28-11-2020,13.86,Bangalore,3,10,2314,15
20-9-2020,14.52,Rampart,2,1,413,2
18-8-2019,12.09,Lifeline,12,4,2287,3
12-8-2019,4.62,Mad Maggie,4,15,2727,2
18-12-2021,13.24,Gibraltar,5,5,2039,17
1-6-2021,27.18,Mad Maggie,2,2,323,1
16-10-2022,8.96,Mirage,3,2,709,1
3-10-2019,26.54,Bangalore,6,9,1427,19
26-10-2020,19.44,Bloodhound,1,10,2026,17
1-2-2022,24.42,Mirage,4,4,434,1
31-10-2022,26.42,Bloodhound,14,3,3197,17
10-10-2021,28.02,Bangalore,10,10,3898,4
7-5-2019,2.52,Pathfinder,4,0,620,9
19-12-2020,17.58,Wraith,3,6,1827,11
21-9-2019,7.66,Gibraltar,10,4,889,7
28-4-2021,29.34,Pathfinder,5,3,670,20
3-8-2019,0.66,Mad Maggie,1,5,422,14
19-2-2022,27.75,Lifeline,8,8,1159,9
19-7-2019,12.28,Bangalore,3,14,2037,8
8-6-2019,16.92,Lifeline,1,2,546,12
4-10-2020,28.6,Rampart,4,7,1139,16
9-5-2020,2.56,Mirage,13,5,2865,1
13-7-2019,25.01,Mad Maggie,3,3,1255,8
24-5-2019,7.52,Lifeline,2,1,496,6
26-1-2021,15.62,Pathfinder,1,1,161,1
17-6-2021,7.23,Bangalore,0,4,502,15
27-9-2019,0.94,Mirage,0,0,0,4
11-12-2021,16.58,Rampart,8,12,3828,6
21-1-2020,16.01,Bloodhound,5,14,2117,1
6-9-2022,20.28,Wraith,3,2,856,10
28-11-2021,15.23,Mad Maggie,1,4,271,6
14-1-2022,14.78,Wraith,3,7,1464,4
26-7-2019,16.12,Gibraltar,11,3,1759,8
31-5-2021,11.31,Wraith,2,13,1289,13
10-7-2019,12.49,Bangalore,12,17,3818,2
30-12-2019,8.75,Mirage,7,1,569,4
13-6-2022,11.48,Mad Maggie,1,4,430,19
24-8-2021,24.01,Bangalore,13,2,2260,4
29-4-2020,9.75,Bangalore,2,10,2307,8
10-2-2019,29.76,Gibraltar,9,8,2186,19
17-12-2020,2.05,Rampart,0,1,132,11
29-11-2019,26.72,Mad Maggie,7,17,3534,12
27-11-2022,1.45,Bangalore,8,4,2223,4
13-4-2021,11.29,Mad Maggie,2,3,923,16
15-7-2021,24.08,Pathfinder,4,13,1653,19
16-5-2022,17.89,Lifeline,4,1,406,18
9-5-2022,19.57,Mirage,1,4,310,16
15-3-2021,15.75,Mirage,1,3,376,3
26-3-2019,15.69,Lifeline,3,3,1210,7
26-11-2019,21.01,Lifeline,3,5,687,11
15-5-2022,3.15,Lifeline,4,0,395,4
3-5-2019,6.78,Bangalore,6,6,1706,1
22-7-2019,20.22,Mirage,2,9,2052,11
27-5-2022,3.94,Bangalore,3,6,1045,17
9-2-2022,13.26,Wraith,8,4,1504,4
7-6-2020,6.44,Pathfinder,0,2,127,7
13-1-2022,2.82,Mad Maggie,1,6,1148,12
15-10-2020,4.24,Mad Maggie,5,9,2527,9
3-6-2019,26.44,Mirage,14,11,3361,5
17-3-2019,4.38,Gibraltar,0,9,1240,8
28-2-2020,7.68,Rampart,8,11,3405,9
1-6-2022,5.99,Mirage,1,2,314,11
3-11-2022,24.63,Wraith,5,10,1431,3
5-11-2021,21.41,Bangalore,6,8,1512,1
28-8-2020,22.67,Lifeline,2,12,1689,12
3-6-2021,9.27,Gibraltar,1,7,489,16
14-10-2020,6.5,Pathfinder,7,0,1098,1
21-4-2020,2.54,Pathfinder,2,6,1135,19
31-12-2019,17.2,Mad Maggie,8,3,2047,17
20-9-2019,11.86,Bangalore,4,2,1135,15
27-3-2021,26.36,Rampart,2,11,1976,6
15-6-2020,29.83,Mirage,9,12,1142,5
27-8-2021,7.26,Pathfinder,11,7,1468,19
8-6-2021,25.12,Gibraltar,5,15,2017,17
7-6-2022,12.36,Wraith,12,1,951,11
13-11-2019,4.33,Mad Maggie,1,17,1835,17
12-6-2022,15.23,Bloodhound,1,9,1629,2
14-12-2020,8.71,Bangalore,1,3,479,4
30-11-2022,13.28,Pathfinder,7,1,729,2
24-5-2022,22.76,Mad Maggie,8,16,2061,5
2-4-2021,27.9,Mirage,15,2,1163,12
28-4-2020,25.67,Wraith,16,6,3579,14
19-4-2022,28.52,Mad Maggie,3,3,348,8
2-9-2020,25.17,Wraith,12,6,2016,11
3-4-2019,14.66,Lifeline,8,5,1745,3
4-9-2021,17.76,Mirage,16,3,1363,8
16-6-2022,8.72,Lifeline,0,19,1611,9
6-5-2021,1.99,Mad Maggie,8,0,1795,7
31-7-2020,4.06,Bloodhound,2,3,422,17
15-11-2020,18.7,Pathfinder,4,17,4162,10
8-10-2020,5.71,Lifeline,0,6,498,12
28-9-2019,0.78,Bloodhound,2,4,1151,17
15-11-2021,26.25,Lifeline,4,3,1346,10
21-9-2020,1.65,Lifeline,15,10,3784,17
21-4-2020,0.59,Pathfinder,8,6,2629,17
1-11-2020,17.37,Bloodhound,3,14,2914,3
28-3-2019,19.01,Mad Maggie,2,2,561,2
20-11-2021,0.81,Gibraltar,0,1,128,8
19-4-2021,2.45,Mad Maggie,4,7,1154,4
20-3-2022,17.34,Rampart,8,4,1424,7
2-1-2020,27.93,Gibraltar,18,2,3227,5
30-8-2019,8.71,Mirage,0,4,324,10
22-6-2020,27.94,Pathfinder,5,6,1675,20
5-11-2020,26.89,Mad Maggie,11,2,2410,4
2-7-2019,15.45,Bangalore,9,4,2250,2
15-6-2020,24.84,Lifeline,6,7,1879,1
19-5-2019,3.63,Bloodhound,1,9,1578,14
3-8-2020,4.12,Lifeline,3,6,1030,20
15-11-2022,9.07,Bangalore,4,0,242,12
18-2-2020,24.02,Pathfinder,2,16,2752,1
24-3-2019,22.76,Rampart,10,16,1558,1
2-8-2019,23.7,Pathfinder,16,16,3382,20
12-4-2019,2.78,Mad Maggie,8,11,1459,9
9-3-2019,4.33,Bloodhound,14,0,2011,20
17-12-2021,17.47,Rampart,16,4,3082,8
27-6-2020,7.05,Gibraltar,2,3,984,1
12-5-2022,5.89,Mad Maggie,0,0,0,14
29-5-2022,24.22,Rampart,5,5,2063,1
25-6-2022,15.5,Wraith,1,3,265,14
23-4-2021,28.36,Mad Maggie,2,7,916,10
12-8-2020,10.15,Pathfinder,12,1,1795,7
13-10-2019,27.14,Bloodhound,2,2,801,18
1-3-2021,26.21,Mirage,8,17,4148,18
7-9-2022,8.95,Mirage,1,0,213,3
13-9-2021,21.68,Gibraltar,7,16,2895,16
10-1-2020,10.11,Rampart,1,2,365,6
23-9-2022,27.84,Pathfinder,4,7,974,13
24-6-2022,20.38,Bangalore,12,2,1904,9
27-6-2022,1.01,Lifeline,11,9,3493,9
2-6-2020,10.27,Mirage,3,2,1007,8
30-8-2020,22.74,Gibraltar,4,2,873,15
6-2-2020,27.18,Bangalore,2,14,1829,17
3-9-2022,24.49,Mad Maggie,6,14,1819,15
4-11-2020,15.33,Lifeline,4,1,435,20
3-11-2020,2.36,Wraith,0,9,1659,16
29-5-2019,11.48,Lifeline,4,1,553,1
23-2-2020,17.44,Mad Maggie,7,2,1343,15
9-10-2020,13.81,Mad Maggie,2,8,757,16
9-9-2022,3.53,Rampart,4,1,885,9
9-10-2019,9.66,Gibraltar,14,10,1433,6
30-6-2020,18.58,Bangalore,6,4,774,13
28-8-2019,26.48,Gibraltar,14,9,4335,1
19-5-2021,14.47,Gibraltar,5,4,958,4
22-11-2022,27.42,Pathfinder,5,5,1660,9
14-2-2020,27.09,Bangalore,16,7,4518,19
17-6-2022,25.33,Rampart,11,4,2380,12
19-1-2020,1.06,Wraith,6,7,1274,16
26-1-2022,6.41,Bloodhound,16,12,2738,6
4-7-2021,23.06,Gibraltar,14,4,1208,10
28-6-2019,20.97,Wraith,15,13,4689,20
13-11-2019,6.13,Pathfinder,2,6,832,1
1-4-2020,20.07,Bloodhound,16,9,3764,1
16-8-2022,2.81,Rampart,6,1,496,5
5-7-2020,27.47,Pathfinder,7,6,968,12
31-5-2021,2.38,Mad Maggie,6,0,822,11
12-2-2019,29.56,Bangalore,3,2,445,20
28-4-2019,21.67,Mad Maggie,7,14,3853,18
17-11-2020,22.8,Gibraltar,5,2,1518,18
10-3-2022,2.14,Rampart,0,5,873,18
17-12-2021,13.36,Bangalore,9,10,2025,9
6-5-2021,15.33,Lifeline,5,3,1476,13
25-4-2020,16.22,Gibraltar,4,4,830,19
18-4-2020,21.67,Pathfinder,11,2,2723,13
29-11-2022,7.11,Bangalore,13,9,2918,11
5-12-2021,19.75,Bloodhound,3,8,1126,15
27-1-2022,17.62,Gibraltar,13,2,1114,3
4-7-2021,7.06,Mirage,0,2,293,18
6-3-2019,7.63,Bloodhound,0,4,662,5
16-9-2021,27.11,Pathfinder,5,5,1967,15
16-6-2020,27.23,Bloodhound,7,5,1781,11
23-8-2021,14.79,Mirage,3,6,656,2
25-9-2020,29.36,Mirage,12,10,2680,20
9-4-2020,10.56,Lifeline,3,2,934,17
21-9-2022,22.6,Rampart,2,9,874,17
28-6-2019,27.12,Bloodhound,3,3,757,6
15-9-2019,15.01,Mirage,7,5,847,10
4-10-2019,16.02,Mad Maggie,9,1,1664,20
8-12-2020,18.74,Bloodhound,3,9,714,12
18-10-2020,8.1,Mad Maggie,1,2,184,18
1-6-2022,12.2,Rampart,4,5,735,10
5-10-2020,20.9,Wraith,4,5,1101,15
26-8-2021,8.61,Bloodhound,11,5,1271,18
29-3-2022,13.19,Bangalore,5,7,1649,5
10-3-2022,26.86,Pathfinder,10,3,2591,17
24-8-2021,10.2,Bloodhound,2,5,733,12
19-9-2021,7.52,Rampart,9,8,2880,16
25-12-2021,20.11,Bangalore,11,4,1085,8
30-11-2019,21.48,Gibraltar,5,5,569,17
12-8-2022,3.39,Gibraltar,1,5,841,20
5-11-2021,25.09,Mirage,13,5,3588,9
20-3-2019,9.07,Wraith,14,15,2555,5
26-10-2020,15.12,Rampart,4,12,2911,10
2-4-2020,14.48,Rampart,1,6,1353,3
13-1-2020,20.28,Rampart,4,17,1198,3
7-11-2020,16.49,Mad Maggie,1,8,913,15
9-2-2022,19.56,Wraith,4,16,3765,8
8-7-2021,3.14,Mad Maggie,6,12,2494,14
21-3-2020,26.77,Gibraltar,13,6,4070,4
8-11-2019,16.71,Pathfinder,3,10,725,20
12-1-2022,18.39,Gibraltar,3,3,1146,5
21-12-2021,10.73,Mirage,5,1,662,19
22-5-2022,6.84,Bangalore,6,0,1424,8
15-2-2021,15.33,Mirage,3,2,552,13
29-12-2022,23.87,Bangalore,13,4,2201,6
25-10-2021,11.1,Bloodhound,9,4,773,7
24-5-2021,8.07,Bloodhound,6,0,738,11
25-9-2022,5.13,Bloodhound,6,0,843,12
30-11-2021,10.56,Rampart,15,2,1722,20
22-11-2021,4.99,Wraith,1,1,134,18
4-11-2022,23.65,Mirage,10,3,2286,3
12-6-2019,8.2,Bloodhound,3,2,327,2
17-8-2022,29.9,Pathfinder,7,16,2054,19
2-3-2021,28.38,Bloodhound,10,9,1929,15
10-6-2019,2.48,Gibraltar,10,1,1887,13
4-12-2022,23.53,Gibraltar,5,10,2412,2
24-5-2020,19.18,Mad Maggie,13,14,5609,4
20-7-2019,9.85,Pathfinder,0,6,458,19
14-9-2019,19.39,Rampart,9,3,1275,2
6-1-2020,10.3,Rampart,3,2,393,19
2-10-2019,3.23,Lifeline,11,4,1062,4
15-7-2022,2.32,Mad Maggie,6,2,486,7
22-9-2020,24.71,Bangalore,8,3,947,15
10-6-2020,12.74,Mirage,14,4,2574,11
5-9-2019,7.27,Wraith,1,3,411,11
9-12-2021,22.32,Bloodhound,13,4,1133,5
13-9-2022,18.5,Bloodhound,2,6,578,18
23-4-2022,4.73,Bangalore,4,8,1153,17
9-4-2021,22.81,Mirage,7,3,997,17
11-7-2019,11.2,Mirage,1,1,295,11
21-9-2019,16.46,Mirage,4,1,568,14
21-10-2021,22.49,Bloodhound,6,2,856,10
1-11-2021,12.81,Pathfinder,4,4,576,14
21-10-2022,0.29,Bloodhound,1,1,249,12
5-3-2022,16.52,Mirage,1,7,1299,8
12-12-2019,14.43,Rampart,2,14,2640,3
29-6-2021,14.8,Mad Maggie,12,14,5384,16
30-10-2022,21.84,Lifeline,2,4,749,11
16-6-2021,28.98,Lifeline,9,3,2341,12
21-10-2022,16.16,Bloodhound,8,13,3204,19
13-12-2022,21.19,Mad Maggie,3,3,605,8
16-7-2021,17.22,Pathfinder,6,1,524,7
5-9-2022,6.19,Mad Maggie,3,7,1360,5
4-1-2022,23.58,Mirage,4,4,578,18
18-12-2020,19.43,Wraith,6,11,1931,15
2-3-2019,19.43,Bloodhound,1,4,784,14
25-6-2021,27.07,Mirage,10,4,2304,2
20-12-2020,8.06,Mirage,1,1,245,7
8-7-2022,24.35,Wraith,3,11,773,14
17-2-2021,11.27,Mirage,1,2,275,15
2-10-2020,18.38,Rampart,2,3,298,20
28-7-2021,0.59,Bangalore,9,2,854,17
16-5-2022,4.57,Mad Maggie,5,3,1425,1
2-12-2021,8.92,Gibraltar,4,2,377,19
26-10-2021,7.75,Bloodhound,2,6,616,9
3-9-2021,9.3,Pathfinder,2,10,703,17
18-3-2019,2.52,Rampart,0,0,0,19
5-7-2021,13.08,Pathfinder,1,17,1731,12
1-10-2019,7.1,Mirage,0,2,290,18
24-4-2021,1.86,Bangalore,10,2,2470,15
10-11-2022,8.92,Bloodhound,3,10,2514,3
24-6-2020,9.82,Pathfinder,7,11,2696,14
3-10-2020,25.95,Bangalore,2,2,269,17
23-9-2019,25.82,Bangalore,6,4,672,2
25-3-2019,12.62,Mirage,5,3,1177,12
3-8-2022,22.22,Bloodhound,10,2,1186,18
13-7-2022,16.71,Gibraltar,2,3,779,13
7-3-2020,24.06,Mirage,9,10,3495,4
12-9-2022,14.27,Rampart,14,7,2684,13
13-7-2019,26.79,Lifeline,2,6,1495,17
29-9-2019,19.09,Mirage,7,18,3934,17
4-12-2019,26.9,Mad Maggie,4,9,673,20
14-6-2022,12.3,Pathfinder,1,2,254,3
12-10-2021,18.79,Bloodhound,15,14,4875,3
3-1-2022,11.17,Bangalore,2,11,2384,18
20-6-2021,14.99,Pathfinder,3,5,830,8
14-6-2021,15.63,Mirage,1,8,1254,20
26-4-2020,24.86,Bangalore,5,3,1212,11
29-7-2021,25.57,Wraith,6,4,813,7
8-4-2022,10.69,Wraith,5,1,563,15
22-11-2021,20.46,Rampart,4,14,1194,12
19-5-2021,16.21,Pathfinder,5,1,590,18
10-12-2022,1.0,Bloodhound,6,13,1179,19
17-12-2021,14.1,Mirage,4,3,1476,18
5-2-2020,17.7,Bloodhound,2,3,589,14
11-11-2019,29.03,Bloodhound,9,14,4562,16
9-6-2019,20.91,Gibraltar,11,6,3533,16
8-5-2021,0.13,Mirage,0,3,235,8
6-12-2021,14.97,Bangalore,1,3,317,5
1-7-2019,29.42,Bloodhound,2,11,715,5
21-10-2022,6.78,Bangalore,0,1,120,19
5-9-2021,3.67,Bloodhound,11,5,3447,6
8-11-2022,27.98,Wraith,5,6,1245,16
26-10-2022,27.56,Pathfinder,14,4,1949,13
5-4-2019,14.5,Rampart,10,7,2794,18
5-6-2019,1.97,Lifeline,6,4,1573,11
28-8-2019,29.6,Mirage,4,6,975,1
12-1-2021,19.19,Gibraltar,9,2,1097,16
24-5-2022,5.25,Mad Maggie,2,2,750,1
14-10-2021,1.12,Mad Maggie,5,12,2563,10
14-5-2022,5.4,Lifeline,1,1,117,12
9-4-2021,22.38,Mad Maggie,6,14,1656,11
4-11-2019,3.92,Pathfinder,15,7,1512,5
5-10-2021,6.64,Pathfinder,3,0,270,19
13-9-2019,23.81,Gibraltar,3,4,355,10
12-2-2022,26.93,Gibraltar,5,18,1909,11
14-3-2021,2.6,Lifeline,3,6,1479,14
7-4-2019,23.81,Mirage,15,14,4884,5
22-11-2022,15.99,Mirage,7,3,748,20
7-4-2022,15.77,Gibraltar,7,20,5110,11
24-11-2020,11.42,Bangalore,5,1,744,11
26-5-2020,22.38,Gibraltar,16,3,1833,5
15-11-2021,16.84,Pathfinder,2,3,902,3
13-10-2022,22.73,Mad Maggie,4,3,683,14
7-6-2019,9.62,Bloodhound,1,2,196,18
6-7-2020,9.21,Lifeline,0,14,1433,14
18-2-2021,12.9,Mad Maggie,1,1,318,18
29-4-2020,23.22,Rampart,9,3,1722,6
8-12-2021,15.86,Mad Maggie,6,2,1022,20
26-6-2022,15.84,Mirage,3,11,943,11
10-9-2019,10.64,Rampart,5,17,2661,9
19-10-2021,27.66,Wraith,3,6,1701,4
28-4-2019,11.67,Mirage,12,1,2807,6
26-9-2019,28.48,Mad Maggie,18,7,1897,15
18-2-2022,0.64,Mad Maggie,3,0,675,6
17-1-2020,1.18,Mirage,9,6,2454,1
29-8-2021,18.99,Bloodhound,6,1,685,2
21-11-2021,24.25,Mad Maggie,2,2,335,17
5-8-2020,16.66,Mad Maggie,2,1,451,3
4-12-2019,27.19,Pathfinder,13,3,2403,5
11-11-2020,22.23,Pathfinder,5,8,1180,9
24-5-2019,10.29,Bangalore,4,3,712,14
23-5-2021,22.77,Rampart,3,12,1218,15
10-7-2019,8.19,Bangalore,1,12,923,13
8-10-2022,6.2,Gibraltar,3,6,821,15
15-12-2022,24.19,Bangalore,2,3,373,9
25-5-2021,7.06,Wraith,0,1,107,3
31-12-2020,10.88,Lifeline,8,2,1504,9
12-1-2021,29.23,Wraith,8,14,1336,5
17-5-2020,19.42,Mirage,1,1,447,16
11-11-2021,5.38,Bloodhound,2,5,424,13
19-9-2019,2.21,Bloodhound,5,14,2736,16
30-7-2022,20.78,Pathfinder,8,12,3906,13
30-4-2019,1.39,Bangalore,0,2,252,20
29-8-2020,0.01,Gibraltar,2,1,397,7
16-12-2019,29.78,Mirage,2,12,1871,19
5-11-2019,10.94,Gibraltar,1,2,493,1
29-4-2020,4.15,Gibraltar,4,1,1017,9
13-10-2020,7.82,Pathfinder,0,5,392,2
1-9-2022,6.03,Lifeline,11,4,2371,17
24-6-2020,22.51,Bangalore,9,6,1267,13
4-9-2022,21.03,Mirage,5,3,563,9
23-2-2022,17.57,Bloodhound,3,7,1338,17
24-4-2019,29.39,Wraith,10,17,1821,19
24-10-2021,13.87,Mad Maggie,2,3,693,2
8-2-2022,9.81,Wraith,11,5,894,11
10-11-2020,9.08,Bloodhound,16,2,2922,8
7-5-2021,8.09,Bloodhound,1,2,210,7
28-9-2021,26.2,Mirage,8,2,1922,15
16-3-2020,24.24,Gibraltar,2,2,598,19
6-5-2022,0.53,Wraith,5,7,996,8
21-1-2020,11.47,Wraith,5,1,516,5
10-4-2020,22.82,Lifeline,14,14,2849,10
21-2-2022,25.81,Wraith,7,6,2477,10
6-7-2022,8.75,Rampart,5,4,1770,20
10-3-2022,13.41,Mad Maggie,3,4,876,13
24-5-2019,18.67,Mirage,6,14,2987,3
13-3-2020,6.46,Bangalore,0,0,0,10
25-9-2019,15.74,Bangalore,14,4,2241,5
4-8-2019,13.6,Pathfinder,2,14,3007,9
19-5-2019,29.58,Gibraltar,3,2,306,12
20-7-2022,17.51,Bangalore,3,8,1358,10
25-12-2022,3.4,Gibraltar,6,0,430,3
15-3-2020,5.05,Bloodhound,4,13,2114,19
29-11-2019,18.47,Mad Maggie,1,5,721,18
8-11-2020,8.36,Lifeline,2,1,434,5
2-3-2021,21.5,Wraith,8,3,1062,9
19-7-2020,2.54,Pathfinder,1,1,187,16
7-4-2019,20.96,Pathfinder,11,5,2750,12
28-7-2021,9.54,Mad Maggie,5,13,2639,14
2-2-2022,28.83,Rampart,5,9,2497,11
12-8-2020,9.07,Pathfinder,1,1,375,7
4-7-2019,23.58,Pathfinder,5,12,2245,7
5-2-2022,4.76,Wraith,3,7,1907,7
6-11-2020,28.68,Pathfinder,7,15,2228,11
26-2-2020,2.44,Mirage,3,10,1503,15
28-3-2019,13.46,Wraith,1,5,1013,20
27-12-2021,6.07,Lifeline,0,5,291,3
5-3-2019,4.82,Rampart,8,11,3493,5
20-4-2020,20.7,Bangalore,6,8,2065,20
31-12-2021,6.5,Mad Maggie,6,4,1715,5
12-10-2022,9.4,Lifeline,1,10,2023,8
5-11-2022,0.87,Wraith,4,0,809,4
13-10-2022,21.51,Lifeline,10,2,1181,14
19-9-2020,7.59,Bangalore,8,15,1811,11
28-11-2020,10.87,Mirage,5,2,594,14
19-5-2020,27.81,Bangalore,20,5,3367,1
29-12-2019,11.07,Wraith,3,8,2197,5
13-7-2021,20.44,Lifeline,2,3,616,11
1-1-2021,26.17,Rampart,4,2,397,17
23-11-2022,8.6,Bloodhound,0,4,537,16
7-3-2022,28.42,Bangalore,2,2,613,17
17-4-2021,24.95,Bangalore,2,2,406,9
10-6-2019,11.41,Wraith,1,4,498,15
17-8-2019,23.77,Lifeline,3,12,2896,6
7-7-2022,16.43,Mirage,3,8,892,8
10-12-2021,6.46,Mirage,8,4,1495,17
15-1-2020,16.73,Gibraltar,3,6,1024,7
10-9-2020,5.76,Wraith,15,5,1475,10
7-1-2021,1.08,Rampart,1,17,2432,17
28-4-2022,0.39,Rampart,4,0,441,6
20-6-2022,3.75,Bloodhound,4,9,966,11
17-7-2021,7.98,Bangalore,4,5,819,13
24-2-2022,6.19,Gibraltar,1,0,136,7
7-5-2021,3.35,Gibraltar,3,9,982,4
6-3-2022,1.77,Lifeline,0,0,0,4
30-11-2020,15.21,Rampart,4,3,1096,12
1-6-2019,5.13,Pathfinder,14,17,3126,17
24-7-2021,26.87,Pathfinder,4,12,2091,19
29-10-2022,15.14,Gibraltar,16,10,1566,8
2-5-2022,22.69,Gibraltar,17,20,4015,4
18-2-2019,14.47,Lifeline,1,12,1706,17
23-4-2019,29.52,Mirage,2,6,1538,17
15-12-2021,10.64,Gibraltar,2,1,633,13
27-10-2020,22.27,Wraith,10,4,2341,17
15-12-2020,16.87,Mad Maggie,4,7,1577,12
24-4-2020,28.85,Mirage,15,2,3841,19
5-2-2020,12.79,Bloodhound,3,9,1496,9
29-1-2020,0.42,Pathfinder,3,0,378,20
29-8-2020,14.43,Bloodhound,3,5,1457,10
5-4-2022,10.14,Pathfinder,2,2,694,19
13-12-2021,4.0,Mirage,13,6,3677,1
16-5-2019,15.74,Pathfinder,4,4,1553,15
15-11-2020,27.4,Pathfinder,5,2,1117,6
22-8-2020,3.17,Mirage,1,13,1631,14
28-5-2022,21.03,Bangalore,5,4,1077,8
8-7-2019,27.28,Gibraltar,2,20,2163,15
9-4-2020,2.73,Wraith,2,0,136,20
2-7-2021,18.3,Lifeline,1,1,231,13
19-9-2020,16.82,Bangalore,6,4,1250,8
14-10-2019,9.74,Wraith,10,7,2979,12
27-9-2019,4.77,Gibraltar,16,12,2329,10
11-4-2021,21.67,Gibraltar,11,4,906,9
3-2-2022,12.88,Bloodhound,16,10,2671,1
22-9-2022,1.71,Lifeline,18,6,2244,11
22-2-2019,24.48,Wraith,16,2,2663,11
2-11-2021,28.08,Mirage,5,13,2811,1
6-8-2019,27.09,Mirage,7,3,1814,9
21-10-2019,21.66,Rampart,18,9,5394,2
30-9-2022,14.96,Wraith,2,15,1561,11
9-6-2021,25.98,Rampart,7,14,4369,13
17-9-2019,27.76,Wraith,3,4,1174,6
4-1-2022,3.01,Mad Maggie,1,1,382,14
7-12-2022,21.26,Rampart,4,8,2478,16
21-6-2022,26.41,Pathfinder,4,12,2516,3
28-7-2020,25.54,Lifeline,12,5,1759,18
16-3-2022,28.31,Gibraltar,6,4,1860,12
27-4-2022,6.64,Pathfinder,6,1,1206,5
7-6-2020,11.93,Pathfinder,1,2,260,10
23-11-2019,17.58,Bloodhound,2,12,2288,7
6-9-2021,12.85,Gibraltar,8,6,2030,8
15-5-2019,15.96,Mirage,2,1,499,20
21-7-2020,14.22,Mad Maggie,8,16,1387,18
29-3-2019,13.2,Lifeline,1,12,633,8
21-5-2022,22.94,Mad Maggie,5,3,485,11
17-3-2019,22.74,Rampart,2,5,1242,19
16-8-2020,5.62,Wraith,0,6,427,10
6-3-2022,21.02,Bloodhound,6,4,859,1
27-8-2020,2.08,Wraith,11,1,2452,10
26-6-2021,8.05,Mad Maggie,10,5,1167,19
10-3-2022,17.01,Rampart,5,14,1252,15
5-4-2019,8.33,Wraith,12,5,3633,15
17-8-2021,15.57,Bloodhound,13,1,2997,11
23-11-2022,4.38,Rampart,8,0,930,3
17-9-2022,22.72,Gibraltar,13,6,2418,17
10-8-2019,5.04,Gibraltar,2,2,826,3
12-2-2022,16.3,Gibraltar,2,2,692,3
27-3-2019,1.02,Bangalore,7,0,696,19
9-6-2019,1.84,Bangalore,8,9,971,12
6-10-2020,11.59,Rampart,3,8,1362,2
27-9-2022,18.42,Bloodhound,6,19,5045,5
30-7-2019,19.1,Lifeline,3,14,2784,4
29-6-2020,17.3,Wraith,2,13,1002,9
14-11-2019,17.52,Mirage,12,19,4742,3
7-9-2020,17.33,Bloodhound,8,11,2742,2
23-7-2019,27.85,Gibraltar,16,18,5603,11
5-1-2022,29.51,Mirage,12,10,3382,8
9-3-2019,13.22,Mirage,2,10,1553,16
26-7-2022,29.44,Bangalore,9,5,1076,18
18-6-2022,23.8,Bloodhound,6,2,479,15
4-11-2019,24.75,Gibraltar,4,4,1519,7
15-2-2020,13.19,Bangalore,4,4,1440,19
1-2-2020,27.89,Wraith,12,2,1591,12
20-11-2021,14.31,Bloodhound,9,2,1512,20
9-11-2021,4.48,Mad Maggie,0,3,427,12
26-3-2020,18.93,Pathfinder,6,1,1576,20
6-9-2019,27.59,Gibraltar,7,3,1702,7
25-6-2019,29.68,Bloodhound,7,10,3219,10
8-3-2021,19.05,Lifeline,11,6,3615,19
15-11-2021,19.48,Wraith,2,7,963,4
21-4-2020,4.27,Wraith,2,7,1226,7
29-12-2020,4.04,Rampart,1,0,67,16
14-4-2021,20.3,Bloodhound,3,10,1946,6
29-4-2021,14.49,Bangalore,4,20,2838,9
2-3-2021,3.96,Rampart,5,6,1685,9
27-9-2022,1.15,Mirage,6,2,1147,3
6-1-2022,6.23,Gibraltar,10,2,1897,5
13-4-2022,3.59,Lifeline,8,0,1927,1
7-10-2022,24.81,Mad Maggie,9,14,3942,16
7-7-2022,22.87,Bangalore,9,16,3605,16
9-11-2019,2.94,Rampart,2,1,232,13
18-1-2022,18.27,Gibraltar,8,13,2346,2
15-9-2019,26.59,Rampart,11,10,1852,11
5-10-2021,28.32,Mad Maggie,2,5,1180,17
9-5-2022,8.92,Rampart,4,7,948,16
15-11-2019,28.91,Bloodhound,11,6,3597,5
14-4-2020,19.54,Bangalore,2,1,486,19
7-4-2021,25.19,Bloodhound,9,3,790,9
21-5-2020,25.96,Bloodhound,7,3,1002,9
20-1-2020,21.66,Bangalore,6,3,1360,2
8-4-2021,3.31,Wraith,7,0,1253,2
22-2-2020,22.03,Gibraltar,2,2,568,20
31-10-2019,9.22,Mad Maggie,9,5,3057,1
3-7-2019,28.93,Gibraltar,6,6,1144,13
25-3-2019,18.14,Rampart,2,3,349,10
17-4-2020,21.98,Rampart,3,5,794,6
10-5-2022,10.5,Gibraltar,9,1,1626,5
5-6-2020,23.71,Mad Maggie,2,7,745,10
9-7-2019,15.47,Gibraltar,4,7,1826,9
19-10-2020,14.57,Gibraltar,7,4,1653,19
18-7-2019,26.49,Rampart,3,2,919,16
18-9-2019,26.83,Rampart,10,6,1651,14
18-8-2022,0.91,Mirage,3,6,513,14
28-7-2020,14.21,Gibraltar,7,1,1841,10
4-5-2021,24.5,Gibraltar,12,5,1949,19
9-6-2020,11.59,Mirage,6,2,848,7
27-12-2020,20.62,Gibraltar,3,13,2957,1
23-7-2021,21.4,Gibraltar,4,2,398,12
6-8-2022,13.22,Lifeline,5,7,699,17
24-7-2022,13.08,Bangalore,5,4,1711,13
6-6-2021,24.77,Mad Maggie,5,2,1457,19
12-10-2020,22.72,Mad Maggie,10,4,1809,16
20-5-2020,21.88,Wraith,19,6,2630,20
16-12-2019,14.85,Bangalore,4,2,485,6
2-4-2022,20.75,Bangalore,13,6,1636,11
22-4-2020,8.83,Pathfinder,1,1,124,16
8-8-2020,2.27,Lifeline,0,5,574,2
18-2-2019,8.67,Bangalore,4,4,1341,5
16-12-2019,16.17,Rampart,1,3,575,15
3-4-2019,15.49,Bangalore,2,15,1382,9
23-6-2019,7.65,Bloodhound,3,9,1199,1
25-4-2021,1.33,Bangalore,9,1,1560,8
17-8-2019,14.34,Mirage,7,1,1164,18
6-12-2020,1.71,Bloodhound,6,0,1413,14
30-12-2019,21.32,Wraith,6,2,475,7
30-7-2020,9.83,Lifeline,6,1,487,1
22-12-2020,15.57,Gibraltar,3,10,815,4
29-1-2021,21.08,Rampart,7,10,1945,10
12-10-2021,26.1,Wraith,13,3,2636,9
27-2-2022,12.55,Pathfinder,1,6,1033,16
24-8-2021,12.66,Mad Maggie,6,13,2234,2
31-3-2020,6.46,Lifeline,9,1,1135,1
22-11-2021,20.61,Mad Maggie,3,3,532,11
28-2-2021,22.47,Mad Maggie,2,12,975,19
13-8-2019,3.72,Bloodhound,4,5,1812,19
17-6-2022,15.61,Wraith,1,4,558,3
26-4-2019,13.48,Mirage,5,2,1565,12
10-1-2022,8.47,Mirage,0,9,1536,3
28-10-2019,5.04,Bangalore,3,10,2263,6
12-1-2020,11.21,Rampart,11,2,1759,12
29-12-2021,18.69,Wraith,8,4,1484,3
21-12-2020,25.79,Bangalore,2,4,960,12
20-1-2022,25.11,Mad Maggie,15,10,5294,3
20-8-2019,7.26,Lifeline,0,1,67,6
6-10-2022,6.79,Bangalore,1,7,1548,13
13-1-2022,23.34,Mad Maggie,16,12,4953,10
16-12-2020,8.95,Lifeline,2,13,839,5
25-4-2019,1.75,Bloodhound,8,4,2205,3
21-1-2021,22.65,Pathfinder,2,4,1027,13
17-10-2021,17.03,Bangalore,3,9,2457,2
3-12-2022,16.35,Mirage,15,9,4536,5
3-10-2022,21.1,Pathfinder,6,12,1753,19
14-5-2020,27.04,Mad Maggie,11,11,4565,14
24-2-2019,6.08,Lifeline,6,4,1806,14
9-2-2021,22.0,Pathfinder,5,4,719,11
18-6-2020,18.83,Gibraltar,3,1,805,6
22-5-2020,4.34,Mirage,0,1,51,11
24-10-2019,17.47,Pathfinder,2,5,995,20
17-12-2022,28.63,Lifeline,6,2,682,1
10-12-2019,0.11,Rampart,5,2,588,11
5-1-2022,29.67,Mirage,7,9,3037,8
21-6-2019,18.77,Wraith,10,1,1358,19
15-2-2019,23.31,Rampart,2,3,819,1
13-4-2020,12.84,Pathfinder,3,1,343,10
29-1-2020,8.25,Bloodhound,2,3,551,14
13-3-2022,26.62,Lifeline,2,18,3908,18
9-8-2022,5.03,Mad Maggie,8,2,1200,7
19-8-2021,27.46,Lifeline,5,7,1692,4
7-8-2022,7.39,Bloodhound,3,0,251,9
22-5-2020,23.6,Mad Maggie,8,12,1197,13
16-9-2020,10.81,Bloodhound,6,5,2089,10
3-9-2020,8.7,Pathfinder,12,8,3247,14
15-9-2019,19.26,Rampart,1,9,1609,2
25-4-2021,8.0,Bangalore,2,5,1190,17
21-10-2019,29.88,Rampart,2,20,3491,8
30-7-2019,16.98,Wraith,6,1,821,15
25-11-2019,28.74,Gibraltar,5,8,2311,20
21-12-2020,26.36,Mad Maggie,7,2,763,20
12-4-2020,18.32,Bloodhound,2,4,721,3
20-9-2019,26.73,Bangalore,4,5,1873,9
10-8-2019,11.97,Mad Maggie,8,1,1513,5
11-4-2019,23.2,Mirage,16,3,3868,12
15-3-2019,7.32,Lifeline,4,15,3072,20
7-7-2022,6.58,Lifeline,16,11,2371,19
4-7-2020,18.19,Mad Maggie,15,9,4650,17
19-6-2020,28.25,Bloodhound,7,14,1859,18
7-6-2020,12.84,Rampart,7,1,1209,15
14-12-2019,6.91,Gibraltar,6,6,2074,3
27-11-2020,8.94,Lifeline,1,0,175,11
15-8-2022,22.4,Gibraltar,6,7,1405,14
31-7-2019,27.45,Pathfinder,15,3,1978,14
28-1-2021,17.83,Bloodhound,1,17,2671,3
13-2-2021,16.08,Lifeline,4,11,1663,13
24-7-2020,24.92,Wraith,4,4,1294,11
26-8-2022,8.54,Wraith,7,1,905,5
27-2-2020,19.09,Bangalore,1,8,900,7
12-11-2022,5.28,Rampart,13,1,1365,10
7-10-2020,1.23,Pathfinder,1,2,383,14
20-8-2022,8.46,Bloodhound,7,7,1906,13
25-6-2019,24.64,Wraith,15,2,2648,19
31-7-2022,1.15,Bloodhound,4,8,1973,9
13-7-2022,7.77,Gibraltar,5,6,1026,8
2-8-2019,18.0,Mad Maggie,7,7,1778,6
31-8-2021,2.49,Wraith,3,11,1978,5
24-1-2022,1.87,Gibraltar,1,0,74,12
23-6-2020,3.58,Bloodhound,5,11,1508,15
31-8-2021,12.82,Lifeline,6,3,696,9
26-7-2020,24.6,Lifeline,14,13,5642,2
31-3-2022,27.12,Bangalore,10,10,2661,4
10-1-2020,7.99,Gibraltar,13,6,1770,13
2-4-2020,15.45,Mad Maggie,6,6,1699,14
23-4-2022,13.5,Bangalore,5,14,1157,11
7-9-2020,12.41,Mad Maggie,2,3,298,7
17-3-2021,15.05,Gibraltar,5,5,1624,7
27-4-2019,23.4,Wraith,15,14,2605,2
24-11-2019,12.4,Pathfinder,2,13,2175,8
26-11-2019,13.86,Gibraltar,3,2,609,17
16-8-2022,27.74,Mad Maggie,5,4,536,14
17-2-2020,7.7,Wraith,8,0,464,14
14-10-2020,4.52,Mad Maggie,4,0,918,11
23-5-2019,9.17,Mirage,12,0,1859,2
24-10-2019,26.44,Bangalore,6,2,1740,6
30-8-2019,25.9,Gibraltar,4,5,949,10
29-10-2020,8.42,Mad Maggie,4,5,1555,16
6-3-2022,18.24,Rampart,1,4,250,10
7-8-2021,18.34,Gibraltar,4,2,1289,7
8-11-2020,15.85,Bloodhound,1,11,1032,17
5-1-2020,1.15,Mirage,11,2,1577,1
22-6-2022,10.13,Gibraltar,1,13,1771,15
21-6-2021,23.31,Lifeline,8,15,2407,3
1-12-2021,22.15,Mad Maggie,4,10,1678,14
2-10-2022,17.58,Mirage,2,9,1096,11
22-1-2020,14.58,Gibraltar,4,5,997,3
6-3-2020,18.65,Gibraltar,4,1,1163,18
22-3-2021,21.6,Gibraltar,6,2,827,10
22-3-2022,15.91,Gibraltar,7,13,2999,6
8-4-2021,16.09,Wraith,9,2,1955,8
8-1-2020,22.97,Lifeline,3,3,737,1
22-6-2019,8.37,Bangalore,9,5,1640,10
9-7-2021,19.44,Bangalore,8,11,3298,17
10-6-2020,19.2,Mad Maggie,8,11,3025,10
23-1-2022,2.54,Rampart,0,7,600,2
31-8-2019,0.98,Lifeline,0,1,55,15
14-2-2021,16.56,Mad Maggie,6,6,1351,20
30-3-2019,18.56,Rampart,3,5,1411,15
6-7-2022,0.29,Mirage,0,13,1367,11
28-10-2022,21.87,Wraith,3,9,1621,2
20-12-2021,22.37,Lifeline,3,5,1383,18
17-2-2021,27.36,Pathfinder,4,5,1772,14
4-1-2021,5.53,Mirage,0,12,2193,14
5-5-2020,13.11,Rampart,6,6,2299,9
23-4-2020,15.97,Pathfinder,7,11,1656,6
9-6-2022,18.97,Rampart,5,9,1518,9
22-10-2019,29.45,Bangalore,5,6,2141,20
18-4-2020,27.99,Lifeline,5,2,1120,4
2-10-2021,15.17,Wraith,5,3,1332,11
4-3-2020,2.95,Bangalore,0,12,2207,8
24-12-2020,29.75,Pathfinder,6,7,1098,9
6-12-2019,4.95,Bangalore,13,6,1909,15
28-8-2019,2.65,Bloodhound,12,7,3446,13
31-3-2019,2.38,Lifeline,8,12,2490,4
11-5-2019,18.34,Bloodhound,5,4,700,17
7-3-2022,3.71,Gibraltar,3,10,830,20
1-10-2022,24.71,Wraith,4,3,515,9
4-6-2020,2.2,Bangalore,13,0,821,16
23-5-2019,21.12,Pathfinder,12,2,2740,12
28-8-2021,20.94,Lifeline,4,10,1888,14
25-10-2019,0.33,Mad Maggie,11,8,2784,16
2-1-2021,18.29,Gibraltar,1,4,457,1
25-11-2019,5.67,Gibraltar,2,14,1487,4
15-4-2020,21.01,Mirage,3,8,2155,5
8-12-2019,21.03,Gibraltar,4,5,904,15
27-11-2021,4.14,Gibraltar,5,3,506,19
11-1-2021,1.52,Bangalore,6,0,466,19
29-3-2020,25.46,Wraith,3,18,1889,7
27-4-2020,3.54,Wraith,2,5,1200,1
17-1-2022,6.72,Rampart,5,0,867,19
10-11-2022,13.43,Gibraltar,1,5,426,10
5-7-2022,29.13,Gibraltar,12,8,2745,18
10-10-2020,14.93,Pathfinder,6,15,2356,19
4-9-2020,8.24,Gibraltar,1,9,1059,3
18-4-2020,4.84,Lifeline,8,5,2233,17
4-12-2019,13.32,Mad Maggie,4,14,2179,4
29-10-2021,7.19,Pathfinder,3,2,908,20
31-5-2019,8.51,Mad Maggie,17,1,2418,10
20-12-2020,25.51,Gibraltar,2,9,1445,18
2-8-2022,27.66,Rampart,4,5,1556,8
22-11-2020,0.8,Rampart,7,8,2367,2
10-4-2020,4.78,Mirage,2,5,1091,2
6-9-2021,4.28,Bloodhound,2,1,436,2
26-7-2022,3.89,Rampart,3,1,322,3
27-4-2020,10.0,Mirage,10,1,2309,18
12-7-2019,20.52,Lifeline,11,18,2258,17
29-9-2020,22.39,Bloodhound,16,2,1773,18
29-1-2020,26.15,Rampart,5,7,791,6
25-4-2019,15.35,Wraith,1,13,2504,13
12-1-2022,15.25,Bloodhound,5,3,1301,4
28-7-2022,9.88,Rampart,0,12,1255,11
6-11-2022,15.71,Bloodhound,12,2,3004,7
6-12-2021,7.18,Rampart,3,1,854,5
17-9-2020,23.16,Lifeline,5,2,514,13
6-6-2020,2.4,Lifeline,1,6,973,6
31-10-2019,22.88,Bloodhound,8,2,611,2
1-1-2021,24.63,Mad Maggie,6,4,2031,7
21-12-2020,16.84,Rampart,2,1,665,20
17-7-2020,4.8,Bangalore,3,6,765,9
25-6-2020,21.24,Gibraltar,19,2,1333,2
8-4-2020,9.68,Mad Maggie,6,9,1164,5
4-8-2020,21.18,Lifeline,10,4,2887,18
30-1-2021,7.14,Lifeline,2,17,1695,12
28-4-2022,8.84,Mad Maggie,17,12,5205,16
26-2-2021,25.36,Bloodhound,10,2,1384,18
9-2-2021,6.99,Mirage,10,15,2461,11
17-9-2021,8.38,Bangalore,2,6,1264,5
18-3-2019,17.72,Wraith,1,1,337,9
31-8-2020,1.42,Bloodhound,0,1,135,9
25-10-2019,6.61,Bloodhound,9,11,2039,7
10-1-2022,14.37,Gibraltar,4,3,1432,6
17-10-2021,26.02,Wraith,20,3,2716,8
10-3-2022,22.72,Wraith,16,8,4336,10
9-9-2019,27.83,Pathfinder,4,11,2335,1
26-1-2022,11.25,Bangalore,2,3,305,18
25-6-2021,9.34,Gibraltar,0,10,862,10
11-10-2019,22.35,Bangalore,5,4,921,12
9-3-2019,13.56,Mad Maggie,12,15,3440,7
15-1-2020,17.3,Bangalore,2,2,301,13
22-3-2021,3.18,Mirage,0,0,0,7
4-11-2020,28.29,Rampart,2,2,676,13
20-8-2019,1.27,Gibraltar,11,12,2737,12
19-4-2019,9.15,Bangalore,4,4,1077,11
29-9-2020,9.92,Bangalore,0,8,648,13
27-11-2019,7.69,Mirage,9,0,1313,20
29-10-2019,18.39,Gibraltar,1,3,285,17
6-6-2020,12.64,Mad Maggie,12,8,3758,10
22-6-2020,4.85,Rampart,13,1,937,18
4-8-2021,22.32,Lifeline,9,13,2835,6
19-12-2019,2.74,Gibraltar,1,2,571,10
14-2-2020,12.02,Gibraltar,2,5,1089,7
19-12-2022,27.02,Mirage,3,6,1619,17
27-9-2019,9.85,Bangalore,1,13,2216,16
28-2-2019,22.74,Rampart,21,2,2379,3
24-5-2022,9.9,Rampart,0,16,2079,18
21-11-2022,20.61,Wraith,5,4,1847,12
7-11-2019,9.76,Bloodhound,0,1,59,11
6-12-2021,6.64,Gibraltar,7,13,3008,4
9-4-2020,22.61,Gibraltar,7,12,3975,20
25-6-2019,18.83,Rampart,1,1,412,15
14-3-2021,11.25,Pathfinder,1,8,916,5
23-9-2020,17.57,Mad Maggie,3,2,794,10
25-9-2020,4.82,Wraith,4,0,839,5
4-3-2022,13.08,Wraith,1,2,172,8
16-5-2020,9.18,Mad Maggie,1,18,3481,5
13-6-2021,8.91,Mad Maggie,10,0,2017,10
18-5-2022,8.62,Bloodhound,0,7,1190,2
3-9-2020,0.5,Bloodhound,5,1,1024,20
21-2-2019,4.13,Bloodhound,9,4,2002,15
24-11-2020,0.31,Rampart,2,7,1792,1
6-4-2019,25.68,Lifeline,7,2,1959,8
28-8-2020,16.81,Pathfinder,3,3,748,13
18-8-2019,9.23,Gibraltar,11,4,2500,15
24-6-2020,15.22,Bloodhound,1,4,371,10
23-3-2022,19.03,Wraith,1,5,1096,18
19-9-2020,3.87,Rampart,0,4,664,10
13-4-2021,22.57,Wraith,2,17,1907,8
2-10-2020,8.52,Gibraltar,0,4,680,16
18-3-2021,5.28,Wraith,3,2,370,19
18-11-2019,28.99,Wraith,5,3,1198,10
26-2-2020,29.99,Pathfinder,7,4,1166,13
28-7-2020,5.6,Mirage,7,6,1671,10
10-7-2021,27.08,Bangalore,2,9,1145,20
22-7-2019,27.26,Rampart,14,3,1519,7
15-4-2020,8.75,Lifeline,16,2,3264,10
24-12-2021,22.13,Pathfinder,12,2,2808,5
7-10-2020,20.05,Lifeline,2,8,594,11
27-8-2019,26.62,Rampart,13,6,4009,4
23-3-2019,28.78,Gibraltar,6,3,1146,14
28-9-2022,13.41,Bangalore,10,13,3063,18
20-6-2022,25.43,Wraith,3,4,1327,12
7-8-2019,28.16,Pathfinder,2,2,273,10
2-4-2020,19.52,Mirage,9,1,1614,18
25-8-2022,27.04,Mad Maggie,19,2,1799,20
17-5-2022,21.5,Mirage,6,2,620,9
16-3-2020,10.59,Wraith,1,2,237,1
27-9-2021,17.51,Rampart,2,6,1381,18
3-7-2019,2.37,Rampart,5,8,2664,7
24-1-2020,11.62,Gibraltar,6,10,1583,5
20-2-2022,8.92,Gibraltar,5,4,1834,6
2-9-2020,2.88,Mad Maggie,6,7,772,3
8-4-2022,24.62,Pathfinder,8,7,1445,9
16-8-2021,26.3,Bloodhound,2,10,743,15
10-10-2021,16.73,Bloodhound,1,1,395,1
14-4-2020,20.53,Gibraltar,11,5,2027,16
19-8-2020,4.23,Bangalore,1,5,597,15
14-7-2022,21.82,Rampart,3,17,2961,14
14-7-2020,13.95,Mad Maggie,6,5,1224,5
25-3-2022,14.05,Gibraltar,8,13,3764,16
4-10-2021,2.21,Bangalore,0,2,373,16
7-3-2021,16.62,Wraith,1,6,1314,11
5-6-2021,11.06,Rampart,2,5,977,2
4-4-2020,12.32,Wraith,5,4,507,20
31-7-2019,0.14,Wraith,11,5,2782,16
23-11-2021,3.21,Lifeline,0,7,765,3
3-9-2020,16.52,Rampart,9,4,1056,13
10-3-2020,29.32,Mirage,15,6,3236,1
9-12-2022,10.05,Pathfinder,1,7,1205,8
4-1-2021,5.51,Pathfinder,2,0,228,19
20-2-2022,21.29,Bloodhound,11,9,3337,1
17-12-2021,2.66,Bangalore,6,3,1148,8
22-9-2020,7.67,Rampart,4,2,649,6
18-3-2020,21.47,Rampart,2,5,802,3
6-9-2022,21.94,Rampart,2,10,861,12
7-3-2021,4.52,Bloodhound,2,3,1012,16
6-5-2020,5.42,Rampart,9,7,3480,8
22-12-2022,2.45,Pathfinder,4,8,2433,7
29-12-2021,7.18,Bloodhound,1,15,2566,18
22-11-2020,19.25,Gibraltar,4,15,1289,20
27-3-2021,21.04,Pathfinder,5,15,2771,13
12-9-2020,27.41,Mad Maggie,4,2,413,2
16-9-2019,14.94,Pathfinder,2,5,899,8
11-10-2019,26.15,Lifeline,5,5,687,15
9-7-2022,2.88,Mirage,2,2,303,18
11-8-2019,4.2,Lifeline,2,7,1182,11
8-10-2020,1.03,Rampart,14,1,2094,9
27-7-2019,25.21,Mirage,12,3,2899,18
27-12-2020,20.36,Rampart,4,6,1798,14
10-11-2020,7.78,Mirage,4,6,1800,4
12-4-2021,5.57,Bangalore,2,0,184,19
18-10-2019,20.08,Bloodhound,2,2,408,13
7-8-2019,6.65,Lifeline,0,5,697,8
2-10-2019,7.86,Bloodhound,4,2,1148,3
15-6-2022,27.14,Gibraltar,10,10,4058,20
14-10-2022,25.78,Lifeline,20,4,3155,10
3-5-2019,2.56,Rampart,2,10,1794,7
13-1-2021,11.7,Bangalore,6,7,1957,6
6-7-2019,19.69,Wraith,1,9,1486,9
19-11-2019,1.96,Lifeline,9,2,1847,15
11-3-2022,20.94,Bangalore,10,13,1929,13
10-11-2019,23.98,Rampart,8,6,2015,4
11-6-2022,1.19,Gibraltar,8,1,795,9
26-11-2020,9.91,Rampart,10,7,2437,3
23-4-2019,5.47,Bloodhound,1,1,291,15
27-3-2022,5.03,Mirage,0,1,137,6
5-1-2021,21.42,Lifeline,9,8,1445,10
27-3-2019,4.05,Mirage,1,5,384,5
2-6-2019,10.34,Bloodhound,1,4,684,16
25-6-2019,1.26,Gibraltar,2,3,664,15
5-12-2022,23.19,Mad Maggie,2,9,605,8
30-7-2022,1.85,Lifeline,4,1,1078,12
1-9-2021,1.71,Rampart,2,10,778,5
19-5-2019,23.45,Lifeline,14,18,6082,15
17-12-2020,4.88,Mad Maggie,8,9,3351,20
7-7-2019,19.44,Lifeline,4,7,760,17
22-10-2020,12.36,Bloodhound,8,3,1152,16
5-11-2021,18.65,Bloodhound,6,3,1552,16
27-2-2019,10.47,Wraith,1,9,1189,7
5-2-2021,22.23,Mad Maggie,2,13,1521,17
5-1-2020,6.82,Wraith,1,15,2328,11
13-10-2020,1.23,Mirage,4,5,1088,19
8-5-2022,8.82,Wraith,0,9,1492,3
20-3-2019,10.27,Bloodhound,1,3,430,14
17-4-2019,23.95,Bloodhound,11,4,2015,6
14-3-2022,5.7,Pathfinder,3,1,753,9
12-4-2019,19.04,Rampart,9,19,2415,7
2-10-2022,28.13,Gibraltar,5,5,1272,16
4-6-2019,15.85,Gibraltar,4,12,1697,3
2-11-2022,3.03,Mirage,3,7,777,2
9-6-2020,3.75,Mirage,12,5,2745,10
24-4-2019,17.31,Rampart,1,2,342,9
28-10-2021,29.08,Rampart,3,3,813,4
18-5-2021,2.14,Rampart,8,2,633,4
13-3-2020,17.22,Pathfinder,7,7,1741,1
18-4-2022,7.21,Mad Maggie,8,1,1242,13
28-7-2020,28.51,Bangalore,5,5,1268,19
5-4-2022,8.89,Pathfinder,0,0,0,3
24-9-2021,26.01,Wraith,4,5,1364,9
1-1-2020,15.92,Bangalore,4,8,886,6
17-6-2019,29.73,Mirage,2,2,225,9
31-10-2020,8.22,Rampart,1,9,1416,5
4-1-2020,19.64,Bangalore,14,6,2742,1
30-12-2021,22.27,Gibraltar,3,2,784,20
26-8-2019,7.17,Pathfinder,5,0,1049,12
27-2-2020,28.04,Wraith,11,2,1230,16
28-6-2021,17.93,Bangalore,1,2,562,5
3-8-2019,2.74,Mad Maggie,8,1,793,18
11-4-2020,10.48,Bloodhound,10,7,3526,1
24-3-2022,8.31,Bangalore,0,6,501,20
29-11-2019,24.85,Mad Maggie,13,2,1053,19
6-9-2020,12.72,Mad Maggie,6,2,1753,3
12-3-2019,0.26,Lifeline,3,1,484,7
1-3-2020,3.53,Pathfinder,2,6,682,4
5-3-2020,11.04,Pathfinder,1,2,595,4
12-9-2020,12.29,Mirage,10,5,2160,11
17-6-2020,27.1,Wraith,15,7,3611,19
18-9-2021,19.52,Rampart,3,18,1699,20
3-11-2021,6.64,Mirage,5,5,2116,17
14-10-2022,18.56,Gibraltar,12,2,2166,3
5-4-2021,7.82,Bangalore,11,4,1786,7
26-12-2022,16.93,Bangalore,7,1,794,18
8-12-2022,12.14,Gibraltar,8,12,3782,18
10-8-2021,18.69,Bloodhound,3,1,614,2
18-10-2019,3.86,Mirage,1,6,1116,15
10-9-2021,12.04,Rampart,6,8,2172,19
21-7-2022,22.54,Mad Maggie,9,5,1564,8
25-2-2019,11.6,Bangalore,6,2,944,16
27-10-2020,14.25,Bloodhound,5,2,673,8
8-11-2022,24.37,Lifeline,8,3,1300,14
28-9-2019,24.62,Bloodhound,2,3,527,5
23-3-2022,16.64,Bloodhound,2,4,852,18
5-1-2021,18.96,Mad Maggie,1,13,1135,9
24-6-2019,18.77,Mad Maggie,2,3,315,7
17-5-2020,22.66,Lifeline,11,14,3899,19
16-7-2021,22.08,Gibraltar,2,14,1177,12
19-3-2019,27.88,Rampart,2,16,2316,6
13-2-2022,29.03,Pathfinder,7,8,3129,10
9-11-2020,12.62,Bangalore,2,2,547,20
30-8-2020,21.45,Gibraltar,5,8,1995,20
16-11-2022,16.41,Mirage,4,6,896,19
11-3-2022,15.17,Pathfinder,1,1,124,14
14-12-2019,10.26,Wraith,2,4,343,18
24-7-2021,22.06,Bloodhound,18,5,5160,17
3-5-2019,23.37,Lifeline,5,3,661,19
19-8-2019,27.04,Rampart,3,8,612,14
1-9-2019,9.03,Bloodhound,3,9,663,11
10-4-2022,10.42,Wraith,8,7,1587,10
9-3-2022,16.66,Mad Maggie,1,2,434,4
8-6-2022,25.0,Gibraltar,11,11,1749,13
4-5-2019,19.9,Lifeline,5,5,789,10
23-2-2020,16.24,Lifeline,1,3,193,6
4-12-2019,26.07,Bloodhound,3,19,3074,1
15-2-2022,11.03,Wraith,8,1,1455,19
22-12-2020,23.44,Lifeline,13,8,2511,5
2-8-2021,21.28,Mirage,15,4,1109,14
17-7-2022,1.82,Mirage,1,8,811,17
29-11-2021,7.67,Wraith,4,3,574,10
19-7-2020,18.65,Gibraltar,1,14,1993,19
12-8-2021,7.12,Lifeline,2,3,558,10
29-4-2020,19.84,Rampart,5,4,1159,1
1-1-2020,13.45,Rampart,13,1,2562,6
31-1-2020,21.03,Rampart,2,13,2005,17
9-6-2021,18.45,Gibraltar,2,13,841,20
25-3-2019,2.19,Gibraltar,5,5,564,12
12-9-2020,14.63,Lifeline,13,14,3168,10
23-9-2021,14.95,Wraith,3,8,1140,15
23-10-2022,27.54,Lifeline,8,5,2050,13
19-2-2020,6.07,Gibraltar,2,8,1326,15
9-7-2019,19.22,Bloodhound,6,1,1145,2
22-4-2020,27.87,Mad Maggie,11,2,2537,3
28-6-2021,18.37,Bangalore,2,1,619,20
19-9-2020,23.37,Bloodhound,16,3,3102,7
23-4-2019,16.02,Wraith,9,13,2956,13
17-7-2022,17.92,Pathfinder,1,10,1032,10
23-4-2022,1.18,Wraith,2,0,178,17
14-1-2021,21.63,Rampart,2,5,1184,15
1-1-2022,10.33,Wraith,8,4,2012,16
11-1-2020,3.15,Lifeline,1,2,526,3
23-6-2021,2.07,Gibraltar,7,5,2700,6
6-11-2020,0.89,Rampart,3,15,965,4
13-2-2022,21.55,Bangalore,7,5,2056,18
15-1-2020,21.82,Gibraltar,11,4,1055,12
3-9-2022,24.14,Mad Maggie,9,3,792,12
22-5-2020,2.35,Wraith,1,6,896,15
24-10-2022,21.42,Rampart,9,2,796,8
8-2-2020,9.37,Pathfinder,0,4,329,15
31-1-2021,0.75,Lifeline,2,12,865,16
5-5-2020,8.96,Gibraltar,0,6,404,18
16-11-2022,25.57,Pathfinder,5,3,1118,10
8-5-2019,21.97,Mirage,4,18,1506,11
17-9-2022,21.21,Gibraltar,12,5,2322,8
21-8-2021,28.22,Gibraltar,15,12,5448,10
3-5-2020,10.57,Pathfinder,14,10,4460,13
23-9-2020,28.32,Lifeline,3,5,1130,3
20-5-2022,18.57,Bloodhound,7,1,1654,9
18-5-2021,18.9,Mirage,2,5,1122,20
13-12-2019,9.3,Rampart,4,10,1137,3
15-8-2019,23.69,Bloodhound,16,7,1506,19
22-1-2022,3.01,Lifeline,13,16,1665,18
14-12-2019,8.27,Gibraltar,6,5,1262,9
2-6-2022,7.79,Mirage,2,0,397,4
19-3-2019,29.68,Lifeline,10,8,1835,11
27-11-2020,2.77,Pathfinder,2,10,1133,13
8-6-2021,18.42,Mad Maggie,5,5,1543,5
15-12-2021,27.63,Mirage,6,5,2126,13
18-7-2022,15.65,Gibraltar,6,7,983,18
22-12-2021,1.23,Pathfinder,0,6,743,5
11-3-2019,28.04,Pathfinder,3,11,2263,9
9-7-2020,29.9,Mad Maggie,4,3,524,10
27-8-2020,6.76,Wraith,6,0,380,15
15-7-2021,18.27,Mirage,4,3,1343,11
26-3-2020,27.28,Bloodhound,7,7,1122,13
20-2-2021,18.55,Gibraltar,5,5,688,17
27-2-2021,25.6,Pathfinder,17,4,4569,6
5-3-2019,1.5,Lifeline,4,6,1023,4
5-12-2021,12.42,Gibraltar,6,15,4162,5
2-9-2022,28.76,Gibraltar,4,16,2204,16
4-7-2021,1.07,Gibraltar,5,4,639,9
19-3-2022,25.4,Bloodhound,2,11,1454,9
8-4-2020,10.61,Rampart,1,3,448,7
13-12-2022,29.52,Pathfinder,3,12,2372,9
3-11-2019,3.52,Mirage,2,4,314,6
10-1-2021,9.74,Mirage,2,14,2108,20
28-1-2021,0.36,Bloodhound,4,5,559,17
7-1-2020,24.06,Rampart,3,8,1412,14
2-6-2019,7.79,Pathfinder,6,4,984,10
22-5-2020,11.67,Bangalore,4,6,1597,3
12-2-2019,11.64,Gibraltar,1,2,522,17
19-2-2020,6.76,Mirage,11,1,1231,1
31-3-2021,2.61,Bangalore,12,2,2325,9
8-5-2021,9.54,Rampart,2,3,658,17
24-11-2022,12.04,Mad Maggie,3,11,969,13
30-10-2020,14.43,Mad Maggie,4,4,1621,13
30-3-2021,0.99,Bloodhound,8,9,1792,20
26-10-2020,20.43,Bloodhound,9,2,1730,18
9-8-2019,6.39,Wraith,0,2,244,9
13-8-2021,5.64,Mad Maggie,1,5,347,20
25-7-2022,20.93,Lifeline,6,6,1988,3
11-7-2020,8.75,Rampart,1,6,629,3
18-10-2022,22.63,Bangalore,9,3,2293,14
29-7-2021,4.0,Rampart,0,9,743,15
22-10-2022,18.74,Wraith,8,2,1775,9
28-10-2019,10.58,Lifeline,1,1,286,5
29-10-2020,21.89,Rampart,14,5,1280,9
8-8-2020,24.44,Rampart,4,11,3062,2
18-8-2021,7.97,Bangalore,2,3,543,4
23-12-2019,11.23,Mirage,10,4,1105,7
3-6-2022,10.25,Gibraltar,19,8,5484,1
2-5-2022,29.01,Pathfinder,2,8,1040,16
11-4-2019,27.73,Rampart,6,9,1237,1
16-8-2022,21.24,Wraith,4,11,2028,11
2-7-2021,24.14,Bangalore,2,14,1891,8
29-10-2020,13.1,Rampart,3,3,559,3
25-11-2022,8.52,Bloodhound,15,0,2398,20
24-2-2020,10.61,Mad Maggie,5,2,566,7
4-9-2020,6.35,Mad Maggie,15,9,5073,16
28-2-2019,0.49,Pathfinder,6,10,1517,6
9-10-2019,24.05,Pathfinder,7,6,2524,17
23-7-2020,19.67,Lifeline,6,7,2529,11
14-8-2020,15.66,Pathfinder,1,2,445,11
10-5-2021,5.23,Lifeline,9,9,3833,19
18-5-2021,10.49,Pathfinder,11,3,1838,2
7-8-2022,17.0,Rampart,4,6,941,9
28-9-2021,14.98,Bloodhound,4,10,2585,17
14-4-2020,22.24,Lifeline,2,19,3168,7
30-11-2020,23.27,Mad Maggie,4,13,2377,12
3-9-2020,4.1,Gibraltar,13,6,1273,14
13-6-2020,24.27,Gibraltar,11,16,1998,7
6-5-2020,2.32,Wraith,6,1,590,19
20-11-2020,23.94,Mad Maggie,8,3,1336,4
26-9-2020,1.36,Bangalore,15,11,5056,1
13-6-2020,19.2,Pathfinder,11,6,3768,11
19-11-2022,10.47,Gibraltar,1,17,2607,17
6-7-2019,23.33,Bloodhound,17,6,2444,6
12-11-2021,10.62,Lifeline,5,5,1021,4
25-8-2019,28.35,Gibraltar,2,2,596,17
5-7-2019,18.96,Bloodhound,2,6,1403,6
5-4-2021,18.19,Mad Maggie,4,1,816,14
25-4-2022,10.1,Wraith,2,9,1913,7
11-12-2019,28.53,Wraith,4,6,785,14
15-9-2021,7.33,Pathfinder,4,1,497,17
19-7-2022,5.81,Mirage,1,0,203,1
6-9-2021,2.24,Pathfinder,1,13,2536,3
11-12-2020,21.61,Lifeline,7,9,2123,14
16-7-2021,1.0,Bangalore,12,1,2464,18
22-5-2019,6.65,Lifeline,10,15,3610,16
2-4-2022,3.47,Mirage,2,8,524,17
1-4-2022,12.67,Pathfinder,1,2,173,17
12-12-2021,2.85,Pathfinder,18,2,3604,16
6-6-2019,11.67,Mad Maggie,5,1,969,18
2-4-2019,4.27,Bangalore,0,12,1504,3
5-5-2021,5.03,Mirage,9,1,1145,13
25-8-2021,16.8,Pathfinder,3,7,960,19
28-7-2020,3.23,Bangalore,4,9,1353,7
6-6-2021,1.27,Wraith,0,15,1187,19
15-1-2020,2.43,Mirage,0,8,573,20
11-6-2019,0.62,Wraith,2,2,798,11
5-1-2022,2.22,Bloodhound,7,4,1057,10
28-2-2020,18.09,Rampart,7,2,1956,15
29-9-2022,9.98,Bloodhound,14,2,1563,11
3-7-2022,28.95,Gibraltar,2,7,842,15
12-8-2021,15.93,Gibraltar,6,3,853,14
15-7-2022,10.46,Gibraltar,5,1,404,16
11-4-2022,16.74,Bloodhound,3,7,597,16
10-2-2022,10.4,Gibraltar,4,6,1892,18
5-9-2021,23.03,Wraith,5,4,1781,17
29-10-2019,17.0,Gibraltar,5,8,1881,8
15-6-2019,24.98,Mad Maggie,3,2,321,17
11-2-2020,10.52,Wraith,4,4,1613,20
25-11-2019,20.7,Rampart,2,2,692,12
21-12-2021,14.94,Rampart,7,5,2137,15
6-1-2022,11.34,Mirage,12,1,2100,13
9-6-2019,8.35,Bloodhound,8,4,1305,1
11-5-2020,14.07,Gibraltar,1,9,1117,3
19-7-2020,24.1,Gibraltar,3,9,1237,10
16-8-2021,12.19,Rampart,11,2,2175,5
25-3-2022,15.65,Bloodhound,3,1,426,15
22-9-2019,2.26,Mirage,0,4,510,20
3-11-2021,8.76,Bangalore,11,1,1847,5
25-11-2020,26.58,Mirage,5,10,1317,1
13-5-2019,7.79,Lifeline,7,11,1213,9
31-5-2022,16.66,Bloodhound,8,1,917,1
14-9-2021,26.05,Wraith,6,15,3263,1
20-10-2020,12.76,Bangalore,1,1,322,18
26-8-2021,23.22,Lifeline,9,9,1101,3
3-2-2022,14.34,Mad Maggie,3,2,631,10
8-4-2020,20.24,Lifeline,3,2,627,18
1-8-2019,9.5,Wraith,0,0,0,10
1-10-2019,1.78,Mirage,1,1,259,7
9-9-2021,20.53,Mirage,17,11,4659,12
21-2-2020,21.57,Lifeline,2,16,1726,5
4-2-2021,17.13,Rampart,17,7,5096,15
26-1-2021,27.28,Mirage,6,9,1596,1
30-4-2022,20.61,Mad Maggie,2,16,3556,4
21-6-2021,1.17,Bloodhound,11,15,2550,14
18-12-2019,17.18,Mirage,9,4,1876,20
10-12-2021,28.15,Lifeline,13,12,2863,4
9-7-2022,19.12,Wraith,8,4,1962,3
16-8-2021,2.53,Gibraltar,11,0,1286,2
17-6-2022,10.18,Mad Maggie,17,1,3446,3
11-1-2021,0.21,Pathfinder,3,0,686,9
26-4-2021,13.54,Mad Maggie,15,5,4221,16
30-8-2022,7.91,Lifeline,7,4,1588,17
31-10-2020,21.3,Mad Maggie,2,11,2378,9
12-2-2020,21.23,Pathfinder,6,5,1476,14
16-5-2019,14.1,Wraith,6,14,3187,12
2-11-2021,14.72,Bangalore,2,7,503,18
6-12-2020,22.52,Pathfinder,18,15,6316,10
28-4-2019,12.66,Gibraltar,1,9,1073,7
8-7-2022,13.54,Mirage,4,1,844,2
25-2-2021,29.76,Lifeline,2,17,1956,13
10-9-2020,18.52,Mad Maggie,3,13,2139,13
14-1-2020,5.76,Gibraltar,14,0,2784,1
9-9-2022,11.72,Wraith,3,8,1136,18
19-10-2019,7.69,Lifeline,4,6,656,18
14-3-2019,25.43,Gibraltar,12,6,1235,8
8-7-2021,18.0,Mirage,2,11,965,4
6-10-2022,4.96,Bangalore,6,0,1012,10
26-3-2019,15.98,Gibraltar,1,6,597,19
15-6-2019,13.67,Bangalore,18,10,5937,6
21-10-2019,6.73,Mad Maggie,1,1,357,15
5-2-2022,16.54,Mad Maggie,8,10,1959,19
19-10-2019,9.97,Bloodhound,6,4,1293,9
27-8-2020,18.86,Mirage,14,2,2141,14
24-9-2022,7.12,Rampart,6,9,1928,11
29-1-2020,9.83,Mirage,4,10,2422,11
24-8-2021,18.77,Wraith,6,16,2737,3
26-3-2019,15.27,Bangalore,3,3,889,17
1-11-2022,29.99,Bloodhound,18,11,5495,6
15-2-2019,14.34,Lifeline,16,3,1330,19
16-5-2021,19.87,Bangalore,1,4,642,19
3-5-2019,7.99,Mirage,1,0,66,10
16-4-2021,17.25,Bloodhound,5,2,990,19
14-7-2020,20.32,Rampart,9,4,2007,12
21-4-2019,1.18,Rampart,9,13,4557,17
20-9-2022,13.4,Mad Maggie,7,1,1165,6
3-5-2020,17.38,Wraith,10,9,3951,11
8-8-2021,21.27,Lifeline,7,4,1016,10
14-3-2019,22.27,Bloodhound,8,10,3279,11
4-8-2020,1.92,Bangalore,1,1,216,16
3-6-2022,4.93,Lifeline,1,4,663,2
13-2-2021,17.49,Mirage,1,17,2050,3
12-3-2021,8.14,Bloodhound,7,1,1278,16
13-9-2022,17.58,Lifeline,2,1,412,8
27-4-2020,4.31,Lifeline,5,7,1016,16
7-6-2022,12.66,Mad Maggie,5,1,1334,3
21-10-2019,15.92,Bangalore,2,2,476,7
8-6-2022,10.94,Gibraltar,7,3,2004,3
12-12-2022,22.0,Mad Maggie,5,5,1360,15
23-11-2019,26.26,Wraith,3,7,1858,3
7-5-2022,25.22,Bangalore,5,5,973,19
21-10-2021,23.17,Wraith,6,6,2091,15
19-10-2021,8.75,Mad Maggie,12,15,1602,11
2-9-2019,3.84,Rampart,13,2,2467,4
13-10-2021,14.13,Lifeline,9,6,2228,14
4-10-2019,28.45,Lifeline,5,2,773,2
17-5-2020,21.24,Mad Maggie,5,11,2740,8
8-10-2020,26.41,Rampart,18,8,1483,16
27-2-2019,22.44,Mad Maggie,6,18,4121,14
30-6-2022,5.06,Gibraltar,9,2,1037,14
21-3-2019,3.33,Pathfinder,4,8,1287,10
16-10-2020,17.0,Rampart,1,6,368,13
11-11-2022,15.59,Pathfinder,2,2,280,17
25-4-2021,11.26,Wraith,1,1,356,10
21-12-2020,27.54,Mirage,2,3,601,20
6-4-2020,8.25,Mirage,5,0,1101,5
16-8-2020,13.48,Bangalore,3,1,517,8
24-9-2022,3.85,Wraith,10,1,1646,12
18-3-2022,2.73,Bangalore,4,1,1044,8
7-1-2021,27.74,Bloodhound,6,17,2660,5
14-9-2022,0.87,Rampart,3,16,3623,11
7-5-2019,17.27,Wraith,13,13,3973,4
21-6-2019,20.54,Gibraltar,3,18,3362,5
18-8-2020,9.08,Mad Maggie,11,13,4431,11
5-5-2019,25.36,Wraith,4,10,1704,7
28-12-2021,11.49,Rampart,2,1,534,6
8-7-2022,24.46,Rampart,6,20,1378,2
28-6-2022,26.85,Bloodhound,13,14,2113,5
19-12-2022,10.64,Mad Maggie,12,7,1245,6
28-8-2021,3.04,Bangalore,2,10,1582,8
5-9-2021,23.07,Wraith,5,3,891,6
15-12-2020,15.2,Bangalore,2,12,1305,20
14-5-2021,22.62,Rampart,9,2,1673,18
26-9-2021,16.08,Wraith,1,1,275,8
29-4-2021,7.72,Lifeline,0,8,741,9
9-2-2020,7.56,Mad Maggie,1,4,981,19
19-6-2020,16.27,Bloodhound,3,3,1059,7
24-5-2020,6.72,Lifeline,5,1,994,9
28-9-2021,21.97,Pathfinder,2,9,706,11
24-9-2020,3.96,Lifeline,3,7,948,19
9-5-2022,15.52,Wraith,5,4,1828,10
30-8-2022,23.05,Pathfinder,2,4,1082,6
26-8-2021,18.1,Pathfinder,1,1,183,20
24-6-2021,24.21,Pathfinder,4,11,812,1
10-10-2021,8.04,Lifeline,2,3,813,3
19-2-2019,3.39,Mirage,1,5,722,12
17-9-2019,0.75,Bloodhound,4,6,611,11
4-12-2021,0.87,Bloodhound,3,8,2260,13
25-6-2021,23.9,Gibraltar,2,5,1165,14
28-10-2020,17.14,Bloodhound,4,1,468,10
23-2-2020,22.85,Rampart,3,8,1801,10
26-5-2019,16.99,Rampart,8,4,1861,17
13-10-2020,18.28,Mirage,2,4,400,18
10-4-2021,2.67,Lifeline,4,0,548,8
4-5-2019,6.91,Mirage,11,3,2247,5
30-6-2021,2.83,Gibraltar,1,0,68,5
15-3-2022,23.35,Pathfinder,4,5,590,16
10-12-2019,28.73,Bloodhound,19,2,4875,13
18-9-2019,5.02,Wraith,0,5,513,12
12-5-2022,12.53,Gibraltar,2,6,1594,4
27-9-2020,24.89,Wraith,3,4,1446,20
7-8-2021,5.89,Rampart,5,3,505,8
10-8-2020,2.06,Mad Maggie,0,8,544,1
25-9-2019,3.6,Bloodhound,9,6,2684,4
9-6-2022,7.66,Lifeline,10,10,2303,5
13-6-2022,28.12,Gibraltar,2,5,422,1
30-5-2020,25.59,Lifeline,4,4,1281,1
15-3-2020,14.29,Mad Maggie,2,19,2186,9
25-3-2022,6.84,Pathfinder,0,7,537,15
11-6-2020,17.09,Pathfinder,5,1,364,9
6-11-2021,1.74,Rampart,13,4,2388,4
2-7-2021,9.58,Lifeline,2,0,424,20
12-7-2019,21.38,Pathfinder,8,6,1773,9
14-10-2021,20.75,Rampart,9,7,1692,19
28-8-2022,28.02,Gibraltar,16,4,2875,10
23-3-2020,9.09,Bangalore,11,0,1037,9
6-6-2022,20.11,Bloodhound,4,12,947,12
15-7-2019,2.88,Mirage,11,1,1765,1
16-1-2020,3.66,Pathfinder,2,6,509,3
5-8-2019,5.87,Bloodhound,6,7,914,11
15-8-2021,11.52,Rampart,14,14,5310,7
23-12-2021,26.65,Gibraltar,3,2,692,4
17-3-2022,27.72,Lifeline,5,7,798,2
29-10-2021,14.12,Bloodhound,1,1,123,4
6-12-2019,2.98,Gibraltar,0,3,342,4
21-8-2021,17.07,Wraith,2,3,598,10
26-8-2022,2.85,Bloodhound,9,0,1377,11
26-7-2019,22.04,Mad Maggie,5,2,1304,6
28-1-2020,1.18,Mad Maggie,5,6,709,4
16-6-2022,17.06,Mad Maggie,15,7,4415,12
10-2-2021,7.09,Pathfinder,1,0,245,13
20-6-2021,18.4,Mirage,11,8,2895,18
29-4-2020,15.02,Bloodhound,2,4,465,6
17-8-2021,27.75,Pathfinder,8,2,1288,17
26-9-2020,19.13,Gibraltar,11,1,1506,9
24-4-2022,8.04,Mad Maggie,6,8,2386,12
15-10-2022,10.87,Bloodhound,11,4,2123,7
12-10-2022,25.01,Bloodhound,4,3,820,7
28-1-2020,17.75,Bangalore,6,1,708,8
9-7-2019,23.81,Rampart,3,4,1323,14
14-4-2022,27.29,Bangalore,14,16,3713,10
12-1-2020,5.84,Wraith,2,7,856,7
22-2-2020,13.02,Rampart,18,4,2960,16
18-2-2020,6.3,Bangalore,0,0,0,9
7-10-2019,1.49,Bangalore,3,9,1648,9
5-7-2020,27.53,Mirage,3,3,1104,13
26-2-2021,23.39,Bangalore,8,9,3181,14
23-11-2019,12.13,Rampart,1,2,595,7
25-2-2020,29.17,Rampart,5,18,1501,4
18-2-2022,17.76,Bangalore,15,3,4013,16
11-9-2021,14.84,Lifeline,2,14,1563,19
8-6-2020,20.85,Mirage,2,8,1794,19
15-4-2019,0.35,Mirage,5,11,1875,13
2-8-2019,22.5,Rampart,9,11,3785,2
7-2-2022,1.03,Bloodhound,4,14,3443,8
1-5-2019,17.46,Bangalore,1,2,260,10
22-4-2021,24.03,Mirage,7,2,1869,14
5-11-2022,12.0,Bangalore,11,6,1878,1
10-3-2022,15.0,Pathfinder,1,2,213,16
6-6-2019,8.88,Mad Maggie,4,8,1290,20
1-10-2021,26.55,Mirage,2,7,1336,11
9-12-2020,28.81,Mirage,2,3,595,13
1-12-2020,22.93,Lifeline,12,3,2614,18
24-4-2022,11.95,Gibraltar,5,1,523,14
22-3-2019,7.12,Bangalore,1,2,397,3
20-11-2022,9.67,Bangalore,5,8,2437,12
27-3-2021,17.68,Wraith,2,18,2196,3
6-11-2020,4.44,Pathfinder,8,6,2504,7
22-6-2019,5.35,Rampart,6,0,863,4
18-3-2021,28.83,Bloodhound,6,9,1093,16
28-10-2021,5.2,Mad Maggie,2,5,1123,16
18-8-2021,2.96,Pathfinder,3,2,603,4
15-3-2019,11.4,Lifeline,2,2,362,12
22-11-2021,3.08,Mad Maggie,7,17,2139,20
12-10-2022,13.81,Rampart,8,2,1919,20
21-10-2020,25.02,Bangalore,6,2,1284,11
24-3-2019,8.23,Gibraltar,5,8,1463,3
12-7-2020,1.61,Bloodhound,0,0,0,13
17-10-2020,7.8,Wraith,1,1,411,3
4-8-2022,26.36,Mirage,2,5,923,9
16-1-2022,4.03,Lifeline,13,3,1444,17
31-1-2021,9.91,Pathfinder,1,9,675,4
21-8-2020,12.31,Rampart,9,2,729,14
23-1-2021,4.65,Gibraltar,10,6,2151,15
30-9-2019,21.57,Lifeline,2,9,1606,4
1-7-2022,5.08,Rampart,0,8,780,12
4-6-2021,23.15,Rampart,3,17,3677,5
24-1-2020,28.36,Gibraltar,4,13,3265,17
3-7-2022,0.49,Mad Maggie,5,10,1406,18
29-6-2020,6.98,Gibraltar,15,0,3203,3
30-11-2022,3.02,Lifeline,1,3,561,14
2-11-2020,0.16,Wraith,4,1,961,10
26-3-2019,19.26,Bloodhound,8,10,1919,4
22-8-2022,1.1,Bloodhound,5,7,993,13
9-11-2021,27.27,Bangalore,10,6,2833,1
13-8-2020,14.2,Mirage,2,6,1226,17
23-12-2020,28.17,Wraith,4,3,681,17
11-7-2019,12.77,Mad Maggie,2,2,299,1
8-6-2020,25.45,Pathfinder,6,4,623,14
21-11-2020,6.95,Mad Maggie,1,1,342,7
26-12-2021,5.65,Lifeline,1,10,1678,11
10-2-2022,8.6,Gibraltar,12,0,2878,11
9-12-2021,2.03,Rampart,0,1,194,10
26-8-2022,22.56,Bloodhound,7,18,3735,8
15-10-2021,4.89,Mad Maggie,1,0,240,12
27-2-2022,1.64,Mirage,7,4,1806,9
24-6-2021,4.74,Rampart,11,3,922,16
23-2-2019,20.9,Bloodhound,4,10,2186,7
10-10-2020,29.07,Gibraltar,2,4,710,17
21-9-2022,13.06,Rampart,2,2,284,12
4-8-2019,10.57,Bloodhound,2,9,633,19
21-6-2019,2.16,Bangalore,10,2,1261,16
20-2-2021,9.54,Bangalore,13,5,1547,10
24-5-2021,5.8,Pathfinder,1,0,167,4
27-5-2021,25.25,Wraith,10,9,1630,13
18-8-2022,25.75,Mad Maggie,6,15,3711,14
9-11-2020,18.76,Gibraltar,5,1,549,10
2-5-2021,0.31,Bangalore,1,5,861,3
24-8-2021,11.6,Wraith,10,8,1257,8
29-5-2021,9.44,Bloodhound,0,0,0,13
5-12-2021,25.54,Mad Maggie,3,3,898,12
26-1-2022,21.64,Bloodhound,6,2,461,15
17-2-2021,23.55,Mirage,3,2,405,19
3-1-2021,9.63,Bangalore,4,4,777,17
19-11-2020,17.86,Gibraltar,15,2,1167,13
6-3-2022,22.77,Mirage,7,8,1588,17
27-8-2019,12.73,Gibraltar,9,6,1545,16
29-8-2022,14.9,Gibraltar,1,10,1715,12
18-8-2019,22.61,Bloodhound,10,2,1791,15
26-4-2021,0.16,Bangalore,10,1,1940,16
2-1-2020,7.4,Lifeline,1,0,197,7
28-12-2019,6.8,Lifeline,9,9,2070,18
25-3-2019,26.74,Bangalore,2,10,1305,11
3-7-2019,18.68,Bloodhound,4,20,3492,18
1-11-2022,21.3,Gibraltar,20,6,2184,9
20-3-2020,26.42,Lifeline,12,7,1213,6
7-6-2022,3.49,Mirage,1,6,1012,3
25-8-2020,9.69,Gibraltar,0,7,662,5
9-9-2019,14.63,Bloodhound,7,1,809,5
5-2-2021,13.45,Mirage,3,1,667,9
10-10-2019,0.0,Mad Maggie,9,7,2325,9
6-11-2021,17.72,Bloodhound,6,12,2152,2
3-8-2021,16.85,Bangalore,3,13,1453,4
22-5-2021,19.51,Mad Maggie,8,1,1757,15
20-2-2021,11.33,Rampart,2,3,763,14
16-6-2019,2.98,Gibraltar,0,13,2300,19
11-7-2021,27.77,Rampart,6,4,1830,16
20-12-2020,24.61,Bloodhound,3,5,500,17
11-1-2020,14.41,Mirage,4,2,1133,10
26-7-2019,7.19,Wraith,4,2,993,18
15-10-2020,26.72,Gibraltar,6,6,2377,15
1-10-2019,6.01,Mad Maggie,2,11,2421,4
25-6-2020,20.03,Rampart,13,3,3204,2
10-12-2019,26.36,Bloodhound,2,6,1297,7
3-3-2020,29.15,Pathfinder,8,7,2418,11
22-3-2021,7.74,Mad Maggie,0,2,316,8
7-12-2020,8.88,Gibraltar,2,18,2913,1
12-9-2020,12.22,Mirage,12,13,2301,18
4-3-2020,3.33,Gibraltar,0,5,526,6
11-5-2022,16.22,Bangalore,1,6,803,17
19-7-2020,19.57,Wraith,9,2,1446,13
29-6-2021,1.98,Mad Maggie,3,1,657,4
30-7-2021,14.69,Rampart,11,3,1789,19
20-10-2019,20.28,Bloodhound,12,12,3728,8
6-9-2022,28.82,Mirage,5,2,1434,1
23-4-2019,29.71,Mad Maggie,8,17,1884,17
7-1-2020,5.08,Rampart,2,0,469,18
21-3-2021,27.31,Mirage,3,2,322,9
21-10-2022,11.3,Rampart,3,15,1906,11
15-11-2020,23.91,Bangalore,2,13,2838,20
5-2-2022,19.68,Mirage,5,11,1618,16
13-9-2020,23.42,Mad Maggie,5,11,3147,15
12-6-2020,2.8,Gibraltar,2,5,914,13
5-7-2020,0.78,Rampart,0,3,358,3
30-8-2021,7.94,Wraith,3,2,276,1
16-4-2019,20.79,Pathfinder,3,9,621,10
21-3-2020,28.92,Pathfinder,4,2,435,12
12-6-2019,4.03,Rampart,3,8,2002,15
15-3-2020,25.06,Wraith,2,5,598,11
12-10-2022,0.25,Wraith,9,4,2506,10
20-9-2021,22.12,Pathfinder,9,4,2175,18
9-2-2019,2.32,Bloodhound,1,1,158,2
31-3-2021,14.06,Bangalore,8,1,2019,11
31-3-2019,1.81,Mirage,0,1,67,3
26-11-2022,19.41,Bangalore,18,1,3033,15
20-11-2021,26.85,Gibraltar,2,11,1934,6
17-3-2022,23.02,Pathfinder,9,4,1391,13
14-12-2019,6.87,Wraith,5,1,692,17
10-10-2021,22.51,Mad Maggie,9,13,3725,5
2-8-2019,22.53,Bloodhound,4,17,1522,8
28-4-2021,4.65,Wraith,1,4,704,16
6-6-2020,29.04,Pathfinder,2,8,1832,1
3-3-2021,9.38,Bangalore,2,6,1268,20
16-8-2021,3.37,Bloodhound,11,0,1583,10
13-12-2022,2.12,Mad Maggie,6,7,1941,9
26-10-2021,13.47,Mirage,8,2,2201,14
2-3-2019,7.52,Wraith,2,1,447,9
27-2-2020,28.49,Mad Maggie,2,2,345,20
18-9-2019,27.27,Bloodhound,10,3,1742,19
14-11-2021,19.43,Mad Maggie,11,2,3055,18
21-1-2020,24.28,Bloodhound,3,3,586,7
27-5-2020,6.33,Bloodhound,1,0,80,14
20-5-2020,17.59,Bangalore,3,8,920,16
4-1-2022,17.11,Mad Maggie,2,2,772,11
14-2-2022,9.6,Gibraltar,1,6,958,2
14-10-2022,18.2,Mirage,2,1,397,13
16-12-2021,18.43,Lifeline,16,1,3719,15
7-3-2020,17.13,Mad Maggie,4,1,899,4
13-2-2020,17.75,Bangalore,4,5,1388,14
22-10-2019,20.48,Wraith,7,4,774,7
28-8-2020,10.04,Wraith,1,14,1813,4
30-3-2019,16.03,Wraith,3,1,764,9
12-11-2020,10.94,Wraith,10,4,2408,13
25-1-2020,7.34,Lifeline,4,6,1105,6
7-11-2022,14.03,Bloodhound,11,3,1883,13
19-2-2019,29.07,Lifeline,4,3,1196,5
2-9-2021,5.28,Bangalore,7,1,520,10
7-8-2019,5.29,Pathfinder,1,0,93,8
5-3-2021,5.95,Gibraltar,14,0,2402,7
18-2-2020,27.07,Bangalore,2,5,1210,20
22-7-2021,6.5,Bloodhound,6,10,1213,10
5-3-2021,14.29,Gibraltar,4,4,1069,17
31-12-2019,3.17,Wraith,0,3,391,15
10-5-2021,7.16,Bangalore,1,0,171,14
27-5-2020,28.01,Bangalore,4,12,2897,1
15-3-2019,12.89,Wraith,20,10,3683,5
5-6-2021,1.37,Wraith,2,7,1513,3
28-10-2019,15.49,Mad Maggie,1,6,526,9
31-10-2022,3.92,Mirage,1,6,504,3
3-5-2020,10.89,Wraith,7,2,1812,18
11-7-2020,27.61,Bangalore,3,7,662,18
14-2-2022,7.5,Bloodhound,0,1,61,16
16-1-2021,5.7,Bloodhound,16,0,2171,14
15-9-2021,15.31,Mirage,3,4,1400,8
11-12-2019,16.13,Pathfinder,2,3,516,12
6-5-2021,15.46,Mad Maggie,3,3,807,8
16-9-2019,4.51,Mad Maggie,1,1,218,3
24-12-2022,28.2,Lifeline,13,4,3413,10
16-3-2021,12.67,Mirage,5,2,892,4
3-2-2022,29.84,Bangalore,19,3,2676,19
17-12-2021,4.13,Lifeline,7,5,1150,14
10-12-2021,1.8,Lifeline,11,0,1305,16
23-6-2019,28.08,Wraith,2,14,856,13
4-6-2020,4.38,Wraith,3,3,804,12
2-10-2020,18.56,Rampart,6,12,2641,20
11-1-2021,17.26,Pathfinder,7,14,3266,5
9-5-2021,12.63,Bangalore,3,8,1740,3
22-4-2021,10.02,Mad Maggie,7,17,4261,13
18-5-2022,29.99,Bangalore,11,2,816,9
2-6-2021,8.15,Pathfinder,3,2,882,4
13-3-2022,8.42,Mirage,13,4,2082,18
5-9-2021,9.74,Gibraltar,8,0,757,16
3-1-2020,13.61,Lifeline,5,1,605,7
26-6-2021,17.58,Lifeline,7,4,1299,10
27-4-2022,1.13,Mad Maggie,0,11,1724,14
23-3-2022,19.85,Gibraltar,3,1,831,13
9-2-2020,10.53,Rampart,3,13,1532,11
23-4-2020,26.22,Mad Maggie,3,18,1631,1
10-11-2021,24.11,Lifeline,3,7,657,18
15-1-2020,28.31,Bangalore,5,2,1051,3
24-6-2019,13.07,Mad Maggie,1,7,1561,8
20-10-2019,9.81,Bloodhound,10,12,4312,13
29-11-2019,23.21,Mad Maggie,4,18,1483,8
12-2-2020,10.19,Bloodhound,17,1,1532,14
28-2-2020,3.98,Lifeline,6,1,1021,15
7-4-2020,5.32,Bangalore,8,8,3228,12
1-11-2022,24.26,Lifeline,4,6,939,2
26-5-2022,11.01,Bloodhound,5,5,1923,15
29-5-2020,22.59,Pathfinder,11,10,2110,16
18-11-2021,26.78,Wraith,4,4,532,5
2-8-2021,17.38,Pathfinder,6,12,992,6
21-12-2020,16.1,Rampart,4,5,1676,3
10-9-2020,2.86,Wraith,2,0,417,6
4-3-2021,28.62,Mad Maggie,8,2,1069,11
31-8-2022,26.48,Bloodhound,2,2,669,11
8-12-2020,14.48,Pathfinder,1,10,861,16
11-2-2021,9.12,Gibraltar,1,3,503,5
29-8-2022,10.37,Mirage,1,8,1758,18
4-3-2020,22.24,Lifeline,3,12,1943,14
27-3-2022,18.69,Rampart,1,6,992,19
24-3-2019,5.75,Lifeline,2,1,422,12
5-12-2020,24.8,Mad Maggie,16,5,1586,3
29-8-2019,11.16,Bloodhound,17,3,3851,17
5-2-2021,2.04,Mad Maggie,1,1,251,1
24-1-2020,3.81,Mad Maggie,7,1,1360,14
9-8-2019,13.02,Bangalore,6,1,787,17
24-11-2019,18.45,Mad Maggie,4,7,1024,7
3-3-2022,0.21,Bangalore,0,5,814,3
20-10-2021,19.53,Pathfinder,6,10,3321,3
28-9-2021,26.41,Bloodhound,6,19,1451,12
1-8-2020,6.63,Bangalore,2,0,384,8
25-10-2019,19.61,Wraith,2,6,1301,16
26-3-2021,25.09,Wraith,6,7,2416,10
12-8-2020,17.17,Lifeline,11,10,2781,10
11-10-2020,13.94,Pathfinder,17,1,3282,11
24-3-2022,12.87,Mirage,4,3,474,5
17-12-2022,0.39,Mirage,1,3,557,5
8-10-2019,17.52,Gibraltar,10,1,719,5
28-4-2019,5.33,Lifeline,1,11,1543,4
27-7-2022,7.03,Mad Maggie,0,1,52,18
31-7-2022,2.19,Wraith,3,1,595,1
