7-10-2021,13.61,Bloodhound,1,0,81,10
28-11-2019,21.98,Mad Maggie,4,10,1119,16
21-6-2020,17.65,Caustic,3,4,886,8
6-2-2022,23.05,Mad Maggie,3,4,1153,18
14-12-2019,12.13,Mad Maggie,12,4,1917,16
1-4-2021,16.43,Crypto,5,6,810,6
13-2-2021,11.64,Pathfinder,11,7,2146,1
17-5-2019,26.98,Gibraltar,4,2,398,20
24-6-2020,20.95,Bangalore,8,2,1694,2
11-3-2022,5.77,Ash,2,10,2091,8
12-1-2022,19.56,Bangalore,7,6,1827,16
21-7-2022,5.14,Ash,5,6,1923,13
10-9-2019,9.74,Bloodhound,5,9,1688,3
16-10-2020,21.51,Bloodhound,6,7,1288,9
29-9-2022,12.74,Wraith,2,7,1120,4
7-8-2022,14.85,Pathfinder,6,1,1209,20
8-4-2019,6.99,Gibraltar,6,5,1324,3
13-9-2021,1.31,Caustic,7,6,1032,2
18-2-2022,16.89,Fuse,12,6,3658,12
11-10-2020,11.36,Fuse,9,11,2208,1
5-9-2021,29.53,Gibraltar,10,7,3559,19
28-10-2020,10.51,Bangalore,1,0,216,12
21-5-2022,19.98,Lifeline,6,5,2547,15
24-6-2020,17.97,Gibraltar,3,4,1327,15
25-1-2021,6.52,Ash,6,4,1637,10
19-8-2022,13.03,Crypto,6,4,2279,17
25-11-2019,18.17,Bloodhound,12,5,3088,8
20-4-2019,6.93,Bloodhound,10,6,3742,13
3-9-2020,13.52,Pathfinder,1,6,921,6
20-4-2021,25.38,Pathfinder,1,3,460,20
23-8-2022,19.88,Bloodhound,3,3,999,5
18-7-2020,13.94,Caustic,8,4,1905,6
7-1-2022,4.88,Wraith,9,4,1947,13
21-1-2021,0.91,Mad Maggie,5,5,1692,14
29-10-2021,8.02,Ash,7,6,2130,2
23-12-2020,21.07,Wraith,3,1,984,2
13-10-2020,24.1,Pathfinder,6,1,1250,17
3-3-2021,3.57,Wraith,5,6,1061,2
31-8-2022,6.05,Caustic,8,5,1305,13
4-4-2021,29.81,Bangalore,6,8,3235,14
19-7-2022,7.31,Gibraltar,5,9,3004,13
7-2-2020,22.89,Lifeline,7,8,3134,16
13-6-2021,3.67,Caustic,3,1,439,8
6-7-2021,16.89,Pathfinder,2,1,338,12
11-7-2021,9.72,Mad Maggie,2,2,554,6
21-8-2019,12.02,Rampart,3,7,1116,9
23-12-2020,25.49,Bloodhound,4,9,2760,11
25-5-2019,1.85,Gibraltar,13,9,5369,15
7-7-2021,19.25,Rampart,10,7,2109,11
14-10-2021,2.87,Gibraltar,0,0,0,4
30-5-2021,1.3,Lifeline,2,4,1422,19
20-6-2019,8.01,Gibraltar,11,4,3603,1
11-12-2022,10.48,Mad Maggie,3,5,1664,10
9-3-2020,15.71,Mad Maggie,11,8,3101,5
27-4-2022,15.7,Ash,11,6,4035,12
25-2-2019,17.68,Bloodhound,9,6,2621,14
20-1-2021,4.06,Pathfinder,1,0,159,4
11-3-2019,29.89,Bangalore,3,2,1264,5
11-7-2020,23.68,Mad Maggie,3,4,1496,9
10-7-2021,2.09,Bloodhound,4,4,1016,16
2-6-2020,10.71,Fuse,4,13,3613,3
14-8-2020,27.74,Bangalore,7,8,3019,14
21-12-2022,28.75,Bloodhound,6,6,1721,12
25-1-2021,6.23,Bangalore,0,2,469,9
15-12-2022,1.0,Pathfinder,2,3,1170,4
24-8-2021,25.76,Fuse,4,3,910,17
5-6-2020,5.97,Ash,6,4,1723,15
30-1-2021,26.12,Bloodhound,10,5,4195,18
21-6-2022,1.52,Pathfinder,8,5,3022,17
7-10-2021,28.26,Pathfinder,7,11,4686,1
8-7-2020,24.73,Gibraltar,2,6,1442,5
27-10-2019,11.61,Pathfinder,8,3,1819,5
21-12-2022,6.31,Gibraltar,5,5,1459,14
3-2-2022,4.07,Pathfinder,6,5,2937,17
14-7-2022,29.26,Fuse,5,6,2062,18
4-11-2020,1.87,Lifeline,5,5,2535,9
28-4-2019,25.86,Fuse,8,13,4394,18
30-4-2021,8.65,Mad Maggie,3,0,684,12
31-3-2019,24.76,Lifeline,4,1,1069,9
19-7-2019,25.11,Crypto,5,3,1979,2
3-6-2020,2.39,Gibraltar,4,7,2444,5
15-10-2022,21.76,Fuse,6,7,3634,2
28-9-2022,4.17,Bangalore,7,5,3051,5
24-5-2020,12.75,Pathfinder,9,10,4070,18
23-9-2020,25.46,Mad Maggie,2,4,1014,1
19-3-2022,27.83,Caustic,1,3,554,5
24-11-2019,7.91,Bangalore,4,2,1014,8
4-10-2022,27.22,Crypto,4,6,2581,20
15-4-2020,22.05,Ash,5,5,1864,3
26-4-2022,28.73,Crypto,9,5,3325,18
28-9-2021,2.75,Wraith,9,6,3118,6
19-6-2020,1.1,Rampart,7,2,2563,18
5-3-2021,2.93,Rampart,1,3,793,18
12-8-2019,15.49,Bloodhound,2,4,862,3
16-1-2020,9.38,Bloodhound,7,3,1627,5
23-1-2020,6.03,Mad Maggie,7,7,3207,4
26-8-2021,19.08,Rampart,7,5,2394,14
22-2-2020,8.05,Caustic,12,9,3488,14
11-10-2020,0.1,Rampart,1,5,921,1
23-6-2020,1.22,Lifeline,1,2,741,16
26-7-2020,4.34,Mad Maggie,2,2,986,7
19-4-2022,26.71,Gibraltar,4,9,3381,15
3-5-2020,17.09,Bangalore,7,9,3847,5
25-7-2020,28.32,Rampart,13,9,4577,13
30-6-2019,25.49,Wraith,13,13,6238,3
29-9-2019,22.0,Pathfinder,3,3,1424,5
10-6-2021,7.54,Bangalore,1,5,1721,5
29-11-2022,4.84,Lifeline,4,5,2006,3
1-10-2021,23.23,Crypto,10,3,2738,2
10-2-2020,23.09,Fuse,14,9,4414,16
7-8-2022,25.09,Mad Maggie,7,7,3010,16
15-1-2021,13.62,Crypto,7,14,6579,4
22-10-2022,9.0,Ash,2,2,1141,20
2-7-2020,9.75,Crypto,2,4,1044,9
10-4-2022,27.93,Ash,5,8,3875,16
28-5-2021,7.88,Fuse,9,3,2229,1
17-3-2021,3.1,Rampart,8,9,4576,5
20-5-2022,0.53,Bloodhound,6,12,4913,20
4-5-2022,7.78,Mad Maggie,6,6,3703,12
24-6-2022,24.27,Lifeline,3,3,1596,1
2-6-2021,16.07,Bangalore,3,4,1591,16
25-3-2019,23.2,Rampart,3,4,1611,5
25-1-2020,9.68,Fuse,7,6,3973,5
18-5-2019,0.67,Rampart,10,9,4927,14
16-7-2022,4.89,Lifeline,9,5,4260,3
31-5-2019,29.59,Pathfinder,8,10,4145,1
7-9-2021,17.79,Bloodhound,2,3,1070,20
7-2-2021,0.02,Lifeline,9,5,4140,14
6-8-2021,25.25,Crypto,8,4,3143,15
31-10-2020,19.48,Lifeline,5,6,2864,17
26-7-2022,25.41,Bangalore,5,6,2405,20
12-8-2022,25.22,Wraith,7,12,4205,12
12-9-2019,11.7,Wraith,8,8,3201,12
1-12-2020,17.4,Wraith,4,7,3629,16
6-6-2019,11.37,Caustic,8,4,2799,19
31-5-2019,22.11,Bloodhound,3,3,1882,12
26-11-2019,23.02,Pathfinder,3,6,1943,8
15-10-2019,9.23,Fuse,8,9,3825,13
12-10-2021,10.51,Pathfinder,5,9,4721,4
12-3-2021,20.71,Rampart,7,8,4358,16
9-11-2019,29.32,Wraith,0,1,259,4
2-7-2019,5.44,Wraith,2,4,1371,1
4-12-2019,16.29,Bangalore,6,4,2308,6
25-6-2020,23.46,Mad Maggie,6,8,4451,20
30-5-2020,22.46,Ash,4,7,2736,8
12-3-2020,19.54,Lifeline,8,6,4767,10
1-12-2019,4.07,Mad Maggie,7,12,5979,4
17-4-2021,22.87,Gibraltar,2,1,908,7
23-8-2021,8.79,Rampart,1,9,2705,10
1-9-2020,15.55,Crypto,5,2,2344,2
8-4-2019,11.76,Pathfinder,5,4,3015,13
13-12-2020,20.92,Mad Maggie,12,6,5552,17
3-8-2021,8.94,Fuse,13,6,4115,9
20-10-2019,20.26,Bloodhound,6,6,3096,1
13-9-2021,24.04,Mad Maggie,10,2,3327,19
16-4-2020,26.38,Bangalore,6,7,3807,4
19-10-2021,7.67,Caustic,6,4,2609,5
2-10-2019,12.44,Lifeline,3,4,1822,14
27-8-2021,17.63,Bangalore,6,6,3285,14
8-3-2020,28.81,Wraith,8,9,5557,2
17-8-2021,21.63,Caustic,12,14,9292,14
31-3-2022,11.88,Lifeline,0,6,1818,6
2-7-2019,8.65,Crypto,1,5,1479,3
31-10-2022,24.11,Crypto,5,6,2902,1
12-9-2019,21.37,Wraith,11,4,3846,1
7-1-2020,10.88,Mad Maggie,5,4,3230,5
19-4-2022,14.02,Rampart,5,6,3198,6
19-4-2020,11.85,Lifeline,6,12,6678,9
3-10-2022,6.28,Lifeline,0,1,236,11
18-1-2022,17.32,Mad Maggie,3,5,1868,14
25-5-2020,16.11,Bangalore,6,3,3266,18
27-3-2019,13.93,Crypto,5,3,3122,19
23-5-2020,1.22,Ash,4,6,2489,12
19-11-2019,3.13,Bangalore,6,6,3636,19
31-10-2020,22.4,Bangalore,7,9,4141,15
26-1-2020,13.83,Rampart,1,5,1844,14
29-3-2022,11.61,Ash,2,1,886,20
8-3-2019,7.06,Crypto,4,6,3329,8
2-9-2020,23.31,Wraith,5,11,6131,18
7-6-2019,27.31,Fuse,8,7,5676,17
1-12-2021,18.25,Caustic,11,8,6248,17
6-2-2020,18.78,Crypto,10,6,5568,4
29-5-2022,23.85,Gibraltar,5,2,2495,19
4-5-2021,22.88,Gibraltar,3,1,1243,7
12-12-2019,12.79,Caustic,3,3,1493,20
15-8-2019,15.36,Bangalore,4,3,1897,6
12-5-2019,17.68,Pathfinder,6,4,2712,6
19-3-2020,26.81,Pathfinder,5,8,3867,9
21-1-2022,24.38,Gibraltar,12,8,6711,6
15-2-2020,14.54,Bangalore,2,2,973,5
12-5-2019,22.42,Ash,2,2,1309,12
28-8-2020,18.4,Bangalore,6,10,5219,18
7-11-2020,25.87,Gibraltar,4,5,3236,16
2-3-2022,28.17,Lifeline,8,5,3381,15
2-11-2021,11.7,Wraith,9,9,5278,14
4-3-2021,18.05,Bloodhound,6,7,3451,6
4-7-2022,2.64,Fuse,6,2,2349,17
10-1-2022,16.29,Gibraltar,6,3,3819,13
24-7-2019,24.23,Ash,3,5,2891,19
11-9-2019,24.88,Bangalore,9,6,4887,14
12-11-2022,16.53,Ash,5,8,1396,3
13-7-2022,15.0,Ash,9,9,1478,4
11-6-2019,12.5,Pathfinder,12,6,3939,19
23-6-2019,2.07,Lifeline,1,0,218,1
27-10-2022,22.47,Crypto,4,1,1030,5
16-1-2022,16.51,Ash,5,2,1391,12
8-3-2022,11.68,Lifeline,4,6,1983,12
11-5-2022,18.5,Pathfinder,8,9,3416,3
7-9-2021,17.08,Rampart,6,5,1157,16
7-2-2021,19.13,Bloodhound,7,7,2051,7
27-7-2019,4.15,Wraith,1,0,91,15
19-3-2021,6.41,Fuse,6,1,740,13
10-12-2022,25.9,Crypto,2,3,551,14
12-9-2019,15.77,Caustic,8,9,1523,17
10-3-2019,13.76,Fuse,4,11,2111,6
27-7-2019,15.04,Bloodhound,6,6,1820,1
18-12-2021,4.27,Mad Maggie,8,6,2254,7
1-11-2021,24.65,Bloodhound,1,7,1511,5
22-3-2021,12.42,Lifeline,2,1,366,10
14-2-2020,14.94,Fuse,10,4,2181,19
10-10-2020,16.3,Gibraltar,3,9,1731,13
30-4-2022,23.32,Wraith,4,7,1926,8
28-6-2022,16.55,Fuse,7,6,2269,3
18-10-2019,3.27,Rampart,9,6,2680,14
11-7-2022,28.17,Pathfinder,1,1,174,12
20-1-2021,11.84,Caustic,4,9,2781,2
6-9-2020,12.52,Gibraltar,2,2,948,14
21-3-2020,8.36,Bangalore,3,8,1352,1
15-8-2022,8.94,Fuse,4,12,3061,17
27-3-2020,11.13,Bloodhound,5,7,2006,15
6-10-2019,15.72,Crypto,6,11,3604,19
30-3-2021,15.71,Bloodhound,4,0,1051,17
24-2-2021,14.19,Bangalore,3,2,884,17
21-6-2019,18.63,Rampart,9,2,2570,16
11-5-2019,4.13,Rampart,4,3,910,15
5-5-2022,11.8,Mad Maggie,4,10,2792,10
23-10-2021,29.41,Mad Maggie,6,5,1856,1
5-9-2021,4.76,Crypto,7,6,1527,7
31-5-2020,0.26,Ash,0,4,703,4
12-11-2021,15.14,Crypto,3,1,503,2
25-1-2020,11.02,Ash,4,2,713,17
18-2-2021,6.19,Caustic,6,7,2100,15
4-12-2019,12.57,Bangalore,5,7,2084,15
4-3-2019,21.31,Wraith,12,13,3655,11
22-2-2020,1.02,Bloodhound,6,13,2614,7
29-10-2022,8.33,Crypto,1,3,723,17
2-6-2019,4.47,Bangalore,1,1,337,6
25-9-2019,10.83,Crypto,2,5,1114,19
21-7-2022,16.47,Wraith,3,5,1959,19
21-9-2022,19.47,Bloodhound,13,9,3757,2
14-1-2021,11.42,Caustic,12,11,5638,5
25-4-2020,8.05,Wraith,12,8,5070,6
4-3-2022,6.32,Fuse,5,2,968,13
24-11-2021,9.98,Caustic,2,5,1232,9
29-4-2021,23.08,Lifeline,3,3,1031,1
6-11-2021,23.71,Fuse,3,8,1347,16
18-12-2020,20.77,Crypto,4,5,2251,8
5-4-2022,2.06,Pathfinder,6,7,2038,11
3-5-2019,28.19,Rampart,8,12,3997,14
20-2-2022,12.4,Mad Maggie,3,0,797,12
12-5-2020,4.28,Crypto,2,1,472,12
20-12-2019,2.21,Bangalore,3,9,1701,18
31-7-2021,1.36,Bangalore,8,5,2559,11
19-10-2019,4.63,Bloodhound,5,5,1923,20
14-3-2021,2.6,Fuse,6,6,3169,5
5-11-2019,7.03,Bloodhound,9,6,3458,10
28-7-2019,18.16,Rampart,0,2,235,17
24-10-2022,18.58,Bangalore,1,4,1070,16
7-1-2021,29.75,Wraith,3,5,1189,5
22-8-2019,29.51,Bloodhound,10,6,4171,6
21-3-2020,8.11,Gibraltar,5,5,1515,4
20-11-2022,0.41,Gibraltar,7,6,3552,9
19-5-2022,17.33,Crypto,15,10,6872,11
21-2-2022,6.36,Gibraltar,2,0,311,1
29-5-2021,14.58,Wraith,1,1,444,6
22-3-2021,18.15,Pathfinder,2,2,734,13
13-1-2022,2.32,Bloodhound,3,6,2462,4
16-8-2022,20.59,Bangalore,9,4,2820,20
3-5-2019,9.16,Crypto,12,9,4792,17
12-5-2022,6.14,Bangalore,7,6,2048,11
6-8-2020,23.28,Crypto,3,0,827,2
31-10-2019,2.84,Ash,2,3,746,8
8-11-2022,18.41,Pathfinder,3,9,3059,16
14-4-2022,17.1,Fuse,8,6,3393,19
21-10-2022,24.34,Pathfinder,7,7,2764,15
14-8-2020,18.36,Wraith,8,13,4768,17
2-8-2020,4.22,Bloodhound,13,9,5276,4
14-1-2021,6.35,Lifeline,0,0,0,14
21-3-2020,17.35,Ash,1,5,1466,14
16-1-2020,21.99,Lifeline,6,3,2590,6
17-5-2021,17.78,Rampart,4,3,1170,1
21-3-2020,24.59,Pathfinder,6,5,1710,12
26-12-2019,1.47,Lifeline,8,6,3266,1
18-2-2021,25.84,Bangalore,6,11,3135,5
13-1-2021,15.8,Gibraltar,1,0,220,20
31-12-2022,15.52,Bloodhound,6,6,2129,8
22-4-2021,23.06,Rampart,6,2,1818,18
1-8-2020,15.7,Wraith,3,4,1940,14
17-1-2021,9.64,Rampart,7,10,3733,1
29-6-2021,12.49,Pathfinder,5,10,3104,11
24-4-2020,3.91,Pathfinder,11,6,4081,14
12-6-2022,8.15,Ash,0,2,370,4
21-6-2019,0.31,Crypto,2,4,1450,18
4-9-2020,2.66,Bangalore,2,2,1146,17
16-6-2019,8.54,Mad Maggie,3,3,1812,6
26-8-2022,7.32,Bloodhound,4,4,1942,20
4-4-2021,11.5,Wraith,7,9,3616,11
18-7-2021,21.29,Crypto,6,6,2997,16
9-11-2022,27.57,Bloodhound,0,6,1167,17
8-12-2022,9.53,Ash,1,3,797,6
27-3-2020,13.18,Pathfinder,2,8,2503,2
21-9-2020,8.66,Crypto,11,4,2650,4
18-12-2021,4.34,Crypto,10,5,4527,7
29-3-2021,14.98,Mad Maggie,6,7,3263,1
12-8-2022,17.54,Wraith,7,7,3411,14
30-11-2022,14.97,Fuse,2,0,646,13
28-6-2022,15.24,Rampart,1,5,1846,17
21-2-2022,2.32,Fuse,8,2,3413,10
10-5-2020,25.12,Bangalore,7,9,4800,3
19-8-2020,29.69,Fuse,6,4,2140,9
28-5-2020,24.15,Bangalore,11,13,4881,8
16-3-2020,9.02,Pathfinder,6,6,2268,6
29-11-2019,19.86,Crypto,1,3,1147,20
17-2-2022,24.46,Wraith,4,3,1731,17
22-1-2022,26.73,Caustic,6,7,3802,19
15-10-2022,12.07,Ash,3,4,1416,6
16-12-2021,16.6,Bloodhound,6,5,3545,10
10-2-2021,25.28,Lifeline,11,10,6516,9
29-4-2022,11.09,Caustic,7,7,2729,12
6-10-2021,27.37,Fuse,4,1,1595,5
7-5-2019,9.64,Pathfinder,5,1,1834,11
19-2-2022,11.66,Fuse,5,5,2330,6
18-12-2021,4.29,Fuse,5,7,4058,7
24-5-2020,29.76,Gibraltar,5,5,3095,1
7-2-2022,18.75,Bangalore,5,5,2355,15
1-4-2022,3.31,Caustic,6,10,3377,6
27-3-2021,25.91,Caustic,4,1,1152,6
16-11-2022,13.7,Bangalore,8,8,3261,20
3-11-2020,11.88,Gibraltar,4,4,1787,6
28-4-2020,15.46,Lifeline,3,3,1881,8
9-10-2022,2.71,Fuse,9,9,6013,18
28-6-2019,0.33,Caustic,9,10,6719,5
9-10-2019,15.15,Ash,6,10,5164,14
16-10-2019,12.54,Bangalore,4,0,1275,20
27-3-2020,1.8,Wraith,4,4,1665,16
7-8-2022,2.68,Rampart,2,4,1799,1
19-2-2022,8.81,Gibraltar,3,3,1238,8
30-6-2020,18.02,Crypto,5,10,3201,16
28-1-2020,2.13,Mad Maggie,7,6,3476,3
29-4-2020,1.39,Wraith,9,6,4379,6
29-5-2021,12.59,Caustic,0,0,0,10
8-11-2019,0.75,Bloodhound,9,2,2858,4
17-12-2021,25.3,Caustic,2,11,4142,15
11-8-2022,9.86,Pathfinder,6,9,3839,18
5-2-2020,22.93,Lifeline,6,8,4747,11
19-3-2019,18.58,Fuse,9,7,4212,20
21-8-2020,6.01,Fuse,9,13,7436,16
11-4-2022,9.74,Wraith,5,6,3906,13
18-9-2019,10.86,Rampart,2,1,1066,19
28-10-2020,11.27,Wraith,6,3,2013,17
18-3-2019,2.54,Lifeline,5,6,3068,2
13-11-2020,24.22,Ash,4,7,2741,1
7-8-2020,13.77,Mad Maggie,10,5,4382,2
26-1-2020,13.91,Gibraltar,8,12,5691,20
28-11-2020,20.64,Mad Maggie,8,3,4168,4
27-9-2020,18.96,Gibraltar,5,5,3735,4
23-9-2021,29.42,Gibraltar,7,3,3076,4
15-4-2019,19.46,Wraith,4,3,2244,4
10-7-2020,7.17,Gibraltar,4,4,2189,8
1-12-2021,23.9,Bloodhound,10,5,3698,3
18-11-2021,0.82,Gibraltar,10,12,5683,13
17-2-2022,0.4,Bloodhound,1,6,1531,12
20-12-2020,18.96,Ash,4,2,2222,12
28-8-2022,20.21,Crypto,3,3,1908,20
29-8-2022,6.3,Caustic,6,8,4981,7
26-10-2019,5.7,Gibraltar,13,5,6113,16
28-11-2022,23.99,Wraith,11,6,6318,15
23-9-2022,19.2,Rampart,6,6,3861,19
14-11-2021,12.6,Ash,1,2,755,15
3-10-2022,20.14,Ash,5,6,3971,11
30-3-2021,12.06,Wraith,6,2,2346,9
10-2-2021,12.0,Rampart,8,9,4892,16
27-5-2020,13.59,Mad Maggie,9,7,4411,10
30-3-2021,3.72,Wraith,5,12,4851,13
20-7-2020,17.74,Caustic,11,7,5808,8
8-5-2022,8.78,Caustic,0,5,1333,3
2-6-2020,23.82,Rampart,6,5,2743,8
12-2-2021,13.86,Fuse,4,5,3003,10
11-8-2019,26.66,Lifeline,9,3,4456,17
6-2-2022,24.5,Rampart,5,8,4409,18
11-11-2022,17.01,Lifeline,5,6,3570,13
15-5-2020,24.07,Mad Maggie,7,7,4457,6
11-3-2021,5.46,Crypto,2,9,2986,7
18-11-2022,15.35,Crypto,8,4,4611,5
21-1-2022,27.29,Crypto,4,6,3878,16
27-11-2020,7.62,Bloodhound,6,3,3623,14
21-5-2019,5.31,Wraith,4,5,2468,9
4-1-2020,1.93,Crypto,9,7,4684,6
11-3-2021,28.2,Wraith,7,8,5554,13
21-4-2021,21.27,Bangalore,2,1,1100,7
15-8-2020,21.3,Fuse,3,1,329,20
29-6-2022,29.7,Ash,2,4,678,17
27-5-2022,28.76,Fuse,9,6,2405,16
23-2-2021,4.77,Lifeline,5,5,1529,16
9-6-2021,11.17,Bangalore,5,6,1382,11
30-11-2022,26.51,Wraith,7,10,1525,4
20-11-2020,24.21,Wraith,1,3,676,20
4-5-2022,9.68,Crypto,7,3,1331,4
23-9-2021,12.9,Mad Maggie,4,5,634,1
3-5-2020,23.32,Bangalore,3,8,783,6
22-2-2019,16.34,Fuse,8,6,1129,7
8-3-2022,14.09,Mad Maggie,6,8,1091,15
13-5-2020,6.69,Wraith,7,6,1079,12
4-8-2020,5.71,Crypto,0,4,286,2
17-6-2020,16.14,Rampart,6,7,2639,5
30-6-2020,26.93,Bloodhound,8,4,1964,4
21-7-2021,16.08,Gibraltar,4,4,750,8
21-6-2022,21.3,Mad Maggie,8,4,2814,13
13-7-2019,28.21,Wraith,7,10,2959,2
26-3-2019,22.44,Crypto,7,7,1899,2
9-6-2020,11.87,Rampart,1,4,522,16
19-4-2020,16.81,Bloodhound,5,4,2049,19
20-8-2019,23.31,Crypto,2,4,714,5
21-6-2020,20.85,Crypto,8,5,1379,12
20-11-2020,12.36,Rampart,8,4,1981,9
12-11-2019,9.26,Caustic,5,9,2815,12
2-5-2022,25.11,Gibraltar,9,7,3555,20
24-7-2022,22.53,Crypto,2,5,813,6
24-5-2019,21.05,Caustic,3,3,871,19
31-8-2019,27.12,Fuse,7,8,3129,6
5-11-2020,1.81,Bloodhound,5,6,1233,19
5-8-2020,11.66,Pathfinder,7,4,1008,6
24-8-2021,24.0,Ash,5,9,2983,7
17-6-2021,22.87,Lifeline,11,11,3001,10
23-11-2021,16.72,Mad Maggie,0,1,203,18
14-2-2019,21.52,Caustic,3,2,788,12
19-9-2021,26.78,Fuse,9,7,1644,9
3-3-2020,11.72,Lifeline,6,3,2225,3
21-3-2019,3.58,Bangalore,10,11,2754,14
20-6-2021,17.83,Crypto,9,7,3658,16
5-3-2021,28.81,Ash,7,6,3129,10
15-10-2021,14.03,Bloodhound,2,1,307,11
13-7-2019,16.22,Bloodhound,2,4,1259,3
6-2-2020,25.67,Bloodhound,2,3,732,14
6-11-2020,2.65,Rampart,3,3,1038,9
31-7-2020,4.61,Caustic,9,4,2570,6
27-9-2022,25.91,Gibraltar,7,7,1797,4
20-2-2019,28.94,Bangalore,8,6,2632,18
9-2-2021,28.73,Rampart,3,1,753,11
8-8-2021,19.64,Fuse,3,11,1861,15
23-10-2020,4.84,Gibraltar,5,6,2382,14
17-5-2022,3.56,Lifeline,4,3,774,14
28-7-2019,0.98,Pathfinder,6,11,1997,20
31-8-2021,8.18,Mad Maggie,6,5,2830,15
9-9-2020,7.75,Crypto,8,8,2750,14
16-11-2022,9.27,Fuse,3,3,1285,17
5-7-2020,22.8,Caustic,3,2,1004,11
4-3-2021,18.14,Fuse,3,6,2117,17
15-6-2022,18.55,Mad Maggie,6,4,2089,11
29-3-2020,12.55,Wraith,7,4,1409,20
10-7-2022,11.59,Pathfinder,9,5,3109,4
5-2-2022,11.89,Crypto,10,7,3180,4
28-2-2020,17.97,Pathfinder,9,0,1458,5
16-2-2021,4.14,Fuse,1,2,537,16
13-10-2022,12.94,Rampart,2,3,1062,14
3-5-2019,29.92,Pathfinder,3,11,2437,13
2-10-2019,19.62,Bloodhound,10,12,4970,2
13-10-2021,16.45,Gibraltar,7,6,2494,9
12-1-2022,3.26,Caustic,10,6,3839,15
28-5-2020,23.67,Bangalore,1,6,1064,19
22-3-2020,25.22,Pathfinder,5,4,2051,7
25-8-2022,17.84,Bangalore,3,6,1154,5
8-6-2021,19.02,Gibraltar,3,4,1309,2
17-8-2020,2.77,Crypto,7,4,1496,1
27-3-2020,16.24,Lifeline,8,6,2599,14
26-9-2020,0.94,Pathfinder,7,8,2654,17
13-4-2021,24.93,Ash,2,2,595,12
8-12-2021,0.1,Ash,1,2,468,4
20-11-2019,22.88,Caustic,3,4,2033,9
14-7-2021,27.39,Ash,7,5,3431,16
30-4-2022,4.77,Lifeline,9,9,3573,5
2-4-2019,2.67,Bangalore,7,5,2226,17
8-12-2022,1.65,Caustic,12,10,4984,19
21-12-2019,22.92,Fuse,3,4,1823,13
6-9-2022,22.5,Bangalore,2,2,631,11
20-9-2020,25.09,Rampart,2,2,1070,17
4-12-2020,18.54,Crypto,5,7,3570,10
29-12-2021,26.54,Bloodhound,10,6,3337,13
17-2-2020,2.22,Caustic,5,5,2505,5
14-12-2019,22.59,Bloodhound,10,8,3387,11
17-5-2021,14.57,Wraith,5,1,898,13
8-4-2022,24.79,Ash,5,5,1833,14
12-9-2019,23.36,Bangalore,10,2,2911,4
28-5-2019,3.1,Pathfinder,3,3,1227,16
17-8-2020,29.42,Wraith,8,6,3149,11
18-10-2020,3.57,Bloodhound,6,8,3781,18
10-10-2020,18.8,Ash,8,12,3825,3
14-11-2022,11.9,Fuse,6,5,1978,20
30-7-2022,6.66,Caustic,3,3,1646,12
22-7-2020,26.91,Bangalore,2,2,1264,14
1-7-2021,18.38,Lifeline,3,5,2253,20
10-4-2019,11.67,Fuse,10,5,4268,12
8-2-2020,11.77,Crypto,5,11,3745,14
7-4-2019,9.52,Fuse,6,8,3799,6
30-4-2019,18.26,Bangalore,5,2,1838,10
18-2-2022,22.29,Wraith,3,11,3552,17
26-3-2019,27.57,Wraith,5,5,2371,14
1-4-2020,10.23,Rampart,3,3,1779,2
16-10-2019,29.79,Caustic,8,6,2851,20
1-1-2022,19.07,Rampart,5,7,3230,6
1-12-2021,9.03,Bangalore,8,8,3322,17
10-1-2020,22.32,Mad Maggie,3,4,1321,2
23-1-2021,19.31,Lifeline,8,1,3027,5
30-12-2020,22.04,Mad Maggie,5,5,2665,6
19-2-2022,21.91,Wraith,9,8,5111,5
11-8-2021,24.22,Bangalore,6,7,3515,11
14-2-2019,3.26,Pathfinder,6,10,3869,6
4-12-2021,10.15,Ash,8,9,4826,10
31-3-2021,6.24,Bloodhound,8,3,2605,6
24-3-2020,18.55,Caustic,6,3,2847,6
9-3-2019,25.1,Pathfinder,8,4,3804,9
25-11-2019,2.48,Fuse,5,11,4199,16
25-10-2022,6.09,Crypto,4,9,3729,13
11-7-2022,1.2,Fuse,7,6,3315,4
17-5-2022,29.51,Ash,7,9,5185,17
19-8-2019,11.41,Bangalore,2,5,2276,14
17-3-2022,23.67,Pathfinder,7,2,2699,5
3-9-2019,13.29,Gibraltar,2,4,1626,19
1-10-2021,12.12,Caustic,9,6,3592,5
14-11-2019,8.9,Mad Maggie,7,7,4532,16
7-8-2020,17.23,Mad Maggie,9,7,5031,12
21-12-2021,2.34,Fuse,6,8,3644,13
10-9-2021,17.1,Crypto,3,1,1342,19
10-5-2021,4.2,Wraith,1,1,660,2
24-7-2022,9.85,Ash,6,3,1699,14
1-11-2022,12.63,Rampart,6,5,2351,14
13-2-2021,18.28,Rampart,5,8,4160,9
15-12-2019,24.65,Gibraltar,6,6,2944,15
27-5-2019,21.57,Fuse,6,7,3640,10
4-11-2022,23.09,Crypto,1,5,1650,8
25-2-2021,27.55,Ash,5,2,2271,4
24-2-2019,27.27,Bloodhound,2,8,2943,14
3-12-2019,12.9,Rampart,11,4,4821,11
14-10-2020,25.69,Crypto,6,6,3974,19
19-11-2020,14.4,Ash,6,5,2784,2
9-10-2020,11.44,Fuse,12,9,7356,5
24-11-2021,27.91,Ash,1,6,1960,4
1-1-2022,2.19,Bangalore,4,5,1912,13
11-11-2020,10.78,Bangalore,3,2,1631,19
15-3-2022,19.38,Bloodhound,6,6,4205,6
28-12-2022,18.24,Ash,5,5,3111,17
12-9-2021,18.97,Wraith,13,9,5678,7
20-6-2021,15.61,Rampart,7,10,5043,14
30-4-2021,22.6,Gibraltar,6,1,2116,3
1-12-2020,13.47,Bangalore,1,5,1323,15
25-4-2021,15.8,Fuse,10,3,3358,12
30-8-2019,21.6,Caustic,5,7,3504,15
9-2-2020,12.04,Mad Maggie,5,8,4021,14
18-6-2020,29.6,Mad Maggie,9,7,4172,3
9-2-2021,10.61,Bloodhound,6,6,3213,19
20-1-2022,25.36,Lifeline,6,5,3813,20
21-2-2019,22.55,Lifeline,10,2,3670,12
4-5-2020,13.01,Pathfinder,2,2,996,20
21-10-2020,3.19,Fuse,10,11,6825,6
26-5-2021,22.86,Gibraltar,5,9,4036,14
24-2-2019,17.27,Crypto,6,6,4045,9
18-9-2019,2.21,Wraith,7,7,4679,13
25-6-2021,18.46,Bangalore,0,4,1088,13
31-12-2020,9.78,Wraith,3,7,3051,17
14-5-2019,14.88,Caustic,4,3,2180,5
5-1-2021,3.02,Mad Maggie,4,3,2380,7
5-7-2020,10.18,Bangalore,9,5,5482,16
2-2-2022,3.09,Fuse,5,6,3944,15
11-2-2021,24.23,Rampart,14,8,7902,6
25-6-2019,14.4,Bloodhound,8,2,2696,18
27-4-2020,2.89,Pathfinder,7,1,3026,18
9-11-2022,13.51,Crypto,3,12,5662,8
26-4-2021,15.88,Lifeline,6,4,2309,16
26-5-2022,5.78,Crypto,13,6,5331,15
19-7-2019,21.04,Ash,7,12,4458,14
21-7-2022,26.79,Crypto,12,12,7698,2
29-8-2022,1.48,Rampart,0,0,0,5
3-6-2020,22.07,Wraith,3,6,3344,8
11-9-2022,11.22,Fuse,4,2,1977,3
6-1-2020,18.99,Lifeline,10,6,4534,3
12-4-2022,29.35,Ash,6,6,3139,9
28-3-2020,24.66,Gibraltar,5,10,4250,6
6-8-2020,2.09,Fuse,6,7,3236,20
16-3-2022,1.65,Lifeline,2,8,2710,16
5-6-2019,22.37,Bangalore,3,2,1301,10
18-1-2022,29.99,Lifeline,5,2,2747,10
17-12-2021,6.71,Wraith,9,7,5113,7
16-2-2021,17.39,Lifeline,9,4,4899,6
11-7-2021,5.15,Bangalore,6,6,3184,14
13-6-2020,6.99,Rampart,6,7,4379,15
14-9-2021,6.88,Fuse,0,0,0,3
4-3-2019,24.51,Fuse,4,2,1521,13
23-10-2022,14.27,Pathfinder,7,6,5159,5
23-8-2022,23.38,Ash,4,3,1889,18
20-11-2020,25.84,Bangalore,9,12,7867,6
5-7-2021,13.12,Gibraltar,13,6,2678,7
27-9-2019,14.18,Wraith,8,9,2139,1
16-8-2022,23.41,Lifeline,5,7,688,9
6-6-2019,12.38,Wraith,2,3,541,10
15-11-2021,16.8,Ash,4,2,1010,5
13-7-2020,18.03,Ash,6,4,1276,10
8-7-2022,23.74,Pathfinder,5,4,1929,15
11-8-2021,24.74,Bangalore,10,12,4337,12
7-5-2019,13.29,Rampart,11,6,3665,5
4-1-2021,12.74,Pathfinder,3,3,1136,3
11-9-2020,4.12,Crypto,5,2,1329,8
25-11-2019,7.65,Wraith,3,2,386,14
6-1-2021,22.0,Rampart,6,3,1454,20
5-4-2020,26.85,Rampart,5,4,1964,3
3-5-2019,3.6,Mad Maggie,5,6,2355,3
28-9-2021,22.73,Rampart,7,9,2357,10
15-2-2020,24.47,Wraith,2,3,613,10
5-5-2019,18.09,Lifeline,2,3,466,14
4-8-2021,4.53,Pathfinder,2,8,1622,5
22-9-2022,2.66,Bangalore,6,10,1133,19
12-3-2022,28.95,Bloodhound,4,5,1238,8
16-6-2021,24.05,Rampart,14,6,4001,4
21-2-2021,18.71,Fuse,7,7,2877,13
12-9-2022,28.33,Rampart,0,7,1187,6
4-10-2019,8.74,Crypto,2,3,610,1
5-9-2020,2.66,Gibraltar,4,4,1263,6
12-5-2020,29.86,Gibraltar,9,8,1496,11
2-2-2022,24.78,Rampart,10,6,2685,4
28-9-2021,29.17,Bangalore,5,10,3172,6
4-1-2021,29.73,Lifeline,12,8,2715,1
30-1-2020,25.21,Wraith,3,2,1082,5
3-6-2022,11.48,Wraith,2,4,929,5
12-6-2022,27.26,Gibraltar,2,8,1153,13
19-10-2019,16.58,Wraith,9,4,2373,18
3-11-2020,10.32,Lifeline,4,9,2278,18
22-7-2021,13.1,Rampart,5,6,1104,19
24-5-2020,20.14,Bloodhound,8,11,3621,15
14-12-2020,15.84,Caustic,7,2,2105,15
4-12-2022,26.14,Bangalore,1,1,341,17
27-11-2021,22.43,Lifeline,3,5,1955,20
29-3-2022,26.58,Bloodhound,8,5,1414,15
19-6-2020,16.17,Ash,4,6,1825,13
1-5-2019,14.35,Mad Maggie,7,6,2866,14
28-7-2021,28.62,Gibraltar,7,8,2351,8
22-11-2022,22.45,Pathfinder,1,2,458,3
19-9-2021,22.43,Ash,6,2,1629,1
13-10-2019,20.85,Caustic,6,4,2201,12
11-10-2019,17.88,Pathfinder,4,4,1764,3
2-8-2019,20.96,Bloodhound,6,4,1292,13
3-5-2022,10.25,Pathfinder,8,7,2400,11
10-5-2022,5.44,Pathfinder,6,12,3006,16
22-1-2020,4.94,Gibraltar,0,2,487,19
9-11-2021,29.41,Rampart,3,4,1288,17
9-2-2019,24.44,Bangalore,3,6,1302,18
17-1-2021,5.9,Ash,7,3,1453,2
29-4-2022,22.63,Rampart,10,9,4879,4
14-4-2022,16.63,Lifeline,8,5,1481,11
3-6-2019,20.45,Rampart,11,8,3196,11
18-12-2021,1.44,Lifeline,2,0,289,12
8-8-2021,8.56,Gibraltar,1,4,1153,11
26-9-2022,3.78,Ash,7,6,2764,1
20-9-2019,27.87,Bangalore,3,11,3234,1
2-12-2022,11.42,Rampart,5,7,3005,14
7-4-2019,2.31,Pathfinder,5,7,1598,14
23-8-2019,16.64,Crypto,11,7,4105,6
19-6-2022,9.26,Rampart,3,6,2354,2
12-4-2019,29.96,Rampart,4,2,1248,5
20-6-2019,25.64,Lifeline,7,4,2427,11
13-8-2019,25.94,Rampart,5,4,1503,1
21-11-2021,20.66,Fuse,4,4,2166,1
19-9-2019,6.34,Fuse,11,6,4001,11
21-2-2019,28.27,Bangalore,6,9,2436,17
8-3-2020,15.07,Mad Maggie,5,8,2482,7
4-10-2020,15.8,Pathfinder,1,1,490,12
8-3-2020,3.5,Lifeline,10,6,4453,20
27-11-2020,11.16,Lifeline,4,8,2539,18
13-11-2022,13.33,Pathfinder,4,6,1428,1
10-7-2020,10.9,Gibraltar,5,6,2682,16
17-5-2022,14.64,Crypto,7,11,4201,1
8-11-2021,27.34,Fuse,9,0,1457,20
28-7-2020,12.89,Caustic,2,2,1055,9
24-11-2019,4.02,Bloodhound,3,7,2750,10
10-3-2022,1.19,Bangalore,10,9,3853,9
4-7-2022,29.02,Lifeline,5,10,4285,1
9-3-2022,25.99,Gibraltar,6,5,2361,8
1-3-2019,8.42,Ash,14,6,3532,9
9-3-2020,27.52,Lifeline,2,0,314,2
7-5-2021,3.84,Lifeline,1,3,1059,7
29-4-2021,24.54,Caustic,3,4,2049,17
6-5-2021,23.04,Bloodhound,11,5,3685,18
20-8-2022,11.19,Crypto,4,6,2375,10
16-7-2020,6.54,Gibraltar,6,7,2513,17
29-8-2022,13.32,Ash,11,6,2929,5
8-2-2022,17.97,Fuse,7,2,2263,10
19-8-2020,10.19,Gibraltar,5,3,2401,20
16-8-2022,27.53,Ash,8,5,3799,6
20-5-2019,17.38,Wraith,6,6,3219,19
28-9-2020,0.41,Bangalore,5,5,2176,18
9-11-2019,15.83,Fuse,7,8,3598,18
16-11-2022,6.28,Pathfinder,15,6,3552,1
13-12-2019,1.67,Lifeline,3,0,846,5
9-5-2022,2.57,Rampart,5,4,2355,18
27-2-2020,19.47,Lifeline,3,8,2457,1
25-7-2020,20.47,Mad Maggie,4,3,2100,2
29-1-2021,1.73,Lifeline,4,5,2632,11
17-9-2021,19.22,Rampart,11,9,5592,3
13-2-2019,24.08,Gibraltar,10,8,3019,5
23-3-2021,11.9,Crypto,4,1,1187,5
28-7-2020,18.33,Mad Maggie,7,1,1532,14
4-12-2019,12.7,Lifeline,2,2,786,14
12-3-2021,21.44,Gibraltar,10,6,4271,2
30-8-2021,13.84,Lifeline,7,5,3839,8
28-3-2020,8.23,Ash,5,7,3328,7
23-5-2020,14.92,Mad Maggie,9,14,7363,14
6-1-2022,20.0,Gibraltar,6,7,2428,19
28-3-2021,10.32,Gibraltar,1,2,775,17
15-11-2022,15.6,Wraith,5,3,1522,2
20-2-2022,8.24,Gibraltar,9,5,2460,15
12-11-2022,17.33,Fuse,4,6,2304,14
21-1-2020,16.92,Bloodhound,7,7,3097,5
15-9-2019,16.38,Rampart,14,6,4190,6
8-10-2019,7.12,Ash,8,0,1965,1
14-11-2022,27.77,Ash,7,5,2765,5
31-10-2022,22.27,Caustic,4,3,1821,13
6-9-2021,10.55,Crypto,4,3,2093,3
19-7-2022,16.84,Lifeline,6,6,2754,16
2-2-2020,16.07,Bloodhound,9,10,5029,5
30-3-2021,3.84,Caustic,8,8,4534,14
3-9-2022,20.74,Wraith,2,3,1243,4
1-6-2019,14.1,Wraith,6,1,1921,15
9-1-2022,17.92,Pathfinder,2,2,1282,11
23-6-2019,13.66,Mad Maggie,8,3,3811,5
21-8-2020,9.86,Bangalore,8,4,4014,14
29-9-2022,7.93,Crypto,8,6,4682,20
18-3-2019,10.32,Fuse,7,9,4144,9
15-11-2022,22.03,Gibraltar,2,1,973,4
29-8-2021,19.26,Mad Maggie,3,3,1268,9
3-2-2020,6.6,Gibraltar,3,3,1931,15
11-6-2020,22.49,Caustic,5,5,3116,9
6-7-2022,2.63,Bangalore,7,4,2176,16
5-3-2022,15.79,Gibraltar,6,5,2981,13
24-12-2022,8.02,Bloodhound,11,8,5860,7
18-2-2021,1.89,Crypto,2,2,937,11
6-11-2021,21.24,Pathfinder,1,2,938,2
1-6-2020,12.3,Gibraltar,4,5,2862,20
31-7-2020,27.29,Gibraltar,5,13,5034,12
25-8-2021,1.3,Pathfinder,6,5,2896,11
6-8-2021,15.48,Lifeline,6,6,4058,6
11-4-2021,1.61,Pathfinder,9,11,4889,6
16-9-2022,17.32,Rampart,2,1,691,8
2-6-2019,19.78,Lifeline,4,8,2648,11
21-3-2020,27.05,Lifeline,3,6,2321,20
18-1-2021,0.16,Gibraltar,3,9,4103,3
13-10-2022,17.07,Gibraltar,6,11,5777,16
13-5-2022,22.91,Bloodhound,13,12,6901,4
1-5-2019,14.96,Bloodhound,9,9,6194,19
24-6-2022,8.23,Bloodhound,8,0,2561,4
23-5-2022,9.3,Crypto,7,2,2657,13
12-9-2022,11.98,Bloodhound,2,3,1559,12
29-5-2021,27.57,Pathfinder,3,7,3131,20
20-6-2021,11.01,Gibraltar,6,6,4352,11
24-5-2021,19.86,Rampart,5,11,4588,2
21-2-2020,9.56,Lifeline,8,9,4655,3
14-2-2022,17.61,Ash,8,6,3492,4
22-5-2022,23.23,Bangalore,12,1,3180,10
4-1-2021,9.92,Bloodhound,5,3,2753,14
16-7-2022,17.97,Bangalore,5,9,3523,7
10-10-2019,28.48,Bangalore,12,7,4701,2
31-12-2020,12.5,Caustic,9,9,4852,10
17-8-2019,27.11,Bloodhound,8,9,4439,6
25-2-2022,22.7,Rampart,6,2,2716,8
14-11-2020,14.05,Lifeline,4,4,2489,16
27-10-2021,5.52,Bangalore,5,3,2264,20
15-3-2022,9.34,Lifeline,4,4,3080,15
26-5-2020,6.39,Bloodhound,9,5,3374,1
18-7-2020,6.97,Wraith,9,10,6964,19
6-4-2019,2.95,Crypto,6,10,5797,13
31-5-2019,3.49,Ash,4,0,1439,16
12-11-2021,2.94,Bloodhound,3,7,2864,17
13-8-2021,17.55,Gibraltar,3,4,2012,4
9-12-2020,0.76,Bloodhound,4,3,1854,4
11-11-2021,20.81,Caustic,6,4,3045,6
25-8-2021,19.59,Fuse,7,8,3716,20
20-7-2022,1.09,Pathfinder,8,8,5659,17
30-4-2021,3.51,Caustic,4,1,1252,3
28-10-2019,18.84,Bloodhound,3,1,1240,7
27-2-2020,10.17,Ash,6,7,3519,17
5-3-2020,3.69,Fuse,9,4,3978,19
3-11-2020,4.85,Ash,12,11,8703,11
30-5-2021,3.76,Bangalore,6,11,4394,18
18-5-2022,9.43,Lifeline,11,7,5275,16
24-7-2020,3.8,Wraith,0,1,233,8
12-11-2022,21.77,Fuse,3,3,2097,16
12-8-2022,6.4,Ash,3,5,2291,7
9-5-2021,21.67,Pathfinder,4,6,3530,4
9-9-2022,16.39,Ash,4,4,2086,12
25-5-2019,10.02,Wraith,5,5,3562,9
23-12-2021,25.16,Bloodhound,8,6,3990,6
15-9-2022,16.79,Mad Maggie,0,3,980,5
19-1-2021,10.14,Fuse,4,1,2062,6
11-1-2020,1.88,Crypto,2,5,876,10
8-4-2022,12.82,Lifeline,3,10,1673,3
1-9-2019,12.74,Caustic,12,8,2151,19
28-7-2020,15.95,Gibraltar,9,5,1165,13
5-3-2020,24.93,Ash,9,10,1860,7
10-12-2021,12.65,Bloodhound,7,0,487,15
24-3-2020,5.34,Ash,1,3,553,7
17-6-2019,11.05,Mad Maggie,2,4,948,4
2-8-2022,0.15,Crypto,3,3,442,3
18-11-2019,17.06,Wraith,8,7,3070,19
17-11-2020,26.37,Caustic,10,7,3444,18
29-8-2019,7.29,Rampart,7,10,1116,1
1-6-2022,1.34,Wraith,0,0,0,13
26-2-2021,20.0,Caustic,4,3,490,8
18-3-2021,10.58,Gibraltar,7,3,1379,1
16-12-2020,14.74,Rampart,9,3,987,3
4-10-2020,7.01,Ash,8,6,1111,7
16-7-2019,1.8,Fuse,6,6,1397,13
21-2-2021,22.21,Bloodhound,7,14,1752,18
7-12-2020,4.29,Bloodhound,1,8,1237,4
8-3-2020,2.22,Rampart,8,1,1049,12
17-5-2021,11.57,Bloodhound,3,11,2477,12
17-7-2021,25.25,Lifeline,8,7,1718,12
26-9-2021,14.82,Fuse,8,11,2409,18
10-8-2019,11.03,Pathfinder,5,8,996,4
21-12-2020,13.14,Gibraltar,8,7,2283,16
9-2-2021,15.95,Mad Maggie,5,2,1585,9
3-11-2021,2.98,Wraith,1,2,730,5
4-7-2021,27.06,Pathfinder,3,5,1601,20
12-4-2022,26.2,Gibraltar,8,6,1829,19
23-11-2019,10.38,Bloodhound,6,9,2315,17
23-2-2020,12.54,Fuse,5,10,2075,6
8-4-2022,19.87,Ash,9,7,3349,16
24-8-2022,21.87,Caustic,3,10,2379,1
23-8-2020,5.02,Bangalore,2,2,653,16
8-5-2021,14.02,Rampart,10,6,1483,6
23-4-2020,20.06,Caustic,9,5,3050,7
9-12-2021,26.64,Ash,11,6,2944,8
12-5-2022,11.54,Ash,11,7,2891,5
19-11-2022,18.6,Ash,8,8,2803,16
9-9-2021,1.09,Bangalore,0,0,0,11
25-1-2022,28.59,Rampart,1,2,516,16
16-5-2020,17.59,Caustic,4,9,1263,17
29-8-2022,1.33,Bangalore,3,3,1110,5
8-3-2022,10.18,Gibraltar,5,4,923,13
19-9-2021,26.63,Bloodhound,10,12,3649,5
28-6-2022,22.65,Wraith,11,11,4469,12
1-5-2020,28.92,Bangalore,3,6,1996,16
4-11-2020,14.91,Ash,3,2,700,12
24-11-2022,15.75,Caustic,4,9,2505,16
18-9-2021,3.6,Gibraltar,9,8,3205,7
7-7-2022,23.19,Ash,4,8,1277,8
31-8-2022,3.97,Fuse,8,5,1452,5
3-2-2021,19.42,Pathfinder,9,15,5491,3
21-5-2019,0.5,Ash,3,8,2259,17
20-10-2019,15.51,Fuse,1,5,1154,4
10-6-2020,22.71,Bloodhound,9,7,3113,8
26-10-2020,29.61,Crypto,3,6,2135,6
27-9-2020,23.89,Wraith,10,8,3087,20
5-10-2021,11.97,Caustic,10,7,4152,16
1-2-2021,15.81,Fuse,8,9,2862,10
24-9-2021,21.06,Rampart,1,4,1231,18
4-8-2019,14.14,Bangalore,3,4,827,14
21-7-2020,10.43,Bangalore,2,4,1315,17
20-6-2021,10.36,Caustic,6,3,1521,16
12-12-2021,0.01,Rampart,6,5,2390,11
24-3-2019,14.5,Fuse,9,13,5213,12
1-12-2020,2.79,Caustic,6,9,2326,14
21-4-2020,3.54,Fuse,6,0,1152,7
16-11-2020,29.2,Wraith,1,4,1023,2
1-7-2019,24.16,Ash,7,6,3092,11
27-7-2022,19.28,Lifeline,3,7,2256,3
17-8-2020,7.89,Wraith,5,12,3606,12
17-9-2020,19.48,Caustic,7,10,2586,10
30-3-2021,1.51,Bloodhound,9,7,3306,11
27-1-2021,27.29,Lifeline,1,6,1174,4
3-7-2021,12.78,Crypto,3,2,1146,7
12-4-2021,9.86,Lifeline,5,6,2754,3
4-10-2021,18.11,Bangalore,3,3,769,13
26-3-2022,11.45,Bloodhound,11,6,4838,16
16-2-2020,6.26,Bloodhound,7,5,3132,20
6-11-2021,13.12,Ash,8,8,2852,15
17-12-2022,20.15,Mad Maggie,0,1,250,18
29-5-2020,27.88,Caustic,7,5,1855,8
27-8-2022,0.36,Crypto,8,4,2595,16
19-2-2021,12.92,Gibraltar,4,3,1334,2
28-10-2022,6.27,Rampart,4,6,2674,15
4-7-2021,0.81,Gibraltar,9,7,3672,4
22-7-2020,9.22,Pathfinder,8,10,4521,11
13-9-2022,10.64,Mad Maggie,9,0,1797,2
7-5-2019,11.44,Crypto,1,3,713,9
22-3-2022,21.55,Lifeline,5,2,1133,12
25-8-2022,17.39,Bloodhound,9,3,3319,7
23-2-2021,3.31,Lifeline,5,6,1874,2
5-7-2021,29.29,Caustic,8,8,2944,14
24-4-2019,19.64,Crypto,9,6,4078,2
18-1-2020,2.73,Gibraltar,5,1,1653,3
29-1-2022,28.79,Caustic,5,6,2743,2
13-4-2020,21.84,Pathfinder,3,4,1463,11
30-12-2022,24.37,Pathfinder,8,4,3628,12
29-9-2022,28.98,Gibraltar,4,7,2542,13
4-4-2022,0.82,Pathfinder,13,10,4875,15
16-1-2021,0.45,Ash,7,8,2414,19
16-12-2021,3.66,Bangalore,5,4,2659,2
14-2-2019,9.39,Mad Maggie,1,3,764,2
13-4-2020,0.22,Rampart,4,3,1649,4
17-8-2021,5.21,Lifeline,10,5,3826,13
12-1-2020,22.09,Bangalore,6,6,2298,9
10-4-2020,0.48,Bloodhound,10,10,3588,19
1-5-2021,22.14,Ash,12,10,4383,3
11-5-2021,25.88,Wraith,3,1,1229,12
1-5-2020,21.63,Rampart,4,2,1613,7
7-7-2020,5.12,Bangalore,4,4,1940,5
7-6-2022,5.73,Lifeline,7,11,5092,6
20-2-2022,12.04,Wraith,5,4,1921,18
28-10-2021,1.26,Ash,10,5,2974,6
4-4-2022,28.12,Bangalore,7,14,3972,20
28-5-2020,28.11,Caustic,1,6,1850,19
29-8-2022,16.08,Ash,3,4,1410,11
24-5-2019,2.83,Gibraltar,3,6,1700,8
16-7-2020,1.5,Ash,4,8,2164,1
28-12-2020,10.67,Pathfinder,4,4,2069,3
19-11-2021,8.13,Mad Maggie,7,11,3643,5
18-5-2019,8.81,Gibraltar,6,7,3590,14
25-11-2020,27.74,Bangalore,4,3,2049,5
1-7-2021,18.19,Rampart,2,5,2093,3
15-3-2019,29.59,Pathfinder,3,3,1286,18
13-6-2019,7.46,Pathfinder,8,3,2430,9
25-3-2021,12.23,Rampart,10,4,3556,13
25-4-2019,15.01,Ash,5,10,3681,20
6-9-2021,0.29,Bangalore,10,6,4128,18
8-4-2022,29.45,Wraith,1,5,1684,2
21-5-2019,26.31,Rampart,3,4,1490,5
11-5-2021,11.86,Wraith,3,3,1546,16
22-10-2020,5.17,Gibraltar,4,4,2005,6
23-11-2019,28.6,Caustic,6,6,3345,2
14-4-2022,29.99,Bangalore,6,6,2939,10
17-2-2022,16.17,Ash,7,7,3596,2
21-4-2019,11.71,Gibraltar,1,4,1555,19
12-4-2020,24.34,Lifeline,1,9,2110,14
15-9-2020,10.64,Caustic,2,6,2603,11
25-9-2020,21.02,Fuse,5,5,2948,6
11-3-2019,21.56,Crypto,5,7,2668,13
30-4-2019,3.27,Ash,7,6,3481,3
17-2-2022,5.81,Ash,6,8,4930,14
13-12-2021,16.74,Wraith,1,2,846,7
8-8-2019,4.96,Ash,1,4,1285,13
6-1-2022,9.41,Crypto,8,3,3705,18
6-11-2021,25.89,Mad Maggie,9,5,3413,4
8-9-2020,7.39,Gibraltar,5,6,3460,19
16-11-2020,6.43,Wraith,9,8,3640,6
3-12-2022,14.56,Ash,12,10,7182,11
28-9-2021,4.04,Rampart,5,0,1322,11
28-11-2019,25.22,Mad Maggie,6,6,4101,7
11-2-2019,10.86,Pathfinder,2,7,2820,5
3-8-2020,16.84,Rampart,7,3,2808,15
14-6-2022,17.04,Rampart,9,9,5386,20
4-12-2019,12.57,Gibraltar,13,6,6942,19
14-12-2021,8.88,Bloodhound,11,7,6443,17
19-2-2019,17.65,Bangalore,1,0,397,15
23-2-2020,20.97,Caustic,6,5,3408,13
19-7-2019,7.29,Mad Maggie,2,5,2576,2
29-1-2022,1.94,Bangalore,3,3,2249,10
19-3-2020,3.51,Lifeline,6,4,3676,4
24-3-2019,3.29,Ash,6,8,3641,1
28-7-2019,1.39,Rampart,8,7,3479,7
12-11-2022,25.58,Fuse,0,1,366,12
7-6-2019,5.95,Bloodhound,2,3,1293,17
19-11-2019,11.26,Bangalore,2,4,1741,18
19-7-2021,23.28,Wraith,5,3,1833,8
16-10-2021,3.65,Gibraltar,4,6,3789,16
18-11-2019,22.39,Mad Maggie,7,6,4785,2
9-12-2022,10.53,Caustic,7,7,5228,20
25-6-2022,28.92,Fuse,0,4,1403,3
1-3-2020,8.48,Fuse,3,2,1899,1
3-8-2020,14.25,Bloodhound,9,4,3432,5
25-4-2020,25.6,Caustic,5,3,2269,5
4-12-2020,19.12,Lifeline,4,5,2784,10
20-8-2022,8.37,Pathfinder,5,7,3444,9
5-1-2020,14.67,Pathfinder,11,7,6967,5
15-12-2022,13.1,Mad Maggie,3,1,1411,18
26-5-2022,21.65,Ash,5,3,2823,16
18-10-2021,18.3,Pathfinder,10,5,3670,8
22-5-2022,10.69,Bangalore,3,3,2091,7
12-8-2019,8.07,Caustic,13,4,5167,15
30-6-2020,22.4,Crypto,6,7,3157,12
20-7-2021,18.18,Bangalore,6,14,6905,15
12-12-2022,20.76,Lifeline,8,2,3993,5
25-12-2022,13.32,Gibraltar,1,7,1960,3
13-11-2019,20.14,Ash,6,2,3299,15
24-5-2021,8.41,Bangalore,9,6,4331,20
6-4-2019,11.78,Caustic,4,9,4932,9
21-8-2020,14.16,Rampart,6,7,3861,6
6-12-2019,0.95,Mad Maggie,10,8,5762,13
31-7-2019,18.36,Bangalore,1,0,416,12
26-4-2019,1.44,Pathfinder,5,4,3680,20
2-4-2021,11.47,Mad Maggie,3,5,2843,12
13-4-2020,21.42,Mad Maggie,4,3,2751,12
22-12-2020,12.41,Crypto,7,5,3829,10
14-12-2019,26.34,Pathfinder,6,5,2979,20
4-4-2019,23.49,Pathfinder,8,7,2341,11
15-3-2019,18.64,Caustic,0,5,761,11
21-2-2019,12.86,Pathfinder,2,6,421,6
1-11-2021,25.32,Rampart,4,8,2422,8
1-3-2020,28.14,Rampart,7,8,1306,1
19-1-2022,29.57,Pathfinder,8,6,2294,14
19-9-2022,18.21,Pathfinder,7,6,2118,13
2-1-2022,15.2,Bangalore,8,9,2278,9
1-1-2022,27.59,Bloodhound,3,3,1238,4
23-8-2022,4.97,Rampart,5,4,575,5
21-8-2020,3.03,Crypto,6,3,1021,12
3-12-2022,20.18,Crypto,3,3,1264,2
26-8-2022,10.22,Rampart,11,10,1853,10
22-1-2020,4.72,Crypto,11,8,2536,18
10-12-2022,24.54,Mad Maggie,6,15,2180,3
19-4-2022,20.62,Gibraltar,1,1,390,9
13-12-2020,16.07,Fuse,5,2,1107,17
7-4-2022,13.71,Fuse,3,2,796,19
7-2-2021,25.29,Pathfinder,5,3,1748,2
8-11-2020,23.86,Fuse,5,8,1906,15
19-8-2019,18.51,Bloodhound,5,9,2604,7
24-6-2022,15.36,Crypto,6,11,1660,20
27-2-2019,28.72,Bloodhound,6,1,1558,8
24-4-2022,10.96,Crypto,1,7,910,10
16-7-2022,2.64,Ash,2,6,1492,10
6-9-2022,25.96,Caustic,5,6,2061,7
18-3-2022,9.88,Ash,6,7,2276,10
20-10-2021,18.18,Mad Maggie,10,7,2527,9
29-4-2020,7.32,Caustic,7,6,2710,4
10-3-2021,0.31,Mad Maggie,2,5,930,12
21-12-2021,25.7,Pathfinder,8,3,2485,4
31-3-2022,15.26,Bloodhound,2,5,1146,3
15-9-2020,26.63,Wraith,9,5,2022,9
16-9-2019,10.89,Bloodhound,4,4,1809,4
9-3-2019,13.52,Fuse,7,6,2402,10
17-8-2019,28.93,Rampart,9,8,3623,4
6-5-2021,18.65,Caustic,3,1,775,2
21-11-2020,25.93,Ash,3,3,1183,16
4-11-2022,7.14,Ash,7,4,2382,5
28-4-2020,26.36,Bangalore,4,6,2427,2
11-3-2020,12.58,Fuse,4,4,1758,7
31-12-2019,6.31,Caustic,8,7,1595,4
20-10-2020,8.83,Pathfinder,6,11,3555,17
26-8-2022,17.38,Fuse,0,0,0,1
5-12-2019,1.11,Caustic,1,4,1102,8
25-2-2019,10.28,Bloodhound,6,7,2354,19
1-4-2020,26.05,Rampart,10,4,1842,5
8-6-2021,21.59,Caustic,5,10,3305,1
24-7-2019,18.46,Lifeline,6,7,2374,2
11-2-2019,3.98,Bloodhound,6,8,2180,20
14-5-2021,8.48,Fuse,0,7,1568,9
9-7-2022,16.63,Crypto,1,2,771,11
12-12-2021,8.5,Lifeline,2,3,1003,14
2-6-2021,27.15,Fuse,9,10,4142,16
2-7-2022,15.26,Lifeline,8,5,2274,3
27-9-2019,28.76,Wraith,7,8,4020,13
22-4-2021,0.15,Bangalore,7,11,3447,19
4-10-2022,1.58,Bangalore,0,1,135,4
7-8-2021,24.45,Wraith,8,2,1645,17
29-8-2022,11.83,Mad Maggie,2,2,788,9
14-3-2021,5.43,Mad Maggie,3,6,1714,14
19-6-2022,20.18,Gibraltar,4,13,3116,14
6-6-2020,10.14,Bloodhound,11,5,2570,8
10-1-2020,2.5,Bloodhound,6,9,3044,13
7-8-2019,22.82,Wraith,6,4,2425,4
6-5-2021,27.82,Bangalore,9,6,2561,10
20-10-2021,22.95,Fuse,3,5,2092,14
18-10-2020,21.22,Crypto,7,3,1539,17
20-11-2019,10.52,Caustic,12,9,3856,19
17-8-2022,1.76,Ash,5,7,2113,4
17-1-2022,2.43,Ash,6,6,2400,3
26-3-2021,21.0,Crypto,1,3,603,16
22-2-2019,5.27,Bloodhound,1,8,1919,8
1-10-2021,27.71,Ash,8,8,3937,4
5-12-2022,29.42,Bangalore,5,6,2395,13
20-5-2022,15.93,Mad Maggie,4,5,2353,3
20-2-2019,23.21,Ash,9,7,2676,13
23-12-2019,22.01,Lifeline,6,8,3171,4
10-8-2021,4.85,Bloodhound,6,2,1753,2
11-5-2022,26.0,Bloodhound,7,11,3440,2
2-4-2021,16.19,Bloodhound,6,2,2452,5
30-1-2021,29.42,Pathfinder,10,6,2466,17
4-7-2022,10.46,Pathfinder,10,6,4597,14
26-12-2019,2.07,Wraith,6,5,2971,3
16-2-2021,3.74,Gibraltar,8,6,1985,17
21-10-2020,3.18,Pathfinder,1,7,1746,9
13-10-2019,29.35,Mad Maggie,2,2,849,17
19-10-2019,27.36,Rampart,2,6,2265,9
22-12-2021,20.41,Crypto,3,4,1927,2
19-5-2021,12.19,Caustic,5,5,2611,7
25-10-2022,21.88,Fuse,6,9,4370,8
19-9-2019,6.09,Gibraltar,6,6,3386,6
10-3-2021,8.35,Ash,1,0,297,6
5-7-2019,1.93,Caustic,4,5,1714,5
30-8-2020,16.02,Ash,2,6,2127,1
4-7-2020,21.21,Mad Maggie,6,6,3142,11
16-3-2019,28.61,Pathfinder,10,11,3659,2
20-3-2021,16.54,Rampart,12,8,4271,7
3-8-2020,2.12,Wraith,7,7,2887,11
3-1-2022,11.9,Lifeline,4,0,960,11
14-2-2021,13.2,Lifeline,9,2,3445,6
30-12-2022,9.22,Rampart,2,6,2068,14
16-2-2021,11.82,Gibraltar,6,3,2856,4
23-2-2021,17.9,Mad Maggie,6,4,2808,11
13-10-2020,25.18,Lifeline,8,14,4769,13
15-6-2020,13.8,Gibraltar,7,7,4084,1
15-1-2022,1.39,Bloodhound,0,0,0,12
1-6-2021,29.53,Ash,3,6,1686,7
30-7-2020,16.92,Gibraltar,2,4,1208,3
3-8-2021,14.77,Wraith,7,5,3062,4
10-10-2022,29.12,Gibraltar,7,9,4994,9
19-4-2022,13.2,Caustic,6,6,2752,6
25-1-2022,14.09,Lifeline,6,13,6007,20
11-3-2019,26.36,Crypto,9,1,1824,14
12-5-2021,14.84,Ash,3,3,1109,9
25-7-2021,5.74,Lifeline,2,5,1383,14
18-12-2019,23.75,Gibraltar,11,3,2594,15
30-3-2021,11.25,Fuse,7,8,4771,3
8-2-2020,20.96,Wraith,11,5,5431,1
11-4-2021,10.03,Ash,6,6,3674,2
25-9-2020,18.55,Ash,2,3,1475,2
1-6-2020,28.93,Caustic,3,2,1259,7
2-11-2020,8.32,Bloodhound,3,3,1968,18
9-2-2020,21.99,Mad Maggie,5,4,2900,6
28-9-2020,24.78,Crypto,7,7,2851,4
22-12-2019,6.73,Gibraltar,11,5,3455,15
8-6-2022,19.07,Ash,13,7,5625,11
22-7-2019,14.6,Rampart,7,0,2448,6
22-6-2019,29.92,Bloodhound,7,5,3853,14
31-5-2021,13.0,Lifeline,2,7,1787,3
26-5-2021,13.34,Bloodhound,3,8,2411,19
17-9-2021,23.8,Ash,4,5,1967,14
17-1-2021,2.59,Caustic,8,14,5458,5
4-11-2020,17.15,Wraith,11,11,5363,18
9-7-2020,4.67,Bloodhound,2,0,469,5
14-10-2022,7.18,Caustic,3,1,784,10
23-6-2019,12.64,Ash,5,2,2319,11
20-10-2022,10.16,Bloodhound,4,3,2039,5
23-3-2022,1.89,Pathfinder,8,8,5459,10
29-7-2019,4.8,Fuse,7,9,4275,10
23-10-2022,4.66,Rampart,8,6,2868,9
9-6-2021,14.87,Pathfinder,3,1,1238,3
6-10-2020,3.67,Gibraltar,5,4,2944,3
2-12-2020,29.15,Gibraltar,3,4,1524,16
5-8-2021,20.15,Mad Maggie,7,7,4953,6
17-11-2021,1.01,Mad Maggie,7,7,4146,20
28-6-2022,4.71,Wraith,5,5,3498,7
5-10-2022,2.39,Bangalore,12,11,7919,15
19-10-2020,14.44,Fuse,2,1,1023,14
6-12-2022,11.76,Crypto,3,6,2965,10
4-8-2021,17.32,Gibraltar,8,3,2469,6
24-12-2019,27.76,Crypto,8,5,2998,17
18-3-2021,7.31,Lifeline,9,6,4354,18
2-5-2022,18.02,Wraith,6,14,5138,7
18-2-2019,14.21,Lifeline,8,8,3979,16
22-11-2020,24.37,Caustic,1,5,2022,17
13-8-2019,5.71,Bangalore,1,4,1185,19
25-6-2022,10.36,Ash,3,2,1501,18
13-12-2022,9.42,Crypto,7,3,2462,2
29-12-2020,13.06,Crypto,4,9,3366,6
5-1-2021,28.3,Bangalore,7,8,4256,5
23-3-2020,2.56,Ash,12,10,8258,10
23-10-2019,24.43,Bangalore,3,4,1825,12
28-6-2019,8.85,Ash,4,4,1820,16
26-4-2020,7.95,Rampart,7,5,2779,13
19-12-2020,10.11,Rampart,5,3,3013,16
5-9-2020,8.17,Fuse,4,7,3737,5
9-5-2021,17.44,Pathfinder,5,7,4354,17
14-5-2022,27.42,Wraith,9,9,6537,16
8-2-2021,23.72,Gibraltar,2,4,2061,1
12-2-2021,15.76,Crypto,4,1,1953,20
21-4-2021,21.23,Bangalore,5,5,2567,6
8-4-2020,9.76,Ash,3,3,1568,17
7-5-2022,18.46,Bloodhound,5,7,3990,3
1-5-2021,24.96,Rampart,5,6,2786,2
7-1-2020,7.27,Lifeline,9,7,4647,4
18-6-2020,28.35,Pathfinder,4,1,1366,6
25-5-2020,17.16,Gibraltar,4,5,3290,11
16-10-2022,20.91,Pathfinder,3,2,1388,6
23-1-2022,28.92,Gibraltar,12,5,6507,17
11-8-2022,20.72,Mad Maggie,5,6,3733,2
26-3-2021,16.15,Bloodhound,11,6,5028,3
2-4-2020,29.51,Crypto,12,8,7340,10
3-3-2020,29.78,Bloodhound,1,6,2310,19
17-12-2020,23.9,Gibraltar,5,3,2125,9
8-8-2020,10.69,Fuse,2,5,2498,5
10-2-2020,6.81,Ash,5,4,2610,1
24-2-2020,17.51,Lifeline,4,11,5779,4
20-2-2022,16.32,Crypto,5,6,3056,10
20-4-2020,26.93,Rampart,14,7,8124,14
25-9-2022,2.84,Caustic,3,0,1066,7
2-1-2022,13.48,Caustic,7,2,3211,11
22-8-2020,12.49,Rampart,3,4,1876,1
16-6-2021,0.93,Mad Maggie,8,3,2851,14
7-10-2020,0.6,Ash,7,4,2810,18
17-11-2022,8.19,Bloodhound,7,9,4207,9
23-10-2022,11.33,Caustic,9,13,8281,17
12-6-2020,11.19,Rampart,1,2,983,4
10-2-2022,3.44,Rampart,1,5,1691,8
6-11-2019,23.23,Mad Maggie,3,4,2619,18
24-1-2022,5.02,Bloodhound,3,4,1445,17
13-4-2021,26.85,Ash,6,8,1512,15
3-4-2022,11.08,Pathfinder,8,5,825,15
16-2-2020,19.91,Fuse,7,7,2316,15
2-1-2021,29.28,Pathfinder,2,4,588,15
18-9-2022,13.06,Rampart,4,2,1053,19
3-12-2019,6.08,Crypto,4,11,1314,8
25-10-2019,5.76,Bloodhound,3,3,466,17
31-8-2022,23.66,Ash,7,7,1714,7
2-1-2022,20.14,Ash,11,9,1730,10
16-1-2020,19.39,Gibraltar,13,8,3192,20
9-7-2020,22.98,Mad Maggie,0,2,279,5
19-4-2019,9.98,Gibraltar,1,4,607,7
28-12-2021,29.65,Lifeline,3,7,1987,8
1-3-2019,9.41,Crypto,7,7,1124,1
3-12-2021,29.19,Fuse,9,5,2337,9
9-10-2020,14.13,Pathfinder,5,9,1444,11
3-12-2020,15.33,Fuse,9,7,1317,3
20-5-2020,1.26,Rampart,3,2,692,10
13-12-2020,16.06,Crypto,1,3,758,12
3-2-2021,24.45,Bangalore,3,5,726,1
11-1-2022,10.03,Caustic,12,3,2148,14
22-2-2020,27.7,Rampart,6,4,2237,8
16-2-2019,17.59,Gibraltar,6,6,2425,18
14-3-2020,10.09,Crypto,9,6,2894,16
22-11-2021,23.0,Pathfinder,3,1,694,11
3-1-2020,22.44,Mad Maggie,5,2,1191,14
9-5-2021,16.85,Wraith,3,3,753,15
15-12-2021,2.35,Lifeline,3,4,745,10
21-4-2019,20.33,Caustic,4,5,1274,18
28-10-2019,12.58,Fuse,5,7,1829,3
11-12-2022,12.01,Pathfinder,14,9,3922,1
18-10-2019,4.03,Fuse,6,0,1577,14
15-10-2022,0.34,Caustic,10,1,1499,11
21-4-2022,7.15,Bangalore,5,3,1367,10
14-9-2021,3.94,Caustic,8,6,2894,16
31-7-2020,27.88,Bangalore,6,6,1293,20
21-2-2020,16.25,Mad Maggie,10,7,3315,6
27-1-2020,26.74,Caustic,7,11,2391,16
14-11-2020,8.89,Lifeline,5,0,1041,15
8-12-2019,26.0,Pathfinder,3,2,983,3
22-6-2022,21.9,Wraith,2,3,1141,18
17-10-2020,27.89,Bangalore,4,11,2140,3
11-2-2020,22.38,Mad Maggie,12,12,2681,1
5-12-2019,25.63,Rampart,13,14,4945,8
20-3-2022,18.68,Pathfinder,7,8,3473,7
4-9-2020,6.98,Bangalore,5,2,1316,1
26-11-2021,24.21,Caustic,2,2,471,7
12-7-2022,1.47,Bangalore,8,4,1483,15
22-3-2019,0.45,Wraith,6,4,1756,20
15-8-2021,21.37,Caustic,6,7,1545,10
12-4-2019,12.67,Lifeline,5,9,2005,11
20-9-2022,11.32,Caustic,6,7,2724,3
17-8-2019,0.98,Bangalore,2,7,1285,3
11-2-2021,17.95,Gibraltar,7,1,2210,11
27-10-2022,0.95,Pathfinder,11,10,2310,14
19-11-2019,23.52,Gibraltar,8,5,2024,19
19-10-2022,25.99,Bloodhound,7,8,3214,4
16-1-2021,15.46,Caustic,5,7,2130,1
25-9-2020,13.84,Lifeline,10,11,2425,12
30-4-2021,15.34,Ash,5,2,1309,19
11-7-2021,1.96,Pathfinder,2,1,563,16
16-12-2020,28.16,Lifeline,8,4,2947,5
3-8-2020,17.17,Lifeline,8,6,1700,5
3-10-2019,20.64,Lifeline,6,4,1574,10
27-4-2019,22.41,Ash,5,5,1238,14
22-6-2021,15.51,Gibraltar,9,8,2521,3
9-5-2019,15.11,Wraith,0,0,0,17
21-12-2020,20.57,Crypto,1,2,490,5
3-10-2022,4.26,Bangalore,4,9,3257,16
15-3-2019,8.61,Fuse,6,7,2333,3
12-3-2019,16.46,Pathfinder,4,5,2522,20
8-2-2022,20.67,Lifeline,5,7,1732,18
2-4-2020,13.86,Bangalore,6,6,3185,5
19-10-2019,20.54,Caustic,3,5,1440,18
21-7-2022,15.6,Ash,11,5,3297,14
21-2-2020,19.71,Wraith,5,4,1677,3
13-9-2021,13.99,Mad Maggie,11,7,3996,14
29-9-2022,13.19,Caustic,6,10,2713,2
20-2-2020,24.22,Bangalore,9,13,5242,12
9-11-2021,14.7,Ash,6,7,2161,19
29-4-2021,18.88,Ash,0,1,246,15
19-9-2020,28.15,Fuse,3,6,2440,15
22-5-2020,2.78,Mad Maggie,5,2,1251,12
10-9-2021,2.47,Lifeline,10,5,3198,4
19-9-2020,1.43,Ash,9,11,3650,18
2-7-2021,2.91,Fuse,7,6,3744,18
25-10-2019,21.16,Mad Maggie,6,7,3936,8
22-2-2019,7.88,Lifeline,0,4,1088,19
15-2-2022,16.37,Mad Maggie,3,1,927,9
18-6-2020,22.83,Rampart,10,4,3871,11
24-9-2022,29.21,Caustic,5,5,2395,19
3-10-2021,10.38,Rampart,4,10,3386,7
26-10-2022,0.18,Gibraltar,5,7,1879,1
20-11-2019,6.52,Crypto,7,6,4025,10
4-5-2021,16.57,Bangalore,0,3,543,11
22-7-2022,12.93,Caustic,6,3,2639,1
3-6-2019,0.17,Rampart,4,2,990,11
25-10-2021,26.6,Fuse,7,5,3376,2
11-8-2019,1.72,Rampart,7,4,2669,20
5-1-2021,15.51,Caustic,5,6,2655,14
13-5-2021,16.19,Pathfinder,10,9,5143,13
8-10-2022,13.81,Crypto,3,2,1066,16
13-12-2022,7.55,Ash,2,3,1402,6
28-10-2021,12.57,Fuse,6,4,1943,12
11-11-2019,14.69,Ash,6,8,3398,15
4-6-2020,29.98,Bangalore,5,7,2392,2
21-5-2020,2.12,Ash,6,7,4057,2
4-4-2019,18.23,Ash,11,8,4106,20
16-2-2022,21.96,Bangalore,6,1,2280,2
2-9-2020,17.0,Crypto,7,4,1969,12
20-11-2021,0.2,Ash,7,3,2207,13
28-6-2019,4.11,Gibraltar,3,3,1209,2
19-3-2022,26.09,Bangalore,6,5,2640,9
12-1-2020,19.33,Crypto,6,8,3919,15
2-5-2019,11.71,Crypto,6,8,2826,19
5-9-2020,29.88,Crypto,6,0,1673,7
24-11-2020,15.85,Ash,4,5,2553,14
27-8-2021,8.68,Mad Maggie,11,3,3232,18
7-5-2019,22.2,Rampart,3,10,2823,9
8-7-2022,2.25,Wraith,4,10,2819,17
25-4-2019,16.07,Crypto,7,9,4600,17
21-8-2019,26.38,Wraith,6,9,3567,3
1-7-2020,20.41,Rampart,1,1,366,19
20-3-2021,13.15,Bangalore,1,2,758,19
24-7-2022,0.4,Lifeline,4,3,2225,17
6-8-2019,15.14,Fuse,4,9,4140,2
18-12-2021,25.72,Rampart,5,8,3490,6
12-12-2020,27.73,Caustic,13,10,6334,8
18-10-2020,2.35,Wraith,10,7,3534,15
21-4-2021,26.3,Ash,6,7,3418,14
21-5-2019,29.36,Bloodhound,2,3,1647,1
26-3-2021,11.36,Caustic,3,3,1934,7
21-9-2019,12.63,Gibraltar,9,5,3204,14
6-4-2020,27.28,Rampart,5,7,2867,18
21-2-2019,17.43,Caustic,8,10,3439,3
22-2-2020,5.0,Crypto,9,11,6393,7
20-2-2019,0.28,Bangalore,5,0,1303,18
30-12-2022,22.51,Wraith,6,8,3769,20
11-4-2021,14.38,Bloodhound,2,2,966,14
13-11-2019,28.77,Gibraltar,9,3,4110,19
19-2-2020,3.05,Wraith,6,10,4034,16
26-7-2021,2.74,Rampart,9,7,5241,2
7-8-2019,17.22,Fuse,11,8,4536,7
11-12-2019,3.71,Crypto,0,0,0,12
3-3-2019,1.17,Gibraltar,2,7,2537,10
12-4-2021,12.77,Ash,6,2,1677,2
30-6-2019,8.49,Mad Maggie,3,7,3017,2
11-8-2022,3.97,Lifeline,9,5,3060,15
24-1-2021,5.73,Pathfinder,13,7,5885,14
6-11-2021,24.9,Gibraltar,11,6,5352,19
14-12-2019,0.78,Ash,0,3,934,3
13-8-2021,6.45,Rampart,5,7,4078,11
16-3-2021,23.45,Pathfinder,5,4,2068,1
17-8-2019,1.08,Gibraltar,6,4,2976,4
5-1-2021,23.44,Gibraltar,5,8,2700,5
27-3-2020,8.81,Bangalore,9,5,4466,3
26-9-2020,18.0,Crypto,6,9,3689,2
18-8-2020,11.28,Caustic,0,2,690,12
27-12-2022,13.27,Gibraltar,2,2,1451,18
20-5-2021,21.42,Bloodhound,8,9,5652,11
5-10-2019,3.3,Fuse,7,12,4057,19
12-9-2019,10.98,Caustic,4,4,2248,15
5-3-2022,4.84,Mad Maggie,5,9,3992,10
10-7-2021,12.25,Rampart,7,9,4718,15
20-6-2019,3.37,Bangalore,0,0,0,7
29-10-2022,4.95,Caustic,1,4,1201,8
23-5-2022,2.42,Mad Maggie,4,2,1368,7
29-10-2019,1.6,Wraith,3,6,2393,12
24-8-2019,13.71,Caustic,8,7,4927,20
9-6-2019,14.89,Bloodhound,5,6,3072,20
25-2-2022,12.33,Pathfinder,8,6,3288,15
30-8-2020,17.89,Wraith,2,9,3329,8
3-1-2022,17.33,Lifeline,6,1,2549,7
23-6-2020,28.97,Pathfinder,4,5,2758,5
2-10-2019,24.84,Lifeline,5,4,2494,15
10-5-2020,23.58,Gibraltar,7,4,3758,13
17-7-2020,9.4,Bangalore,7,12,5779,5
10-8-2021,16.93,Ash,7,7,5072,15
28-3-2020,15.72,Crypto,0,1,292,12
4-5-2019,20.96,Lifeline,7,4,4156,16
6-3-2020,29.9,Wraith,4,10,4101,17
26-11-2020,22.61,Caustic,3,5,1943,13
20-11-2020,23.93,Ash,9,5,5109,20
17-7-2019,2.01,Gibraltar,5,12,4461,10
29-3-2019,25.77,Caustic,8,9,5891,5
23-4-2022,21.32,Caustic,5,1,1494,12
22-5-2020,22.91,Bangalore,2,7,2726,17
18-2-2020,3.81,Pathfinder,2,4,1549,1
9-8-2021,17.37,Rampart,6,5,3202,8
2-6-2019,22.93,Ash,7,8,5602,2
11-7-2020,29.23,Wraith,9,7,5407,20
11-9-2021,25.97,Pathfinder,10,7,6863,19
21-7-2022,29.14,Mad Maggie,6,4,3646,15
2-4-2020,3.44,Rampart,2,2,1565,15
20-9-2021,12.98,Caustic,2,6,2450,10
10-11-2019,1.81,Mad Maggie,4,7,4118,6
19-10-2020,0.17,Rampart,8,12,7190,7
30-4-2021,13.74,Gibraltar,7,6,3600,8
22-2-2021,29.81,Rampart,9,11,7769,11
7-12-2019,10.16,Pathfinder,2,0,298,11
26-7-2021,29.97,Crypto,3,6,1429,16
14-10-2020,16.52,Bloodhound,3,2,439,4
11-7-2021,23.01,Ash,6,4,1011,20
19-9-2021,4.67,Caustic,4,4,1682,12
10-5-2021,7.69,Wraith,5,6,2089,11
30-9-2022,20.85,Mad Maggie,8,8,1570,10
28-2-2019,4.61,Rampart,5,0,1072,2
1-6-2022,12.61,Wraith,1,7,635,5
18-5-2020,29.35,Bloodhound,4,7,2008,9
25-3-2019,8.83,Rampart,3,11,934,7
27-3-2021,7.01,Lifeline,8,9,2454,16
12-6-2021,0.45,Lifeline,12,8,3142,15
3-9-2021,7.36,Lifeline,6,8,1271,5
11-2-2022,12.31,Rampart,5,7,2503,10
30-6-2021,15.45,Ash,2,1,700,17
4-7-2019,21.53,Pathfinder,3,2,1091,16
13-11-2019,28.54,Lifeline,7,13,3492,13
9-2-2022,13.57,Mad Maggie,6,5,915,1
12-6-2021,23.6,Lifeline,6,7,2763,7
5-12-2019,27.39,Lifeline,6,9,2977,14
20-8-2019,17.51,Pathfinder,2,3,920,11
5-5-2020,0.35,Caustic,2,9,1946,20
19-7-2019,10.58,Rampart,5,3,1246,4
23-4-2021,4.64,Pathfinder,5,9,2575,11
16-11-2019,28.75,Pathfinder,5,4,1537,15
2-11-2022,16.67,Lifeline,5,5,1101,12
7-11-2020,4.01,Fuse,8,6,3368,12
29-1-2022,17.93,Ash,5,1,834,3
2-12-2021,13.06,Rampart,1,2,492,12
8-7-2019,17.28,Fuse,3,9,2364,19
16-11-2019,29.09,Bloodhound,7,7,2454,5
1-11-2021,23.57,Lifeline,7,7,1690,17
25-8-2020,6.21,Bloodhound,8,6,1972,16
10-2-2020,11.29,Ash,8,10,3655,3
3-8-2019,26.95,Rampart,5,1,775,20
24-8-2021,4.38,Wraith,6,1,1605,15
17-5-2020,20.42,Bangalore,2,10,2361,9
8-12-2019,8.06,Fuse,3,6,1023,19
26-9-2019,2.25,Bloodhound,9,6,3255,7
16-5-2019,29.8,Rampart,8,12,3111,4
5-5-2020,0.82,Caustic,11,9,4350,7
2-11-2021,29.01,Mad Maggie,2,5,746,13
18-11-2020,5.18,Bangalore,5,2,1180,10
28-3-2020,29.74,Pathfinder,10,6,2095,7
25-7-2020,14.32,Rampart,4,5,911,13
31-5-2021,2.33,Pathfinder,7,4,2092,19
6-5-2020,6.88,Wraith,5,8,1562,9
26-1-2021,9.24,Ash,6,14,3286,15
3-11-2019,15.13,Wraith,5,1,1022,5
29-11-2021,29.24,Bangalore,4,7,1188,1
6-5-2021,1.97,Bloodhound,10,4,3758,18
21-2-2019,3.43,Fuse,6,3,1445,1
8-4-2022,7.98,Bloodhound,4,5,1016,18
12-5-2021,21.61,Crypto,9,5,3522,4
19-9-2019,9.99,Caustic,9,8,3265,1
6-8-2020,2.4,Pathfinder,0,4,903,6
6-12-2022,12.8,Caustic,2,2,483,15
7-3-2020,28.15,Crypto,5,7,1786,18
25-3-2022,9.71,Rampart,7,5,1615,6
13-3-2020,16.89,Mad Maggie,7,6,3464,15
15-5-2022,17.8,Caustic,11,5,3745,14
7-4-2020,8.43,Crypto,7,6,1959,2
23-8-2021,7.57,Caustic,1,0,262,4
14-3-2019,23.15,Mad Maggie,2,2,482,8
4-5-2019,8.97,Fuse,2,2,792,6
13-3-2022,12.9,Ash,3,3,1609,11
15-8-2021,9.49,Pathfinder,8,10,3191,17
9-3-2020,11.51,Crypto,6,15,5806,13
8-3-2022,19.62,Bangalore,6,7,1575,19
3-5-2019,13.43,Gibraltar,1,1,378,2
17-11-2020,28.6,Bangalore,5,7,2801,19
25-1-2022,12.53,Mad Maggie,3,6,1200,12
1-6-2022,29.38,Mad Maggie,3,5,1235,13
26-1-2020,25.63,Bloodhound,7,9,3982,5
5-11-2019,19.39,Bloodhound,9,6,3370,12
27-6-2019,2.79,Lifeline,13,9,4569,9
15-10-2020,6.61,Caustic,0,1,206,6
7-3-2020,14.31,Mad Maggie,1,1,463,20
31-5-2020,24.23,Pathfinder,5,9,2907,6
23-5-2019,26.23,Gibraltar,7,7,3308,2
9-1-2020,22.18,Fuse,4,7,2551,10
2-3-2022,16.0,Fuse,6,8,2796,2
10-9-2020,16.67,Bloodhound,11,13,4453,18
27-4-2021,7.85,Gibraltar,6,1,2202,6
1-10-2019,6.04,Gibraltar,1,5,1671,12
30-1-2020,6.05,Pathfinder,5,2,2089,20
9-10-2020,26.26,Pathfinder,8,8,3105,16
4-5-2020,24.77,Lifeline,4,5,1429,9
31-5-2021,26.32,Lifeline,8,6,4199,8
21-12-2022,16.96,Wraith,12,7,4046,12
14-2-2020,12.89,Ash,2,5,1022,17
14-11-2019,19.43,Crypto,1,1,483,19
13-5-2022,11.06,Bangalore,2,2,713,15
11-8-2022,14.15,Fuse,7,3,1865,13
25-8-2021,14.23,Bangalore,5,8,3850,11
29-6-2021,19.83,Crypto,6,5,1790,17
11-11-2022,1.94,Lifeline,6,7,2274,16
4-4-2021,6.8,Crypto,0,0,0,2
3-3-2020,23.77,Caustic,3,3,1381,9
22-6-2022,1.06,Wraith,3,2,1206,15
16-4-2021,10.35,Caustic,4,3,1588,15
8-12-2021,10.47,Caustic,7,4,2061,6
20-4-2021,5.53,Pathfinder,6,5,2296,13
13-5-2020,0.94,Pathfinder,14,15,7394,9
15-1-2022,28.94,Crypto,5,2,1560,11
22-11-2020,3.92,Caustic,3,2,1032,19
7-10-2019,0.32,Pathfinder,10,5,3356,3
11-1-2021,17.23,Crypto,11,3,3398,7
2-2-2020,6.73,Caustic,5,12,4788,17
15-8-2021,27.66,Rampart,8,8,2843,3
9-11-2021,8.22,Rampart,6,6,2295,18
21-2-2022,22.97,Lifeline,3,5,1618,5
8-8-2020,20.25,Crypto,2,2,780,17
18-6-2020,17.06,Ash,11,5,5362,2
9-4-2022,4.48,Rampart,3,3,1134,15
18-9-2020,19.94,Mad Maggie,6,5,3161,12
25-11-2021,11.62,Caustic,6,9,2815,3
13-8-2021,2.83,Bangalore,6,7,2903,18
9-9-2021,2.88,Pathfinder,2,1,619,3
15-2-2020,28.04,Crypto,2,2,1296,2
17-1-2020,8.43,Pathfinder,4,7,2859,8
2-9-2022,21.48,Crypto,5,5,2310,3
3-11-2019,1.18,Lifeline,6,8,3133,14
2-3-2020,14.01,Bloodhound,8,6,3256,11
13-9-2020,20.25,Fuse,6,9,2792,14
12-1-2021,4.63,Fuse,0,1,254,5
20-8-2022,20.94,Pathfinder,4,1,1434,17
8-3-2020,24.6,Crypto,7,6,3903,16
11-8-2020,7.23,Bloodhound,3,4,1707,15
29-3-2021,13.59,Ash,11,7,5710,11
27-3-2019,26.51,Caustic,13,14,8029,8
1-10-2019,23.05,Lifeline,12,9,5991,4
18-7-2022,15.05,Fuse,3,4,1638,14
29-12-2019,20.7,Caustic,1,7,2158,12
13-11-2021,27.59,Fuse,2,4,1784,19
10-1-2020,14.03,Crypto,6,4,2852,15
6-8-2020,27.37,Bangalore,9,11,4865,16
17-5-2021,15.04,Rampart,8,6,4816,8
23-6-2021,8.93,Bangalore,7,11,5087,10
11-5-2020,9.49,Lifeline,4,0,922,16
13-10-2021,5.5,Crypto,2,2,903,6
11-6-2021,2.94,Ash,5,4,2390,9
11-11-2020,25.57,Lifeline,4,5,3146,8
27-4-2021,24.17,Pathfinder,6,6,3798,4
1-1-2020,7.47,Mad Maggie,11,7,3968,1
16-4-2019,26.94,Wraith,14,8,4475,6
13-8-2022,7.86,Bangalore,0,5,1398,7
11-12-2020,21.45,Bloodhound,3,6,2224,17
5-11-2022,28.74,Fuse,3,4,2221,15
1-12-2020,28.17,Fuse,6,5,3879,17
17-4-2022,11.28,Gibraltar,5,13,5599,3
4-8-2020,23.17,Pathfinder,7,8,3214,20
5-5-2021,6.52,Ash,7,12,6449,7
21-3-2021,26.79,Fuse,4,2,1846,5
10-3-2022,27.19,Caustic,2,6,2799,12
7-10-2021,6.78,Bloodhound,7,10,3728,9
27-11-2020,27.22,Mad Maggie,10,5,5148,7
13-5-2020,17.18,Mad Maggie,6,10,3865,4
17-9-2021,12.57,Bangalore,5,6,3757,2
1-7-2021,0.13,Caustic,6,6,3359,3
3-6-2020,16.51,Pathfinder,4,1,1674,6
22-11-2019,17.83,Bloodhound,1,5,1454,10
5-7-2020,1.29,Pathfinder,2,8,3491,14
8-8-2019,1.34,Rampart,9,6,5140,5
2-7-2019,7.14,Ash,10,9,4709,13
1-11-2022,17.09,Rampart,9,5,4873,10
7-11-2021,21.97,Lifeline,10,8,6401,14
2-11-2019,28.61,Pathfinder,0,3,771,19
6-3-2019,10.45,Ash,6,1,2393,20
16-1-2020,2.55,Caustic,3,3,1926,2
25-6-2020,1.95,Ash,4,4,1819,20
17-10-2022,26.12,Caustic,7,5,4196,3
31-12-2019,6.85,Crypto,8,6,5333,18
30-3-2020,15.88,Wraith,9,6,4909,3
4-8-2022,15.13,Pathfinder,0,1,229,19
25-7-2021,20.5,Lifeline,1,3,1192,7
10-12-2022,1.17,Crypto,9,2,3127,14
24-8-2021,12.28,Crypto,6,5,3386,2
3-9-2020,3.81,Ash,6,5,3798,19
2-6-2022,12.75,Caustic,7,7,5445,20
25-9-2020,10.1,Mad Maggie,6,6,3732,18
2-11-2020,24.6,Crypto,4,2,1474,5
30-9-2020,13.85,Gibraltar,4,3,2223,9
28-6-2020,2.16,Bangalore,4,2,1630,5
21-9-2022,17.73,Ash,4,5,3368,13
30-9-2022,27.75,Caustic,4,6,3269,10
3-2-2022,24.83,Mad Maggie,8,8,4842,2
26-1-2022,8.65,Lifeline,8,6,5320,17
23-5-2020,2.85,Gibraltar,0,4,1242,7
26-1-2022,25.08,Bloodhound,6,6,3801,8
10-10-2020,14.46,Ash,9,3,4393,14
13-7-2019,1.12,Mad Maggie,5,6,4180,9
25-7-2022,0.98,Pathfinder,8,4,3895,17
20-1-2021,11.12,Fuse,6,11,4414,5
18-4-2020,26.84,Bangalore,13,13,6927,11
14-2-2022,1.29,Wraith,1,3,1487,3
30-4-2022,29.28,Bangalore,5,3,3327,6
12-12-2020,25.32,Caustic,7,5,4666,5
15-3-2020,26.98,Pathfinder,6,4,3952,2
8-7-2020,0.12,Caustic,7,9,3328,17
1-10-2019,27.94,Pathfinder,9,12,1228,6
25-10-2022,27.15,Fuse,9,7,2127,2
12-7-2022,24.88,Mad Maggie,2,3,697,12
28-10-2020,19.22,Caustic,7,7,1627,16
23-7-2022,29.66,Ash,3,6,979,10
1-5-2019,21.83,Rampart,11,4,3386,10
20-7-2019,16.51,Wraith,5,7,1201,16
14-8-2022,3.25,Ash,7,6,1604,14
24-9-2019,20.95,Caustic,9,11,3569,20
3-12-2019,25.87,Mad Maggie,3,2,964,15
4-9-2020,20.85,Wraith,2,4,1185,20
11-2-2019,0.39,Fuse,4,3,836,6
15-9-2020,12.17,Lifeline,6,4,730,15
21-10-2022,19.32,Ash,11,7,3643,11
26-11-2022,21.57,Rampart,7,12,1509,9
1-3-2019,28.47,Fuse,7,10,2924,4
28-3-2021,25.17,Caustic,5,8,2220,2
25-12-2021,8.55,Gibraltar,2,3,1068,8
5-8-2022,21.38,Fuse,4,3,1307,8
16-5-2021,11.84,Pathfinder,4,6,2134,11
18-9-2021,19.71,Pathfinder,7,6,2838,20
26-7-2021,8.89,Crypto,5,7,1686,2
18-12-2020,29.33,Caustic,9,13,3743,3
7-10-2022,18.05,Pathfinder,2,1,582,11
29-5-2019,0.82,Fuse,5,2,1603,20
31-3-2019,13.65,Bloodhound,3,9,1110,10
28-11-2020,5.01,Pathfinder,7,3,1881,11
25-5-2019,29.82,Gibraltar,8,5,2746,17
18-12-2021,28.31,Lifeline,10,14,5629,20
15-4-2020,15.96,Bangalore,9,8,3363,17
9-8-2021,3.4,Gibraltar,7,0,1748,19
8-1-2022,0.79,Wraith,8,2,1757,11
28-1-2022,9.69,Pathfinder,8,5,2385,2
4-7-2021,20.68,Crypto,4,6,1487,5
28-1-2022,10.51,Rampart,8,7,3446,15
22-7-2019,8.85,Crypto,8,9,3945,12
28-6-2021,3.38,Gibraltar,7,11,3487,19
30-11-2022,4.12,Pathfinder,0,1,107,14
26-1-2020,0.15,Ash,5,3,1313,12
19-6-2022,2.38,Bloodhound,5,7,2966,11
6-12-2021,18.14,Rampart,7,6,2651,1
12-11-2022,18.46,Fuse,5,7,2180,8
23-1-2020,16.07,Mad Maggie,5,6,1086,3
19-8-2019,7.66,Pathfinder,8,10,2167,12
2-5-2020,28.28,Wraith,2,2,468,19
11-5-2019,22.1,Caustic,3,3,813,19
12-7-2022,6.57,Bloodhound,3,4,1444,10
23-3-2020,29.87,Ash,4,11,3558,17
25-2-2022,21.95,Mad Maggie,8,5,3253,10
26-9-2022,13.5,Rampart,8,5,2564,20
28-11-2022,25.78,Pathfinder,10,9,4914,2
2-12-2020,23.71,Gibraltar,6,5,2847,13
22-9-2021,22.8,Fuse,8,9,1855,17
15-8-2020,24.87,Crypto,5,3,1184,2
18-2-2020,6.22,Crypto,3,4,1044,8
26-12-2021,23.96,Crypto,4,5,1745,6
24-12-2022,14.49,Bloodhound,7,6,3176,14
10-10-2021,7.65,Fuse,7,6,2481,2
25-3-2019,0.06,Mad Maggie,2,6,1981,16
6-3-2020,26.26,Wraith,1,1,279,5
21-12-2020,16.35,Ash,6,5,2511,3
12-3-2020,25.48,Bloodhound,10,4,3186,14
30-7-2021,19.5,Rampart,9,5,2775,4
27-4-2021,14.39,Rampart,10,6,3064,8
31-3-2022,24.69,Bloodhound,7,9,3391,16
16-6-2020,17.64,Rampart,9,0,2024,1
19-10-2021,8.87,Bangalore,1,1,269,17
7-2-2020,21.84,Ash,3,2,1114,9
22-5-2022,27.32,Caustic,9,4,3392,15
22-3-2019,24.83,Caustic,14,7,4075,4
30-6-2022,16.46,Fuse,7,6,2087,5
16-10-2021,29.24,Bangalore,9,8,3628,3
1-2-2020,27.41,Mad Maggie,3,6,2359,13
17-2-2019,18.31,Gibraltar,1,2,659,20
13-2-2022,18.15,Bloodhound,6,2,2188,16
21-6-2022,20.38,Bangalore,4,8,3203,13
7-1-2020,9.4,Fuse,4,5,2085,19
26-3-2019,16.01,Crypto,6,11,3022,20
15-6-2020,11.79,Bloodhound,9,7,3192,19
26-7-2022,12.95,Gibraltar,1,3,699,14
28-4-2020,3.7,Fuse,2,5,1612,3
30-7-2020,20.94,Wraith,6,6,1872,12
4-10-2020,1.09,Bloodhound,9,3,2961,9
2-12-2022,28.11,Lifeline,11,7,5011,16
9-12-2019,18.05,Fuse,5,6,3237,6
27-9-2022,24.37,Lifeline,7,11,5117,15
1-5-2020,22.52,Mad Maggie,7,2,2188,19
18-1-2020,20.33,Bangalore,6,3,2417,20
17-8-2022,17.88,Mad Maggie,2,4,1500,18
10-10-2019,11.01,Wraith,5,3,1206,12
27-5-2019,8.77,Fuse,5,8,3232,11
7-3-2019,17.3,Ash,6,7,3815,16
26-12-2020,29.89,Ash,12,7,3521,3
30-9-2021,13.84,Pathfinder,2,1,844,11
25-12-2020,26.46,Bangalore,3,9,2686,11
25-8-2019,6.98,Wraith,2,4,938,3
18-4-2021,9.5,Ash,5,4,1624,3
2-4-2019,24.61,Crypto,4,9,2403,3
20-5-2020,22.53,Rampart,9,8,3018,14
18-1-2020,21.88,Fuse,8,6,4338,20
15-1-2022,26.49,Mad Maggie,6,2,2348,15
8-7-2020,21.83,Ash,7,4,2849,18
22-2-2020,0.57,Bangalore,2,6,1918,16
14-12-2019,12.97,Gibraltar,11,5,3451,17
8-12-2021,27.03,Bangalore,6,7,3799,9
6-1-2022,8.03,Wraith,6,10,3614,1
29-3-2021,22.81,Bangalore,7,11,3643,18
15-10-2022,5.03,Bloodhound,3,1,857,6
24-7-2020,17.68,Lifeline,1,4,1088,9
16-11-2019,0.3,Mad Maggie,6,2,1641,11
2-3-2019,28.62,Caustic,6,8,4467,6
5-10-2019,6.2,Mad Maggie,8,8,4619,15
12-10-2019,0.99,Pathfinder,5,5,2329,15
30-11-2022,3.05,Rampart,10,8,3593,19
11-3-2020,9.95,Lifeline,2,4,1702,6
19-1-2021,9.83,Caustic,7,2,2951,20
1-12-2019,22.5,Wraith,10,3,2893,12
9-3-2019,25.48,Bangalore,9,7,3771,3
31-7-2019,10.48,Lifeline,6,7,4114,10
10-11-2020,28.55,Rampart,15,10,4905,12
22-12-2019,1.3,Fuse,6,7,4117,4
8-12-2019,19.86,Bloodhound,3,2,1294,13
24-1-2022,6.36,Lifeline,1,3,1115,14
30-3-2021,24.85,Gibraltar,3,3,1758,7
17-5-2022,24.07,Bangalore,7,7,3293,11
25-7-2022,6.93,Bloodhound,4,10,2512,1
10-7-2019,11.0,Fuse,7,5,2713,19
19-10-2021,20.79,Fuse,9,7,4826,20
16-12-2021,8.25,Fuse,3,1,816,14
22-12-2020,8.61,Fuse,1,3,1026,8
28-10-2021,4.67,Gibraltar,2,3,946,6
26-3-2022,24.66,Rampart,6,10,4273,5
21-6-2022,2.23,Fuse,8,6,3863,4
7-6-2022,22.65,Caustic,8,13,5506,18
19-11-2019,15.06,Gibraltar,7,7,3696,4
19-4-2022,15.58,Bangalore,0,0,0,4
21-12-2019,23.01,Crypto,5,1,1999,18
12-12-2021,22.43,Pathfinder,8,4,3175,19
5-4-2021,3.42,Bloodhound,4,3,2361,2
14-4-2020,16.95,Bloodhound,5,4,1839,18
6-11-2019,11.94,Fuse,5,8,4334,15
21-2-2022,13.57,Caustic,7,11,5409,5
5-1-2022,2.81,Wraith,1,2,850,1
7-11-2022,21.86,Ash,4,5,3074,4
20-10-2021,10.17,Lifeline,6,2,2104,16
16-12-2022,16.36,Lifeline,10,4,4096,9
8-12-2021,13.55,Crypto,5,11,3295,6
22-9-2022,27.44,Ash,7,6,2683,4
28-8-2019,12.71,Lifeline,8,7,3119,13
17-11-2019,1.69,Pathfinder,3,0,641,1
31-3-2020,6.81,Wraith,2,1,771,1
1-4-2020,22.54,Fuse,8,7,5514,13
8-12-2019,29.6,Crypto,8,4,4284,10
3-11-2019,9.76,Crypto,4,10,3125,4
7-12-2020,26.17,Fuse,7,7,3759,7
17-7-2021,17.64,Rampart,14,9,8511,8
19-12-2020,16.64,Lifeline,2,0,612,15
31-10-2021,1.28,Pathfinder,1,1,488,1
1-7-2020,14.93,Bangalore,2,7,2590,9
29-4-2022,23.35,Wraith,8,11,4394,20
23-6-2019,10.95,Bloodhound,4,6,2495,8
22-12-2019,23.6,Mad Maggie,8,12,5042,15
26-1-2021,4.65,Caustic,8,7,3941,5
6-3-2019,15.0,Mad Maggie,3,1,1374,3
20-9-2022,20.03,Fuse,1,6,2018,12
2-6-2022,11.6,Mad Maggie,5,3,2671,11
14-9-2020,19.56,Bangalore,4,4,1988,18
12-8-2020,21.64,Wraith,5,5,2641,4
9-10-2019,9.9,Lifeline,8,6,4767,1
31-7-2022,0.63,Bangalore,7,11,6025,13
19-9-2022,13.66,Fuse,1,3,931,16
2-7-2022,12.86,Lifeline,1,4,1705,17
23-10-2020,28.71,Lifeline,11,5,4149,11
27-2-2020,28.9,Ash,3,12,4900,3
4-9-2022,9.93,Rampart,7,8,5555,10
20-4-2020,15.14,Lifeline,9,7,4717,9
13-11-2021,16.35,Rampart,9,7,5764,9
10-8-2020,20.93,Bangalore,5,4,3360,13
13-4-2022,22.42,Fuse,2,5,2197,7
11-12-2020,5.54,Fuse,6,2,3005,16
23-6-2021,16.58,Caustic,5,4,3306,17
21-9-2019,23.58,Bloodhound,8,6,4835,10
31-8-2021,1.28,Bangalore,5,6,3092,14
8-2-2021,8.53,Pathfinder,6,11,4174,6
9-12-2019,13.29,Gibraltar,1,1,490,5
11-8-2022,17.03,Ash,1,1,513,11
15-2-2020,3.03,Lifeline,6,4,3926,17
25-9-2020,5.7,Mad Maggie,3,4,2030,11
21-7-2021,25.35,Bloodhound,4,7,4360,7
30-5-2022,24.93,Fuse,7,5,3088,5
21-2-2019,0.36,Fuse,6,7,4031,18
16-9-2021,2.72,Pathfinder,1,3,1131,17
13-5-2021,6.86,Caustic,2,3,1948,10
14-5-2022,8.64,Rampart,4,3,2001,7
12-3-2022,7.66,Bangalore,3,6,2392,19
3-4-2022,13.94,Fuse,4,8,3051,9
11-9-2019,7.27,Ash,6,9,5130,10
6-10-2021,14.77,Fuse,7,9,4846,20
3-1-2020,17.2,Mad Maggie,3,4,2596,7
6-2-2020,5.2,Fuse,7,1,1132,3
13-11-2019,10.76,Ash,6,3,1592,6
23-9-2019,15.53,Pathfinder,5,4,1416,10
17-6-2021,24.14,Fuse,7,5,1771,13
13-9-2019,14.82,Wraith,10,8,2502,3
15-12-2021,20.22,Caustic,7,7,1429,16
10-5-2022,27.44,Crypto,0,2,326,16
2-7-2019,4.42,Gibraltar,3,1,682,1
24-2-2020,11.86,Pathfinder,5,3,823,9
13-3-2020,14.59,Rampart,11,4,2613,12
15-2-2021,27.02,Caustic,11,7,1655,8
5-12-2021,4.35,Fuse,7,5,1765,13
16-10-2019,26.34,Fuse,7,7,1988,18
5-8-2022,9.04,Crypto,4,0,309,20
28-2-2020,12.43,Bloodhound,4,3,1481,12
12-3-2022,4.57,Crypto,2,2,790,1
3-12-2022,11.69,Fuse,5,7,1598,16
20-8-2020,24.21,Bangalore,10,8,2544,6
27-9-2019,16.59,Pathfinder,7,5,2526,14
3-2-2020,21.33,Ash,7,11,3511,7
17-7-2022,3.42,Crypto,1,5,823,5
7-7-2022,29.25,Ash,5,2,1101,3
11-3-2020,15.75,Caustic,6,4,2433,15
19-12-2019,1.31,Bloodhound,4,8,1997,12
29-12-2022,26.66,Crypto,10,6,2367,18
17-6-2022,14.09,Gibraltar,5,6,1164,18
7-10-2019,2.55,Gibraltar,9,12,2795,4
3-10-2021,16.88,Rampart,5,1,1427,4
14-9-2019,2.49,Fuse,5,1,983,15
12-2-2020,22.99,Bangalore,3,6,795,9
16-7-2019,26.96,Caustic,3,3,1332,9
29-7-2022,3.37,Crypto,6,5,2448,15
4-7-2019,14.2,Lifeline,11,6,2109,9
8-5-2019,17.45,Rampart,7,15,3939,11
22-1-2021,27.27,Pathfinder,5,2,875,9
29-3-2022,0.77,Caustic,7,1,777,13
6-12-2019,19.46,Rampart,3,2,1042,17
15-6-2020,4.48,Crypto,5,9,2256,11
15-7-2019,0.33,Mad Maggie,6,7,3181,8
4-4-2021,24.41,Rampart,12,5,3599,10
2-6-2020,15.77,Wraith,15,14,6065,5
12-9-2020,7.39,Fuse,5,4,1449,9
8-12-2021,5.6,Gibraltar,2,1,459,17
3-7-2019,22.69,Ash,5,2,1687,2
2-7-2022,28.09,Wraith,4,8,2627,15
16-4-2019,2.8,Pathfinder,5,6,2167,7
7-11-2019,21.35,Pathfinder,6,8,2336,8
4-5-2021,14.39,Bloodhound,6,9,2602,17
5-12-2019,17.59,Bloodhound,2,0,454,9
30-10-2022,25.57,Mad Maggie,4,7,1713,20
26-7-2022,20.39,Crypto,5,5,2075,4
18-11-2020,10.93,Fuse,9,8,3374,4
15-8-2021,5.17,Pathfinder,4,13,3463,11
24-7-2019,1.18,Ash,6,6,2814,5
1-1-2022,26.75,Fuse,13,15,7145,16
28-9-2020,3.43,Crypto,1,0,165,2
21-9-2021,26.8,Rampart,4,3,1671,10
10-1-2021,23.01,Pathfinder,5,4,1666,2
16-7-2022,1.23,Pathfinder,5,4,1912,14
25-6-2020,12.8,Gibraltar,11,6,2303,8
19-4-2019,22.68,Lifeline,5,9,3135,14
13-8-2020,23.05,Gibraltar,8,7,2343,6
1-12-2021,8.82,Crypto,2,5,975,6
16-4-2019,25.94,Ash,7,10,4032,11
8-7-2020,20.37,Crypto,5,3,2087,4
4-7-2019,29.14,Crypto,4,4,1536,20
8-7-2022,10.84,Caustic,8,6,2087,9
14-8-2022,11.13,Bloodhound,5,7,2106,8
24-8-2020,26.99,Bloodhound,7,11,2675,5
4-10-2019,23.39,Fuse,4,6,2322,6
30-10-2019,8.66,Crypto,1,1,362,7
8-7-2019,4.25,Lifeline,4,6,1481,17
6-2-2021,0.91,Crypto,3,5,2198,9
28-5-2022,23.3,Bloodhound,5,8,3638,2
11-6-2021,17.56,Wraith,10,7,4460,11
13-12-2022,15.3,Ash,12,13,4330,16
27-7-2022,4.86,Ash,0,3,464,8
13-5-2022,12.43,Pathfinder,2,3,930,18
28-11-2019,24.61,Fuse,3,13,2467,10
4-2-2022,6.69,Caustic,3,3,907,20
13-8-2019,0.11,Caustic,9,7,2287,10
23-12-2021,19.18,Bangalore,7,6,2076,10
16-1-2020,1.26,Bangalore,8,6,2936,1
7-5-2021,24.28,Caustic,0,0,0,10
12-2-2019,8.09,Bloodhound,1,3,701,15
20-8-2022,9.72,Bangalore,4,3,1468,16
25-7-2022,8.61,Mad Maggie,5,3,1536,10
27-3-2022,4.93,Caustic,10,5,2861,9
20-8-2022,9.67,Fuse,7,6,3436,5
4-12-2019,10.03,Lifeline,11,7,4562,4
10-8-2020,7.12,Crypto,2,3,1241,2
5-9-2020,17.82,Lifeline,5,5,2793,15
6-8-2022,23.95,Caustic,4,3,1446,13
23-11-2021,29.59,Fuse,8,7,2986,10
23-8-2022,29.33,Rampart,10,6,3158,9
14-11-2020,16.67,Rampart,12,10,6125,19
24-3-2021,24.32,Lifeline,11,7,4320,4
6-8-2021,23.8,Bloodhound,3,6,2058,8
3-6-2021,28.32,Bangalore,5,6,2802,13
27-4-2022,5.1,Crypto,2,6,1883,13
17-12-2021,12.57,Pathfinder,3,6,2068,12
23-4-2022,10.86,Caustic,13,11,7501,16
1-12-2020,17.86,Mad Maggie,7,5,2266,1
17-12-2020,2.08,Crypto,8,10,4422,10
14-9-2022,5.52,Pathfinder,0,8,1710,8
16-4-2021,3.0,Bloodhound,3,4,1925,2
23-6-2021,6.44,Caustic,4,3,1198,5
29-10-2021,6.01,Caustic,5,9,2575,17
22-5-2019,17.48,Caustic,6,5,3515,12
26-1-2022,28.47,Gibraltar,14,6,5238,16
29-7-2019,25.96,Bloodhound,7,11,4680,11
8-12-2020,27.73,Bloodhound,9,8,4523,14
13-4-2019,24.45,Rampart,3,1,1239,5
14-11-2021,5.26,Bloodhound,5,3,1872,1
7-9-2020,27.62,Gibraltar,5,8,3443,8
15-9-2019,12.72,Gibraltar,6,9,4349,11
1-12-2019,11.7,Gibraltar,6,11,4369,9
8-3-2022,20.92,Caustic,11,6,3670,2
17-11-2019,6.81,Crypto,0,1,295,11
29-10-2021,18.58,Rampart,9,8,5311,11
8-9-2021,25.81,Ash,7,4,2911,2
1-12-2020,4.97,Caustic,6,5,3139,1
29-12-2019,6.19,Caustic,5,4,2555,6
20-4-2020,8.16,Ash,5,10,3699,3
20-9-2019,3.62,Mad Maggie,7,12,5907,4
11-10-2021,21.29,Rampart,1,6,1833,6
2-10-2021,12.36,Crypto,1,1,547,6
27-7-2020,2.7,Mad Maggie,4,3,2185,19
5-9-2021,9.88,Fuse,9,3,3617,17
8-9-2020,16.3,Wraith,7,5,3390,2
22-8-2022,26.72,Caustic,8,9,3435,15
9-2-2020,23.69,Pathfinder,8,8,4714,6
1-3-2019,20.82,Bloodhound,4,1,1426,19
4-1-2022,26.61,Wraith,6,5,2975,1
24-6-2019,25.91,Ash,8,2,1897,5
22-7-2020,17.92,Caustic,5,3,2030,10
5-3-2020,6.95,Crypto,6,6,3518,17
24-2-2022,6.22,Caustic,9,5,3969,19
20-10-2021,3.52,Ash,10,10,4660,12
28-3-2020,16.35,Gibraltar,1,0,354,15
9-6-2020,15.04,Fuse,2,3,1197,16
8-6-2020,9.83,Wraith,6,3,3082,3
31-8-2022,8.15,Pathfinder,3,4,2188,17
19-4-2021,9.21,Caustic,5,4,2337,3
15-8-2022,11.27,Crypto,6,8,3443,1
29-8-2021,29.84,Caustic,8,8,5248,1
6-1-2020,12.21,Ash,1,0,249,11
20-10-2021,9.53,Wraith,1,1,436,6
7-11-2019,7.59,Pathfinder,2,2,1204,7
19-4-2020,25.99,Pathfinder,3,3,1730,12
20-10-2021,25.44,Bloodhound,5,5,3568,13
2-4-2022,23.22,Wraith,9,13,5616,6
14-6-2020,17.43,Wraith,12,9,6042,4
7-3-2020,4.59,Fuse,0,6,1277,1
3-6-2022,6.33,Fuse,2,7,2797,8
22-6-2022,7.43,Wraith,3,4,2197,9
30-12-2022,26.68,Gibraltar,8,5,3856,20
3-8-2021,4.09,Wraith,4,7,2901,12
17-2-2022,18.3,Lifeline,8,7,4322,1
15-12-2022,25.96,Bangalore,7,7,3520,12
27-8-2022,9.71,Pathfinder,1,2,657,13
8-11-2021,16.04,Bloodhound,2,3,1296,15
29-9-2019,23.52,Bangalore,7,7,5187,15
27-5-2020,5.57,Ash,4,3,2039,3
4-5-2019,4.9,Pathfinder,4,11,5034,13
2-8-2021,1.39,Fuse,8,13,7804,1
29-12-2022,15.86,Pathfinder,7,8,4851,4
29-10-2020,12.92,Gibraltar,2,1,777,8
7-6-2020,23.08,Pathfinder,2,4,2238,20
16-11-2020,20.94,Wraith,4,4,2272,20
27-2-2019,18.16,Ash,8,5,4854,1
20-12-2019,12.55,Mad Maggie,10,6,4895,15
6-5-2020,12.31,Caustic,5,8,4582,2
31-10-2020,8.29,Lifeline,8,7,4782,14
28-2-2019,12.9,Fuse,1,0,429,5
10-7-2019,22.72,Fuse,7,5,4230,9
19-10-2019,4.25,Wraith,2,2,1153,17
27-8-2022,18.3,Bangalore,5,5,3010,10
14-9-2020,18.93,Rampart,6,8,3276,1
25-8-2020,17.96,Lifeline,7,8,4855,4
15-3-2021,6.13,Caustic,7,6,4925,8
9-9-2021,10.68,Lifeline,4,0,1356,13
25-11-2019,14.31,Rampart,2,1,1069,14
11-12-2021,25.16,Crypto,7,4,2775,12
15-12-2019,21.05,Gibraltar,4,7,2589,20
22-5-2022,28.36,Fuse,6,10,5629,4
16-10-2021,16.93,Ash,6,10,4331,6
1-10-2019,0.2,Ash,8,6,3380,6
4-12-2019,16.77,Caustic,6,0,1517,3
20-1-2020,17.64,Crypto,8,2,3174,7
31-12-2022,8.99,Ash,2,8,3589,18
12-12-2022,24.28,Fuse,4,10,4719,16
13-2-2021,3.74,Crypto,4,4,2942,18
6-5-2019,15.6,Bangalore,10,7,4223,4
3-4-2021,3.53,Mad Maggie,6,6,4397,5
2-4-2021,17.93,Fuse,2,2,1263,19
12-8-2022,27.43,Crypto,2,2,1487,13
26-11-2021,8.7,Bloodhound,2,4,1561,13
23-9-2019,26.54,Rampart,7,5,4062,20
14-6-2021,29.56,Bloodhound,6,11,4468,20
24-3-2019,8.36,Fuse,13,6,3837,4
10-9-2019,17.42,Bangalore,7,6,1294,13
15-12-2019,8.15,Lifeline,0,1,176,14
27-1-2021,26.36,Bangalore,1,6,924,13
22-3-2019,15.02,Bangalore,6,7,982,3
4-8-2020,1.8,Gibraltar,7,3,1033,10
4-8-2022,26.4,Wraith,6,8,1271,13
30-8-2019,14.72,Rampart,6,8,2973,19
21-11-2022,1.88,Lifeline,7,14,1567,4
22-4-2020,8.76,Wraith,0,4,282,4
2-3-2021,23.19,Pathfinder,5,1,602,16
23-4-2021,23.86,Lifeline,3,5,1539,4
29-6-2021,23.62,Rampart,8,10,1546,5
8-10-2019,9.02,Fuse,11,6,2476,5
22-7-2019,17.99,Pathfinder,6,12,1642,19
12-4-2022,2.92,Pathfinder,8,9,1678,2
24-11-2019,4.38,Gibraltar,0,2,125,17
14-2-2020,19.95,Caustic,5,4,1733,1
12-10-2022,16.47,Fuse,5,2,826,15
17-7-2021,26.54,Bangalore,4,4,736,10
23-3-2022,20.26,Crypto,7,6,2172,13
28-12-2022,24.99,Mad Maggie,7,9,2844,5
4-7-2022,25.06,Crypto,10,10,2091,6
5-12-2020,14.7,Pathfinder,1,1,436,9
18-1-2020,1.13,Mad Maggie,2,1,297,16
29-8-2020,21.26,Wraith,3,3,1351,2
20-4-2022,13.46,Bloodhound,7,11,3148,15
29-9-2021,3.55,Gibraltar,5,4,884,14
27-5-2022,20.75,Caustic,7,8,2443,15
7-5-2019,0.81,Pathfinder,7,7,1204,3
26-9-2022,0.74,Wraith,1,0,252,18
22-4-2019,10.28,Gibraltar,7,8,2246,2
16-2-2019,12.97,Gibraltar,3,2,540,9
8-2-2021,4.15,Caustic,4,3,1423,15
9-9-2021,20.62,Caustic,5,14,2042,2
16-8-2021,12.91,Crypto,7,5,2064,2
9-7-2019,21.57,Caustic,7,9,2661,11
22-5-2022,14.92,Bloodhound,8,1,1463,7
29-9-2019,25.9,Fuse,1,5,1347,18
5-8-2019,24.17,Pathfinder,5,10,3220,18
9-2-2019,22.23,Bloodhound,6,5,1728,10
1-4-2022,8.18,Mad Maggie,13,6,5004,12
13-10-2019,25.55,Rampart,6,6,1608,3
17-12-2019,11.13,Rampart,8,6,2031,8
15-5-2022,7.27,Bangalore,4,3,1170,10
13-2-2020,4.99,Bangalore,2,5,1576,16
16-3-2020,11.45,Pathfinder,4,6,1444,6
10-3-2020,11.52,Lifeline,7,4,1809,11
27-7-2021,27.95,Ash,5,4,1513,19
19-10-2020,27.74,Pathfinder,11,6,3121,2
26-3-2019,19.84,Bloodhound,9,6,3577,19
7-6-2022,22.31,Lifeline,8,6,3334,10
23-5-2021,3.61,Gibraltar,4,4,1759,19
9-2-2019,13.82,Mad Maggie,2,5,1550,20
27-8-2019,23.09,Mad Maggie,4,7,2826,17
11-9-2019,6.8,Fuse,4,4,1191,7
10-2-2021,3.92,Fuse,6,5,1792,5
20-10-2020,11.6,Mad Maggie,9,10,2860,7
12-10-2020,24.27,Lifeline,1,0,178,4
4-12-2021,19.5,Wraith,8,8,3308,18
20-12-2019,20.32,Rampart,5,3,1015,11
1-1-2021,18.08,Wraith,4,6,2257,17
11-2-2022,18.99,Gibraltar,6,10,2671,15
1-7-2022,22.77,Bangalore,10,8,4575,5
17-2-2020,5.81,Caustic,10,6,3096,16
4-1-2020,15.61,Rampart,1,0,214,1
22-2-2020,22.74,Gibraltar,4,2,1289,15
30-5-2020,15.55,Pathfinder,4,3,1087,13
17-7-2020,10.41,Ash,7,6,3579,7
27-7-2019,13.05,Caustic,6,6,2965,18
31-3-2019,19.27,Crypto,6,7,3178,13
11-12-2019,4.47,Gibraltar,9,12,2816,4
5-10-2019,17.23,Ash,7,4,2855,18
8-7-2022,27.42,Mad Maggie,1,9,2354,12
17-12-2019,9.2,Pathfinder,5,2,964,14
25-5-2020,16.77,Lifeline,10,5,2111,13
15-7-2021,12.92,Pathfinder,9,10,2967,19
10-11-2021,24.06,Ash,11,5,3905,13
27-11-2021,25.66,Mad Maggie,8,8,3466,17
22-8-2019,13.94,Rampart,2,1,404,14
7-11-2021,29.49,Wraith,7,10,3199,20
12-3-2019,14.59,Wraith,3,4,1918,9
28-6-2022,13.98,Mad Maggie,6,8,3336,7
23-9-2020,10.84,Wraith,5,7,3051,5
14-9-2021,3.33,Pathfinder,11,5,4217,17
22-3-2022,21.44,Bloodhound,6,14,4281,16
4-1-2020,1.45,Pathfinder,4,0,825,1
12-5-2021,27.48,Crypto,3,1,1009,11
13-11-2022,29.79,Rampart,7,4,3077,4
15-12-2022,1.59,Mad Maggie,5,3,2081,20
18-11-2019,24.97,Gibraltar,7,6,2995,15
11-2-2021,25.27,Caustic,16,5,3118,19
22-9-2021,18.71,Bangalore,13,10,5395,8
16-6-2022,18.81,Bloodhound,6,1,1833,7
11-12-2022,23.87,Crypto,6,5,2277,13
7-6-2019,22.67,Rampart,2,7,2487,15
12-10-2022,0.98,Bloodhound,3,3,1119,20
17-7-2019,22.15,Rampart,4,11,4097,12
11-1-2021,7.95,Fuse,6,6,3773,11
14-3-2019,13.55,Rampart,7,9,4600,19
28-6-2020,14.09,Mad Maggie,0,5,813,9
30-11-2020,12.28,Bangalore,1,5,1172,8
9-4-2019,23.72,Bloodhound,3,3,1226,19
30-10-2021,24.17,Lifeline,5,3,2087,12
22-4-2021,12.18,Lifeline,9,5,3325,14
15-2-2020,1.48,Gibraltar,6,6,2475,12
14-12-2020,24.51,Ash,10,11,6651,16
12-2-2021,7.65,Mad Maggie,0,2,370,3
27-12-2020,16.98,Lifeline,3,1,976,9
16-10-2019,9.49,Gibraltar,8,2,3108,2
26-10-2021,9.93,Ash,5,5,3016,7
25-6-2019,1.99,Crypto,6,7,3910,6
26-10-2019,1.59,Gibraltar,7,5,3634,8
8-7-2019,8.86,Crypto,6,6,3030,16
9-5-2019,27.76,Rampart,0,4,1118,6
27-8-2020,7.57,Pathfinder,5,4,1977,13
26-7-2022,23.67,Mad Maggie,3,6,2295,15
25-4-2019,24.05,Fuse,4,10,2753,4
23-8-2021,8.73,Caustic,6,4,3014,5
16-10-2019,11.81,Gibraltar,7,10,4283,15
1-9-2022,28.13,Crypto,9,11,4824,19
3-6-2020,7.67,Gibraltar,4,0,779,16
28-3-2021,3.28,Caustic,7,8,4147,14
15-8-2021,20.85,Caustic,9,3,3269,3
30-10-2021,21.03,Mad Maggie,7,11,3828,13
12-6-2021,19.38,Pathfinder,12,4,4461,19
3-5-2020,24.7,Pathfinder,12,8,5266,4
9-4-2022,11.51,Caustic,9,8,5425,17
2-3-2019,17.46,Bangalore,4,1,1234,1
6-4-2020,16.33,Fuse,2,3,1363,13
9-3-2020,8.44,Caustic,2,5,1433,9
19-10-2021,4.8,Gibraltar,3,7,2091,10
4-6-2022,11.93,Pathfinder,7,4,2381,16
5-4-2020,13.47,Lifeline,5,5,2699,14
24-3-2022,7.87,Caustic,11,8,4517,16
19-11-2021,5.88,Lifeline,1,4,1584,20
26-11-2022,20.51,Rampart,4,5,2886,20
8-8-2021,3.31,Gibraltar,11,4,4619,2
6-1-2020,9.32,Gibraltar,4,7,3551,18
22-7-2022,3.75,Crypto,4,7,2307,11
10-7-2022,27.26,Caustic,7,14,5974,16
14-8-2019,8.54,Bangalore,6,8,3313,3
2-4-2020,14.18,Lifeline,2,3,1665,2
11-7-2020,20.99,Ash,3,1,1195,17
25-10-2022,18.05,Bloodhound,10,3,4051,20
29-11-2021,28.97,Rampart,4,10,4698,4
12-6-2021,9.82,Wraith,4,6,2266,11
5-7-2021,6.16,Lifeline,6,5,3613,17
14-9-2019,22.98,Lifeline,11,6,5078,11
27-1-2021,26.75,Wraith,2,8,3002,11
17-1-2020,14.63,Pathfinder,10,3,4564,11
12-2-2021,16.11,Rampart,3,6,2118,17
30-3-2022,15.52,Rampart,9,3,4445,17
1-9-2019,20.81,Lifeline,8,6,3142,17
29-6-2021,1.54,Lifeline,10,7,5733,1
10-10-2019,3.31,Ash,8,12,6795,19
9-5-2019,12.93,Gibraltar,1,0,275,15
16-8-2021,0.7,Mad Maggie,6,4,3150,15
23-2-2020,25.92,Ash,3,3,1753,6
15-6-2021,29.6,Ash,6,8,4054,11
16-5-2019,22.47,Gibraltar,8,9,5214,10
29-1-2021,14.11,Caustic,8,11,4898,2
17-8-2021,1.55,Pathfinder,7,7,3713,20
16-10-2021,24.54,Gibraltar,9,3,4343,15
14-4-2022,4.47,Wraith,1,1,469,12
5-6-2022,7.75,Bangalore,3,2,1475,17
5-11-2020,1.6,Bloodhound,3,10,4570,5
4-12-2019,8.56,Fuse,4,4,2566,9
21-11-2019,16.74,Bangalore,6,6,3213,12
9-4-2020,25.32,Caustic,8,6,4971,1
15-5-2021,25.27,Rampart,6,2,2893,16
29-10-2020,28.42,Rampart,10,10,6308,9
26-12-2021,10.67,Mad Maggie,2,4,1604,18
13-4-2022,14.0,Ash,3,6,3331,13
19-9-2020,19.37,Lifeline,8,4,3889,4
13-4-2020,9.24,Gibraltar,10,5,4149,7
13-4-2019,28.39,Ash,6,13,5582,19
3-4-2021,13.42,Caustic,3,7,2914,11
20-6-2020,27.15,Lifeline,2,7,2401,12
31-1-2021,7.52,Mad Maggie,10,6,6165,18
15-12-2019,17.68,Mad Maggie,6,3,2808,17
14-8-2019,20.33,Bloodhound,8,5,4935,7
6-9-2020,22.08,Lifeline,8,7,4652,19
22-5-2019,13.92,Mad Maggie,8,12,4701,9
12-9-2019,13.49,Bloodhound,3,2,1624,11
22-11-2020,26.5,Ash,4,2,2348,19
4-6-2022,20.58,Pathfinder,5,3,2889,10
24-6-2021,0.9,Lifeline,5,3,2394,13
4-10-2019,18.48,Gibraltar,5,5,2672,13
9-2-2019,6.84,Mad Maggie,8,5,3540,12
5-3-2021,25.02,Lifeline,8,7,5924,5
13-10-2022,18.63,Rampart,0,4,1249,3
24-4-2020,11.56,Rampart,2,1,787,13
28-11-2019,9.96,Lifeline,5,7,4327,18
3-5-2021,18.42,Rampart,8,3,3051,20
5-12-2021,1.23,Wraith,8,7,4266,3
16-9-2019,11.7,Mad Maggie,9,8,5878,2
26-2-2019,27.51,Bloodhound,11,8,5383,9
4-2-2020,16.9,Mad Maggie,4,1,1972,2
17-3-2021,4.2,Mad Maggie,2,2,1344,7
19-1-2021,1.38,Bloodhound,9,2,1018,12
1-1-2022,25.41,Wraith,6,7,2803,18
1-11-2022,27.87,Fuse,7,5,1442,4
8-8-2021,9.24,Rampart,11,7,3465,13
9-7-2019,13.01,Caustic,11,14,3918,6
22-2-2022,1.99,Gibraltar,7,2,1082,4
8-4-2020,18.8,Lifeline,2,2,375,9
7-9-2022,8.66,Crypto,2,3,1066,16
13-3-2020,8.11,Ash,8,4,865,7
28-12-2019,24.73,Mad Maggie,4,5,1871,16
13-12-2022,14.45,Bloodhound,7,8,1414,15
24-10-2021,14.46,Crypto,6,6,1030,18
24-6-2021,7.37,Lifeline,3,2,725,5
19-4-2020,19.7,Rampart,2,8,1397,7
4-9-2020,23.11,Pathfinder,3,4,528,19
8-8-2021,23.32,Bangalore,10,13,3419,3
15-2-2022,9.58,Mad Maggie,4,6,688,3
28-6-2020,6.8,Gibraltar,9,5,2058,8
10-4-2021,12.98,Bloodhound,13,6,4257,10
26-8-2022,25.38,Pathfinder,2,6,1184,1
7-3-2022,29.49,Caustic,3,8,2089,2
18-2-2020,24.47,Pathfinder,4,9,2233,2
21-2-2022,8.27,Lifeline,6,6,2546,4
21-5-2021,4.55,Bloodhound,8,7,1358,5
11-4-2019,8.41,Mad Maggie,5,7,1166,10
18-5-2020,19.65,Lifeline,10,9,1643,6
15-9-2022,8.11,Mad Maggie,2,0,286,20
16-5-2019,4.3,Fuse,3,4,1189,3
12-10-2020,11.18,Pathfinder,3,4,708,8
27-5-2021,14.0,Lifeline,3,3,883,20
15-9-2019,20.54,Pathfinder,5,10,3203,6
5-3-2022,25.57,Bangalore,6,11,1775,4
28-1-2022,13.25,Wraith,6,8,2250,17
4-6-2019,9.15,Mad Maggie,1,0,87,19
13-12-2021,25.82,Gibraltar,6,5,1068,1
18-10-2020,5.86,Crypto,3,2,842,1
21-5-2022,8.45,Ash,7,4,1552,14
2-6-2022,24.82,Ash,6,5,1051,13
9-9-2019,28.93,Lifeline,13,10,4031,11
9-7-2019,21.19,Crypto,6,7,2313,13
10-4-2019,4.5,Rampart,1,1,228,18
5-11-2021,18.55,Fuse,2,5,1256,18
7-5-2021,28.57,Caustic,3,10,1558,8
17-7-2020,29.55,Pathfinder,13,5,3361,2
25-9-2021,22.77,Caustic,5,7,1705,4
22-11-2019,20.57,Pathfinder,7,6,1616,18
23-10-2022,18.85,Bangalore,9,13,4711,20
7-4-2019,1.7,Mad Maggie,4,1,553,5
25-2-2021,15.58,Caustic,3,2,804,12
26-4-2021,2.21,Wraith,3,5,840,16
28-3-2019,16.24,Crypto,9,11,3335,13
4-12-2019,24.57,Fuse,6,4,1563,16
30-12-2021,1.65,Mad Maggie,5,7,1770,13
7-12-2019,1.52,Ash,11,7,2643,10
13-8-2019,12.91,Ash,1,1,365,13
30-7-2020,28.37,Rampart,5,7,2010,4
13-12-2019,5.44,Crypto,4,6,2525,4
20-9-2022,28.33,Bloodhound,5,6,1646,7
10-1-2022,17.45,Rampart,13,9,2558,4
6-1-2020,1.3,Bangalore,5,7,2329,3
19-2-2021,8.99,Gibraltar,6,6,1562,2
2-12-2019,10.05,Crypto,2,3,1052,19
21-5-2019,2.38,Mad Maggie,5,1,1100,17
3-6-2019,16.92,Bangalore,5,3,1129,9
28-7-2022,24.31,Gibraltar,7,6,1952,7
9-1-2021,27.55,Mad Maggie,5,6,2167,6
1-8-2020,29.43,Ash,7,10,2641,7
24-6-2019,18.11,Fuse,8,7,2292,20
4-10-2020,16.17,Pathfinder,1,3,651,19
11-7-2019,24.38,Caustic,4,3,1435,6
11-3-2020,4.64,Gibraltar,2,7,1662,2
7-5-2019,9.04,Wraith,7,5,1910,20
7-2-2022,10.27,Caustic,4,5,2033,14
31-5-2020,21.08,Fuse,6,8,2041,10
5-9-2021,10.49,Bangalore,7,6,2891,7
22-5-2022,9.31,Lifeline,3,3,1732,5
27-10-2019,17.65,Bloodhound,4,5,2338,3
8-10-2022,3.54,Lifeline,10,4,1980,9
28-9-2021,20.6,Caustic,4,4,2058,16
1-12-2022,23.91,Fuse,6,9,2724,18
14-1-2020,20.85,Ash,10,7,4822,15
19-11-2022,18.23,Lifeline,12,16,5512,2
29-6-2020,27.39,Lifeline,0,7,1515,10
7-4-2022,16.95,Wraith,3,5,1314,6
5-6-2022,26.68,Crypto,7,3,2728,12
7-12-2022,2.34,Lifeline,9,4,3763,3
24-2-2020,5.67,Rampart,13,6,4903,18
21-12-2019,1.87,Ash,5,14,3961,18
15-5-2022,23.73,Wraith,6,7,2277,4
7-5-2019,19.14,Fuse,0,7,1415,10
4-3-2019,8.05,Wraith,2,2,720,2
31-1-2020,11.87,Bangalore,2,2,1172,5
21-8-2022,24.53,Fuse,5,9,4098,13
15-6-2020,26.5,Bangalore,9,4,2142,7
21-8-2019,28.08,Mad Maggie,6,8,2849,8
20-8-2019,12.01,Lifeline,6,9,3231,15
3-4-2022,28.37,Bloodhound,4,0,915,13
20-9-2022,10.34,Ash,1,4,1065,20
10-5-2022,27.73,Crypto,4,2,925,15
23-10-2022,23.03,Fuse,4,4,1772,12
5-9-2021,10.24,Bangalore,12,5,3684,4
24-3-2020,21.66,Mad Maggie,8,8,2644,17
8-8-2021,21.26,Mad Maggie,8,9,3223,12
2-12-2019,19.27,Lifeline,4,0,1327,7
30-3-2019,2.98,Wraith,3,4,2116,18
15-2-2022,14.22,Mad Maggie,2,4,1752,16
3-3-2022,20.64,Fuse,8,8,3948,16
8-7-2019,24.65,Wraith,5,9,3396,6
3-11-2019,4.88,Pathfinder,13,8,5231,20
22-5-2022,14.58,Bloodhound,8,7,3571,16
4-6-2020,27.86,Lifeline,3,1,1008,20
2-8-2022,0.81,Mad Maggie,8,1,2093,20
24-3-2021,23.6,Caustic,10,3,2721,1
8-9-2020,18.24,Caustic,3,8,2289,19
29-11-2022,20.26,Bloodhound,12,4,3791,20
5-3-2020,20.26,Rampart,5,9,3293,1
18-1-2020,2.38,Ash,10,12,5298,13
5-11-2020,1.03,Pathfinder,1,0,322,9
15-2-2022,0.75,Rampart,5,3,2367,12
30-8-2022,0.43,Ash,4,2,1599,3
28-4-2022,22.63,Crypto,10,4,2587,10
15-5-2019,12.07,Rampart,7,4,2086,6
14-12-2021,8.97,Bloodhound,6,8,4097,6
21-7-2022,14.1,Rampart,7,11,3428,16
14-5-2020,4.45,Caustic,2,4,1353,1
17-8-2019,24.94,Bangalore,5,4,2863,9
8-11-2021,10.78,Lifeline,3,3,1387,19
10-12-2021,27.09,Bloodhound,5,11,3754,12
7-10-2021,16.87,Bloodhound,5,4,2263,18
29-7-2022,22.55,Bangalore,10,5,4293,4
18-2-2021,23.74,Wraith,6,7,4065,7
28-5-2021,28.62,Rampart,2,2,823,15
17-8-2020,10.0,Caustic,8,3,3021,9
6-8-2020,24.08,Bloodhound,6,2,2518,14
27-5-2019,29.51,Bangalore,7,4,3766,16
29-5-2022,26.8,Wraith,7,7,3580,8
8-11-2020,9.85,Rampart,7,7,4882,12
5-8-2020,14.49,Bangalore,6,8,4759,5
23-3-2020,11.98,Caustic,1,3,879,13
11-7-2019,17.99,Fuse,4,7,2511,6
23-1-2021,23.49,Lifeline,4,2,1480,10
29-3-2020,17.82,Wraith,5,4,1852,19
10-9-2020,24.76,Fuse,9,4,2767,7
1-7-2019,17.59,Ash,6,10,3610,2
29-11-2019,6.44,Lifeline,9,6,3020,4
24-4-2021,16.81,Ash,0,2,566,15
26-3-2021,24.07,Bangalore,7,8,4971,18
4-12-2020,17.44,Ash,3,2,1699,6
6-3-2022,17.23,Pathfinder,11,5,4104,2
17-5-2019,0.56,Bangalore,4,4,2711,6
20-12-2021,12.1,Mad Maggie,8,5,2752,3
23-12-2020,1.16,Bloodhound,8,12,5963,13
18-10-2021,20.18,Crypto,1,1,670,2
18-9-2019,5.37,Fuse,2,7,2212,15
22-3-2020,9.15,Ash,7,2,2054,12
25-8-2019,24.51,Ash,4,5,2146,8
11-2-2022,24.09,Fuse,4,10,4027,10
26-1-2021,16.0,Gibraltar,7,12,6620,4
22-7-2019,20.66,Rampart,7,7,4256,9
8-3-2019,9.33,Rampart,1,5,2042,4
5-12-2021,4.92,Fuse,7,3,3618,12
21-12-2022,5.09,Bangalore,2,4,2135,12
22-9-2022,3.53,Fuse,3,11,4523,17
6-5-2020,17.76,Pathfinder,5,7,3572,5
29-3-2019,0.91,Bangalore,5,11,3709,5
1-10-2020,2.69,Lifeline,7,13,6741,4
16-8-2022,13.21,Bloodhound,1,2,825,14
13-11-2020,21.84,Rampart,3,6,2926,13
3-1-2022,1.72,Caustic,2,3,1748,14
7-2-2020,7.36,Mad Maggie,10,5,3649,8
23-12-2022,29.32,Lifeline,6,5,2905,12
15-3-2022,22.04,Gibraltar,5,5,3250,9
4-4-2019,26.55,Bloodhound,8,11,4714,11
12-6-2019,8.25,Wraith,0,3,723,1
12-10-2020,10.05,Lifeline,1,1,514,10
24-10-2019,15.59,Ash,7,3,3499,6
11-2-2020,6.89,Bangalore,9,8,5799,14
4-12-2020,13.85,Fuse,5,4,2792,18
11-2-2019,20.62,Caustic,6,11,6585,11
11-5-2022,20.95,Wraith,12,10,6541,6
8-8-2019,14.41,Pathfinder,3,2,1303,18
2-7-2020,15.34,Lifeline,2,5,2205,19
2-5-2019,6.64,Bloodhound,5,3,2634,8
2-4-2021,1.03,Bangalore,6,3,2524,17
7-12-2020,26.55,Crypto,10,6,4064,12
24-3-2022,23.31,Gibraltar,13,6,6702,4
21-9-2019,22.72,Caustic,13,11,6612,20
13-1-2021,15.29,Ash,5,5,2883,13
20-4-2020,10.69,Lifeline,4,3,2282,2
11-2-2022,7.54,Bloodhound,2,4,1732,3
29-12-2020,20.94,Gibraltar,4,9,4847,19
30-6-2022,6.11,Rampart,4,7,2942,15
8-8-2019,24.19,Pathfinder,10,8,7286,19
27-12-2019,3.29,Bloodhound,6,7,5145,19
14-8-2021,14.5,Rampart,5,0,1470,2
2-9-2021,27.67,Rampart,2,3,1864,14
25-9-2020,28.99,Bangalore,2,4,1590,20
1-1-2021,27.18,Gibraltar,10,5,4688,1
17-3-2020,5.11,Lifeline,7,7,5598,6
20-7-2022,12.61,Bangalore,14,5,4918,7
18-10-2022,28.14,Gibraltar,11,7,2038,1
1-7-2020,9.38,Wraith,1,2,348,1
10-6-2019,29.73,Pathfinder,9,3,1294,12
13-3-2022,2.08,Crypto,5,5,2069,15
19-11-2022,6.26,Fuse,3,6,715,10
10-7-2021,11.24,Crypto,8,11,3707,2
31-1-2020,10.56,Pathfinder,5,6,974,1
3-6-2020,21.4,Gibraltar,10,7,1463,10
5-9-2020,21.08,Bloodhound,4,6,663,17
18-9-2022,13.11,Lifeline,1,2,414,20
29-7-2022,18.83,Rampart,5,7,1351,5
10-7-2020,11.25,Caustic,6,3,1792,15
28-8-2022,18.96,Rampart,5,7,1619,15
16-2-2021,1.68,Crypto,6,9,2670,15
17-6-2019,14.34,Rampart,8,8,2097,14
24-5-2021,18.64,Lifeline,4,5,2017,8
11-9-2020,21.95,Wraith,8,3,1488,17
9-1-2021,23.6,Bloodhound,3,3,481,7
13-4-2021,6.99,Ash,4,5,871,19
11-2-2022,16.3,Ash,7,5,1492,11
29-9-2019,8.88,Caustic,9,5,2885,8
7-10-2021,4.56,Gibraltar,6,11,3374,16
10-7-2021,11.47,Crypto,6,1,710,8
11-11-2019,25.51,Rampart,1,8,1103,15
10-8-2019,20.67,Bangalore,3,2,1188,10
18-11-2019,3.85,Ash,4,6,1521,6
27-1-2020,13.7,Mad Maggie,8,8,3354,6
26-10-2021,16.76,Bloodhound,11,6,3882,4
1-8-2020,2.94,Lifeline,9,8,2622,9
4-3-2022,3.56,Lifeline,2,0,462,16
6-12-2020,12.77,Lifeline,5,9,1449,10
12-1-2022,23.94,Ash,9,6,1448,1
23-10-2022,26.29,Fuse,5,7,2051,6
13-9-2021,14.43,Lifeline,10,8,1830,7
28-10-2021,25.78,Mad Maggie,6,7,2904,12
18-12-2020,9.62,Ash,14,6,3485,3
21-5-2022,2.91,Rampart,7,1,834,18
2-1-2022,27.08,Fuse,3,2,1139,19
20-11-2020,0.08,Wraith,3,2,772,2
23-6-2021,29.67,Gibraltar,6,8,2516,11
7-4-2020,26.47,Caustic,7,5,2420,10
27-10-2021,1.87,Pathfinder,9,7,3774,2
23-3-2021,1.52,Pathfinder,13,7,2928,9
8-3-2022,12.64,Rampart,2,3,623,15
8-6-2021,15.2,Bangalore,5,2,925,9
8-7-2022,28.42,Caustic,12,4,2687,5
1-11-2022,25.14,Ash,6,3,999,6
19-1-2021,6.22,Fuse,7,8,2224,12
29-9-2020,10.87,Mad Maggie,12,8,3460,4
2-10-2021,27.46,Ash,7,8,1685,18
27-8-2022,0.17,Pathfinder,3,5,1064,11
9-12-2020,6.6,Bangalore,4,8,1459,4
29-10-2021,25.2,Gibraltar,3,3,852,5
8-11-2020,23.26,Caustic,7,7,2305,4
14-12-2020,27.08,Fuse,7,5,2688,8
2-9-2022,20.03,Bloodhound,6,9,2294,7
18-1-2022,13.4,Rampart,6,7,2719,20
22-9-2022,6.67,Pathfinder,4,1,824,9
20-3-2019,28.96,Ash,8,3,2000,13
20-1-2021,17.74,Crypto,7,4,1666,15
19-8-2020,10.79,Lifeline,4,7,2600,19
28-3-2019,7.9,Gibraltar,6,13,4614,7
6-3-2022,10.98,Bloodhound,12,6,4258,2
14-4-2022,6.72,Wraith,6,6,2632,1
20-8-2022,29.68,Caustic,3,2,901,20
21-9-2020,28.0,Gibraltar,7,2,1304,12
10-11-2019,4.05,Bangalore,2,3,850,2
10-8-2022,20.4,Gibraltar,3,4,1672,3
26-2-2020,11.38,Fuse,7,8,3749,11
28-12-2022,25.66,Gibraltar,7,15,4627,4
6-12-2021,26.44,Rampart,8,7,3246,11
4-8-2019,23.08,Caustic,2,1,800,8
7-7-2020,17.46,Fuse,4,5,1815,16
20-8-2019,20.68,Gibraltar,6,4,2357,7
12-7-2021,13.74,Crypto,6,6,2882,6
2-1-2022,29.86,Gibraltar,10,9,2595,18
27-5-2021,22.91,Mad Maggie,10,5,3657,13
18-9-2021,24.76,Lifeline,12,8,4954,19
9-3-2022,16.36,Bangalore,6,2,2056,3
13-3-2021,29.63,Pathfinder,4,4,1269,7
29-7-2020,5.92,Rampart,2,5,1276,18
15-8-2021,8.64,Gibraltar,4,6,2601,9
28-6-2020,13.02,Lifeline,10,5,3147,15
20-8-2021,27.38,Mad Maggie,9,7,2920,11
21-12-2020,17.67,Pathfinder,6,8,3029,10
1-9-2022,16.46,Rampart,2,3,972,7
11-2-2021,27.56,Gibraltar,3,1,712,7
8-12-2021,28.89,Mad Maggie,6,8,3072,4
28-10-2019,12.71,Bangalore,8,4,1985,6
19-2-2022,11.24,Bloodhound,8,8,2580,18
16-2-2022,19.37,Gibraltar,12,6,3644,10
22-8-2020,28.82,Gibraltar,9,8,2501,11
2-8-2019,0.62,Mad Maggie,2,5,2033,10
1-12-2019,10.13,Lifeline,2,6,1909,20
28-7-2019,25.86,Wraith,9,2,2016,16
24-1-2020,2.82,Rampart,7,3,3135,7
29-8-2019,4.89,Crypto,7,5,3460,2
17-9-2019,26.57,Wraith,7,5,3554,19
21-2-2020,3.12,Caustic,6,7,3660,4
19-5-2020,23.2,Caustic,8,2,3024,19
