5-12-2022,29.53,Bangalore,3,10,2579,11
13-2-2021,10.81,Bangalore,5,16,1248,19
28-1-2022,0.98,Gibraltar,2,3,437,13
7-11-2019,25.6,Lifeline,11,15,1641,9
10-4-2019,10.66,Gibraltar,2,2,523,10
4-5-2020,4.04,Rampart,2,11,1793,16
22-6-2019,8.03,Bloodhound,9,0,1670,5
22-12-2021,24.89,Bloodhound,8,2,655,3
15-8-2021,1.46,Bangalore,7,4,2293,13
20-5-2021,12.34,Lifeline,1,1,355,4
25-12-2019,22.59,Lifeline,5,3,697,19
27-9-2019,4.33,Fuse,1,14,2832,3
7-9-2020,1.45,Gibraltar,14,1,3337,8
16-8-2021,15.35,Lifeline,2,11,1600,19
5-6-2019,24.94,Rampart,6,2,1595,18
30-4-2020,2.59,Bloodhound,3,17,1035,20
18-4-2022,23.68,Revenant,4,2,1075,1
8-6-2019,24.12,Gibraltar,6,12,3071,13
24-3-2019,12.76,Fuse,1,1,254,1
23-1-2021,20.05,Revenant,2,8,1644,9
15-5-2022,15.83,Revenant,10,4,1293,17
2-2-2020,17.98,Horizon,3,3,358,12
4-3-2022,16.06,Pathfinder,1,8,712,19
16-4-2022,25.19,Bangalore,15,7,3086,20
25-1-2020,21.54,Lifeline,2,11,1037,1
10-10-2021,18.81,Rampart,6,2,535,18
12-2-2021,20.8,Wraith,2,6,1492,19
29-10-2021,13.04,Horizon,2,10,735,4
21-3-2022,18.9,Fuse,2,2,661,4
11-2-2021,21.68,Fuse,5,16,2409,10
1-1-2020,19.88,Horizon,14,8,4405,16
24-8-2022,13.52,Bloodhound,4,11,834,14
20-9-2021,16.91,Wraith,13,12,5037,8
16-7-2019,21.32,Gibraltar,3,4,830,14
7-12-2020,24.69,Gibraltar,6,12,1042,1
3-8-2019,14.77,Gibraltar,4,5,1937,8
17-5-2021,13.0,Lifeline,16,5,1636,13
23-2-2021,19.07,Pathfinder,3,3,943,2
19-11-2020,8.27,Bloodhound,17,13,4959,2
20-5-2019,1.47,Gibraltar,3,5,695,8
21-12-2020,25.44,Bangalore,6,3,1141,13
29-9-2019,25.8,Bloodhound,9,14,2906,15
20-5-2019,26.07,Bangalore,13,14,1932,3
24-3-2022,22.11,Wraith,6,2,1309,8
12-5-2020,8.65,Wraith,0,2,285,17
1-4-2020,17.93,Revenant,3,15,3152,16
23-9-2019,4.77,Lifeline,3,0,347,3
24-1-2020,20.29,Bloodhound,7,4,898,7
6-12-2020,28.11,Lifeline,3,10,934,3
24-12-2019,4.4,Wraith,7,5,2623,20
19-9-2022,10.73,Wraith,3,3,596,13
26-8-2022,14.82,Bangalore,5,11,902,10
12-3-2019,9.55,Bloodhound,2,5,1038,11
31-3-2022,29.33,Fuse,14,15,2570,20
4-3-2021,29.71,Gibraltar,8,18,2709,1
19-9-2020,22.85,Bangalore,2,18,1663,11
30-7-2020,17.61,Bloodhound,4,4,1645,13
18-11-2021,2.73,Bangalore,10,0,778,15
30-12-2021,23.46,Gibraltar,3,2,530,9
1-2-2022,5.81,Rampart,3,13,3102,18
28-4-2020,10.61,Pathfinder,6,20,1971,5
10-4-2019,1.69,Gibraltar,17,4,1283,11
20-8-2019,14.95,Rampart,12,1,2887,18
7-4-2021,12.58,Pathfinder,1,1,327,8
5-8-2022,6.06,Rampart,0,1,182,10
22-10-2020,6.07,Lifeline,12,3,3285,15
4-7-2022,5.37,Lifeline,7,3,665,1
3-1-2021,20.17,Wraith,4,13,3327,18
27-8-2020,23.91,Revenant,2,2,510,20
13-6-2022,13.59,Fuse,11,1,2201,11
19-9-2019,24.21,Bangalore,4,10,1708,1
10-9-2019,15.12,Gibraltar,1,5,931,10
10-2-2019,25.95,Revenant,10,5,2995,9
15-7-2020,5.04,Revenant,2,0,173,12
25-1-2021,5.36,Bloodhound,1,0,74,20
26-9-2019,26.05,Lifeline,6,2,1488,6
15-2-2022,3.65,Gibraltar,1,2,200,12
17-8-2021,9.12,Rampart,0,2,171,7
28-4-2022,6.11,Bangalore,1,3,778,6
27-5-2019,4.32,Fuse,7,6,2155,16
3-4-2022,17.2,Bangalore,9,13,2619,3
5-6-2020,11.28,Wraith,2,10,641,6
25-4-2020,14.81,Bangalore,7,3,1457,1
22-10-2021,25.43,Lifeline,2,4,414,10
26-11-2020,25.52,Gibraltar,6,2,718,8
17-5-2020,5.1,Bloodhound,1,2,281,10
4-9-2021,17.47,Pathfinder,11,1,2285,16
28-3-2021,7.27,Bloodhound,1,0,93,5
29-10-2022,1.27,Fuse,0,4,537,1
5-12-2021,21.12,Horizon,2,3,940,8
1-4-2021,7.77,Fuse,16,4,1174,8
21-6-2019,14.96,Bangalore,10,2,2235,5
19-11-2020,16.79,Fuse,1,11,2198,13
9-11-2020,15.76,Rampart,3,8,2077,16
7-9-2022,20.16,Bloodhound,10,10,1566,12
20-3-2022,29.32,Horizon,7,12,3679,20
6-10-2021,3.37,Rampart,11,1,831,15
10-11-2019,6.49,Rampart,5,3,868,5
14-3-2019,16.01,Fuse,12,5,2199,4
25-11-2019,9.71,Lifeline,15,0,979,12
31-8-2021,15.83,Bangalore,4,1,1070,8
11-8-2019,16.13,Bangalore,2,3,740,2
8-6-2021,24.44,Bloodhound,20,12,3735,3
15-3-2021,4.8,Fuse,0,13,1948,20
6-9-2020,24.53,Bloodhound,12,18,6169,12
4-10-2022,18.57,Rampart,10,1,738,7
13-6-2022,13.28,Revenant,4,19,1931,19
3-10-2022,20.26,Rampart,2,6,1007,1
26-5-2020,26.7,Wraith,13,3,3030,17
28-3-2022,1.51,Revenant,14,7,3128,3
31-3-2022,6.93,Wraith,0,1,96,4
3-5-2022,0.68,Pathfinder,12,0,2436,10
27-12-2022,16.08,Bloodhound,1,2,264,15
21-12-2022,28.76,Gibraltar,7,4,906,8
26-8-2020,3.73,Fuse,3,12,2207,1
25-9-2020,19.52,Gibraltar,6,12,1111,5
8-6-2019,22.54,Fuse,4,2,421,7
27-1-2022,28.68,Revenant,10,6,976,1
13-3-2022,2.53,Wraith,2,2,834,12
30-10-2021,7.17,Horizon,0,6,803,11
26-6-2020,7.01,Fuse,1,14,1169,4
17-6-2019,1.04,Lifeline,1,0,104,11
6-1-2021,13.94,Bangalore,3,4,704,9
23-11-2021,9.44,Gibraltar,17,2,1532,20
22-7-2021,9.49,Rampart,1,3,772,15
25-4-2022,28.49,Horizon,7,6,2538,8
18-5-2019,18.97,Fuse,3,4,666,8
14-12-2022,11.31,Bangalore,1,17,3180,3
22-11-2019,21.13,Lifeline,13,4,3354,5
23-11-2020,5.51,Rampart,4,2,735,20
13-8-2020,28.47,Bangalore,2,10,2324,16
25-4-2021,18.45,Horizon,7,1,945,18
27-1-2022,26.67,Bloodhound,3,12,2012,3
21-5-2020,14.04,Pathfinder,1,6,896,13
20-5-2019,4.19,Pathfinder,0,2,128,16
7-8-2021,18.96,Pathfinder,5,2,1295,2
5-12-2019,28.27,Bloodhound,8,2,1856,2
23-11-2022,11.09,Revenant,5,4,863,6
23-11-2021,7.83,Fuse,9,3,1558,10
13-7-2020,16.04,Fuse,1,7,1046,11
20-7-2022,24.42,Lifeline,17,4,3091,19
2-12-2019,24.49,Wraith,8,6,2925,15
13-6-2020,18.25,Revenant,3,5,1247,17
10-4-2021,11.73,Rampart,1,4,575,15
20-6-2022,29.77,Lifeline,2,6,1184,9
4-10-2021,22.73,Fuse,5,8,2052,8
9-9-2021,11.59,Horizon,7,5,2207,4
19-12-2020,19.8,Lifeline,1,5,1095,16
20-4-2020,0.71,Horizon,2,13,2689,14
31-8-2020,13.86,Horizon,3,5,1588,1
1-9-2019,9.12,Wraith,5,3,1139,19
18-12-2019,26.95,Bloodhound,2,7,1725,7
6-5-2020,27.25,Rampart,3,11,1300,1
12-8-2021,7.87,Fuse,0,3,258,13
25-9-2021,26.2,Fuse,12,2,1388,1
3-5-2022,23.76,Bangalore,5,16,3526,20
12-3-2022,24.4,Wraith,13,11,1787,14
16-3-2020,1.92,Lifeline,8,8,3211,18
15-9-2019,6.4,Revenant,5,9,1940,17
12-3-2022,16.65,Revenant,5,1,937,14
17-5-2022,5.97,Pathfinder,8,2,1492,20
30-9-2019,13.48,Pathfinder,2,2,490,9
14-5-2020,6.23,Gibraltar,2,14,2037,10
10-7-2022,13.14,Wraith,7,5,933,14
21-2-2020,23.26,Bangalore,4,14,2250,17
15-5-2020,14.64,Horizon,2,1,243,16
3-3-2020,2.87,Bangalore,0,0,0,2
6-1-2020,9.25,Bangalore,5,0,749,11
24-6-2020,1.27,Fuse,4,13,2295,13
27-5-2019,4.1,Wraith,9,6,2148,14
8-5-2019,2.04,Rampart,10,7,3410,18
3-9-2019,16.83,Revenant,5,4,524,6
3-6-2019,12.95,Revenant,3,12,1349,7
4-10-2021,16.09,Bangalore,5,12,3081,2
11-1-2022,15.5,Wraith,14,5,4104,3
12-8-2022,23.57,Lifeline,9,2,2202,17
20-10-2019,22.01,Gibraltar,3,6,502,4
21-6-2022,5.35,Lifeline,5,0,937,5
19-11-2022,9.07,Horizon,8,18,3284,12
3-2-2021,26.4,Rampart,9,2,644,11
27-8-2020,17.08,Gibraltar,4,3,1314,9
2-12-2021,1.29,Fuse,2,0,315,12
31-10-2022,11.94,Rampart,2,9,1865,10
8-6-2021,3.62,Rampart,1,15,2925,16
17-9-2020,4.28,Wraith,7,19,3014,18
6-10-2022,9.23,Fuse,1,4,845,12
19-8-2020,3.58,Revenant,1,1,159,14
16-4-2022,16.44,Wraith,1,3,593,1
29-7-2021,4.57,Horizon,7,1,779,14
15-9-2022,25.19,Bloodhound,2,7,936,13
25-6-2022,9.59,Rampart,11,0,2228,6
25-6-2022,7.79,Revenant,4,3,1324,2
12-3-2019,13.76,Horizon,1,3,342,7
10-9-2022,11.01,Pathfinder,14,3,1779,13
1-4-2020,22.36,Gibraltar,6,3,1681,5
22-9-2021,24.86,Rampart,15,2,2459,13
5-4-2021,4.09,Lifeline,15,9,5069,17
13-8-2020,15.85,Horizon,5,4,510,9
12-7-2020,14.74,Horizon,13,2,1088,7
30-9-2019,26.39,Rampart,10,11,1217,18
30-9-2020,21.63,Bangalore,3,5,1377,2
22-10-2022,23.98,Horizon,13,12,1412,15
2-6-2022,16.39,Fuse,5,6,2104,14
8-1-2020,13.84,Revenant,9,4,1891,3
4-10-2019,4.94,Rampart,9,9,1801,5
21-2-2020,28.25,Revenant,2,15,2557,18
6-4-2020,11.39,Bloodhound,2,5,592,13
3-3-2020,3.51,Wraith,0,2,267,20
4-6-2021,22.49,Lifeline,5,8,2313,4
29-11-2021,24.14,Wraith,4,2,1064,20
23-4-2022,28.22,Wraith,2,2,834,15
11-6-2019,15.42,Lifeline,6,3,1542,7
3-4-2019,7.35,Bloodhound,13,2,1654,15
19-1-2022,11.4,Revenant,1,1,242,4
25-11-2021,19.04,Bloodhound,7,2,1539,3
29-8-2019,21.07,Wraith,2,6,434,14
6-3-2022,25.95,Fuse,2,14,1104,18
9-9-2021,8.08,Pathfinder,5,13,1437,13
14-7-2019,8.02,Horizon,1,0,191,3
2-6-2019,12.23,Revenant,1,5,340,12
30-6-2022,28.5,Lifeline,2,8,461,18
22-6-2021,8.38,Horizon,15,1,1659,2
16-10-2019,0.03,Revenant,1,2,482,5
10-5-2019,11.95,Lifeline,1,1,264,2
13-5-2021,3.29,Wraith,5,0,1151,1
20-4-2020,22.69,Gibraltar,4,7,921,13
5-9-2022,18.96,Bangalore,2,3,379,11
24-1-2020,8.14,Lifeline,6,2,1487,2
16-2-2020,22.53,Horizon,3,5,501,11
26-5-2020,7.21,Bangalore,3,0,388,10
14-6-2019,6.28,Revenant,4,12,866,2
1-7-2020,7.96,Lifeline,1,1,120,19
16-12-2020,19.29,Rampart,5,9,1191,5
27-3-2019,5.52,Rampart,2,11,1750,2
31-3-2019,27.52,Fuse,6,6,1202,5
15-9-2021,22.53,Horizon,2,11,1878,19
24-10-2020,19.04,Revenant,15,2,1680,19
18-4-2019,4.23,Bangalore,4,3,1055,7
27-4-2020,10.66,Horizon,2,3,894,18
11-5-2020,6.67,Revenant,14,13,2303,18
9-7-2019,8.84,Wraith,10,0,1067,1
18-10-2021,7.14,Wraith,8,1,1622,18
30-7-2020,1.36,Lifeline,0,14,1611,16
20-11-2021,28.09,Bangalore,14,4,1601,8
25-2-2022,22.11,Pathfinder,2,7,963,6
14-6-2020,26.05,Horizon,5,2,924,16
27-7-2022,27.19,Fuse,2,8,817,19
19-3-2021,1.58,Horizon,0,6,930,6
15-1-2022,0.28,Fuse,1,4,287,14
27-9-2021,26.73,Fuse,2,16,1512,8
10-8-2019,20.75,Lifeline,9,2,1997,2
21-10-2021,20.93,Pathfinder,6,16,3324,1
7-6-2021,22.03,Bangalore,3,2,1036,10
13-4-2022,29.85,Pathfinder,7,12,3326,17
27-10-2021,2.26,Horizon,3,9,837,8
22-1-2020,15.63,Lifeline,6,1,835,12
13-7-2020,23.29,Bloodhound,14,8,3103,1
17-2-2022,12.9,Gibraltar,1,8,808,16
22-7-2022,3.21,Fuse,4,0,622,12
19-7-2019,13.25,Wraith,7,2,587,9
18-8-2022,22.73,Revenant,3,6,809,10
26-12-2020,18.21,Rampart,7,3,838,19
13-10-2021,25.66,Pathfinder,12,8,2799,11
18-9-2020,26.96,Fuse,5,7,1790,20
28-7-2019,27.07,Pathfinder,16,6,1698,20
2-9-2020,10.76,Bangalore,6,16,2485,16
2-12-2020,6.87,Gibraltar,4,2,762,9
23-1-2020,11.72,Horizon,4,7,1034,2
4-12-2019,0.73,Fuse,0,3,420,17
27-2-2021,11.1,Wraith,17,10,4943,17
11-5-2022,22.25,Bangalore,5,4,1206,1
17-12-2020,10.72,Bloodhound,7,13,4046,18
23-6-2020,15.31,Pathfinder,12,1,807,14
27-4-2021,2.07,Rampart,8,4,2295,9
28-8-2021,8.19,Lifeline,0,5,729,5
5-4-2020,8.44,Bangalore,0,0,0,3
26-9-2022,4.83,Horizon,4,0,394,20
15-5-2020,25.18,Wraith,15,18,3487,7
15-2-2022,14.32,Fuse,8,4,2253,8
20-3-2020,1.83,Pathfinder,5,4,809,4
29-10-2021,25.33,Fuse,8,2,1486,16
22-7-2019,22.51,Wraith,14,8,3825,16
2-4-2020,15.63,Rampart,15,9,4984,3
2-6-2020,16.69,Rampart,18,1,3494,4
30-5-2020,27.4,Lifeline,5,2,1058,10
8-10-2019,24.73,Pathfinder,2,2,285,1
24-11-2020,10.22,Fuse,6,6,1988,5
26-3-2021,15.5,Fuse,2,6,1094,7
28-8-2021,28.83,Fuse,13,5,3959,19
20-10-2022,15.08,Gibraltar,9,13,3046,1
4-11-2021,22.81,Horizon,14,5,1189,3
22-1-2022,18.56,Horizon,15,4,3399,4
9-7-2019,8.17,Revenant,1,1,169,3
25-2-2021,19.77,Revenant,3,8,2076,7
28-3-2019,13.98,Pathfinder,6,2,688,4
3-2-2021,8.92,Wraith,13,0,1889,11
29-9-2022,7.74,Bloodhound,0,3,481,16
5-11-2020,24.26,Revenant,7,10,2453,6
2-5-2019,27.08,Bangalore,15,2,2108,14
13-3-2021,13.07,Wraith,4,17,3722,14
14-11-2019,16.43,Bangalore,12,7,1664,3
9-9-2020,16.11,Revenant,2,10,2291,2
30-9-2021,0.25,Bloodhound,7,0,1103,8
30-10-2019,25.18,Pathfinder,4,15,1319,13
22-6-2020,6.87,Horizon,0,6,645,18
16-7-2021,20.91,Gibraltar,5,10,1371,9
24-6-2020,6.66,Wraith,17,10,4019,19
19-9-2022,9.39,Pathfinder,9,9,1598,19
20-5-2019,15.93,Fuse,3,7,1901,14
14-7-2021,8.59,Wraith,2,9,1592,2
3-8-2022,10.73,Lifeline,5,3,1361,18
13-5-2020,19.17,Fuse,1,8,1597,5
25-1-2020,17.82,Pathfinder,1,1,183,19
24-1-2021,13.42,Revenant,15,2,1513,14
15-12-2019,22.63,Fuse,2,6,481,19
8-12-2019,16.34,Lifeline,13,6,3163,13
4-6-2019,20.03,Lifeline,9,3,1585,4
6-4-2019,10.73,Revenant,10,3,2107,4
27-9-2022,3.51,Bloodhound,0,13,1144,8
18-5-2022,4.03,Bangalore,11,0,2337,5
7-7-2019,9.98,Revenant,2,6,623,1
23-7-2022,11.96,Lifeline,3,6,588,16
29-6-2021,16.33,Horizon,1,1,186,7
11-8-2021,6.19,Wraith,5,15,1799,15
25-3-2022,16.51,Lifeline,1,6,465,15
20-4-2021,13.75,Wraith,11,4,1819,13
16-4-2019,8.36,Bloodhound,9,14,3573,5
23-8-2019,2.13,Rampart,3,0,358,8
21-11-2019,12.41,Revenant,1,1,294,2
24-10-2021,29.99,Lifeline,2,5,702,8
13-12-2022,29.01,Horizon,7,3,1328,2
10-12-2022,5.44,Revenant,10,17,1719,17
21-10-2019,12.98,Rampart,5,9,2460,7
16-3-2020,12.96,Rampart,1,6,1390,19
11-6-2022,5.03,Fuse,6,0,482,2
1-9-2022,5.42,Horizon,9,4,939,14
12-2-2022,4.26,Wraith,0,4,245,1
28-6-2021,12.8,Revenant,1,13,1170,4
16-9-2020,4.41,Rampart,13,2,2485,5
24-3-2021,0.86,Gibraltar,13,1,886,19
18-6-2020,4.61,Bloodhound,1,1,111,8
2-8-2019,5.04,Lifeline,3,1,595,19
1-9-2019,1.28,Bangalore,2,0,330,17
7-5-2022,5.04,Bloodhound,3,3,760,7
19-6-2019,15.33,Bangalore,12,6,3413,16
21-10-2020,24.09,Rampart,19,12,4751,15
13-11-2022,4.49,Bangalore,10,2,939,18
2-8-2022,10.39,Horizon,2,12,1344,10
18-3-2019,9.31,Fuse,1,12,1207,6
29-5-2020,24.27,Horizon,9,2,704,1
22-4-2021,18.77,Wraith,5,4,1572,19
23-4-2022,5.52,Rampart,3,2,1021,20
6-9-2019,2.44,Lifeline,0,0,0,15
3-9-2021,24.04,Fuse,12,2,1980,15
30-7-2022,6.62,Fuse,5,0,346,4
29-8-2022,15.75,Rampart,3,11,2192,19
19-9-2019,20.31,Rampart,21,2,2876,4
4-8-2022,17.3,Gibraltar,10,8,1851,9
26-11-2021,9.4,Bangalore,1,0,197,16
1-8-2020,29.23,Rampart,13,7,2408,8
24-12-2020,7.13,Fuse,14,1,2707,14
2-4-2019,13.24,Gibraltar,13,8,3838,18
19-5-2019,14.29,Wraith,20,4,3481,18
14-10-2019,25.49,Bloodhound,10,8,3485,10
24-6-2019,16.81,Wraith,13,3,3040,18
11-10-2022,16.55,Horizon,6,16,3488,18
26-9-2020,9.63,Wraith,1,12,1632,18
1-1-2022,17.65,Rampart,1,5,627,12
4-9-2019,15.29,Bloodhound,3,2,767,16
28-3-2019,14.24,Fuse,11,14,3318,14
24-6-2020,23.41,Fuse,14,5,1945,20
20-10-2021,17.97,Gibraltar,4,6,1427,3
7-3-2020,27.21,Rampart,4,6,1369,16
24-10-2020,12.28,Rampart,5,10,1710,11
10-4-2022,25.25,Wraith,3,19,1674,18
1-8-2022,22.6,Pathfinder,4,13,2608,14
11-9-2021,15.22,Wraith,14,15,4516,2
16-10-2022,23.42,Pathfinder,4,2,792,5
7-1-2021,20.22,Gibraltar,14,6,1165,12
20-11-2022,2.43,Revenant,3,16,2277,9
18-8-2021,27.68,Bangalore,4,9,862,8
19-1-2022,15.39,Pathfinder,7,2,1812,18
29-5-2019,21.0,Rampart,6,3,1816,12
12-3-2020,13.15,Fuse,7,6,1867,20
20-5-2022,26.32,Revenant,17,3,1479,2
21-4-2020,4.68,Gibraltar,0,2,175,9
10-8-2022,24.15,Revenant,4,2,1001,13
8-12-2020,28.03,Gibraltar,13,9,3683,2
13-7-2019,14.16,Horizon,12,17,1942,5
10-3-2021,11.98,Lifeline,4,1,309,1
27-9-2020,26.03,Rampart,12,6,2489,18
3-11-2022,18.08,Pathfinder,20,17,6160,13
26-2-2020,13.7,Horizon,5,5,1186,17
30-11-2020,20.2,Bloodhound,4,3,719,7
2-9-2021,9.97,Rampart,1,2,301,20
2-11-2021,0.24,Pathfinder,3,0,603,3
7-5-2020,16.54,Bangalore,4,10,1795,2
30-12-2021,21.28,Pathfinder,6,3,1326,7
8-5-2019,25.67,Rampart,8,6,2280,7
22-3-2021,2.91,Wraith,0,2,338,16
23-12-2022,21.74,Gibraltar,2,2,587,20
1-5-2020,2.42,Fuse,2,13,1819,11
2-3-2022,0.58,Fuse,14,0,1722,2
21-2-2021,27.2,Wraith,6,12,3043,14
11-4-2021,18.49,Pathfinder,1,2,492,2
9-12-2021,21.27,Horizon,16,3,2730,18
3-1-2022,24.37,Gibraltar,8,6,1404,16
30-12-2020,3.87,Wraith,8,0,898,8
1-5-2022,10.63,Rampart,4,5,1855,5
12-9-2019,17.89,Bloodhound,2,1,641,1
28-1-2021,22.78,Wraith,2,5,421,7
24-4-2022,8.33,Bloodhound,4,6,607,16
9-3-2019,16.07,Wraith,4,2,491,2
3-4-2022,8.38,Bangalore,2,1,613,3
3-8-2022,13.98,Bangalore,15,2,3868,9
30-8-2022,16.15,Bloodhound,6,2,470,6
1-11-2022,16.27,Gibraltar,8,17,3457,7
17-9-2020,13.71,Lifeline,7,4,1397,7
20-9-2019,8.81,Pathfinder,13,4,3762,6
1-10-2019,1.82,Fuse,9,8,2434,12
26-10-2019,25.91,Bangalore,8,10,1072,6
29-11-2022,16.19,Wraith,15,1,3518,3
6-11-2020,25.69,Wraith,10,3,1248,12
2-6-2019,25.09,Gibraltar,15,13,6035,12
28-5-2019,18.17,Wraith,9,14,1694,17
31-8-2020,22.01,Bangalore,2,3,686,6
24-11-2022,17.34,Horizon,1,6,992,10
27-7-2022,26.86,Rampart,4,2,556,7
5-2-2020,2.96,Fuse,2,0,223,5
27-10-2022,29.69,Wraith,2,2,416,9
16-8-2020,27.92,Bangalore,8,16,1242,14
13-2-2022,23.07,Fuse,12,6,2994,6
1-9-2019,19.98,Fuse,1,2,466,20
30-10-2019,24.04,Fuse,2,13,1769,13
16-2-2019,4.86,Wraith,0,11,2051,9
17-12-2021,12.15,Revenant,10,9,2510,3
3-5-2022,13.7,Lifeline,5,13,3392,14
15-4-2022,23.41,Lifeline,2,11,888,14
22-9-2021,17.33,Horizon,8,1,1202,7
30-6-2020,19.07,Bangalore,1,12,1387,18
7-7-2019,24.16,Pathfinder,13,6,3523,17
14-11-2022,22.18,Horizon,12,9,2384,11
9-11-2019,3.73,Bangalore,0,14,771,12
21-5-2019,26.63,Fuse,2,3,668,20
24-5-2019,18.48,Rampart,17,14,3986,5
8-9-2022,16.9,Bloodhound,4,5,821,15
25-2-2020,16.26,Revenant,3,1,870,17
15-4-2020,3.33,Lifeline,4,5,1050,2
26-9-2020,5.05,Bloodhound,10,7,2930,14
9-7-2020,21.09,Rampart,2,9,664,7
1-5-2020,17.81,Bangalore,7,10,1891,17
24-3-2020,13.94,Bloodhound,16,6,1918,15
21-9-2019,2.1,Rampart,13,2,3357,16
30-7-2020,21.52,Horizon,9,17,3940,3
27-8-2021,1.8,Bangalore,3,7,1573,17
15-9-2020,23.32,Horizon,2,5,550,12
13-11-2020,16.07,Revenant,13,13,5191,7
13-7-2021,3.55,Bloodhound,5,11,1677,12
3-3-2021,0.75,Fuse,1,2,250,10
17-12-2019,4.27,Rampart,12,3,2155,1
11-6-2021,18.08,Rampart,7,6,1315,19
2-11-2020,25.86,Bangalore,4,5,927,20
4-2-2021,16.57,Gibraltar,5,4,1610,11
18-6-2020,29.95,Rampart,7,9,2397,13
18-12-2021,19.75,Gibraltar,6,5,1488,16
18-5-2019,11.28,Fuse,10,1,901,5
14-7-2020,10.95,Pathfinder,9,2,1673,18
25-2-2020,16.87,Bloodhound,18,1,3731,2
10-2-2020,24.34,Lifeline,2,2,505,6
22-5-2020,1.87,Bangalore,2,3,465,2
10-9-2019,18.33,Lifeline,5,6,1037,15
9-4-2019,19.45,Wraith,17,7,2269,10
20-10-2021,15.5,Gibraltar,18,1,4317,2
7-12-2020,27.07,Gibraltar,12,14,4115,13
16-3-2019,17.99,Horizon,8,3,2390,4
24-7-2021,17.87,Wraith,6,8,2361,8
29-9-2021,2.08,Fuse,5,0,528,17
10-4-2019,21.15,Rampart,13,12,1965,11
8-5-2022,11.73,Pathfinder,17,7,1751,9
17-5-2022,22.62,Gibraltar,16,13,5957,3
12-12-2022,6.89,Lifeline,7,10,3358,19
1-10-2019,4.07,Fuse,0,6,1078,14
26-12-2021,12.07,Wraith,3,6,513,1
15-8-2019,21.9,Fuse,12,7,3657,4
18-4-2022,15.16,Pathfinder,1,1,167,13
4-4-2021,19.97,Wraith,4,6,1862,14
6-3-2020,0.9,Bloodhound,0,8,785,18
26-6-2020,22.04,Pathfinder,2,12,1753,12
1-4-2022,13.09,Bloodhound,2,16,1516,3
7-4-2022,17.7,Horizon,3,7,1165,16
10-1-2021,21.04,Lifeline,3,18,1058,7
13-11-2021,8.36,Pathfinder,7,2,1068,15
11-1-2020,15.49,Pathfinder,2,2,713,19
30-5-2019,10.23,Wraith,7,7,1496,10
13-10-2021,29.67,Bloodhound,4,2,663,2
25-9-2022,19.4,Horizon,10,1,1259,3
22-1-2020,12.29,Lifeline,2,4,315,5
5-8-2021,24.13,Gibraltar,2,5,689,13
9-1-2022,9.02,Gibraltar,9,7,1425,6
11-6-2021,20.82,Horizon,13,6,2462,14
24-4-2020,28.29,Gibraltar,3,3,973,17
24-12-2019,14.85,Bangalore,1,9,659,4
8-7-2021,29.72,Fuse,3,2,374,20
30-11-2020,14.92,Horizon,2,5,1176,6
18-10-2022,18.54,Bangalore,6,10,2281,20
28-8-2020,7.92,Pathfinder,4,0,477,3
26-10-2021,8.98,Bangalore,14,7,2595,15
4-8-2019,4.69,Bangalore,4,7,1381,15
4-7-2022,29.86,Lifeline,11,20,5196,10
28-9-2021,23.81,Revenant,2,4,828,8
3-7-2021,18.4,Horizon,3,10,740,13
22-5-2020,13.7,Wraith,1,3,654,7
24-11-2019,1.18,Fuse,0,0,0,10
25-10-2020,25.71,Pathfinder,2,2,364,11
28-2-2019,22.29,Horizon,3,2,478,8
19-6-2019,29.65,Lifeline,3,7,680,15
12-3-2019,28.03,Lifeline,6,4,813,16
11-9-2021,29.89,Lifeline,3,20,1225,19
19-4-2021,8.11,Horizon,0,0,0,13
10-3-2022,2.02,Gibraltar,12,10,1911,3
14-10-2022,21.21,Bangalore,3,9,2216,17
26-12-2021,29.89,Bloodhound,3,13,1941,14
7-4-2022,10.0,Revenant,1,4,355,5
12-5-2019,21.58,Pathfinder,8,13,4055,4
16-6-2019,2.3,Gibraltar,13,0,2926,10
25-9-2019,29.26,Horizon,11,6,3571,3
5-10-2022,23.64,Bangalore,8,8,2259,20
15-2-2022,15.75,Lifeline,4,6,658,15
20-4-2021,2.62,Fuse,0,4,400,17
3-3-2020,26.27,Horizon,2,10,1495,11
11-11-2019,18.61,Lifeline,11,1,2295,9
15-12-2020,5.56,Horizon,0,4,615,7
28-11-2020,10.38,Lifeline,5,1,836,1
22-3-2020,29.22,Pathfinder,13,4,3101,11
25-10-2020,26.56,Gibraltar,11,19,3169,10
28-1-2022,0.47,Horizon,3,8,838,16
24-4-2020,3.61,Wraith,5,14,2340,18
26-8-2022,15.52,Gibraltar,10,10,2532,3
10-12-2019,2.67,Rampart,11,11,2207,2
18-5-2022,24.14,Rampart,7,16,1774,14
22-4-2020,1.33,Horizon,3,3,456,4
19-12-2021,14.73,Horizon,2,8,1961,19
3-6-2022,6.56,Pathfinder,1,0,128,6
2-5-2019,25.93,Bloodhound,4,3,708,11
17-8-2022,12.51,Rampart,3,8,899,19
24-2-2022,12.28,Fuse,2,6,839,11
22-6-2022,12.58,Bangalore,4,2,1053,20
15-3-2021,29.75,Rampart,8,3,1528,8
19-1-2022,3.63,Lifeline,8,19,4399,11
19-12-2022,0.22,Pathfinder,0,1,127,9
12-12-2022,4.53,Bangalore,1,1,135,9
21-8-2020,13.58,Rampart,4,8,2413,10
16-10-2022,18.85,Horizon,10,8,1858,10
30-12-2020,22.41,Gibraltar,12,7,2213,3
7-6-2020,22.99,Bangalore,5,5,1013,12
12-3-2021,7.2,Revenant,10,0,1074,15
6-10-2019,24.39,Gibraltar,12,12,4474,9
8-7-2019,23.65,Revenant,15,9,3558,3
9-5-2021,8.46,Fuse,2,4,482,14
3-4-2021,5.29,Fuse,5,3,1641,20
14-9-2019,28.95,Fuse,8,2,2292,19
15-7-2019,11.13,Rampart,9,8,2916,2
7-8-2021,16.14,Pathfinder,2,11,2253,1
8-10-2020,21.59,Fuse,2,10,1810,5
12-12-2019,12.89,Fuse,4,1,290,14
27-1-2022,22.04,Bloodhound,13,10,2501,15
2-1-2022,6.5,Bangalore,1,0,116,17
9-11-2019,2.45,Horizon,1,1,260,4
18-6-2020,3.96,Bloodhound,4,0,567,20
24-2-2020,9.34,Rampart,1,4,463,13
19-5-2022,29.41,Horizon,6,6,2097,4
9-2-2021,26.91,Bloodhound,10,5,2615,2
12-7-2019,18.8,Bangalore,17,16,4285,7
2-11-2021,24.44,Horizon,11,19,3368,2
13-1-2022,12.8,Bloodhound,2,8,1686,13
4-1-2021,26.43,Gibraltar,8,2,1945,19
12-4-2019,11.83,Gibraltar,10,13,2871,8
11-3-2022,18.21,Wraith,11,3,3004,1
25-3-2021,20.48,Revenant,2,4,658,4
8-4-2021,21.03,Revenant,12,6,2561,20
18-7-2022,9.92,Bloodhound,3,14,2848,3
26-7-2019,0.24,Lifeline,4,2,573,10
24-7-2022,7.33,Fuse,2,1,211,6
30-12-2019,4.78,Lifeline,1,1,257,9
29-7-2021,25.0,Rampart,5,2,1588,9
4-10-2019,18.19,Pathfinder,3,12,1141,8
6-8-2022,22.97,Wraith,18,15,3594,2
1-9-2021,0.65,Fuse,4,2,654,3
21-3-2019,0.18,Revenant,3,16,2798,19
29-3-2022,26.5,Fuse,5,10,1201,3
23-1-2020,28.41,Pathfinder,4,13,2562,19
23-12-2019,7.77,Lifeline,14,8,4338,8
9-3-2019,19.91,Rampart,8,9,1626,1
22-3-2020,6.5,Fuse,2,3,540,7
27-6-2021,29.31,Bangalore,10,3,1413,6
15-7-2022,15.9,Revenant,12,2,2782,9
5-3-2022,14.18,Rampart,14,9,4015,3
27-9-2021,21.29,Bangalore,4,13,2726,11
15-8-2019,11.7,Bloodhound,6,11,1642,12
29-12-2021,19.62,Gibraltar,4,13,2189,4
13-2-2022,10.54,Lifeline,14,6,3293,19
8-4-2020,26.7,Gibraltar,15,9,4280,16
5-9-2019,24.24,Bangalore,7,12,1762,3
11-7-2021,28.54,Rampart,9,18,3019,4
26-11-2021,11.41,Horizon,12,6,1869,18
20-3-2022,19.7,Bangalore,8,2,1339,14
6-2-2021,9.65,Pathfinder,14,0,1581,6
17-7-2021,6.57,Rampart,3,0,292,17
4-1-2020,20.88,Bangalore,2,13,1799,9
18-2-2020,19.6,Revenant,3,3,774,18
14-12-2021,6.11,Horizon,5,14,2221,12
9-11-2021,23.62,Gibraltar,5,9,1648,14
16-5-2022,3.1,Pathfinder,13,5,3286,20
29-12-2020,23.71,Bangalore,8,2,1176,11
24-7-2021,29.58,Bloodhound,2,8,1640,16
1-1-2022,0.01,Bloodhound,3,0,294,5
13-10-2019,4.73,Wraith,4,4,746,6
11-8-2019,2.62,Wraith,19,0,3751,15
5-9-2019,5.35,Bloodhound,0,12,1035,18
26-10-2021,27.09,Pathfinder,6,9,1269,3
18-7-2019,13.86,Gibraltar,2,4,613,12
5-10-2021,2.26,Horizon,3,14,2018,1
30-7-2019,15.3,Gibraltar,17,1,1108,2
15-5-2019,18.68,Bangalore,7,9,3174,19
6-1-2022,10.17,Bangalore,4,1,727,14
22-10-2022,6.48,Gibraltar,2,15,2820,12
28-2-2019,22.36,Pathfinder,10,2,2323,3
31-7-2019,25.77,Gibraltar,3,4,1038,19
7-11-2022,13.31,Bloodhound,17,8,1380,8
29-5-2019,11.99,Bangalore,4,8,668,10
13-6-2022,12.58,Revenant,8,1,637,20
23-1-2022,0.1,Bangalore,0,0,0,1
14-9-2020,16.35,Bloodhound,2,14,1575,2
20-10-2020,25.73,Wraith,4,13,1795,8
15-4-2022,4.49,Fuse,11,1,1553,13
29-1-2022,7.98,Gibraltar,11,11,4005,16
3-7-2020,0.13,Rampart,11,16,3764,15
24-2-2022,11.28,Wraith,7,12,3230,19
9-6-2020,20.43,Gibraltar,7,10,2623,2
14-10-2021,7.75,Rampart,3,2,270,5
20-7-2022,6.99,Gibraltar,9,11,1227,20
9-9-2019,17.34,Bloodhound,8,1,1993,15
10-4-2022,8.78,Fuse,2,0,126,9
2-2-2022,23.96,Horizon,9,3,1614,4
1-4-2020,22.07,Bangalore,2,9,555,4
19-12-2020,14.57,Revenant,7,12,3266,9
27-11-2021,5.92,Pathfinder,2,11,1563,2
17-12-2021,16.18,Revenant,3,6,1247,9
24-2-2020,4.16,Pathfinder,1,0,183,7
20-11-2020,26.25,Rampart,2,18,1217,3
20-9-2020,2.16,Pathfinder,1,12,1944,4
9-2-2019,26.26,Fuse,6,2,573,15
8-3-2020,20.28,Rampart,2,4,1171,5
14-9-2020,25.1,Horizon,9,16,5050,15
15-2-2019,17.83,Horizon,5,1,1019,17
3-4-2019,10.12,Pathfinder,9,3,1672,15
4-1-2020,8.29,Pathfinder,8,6,2548,9
14-6-2021,27.28,Revenant,2,2,561,17
23-5-2019,19.55,Rampart,5,13,1875,7
23-8-2022,17.25,Rampart,2,1,231,18
20-12-2019,16.6,Fuse,1,4,271,20
20-5-2022,18.47,Revenant,7,9,1845,18
23-11-2021,28.01,Lifeline,2,11,870,5
15-7-2021,25.75,Bangalore,7,17,3919,7
27-10-2020,25.29,Lifeline,13,6,3478,3
1-7-2021,23.08,Rampart,4,10,1834,1
3-9-2021,9.54,Fuse,1,3,650,6
21-10-2022,15.28,Revenant,3,4,912,9
16-12-2020,18.14,Bangalore,1,3,746,19
3-7-2019,12.05,Bangalore,5,1,1246,14
18-4-2022,20.16,Wraith,9,6,2367,17
20-9-2020,22.77,Fuse,11,4,1953,16
2-9-2019,13.12,Bloodhound,3,3,1114,20
15-12-2022,8.09,Bangalore,5,4,863,9
4-10-2022,25.82,Bangalore,11,2,1045,17
1-10-2019,21.45,Pathfinder,9,5,993,20
31-5-2019,11.92,Fuse,14,16,4770,2
8-5-2021,22.53,Wraith,9,5,1671,2
2-9-2022,21.76,Wraith,8,11,3006,10
26-1-2022,26.78,Fuse,2,19,2517,15
26-6-2019,8.55,Lifeline,0,1,137,6
8-3-2022,25.12,Pathfinder,5,18,2379,18
26-4-2020,8.52,Rampart,1,1,273,19
24-6-2019,20.16,Bloodhound,2,6,887,20
10-3-2021,24.88,Bloodhound,8,2,651,11
31-5-2019,27.29,Revenant,4,6,1288,17
4-10-2022,25.58,Pathfinder,7,14,3221,8
16-1-2022,18.16,Gibraltar,3,14,2067,2
2-6-2020,1.5,Rampart,0,10,1610,12
16-8-2021,16.38,Lifeline,4,3,1287,7
16-12-2020,25.79,Gibraltar,15,10,2103,20
16-6-2021,28.14,Revenant,2,19,2636,18
17-9-2022,9.65,Rampart,1,8,1530,12
26-10-2020,5.53,Gibraltar,4,3,1090,19
31-5-2020,18.1,Revenant,2,2,739,1
17-11-2022,0.07,Revenant,7,1,1487,20
15-2-2022,10.82,Bangalore,14,1,3142,1
17-10-2021,2.26,Fuse,0,7,925,8
21-11-2022,11.37,Wraith,3,5,829,18
18-2-2020,20.23,Lifeline,4,7,709,5
10-1-2020,24.91,Revenant,4,4,724,14
7-3-2020,24.08,Lifeline,2,2,835,6
16-6-2021,13.5,Pathfinder,10,1,752,15
16-5-2020,12.39,Wraith,8,9,1566,7
31-12-2022,27.3,Rampart,10,17,3097,3
27-10-2020,24.75,Bangalore,13,2,2890,20
25-9-2020,1.95,Pathfinder,3,1,882,10
14-3-2021,25.79,Horizon,2,6,1223,17
2-4-2020,4.25,Lifeline,7,7,2746,5
16-8-2022,19.04,Bloodhound,11,5,2716,13
16-3-2021,19.67,Lifeline,12,6,3106,11
22-7-2022,26.31,Rampart,2,3,615,12
16-7-2021,24.55,Bloodhound,2,16,2107,16
10-9-2021,14.18,Rampart,11,12,4795,18
9-8-2019,22.96,Wraith,5,13,2302,18
11-8-2021,6.49,Horizon,0,0,0,5
19-5-2020,8.21,Bloodhound,2,4,597,20
31-10-2021,4.79,Bangalore,5,10,1574,9
23-3-2022,25.56,Fuse,17,14,6159,12
14-10-2019,5.2,Horizon,6,0,775,20
12-7-2019,13.14,Fuse,5,1,557,4
7-5-2021,8.61,Fuse,3,3,1284,19
20-12-2022,7.88,Bangalore,11,0,754,14
1-7-2019,3.56,Revenant,5,2,1363,6
23-3-2021,11.51,Fuse,5,2,673,5
9-10-2021,3.74,Pathfinder,2,1,679,4
3-4-2019,20.32,Gibraltar,12,6,1370,1
15-2-2021,21.46,Wraith,4,3,428,3
19-4-2020,17.43,Fuse,5,12,3157,5
22-3-2021,21.5,Pathfinder,4,3,759,17
9-10-2022,10.86,Fuse,5,7,2351,11
17-2-2021,29.75,Wraith,3,3,363,18
4-8-2019,17.8,Horizon,4,7,2067,14
8-9-2022,9.89,Bloodhound,13,3,3425,19
16-6-2022,0.44,Lifeline,11,0,1467,7
19-5-2022,2.21,Revenant,1,6,1333,15
8-12-2019,7.2,Bangalore,7,0,940,13
2-10-2020,4.8,Lifeline,8,2,1870,3
8-5-2021,7.93,Bloodhound,9,0,1130,20
30-1-2021,1.26,Pathfinder,0,0,0,4
1-9-2021,0.24,Wraith,0,10,673,14
26-11-2019,7.84,Rampart,5,10,921,12
26-3-2020,13.58,Horizon,1,1,308,20
8-3-2020,22.87,Wraith,6,3,1327,14
4-10-2019,17.67,Bangalore,4,12,2376,11
23-3-2019,2.31,Wraith,0,4,641,5
8-11-2020,16.0,Bloodhound,2,13,894,3
28-9-2020,3.68,Pathfinder,7,4,989,16
15-7-2020,0.85,Horizon,7,9,2153,19
7-8-2021,25.79,Wraith,3,18,3940,17
8-9-2019,0.41,Fuse,2,1,429,1
2-7-2021,20.52,Pathfinder,14,3,1402,17
30-5-2021,4.05,Gibraltar,1,1,325,17
9-9-2022,28.09,Pathfinder,15,9,2325,4
16-6-2022,14.13,Revenant,2,6,1574,3
12-6-2022,9.63,Fuse,1,0,248,9
19-12-2022,3.02,Horizon,7,6,1381,15
23-7-2020,16.68,Bangalore,2,7,1516,15
31-7-2019,19.0,Horizon,2,1,175,1
2-3-2020,4.48,Bloodhound,13,15,2705,8
27-5-2019,22.36,Gibraltar,6,12,1030,13
8-2-2020,8.94,Bangalore,3,11,833,11
11-9-2020,7.0,Bangalore,2,3,707,7
31-12-2020,16.6,Rampart,1,13,2592,4
12-3-2021,23.45,Rampart,2,13,1936,20
6-9-2022,24.33,Bloodhound,2,10,1413,15
29-4-2021,4.75,Wraith,4,1,337,14
25-4-2020,14.36,Horizon,5,13,3329,14
2-8-2022,6.56,Revenant,2,7,1481,16
5-10-2020,21.12,Fuse,5,16,4172,19
12-2-2021,14.09,Revenant,2,2,571,14
4-3-2021,14.69,Lifeline,19,1,1620,20
16-2-2022,14.49,Fuse,6,5,2000,12
3-2-2022,19.69,Rampart,1,7,747,8
10-11-2022,12.13,Fuse,2,4,611,1
21-8-2019,17.32,Lifeline,11,17,1807,8
25-10-2020,3.41,Rampart,7,5,792,1
1-7-2022,8.7,Rampart,4,0,684,19
13-7-2020,3.64,Lifeline,1,0,52,14
20-10-2019,28.77,Bloodhound,4,11,1043,16
4-11-2019,27.24,Revenant,7,4,681,11
10-5-2021,12.55,Revenant,7,10,2999,10
2-1-2020,7.14,Horizon,9,1,1092,15
31-5-2019,24.84,Wraith,5,9,2091,11
20-8-2021,5.67,Horizon,1,9,1075,6
12-12-2021,2.71,Fuse,0,1,70,15
4-11-2019,12.59,Horizon,6,13,2440,11
28-2-2022,22.8,Bangalore,5,6,2268,6
22-4-2020,19.64,Wraith,10,7,1909,11
21-3-2020,16.47,Wraith,10,4,2113,8
13-6-2020,28.11,Rampart,5,7,2004,20
13-10-2020,19.69,Revenant,7,2,1451,14
9-6-2019,18.37,Revenant,1,19,2125,15
7-10-2022,16.68,Fuse,2,5,694,16
8-12-2022,21.62,Horizon,2,4,862,2
31-5-2021,10.04,Pathfinder,6,3,930,19
21-5-2020,3.98,Fuse,7,2,649,1
13-6-2022,11.38,Bangalore,10,10,4079,10
25-4-2019,17.41,Pathfinder,1,16,1594,16
12-11-2020,19.48,Revenant,5,1,868,2
5-6-2021,27.28,Revenant,3,4,525,5
22-6-2019,29.63,Lifeline,17,8,4490,20
1-8-2022,11.19,Fuse,7,2,771,19
24-5-2019,16.69,Gibraltar,4,1,663,14
31-12-2020,16.05,Lifeline,3,2,459,14
4-11-2021,21.7,Gibraltar,11,8,2318,19
6-4-2022,21.05,Revenant,4,4,1459,5
11-8-2022,29.62,Gibraltar,2,3,841,12
17-6-2021,24.04,Revenant,8,5,2315,15
9-11-2021,12.57,Wraith,9,1,825,2
11-3-2019,5.09,Gibraltar,1,2,460,10
23-12-2019,28.32,Lifeline,3,5,1551,16
10-8-2020,21.72,Fuse,4,3,714,6
1-7-2020,1.31,Bloodhound,2,8,1598,8
4-1-2020,15.7,Wraith,10,5,2609,14
23-6-2021,11.05,Lifeline,5,6,2047,4
15-12-2020,16.36,Rampart,5,8,1627,18
6-3-2021,6.91,Fuse,0,6,366,9
18-1-2022,23.83,Pathfinder,20,2,4297,13
12-9-2019,0.2,Pathfinder,2,9,1051,18
1-5-2021,23.08,Lifeline,2,3,841,17
17-4-2022,14.9,Rampart,1,1,370,20
14-1-2021,21.42,Bloodhound,4,2,1033,9
10-8-2020,9.56,Bangalore,7,15,1477,5
12-11-2019,20.29,Bangalore,2,6,615,1
31-12-2020,24.42,Horizon,16,20,5632,15
11-10-2020,1.2,Rampart,8,7,988,9
10-12-2019,10.78,Bangalore,8,3,2437,11
1-10-2019,11.66,Pathfinder,10,9,1222,5
29-3-2019,14.16,Bloodhound,1,2,637,7
14-2-2022,3.06,Bloodhound,1,0,78,15
12-6-2020,11.5,Pathfinder,1,5,823,8
12-12-2021,6.74,Gibraltar,1,7,1238,11
22-10-2020,8.6,Lifeline,3,1,469,5
5-3-2019,14.87,Pathfinder,2,2,313,10
1-2-2021,7.51,Fuse,11,2,2360,9
27-3-2020,7.54,Horizon,1,0,121,19
26-10-2021,5.82,Gibraltar,11,2,1035,11
19-6-2021,21.19,Revenant,4,3,827,9
22-2-2020,14.34,Bangalore,8,1,773,3
12-11-2021,9.62,Rampart,0,2,143,17
17-9-2021,12.66,Rampart,2,8,514,3
17-12-2022,16.86,Gibraltar,5,8,827,5
20-6-2021,29.65,Fuse,8,5,1754,16
1-1-2020,3.77,Gibraltar,12,0,1484,14
2-9-2019,6.91,Fuse,4,15,1378,11
7-9-2020,22.3,Pathfinder,4,11,2383,19
18-10-2022,26.94,Bloodhound,4,7,2290,9
20-6-2022,11.8,Gibraltar,14,3,3213,20
13-7-2021,12.83,Pathfinder,1,15,2932,12
13-4-2021,2.99,Bangalore,10,0,1159,18
24-7-2020,14.62,Bangalore,6,1,870,9
24-9-2022,12.57,Bloodhound,3,2,802,11
8-9-2021,24.11,Revenant,13,11,2914,16
6-10-2022,16.72,Wraith,12,7,1887,16
2-12-2020,22.5,Horizon,7,11,3098,10
17-9-2019,25.27,Bloodhound,14,9,2830,16
24-11-2019,14.59,Fuse,5,5,1358,17
5-12-2020,17.31,Horizon,1,6,416,18
19-8-2020,9.96,Bangalore,10,15,2697,16
11-2-2019,20.48,Bloodhound,14,9,4620,2
17-10-2021,21.31,Revenant,10,5,1173,7
27-9-2021,6.09,Fuse,0,4,705,10
2-6-2019,15.82,Wraith,4,5,1127,1
14-4-2020,13.74,Gibraltar,1,1,402,1
8-11-2019,18.49,Lifeline,1,14,1020,3
16-6-2022,22.95,Rampart,4,5,1394,4
15-9-2019,21.41,Revenant,2,9,1460,10
31-12-2021,15.7,Fuse,3,4,1439,9
9-4-2020,2.04,Wraith,1,8,500,8
20-12-2019,13.55,Rampart,1,17,1696,10
22-10-2020,16.1,Bangalore,8,17,1421,13
4-7-2021,27.65,Gibraltar,3,5,1533,18
2-3-2019,28.23,Gibraltar,3,3,844,11
15-12-2020,29.2,Bangalore,9,18,2265,13
17-11-2022,20.36,Wraith,7,14,1271,1
19-11-2022,26.29,Pathfinder,7,8,1545,5
5-8-2022,14.05,Rampart,1,4,695,11
29-5-2022,25.3,Wraith,12,8,3517,12
10-11-2019,23.23,Lifeline,11,4,3320,18
7-6-2019,25.98,Bloodhound,8,6,1667,11
6-5-2021,19.39,Wraith,8,5,1340,4
4-3-2020,17.75,Revenant,1,1,363,5
28-5-2022,15.07,Gibraltar,5,1,894,7
17-8-2019,8.45,Lifeline,0,5,585,14
23-9-2022,27.36,Rampart,3,14,1657,20
6-2-2021,5.82,Pathfinder,14,1,1193,1
28-8-2021,20.53,Bloodhound,2,6,808,14
3-10-2021,5.95,Lifeline,0,2,173,1
16-11-2022,12.93,Fuse,12,17,4064,20
6-11-2021,14.88,Rampart,3,2,309,18
30-5-2021,19.3,Wraith,6,9,979,3
31-10-2021,29.87,Lifeline,4,9,1992,16
2-4-2022,5.6,Bloodhound,0,12,2049,19
5-8-2019,12.72,Revenant,1,3,680,17
19-10-2022,27.21,Bloodhound,13,10,4335,11
3-9-2022,5.63,Bloodhound,2,0,161,17
26-1-2020,22.55,Bloodhound,3,14,2287,6
13-11-2019,8.2,Fuse,1,0,98,1
11-1-2022,12.46,Rampart,13,8,1493,2
4-8-2022,5.58,Pathfinder,9,0,1070,17
30-10-2022,6.06,Pathfinder,6,4,2098,11
28-5-2020,29.82,Horizon,4,2,765,15
5-1-2021,24.23,Horizon,3,2,921,20
26-1-2020,27.37,Lifeline,8,5,761,13
5-12-2022,0.15,Bloodhound,0,5,451,16
11-9-2022,7.06,Pathfinder,15,0,3174,17
2-4-2020,1.47,Pathfinder,5,5,1761,2
5-5-2020,7.91,Bangalore,1,4,481,10
11-5-2021,22.01,Rampart,9,10,3322,10
6-8-2019,4.85,Fuse,1,1,110,2
9-11-2020,6.12,Revenant,1,0,115,4
25-3-2022,19.81,Pathfinder,2,2,477,16
6-6-2021,21.46,Lifeline,2,8,1064,5
24-2-2021,19.16,Gibraltar,6,4,1307,14
18-4-2021,5.51,Bloodhound,2,2,400,20
8-12-2021,27.42,Wraith,5,5,1992,16
27-10-2022,13.45,Lifeline,4,6,807,8
3-11-2022,19.69,Revenant,5,1,1342,17
9-2-2019,10.47,Bangalore,13,6,3563,14
28-4-2021,21.61,Bloodhound,3,6,606,8
15-5-2021,10.78,Wraith,5,3,783,13
5-7-2020,5.03,Lifeline,8,6,2791,8
8-6-2022,25.92,Bangalore,6,7,1686,3
10-2-2019,4.22,Fuse,2,2,698,12
19-6-2020,1.26,Bangalore,4,1,374,7
30-11-2019,11.18,Wraith,1,7,414,4
8-4-2020,3.12,Rampart,2,1,574,8
8-6-2021,6.88,Fuse,5,9,2569,10
25-10-2020,9.84,Rampart,1,3,521,16
6-2-2020,27.4,Lifeline,5,3,1211,4
27-11-2020,23.48,Bangalore,2,3,350,7
17-8-2021,29.38,Revenant,5,7,916,20
26-11-2022,0.63,Wraith,2,1,307,11
3-1-2020,9.81,Pathfinder,0,3,523,6
17-8-2021,14.3,Bloodhound,10,1,1446,9
22-4-2021,15.25,Revenant,1,2,361,18
27-5-2019,7.17,Bloodhound,14,0,889,8
15-2-2020,2.65,Wraith,1,12,1809,19
14-10-2019,3.0,Fuse,0,8,985,9
11-2-2022,20.6,Horizon,9,11,1584,2
28-3-2022,23.35,Fuse,7,4,2313,13
16-5-2019,27.07,Rampart,7,18,2076,18
13-9-2020,8.89,Gibraltar,8,0,997,4
7-8-2019,26.68,Horizon,16,3,1851,17
30-7-2019,8.57,Revenant,10,0,644,2
28-5-2019,25.79,Wraith,9,8,3204,16
25-2-2020,24.64,Gibraltar,4,14,2702,18
15-2-2019,24.76,Lifeline,18,5,4225,18
16-5-2020,5.89,Pathfinder,4,1,683,16
28-10-2019,6.12,Pathfinder,0,2,182,14
10-11-2022,27.17,Bangalore,11,11,4581,16
6-8-2021,19.02,Horizon,1,9,1494,1
16-10-2022,11.95,Wraith,14,1,3220,3
6-3-2020,20.48,Bloodhound,2,10,2367,16
28-10-2019,20.16,Rampart,9,9,1480,18
6-6-2022,24.12,Fuse,9,2,1062,8
28-7-2021,19.06,Wraith,16,2,2698,19
22-2-2019,20.52,Lifeline,2,5,1336,4
7-4-2020,26.83,Rampart,3,3,902,18
27-4-2019,18.8,Horizon,18,7,3567,3
15-11-2020,4.11,Bangalore,9,9,2893,4
17-8-2020,0.11,Horizon,1,11,1491,9
20-5-2022,14.86,Pathfinder,1,8,778,7
26-3-2019,27.28,Gibraltar,9,2,2184,2
14-1-2022,29.47,Bangalore,9,20,2706,19
31-1-2021,21.25,Pathfinder,4,5,656,9
19-12-2022,7.5,Lifeline,8,0,1910,10
22-2-2019,6.95,Bloodhound,4,3,686,11
25-12-2021,28.92,Bangalore,8,9,2510,12
2-4-2021,0.94,Wraith,4,2,346,14
7-2-2021,12.34,Bangalore,14,2,1577,20
26-11-2022,9.9,Rampart,1,4,541,13
25-10-2019,7.58,Pathfinder,4,11,1534,10
8-12-2020,23.96,Horizon,2,15,3272,17
13-7-2021,18.74,Gibraltar,3,3,577,8
19-12-2022,0.64,Rampart,1,2,264,15
2-4-2021,6.58,Revenant,4,8,1722,8
29-10-2022,11.52,Bloodhound,1,4,552,10
19-7-2021,27.5,Lifeline,16,9,2839,19
13-9-2022,3.49,Horizon,0,8,768,14
30-3-2022,20.72,Pathfinder,6,5,2256,15
14-12-2020,24.71,Bloodhound,2,17,1219,20
17-4-2021,0.7,Rampart,0,4,221,10
31-8-2022,16.44,Horizon,3,10,1587,5
2-5-2019,25.63,Bangalore,5,8,1613,4
6-7-2022,10.9,Bloodhound,2,3,918,10
17-10-2021,24.08,Revenant,4,2,717,8
20-2-2020,7.26,Lifeline,4,0,815,13
26-9-2020,27.89,Horizon,18,2,2143,9
9-4-2019,25.79,Bangalore,2,7,1401,18
19-1-2020,25.96,Wraith,3,10,816,9
16-3-2022,25.15,Fuse,3,6,1601,7
19-5-2020,3.02,Revenant,14,5,4069,19
3-3-2019,12.92,Wraith,2,1,329,9
18-4-2019,14.92,Bangalore,16,1,1811,6
18-10-2021,18.88,Bangalore,1,2,357,7
17-5-2020,7.97,Bangalore,11,0,2018,7
3-9-2020,15.16,Gibraltar,3,11,2221,13
18-5-2019,5.51,Revenant,4,2,630,16
2-4-2022,29.51,Revenant,6,14,2955,5
27-2-2022,4.47,Wraith,2,4,535,4
20-3-2021,15.57,Horizon,6,6,1280,20
16-6-2022,27.71,Wraith,13,12,5118,17
20-3-2019,8.92,Lifeline,3,0,258,18
30-10-2021,8.35,Gibraltar,5,5,1758,20
14-9-2022,23.4,Bangalore,2,16,2446,14
21-5-2022,15.88,Bloodhound,1,9,1874,3
15-10-2019,0.19,Revenant,9,3,768,17
3-11-2022,7.5,Gibraltar,1,0,177,6
16-10-2021,15.79,Gibraltar,3,4,769,5
24-3-2019,21.36,Horizon,7,5,1938,3
7-2-2022,12.79,Horizon,4,18,3726,10
24-4-2022,2.93,Bangalore,0,1,173,5
19-5-2021,13.15,Revenant,2,1,305,11
29-4-2019,0.28,Pathfinder,2,11,1209,17
25-4-2019,9.63,Horizon,2,0,422,11
21-3-2020,11.07,Horizon,3,2,740,8
27-11-2019,7.51,Bangalore,1,0,59,13
17-12-2022,21.39,Bangalore,4,7,790,20
10-9-2021,22.1,Gibraltar,15,4,3190,1
16-8-2020,11.1,Rampart,3,10,1152,5
13-12-2022,1.64,Revenant,16,1,1027,13
13-5-2021,25.05,Bloodhound,8,3,1837,2
26-12-2019,3.06,Bangalore,11,1,1914,11
19-9-2021,9.87,Fuse,1,1,235,11
11-4-2021,27.64,Fuse,8,10,3579,6
26-3-2021,14.59,Fuse,8,3,2370,16
9-8-2019,14.06,Gibraltar,6,13,2144,11
2-12-2021,7.03,Wraith,9,9,3339,4
14-2-2021,22.47,Pathfinder,6,16,3443,7
12-3-2022,15.17,Pathfinder,4,4,1294,10
4-11-2022,22.64,Lifeline,12,8,2658,12
28-9-2021,6.4,Bangalore,5,0,985,13
14-10-2021,27.7,Horizon,6,6,2205,7
7-2-2021,10.14,Pathfinder,9,2,773,18
15-5-2022,21.86,Lifeline,10,9,3116,7
28-3-2022,27.4,Gibraltar,4,2,942,15
25-7-2022,13.42,Revenant,4,1,1099,15
22-12-2019,12.3,Gibraltar,19,5,3465,3
12-9-2022,4.39,Bangalore,1,2,462,14
5-2-2021,9.94,Horizon,0,3,356,8
12-9-2021,8.15,Bloodhound,5,6,1567,10
2-3-2021,11.24,Fuse,7,4,1231,4
27-3-2021,21.56,Pathfinder,3,7,1003,4
4-4-2019,11.94,Bangalore,13,1,2454,7
14-5-2021,23.19,Rampart,10,3,1866,2
19-8-2020,15.75,Gibraltar,4,2,1091,13
21-7-2021,5.48,Bangalore,8,12,1665,8
19-1-2022,16.75,Rampart,6,1,1261,8
23-1-2022,24.72,Fuse,2,3,814,16
3-12-2019,16.64,Horizon,2,6,697,1
26-4-2019,10.92,Lifeline,1,8,740,19
21-8-2020,29.55,Bloodhound,12,2,2863,3
18-5-2019,24.45,Fuse,3,2,593,3
18-7-2022,14.21,Revenant,17,15,6205,10
13-3-2019,18.27,Bangalore,6,2,746,10
4-10-2021,2.5,Gibraltar,6,12,1784,8
1-8-2020,2.11,Fuse,5,6,1390,11
30-4-2022,28.18,Horizon,7,5,674,8
15-7-2021,24.8,Bangalore,2,9,2115,3
30-9-2020,12.63,Pathfinder,1,2,508,11
19-10-2021,11.5,Revenant,6,2,1116,15
25-5-2019,16.65,Gibraltar,3,2,939,18
2-7-2022,7.22,Wraith,5,2,1109,8
30-7-2019,3.0,Rampart,4,6,1730,9
31-5-2021,10.64,Bangalore,4,4,1023,19
11-4-2022,0.68,Revenant,1,6,1062,11
14-1-2020,10.85,Pathfinder,8,20,3993,11
1-12-2022,1.71,Pathfinder,1,17,2036,5
29-3-2022,3.1,Rampart,3,4,1252,13
31-12-2019,20.03,Wraith,4,5,565,10
12-11-2022,19.84,Bangalore,5,3,1751,6
14-4-2021,19.17,Pathfinder,9,2,2181,16
17-5-2022,27.89,Horizon,6,3,1549,19
16-8-2022,24.04,Gibraltar,3,4,1105,12
7-8-2020,6.96,Bloodhound,11,11,1152,1
20-2-2022,8.4,Horizon,10,4,1012,18
2-9-2022,22.2,Wraith,4,2,1007,20
9-9-2022,7.29,Lifeline,12,2,2112,2
20-5-2021,23.09,Wraith,5,3,1265,16
19-6-2022,11.75,Bangalore,1,3,647,10
24-6-2020,16.39,Pathfinder,3,4,842,17
22-5-2019,17.22,Bloodhound,8,9,2248,10
7-4-2022,7.94,Gibraltar,12,0,2355,20
27-10-2020,14.13,Lifeline,12,2,2743,12
12-7-2020,29.35,Revenant,11,13,3050,11
22-12-2019,1.86,Bloodhound,1,15,3090,10
6-6-2021,12.64,Wraith,2,7,619,6
27-12-2021,20.67,Bloodhound,4,3,796,8
2-11-2022,17.43,Bangalore,1,10,1244,8
5-4-2021,12.13,Revenant,5,16,2894,10
5-5-2021,22.0,Bloodhound,13,2,1091,12
26-6-2020,15.66,Fuse,12,7,3076,15
10-4-2019,23.42,Horizon,4,5,1448,8
20-5-2019,20.54,Wraith,16,10,4677,5
12-12-2020,15.0,Gibraltar,2,1,400,1
16-3-2020,16.12,Wraith,2,11,1510,17
8-10-2020,28.98,Gibraltar,12,7,1155,14
18-4-2022,15.88,Horizon,11,3,2373,10
6-3-2022,13.22,Wraith,5,2,754,17
18-12-2019,29.12,Lifeline,3,2,430,15
12-7-2021,2.29,Bloodhound,4,1,541,18
27-9-2019,3.95,Pathfinder,11,1,913,18
10-2-2020,21.51,Rampart,9,2,2028,16
3-8-2021,3.39,Bangalore,4,1,977,8
29-11-2021,16.01,Revenant,7,6,1408,19
4-5-2020,14.45,Pathfinder,7,7,1191,5
16-11-2020,16.81,Fuse,3,5,1618,5
26-11-2020,29.82,Bangalore,8,8,3263,2
31-7-2021,20.0,Fuse,3,4,1228,20
2-8-2019,13.49,Gibraltar,3,11,2074,18
13-5-2019,7.67,Rampart,3,2,952,9
13-2-2019,16.24,Fuse,3,3,350,9
27-11-2021,25.85,Gibraltar,8,9,1302,16
25-2-2019,29.65,Gibraltar,2,4,954,1
28-11-2019,18.16,Revenant,11,7,2565,5
28-9-2019,5.45,Bloodhound,4,0,258,6
13-4-2021,15.48,Bangalore,1,2,426,14
13-1-2021,11.98,Lifeline,14,12,1644,6
20-10-2021,12.3,Bangalore,13,8,3208,9
26-4-2022,23.53,Pathfinder,6,7,1935,16
31-5-2020,25.86,Revenant,2,6,1284,16
28-11-2020,20.02,Fuse,12,5,3226,16
22-12-2020,11.5,Bangalore,2,3,878,2
8-12-2019,6.74,Lifeline,2,4,443,6
24-6-2020,10.37,Bloodhound,3,3,728,2
10-8-2020,9.87,Lifeline,9,0,1027,7
28-12-2022,20.96,Rampart,2,5,545,10
5-12-2022,1.91,Bangalore,3,11,2391,2
29-8-2019,8.81,Horizon,0,5,663,19
26-6-2020,2.4,Wraith,4,5,1719,12
4-4-2021,7.13,Lifeline,12,5,1213,20
24-9-2022,28.87,Horizon,6,6,1759,7
27-3-2020,23.05,Revenant,4,2,917,9
22-6-2019,13.21,Pathfinder,2,3,569,11
11-11-2022,4.34,Bloodhound,0,2,321,3
23-2-2020,29.32,Bangalore,8,2,785,5
19-2-2020,3.73,Rampart,1,10,1155,13
7-2-2021,2.58,Revenant,3,3,908,20
29-3-2019,10.12,Gibraltar,3,2,964,2
2-8-2021,11.85,Bloodhound,10,1,697,19
16-7-2022,21.77,Pathfinder,3,3,306,3
24-5-2022,24.13,Lifeline,2,10,802,17
16-7-2020,15.88,Horizon,1,4,667,13
26-10-2020,3.11,Pathfinder,0,8,1357,15
21-6-2020,10.45,Fuse,2,1,455,10
7-7-2019,25.22,Lifeline,2,3,681,11
10-9-2021,18.86,Wraith,2,17,1528,16
16-10-2022,11.16,Rampart,8,3,1454,5
10-11-2020,25.36,Pathfinder,7,3,1641,13
24-2-2019,21.14,Lifeline,10,2,713,17
2-8-2020,4.85,Rampart,11,7,3753,7
16-4-2019,26.58,Rampart,7,6,2057,17
29-8-2021,18.2,Gibraltar,9,10,2244,13
6-11-2022,23.34,Wraith,16,7,2178,15
24-5-2021,6.9,Revenant,4,5,878,9
22-11-2022,14.03,Bangalore,2,13,2418,2
9-4-2022,17.38,Pathfinder,1,9,795,2
1-11-2022,6.71,Bloodhound,4,6,1306,13
14-3-2019,8.6,Horizon,0,0,0,3
3-2-2021,20.43,Horizon,10,3,1539,2
25-12-2019,21.66,Lifeline,2,9,2072,7
17-4-2020,28.17,Pathfinder,9,15,4655,9
31-3-2019,8.15,Wraith,8,1,813,5
26-2-2020,6.48,Gibraltar,2,0,311,6
2-8-2021,15.72,Pathfinder,1,8,989,9
25-3-2022,4.86,Bangalore,10,12,2363,19
25-8-2021,3.54,Revenant,0,5,334,4
30-5-2020,7.12,Gibraltar,3,0,487,3
6-7-2020,6.25,Bangalore,0,2,340,7
2-10-2020,12.15,Gibraltar,4,10,1267,6
17-7-2022,12.78,Rampart,1,4,643,6
6-12-2020,21.78,Rampart,7,3,746,14
28-8-2020,9.17,Horizon,0,4,242,9
16-10-2022,26.42,Bangalore,6,15,2930,20
5-1-2022,24.33,Bloodhound,5,2,740,7
22-9-2021,29.18,Revenant,9,9,2294,9
16-12-2019,2.27,Horizon,0,0,0,8
11-6-2020,27.47,Bloodhound,17,4,1258,12
4-3-2022,28.56,Lifeline,7,4,2264,15
23-3-2021,9.18,Fuse,5,2,1429,12
8-2-2020,9.38,Fuse,4,9,1701,20
7-8-2020,3.65,Revenant,3,3,715,16
3-4-2019,10.38,Revenant,6,4,1779,17
25-5-2020,8.88,Fuse,0,16,2279,7
23-3-2021,1.45,Fuse,3,15,1631,8
7-6-2020,24.47,Bangalore,9,12,3111,5
2-2-2022,4.56,Rampart,1,4,445,6
6-7-2020,4.75,Fuse,3,7,607,16
28-9-2021,0.83,Rampart,5,2,1094,8
4-10-2021,19.63,Revenant,2,3,676,19
17-4-2019,26.36,Horizon,5,3,1014,14
4-10-2020,3.83,Lifeline,0,4,669,19
2-11-2019,21.04,Rampart,5,13,2589,10
13-12-2020,19.05,Rampart,2,5,463,16
17-7-2020,13.58,Lifeline,5,9,1125,17
16-1-2021,25.72,Revenant,2,6,646,6
16-1-2022,20.64,Lifeline,9,3,1642,11
13-5-2020,24.31,Fuse,2,5,818,19
22-2-2022,23.23,Gibraltar,2,2,253,15
5-11-2022,27.73,Lifeline,4,10,2130,11
1-8-2022,9.79,Wraith,1,8,1545,14
19-5-2020,19.35,Horizon,13,1,2699,9
25-11-2020,5.29,Fuse,10,0,896,6
8-8-2019,13.45,Lifeline,2,9,1872,10
19-9-2022,10.84,Bangalore,4,3,1277,4
30-8-2020,21.84,Fuse,2,10,1311,9
18-8-2020,22.9,Bloodhound,2,18,3751,14
3-5-2021,13.69,Gibraltar,5,4,1432,16
27-9-2021,17.35,Wraith,5,1,1306,5
6-8-2019,26.15,Pathfinder,4,12,827,16
26-7-2020,27.51,Gibraltar,4,2,747,20
14-10-2022,3.66,Fuse,6,0,1022,15
12-6-2022,8.08,Fuse,6,13,1151,15
7-4-2020,5.12,Horizon,7,9,3156,4
17-10-2020,9.23,Revenant,6,12,3440,19
23-10-2022,20.14,Pathfinder,2,2,857,4
17-6-2020,21.04,Gibraltar,2,10,1952,18
23-8-2022,5.22,Gibraltar,1,13,1389,5
7-5-2022,18.05,Bloodhound,12,1,1763,1
21-3-2021,13.83,Bloodhound,2,7,750,17
14-3-2022,21.36,Wraith,9,3,1165,7
29-12-2021,0.51,Bangalore,10,4,3146,19
20-2-2021,29.91,Fuse,8,3,973,15
27-4-2021,10.74,Bloodhound,15,5,1600,14
29-8-2019,0.09,Bloodhound,2,4,598,4
30-1-2020,23.57,Pathfinder,5,5,1982,10
15-7-2019,21.46,Fuse,19,5,4471,20
17-4-2022,13.37,Wraith,14,2,1493,8
15-9-2021,27.13,Gibraltar,4,14,1040,6
1-10-2020,10.1,Rampart,3,15,3175,14
24-2-2022,23.05,Bloodhound,2,3,410,19
2-10-2021,25.32,Lifeline,12,2,1181,20
14-4-2019,28.12,Horizon,3,4,865,4
25-9-2019,23.66,Horizon,8,8,2734,4
9-2-2022,8.75,Horizon,6,0,985,5
17-4-2022,2.63,Pathfinder,12,0,2627,19
5-1-2020,21.95,Rampart,14,15,1883,14
22-10-2020,21.23,Gibraltar,3,4,561,3
11-9-2019,4.96,Gibraltar,3,6,905,13
13-9-2019,20.65,Gibraltar,2,14,2266,17
23-9-2022,22.0,Gibraltar,2,9,2094,2
9-4-2020,27.41,Fuse,11,5,1385,9
9-9-2022,16.41,Pathfinder,3,4,690,2
12-12-2019,7.77,Bloodhound,1,10,1892,3
27-12-2020,23.95,Horizon,5,10,2388,14
5-8-2022,12.5,Bangalore,6,2,998,6
23-12-2021,5.24,Horizon,4,16,2884,10
14-6-2022,14.87,Fuse,1,7,1289,17
29-4-2021,11.27,Bangalore,19,4,1515,12
22-12-2019,18.11,Pathfinder,6,6,1117,10
21-4-2019,22.19,Rampart,19,3,2193,19
12-12-2022,26.95,Horizon,2,3,750,3
24-4-2020,0.54,Horizon,0,13,1807,6
21-7-2020,3.98,Bloodhound,2,2,646,4
6-6-2020,29.44,Wraith,2,6,527,3
12-9-2021,19.41,Rampart,2,11,1155,20
11-5-2021,2.87,Bangalore,5,15,3338,10
4-10-2019,1.77,Gibraltar,3,17,3690,8
27-4-2021,14.24,Wraith,1,1,363,10
16-9-2021,26.79,Pathfinder,2,3,266,15
1-8-2021,20.75,Wraith,6,3,902,14
2-3-2020,7.18,Bloodhound,3,2,364,3
18-6-2022,2.63,Horizon,0,2,303,2
12-7-2020,10.05,Revenant,4,3,832,1
3-8-2019,6.16,Wraith,0,2,316,17
14-3-2021,0.11,Rampart,1,0,65,3
13-2-2020,7.42,Horizon,1,9,661,13
13-5-2020,3.09,Bloodhound,0,9,1267,13
29-8-2021,2.08,Bloodhound,10,16,3942,14
26-11-2020,11.67,Pathfinder,14,5,1783,18
19-5-2021,11.01,Bangalore,3,10,1789,17
5-11-2021,21.24,Bloodhound,3,3,868,6
10-7-2020,0.43,Lifeline,0,3,256,2
28-7-2022,17.91,Revenant,14,10,3503,20
18-3-2020,13.0,Revenant,2,10,1496,13
28-12-2020,26.21,Horizon,3,3,692,3
7-8-2021,2.22,Pathfinder,9,3,1682,17
26-5-2022,18.1,Pathfinder,12,3,1235,16
9-6-2019,24.69,Rampart,11,3,3036,2
6-9-2021,19.2,Lifeline,10,13,1282,12
23-5-2020,23.33,Lifeline,5,2,643,10
25-9-2020,2.19,Rampart,8,6,2826,4
24-4-2020,22.97,Rampart,10,5,1633,14
10-10-2019,14.14,Fuse,3,10,1134,10
15-5-2021,23.59,Gibraltar,5,6,1875,4
9-10-2019,28.47,Lifeline,2,14,2711,19
9-4-2021,29.02,Fuse,7,4,1814,18
26-7-2021,11.57,Bloodhound,4,11,1088,6
23-2-2022,0.55,Lifeline,11,1,866,7
25-5-2020,4.77,Gibraltar,1,1,421,15
29-12-2020,17.84,Bangalore,2,8,801,18
23-3-2019,25.59,Lifeline,3,3,923,14
5-11-2022,21.1,Rampart,2,3,468,2
26-8-2022,5.99,Bangalore,15,0,1722,19
1-1-2021,23.99,Revenant,6,9,847,5
7-2-2022,3.06,Wraith,4,0,254,15
28-10-2020,10.49,Revenant,4,2,1017,18
5-4-2019,19.12,Wraith,1,4,887,9
20-3-2019,14.86,Rampart,5,2,1062,18
15-4-2021,29.6,Rampart,3,15,2776,18
12-5-2022,16.44,Revenant,3,7,757,2
9-11-2020,2.94,Rampart,6,0,629,11
27-8-2022,15.04,Revenant,13,11,2223,8
18-10-2021,9.69,Bloodhound,13,6,2943,16
7-9-2019,15.35,Bangalore,16,10,5161,15
27-12-2020,0.04,Revenant,6,6,1128,1
23-11-2020,14.65,Bangalore,5,5,730,17
9-10-2019,3.61,Lifeline,6,1,749,5
31-7-2022,6.13,Gibraltar,0,4,534,19
27-2-2021,1.93,Gibraltar,13,5,2976,7
13-11-2020,0.08,Horizon,4,14,1947,11
22-9-2021,1.46,Lifeline,8,2,2230,18
6-5-2022,15.07,Bangalore,1,20,2449,12
7-3-2021,12.33,Bangalore,2,5,438,15
29-5-2021,8.47,Fuse,2,2,642,7
13-3-2020,26.21,Horizon,12,5,2208,10
14-4-2021,1.93,Bangalore,2,3,297,10
14-5-2022,22.21,Lifeline,6,5,1894,1
29-9-2020,29.04,Wraith,7,10,1418,3
4-3-2019,12.0,Rampart,3,10,2311,3
17-4-2022,15.55,Bangalore,1,10,954,12
21-1-2020,3.42,Gibraltar,2,0,340,18
2-3-2021,4.94,Bloodhound,1,3,415,17
20-5-2020,27.96,Rampart,3,4,568,17
23-11-2022,4.2,Rampart,3,2,950,7
5-6-2022,22.42,Lifeline,12,16,4248,1
7-9-2021,24.26,Wraith,3,4,1094,1
11-1-2021,27.35,Fuse,8,8,1193,5
3-8-2021,24.01,Bloodhound,4,6,923,20
1-11-2022,10.66,Bloodhound,1,7,839,6
28-9-2020,17.12,Bloodhound,1,6,556,15
2-7-2020,14.76,Bloodhound,1,9,693,20
22-4-2021,6.23,Wraith,8,5,2123,18
3-9-2022,1.45,Lifeline,15,9,1386,4
1-7-2021,25.57,Bangalore,4,12,1440,6
1-3-2022,2.35,Bloodhound,1,16,2948,14
7-9-2022,6.82,Horizon,15,1,1790,14
19-2-2022,7.69,Fuse,0,0,0,4
30-7-2021,8.68,Bangalore,3,1,332,18
21-4-2020,27.07,Bloodhound,15,5,3282,3
11-3-2022,13.82,Rampart,6,4,1542,15
20-5-2021,22.82,Bangalore,3,8,2171,14
8-9-2022,28.08,Wraith,5,10,1405,19
3-12-2020,9.75,Bloodhound,8,1,1633,15
6-7-2020,2.46,Bangalore,0,1,60,6
24-6-2020,12.47,Horizon,1,5,548,18
16-7-2020,24.04,Gibraltar,13,8,4508,4
2-5-2022,17.48,Revenant,13,13,1894,3
4-5-2019,26.05,Pathfinder,7,4,943,11
17-7-2019,21.86,Horizon,18,4,4130,5
7-7-2021,17.55,Revenant,4,5,1951,9
10-8-2019,4.82,Pathfinder,9,11,2570,4
3-8-2022,25.36,Bangalore,4,4,512,4
11-12-2021,11.22,Gibraltar,7,5,1400,2
24-1-2022,6.01,Rampart,3,5,1662,20
7-5-2019,16.67,Bangalore,3,5,783,10
1-6-2021,28.36,Fuse,13,6,2875,8
22-7-2022,12.63,Horizon,2,5,728,19
8-5-2020,25.42,Fuse,9,2,1620,18
26-7-2022,14.01,Wraith,4,4,1654,9
15-12-2022,23.44,Pathfinder,3,7,791,17
26-12-2022,3.31,Revenant,6,6,1879,3
7-7-2022,5.12,Bloodhound,4,7,1122,5
15-7-2019,2.14,Gibraltar,0,0,0,8
8-4-2020,23.69,Revenant,10,11,2614,20
25-10-2020,26.35,Fuse,2,8,993,4
28-12-2022,15.78,Horizon,4,1,864,7
16-8-2022,4.42,Wraith,2,10,1798,15
16-2-2022,11.08,Revenant,2,7,1210,14
10-11-2019,11.42,Fuse,2,1,531,14
9-7-2020,19.83,Revenant,3,11,2556,11
1-11-2019,17.56,Gibraltar,3,11,966,11
20-3-2021,28.68,Lifeline,3,17,2893,18
17-2-2019,22.7,Fuse,5,4,1104,17
7-3-2021,11.11,Bangalore,1,7,1248,7
19-12-2020,15.55,Revenant,11,14,2490,12
20-4-2022,23.68,Wraith,2,6,1327,11
10-8-2021,29.31,Wraith,5,4,1539,6
3-11-2020,8.07,Gibraltar,7,6,1531,11
6-10-2019,14.33,Pathfinder,1,8,1554,20
17-2-2022,23.91,Horizon,4,8,1665,4
22-11-2019,2.01,Wraith,10,7,1537,3
19-3-2020,5.94,Bloodhound,0,5,854,2
7-2-2021,6.97,Horizon,6,5,1457,8
24-9-2022,8.97,Bangalore,2,0,159,6
26-12-2020,8.61,Horizon,0,10,1467,4
16-11-2022,8.38,Fuse,3,1,496,6
26-11-2020,18.84,Lifeline,7,2,1213,9
6-5-2021,18.08,Fuse,1,12,912,2
6-9-2020,6.77,Wraith,9,1,1856,1
15-12-2022,23.46,Pathfinder,2,3,846,12
7-1-2022,22.95,Fuse,8,15,2659,3
10-3-2019,8.08,Gibraltar,11,0,1941,1
7-9-2021,5.06,Revenant,6,4,1756,15
27-1-2020,28.18,Pathfinder,5,5,1098,14
11-6-2021,26.26,Bangalore,2,5,925,8
9-11-2021,19.84,Bangalore,1,1,229,19
13-6-2022,13.76,Wraith,11,3,1407,20
29-6-2021,8.67,Pathfinder,0,2,189,6
8-2-2020,17.55,Gibraltar,4,8,997,17
13-10-2019,10.36,Bloodhound,5,2,531,4
1-3-2019,2.3,Wraith,1,0,156,9
25-1-2020,4.11,Revenant,3,2,929,4
30-5-2020,7.3,Wraith,14,0,3289,5
5-10-2021,18.38,Lifeline,7,15,1547,15
17-4-2020,11.35,Fuse,1,6,476,6
29-9-2021,23.2,Horizon,18,3,3138,15
26-2-2019,28.5,Lifeline,3,4,724,13
19-2-2021,18.09,Bangalore,3,6,1860,10
15-7-2022,13.6,Wraith,8,4,2275,15
26-10-2021,15.57,Bangalore,2,5,377,14
23-10-2020,3.02,Horizon,0,5,496,2
2-9-2021,10.83,Lifeline,15,1,1951,11
19-2-2021,2.08,Lifeline,2,6,566,14
12-9-2019,7.47,Pathfinder,1,4,305,3
11-9-2022,18.18,Gibraltar,17,7,5272,14
12-10-2021,10.72,Bangalore,11,11,3581,3
16-11-2020,28.59,Rampart,14,3,2471,10
27-3-2019,22.46,Pathfinder,4,4,991,2
13-5-2022,15.5,Horizon,6,2,1739,3
2-3-2021,28.48,Lifeline,3,16,1091,18
15-5-2020,12.28,Lifeline,10,5,3282,8
18-8-2019,16.84,Bloodhound,13,4,2238,3
4-7-2019,26.34,Bangalore,4,5,1096,15
3-11-2022,16.76,Rampart,4,14,2530,18
8-5-2021,13.97,Bangalore,10,4,2979,20
22-11-2022,15.65,Pathfinder,17,4,2488,6
26-12-2020,10.54,Fuse,4,2,883,16
4-8-2022,7.97,Lifeline,0,3,256,5
6-3-2020,15.83,Lifeline,2,1,475,13
21-4-2019,24.64,Lifeline,4,9,1357,1
19-10-2020,24.62,Pathfinder,2,2,583,5
11-5-2020,5.59,Horizon,0,5,549,12
13-7-2019,8.89,Revenant,4,5,1773,12
7-9-2022,24.63,Rampart,7,8,1320,9
24-4-2019,3.06,Bloodhound,5,5,1347,5
15-10-2020,15.84,Pathfinder,1,8,1061,17
30-3-2020,13.24,Bloodhound,5,16,1371,4
4-12-2020,7.6,Revenant,2,0,183,2
4-7-2022,28.68,Wraith,3,2,408,4
30-1-2021,0.63,Gibraltar,19,2,3721,9
25-7-2020,14.03,Revenant,2,3,785,16
12-2-2020,18.88,Pathfinder,6,4,976,16
21-4-2022,23.57,Gibraltar,14,2,3112,15
17-3-2019,12.63,Bangalore,1,14,1001,17
1-12-2021,14.65,Horizon,10,13,3648,13
29-4-2021,8.36,Pathfinder,7,11,2274,14
4-2-2021,23.9,Gibraltar,2,6,632,9
23-6-2022,21.46,Gibraltar,7,12,3680,20
12-2-2019,7.93,Wraith,2,1,409,9
15-4-2022,4.14,Bloodhound,12,4,1456,9
22-9-2021,1.23,Bloodhound,1,1,169,9
27-4-2021,20.71,Lifeline,5,6,1499,16
16-12-2021,9.53,Bangalore,11,14,1619,13
21-5-2020,9.78,Revenant,2,7,1254,15
13-9-2020,26.97,Revenant,9,5,2313,2
26-9-2019,13.9,Pathfinder,5,1,1313,7
8-8-2020,10.23,Bloodhound,1,10,1401,18
16-10-2019,18.26,Pathfinder,10,9,3113,12
10-8-2022,29.55,Wraith,14,14,2950,20
30-7-2019,12.62,Rampart,4,9,2286,6
19-2-2021,26.3,Bloodhound,13,8,3975,13
28-7-2020,16.4,Fuse,4,8,1457,3
9-6-2021,4.31,Rampart,5,11,1504,11
28-2-2022,18.05,Wraith,1,11,2128,19
29-9-2019,9.01,Rampart,5,0,1105,15
25-8-2021,9.68,Bloodhound,3,4,1402,2
16-4-2021,16.82,Rampart,1,1,254,6
13-11-2022,26.95,Lifeline,3,10,1585,2
24-2-2020,11.85,Gibraltar,4,12,1755,17
10-7-2020,26.78,Revenant,8,3,1385,4
18-5-2019,24.87,Gibraltar,2,13,1904,10
17-7-2020,27.12,Revenant,7,6,1338,5
21-3-2019,20.89,Bloodhound,5,11,984,12
14-1-2022,7.83,Horizon,1,2,480,10
16-5-2020,16.04,Horizon,7,2,1143,12
15-8-2021,20.92,Bangalore,2,12,1400,10
20-10-2020,17.37,Rampart,1,3,256,17
16-7-2021,0.03,Gibraltar,3,1,363,6
29-6-2019,8.76,Wraith,0,9,828,19
13-6-2020,10.07,Rampart,2,7,1017,11
10-1-2021,0.0,Horizon,13,12,4726,8
6-5-2021,26.37,Fuse,2,2,532,9
11-8-2022,17.36,Gibraltar,15,4,1133,8
24-8-2019,10.42,Gibraltar,1,1,286,12
28-7-2019,14.59,Gibraltar,11,6,3246,6
13-9-2021,9.87,Fuse,0,2,169,13
5-1-2022,11.12,Bangalore,5,6,1165,12
22-7-2022,29.78,Revenant,6,6,1895,13
25-11-2022,6.91,Fuse,4,6,1969,20
18-7-2022,3.19,Gibraltar,3,8,1700,15
24-10-2022,14.92,Revenant,1,2,542,2
18-11-2022,7.3,Rampart,13,15,2245,5
3-12-2019,25.37,Horizon,7,5,1279,17
30-10-2019,11.22,Gibraltar,1,16,1077,2
23-2-2022,20.72,Bloodhound,3,7,1908,13
29-11-2019,3.42,Horizon,2,1,683,11
2-7-2020,1.33,Revenant,10,4,1507,15
20-4-2019,20.77,Revenant,5,8,2060,10
25-11-2021,18.14,Revenant,2,10,1883,19
23-10-2020,10.18,Fuse,11,1,2446,20
1-3-2019,5.31,Bangalore,1,0,137,5
9-7-2021,22.21,Bloodhound,9,6,2540,5
13-10-2020,14.33,Horizon,2,2,784,11
23-3-2021,23.49,Horizon,7,12,2716,17
12-8-2019,20.07,Fuse,2,2,377,14
8-4-2019,1.14,Fuse,16,0,1914,2
7-2-2022,14.35,Pathfinder,5,1,687,16
8-8-2022,4.78,Bangalore,15,6,3504,11
25-7-2020,5.15,Rampart,5,3,1428,14
12-6-2021,5.69,Fuse,1,0,177,11
18-9-2019,8.27,Fuse,2,11,945,13
21-1-2022,15.63,Revenant,3,10,2286,13
24-5-2021,0.49,Bloodhound,2,4,824,2
26-6-2022,20.14,Fuse,5,17,3155,4
24-3-2020,22.11,Revenant,7,3,782,19
21-1-2020,29.01,Revenant,4,8,2406,4
13-7-2020,27.27,Bangalore,2,7,1084,14
7-1-2022,16.68,Fuse,1,11,2229,16
17-8-2020,25.18,Bloodhound,7,13,3365,3
23-10-2021,7.87,Fuse,2,0,169,12
3-6-2021,9.66,Fuse,0,6,448,16
14-3-2020,19.51,Bangalore,2,5,1322,20
11-7-2022,0.63,Rampart,11,0,2607,3
6-7-2019,20.13,Lifeline,3,2,641,6
8-1-2020,9.36,Lifeline,13,9,3319,14
27-9-2019,28.79,Gibraltar,2,2,393,16
31-8-2019,27.71,Rampart,6,9,1093,15
30-11-2020,28.62,Bangalore,3,4,492,18
30-5-2022,5.93,Bangalore,10,4,2809,17
23-12-2022,1.41,Lifeline,3,16,2429,7
18-1-2021,19.17,Rampart,10,4,2237,17
12-8-2021,24.08,Bangalore,11,15,3177,2
28-3-2019,10.85,Pathfinder,1,3,451,15
8-11-2019,13.14,Wraith,10,7,1719,20
7-9-2020,16.79,Rampart,3,1,412,1
13-5-2019,1.12,Lifeline,1,0,187,2
29-10-2021,20.88,Gibraltar,10,16,1807,3
13-4-2021,6.76,Gibraltar,7,0,1477,8
21-7-2021,18.44,Bangalore,7,4,1989,13
27-7-2019,17.59,Rampart,5,7,1096,10
5-2-2022,1.45,Rampart,13,6,2635,16
6-6-2022,2.51,Horizon,11,9,3295,5
22-12-2022,19.02,Pathfinder,18,7,1653,12
11-11-2019,12.79,Lifeline,2,3,490,15
9-10-2022,18.29,Wraith,2,6,983,15
19-2-2020,21.41,Pathfinder,11,3,2365,14
2-8-2022,6.59,Horizon,0,8,864,3
27-3-2021,1.25,Wraith,2,13,1121,2
15-12-2019,23.14,Horizon,10,16,4075,8
29-5-2019,4.18,Horizon,1,1,396,2
12-9-2020,22.55,Horizon,5,7,1378,17
16-2-2020,24.67,Revenant,5,4,728,8
8-9-2021,19.24,Horizon,2,13,851,16
8-2-2022,9.49,Gibraltar,8,1,759,20
28-11-2022,24.33,Bloodhound,2,10,1370,4
10-2-2020,3.49,Gibraltar,2,4,849,16
14-1-2022,19.16,Fuse,11,7,2334,3
21-2-2021,25.59,Horizon,4,4,1054,9
16-8-2022,29.09,Fuse,4,8,1631,11
21-7-2021,1.14,Revenant,1,6,420,12
23-2-2021,7.51,Revenant,0,9,913,17
20-4-2019,2.03,Pathfinder,9,3,2547,17
26-10-2019,9.95,Rampart,1,3,322,6
20-3-2022,10.73,Rampart,5,6,1326,5
12-4-2019,24.1,Revenant,7,2,1523,16
15-2-2022,14.09,Fuse,2,8,1238,6
17-10-2021,21.68,Lifeline,15,5,3890,2
4-6-2019,22.75,Lifeline,8,7,2576,7
22-12-2021,5.94,Lifeline,11,0,805,12
30-4-2021,20.8,Lifeline,6,6,1873,17
26-6-2021,1.02,Rampart,1,4,733,16
22-2-2021,9.78,Lifeline,2,13,1249,1
5-5-2019,29.12,Revenant,9,7,1956,15
21-7-2020,24.35,Revenant,2,8,669,11
22-10-2021,27.47,Pathfinder,3,8,1853,12
12-10-2021,0.78,Lifeline,7,6,1810,13
21-7-2022,1.73,Bloodhound,0,7,1101,7
31-3-2021,29.08,Fuse,5,13,1242,8
4-7-2021,14.28,Revenant,14,2,2714,6
4-2-2022,26.56,Bloodhound,4,11,2155,15
25-3-2019,3.79,Rampart,1,0,65,13
5-2-2021,15.66,Lifeline,6,2,765,9
13-2-2019,20.63,Gibraltar,7,2,709,16
4-2-2020,24.06,Revenant,8,4,796,18
19-12-2019,2.02,Rampart,2,14,3025,19
22-11-2019,27.07,Fuse,6,2,1767,14
24-5-2021,3.82,Lifeline,14,2,3299,5
3-12-2020,14.04,Wraith,4,1,354,12
3-2-2020,22.04,Lifeline,10,2,1481,14
14-3-2022,6.6,Revenant,13,7,1870,9
25-8-2021,6.62,Revenant,3,11,837,13
1-6-2019,12.36,Lifeline,1,3,794,14
6-5-2021,12.1,Bloodhound,2,3,772,19
21-9-2022,9.95,Bloodhound,1,11,1651,16
25-1-2020,14.94,Fuse,1,6,612,13
11-1-2022,24.57,Bloodhound,10,8,3267,14
27-8-2022,13.36,Fuse,6,1,775,11
29-11-2022,23.4,Pathfinder,4,8,2356,9
28-7-2019,28.34,Horizon,2,2,281,9
24-10-2021,15.34,Revenant,13,8,2150,10
8-8-2022,20.8,Revenant,3,18,2543,4
22-1-2020,27.77,Bloodhound,12,3,1463,7
25-10-2020,23.73,Horizon,4,9,1586,13
20-9-2021,10.7,Revenant,3,8,2050,6
11-10-2021,22.48,Gibraltar,5,13,2536,5
6-11-2019,19.34,Bloodhound,8,2,918,9
4-12-2021,12.27,Fuse,1,12,2532,8
4-2-2021,2.38,Pathfinder,6,8,2067,8
22-5-2019,23.34,Rampart,2,8,2004,9
5-4-2019,13.08,Revenant,4,5,1169,13
1-6-2019,5.54,Gibraltar,5,2,1192,9
3-2-2022,14.22,Bloodhound,2,1,340,14
8-7-2020,17.13,Horizon,1,6,1016,15
24-4-2019,15.24,Horizon,3,2,342,14
23-9-2019,15.25,Bloodhound,6,9,1898,19
30-12-2022,24.08,Bangalore,3,16,2911,2
8-6-2020,13.57,Bangalore,5,2,1289,13
11-11-2022,3.47,Fuse,6,8,2603,16
15-6-2020,25.24,Lifeline,2,4,1112,15
2-11-2019,16.34,Bloodhound,7,12,3322,4
9-8-2021,24.95,Rampart,5,6,1552,20
10-9-2022,17.32,Wraith,11,4,1416,10
3-6-2020,24.9,Fuse,11,9,1711,1
25-12-2019,8.85,Wraith,0,1,137,2
2-11-2020,26.66,Gibraltar,21,4,4227,10
5-1-2021,1.72,Bloodhound,0,1,54,10
4-12-2022,13.08,Revenant,6,7,1866,3
29-6-2019,3.83,Rampart,14,0,2053,5
28-1-2020,16.87,Bangalore,2,1,626,8
15-11-2020,2.71,Bangalore,2,6,1338,1
4-12-2022,8.85,Bloodhound,1,6,613,11
4-1-2022,1.75,Pathfinder,15,2,1841,19
28-12-2022,24.87,Pathfinder,2,5,1418,11
17-6-2020,14.77,Gibraltar,4,5,758,14
25-7-2020,26.89,Bloodhound,5,4,900,17
7-12-2019,17.95,Horizon,1,8,1578,1
22-7-2020,16.45,Pathfinder,2,1,451,18
16-7-2021,13.05,Rampart,14,5,3568,13
27-9-2020,25.11,Bangalore,3,5,481,14
13-7-2021,2.05,Bloodhound,0,6,874,19
7-11-2019,23.0,Revenant,4,2,746,1
4-6-2019,20.98,Pathfinder,7,19,4392,13
19-5-2019,22.29,Horizon,2,6,606,9
3-10-2022,5.8,Bangalore,10,1,1319,3
18-2-2019,21.57,Gibraltar,2,5,507,5
4-11-2020,7.36,Bangalore,3,2,660,18
19-10-2020,26.63,Rampart,6,7,871,7
26-2-2022,1.08,Bloodhound,11,14,2296,9
6-7-2020,16.62,Lifeline,10,1,2364,2
15-5-2019,28.71,Horizon,4,3,703,11
15-1-2020,1.14,Bangalore,7,8,2403,3
25-4-2021,17.05,Pathfinder,4,16,3505,20
31-5-2021,0.46,Horizon,7,15,3166,13
4-10-2022,21.22,Pathfinder,4,3,652,4
26-4-2019,12.19,Pathfinder,6,5,593,8
24-1-2022,2.61,Horizon,1,10,1951,19
13-4-2022,5.9,Bloodhound,0,3,368,5
16-2-2022,9.89,Horizon,2,4,697,4
7-3-2019,23.6,Bangalore,14,3,3539,4
7-2-2020,1.9,Gibraltar,13,1,1040,19
14-4-2020,10.46,Wraith,7,8,2886,15
29-11-2020,0.16,Rampart,5,3,852,5
15-4-2019,13.16,Bloodhound,9,8,1373,18
9-6-2022,14.88,Rampart,6,1,1238,19
6-2-2020,11.81,Gibraltar,3,8,1633,11
7-2-2020,16.52,Gibraltar,6,2,912,9
30-8-2020,1.81,Bloodhound,10,1,1795,1
31-3-2022,19.63,Bangalore,14,8,1915,6
15-1-2021,19.5,Fuse,3,12,884,6
11-7-2021,7.76,Rampart,2,0,287,7
26-9-2019,1.04,Gibraltar,2,0,316,15
17-12-2020,10.79,Lifeline,2,15,2812,1
3-3-2020,1.35,Revenant,0,17,1861,19
29-6-2019,17.34,Revenant,12,4,3156,16
17-10-2019,26.98,Bloodhound,2,3,699,7
23-5-2022,9.49,Bangalore,6,2,1432,8
1-9-2020,18.4,Wraith,7,4,1530,4
15-1-2020,4.29,Horizon,1,9,997,9
30-11-2021,7.86,Horizon,4,15,3462,2
14-6-2021,5.01,Bloodhound,0,3,348,17
7-8-2021,28.27,Wraith,10,16,4701,6
13-4-2019,13.28,Revenant,3,13,1895,15
2-2-2022,14.15,Bloodhound,1,1,418,7
15-11-2020,15.61,Revenant,16,12,5852,15
3-5-2021,14.46,Rampart,1,5,981,6
5-2-2021,26.53,Lifeline,14,11,4761,4
29-4-2022,25.94,Rampart,3,8,845,4
10-5-2019,10.89,Horizon,1,1,404,10
18-11-2021,19.94,Lifeline,1,7,1067,11
24-11-2021,3.93,Fuse,3,7,1682,2
12-12-2021,10.61,Revenant,6,4,811,2
14-4-2021,16.23,Lifeline,5,8,2572,11
18-7-2019,17.79,Horizon,5,6,771,15
30-4-2022,16.28,Pathfinder,9,4,1857,15
25-3-2019,12.76,Wraith,10,15,4952,13
28-5-2020,21.64,Wraith,5,7,984,1
15-11-2021,28.25,Revenant,13,5,3868,3
22-9-2021,23.45,Bangalore,5,2,580,2
6-8-2019,28.39,Revenant,2,5,1276,14
17-8-2020,0.25,Pathfinder,2,8,1863,11
23-3-2019,14.8,Lifeline,2,6,947,14
28-3-2019,12.99,Horizon,5,1,1280,7
3-6-2021,8.5,Bloodhound,2,6,785,5
13-7-2020,21.65,Gibraltar,5,5,1390,2
2-5-2020,16.74,Wraith,17,6,4757,20
19-6-2020,20.51,Gibraltar,13,4,2115,14
7-12-2019,13.83,Lifeline,7,1,799,19
21-2-2022,13.71,Pathfinder,5,5,1134,4
15-2-2021,20.2,Wraith,3,2,540,18
19-11-2019,4.05,Bloodhound,4,7,1809,6
26-8-2021,19.88,Bangalore,7,9,3333,14
11-12-2019,19.97,Horizon,1,16,2490,14
24-11-2019,29.59,Bangalore,2,5,964,13
4-7-2019,23.39,Fuse,4,10,2466,15
27-11-2020,13.61,Wraith,3,3,1279,10
12-6-2021,26.67,Pathfinder,2,13,936,2
24-7-2019,0.67,Lifeline,8,7,1267,19
29-7-2020,23.71,Revenant,2,5,587,16
4-5-2020,3.85,Horizon,1,0,63,6
25-7-2022,25.41,Bloodhound,3,11,2387,18
1-5-2019,21.89,Lifeline,3,3,1112,17
8-10-2019,10.25,Rampart,20,9,2017,16
26-5-2019,1.45,Lifeline,12,4,3060,12
8-8-2021,24.52,Rampart,14,2,3624,14
11-5-2020,13.54,Lifeline,2,2,263,4
9-12-2022,27.24,Revenant,4,3,1422,14
5-8-2020,20.95,Revenant,17,3,4156,14
10-9-2021,29.25,Revenant,5,19,1888,20
11-2-2022,8.66,Horizon,2,12,1325,19
26-3-2021,17.23,Lifeline,1,3,647,20
6-4-2021,23.29,Revenant,2,9,1750,19
22-8-2020,0.26,Pathfinder,2,10,1494,1
20-5-2020,17.9,Rampart,8,4,2481,14
4-1-2020,25.76,Revenant,2,5,1135,9
28-6-2021,20.51,Horizon,11,9,1694,19
13-9-2020,22.6,Fuse,2,6,658,11
4-6-2021,2.89,Pathfinder,0,2,201,20
12-4-2020,14.08,Lifeline,8,1,1847,6
12-9-2019,4.19,Lifeline,3,4,802,3
2-5-2020,9.18,Bloodhound,13,3,3670,1
30-1-2020,19.74,Horizon,7,9,1808,3
8-7-2022,2.22,Horizon,1,7,1553,10
17-9-2019,28.81,Horizon,4,10,2445,2
24-4-2021,14.74,Revenant,10,4,1869,17
11-10-2021,5.17,Bangalore,5,3,1804,12
19-4-2022,8.26,Lifeline,3,6,1485,14
11-11-2022,17.1,Fuse,9,11,3671,12
29-10-2019,1.97,Horizon,1,10,1733,16
13-5-2021,15.44,Bangalore,14,4,1189,8
30-8-2021,14.74,Rampart,1,14,1929,5
10-12-2020,4.64,Lifeline,3,10,1576,12
27-4-2021,13.45,Horizon,3,1,669,17
6-4-2020,3.46,Gibraltar,8,10,1241,1
14-4-2019,4.78,Pathfinder,2,16,1133,14
24-8-2020,10.0,Pathfinder,3,1,807,18
11-5-2019,22.63,Revenant,3,10,1758,15
13-10-2020,27.92,Revenant,3,9,2268,13
16-7-2022,12.01,Wraith,4,11,2817,17
14-3-2021,4.09,Bangalore,1,12,1857,10
22-7-2021,29.53,Wraith,2,3,870,8
6-6-2020,27.43,Rampart,6,6,901,18
1-8-2021,18.52,Pathfinder,2,2,261,4
21-10-2021,27.03,Gibraltar,9,2,1858,14
20-8-2022,23.84,Revenant,17,8,1748,13
24-9-2022,6.08,Wraith,8,9,2995,16
2-10-2019,0.34,Pathfinder,10,6,2496,18
11-3-2022,19.39,Bloodhound,7,1,1372,11
24-1-2020,27.57,Gibraltar,19,6,2610,7
15-8-2019,25.23,Gibraltar,3,7,1625,13
6-4-2022,27.95,Lifeline,4,14,2699,13
8-5-2019,22.63,Pathfinder,8,6,2774,13
25-8-2022,11.3,Rampart,9,3,869,17
31-10-2019,16.32,Bangalore,4,7,1993,20
14-4-2021,15.36,Bangalore,9,4,920,9
6-6-2020,9.72,Gibraltar,0,11,556,20
22-10-2021,23.97,Bangalore,9,4,1880,2
26-4-2022,11.12,Fuse,6,3,1459,13
3-8-2020,25.36,Bloodhound,2,7,1365,2
5-9-2021,23.33,Wraith,7,4,749,9
4-12-2020,6.59,Revenant,11,0,2230,1
16-10-2022,0.89,Gibraltar,1,5,955,19
27-9-2022,0.49,Lifeline,3,0,497,7
1-6-2019,27.12,Wraith,8,10,3430,18
20-10-2019,13.66,Gibraltar,1,4,960,1
15-6-2020,0.03,Bangalore,0,5,326,11
16-2-2020,6.75,Bangalore,13,14,5321,13
22-10-2019,17.72,Bloodhound,6,2,746,3
13-5-2020,10.84,Horizon,3,16,2274,16
14-10-2022,11.6,Wraith,8,2,2148,2
5-10-2019,22.82,Bloodhound,12,7,2575,7
25-5-2021,21.21,Revenant,8,12,2034,9
18-7-2022,22.83,Lifeline,8,15,2903,11
30-4-2021,19.55,Lifeline,2,8,1100,13
9-11-2022,9.29,Bangalore,13,0,3026,7
4-9-2019,9.23,Bloodhound,5,11,2679,19
12-6-2019,7.18,Gibraltar,0,6,321,12
2-2-2021,12.49,Wraith,11,6,2042,6
30-3-2019,13.26,Gibraltar,11,10,1684,7
12-11-2022,16.09,Bloodhound,5,9,1981,20
11-10-2022,20.4,Revenant,13,2,2477,4
11-3-2019,15.14,Fuse,8,5,1167,3
23-5-2020,9.66,Rampart,11,7,1907,12
26-1-2020,18.52,Fuse,13,2,1939,13
18-7-2019,11.2,Rampart,12,11,1668,11
7-5-2021,25.63,Bangalore,4,5,1783,10
5-7-2022,12.99,Rampart,1,5,974,16
6-6-2021,5.43,Gibraltar,12,4,2132,1
3-11-2020,19.16,Gibraltar,11,1,2214,11
17-9-2019,2.29,Horizon,15,0,2737,13
16-12-2019,24.25,Bangalore,4,5,776,10
27-11-2021,29.58,Wraith,8,3,2415,15
15-9-2020,4.9,Fuse,1,6,830,10
15-4-2022,17.26,Bangalore,11,6,1219,17
29-11-2022,25.5,Pathfinder,3,12,2594,15
14-10-2020,8.2,Rampart,7,0,706,11
12-11-2022,2.83,Bangalore,5,1,1274,17
21-2-2022,23.09,Horizon,6,2,1647,10
3-9-2021,17.05,Gibraltar,2,1,501,10
7-7-2021,2.24,Bangalore,15,10,1835,13
19-6-2020,28.12,Rampart,5,2,1410,16
18-9-2019,23.7,Wraith,11,7,2035,16
12-7-2022,14.26,Revenant,4,6,1311,7
27-5-2021,2.84,Lifeline,4,10,1252,12
13-12-2019,15.86,Horizon,6,13,2522,20
13-10-2020,19.23,Horizon,7,5,2259,6
10-5-2021,16.33,Bloodhound,19,1,1245,16
7-5-2020,13.34,Pathfinder,2,8,1729,19
12-10-2021,6.5,Bloodhound,3,10,1277,17
2-1-2020,23.11,Rampart,3,4,966,6
6-7-2021,0.23,Bangalore,10,5,2550,18
19-3-2022,28.58,Gibraltar,5,3,642,8
27-3-2020,29.32,Lifeline,2,9,2028,5
11-3-2019,18.18,Rampart,9,10,3337,14
10-9-2022,4.38,Horizon,10,0,1277,10
1-11-2020,1.4,Bloodhound,0,1,142,11
3-4-2019,5.69,Fuse,10,2,2001,16
10-7-2020,27.15,Wraith,5,3,789,15
7-6-2022,16.68,Horizon,1,1,340,3
19-4-2019,6.16,Gibraltar,0,14,897,5
24-3-2021,11.32,Rampart,3,9,2271,4
8-7-2021,9.25,Fuse,0,4,658,12
6-10-2019,25.9,Fuse,6,5,2205,17
31-12-2019,16.63,Revenant,5,4,1437,8
18-3-2022,4.61,Pathfinder,0,6,917,8
10-12-2019,22.09,Pathfinder,14,7,4443,11
21-9-2021,21.28,Bangalore,2,3,896,13
11-9-2020,29.0,Gibraltar,7,8,2600,6
18-9-2020,0.68,Revenant,13,4,2356,17
18-12-2022,28.38,Bloodhound,16,11,2844,15
12-1-2020,9.09,Bangalore,3,4,1232,15
28-10-2020,12.3,Horizon,2,9,665,14
10-8-2021,5.01,Gibraltar,2,7,1386,17
7-1-2021,9.12,Horizon,14,17,5146,7
18-4-2022,25.8,Revenant,2,9,1451,1
28-7-2021,10.23,Rampart,13,1,3228,2
5-11-2020,4.31,Rampart,0,1,152,13
27-3-2019,11.1,Pathfinder,2,10,920,16
31-7-2022,4.74,Revenant,6,3,803,4
22-5-2019,8.26,Revenant,10,2,2228,4
6-4-2021,7.75,Lifeline,4,3,1146,4
20-6-2019,1.03,Gibraltar,3,5,1077,8
26-7-2020,25.98,Lifeline,10,9,2663,18
9-2-2021,4.33,Rampart,4,0,486,3
23-1-2022,27.09,Pathfinder,15,6,1853,4
11-4-2020,26.18,Rampart,4,7,1735,9
31-8-2021,28.9,Wraith,2,6,1268,4
14-2-2019,3.92,Horizon,0,1,73,5
9-5-2022,11.69,Rampart,1,8,493,16
5-11-2021,0.8,Wraith,0,0,0,7
31-3-2022,14.96,Lifeline,2,5,1323,9
25-4-2021,6.95,Lifeline,4,12,2536,2
19-9-2021,0.55,Lifeline,0,1,115,4
26-5-2020,26.18,Gibraltar,10,11,1498,20
18-6-2020,15.55,Horizon,1,5,444,13
2-11-2019,26.26,Fuse,8,16,1828,12
21-4-2021,23.59,Bloodhound,15,2,1880,9
6-12-2019,16.42,Gibraltar,6,4,1024,1
8-12-2021,3.73,Horizon,4,6,1336,13
4-6-2022,28.49,Fuse,10,6,2577,14
19-4-2022,1.83,Lifeline,3,7,1102,20
3-4-2022,12.25,Revenant,1,1,339,1
31-8-2019,28.59,Revenant,3,14,2577,3
8-3-2022,13.82,Horizon,11,1,2609,3
5-4-2019,25.04,Pathfinder,7,2,690,7
6-3-2020,10.16,Bangalore,10,1,1935,12
7-7-2019,14.77,Pathfinder,17,2,4143,20
18-7-2022,0.82,Horizon,0,3,162,18
7-6-2020,14.9,Wraith,1,17,3239,1
18-4-2022,17.71,Rampart,3,1,420,10
26-11-2022,4.32,Lifeline,1,1,357,14
25-4-2019,29.01,Gibraltar,8,11,3708,8
30-9-2020,27.31,Fuse,3,15,2882,3
5-8-2019,1.87,Gibraltar,9,9,2333,18
7-2-2020,28.6,Bangalore,14,8,3326,1
21-11-2021,8.67,Fuse,6,9,1991,2
27-11-2020,15.21,Rampart,12,2,1157,10
19-8-2019,17.44,Wraith,8,3,1861,6
18-8-2020,13.71,Rampart,5,1,1126,18
14-1-2022,1.24,Bangalore,7,0,989,14
23-9-2021,19.65,Revenant,7,5,2556,1
20-11-2022,2.26,Bloodhound,4,0,607,19
7-8-2021,8.55,Bangalore,6,10,1387,12
16-5-2021,22.34,Pathfinder,2,2,332,16
13-7-2019,28.6,Revenant,19,10,4002,4
5-3-2020,3.03,Rampart,4,3,1478,3
19-4-2020,8.25,Gibraltar,0,7,1023,11
22-6-2022,14.4,Wraith,11,3,2852,5
31-5-2022,27.38,Rampart,2,17,2298,4
23-7-2021,15.86,Horizon,10,4,1952,18
30-6-2021,22.04,Horizon,3,17,2699,4
22-2-2020,8.03,Gibraltar,11,4,1037,16
11-7-2022,29.63,Gibraltar,3,6,1286,12
22-3-2022,21.62,Rampart,9,7,2125,12
17-9-2020,3.67,Gibraltar,16,11,4567,3
20-8-2021,17.27,Bangalore,7,1,596,18
5-6-2020,15.09,Bangalore,3,7,1187,19
7-6-2021,19.61,Gibraltar,9,9,2935,14
15-4-2020,28.18,Horizon,5,12,1633,10
28-6-2022,20.98,Wraith,2,2,363,6
5-12-2022,7.41,Fuse,10,0,1029,2
7-11-2019,26.79,Bloodhound,2,9,1627,10
2-11-2021,27.42,Fuse,9,5,966,11
7-10-2022,27.5,Horizon,2,2,783,3
23-3-2022,15.4,Pathfinder,1,7,1151,15
18-10-2021,6.47,Wraith,0,4,622,1
7-4-2021,16.4,Gibraltar,1,2,197,2
15-11-2020,10.0,Wraith,3,5,927,8
11-4-2021,15.27,Revenant,11,2,941,12
4-12-2020,6.66,Bloodhound,10,10,1479,17
18-1-2021,20.37,Bangalore,11,2,1913,7
25-6-2019,27.44,Wraith,17,14,3452,11
20-3-2019,26.4,Lifeline,2,4,503,14
6-12-2021,6.69,Wraith,1,0,220,8
22-6-2022,5.99,Wraith,7,1,523,20
19-9-2020,12.74,Wraith,9,12,2770,2
8-6-2021,12.72,Wraith,10,1,1241,12
27-4-2022,26.26,Gibraltar,4,10,1494,11
26-12-2022,25.82,Pathfinder,5,7,1180,6
15-4-2021,22.5,Bangalore,11,20,3253,7
2-10-2020,11.85,Rampart,3,9,2173,13
25-4-2022,8.91,Bangalore,7,0,1082,6
22-1-2022,8.42,Gibraltar,2,0,302,18
1-6-2020,12.06,Gibraltar,1,4,330,12
28-10-2020,14.98,Fuse,2,5,1151,6
28-10-2021,7.33,Rampart,0,0,0,5
26-4-2020,10.69,Bangalore,5,8,1522,9
14-1-2020,12.66,Bangalore,10,10,2421,18
3-5-2021,20.76,Pathfinder,15,14,1780,4
18-10-2020,24.1,Lifeline,5,11,2626,10
7-9-2020,20.65,Wraith,10,2,808,14
27-4-2020,28.65,Bangalore,5,7,2420,10
27-1-2021,13.68,Lifeline,6,9,1991,7
3-6-2020,27.56,Rampart,5,5,960,7
22-11-2021,15.7,Wraith,9,3,2603,12
17-8-2020,8.12,Gibraltar,4,2,1275,12
31-8-2021,12.45,Bloodhound,7,1,1134,9
23-3-2021,8.04,Gibraltar,5,13,972,12
17-9-2020,22.68,Bloodhound,4,3,1316,13
18-6-2019,17.43,Pathfinder,14,4,1153,6
17-8-2020,20.25,Revenant,4,4,1109,14
15-3-2021,10.25,Horizon,3,11,1237,2
27-4-2022,5.49,Bangalore,16,1,991,7
17-10-2021,4.25,Gibraltar,4,1,494,9
31-7-2022,8.62,Wraith,12,6,3342,12
19-4-2019,6.28,Fuse,11,3,1740,1
21-10-2021,16.53,Lifeline,9,15,4956,15
23-2-2019,22.1,Revenant,4,4,1455,18
20-3-2022,12.27,Bloodhound,10,4,1970,3
4-8-2019,0.17,Bangalore,1,4,925,1
23-12-2020,12.87,Pathfinder,1,10,1238,8
4-8-2022,7.57,Rampart,0,2,234,13
2-10-2021,4.23,Gibraltar,6,9,1578,17
16-5-2020,27.1,Lifeline,3,3,574,15
16-11-2020,4.88,Rampart,1,4,409,4
13-3-2022,19.43,Gibraltar,1,6,984,6
8-12-2019,28.01,Bangalore,7,17,4478,6
24-10-2021,11.61,Bloodhound,4,3,401,20
8-2-2022,7.91,Lifeline,6,3,987,14
27-9-2022,26.66,Revenant,3,9,1735,20
7-8-2021,6.82,Rampart,8,3,1295,8
24-12-2020,20.68,Lifeline,19,2,3540,17
8-11-2022,22.62,Revenant,8,13,1293,18
8-5-2019,7.48,Horizon,3,8,1002,15
7-2-2021,2.19,Gibraltar,10,11,1287,12
3-10-2022,28.11,Lifeline,2,20,3444,18
5-6-2019,6.91,Bangalore,4,4,651,4
23-2-2021,5.36,Horizon,2,3,489,10
29-4-2022,0.09,Gibraltar,6,2,464,16
26-6-2020,4.64,Bloodhound,0,1,133,8
2-5-2019,26.7,Rampart,4,3,1355,12
6-9-2019,5.09,Horizon,1,4,797,13
26-9-2019,25.08,Bangalore,2,7,1431,18
10-7-2019,9.78,Wraith,1,2,334,11
28-9-2021,1.86,Fuse,15,1,1851,6
28-11-2021,7.96,Bloodhound,11,7,2638,3
13-9-2019,4.19,Rampart,3,2,883,3
19-11-2022,25.51,Bloodhound,2,2,866,19
8-2-2022,13.97,Fuse,5,8,2015,18
30-9-2019,11.56,Gibraltar,14,12,1657,2
12-4-2022,14.61,Horizon,2,10,1760,14
14-12-2021,24.78,Pathfinder,3,6,1029,13
26-5-2022,6.58,Revenant,4,4,705,7
1-2-2020,16.68,Fuse,4,4,677,3
2-1-2020,28.83,Revenant,3,4,1071,15
20-8-2020,19.1,Rampart,7,3,2051,11
28-12-2020,4.38,Lifeline,0,2,245,1
14-10-2022,5.75,Lifeline,3,8,886,12
10-8-2022,26.37,Wraith,4,5,736,16
11-9-2022,6.13,Horizon,6,3,1812,13
9-4-2021,2.76,Lifeline,13,4,3653,6
13-7-2019,4.5,Fuse,5,3,1110,1
28-11-2021,17.05,Bangalore,9,3,2648,12
23-7-2020,14.3,Gibraltar,2,4,1156,11
26-3-2019,14.94,Horizon,10,3,1560,18
7-10-2020,10.02,Bangalore,9,2,2318,9
6-6-2019,3.07,Pathfinder,2,6,441,19
12-8-2021,27.6,Wraith,5,3,1422,18
30-9-2020,3.77,Bangalore,3,9,1657,10
2-3-2020,5.37,Gibraltar,1,4,749,6
25-6-2021,16.71,Pathfinder,7,7,1068,17
20-6-2019,9.41,Pathfinder,2,0,206,16
26-12-2021,16.42,Lifeline,13,3,1362,19
27-6-2021,11.74,Lifeline,1,2,282,1
27-6-2022,16.83,Wraith,1,18,1339,16
27-6-2020,28.71,Gibraltar,2,5,541,16
21-11-2021,15.37,Pathfinder,2,13,1074,13
25-9-2019,18.86,Lifeline,5,1,1120,8
8-2-2020,7.51,Gibraltar,15,2,2645,7
13-1-2020,10.36,Gibraltar,1,2,575,5
21-10-2019,19.15,Pathfinder,2,4,449,3
9-11-2022,16.02,Bangalore,2,1,263,16
15-2-2021,12.38,Fuse,14,2,1432,17
10-6-2019,13.79,Fuse,7,1,740,19
6-3-2019,4.66,Revenant,0,5,884,19
8-11-2021,3.63,Revenant,1,0,112,5
26-3-2020,15.31,Bangalore,1,4,445,18
23-7-2020,11.1,Rampart,12,7,2278,1
8-9-2020,2.46,Lifeline,8,1,852,9
22-5-2022,10.61,Gibraltar,10,3,1822,11
30-7-2020,28.11,Fuse,2,2,774,7
15-4-2022,16.7,Rampart,1,1,130,20
7-11-2021,8.19,Fuse,3,0,493,20
28-6-2022,20.51,Bangalore,5,4,1296,5
2-7-2022,20.52,Fuse,13,4,2086,12
11-4-2021,21.54,Rampart,6,10,3216,17
28-4-2019,25.7,Rampart,11,2,955,9
11-10-2020,12.21,Bloodhound,17,6,3518,15
20-1-2022,24.79,Revenant,9,2,926,1
5-6-2019,3.75,Revenant,14,4,3988,14
26-3-2021,7.45,Pathfinder,6,0,599,15
12-7-2019,19.42,Lifeline,15,11,4536,6
15-8-2020,12.07,Wraith,8,1,2008,16
22-9-2022,28.71,Wraith,11,14,3085,20
22-8-2020,21.98,Bangalore,10,3,1615,9
20-12-2021,25.7,Bangalore,6,2,812,13
8-9-2020,22.95,Lifeline,11,5,2196,3
16-2-2022,17.51,Horizon,13,5,3214,13
15-12-2022,15.7,Horizon,4,1,698,15
15-8-2019,23.01,Bangalore,2,2,390,2
26-4-2021,19.98,Fuse,1,1,232,3
15-7-2019,15.9,Wraith,9,3,2219,9
27-6-2022,1.54,Revenant,15,0,1605,12
7-2-2022,2.63,Revenant,0,0,0,14
15-7-2021,25.99,Lifeline,2,17,3273,5
17-6-2022,20.39,Fuse,17,4,2105,4
4-9-2022,13.43,Horizon,6,7,1936,17
2-8-2022,27.0,Rampart,3,4,712,13
27-5-2020,19.13,Revenant,4,6,1701,1
21-6-2019,9.5,Fuse,1,0,191,13
1-10-2021,24.05,Fuse,6,7,1581,7
2-11-2019,20.42,Revenant,8,3,1437,1
3-8-2022,21.69,Wraith,3,13,845,14
20-2-2021,28.13,Bangalore,7,12,2646,17
25-10-2019,19.14,Lifeline,1,10,804,18
26-11-2021,14.22,Rampart,1,5,1035,20
3-8-2021,3.45,Wraith,0,6,562,1
3-4-2020,1.77,Bloodhound,0,3,317,14
29-5-2022,6.46,Revenant,0,2,354,11
13-6-2022,8.78,Horizon,1,13,1973,9
27-10-2019,26.56,Bangalore,12,11,1246,7
7-10-2022,0.29,Lifeline,2,7,1489,18
14-8-2022,11.26,Fuse,3,3,1333,11
15-7-2021,22.17,Horizon,15,5,2872,8
8-3-2021,19.98,Revenant,14,10,4011,15
13-6-2019,4.27,Fuse,1,1,374,10
9-3-2022,16.51,Pathfinder,11,2,2324,15
14-11-2020,3.51,Pathfinder,10,0,1872,1
5-3-2021,2.09,Rampart,9,4,2387,4
13-12-2021,28.84,Lifeline,6,4,1784,9
3-1-2021,18.27,Bloodhound,3,2,821,13
27-6-2022,27.52,Wraith,8,8,1161,1
20-8-2020,15.21,Wraith,1,1,174,13
7-8-2019,21.49,Lifeline,12,10,3655,9
1-11-2019,20.31,Bloodhound,7,4,1852,20
7-9-2020,15.76,Bangalore,1,5,910,9
11-11-2020,18.63,Bangalore,6,6,2541,12
22-10-2019,28.4,Pathfinder,5,4,1544,18
22-2-2020,18.09,Lifeline,6,18,2178,4
14-8-2022,28.64,Gibraltar,18,3,4654,10
5-7-2020,6.72,Bloodhound,0,0,0,14
16-11-2019,14.73,Horizon,7,2,1007,15
23-5-2020,15.11,Pathfinder,5,7,755,17
24-6-2022,23.48,Bloodhound,2,2,764,16
3-6-2020,16.63,Lifeline,5,1,1024,5
4-10-2019,14.54,Bloodhound,7,5,2451,11
4-4-2021,7.49,Gibraltar,3,4,832,17
12-5-2019,6.79,Pathfinder,8,6,947,1
8-4-2019,13.15,Lifeline,4,10,1502,10
13-8-2020,15.57,Wraith,4,1,883,3
9-9-2022,4.06,Gibraltar,12,10,3024,8
27-3-2022,18.59,Wraith,1,8,856,2
28-11-2022,11.22,Bangalore,9,3,999,11
10-10-2020,16.92,Bangalore,4,1,865,12
12-8-2022,17.16,Wraith,3,3,405,14
20-3-2022,3.71,Revenant,8,2,1607,19
5-5-2019,23.4,Fuse,19,20,4444,20
20-11-2021,9.37,Pathfinder,10,2,2362,13
11-7-2019,20.75,Lifeline,4,7,1453,17
10-3-2020,6.2,Bloodhound,15,11,2616,3
4-11-2019,22.77,Revenant,13,8,3217,11
29-7-2021,24.86,Rampart,3,5,550,10
29-1-2021,24.59,Wraith,12,7,4121,3
9-3-2020,0.68,Revenant,4,0,704,6
11-11-2022,9.7,Rampart,0,3,319,3
23-2-2019,8.5,Revenant,2,0,171,10
10-11-2022,21.97,Gibraltar,9,9,2994,12
18-7-2020,3.69,Wraith,11,4,999,13
16-5-2019,6.56,Rampart,2,4,1149,8
22-5-2020,24.43,Lifeline,13,15,2327,10
24-2-2019,22.32,Wraith,6,2,1353,2
31-7-2022,14.65,Wraith,2,3,626,12
25-12-2022,5.48,Lifeline,10,16,5211,11
11-10-2021,25.01,Rampart,17,13,5748,2
12-6-2020,15.72,Horizon,7,6,1310,12
19-11-2021,2.98,Bloodhound,7,0,1511,19
10-3-2019,26.76,Lifeline,8,6,2709,13
27-1-2021,18.17,Wraith,2,4,813,17
15-6-2021,24.02,Revenant,3,6,969,15
8-7-2020,14.27,Wraith,2,3,374,6
24-8-2020,7.63,Lifeline,4,0,425,9
10-5-2019,14.33,Gibraltar,4,1,1148,18
7-7-2020,21.22,Lifeline,5,7,2160,9
3-2-2021,29.06,Fuse,8,4,2495,16
20-7-2022,15.21,Bloodhound,2,13,2611,19
23-7-2021,13.12,Bangalore,8,1,1570,7
8-11-2019,1.71,Pathfinder,13,2,1568,19
1-7-2020,2.18,Gibraltar,2,1,619,12
28-5-2022,0.65,Horizon,1,12,1674,4
7-9-2022,21.84,Lifeline,18,4,4340,5
24-1-2022,1.87,Revenant,0,4,534,12
12-11-2020,24.83,Bloodhound,2,2,564,1
10-3-2019,0.57,Fuse,6,9,2610,10
30-1-2021,10.7,Fuse,3,1,695,19
24-7-2022,19.32,Bangalore,2,11,2431,19
15-7-2021,25.23,Bloodhound,2,16,1869,16
14-12-2022,16.49,Wraith,2,1,362,14
5-11-2021,8.35,Revenant,3,1,444,13
3-11-2020,4.29,Fuse,10,2,1847,18
13-10-2022,23.41,Revenant,4,6,1195,8
6-7-2021,13.93,Pathfinder,7,4,819,13
18-8-2022,5.49,Bangalore,9,9,1453,8
19-6-2021,14.63,Wraith,10,1,1724,20
19-9-2019,18.12,Bangalore,7,2,945,13
23-6-2021,22.49,Fuse,4,3,1318,1
6-9-2019,10.05,Bangalore,12,3,1473,16
15-9-2020,25.57,Bangalore,7,6,1361,9
9-6-2021,13.58,Pathfinder,2,2,640,18
11-4-2021,2.63,Fuse,0,0,0,15
27-2-2020,20.01,Horizon,5,6,859,4
23-9-2019,25.41,Bangalore,3,3,905,4
5-9-2019,27.94,Rampart,15,13,5545,20
18-9-2021,13.28,Revenant,1,2,246,11
13-5-2022,12.44,Revenant,1,7,748,18
18-11-2020,3.2,Horizon,9,5,1688,4
28-10-2020,20.94,Fuse,4,6,894,8
30-7-2021,4.93,Gibraltar,2,2,330,16
12-7-2020,5.33,Bloodhound,0,0,0,3
15-3-2022,15.07,Lifeline,8,2,1414,8
20-3-2021,27.26,Gibraltar,4,2,609,3
8-11-2020,7.32,Gibraltar,0,0,0,18
10-1-2022,7.34,Wraith,4,11,1265,18
3-3-2022,29.82,Bangalore,12,2,1469,2
11-8-2020,5.95,Horizon,5,5,1870,12
25-10-2019,25.3,Wraith,12,10,4312,8
21-8-2020,27.85,Gibraltar,2,6,427,7
17-12-2022,7.85,Bloodhound,4,13,2610,19
22-12-2019,9.34,Pathfinder,7,16,1854,19
2-7-2022,18.5,Wraith,1,5,917,8
18-7-2021,10.64,Horizon,12,12,4398,6
24-5-2022,5.6,Bangalore,3,3,1063,1
30-6-2020,8.88,Bloodhound,0,4,257,13
31-3-2021,21.6,Pathfinder,2,21,2555,17
4-3-2020,17.29,Wraith,3,1,400,17
10-12-2022,29.39,Fuse,3,12,2273,8
9-6-2021,24.67,Horizon,4,7,1505,12
14-1-2020,16.97,Gibraltar,3,2,937,16
3-7-2021,17.02,Fuse,4,15,2108,3
23-12-2021,26.99,Lifeline,3,10,1320,7
12-11-2020,3.3,Wraith,8,0,490,3
3-8-2020,24.8,Horizon,7,4,1601,3
9-4-2020,11.4,Horizon,2,8,498,16
9-3-2020,1.02,Lifeline,4,0,855,9
4-4-2019,23.14,Pathfinder,5,3,1454,4
13-7-2019,19.97,Gibraltar,2,5,987,14
21-10-2019,6.11,Fuse,1,0,214,12
21-3-2019,26.79,Lifeline,10,6,1820,15
9-8-2022,22.17,Horizon,8,12,1903,2
30-8-2019,27.84,Fuse,12,9,2275,4
13-3-2020,9.49,Horizon,14,12,3414,20
16-5-2022,11.39,Bangalore,8,14,1202,1
9-5-2020,27.52,Rampart,7,2,1498,16
4-3-2022,19.05,Revenant,1,1,299,17
18-3-2020,10.18,Gibraltar,1,4,775,2
25-11-2019,27.71,Gibraltar,10,3,2917,20
2-6-2022,23.96,Rampart,4,3,460,5
14-2-2020,22.78,Rampart,7,6,1487,14
10-9-2022,14.05,Gibraltar,5,4,1545,4
5-4-2022,4.74,Bloodhound,0,0,0,1
21-7-2020,16.7,Wraith,3,11,1182,12
7-6-2020,28.45,Lifeline,4,2,861,6
19-8-2020,19.28,Pathfinder,4,1,648,19
11-5-2019,27.22,Gibraltar,15,9,1467,5
6-7-2022,15.46,Gibraltar,1,1,377,17
27-1-2021,8.77,Gibraltar,6,12,3589,2
11-1-2022,0.48,Bangalore,9,10,3970,9
21-12-2021,29.83,Wraith,8,2,823,11
29-8-2019,27.13,Revenant,4,13,3237,6
27-3-2019,23.73,Gibraltar,8,12,3507,2
19-7-2020,13.91,Gibraltar,5,5,2045,17
6-12-2019,12.97,Bangalore,7,4,683,9
16-10-2021,11.15,Rampart,1,9,1182,11
28-2-2020,18.04,Fuse,2,4,1043,11
18-3-2022,27.6,Horizon,7,2,1980,20
24-5-2019,24.97,Horizon,8,5,1766,19
26-1-2021,10.17,Wraith,1,2,301,11
15-11-2022,29.18,Gibraltar,6,18,3885,14
7-2-2020,15.71,Wraith,1,4,375,7
9-11-2021,29.08,Horizon,2,2,350,5
17-2-2021,9.47,Bangalore,13,0,2191,16
11-2-2019,7.83,Lifeline,7,1,902,10
7-6-2021,13.49,Wraith,1,7,1047,15
27-5-2019,5.16,Wraith,0,0,0,3
20-3-2019,17.68,Horizon,1,6,806,4
29-9-2020,21.2,Bloodhound,6,11,1446,9
29-5-2022,15.93,Bloodhound,5,4,1915,16
14-7-2019,1.63,Bloodhound,16,5,4499,20
13-6-2021,19.39,Bloodhound,17,14,6495,7
23-12-2020,5.87,Gibraltar,9,6,2436,3
31-3-2022,28.29,Horizon,11,16,2499,3
12-12-2019,17.87,Fuse,4,4,671,3
17-9-2021,15.84,Pathfinder,11,2,2644,8
28-8-2021,0.71,Horizon,1,1,353,18
15-10-2022,3.83,Pathfinder,12,2,1926,16
2-7-2019,20.97,Bloodhound,7,7,1610,13
1-12-2020,28.12,Rampart,5,7,1332,18
16-7-2019,7.0,Fuse,12,1,2480,17
25-3-2019,22.5,Fuse,4,2,858,3
6-8-2019,20.81,Lifeline,3,16,3235,6
22-6-2020,29.28,Wraith,2,9,884,1
21-8-2020,13.98,Bangalore,10,6,2039,4
7-6-2022,13.35,Lifeline,6,16,4041,10
1-12-2021,24.93,Pathfinder,5,2,879,7
29-5-2021,28.65,Bloodhound,6,11,3230,5
2-1-2020,5.75,Bangalore,3,4,1031,10
31-12-2021,11.28,Bangalore,9,1,1194,10
5-6-2021,10.01,Rampart,2,5,555,16
17-11-2022,5.24,Wraith,7,6,2043,8
30-12-2020,12.01,Wraith,4,1,1041,3
20-11-2020,2.53,Horizon,1,1,189,3
28-9-2022,13.58,Revenant,9,4,1206,11
6-1-2021,25.09,Bloodhound,4,3,542,10
15-12-2020,23.5,Revenant,9,6,1500,13
14-3-2022,2.81,Rampart,0,3,375,6
4-4-2021,8.07,Revenant,3,6,1798,13
17-2-2019,19.11,Lifeline,3,1,919,16
23-7-2022,17.63,Horizon,2,2,780,2
25-5-2021,0.18,Revenant,1,10,579,18
30-7-2021,8.8,Horizon,5,11,1654,9
30-3-2021,1.42,Rampart,2,5,642,4
30-3-2021,27.37,Gibraltar,2,8,1912,18
17-9-2020,6.43,Pathfinder,0,3,445,14
16-4-2022,0.16,Lifeline,6,6,2148,17
24-11-2019,20.27,Pathfinder,15,3,3537,9
25-9-2021,5.22,Revenant,3,2,734,10
13-11-2021,6.1,Gibraltar,17,0,3400,18
24-3-2020,19.55,Bloodhound,11,7,3125,17
30-12-2021,19.71,Lifeline,2,8,1637,4
31-7-2020,17.04,Lifeline,7,3,622,5
12-12-2019,22.66,Revenant,7,11,2913,10
12-11-2022,6.52,Rampart,12,1,1134,18
10-12-2019,16.11,Pathfinder,3,5,1253,12
16-11-2021,27.21,Wraith,16,4,2607,1
30-5-2021,0.86,Fuse,1,5,705,15
16-12-2021,17.7,Lifeline,5,12,2404,18
14-11-2020,5.65,Wraith,4,1,515,7
14-3-2019,1.16,Revenant,0,3,453,4
22-5-2019,21.2,Pathfinder,5,20,1361,3
16-7-2020,25.08,Gibraltar,4,3,1393,15
5-12-2022,4.67,Bangalore,0,1,151,15
17-11-2021,13.77,Revenant,2,4,846,18
2-4-2021,14.69,Fuse,1,12,1274,12
5-5-2021,24.6,Bangalore,14,6,4414,4
27-2-2021,14.34,Fuse,1,1,379,2
16-3-2022,19.06,Bangalore,4,2,887,15
19-7-2019,1.14,Horizon,5,1,674,12
21-10-2022,13.57,Revenant,6,15,1842,5
9-9-2019,25.67,Horizon,9,2,1816,4
8-7-2019,13.98,Gibraltar,9,14,3669,1
26-3-2021,1.45,Pathfinder,2,1,285,19
24-3-2022,22.98,Wraith,2,5,386,3
11-9-2022,21.47,Bloodhound,6,4,656,16
5-10-2020,5.53,Revenant,4,3,619,20
11-6-2019,17.57,Fuse,4,2,853,7
19-11-2019,3.18,Horizon,0,1,117,18
9-1-2020,29.68,Rampart,3,5,1306,20
11-1-2020,27.88,Bloodhound,2,8,1847,7
20-2-2020,12.56,Bangalore,16,3,1748,10
9-7-2020,18.21,Pathfinder,9,7,3253,2
26-7-2020,6.08,Pathfinder,0,0,0,14
15-4-2021,13.24,Pathfinder,3,18,1746,3
19-2-2022,2.04,Gibraltar,2,10,1707,2
17-2-2019,2.15,Gibraltar,2,10,2179,18
16-1-2021,16.36,Fuse,5,1,732,14
4-8-2022,27.81,Gibraltar,3,6,1639,9
7-1-2020,1.62,Bangalore,3,5,733,14
27-7-2019,13.14,Wraith,5,1,885,2
29-10-2020,6.77,Horizon,1,5,1086,18
1-8-2022,25.3,Rampart,2,9,1309,9
30-6-2020,2.22,Rampart,2,1,219,11
18-9-2021,20.25,Revenant,9,18,4908,13
18-2-2020,4.14,Pathfinder,9,7,1038,18
16-1-2020,7.22,Pathfinder,5,10,857,15
6-2-2021,7.56,Gibraltar,0,2,313,19
24-11-2022,15.03,Fuse,10,5,2898,12
20-6-2021,18.27,Revenant,1,5,1050,16
25-2-2021,10.16,Revenant,2,14,2918,9
6-3-2021,14.53,Gibraltar,16,14,4547,14
15-6-2022,2.0,Rampart,5,13,2186,15
11-6-2021,13.02,Horizon,3,7,1955,4
18-11-2022,4.42,Pathfinder,0,1,92,9
4-1-2020,4.11,Lifeline,8,0,1770,2
12-6-2019,23.89,Fuse,8,2,1773,15
15-11-2022,18.55,Revenant,3,4,865,17
6-1-2021,10.28,Bloodhound,2,4,421,5
26-12-2020,7.36,Rampart,5,4,818,20
5-8-2022,9.59,Bangalore,5,10,1292,12
16-6-2021,12.96,Bloodhound,5,4,1235,6
28-8-2022,24.65,Bangalore,6,11,2822,4
18-6-2019,9.57,Lifeline,5,0,531,18
30-8-2020,21.59,Bloodhound,4,5,1324,2
10-8-2021,26.91,Lifeline,4,12,839,13
19-8-2019,12.7,Bangalore,16,3,2377,19
12-8-2020,22.82,Pathfinder,7,4,2353,2
18-2-2019,1.87,Revenant,8,13,3386,4
7-6-2022,4.81,Horizon,12,1,2490,18
27-9-2021,23.23,Horizon,9,6,833,9
12-2-2019,11.05,Revenant,6,1,1256,2
9-4-2022,0.02,Revenant,3,2,606,17
18-9-2019,19.34,Lifeline,1,9,803,12
12-5-2022,0.86,Revenant,1,6,1282,12
26-11-2021,11.2,Gibraltar,2,4,566,4
25-1-2020,6.99,Wraith,1,14,760,9
9-11-2019,8.0,Lifeline,8,12,1383,2
1-7-2020,16.9,Bangalore,1,12,1550,15
29-1-2021,11.43,Fuse,4,16,3324,11
20-6-2022,29.12,Lifeline,21,11,4355,7
23-12-2021,5.38,Pathfinder,6,1,885,12
5-11-2019,5.12,Horizon,7,10,2910,4
28-11-2019,4.59,Fuse,2,0,479,5
24-4-2019,24.62,Pathfinder,9,2,1383,16
4-9-2019,28.98,Wraith,5,4,759,6
12-3-2019,9.24,Gibraltar,13,3,1210,20
20-4-2021,0.21,Revenant,9,9,2335,19
6-6-2021,2.46,Revenant,7,2,982,5
4-7-2019,28.86,Wraith,9,13,3626,8
14-1-2020,18.55,Rampart,12,5,2075,9
26-3-2022,28.52,Pathfinder,12,9,1558,15
2-4-2022,9.06,Horizon,3,2,528,5
14-7-2022,12.63,Pathfinder,1,14,2480,3
18-8-2022,12.53,Revenant,8,2,1576,6
2-8-2021,27.79,Fuse,2,3,707,9
8-10-2020,25.85,Pathfinder,4,12,943,5
23-4-2022,27.74,Revenant,13,20,5266,14
23-12-2020,24.6,Bangalore,4,2,995,6
3-9-2020,8.07,Bloodhound,2,0,307,15
27-8-2020,3.08,Rampart,0,12,581,6
9-8-2021,2.78,Lifeline,13,5,1715,10
4-6-2020,22.11,Lifeline,11,2,1202,2
24-4-2021,22.83,Horizon,5,3,1260,8
17-4-2022,27.74,Wraith,2,6,1492,16
19-5-2021,20.93,Fuse,7,3,1748,19
25-5-2019,2.02,Gibraltar,0,4,431,9
26-6-2022,11.53,Gibraltar,5,2,658,20
9-12-2019,21.32,Pathfinder,12,12,4489,20
11-9-2020,8.6,Bloodhound,2,0,225,20
2-5-2021,10.12,Gibraltar,2,12,1990,8
25-12-2019,21.64,Gibraltar,2,17,1839,8
5-11-2021,19.53,Fuse,6,2,1361,10
14-8-2022,18.0,Bangalore,6,19,1373,17
20-8-2022,10.41,Rampart,10,4,1655,18
4-12-2022,15.12,Horizon,6,1,866,9
16-1-2022,14.95,Gibraltar,10,1,926,9
2-7-2021,11.39,Horizon,7,3,1018,17
26-10-2019,2.17,Rampart,11,2,1498,17
25-2-2022,22.67,Revenant,5,11,2171,16
14-1-2022,25.31,Pathfinder,12,4,2610,3
5-8-2021,16.96,Rampart,2,7,1211,15
9-8-2019,12.87,Lifeline,7,13,3196,6
28-12-2019,8.45,Rampart,0,5,827,4
20-7-2020,26.04,Fuse,10,10,2698,20
29-5-2021,1.06,Revenant,0,5,792,20
17-5-2019,5.05,Revenant,1,0,209,7
18-7-2022,23.49,Bangalore,9,2,2378,15
14-12-2020,13.04,Pathfinder,7,5,2533,3
18-7-2020,7.18,Bangalore,8,13,1626,19
13-12-2022,27.74,Bangalore,7,12,1431,8
28-9-2022,19.97,Bangalore,5,3,960,10
20-3-2019,6.45,Fuse,6,13,1631,6
25-7-2020,26.62,Revenant,2,10,2034,6
13-12-2019,8.43,Fuse,0,3,254,8
12-3-2020,27.52,Bangalore,3,8,1184,10
29-6-2022,13.83,Revenant,3,1,858,19
22-5-2022,17.47,Fuse,1,9,1798,2
21-10-2022,18.56,Wraith,10,3,1736,7
17-4-2022,0.66,Horizon,11,1,737,12
27-6-2020,22.95,Lifeline,7,2,519,8
2-2-2022,3.68,Pathfinder,18,6,2216,12
4-5-2020,8.82,Gibraltar,0,3,213,14
25-1-2021,1.67,Bloodhound,4,7,1998,20
8-10-2019,21.74,Wraith,6,8,977,19
19-5-2022,17.64,Fuse,13,1,918,1
11-4-2022,4.99,Fuse,17,1,3348,3
3-6-2021,8.54,Fuse,1,2,336,8
28-3-2021,1.16,Bangalore,8,11,3382,14
2-8-2020,11.08,Rampart,4,1,405,6
31-7-2019,15.12,Revenant,4,16,2822,1
5-1-2022,17.31,Gibraltar,1,1,111,11
6-1-2021,10.99,Gibraltar,4,1,428,3
3-9-2022,29.1,Bloodhound,3,3,657,16
28-9-2021,20.26,Horizon,2,7,1036,20
7-2-2022,23.43,Lifeline,3,14,1116,15
25-5-2021,2.9,Revenant,6,8,1376,6
6-9-2022,27.75,Rampart,5,5,829,5
24-6-2021,28.23,Rampart,8,12,1672,9
8-5-2021,15.51,Bloodhound,14,8,3593,12
15-6-2019,10.96,Revenant,2,2,423,3
4-3-2019,12.12,Horizon,16,1,2574,13
19-11-2019,9.43,Rampart,2,8,1812,4
29-4-2019,9.5,Fuse,1,1,352,4
4-3-2021,27.15,Revenant,8,2,671,8
30-10-2021,4.08,Lifeline,2,0,373,17
18-3-2022,10.69,Pathfinder,11,5,2091,13
8-8-2022,19.91,Gibraltar,3,10,1341,8
6-8-2019,4.65,Bangalore,0,8,873,11
15-12-2022,25.64,Wraith,8,3,1414,8
6-7-2021,26.16,Rampart,10,11,2534,11
29-10-2022,23.02,Bloodhound,4,6,1924,14
15-1-2020,18.81,Pathfinder,15,10,3283,1
20-3-2020,2.38,Pathfinder,8,1,1174,8
22-2-2021,6.0,Bloodhound,4,4,1347,16
3-5-2021,23.58,Wraith,10,7,3440,10
24-7-2019,7.74,Lifeline,11,14,4401,4
12-2-2021,22.16,Bangalore,7,8,1395,15
1-8-2020,25.71,Bloodhound,8,13,3643,18
6-9-2022,0.77,Revenant,3,12,1174,1
15-10-2020,4.82,Pathfinder,1,3,303,11
29-8-2021,10.4,Bloodhound,2,2,425,2
31-12-2020,21.54,Fuse,12,13,4612,19
10-9-2020,27.68,Lifeline,4,3,892,19
16-7-2021,9.85,Revenant,0,15,1953,20
6-11-2022,27.12,Wraith,5,10,1940,3
5-11-2019,0.33,Revenant,2,0,333,2
23-6-2021,2.23,Rampart,1,3,322,8
7-6-2022,22.67,Rampart,14,2,3295,20
5-6-2020,27.37,Lifeline,11,6,2043,15
20-6-2021,25.03,Gibraltar,4,11,2571,5
14-7-2021,26.27,Revenant,2,2,478,13
1-6-2022,17.78,Bloodhound,3,7,521,10
3-12-2020,18.75,Rampart,6,4,1335,10
30-10-2022,6.5,Rampart,10,0,2138,17
10-8-2020,13.52,Lifeline,12,3,1462,8
5-6-2019,7.75,Horizon,1,6,1060,15
20-8-2019,1.8,Pathfinder,1,7,990,16
24-10-2022,22.62,Bangalore,2,3,343,4
31-7-2019,21.88,Rampart,11,8,1746,12
21-12-2021,2.08,Revenant,2,7,1146,10
11-10-2020,11.64,Horizon,4,13,3122,13
3-11-2019,29.72,Lifeline,15,9,3510,12
10-4-2019,18.47,Fuse,4,3,1251,14
20-4-2019,21.22,Horizon,7,11,3412,5
17-1-2020,21.86,Bangalore,2,9,1388,18
19-7-2022,16.47,Horizon,3,5,914,1
6-9-2021,20.91,Bangalore,5,4,664,11
30-3-2022,19.51,Pathfinder,1,4,689,14
24-7-2020,7.13,Lifeline,2,14,1671,4
27-7-2021,12.46,Revenant,1,5,602,3
17-6-2021,6.85,Lifeline,3,0,255,16
