9-12-2022,23.65,Caustic,2,3,920,15
1-1-2021,14.25,Pathfinder,2,1,578,13
13-2-2021,23.32,Bangalore,7,11,2808,16
25-5-2022,7.08,Gibraltar,11,9,3557,12
27-3-2021,16.79,Caustic,4,6,2016,6
8-7-2019,14.73,Octane,9,10,3516,3
22-5-2021,10.46,Bloodhound,7,11,3377,12
10-2-2020,12.38,Octane,6,2,608,2
18-2-2022,11.11,Caustic,1,2,423,10
18-7-2019,22.65,Caustic,5,7,1605,6
17-8-2022,24.48,Caustic,6,5,1997,12
18-6-2021,3.58,Wraith,4,4,1080,13
10-12-2021,25.58,Wraith,6,6,2227,13
1-7-2019,2.26,Caustic,9,11,2025,15
18-3-2020,28.47,Rampart,2,1,514,18
4-5-2022,8.71,Gibraltar,2,4,965,4
7-6-2019,13.56,Caustic,2,2,520,8
13-6-2022,1.28,Wraith,3,4,891,16
5-2-2020,29.67,Wraith,7,9,1466,1
6-4-2022,26.42,Crypto,8,14,2791,17
1-6-2021,17.62,Lifeline,12,12,3186,14
14-2-2021,3.15,Caustic,5,8,1555,2
16-2-2019,0.79,Bloodhound,4,2,826,15
30-7-2021,4.93,Wraith,2,5,948,3
22-9-2020,4.73,Rampart,4,6,1656,17
13-1-2021,9.56,Ash,5,5,1047,13
23-11-2022,22.31,Pathfinder,6,8,2427,8
22-6-2021,10.98,Bangalore,6,6,2278,13
15-1-2022,29.62,Caustic,3,3,566,8
9-8-2021,17.21,Octane,2,4,1237,11
31-1-2020,28.35,Lifeline,3,2,529,9
27-9-2019,25.01,Caustic,9,9,4048,12
4-8-2019,7.23,Gibraltar,4,9,2069,19
24-3-2021,15.11,Lifeline,12,10,2995,16
22-11-2020,28.73,Lifeline,6,7,1556,8
17-5-2022,18.43,Bangalore,0,1,204,4
25-3-2022,8.67,Lifeline,1,1,187,16
18-12-2019,1.07,Ash,9,5,3438,20
6-8-2020,11.14,Octane,6,4,2107,4
19-9-2022,10.06,Ash,4,5,1199,14
30-1-2021,24.14,Rampart,7,8,2167,9
30-10-2021,29.16,Wraith,8,6,1677,6
17-12-2022,16.0,Bangalore,0,3,629,9
30-10-2019,28.93,Ash,1,2,642,4
15-5-2019,17.54,Bloodhound,5,6,1568,10
30-3-2019,27.88,Octane,9,5,3038,3
12-10-2022,3.57,Octane,11,4,3696,4
3-4-2019,17.72,Octane,6,9,3826,3
28-11-2019,21.27,Gibraltar,13,10,4052,18
8-9-2021,6.56,Caustic,5,0,1356,9
23-9-2021,13.02,Rampart,4,8,1890,5
25-5-2019,20.96,Gibraltar,5,9,3324,19
3-3-2022,21.5,Octane,6,8,2574,7
19-2-2020,12.27,Bangalore,6,5,2737,4
8-7-2019,16.46,Wraith,13,8,5147,1
4-10-2020,3.37,Gibraltar,8,8,2806,1
14-1-2020,25.28,Bloodhound,3,0,416,5
21-8-2022,19.81,Ash,4,3,1267,5
11-11-2022,18.14,Pathfinder,6,6,1460,1
5-11-2021,13.54,Lifeline,5,5,1239,19
21-7-2021,16.43,Rampart,8,7,2842,10
21-8-2019,17.15,Bangalore,6,5,2476,3
22-11-2020,15.93,Lifeline,9,14,3407,6
19-2-2020,3.43,Wraith,0,5,750,12
29-7-2020,26.92,Bloodhound,9,3,2491,4
4-1-2022,24.22,Gibraltar,2,4,888,20
24-5-2021,13.1,Lifeline,3,3,1333,14
26-9-2021,8.48,Gibraltar,5,6,3008,13
28-12-2020,25.36,Wraith,11,12,2905,13
9-10-2020,10.78,Rampart,6,8,2187,20
3-7-2021,9.99,Ash,0,0,0,3
30-3-2020,28.35,Gibraltar,7,5,2894,16
25-12-2022,27.53,Crypto,7,3,1409,3
15-7-2019,28.57,Ash,5,8,1903,10
3-10-2022,9.69,Bloodhound,7,13,4131,20
30-7-2021,29.82,Caustic,7,6,1699,3
14-9-2020,7.74,Rampart,8,8,3804,16
27-6-2022,4.65,Bloodhound,0,2,430,8
7-5-2019,1.85,Gibraltar,4,5,2300,7
5-4-2021,9.84,Lifeline,2,3,974,14
14-4-2021,21.65,Octane,4,5,1468,6
28-8-2022,17.95,Lifeline,5,9,3525,14
27-6-2019,13.56,Bangalore,8,10,4074,11
16-1-2022,7.15,Bloodhound,9,6,4169,12
29-6-2020,1.72,Ash,0,2,511,12
18-3-2021,7.94,Ash,9,1,3015,20
23-6-2020,10.86,Gibraltar,8,2,3088,18
5-7-2021,21.45,Lifeline,5,4,2720,16
24-4-2020,4.29,Ash,4,5,1976,3
14-11-2021,0.38,Wraith,9,8,4252,2
14-6-2020,24.75,Ash,11,7,2805,12
11-1-2021,13.31,Ash,1,0,302,1
14-5-2020,10.75,Bangalore,3,5,2263,18
24-9-2019,7.97,Ash,10,2,3049,15
28-8-2021,15.05,Lifeline,4,5,2282,3
1-11-2020,1.17,Pathfinder,12,11,5427,9
23-8-2022,22.22,Crypto,5,8,2920,18
16-1-2020,28.08,Lifeline,12,14,4468,19
6-2-2022,20.38,Bangalore,0,6,1126,12
29-12-2020,9.78,Lifeline,7,1,1271,1
21-7-2020,16.54,Lifeline,3,4,1236,12
21-5-2019,16.38,Caustic,8,9,3153,10
11-10-2021,28.38,Bloodhound,11,8,3736,2
22-9-2022,3.03,Wraith,6,13,4106,8
26-4-2022,9.57,Lifeline,11,9,6304,13
5-4-2022,9.78,Bloodhound,2,3,829,17
26-9-2020,1.36,Bloodhound,9,6,2608,8
11-9-2021,11.39,Octane,3,4,1525,16
12-12-2022,27.83,Wraith,11,10,6418,20
21-7-2019,1.59,Pathfinder,11,5,4146,11
11-2-2020,16.98,Bangalore,6,11,4178,20
1-10-2021,2.12,Bloodhound,8,6,2894,14
17-5-2020,15.36,Gibraltar,4,3,1270,20
16-11-2019,4.01,Octane,8,5,3666,16
22-4-2019,24.61,Octane,4,3,1997,19
15-3-2022,13.2,Ash,10,9,5613,11
10-9-2021,1.23,Bloodhound,9,8,3664,15
14-1-2022,27.22,Lifeline,9,11,5747,20
27-5-2019,22.47,Wraith,9,7,3875,9
5-2-2020,8.29,Lifeline,3,0,581,18
24-11-2020,13.27,Bangalore,1,3,793,14
28-8-2022,9.89,Caustic,6,3,2963,8
25-9-2020,20.87,Pathfinder,4,4,2001,16
16-3-2019,9.74,Bloodhound,8,6,3905,12
21-4-2020,19.24,Gibraltar,6,7,3561,6
21-3-2021,1.1,Ash,7,6,2467,5
7-8-2020,6.34,Bangalore,8,1,2491,12
5-10-2021,14.62,Bangalore,2,3,1129,17
15-8-2020,10.93,Pathfinder,3,6,2071,17
14-2-2022,4.76,Rampart,4,7,2760,19
7-8-2022,3.85,Caustic,4,5,1688,20
27-8-2020,25.16,Wraith,5,6,2985,15
7-10-2022,14.41,Bangalore,11,8,5285,12
21-3-2021,14.22,Bangalore,0,1,298,6
10-4-2020,25.36,Rampart,3,7,2019,18
30-11-2019,14.59,Gibraltar,2,2,1215,10
13-11-2020,27.72,Rampart,4,8,3531,5
26-9-2021,23.85,Wraith,4,4,1703,9
19-2-2021,25.51,Gibraltar,13,7,4017,20
6-12-2020,3.76,Gibraltar,7,7,3296,14
15-9-2019,13.93,Gibraltar,0,1,284,18
13-4-2021,13.77,Rampart,2,4,1496,4
12-12-2021,11.84,Caustic,3,6,1816,10
11-3-2022,4.01,Gibraltar,8,3,3534,13
31-10-2020,8.72,Bangalore,5,5,2550,3
21-3-2022,7.77,Pathfinder,5,9,3907,17
21-11-2019,18.4,Caustic,13,12,4971,16
16-3-2022,25.01,Wraith,5,1,1636,10
2-6-2021,25.23,Bangalore,2,9,3776,7
6-6-2021,10.01,Gibraltar,2,2,1166,11
4-11-2022,28.24,Crypto,4,9,3239,6
1-11-2019,5.05,Octane,10,4,3796,1
5-9-2019,8.35,Gibraltar,6,11,5094,17
8-11-2021,1.8,Wraith,6,8,4934,10
6-10-2020,11.52,Bangalore,3,4,2298,5
30-12-2019,22.77,Bangalore,2,2,990,17
15-11-2022,18.0,Lifeline,2,3,1130,2
17-7-2021,22.66,Caustic,4,4,2627,12
4-10-2020,6.88,Rampart,11,5,3725,8
24-10-2022,9.98,Gibraltar,6,6,4436,19
11-3-2019,2.46,Ash,7,9,4619,9
13-12-2019,11.24,Crypto,0,0,0,9
8-7-2022,9.5,Lifeline,4,1,1176,8
2-6-2021,0.97,Crypto,5,3,2288,2
28-8-2021,1.69,Pathfinder,11,7,6043,1
20-3-2019,23.84,Octane,6,14,6702,10
17-3-2019,12.81,Gibraltar,7,5,3481,19
18-8-2022,25.83,Ash,11,10,5724,9
13-5-2022,5.4,Caustic,0,1,322,16
22-3-2020,26.66,Octane,2,1,1036,1
20-6-2021,21.51,Rampart,3,3,2016,2
18-3-2019,18.81,Octane,9,4,4376,18
13-6-2020,28.36,Lifeline,5,6,2645,18
7-8-2021,21.72,Pathfinder,13,5,4344,17
4-11-2020,26.52,Gibraltar,11,16,7094,15
27-9-2022,0.8,Bangalore,0,0,0,1
13-8-2020,23.86,Bangalore,2,3,1880,4
21-8-2022,25.04,Rampart,3,3,1663,12
17-8-2019,8.01,Caustic,7,3,3303,2
29-4-2022,10.19,Octane,5,5,3454,18
3-7-2019,16.89,Caustic,6,7,4534,12
13-1-2020,10.91,Bangalore,7,6,3614,6
8-5-2020,18.16,Bangalore,1,1,503,10
20-3-2019,8.55,Crypto,7,4,3987,9
13-8-2021,16.44,Wraith,3,2,1628,15
29-10-2020,29.8,Pathfinder,10,6,3848,4
27-7-2021,29.89,Ash,9,10,6915,9
10-3-2021,4.37,Wraith,5,5,2563,14
25-4-2021,21.7,Caustic,7,7,4221,10
7-4-2022,14.79,Octane,0,5,1223,7
15-10-2021,5.9,Caustic,1,9,3043,8
5-5-2021,26.31,Ash,8,2,3487,7
22-3-2022,25.49,Rampart,4,3,2026,6
17-8-2020,20.46,Gibraltar,5,7,3222,8
12-3-2021,7.83,Caustic,9,5,4782,20
24-4-2020,3.55,Octane,6,9,5477,3
10-9-2020,2.14,Pathfinder,0,1,372,18
17-7-2022,26.23,Ash,5,8,4898,3
17-3-2019,1.44,Bangalore,2,5,2243,5
15-10-2022,15.48,Caustic,7,7,5540,10
3-12-2022,12.75,Gibraltar,7,6,1562,6
16-7-2019,5.27,Pathfinder,5,10,1426,13
17-6-2022,6.9,Ash,9,6,3032,18
9-2-2022,10.75,Ash,6,3,1403,6
30-4-2022,8.94,Rampart,1,1,366,4
25-12-2019,27.35,Ash,4,3,1334,1
18-2-2022,21.62,Octane,10,11,1485,1
23-2-2019,10.16,Ash,10,5,3277,4
9-6-2020,24.82,Gibraltar,5,9,1957,12
4-8-2022,12.77,Lifeline,8,7,1560,10
6-7-2019,23.24,Ash,1,1,382,1
22-5-2019,6.82,Bangalore,3,3,1256,20
22-6-2020,5.88,Bangalore,6,5,1128,15
13-1-2021,9.77,Gibraltar,3,5,1644,8
3-4-2019,2.52,Octane,9,4,2851,11
21-8-2022,14.93,Bloodhound,8,10,3283,12
24-7-2019,0.88,Octane,7,7,2395,16
10-6-2019,25.75,Gibraltar,1,1,248,7
25-1-2020,27.07,Wraith,1,4,521,5
18-3-2020,14.19,Wraith,3,11,1291,18
23-9-2019,6.32,Pathfinder,3,6,950,20
29-3-2022,16.46,Rampart,4,13,3113,9
22-10-2022,28.91,Ash,6,13,1787,7
1-5-2020,7.6,Rampart,7,7,1094,13
31-12-2022,15.93,Lifeline,1,0,236,6
21-2-2022,6.34,Rampart,2,8,1265,4
15-12-2020,21.13,Crypto,2,7,1508,11
9-10-2019,18.67,Octane,9,6,2592,4
13-4-2020,29.67,Caustic,8,9,3613,8
1-8-2021,23.34,Gibraltar,7,7,1423,15
15-2-2021,23.32,Octane,9,8,1561,20
30-5-2021,6.92,Lifeline,0,7,1023,2
22-6-2020,2.53,Pathfinder,2,2,442,19
30-7-2022,21.26,Rampart,3,5,967,20
5-3-2020,16.28,Bangalore,8,6,3033,14
19-9-2022,7.02,Caustic,9,7,2135,17
23-9-2022,0.4,Bloodhound,5,6,2647,12
22-2-2021,1.73,Gibraltar,7,9,2225,15
20-10-2022,0.73,Bangalore,2,5,1057,2
12-2-2021,8.26,Ash,3,1,736,18
25-10-2022,11.04,Caustic,3,4,1744,12
7-5-2019,10.08,Rampart,3,9,1154,5
13-10-2019,12.22,Pathfinder,7,5,1572,9
18-2-2021,25.92,Bangalore,8,5,1811,3
9-3-2021,16.22,Pathfinder,9,14,3179,20
18-2-2022,26.36,Bloodhound,4,1,971,3
13-6-2022,28.57,Ash,8,6,3541,6
31-3-2022,16.45,Crypto,4,8,1991,2
23-11-2019,2.16,Ash,8,10,2808,14
7-12-2021,10.2,Pathfinder,5,4,928,18
29-7-2021,19.36,Lifeline,11,9,2175,5
18-2-2022,11.06,Lifeline,7,7,1589,12
2-1-2022,12.06,Rampart,0,1,119,10
25-11-2021,1.75,Pathfinder,7,4,2512,5
11-1-2022,26.83,Bangalore,5,11,2079,20
5-5-2019,11.55,Wraith,6,5,2039,4
30-7-2020,24.43,Bloodhound,9,6,1916,4
2-9-2022,19.93,Wraith,12,8,3200,5
24-4-2019,13.6,Rampart,8,9,2333,14
12-7-2021,5.07,Ash,1,0,133,20
25-10-2022,13.6,Caustic,4,2,826,15
30-7-2019,3.52,Rampart,3,2,1088,1
15-6-2021,25.61,Wraith,5,7,1711,17
8-3-2022,8.22,Wraith,4,8,2374,15
24-9-2022,7.75,Rampart,5,12,2874,9
7-8-2021,2.81,Octane,9,7,3083,1
6-3-2019,17.53,Caustic,4,2,796,14
3-10-2020,2.38,Lifeline,7,5,1501,17
20-3-2022,20.76,Ash,6,3,1314,7
27-8-2019,27.17,Wraith,5,5,1311,2
20-7-2021,14.33,Ash,7,9,3638,4
18-12-2021,28.44,Bloodhound,8,10,3794,8
31-7-2021,16.54,Crypto,6,8,1973,17
14-5-2020,10.06,Ash,2,2,771,5
26-3-2021,13.18,Crypto,1,2,396,6
26-11-2019,10.32,Octane,8,2,1495,12
13-11-2022,13.39,Bangalore,3,7,1849,5
29-12-2020,16.14,Gibraltar,6,5,2797,3
17-4-2022,12.97,Rampart,11,7,3940,20
30-6-2022,2.33,Octane,8,6,3398,1
5-6-2021,22.32,Pathfinder,6,2,1138,13
16-10-2021,15.27,Bloodhound,3,3,1379,9
22-11-2019,14.3,Bangalore,3,2,1358,19
6-4-2020,1.32,Crypto,6,4,1915,1
13-10-2019,14.96,Lifeline,11,7,3312,9
2-9-2022,2.99,Pathfinder,7,5,2988,2
10-12-2020,14.83,Bangalore,10,7,3316,4
22-4-2021,7.65,Bloodhound,7,5,2305,18
1-3-2019,1.62,Rampart,3,5,2267,3
10-5-2019,15.37,Bloodhound,2,2,1009,17
16-6-2021,3.31,Wraith,3,5,1873,15
5-3-2022,13.25,Octane,9,10,3197,16
22-8-2021,16.18,Octane,6,5,2594,2
28-3-2022,26.97,Gibraltar,8,7,3147,9
9-2-2022,15.82,Lifeline,4,2,1473,16
20-7-2020,20.59,Lifeline,9,5,2815,16
24-7-2020,28.1,Caustic,3,7,1773,9
24-3-2021,13.09,Caustic,5,4,2346,4
20-8-2021,11.25,Crypto,4,6,2061,8
13-4-2022,0.01,Gibraltar,11,6,3800,10
4-12-2019,13.18,Gibraltar,12,11,3808,19
1-10-2020,13.39,Wraith,2,2,992,11
30-5-2021,20.65,Crypto,1,2,766,13
1-7-2020,11.52,Wraith,3,2,908,5
27-12-2021,0.81,Bangalore,3,9,1867,3
4-2-2020,4.89,Octane,10,12,6412,3
3-11-2019,27.31,Pathfinder,10,8,4380,7
23-9-2020,27.27,Octane,7,7,3505,4
18-5-2020,10.85,Crypto,0,2,510,11
5-3-2021,23.29,Caustic,7,3,1788,6
22-7-2021,7.32,Wraith,11,2,3207,20
5-3-2020,24.78,Rampart,8,4,2361,6
18-11-2019,29.16,Octane,9,4,2640,7
21-11-2022,1.59,Pathfinder,7,7,3903,3
27-6-2021,17.26,Rampart,8,6,2613,2
26-3-2019,11.55,Caustic,2,0,597,9
18-9-2021,23.55,Bangalore,4,1,1394,12
28-6-2020,6.14,Octane,2,2,842,4
2-3-2022,26.78,Bangalore,11,9,5889,5
2-7-2021,28.51,Bangalore,6,5,2351,7
13-10-2021,5.98,Pathfinder,12,5,5290,20
19-1-2020,21.76,Bloodhound,8,11,4651,9
26-9-2021,24.06,Bloodhound,1,5,1232,15
27-10-2019,28.94,Crypto,1,2,890,16
16-10-2022,25.46,Pathfinder,4,4,1693,15
28-5-2022,3.08,Bloodhound,3,8,2253,5
5-9-2020,11.12,Crypto,4,6,2672,11
13-8-2021,29.73,Pathfinder,11,8,5922,12
18-2-2021,21.86,Caustic,8,9,4890,9
20-6-2019,20.06,Ash,1,1,411,6
3-12-2022,7.81,Rampart,2,1,560,13
6-5-2021,26.84,Wraith,4,2,1555,9
24-9-2021,12.8,Lifeline,4,10,4464,10
28-4-2021,23.88,Bangalore,5,5,3086,12
25-4-2019,16.62,Bloodhound,6,6,3488,19
30-12-2019,26.4,Ash,12,9,5532,20
18-6-2021,24.89,Ash,6,1,2376,5
27-6-2020,13.15,Wraith,5,5,1983,2
15-5-2020,7.87,Crypto,4,5,2102,7
13-1-2020,5.34,Caustic,10,7,5681,16
5-11-2019,11.26,Lifeline,4,5,3016,12
4-11-2020,12.64,Bangalore,7,11,5147,6
1-6-2021,0.26,Ash,7,6,4211,16
1-9-2020,0.54,Ash,4,0,1388,9
21-3-2022,17.37,Bloodhound,2,1,874,7
10-7-2022,21.03,Crypto,3,4,2201,13
18-10-2019,7.95,Lifeline,3,3,2079,14
24-3-2019,8.09,Octane,5,6,3315,8
14-4-2020,13.17,Rampart,5,5,2555,15
29-11-2022,0.86,Wraith,8,6,3706,7
23-4-2022,2.16,Crypto,2,0,773,9
5-6-2019,12.42,Bangalore,3,8,2721,19
25-11-2020,3.88,Gibraltar,5,3,2850,9
15-5-2019,13.01,Gibraltar,6,4,3066,13
20-11-2019,13.5,Lifeline,6,9,3245,14
27-9-2020,19.0,Lifeline,9,7,5091,16
5-1-2021,3.87,Bloodhound,6,6,4278,5
25-6-2019,25.4,Pathfinder,1,1,475,19
13-10-2020,6.02,Rampart,4,1,1549,10
24-7-2019,3.3,Caustic,11,2,3111,12
30-6-2019,12.15,Crypto,3,7,2710,18
1-5-2021,13.35,Gibraltar,7,4,4050,1
14-3-2022,16.73,Octane,8,6,4525,19
14-1-2022,19.07,Rampart,11,8,4349,7
24-12-2019,6.84,Gibraltar,3,6,2904,6
17-7-2022,29.44,Rampart,1,7,2123,11
12-10-2022,28.12,Wraith,4,5,3001,12
15-2-2020,26.58,Lifeline,5,6,2672,1
2-5-2022,7.55,Gibraltar,9,7,4167,14
25-7-2021,29.31,Octane,8,12,7088,5
22-7-2020,2.41,Wraith,9,8,4979,5
22-9-2020,5.54,Gibraltar,0,2,429,2
15-6-2021,8.19,Ash,3,2,1884,4
22-3-2021,19.44,Octane,2,2,995,1
23-2-2021,20.4,Rampart,5,4,2251,18
11-1-2021,4.31,Gibraltar,7,4,4092,4
13-10-2022,8.02,Crypto,6,11,4635,15
16-11-2019,16.69,Caustic,8,7,4902,14
21-2-2022,13.2,Lifeline,3,1,1167,15
3-4-2022,20.35,Bloodhound,2,1,1175,10
31-10-2022,4.17,Gibraltar,10,8,4786,7
9-5-2020,15.07,Bangalore,4,6,2543,13
25-10-2022,25.34,Rampart,10,7,5256,9
10-10-2021,2.05,Wraith,6,8,4619,13
18-5-2021,23.55,Rampart,13,9,5442,14
23-7-2022,0.31,Lifeline,7,1,2769,11
7-12-2019,10.02,Bloodhound,1,5,1627,5
1-2-2022,2.7,Ash,5,5,4000,1
18-3-2021,26.96,Bangalore,5,7,3249,18
19-11-2021,15.78,Bangalore,5,6,4332,16
10-11-2019,11.78,Bloodhound,13,7,5661,3
16-4-2022,26.33,Caustic,6,11,4826,7
23-1-2022,16.87,Ash,3,1,1587,10
29-5-2022,24.3,Bangalore,2,5,1751,14
19-2-2022,13.2,Ash,2,6,2818,15
10-9-2022,4.24,Gibraltar,9,3,3336,6
12-11-2022,18.88,Caustic,7,5,4498,16
26-12-2022,27.58,Rampart,7,10,4694,20
14-2-2020,14.34,Caustic,9,10,6661,11
27-8-2019,12.41,Bangalore,2,1,1165,17
14-7-2020,3.51,Gibraltar,3,2,760,18
24-9-2022,13.39,Lifeline,6,3,1823,18
20-7-2019,19.45,Octane,5,9,1451,14
18-6-2020,23.16,Wraith,10,6,1223,14
12-10-2019,14.65,Rampart,11,6,2010,4
4-3-2022,9.17,Lifeline,6,9,1443,4
26-7-2019,11.22,Bloodhound,3,7,1812,7
16-12-2020,13.56,Caustic,2,2,892,10
5-4-2022,19.02,Pathfinder,3,6,646,19
28-1-2022,24.7,Pathfinder,5,7,1373,5
29-12-2022,29.48,Rampart,4,9,2353,3
4-3-2020,16.93,Gibraltar,8,5,2404,20
28-11-2021,15.94,Bloodhound,15,7,3962,6
26-11-2022,1.7,Rampart,3,1,614,5
14-7-2019,19.19,Wraith,2,1,329,9
28-9-2022,3.54,Crypto,5,3,655,18
7-10-2020,14.45,Caustic,3,12,1944,5
23-2-2019,19.55,Octane,4,7,1927,19
12-4-2020,16.46,Ash,7,5,1213,7
13-3-2020,24.17,Crypto,10,11,3744,3
11-9-2022,12.13,Caustic,2,2,375,11
10-11-2022,22.22,Gibraltar,2,2,442,4
6-12-2020,0.17,Bloodhound,2,2,366,7
14-6-2019,6.34,Caustic,3,3,711,16
30-10-2020,12.65,Bangalore,5,9,2959,4
1-10-2019,1.18,Gibraltar,8,5,2442,8
23-1-2022,23.98,Bangalore,12,7,4738,11
1-9-2019,1.09,Rampart,3,2,528,17
7-4-2022,28.19,Octane,2,4,736,7
30-11-2022,19.51,Ash,2,5,1387,13
17-9-2019,23.64,Bangalore,4,6,1410,17
10-7-2022,17.79,Gibraltar,5,4,1834,14
27-12-2021,16.54,Ash,13,5,3672,19
4-12-2021,8.76,Gibraltar,10,10,2298,15
15-9-2021,22.87,Bloodhound,1,4,758,4
23-5-2022,28.05,Crypto,4,5,1651,6
1-3-2021,22.63,Caustic,3,9,2543,7
30-1-2022,5.69,Octane,3,7,2296,12
15-11-2019,27.4,Rampart,9,7,3019,19
10-6-2019,2.88,Octane,5,5,1045,18
14-3-2020,10.37,Ash,10,6,2501,4
14-3-2019,18.36,Ash,5,1,1427,1
6-10-2020,0.72,Bloodhound,2,9,1807,5
22-5-2020,2.54,Octane,2,2,534,20
25-10-2021,2.53,Pathfinder,3,4,1485,11
31-7-2020,15.6,Rampart,6,5,1268,4
22-11-2019,21.46,Crypto,8,6,2067,6
6-6-2021,23.23,Crypto,12,8,2166,5
19-3-2020,6.72,Crypto,1,0,107,2
16-8-2020,26.85,Wraith,3,2,575,8
13-8-2021,12.18,Bloodhound,9,3,1923,7
3-4-2020,9.5,Bloodhound,4,8,1394,11
21-12-2022,15.65,Gibraltar,7,10,3425,10
9-10-2020,12.44,Bloodhound,6,6,1381,9
22-5-2021,9.37,Crypto,6,8,2274,16
30-9-2021,2.9,Pathfinder,4,0,507,3
26-4-2020,29.05,Rampart,1,5,878,1
19-2-2020,26.88,Pathfinder,11,8,3089,2
15-9-2022,21.48,Bloodhound,4,10,3060,2
26-6-2021,21.72,Octane,4,5,1143,13
24-6-2021,15.99,Lifeline,7,5,1676,13
28-12-2019,3.24,Bloodhound,6,7,2808,16
4-8-2019,29.33,Wraith,3,1,791,17
2-11-2022,24.73,Wraith,1,4,763,16
8-1-2022,3.96,Rampart,2,2,851,20
27-8-2022,10.45,Ash,3,4,1760,10
28-6-2022,7.59,Wraith,4,4,1405,10
28-6-2022,23.98,Octane,10,10,4928,16
14-10-2022,9.79,Bloodhound,14,11,3273,11
19-8-2020,11.17,Caustic,5,0,1014,10
22-10-2022,27.11,Pathfinder,3,1,649,13
13-6-2021,25.58,Pathfinder,4,9,3423,1
12-2-2022,13.57,Bangalore,11,4,2077,2
3-8-2022,23.36,Crypto,7,7,2761,7
14-8-2021,2.98,Lifeline,8,8,2396,17
21-7-2022,8.9,Octane,11,6,3090,6
4-10-2022,26.75,Ash,3,2,977,3
19-9-2021,9.16,Pathfinder,2,3,1399,8
28-8-2020,28.97,Wraith,5,4,2580,4
30-4-2022,29.2,Wraith,6,6,3564,9
24-8-2019,11.61,Bloodhound,6,7,3683,1
11-9-2022,29.13,Octane,6,6,1660,1
21-11-2019,28.77,Caustic,6,7,2464,11
22-3-2019,25.7,Bloodhound,0,5,654,17
20-7-2022,13.86,Wraith,1,4,1096,20
21-7-2021,14.37,Caustic,4,6,2607,1
24-6-2019,18.5,Lifeline,7,11,2843,13
9-11-2020,3.71,Caustic,5,4,1264,8
14-12-2022,25.45,Pathfinder,8,10,4590,13
30-8-2019,23.88,Bloodhound,6,6,3434,9
3-2-2022,29.06,Bangalore,4,2,916,1
24-3-2020,12.22,Rampart,5,2,2109,3
18-10-2022,28.8,Bloodhound,5,4,2099,18
17-7-2022,29.98,Caustic,4,6,1800,2
30-1-2022,18.98,Gibraltar,4,5,1850,16
12-10-2022,13.92,Wraith,6,13,5461,5
20-7-2019,26.47,Pathfinder,8,9,4182,17
1-6-2022,13.83,Rampart,1,1,315,19
3-7-2022,20.8,Ash,4,2,1193,13
30-8-2020,11.56,Octane,3,3,1102,20
31-7-2022,4.19,Wraith,4,5,1657,9
21-11-2022,5.66,Gibraltar,4,6,1591,19
6-3-2019,0.91,Rampart,10,9,3516,20
22-11-2020,27.74,Rampart,7,7,2653,3
15-7-2021,17.89,Bangalore,7,9,4759,16
28-2-2022,3.58,Bangalore,2,2,1113,16
4-6-2020,2.89,Gibraltar,3,4,1579,2
18-5-2020,8.97,Pathfinder,5,3,2088,16
11-3-2020,25.48,Rampart,5,9,3584,19
26-2-2019,10.8,Ash,6,5,2654,2
23-4-2020,15.24,Lifeline,9,15,6677,5
1-10-2020,18.23,Rampart,0,2,324,7
11-4-2019,25.62,Bloodhound,2,7,1888,5
9-12-2020,5.83,Caustic,8,3,3615,13
16-5-2020,1.43,Rampart,5,3,1583,12
31-5-2020,2.03,Wraith,6,8,4029,2
21-12-2020,8.98,Bloodhound,12,6,6052,2
11-2-2022,14.64,Rampart,6,7,2549,8
4-8-2021,0.01,Crypto,5,1,1652,12
17-3-2019,0.02,Bangalore,5,1,1539,5
14-10-2021,23.34,Pathfinder,6,3,3007,16
19-10-2019,0.61,Crypto,7,4,2624,18
13-12-2021,7.14,Octane,5,7,2475,7
16-6-2022,10.42,Caustic,5,7,2431,12
20-5-2020,5.69,Octane,9,6,2844,17
11-11-2019,9.39,Octane,0,2,558,18
25-7-2019,18.66,Caustic,2,1,750,1
2-12-2022,0.63,Ash,3,5,2031,16
5-12-2022,3.15,Crypto,4,5,1644,11
31-8-2022,8.18,Ash,10,4,3424,6
19-1-2021,19.3,Caustic,8,5,2917,2
25-2-2019,22.54,Rampart,7,8,3693,7
14-7-2021,22.32,Crypto,5,4,2149,7
30-9-2020,24.98,Pathfinder,3,2,1608,12
12-7-2022,5.58,Crypto,8,2,2037,12
29-5-2022,10.14,Pathfinder,4,8,2300,10
30-3-2020,25.16,Ash,10,8,4351,2
2-9-2020,12.99,Lifeline,8,8,5228,18
12-5-2022,23.21,Wraith,6,8,3322,16
8-9-2021,27.37,Ash,3,0,1092,7
29-6-2021,11.55,Octane,1,5,1517,11
4-8-2022,26.6,Octane,7,6,4190,20
27-8-2022,1.74,Gibraltar,5,7,3640,7
12-12-2019,16.65,Gibraltar,5,9,3687,12
28-3-2019,28.3,Crypto,9,6,4393,7
2-1-2022,20.01,Gibraltar,8,15,6825,14
26-8-2019,19.76,Octane,1,1,492,15
15-6-2019,19.69,Octane,1,3,843,8
16-10-2022,26.5,Caustic,7,4,3154,19
3-5-2020,10.2,Bangalore,7,4,2435,20
24-12-2022,15.6,Rampart,8,7,3843,10
16-10-2021,1.68,Crypto,5,5,2082,4
14-9-2022,24.59,Ash,8,12,6160,8
27-10-2021,26.18,Gibraltar,7,4,3387,13
15-4-2020,10.98,Ash,2,3,1651,16
3-7-2019,15.63,Octane,4,3,1903,20
26-9-2020,11.2,Bangalore,6,4,2819,19
9-10-2022,23.14,Lifeline,7,4,3727,9
19-12-2020,19.26,Caustic,10,7,5585,1
19-9-2022,25.86,Ash,12,8,4308,13
28-12-2021,27.92,Ash,0,4,992,19
3-4-2022,18.79,Lifeline,2,8,2378,8
14-5-2021,21.41,Wraith,3,3,1539,8
3-4-2019,8.36,Lifeline,3,12,4545,16
20-11-2022,29.17,Crypto,11,10,5061,3
28-11-2020,7.19,Octane,5,9,4667,20
7-4-2022,5.09,Gibraltar,7,10,5194,16
6-2-2020,20.5,Pathfinder,1,0,407,1
19-11-2020,27.79,Caustic,6,2,2079,15
2-4-2020,7.21,Ash,4,2,1611,17
4-10-2020,9.22,Octane,4,8,3478,17
9-4-2019,18.59,Bloodhound,4,8,3443,19
28-7-2019,6.77,Lifeline,12,6,6614,17
25-12-2020,3.47,Rampart,6,8,3794,1
3-12-2022,5.3,Crypto,2,0,581,4
10-6-2021,1.57,Crypto,7,7,4418,19
17-5-2019,13.02,Gibraltar,6,8,5367,9
14-4-2020,2.09,Crypto,8,4,4027,13
14-3-2020,17.14,Bangalore,10,5,5253,9
14-12-2020,27.6,Rampart,7,11,4788,18
18-9-2022,13.85,Lifeline,6,8,4391,13
8-8-2022,13.13,Lifeline,8,0,2901,6
21-1-2020,7.09,Wraith,1,3,1307,12
5-10-2021,5.93,Pathfinder,2,2,1336,6
20-2-2019,24.85,Octane,6,8,4948,14
2-1-2020,22.78,Gibraltar,7,4,3136,10
10-7-2022,5.78,Wraith,13,6,5451,9
13-11-2020,29.09,Wraith,8,11,5602,11
28-8-2021,0.04,Gibraltar,5,4,2448,12
5-1-2021,22.44,Rampart,2,6,3000,15
9-7-2020,17.09,Caustic,3,8,3394,4
26-10-2019,18.6,Lifeline,5,3,2202,9
28-8-2020,2.73,Wraith,7,5,3481,4
11-10-2020,16.57,Bloodhound,5,8,4102,9
22-9-2022,12.88,Lifeline,7,13,6733,7
27-6-2020,0.38,Bangalore,5,2,2782,12
9-11-2021,16.81,Octane,3,5,2613,19
14-5-2022,16.47,Gibraltar,3,4,1936,14
18-12-2019,26.85,Bangalore,8,11,7057,13
1-5-2021,7.32,Octane,9,5,5659,1
5-1-2022,6.75,Gibraltar,8,6,1284,15
15-2-2022,9.25,Ash,6,8,2188,4
6-4-2020,13.76,Bangalore,3,0,191,20
20-10-2020,8.01,Crypto,2,6,789,10
5-7-2021,12.57,Caustic,9,4,2499,3
31-12-2022,17.51,Rampart,7,4,1149,13
27-12-2022,11.89,Ash,8,5,875,7
3-6-2019,3.94,Caustic,6,6,1411,3
4-12-2020,23.66,Caustic,6,8,2207,5
25-7-2020,8.21,Gibraltar,8,0,1124,1
3-7-2020,26.06,Pathfinder,4,4,923,7
20-7-2022,1.13,Rampart,4,4,792,12
30-6-2020,29.41,Gibraltar,4,5,1326,8
18-9-2020,22.11,Wraith,11,4,2889,13
16-6-2022,14.86,Ash,7,11,1827,1
21-1-2021,29.56,Caustic,6,8,1899,1
28-1-2021,8.47,Bloodhound,0,5,343,9
12-8-2020,26.53,Rampart,8,4,1217,1
8-4-2022,22.62,Bangalore,3,4,998,13
4-9-2021,25.94,Ash,5,3,753,1
30-12-2019,22.19,Bangalore,6,5,1887,11
3-2-2022,17.35,Crypto,13,5,2048,7
8-2-2021,22.81,Octane,14,7,4757,7
29-9-2019,21.7,Bloodhound,5,2,977,17
2-4-2021,3.6,Octane,4,2,901,7
29-9-2019,1.41,Wraith,3,2,887,18
8-10-2022,5.96,Gibraltar,7,5,1873,15
9-12-2022,16.97,Lifeline,6,10,3600,8
18-6-2021,10.12,Wraith,5,5,1088,20
22-11-2021,19.99,Rampart,10,7,1798,9
2-1-2020,28.41,Caustic,4,9,2295,1
10-5-2021,21.09,Caustic,2,3,877,7
9-7-2022,19.96,Lifeline,3,4,1155,18
9-5-2019,10.78,Pathfinder,11,3,3409,16
12-2-2022,23.5,Caustic,5,4,986,2
8-5-2019,18.59,Crypto,13,7,3790,15
21-10-2020,25.76,Octane,9,8,2638,12
18-8-2020,16.09,Caustic,1,4,1035,20
17-1-2021,9.73,Octane,2,1,404,4
22-9-2020,22.28,Ash,2,6,1268,11
13-6-2021,16.6,Lifeline,4,11,3204,18
17-3-2019,19.78,Wraith,5,11,1747,10
29-4-2020,19.17,Lifeline,10,5,2096,1
18-11-2022,21.14,Caustic,8,16,3393,4
1-6-2019,26.47,Lifeline,0,3,552,18
9-8-2022,9.77,Gibraltar,2,3,1029,9
1-3-2022,29.76,Caustic,11,4,2819,8
6-11-2022,20.31,Crypto,9,6,3668,9
18-12-2020,22.56,Wraith,10,7,3197,14
6-9-2020,6.39,Ash,5,8,1638,14
30-4-2020,21.6,Octane,7,6,2340,15
16-7-2019,18.23,Lifeline,3,2,737,4
15-8-2022,23.62,Lifeline,3,4,1217,12
1-3-2019,4.37,Caustic,2,5,1323,5
30-6-2021,5.07,Wraith,3,5,963,2
20-10-2021,9.49,Pathfinder,5,5,2557,18
29-3-2020,6.24,Ash,9,6,1825,5
28-4-2022,7.76,Lifeline,12,6,4325,1
31-7-2022,18.33,Bangalore,0,4,550,1
21-8-2020,9.83,Lifeline,3,8,1662,13
2-1-2021,9.21,Lifeline,3,2,693,11
24-12-2020,22.72,Gibraltar,4,4,934,10
24-4-2020,16.75,Pathfinder,5,6,2308,13
7-2-2022,9.81,Rampart,5,5,2046,19
14-9-2022,24.19,Lifeline,9,10,3886,14
14-7-2020,4.72,Rampart,1,4,619,15
8-11-2020,1.56,Gibraltar,1,1,527,4
18-2-2021,10.82,Octane,7,4,2299,15
5-11-2022,23.33,Caustic,5,10,2068,17
20-5-2019,18.73,Rampart,6,10,2864,5
18-7-2021,19.65,Pathfinder,8,6,3684,8
22-10-2021,20.88,Bloodhound,12,7,3542,2
3-2-2021,29.59,Wraith,6,3,1653,17
17-3-2022,19.55,Crypto,2,3,700,8
27-5-2022,6.38,Lifeline,3,3,1263,7
28-5-2022,23.76,Ash,3,10,2088,3
12-10-2019,28.47,Rampart,10,15,3609,3
4-6-2020,6.65,Octane,7,6,2550,12
9-7-2020,17.85,Rampart,6,11,4767,1
4-10-2019,8.3,Ash,7,0,1430,2
3-7-2021,21.48,Lifeline,5,6,1584,19
1-4-2019,16.73,Octane,7,6,1908,11
1-10-2022,6.91,Pathfinder,5,3,1121,14
2-6-2020,2.56,Ash,5,4,1587,1
24-11-2022,23.83,Bloodhound,6,6,2028,6
29-7-2019,19.92,Crypto,8,6,2249,16
16-6-2022,9.12,Wraith,4,6,1710,11
20-2-2019,2.99,Ash,2,4,1658,2
23-7-2020,29.06,Ash,4,4,1267,4
21-10-2019,23.94,Gibraltar,13,4,2740,9
14-6-2019,20.61,Bloodhound,4,10,3369,20
9-6-2020,23.72,Ash,9,8,3641,12
8-1-2022,27.39,Ash,8,11,3053,11
23-4-2019,3.44,Ash,3,4,1466,3
3-9-2019,16.47,Pathfinder,5,4,1839,17
5-10-2022,4.79,Gibraltar,4,2,1864,4
24-10-2020,4.24,Caustic,3,3,1469,18
25-1-2020,9.76,Pathfinder,4,5,1601,6
24-2-2021,29.08,Gibraltar,12,13,7066,18
10-5-2021,21.48,Gibraltar,7,6,2657,17
28-10-2020,13.91,Wraith,1,1,491,11
1-4-2020,11.68,Bangalore,1,1,324,2
27-8-2021,22.62,Rampart,4,2,1382,15
13-7-2022,19.44,Lifeline,9,6,4597,10
30-10-2021,26.8,Pathfinder,6,9,3123,9
19-6-2021,26.0,Crypto,7,7,3625,4
30-3-2020,27.94,Caustic,11,7,5853,6
14-10-2021,6.35,Ash,0,3,704,18
9-1-2021,24.42,Octane,5,6,3278,10
10-7-2021,25.02,Octane,3,7,2194,20
24-1-2021,0.66,Ash,3,4,1324,2
22-1-2022,5.68,Wraith,8,7,3855,15
28-9-2022,17.56,Bangalore,5,7,2200,15
4-12-2021,19.87,Crypto,9,11,6358,8
16-10-2019,4.43,Bloodhound,3,1,740,10
11-5-2020,29.32,Octane,6,2,2035,10
18-4-2022,8.05,Rampart,2,2,919,8
18-2-2019,11.39,Crypto,3,3,1914,16
13-10-2020,19.5,Wraith,11,5,4500,15
6-6-2020,13.72,Bloodhound,7,14,4013,17
26-11-2022,0.97,Lifeline,7,7,3827,3
29-10-2021,18.49,Octane,2,0,554,17
14-6-2022,18.36,Ash,6,7,4199,7
1-11-2019,24.97,Octane,4,3,1581,16
31-1-2021,7.83,Bloodhound,4,5,2106,15
21-6-2019,14.27,Caustic,7,9,3277,14
4-6-2021,9.2,Lifeline,5,5,2106,5
9-9-2020,21.69,Lifeline,8,6,3211,5
25-4-2020,16.29,Rampart,2,1,572,18
18-2-2022,11.21,Lifeline,5,1,2055,2
23-5-2022,27.86,Bloodhound,7,5,2632,16
10-12-2020,25.75,Caustic,6,5,2740,20
3-1-2021,2.25,Bloodhound,4,4,2133,3
26-4-2019,15.49,Wraith,5,11,3560,13
19-10-2021,15.0,Wraith,14,7,6008,14
2-2-2022,15.6,Gibraltar,0,1,213,1
19-6-2021,17.07,Bangalore,1,2,699,3
24-6-2020,29.33,Octane,5,4,2489,12
15-2-2020,2.16,Pathfinder,6,3,2143,9
8-10-2019,28.52,Caustic,12,6,6253,7
23-1-2021,28.22,Crypto,6,12,3793,15
12-6-2021,21.03,Octane,8,7,3842,5
30-9-2022,7.7,Lifeline,2,0,635,1
21-3-2020,19.05,Caustic,2,1,854,12
28-2-2020,21.4,Caustic,3,6,2505,9
5-12-2020,28.23,Wraith,5,6,3728,8
8-7-2022,1.34,Caustic,4,8,4142,15
1-6-2022,17.04,Caustic,5,8,3584,2
20-9-2022,29.56,Wraith,7,11,3999,16
13-5-2022,2.96,Bloodhound,3,0,1089,18
26-1-2021,2.38,Gibraltar,8,5,3237,15
14-11-2022,2.75,Lifeline,9,3,4237,12
8-9-2022,8.38,Caustic,4,3,2442,9
17-3-2022,3.09,Octane,4,6,2516,9
10-3-2022,16.5,Gibraltar,11,7,3818,16
10-3-2021,18.01,Bangalore,11,7,4340,10
8-9-2019,28.36,Lifeline,1,0,315,9
15-2-2019,17.31,Gibraltar,2,2,1088,15
2-3-2019,25.33,Crypto,6,3,3250,9
15-2-2020,28.4,Pathfinder,4,5,1952,17
7-5-2019,0.26,Pathfinder,4,4,2024,5
1-6-2020,28.12,Wraith,12,5,4894,19
1-5-2022,7.5,Octane,14,8,6492,17
16-3-2020,21.46,Crypto,3,2,1379,18
16-5-2021,4.74,Caustic,2,4,2094,6
28-7-2022,22.22,Pathfinder,4,2,1384,6
18-6-2022,4.74,Octane,3,8,3503,16
12-12-2021,27.16,Octane,10,7,5162,3
11-8-2020,15.37,Wraith,8,8,5439,16
31-8-2021,14.51,Gibraltar,7,14,7397,7
21-3-2020,29.49,Rampart,4,2,1759,17
24-3-2022,27.67,Octane,8,3,3324,11
23-7-2020,26.61,Ash,6,4,3427,17
10-8-2019,20.54,Rampart,5,5,3500,5
17-10-2019,0.1,Bangalore,8,6,3972,14
28-11-2021,26.75,Gibraltar,6,6,3058,17
11-10-2021,15.28,Lifeline,13,7,5491,13
30-8-2022,16.03,Caustic,6,2,2986,12
13-3-2019,8.37,Pathfinder,6,3,2305,16
2-6-2020,28.56,Ash,4,2,1973,1
29-11-2021,24.73,Caustic,6,7,3087,12
25-12-2019,27.1,Caustic,4,5,2771,8
24-11-2019,8.34,Bloodhound,6,5,3190,17
14-1-2020,8.47,Caustic,6,12,5102,20
10-8-2021,5.26,Wraith,1,0,318,1
23-7-2020,21.16,Rampart,1,7,2900,6
9-5-2021,26.76,Lifeline,5,5,2424,7
19-4-2022,0.31,Ash,5,4,2305,17
6-8-2020,5.01,Octane,12,4,5707,16
27-7-2019,4.55,Caustic,7,5,4668,9
24-3-2020,23.41,Rampart,8,6,5548,3
16-12-2020,2.96,Pathfinder,4,2,1710,20
3-6-2021,8.89,Bloodhound,4,1,1766,14
15-8-2021,27.1,Pathfinder,2,8,2495,17
27-12-2021,2.21,Gibraltar,3,7,3022,6
13-4-2022,4.54,Ash,5,5,2792,5
20-9-2019,22.58,Pathfinder,13,13,8356,6
19-8-2021,27.04,Bangalore,6,11,4781,19
25-3-2020,6.48,Octane,5,2,2027,13
20-10-2019,9.14,Gibraltar,5,2,2486,16
5-5-2020,24.37,Caustic,8,7,2935,5
1-8-2021,9.28,Pathfinder,3,8,1917,10
9-3-2021,7.53,Rampart,4,4,1718,15
9-2-2019,11.8,Pathfinder,8,6,1978,20
24-1-2021,13.22,Ash,10,6,1867,15
23-7-2021,11.9,Gibraltar,0,4,276,1
2-5-2022,22.72,Wraith,10,9,3910,20
8-4-2020,20.26,Bloodhound,7,3,808,19
24-5-2019,3.68,Caustic,3,3,745,12
2-8-2022,16.71,Rampart,7,4,1921,6
5-3-2021,6.67,Bangalore,9,5,1191,16
29-6-2019,29.13,Rampart,12,7,2321,16
20-7-2021,18.44,Ash,6,3,1645,15
1-2-2022,4.37,Lifeline,3,5,1695,13
15-7-2020,21.07,Pathfinder,2,6,1662,11
15-6-2019,29.51,Octane,9,8,1427,19
17-5-2020,7.5,Wraith,4,5,1000,5
21-9-2022,2.91,Wraith,5,12,1938,4
24-11-2019,21.88,Gibraltar,7,9,3276,1
17-12-2022,17.54,Rampart,2,7,1728,2
24-9-2022,13.22,Bloodhound,2,5,509,4
22-4-2020,22.96,Ash,4,7,1409,9
10-4-2019,28.58,Wraith,4,4,1003,15
20-11-2021,21.23,Crypto,9,5,1579,20
18-11-2021,3.66,Bloodhound,6,5,881,18
13-7-2021,6.41,Bloodhound,6,6,2696,2
12-11-2022,0.87,Bloodhound,1,0,160,15
28-3-2021,23.08,Ash,4,1,715,17
13-7-2020,24.31,Bangalore,4,5,1802,1
6-4-2022,15.44,Caustic,5,6,1698,5
5-5-2019,29.2,Ash,6,4,1793,18
29-4-2022,4.75,Wraith,8,10,2200,17
2-11-2019,25.12,Bangalore,11,12,3107,18
29-6-2020,21.57,Crypto,2,1,315,4
27-10-2021,9.48,Pathfinder,4,9,2054,19
19-2-2019,12.38,Pathfinder,2,8,1615,2
4-11-2021,3.48,Gibraltar,9,3,2978,1
6-9-2020,5.27,Wraith,7,6,3072,8
17-8-2020,9.88,Crypto,5,6,2330,2
29-6-2022,22.65,Ash,7,6,2871,17
6-2-2022,18.69,Caustic,3,1,601,15
31-8-2020,22.7,Rampart,7,5,2715,14
4-3-2022,3.75,Ash,3,2,1111,15
11-1-2021,4.3,Ash,8,9,2408,14
17-7-2022,28.3,Caustic,6,8,2453,16
27-1-2020,12.2,Wraith,7,5,1685,9
6-4-2022,22.76,Wraith,6,10,3208,12
18-3-2019,14.83,Lifeline,2,0,343,11
30-6-2020,18.96,Ash,1,3,849,6
12-3-2019,0.97,Pathfinder,2,5,1571,17
16-2-2021,9.66,Ash,3,3,930,7
16-12-2022,29.43,Wraith,10,5,3940,19
12-9-2021,18.65,Bangalore,11,7,4410,8
18-9-2019,13.94,Pathfinder,9,7,2454,1
3-10-2020,22.09,Crypto,6,2,1378,15
22-11-2019,3.81,Bangalore,6,1,1529,9
9-2-2021,22.98,Caustic,4,6,2512,12
13-1-2020,6.27,Bloodhound,3,5,2010,13
16-4-2019,0.23,Wraith,4,5,1430,1
25-3-2019,15.15,Crypto,7,6,2212,18
15-10-2019,8.69,Bloodhound,6,6,3054,14
20-1-2022,10.34,Pathfinder,5,5,2612,2
21-8-2020,20.68,Caustic,9,4,1914,7
16-5-2022,7.15,Rampart,8,2,2199,17
22-12-2021,10.83,Gibraltar,3,9,2183,13
6-11-2020,6.69,Rampart,9,5,3354,1
30-9-2021,0.79,Caustic,5,5,1715,11
5-4-2019,15.46,Octane,6,6,3307,4
21-10-2019,2.8,Bangalore,2,2,950,15
4-8-2020,4.81,Bloodhound,2,1,390,19
14-8-2022,25.89,Gibraltar,6,6,2710,8
6-9-2022,5.93,Wraith,9,3,3549,10
20-1-2020,9.0,Pathfinder,5,5,2604,3
23-4-2020,24.79,Ash,8,7,4212,8
23-10-2020,6.78,Lifeline,7,6,1679,3
16-1-2022,20.43,Lifeline,3,5,1090,11
20-7-2020,23.96,Rampart,4,4,1693,9
30-3-2020,23.09,Caustic,4,8,2099,10
23-1-2022,16.89,Gibraltar,3,5,2105,9
5-3-2019,8.19,Caustic,7,5,2963,9
29-11-2020,21.43,Caustic,7,5,2018,7
30-5-2020,8.56,Caustic,8,6,3964,9
20-8-2022,14.23,Rampart,5,2,1599,20
28-2-2019,7.19,Bloodhound,2,6,1510,4
6-3-2019,27.81,Rampart,7,4,2860,18
20-2-2022,10.34,Caustic,4,6,2552,8
2-1-2021,21.69,Bangalore,5,6,2116,15
23-4-2019,25.71,Crypto,9,6,3258,14
5-9-2020,27.82,Bloodhound,13,9,5274,9
25-8-2022,27.77,Caustic,7,4,2751,15
21-8-2020,11.33,Gibraltar,2,3,1209,14
20-11-2021,21.26,Crypto,2,8,2720,11
15-6-2021,25.56,Ash,8,5,2582,18
25-3-2019,17.08,Lifeline,4,5,2371,18
7-10-2019,26.49,Bloodhound,7,14,3134,4
2-10-2021,18.05,Rampart,6,14,3539,8
21-2-2022,7.73,Caustic,2,5,1912,17
27-1-2020,0.31,Bangalore,3,1,1040,4
23-4-2022,14.84,Bangalore,3,3,1813,19
18-8-2019,23.6,Wraith,12,5,3128,16
27-3-2021,27.92,Lifeline,8,5,3321,7
3-11-2021,25.08,Lifeline,10,10,4299,7
17-5-2021,23.7,Pathfinder,9,10,5286,19
4-9-2020,24.03,Bangalore,8,2,2490,3
12-4-2019,8.64,Bangalore,6,6,2255,7
10-10-2019,3.61,Caustic,3,2,940,9
13-9-2021,26.65,Bangalore,5,3,1847,4
20-3-2019,23.62,Octane,6,6,2271,11
8-6-2020,4.69,Gibraltar,5,8,2752,14
26-12-2019,22.51,Bangalore,6,7,3034,13
31-10-2019,13.3,Gibraltar,9,0,2434,2
5-3-2022,28.11,Wraith,7,4,3048,9
3-1-2021,11.04,Ash,3,9,2838,2
5-11-2021,1.24,Bangalore,4,4,1503,7
20-9-2022,20.18,Ash,6,7,2843,6
8-2-2022,9.15,Bangalore,11,5,4817,2
11-7-2019,24.86,Octane,8,7,4818,14
13-7-2020,19.63,Caustic,4,3,2275,5
10-6-2019,2.26,Lifeline,1,6,2114,20
25-9-2022,11.87,Ash,8,4,2710,3
15-3-2022,24.63,Pathfinder,6,7,3079,6
16-1-2022,3.32,Pathfinder,12,5,5248,16
14-5-2020,10.17,Ash,5,9,2640,17
28-5-2021,8.83,Wraith,7,6,3145,4
19-4-2019,8.33,Ash,5,5,2929,3
25-4-2019,9.12,Bangalore,4,5,2330,6
22-3-2022,9.73,Octane,4,7,2751,14
11-5-2022,1.03,Octane,3,3,1714,14
14-6-2022,15.09,Bangalore,5,8,3771,20
16-5-2022,23.84,Ash,9,7,3297,1
19-12-2021,0.26,Ash,12,6,3751,20
5-2-2021,4.57,Octane,2,1,743,19
20-7-2022,25.71,Caustic,3,2,922,4
28-12-2019,3.82,Lifeline,2,4,1617,10
13-9-2020,5.04,Caustic,6,3,1875,15
14-6-2021,9.66,Ash,5,6,3548,11
10-12-2019,8.1,Bloodhound,5,8,2672,5
25-2-2022,13.21,Rampart,8,10,6209,1
27-7-2020,5.54,Rampart,0,2,625,16
9-11-2020,10.44,Wraith,3,8,2625,4
8-5-2022,25.85,Bangalore,3,8,2895,16
5-6-2019,19.65,Octane,3,4,1420,2
10-7-2019,21.77,Pathfinder,6,11,4407,8
19-8-2021,14.74,Rampart,5,5,3255,12
23-11-2021,3.09,Caustic,7,6,4201,17
18-12-2020,2.38,Caustic,7,3,2810,18
6-7-2021,24.45,Crypto,10,1,4024,8
27-7-2022,13.52,Bangalore,2,4,1542,2
29-11-2019,17.66,Lifeline,11,4,5385,1
28-10-2019,18.92,Bloodhound,7,5,3606,18
28-8-2019,20.43,Ash,6,7,3151,13
3-9-2019,29.48,Crypto,6,12,5371,9
7-4-2020,7.9,Lifeline,2,5,1999,9
14-7-2021,0.63,Lifeline,2,6,1749,15
2-3-2022,15.54,Ash,3,5,2472,2
6-1-2022,10.29,Pathfinder,3,3,1520,2
20-9-2021,21.33,Ash,10,5,3415,7
30-7-2019,11.41,Pathfinder,5,6,3410,18
20-3-2020,0.57,Caustic,7,6,4010,5
1-12-2021,28.86,Rampart,6,1,2551,7
24-8-2022,10.76,Bloodhound,1,3,1077,16
10-5-2019,24.01,Pathfinder,4,5,3024,1
13-11-2020,22.57,Rampart,6,12,4864,11
17-8-2022,10.77,Wraith,5,7,4111,7
25-4-2021,19.8,Gibraltar,13,8,7400,9
24-6-2022,22.1,Bangalore,7,12,6660,2
23-9-2022,11.82,Wraith,0,0,0,6
6-12-2019,29.6,Lifeline,4,3,1727,12
21-10-2020,20.11,Gibraltar,3,3,1877,16
2-7-2019,26.23,Rampart,5,5,2495,8
14-12-2021,28.1,Octane,6,8,4721,14
21-2-2022,4.11,Bloodhound,6,5,2653,17
1-5-2020,24.74,Gibraltar,11,13,5862,16
28-11-2022,9.43,Pathfinder,6,1,1783,1
17-3-2020,19.63,Octane,3,9,4410,19
6-4-2019,15.24,Rampart,7,2,2910,8
18-5-2021,18.62,Bangalore,12,7,7061,14
26-5-2020,9.55,Octane,6,4,3853,9
29-1-2022,27.42,Crypto,12,15,6924,16
26-5-2021,23.88,Bloodhound,9,6,4555,19
8-10-2019,14.24,Octane,4,1,1820,19
9-12-2019,12.18,Lifeline,5,1,2110,14
19-11-2019,22.18,Pathfinder,7,3,3856,5
27-11-2019,15.82,Gibraltar,3,5,2256,10
30-6-2021,9.99,Wraith,4,5,2905,20
19-1-2020,12.52,Crypto,11,13,8151,7
15-11-2020,14.7,Ash,9,7,6110,4
7-6-2019,25.58,Wraith,3,5,2737,19
9-3-2020,23.23,Bloodhound,5,5,2727,4
31-1-2020,5.69,Caustic,2,2,1271,16
14-9-2020,14.68,Wraith,4,5,3153,4
6-5-2019,8.95,Lifeline,4,6,2697,5
2-2-2021,26.06,Octane,8,13,7590,12
2-8-2021,19.77,Caustic,9,10,7313,13
1-5-2022,19.54,Lifeline,0,4,1427,19
30-6-2022,27.0,Caustic,2,4,1744,18
3-7-2019,23.19,Lifeline,4,2,1937,3
21-3-2022,4.06,Bloodhound,4,5,3227,10
21-7-2022,7.58,Caustic,4,4,3087,11
15-6-2022,13.53,Crypto,7,8,4857,6
10-5-2019,6.61,Pathfinder,6,9,2417,6
21-3-2019,24.02,Gibraltar,2,6,974,13
20-8-2020,29.2,Ash,1,4,880,6
19-12-2022,27.31,Caustic,5,5,791,17
14-8-2019,14.85,Bangalore,10,5,1903,20
31-5-2020,10.03,Bangalore,6,10,1594,9
2-10-2019,18.46,Lifeline,6,6,2200,10
27-1-2020,28.11,Rampart,10,9,1819,3
5-6-2022,20.06,Wraith,2,3,837,1
26-12-2019,29.88,Gibraltar,3,7,810,11
5-7-2019,20.8,Gibraltar,5,13,2678,17
7-12-2019,12.86,Bloodhound,8,3,1128,17
30-9-2019,8.76,Pathfinder,6,11,1239,14
20-4-2021,14.46,Bloodhound,6,6,894,18
2-2-2021,27.45,Crypto,12,6,3915,8
17-3-2020,17.43,Bangalore,1,0,91,5
27-12-2022,10.18,Bangalore,1,7,708,12
12-11-2020,27.03,Ash,4,2,834,6
8-7-2019,15.12,Crypto,4,6,1304,6
16-12-2021,13.75,Wraith,10,8,2866,5
13-7-2021,23.78,Octane,8,9,1726,15
28-3-2021,19.03,Pathfinder,9,9,1809,3
25-8-2022,2.11,Bangalore,1,0,166,15
14-8-2022,14.72,Crypto,4,4,1251,14
14-7-2020,27.25,Gibraltar,2,8,1351,13
14-8-2019,9.29,Octane,4,6,1415,2
13-5-2021,5.24,Bangalore,4,4,1880,19
6-1-2021,6.42,Ash,5,7,2131,12
28-3-2021,1.85,Bloodhound,10,9,1786,2
31-12-2020,18.73,Bloodhound,2,5,1597,16
26-5-2020,6.28,Caustic,5,1,1051,15
2-11-2019,15.12,Octane,3,4,754,5
3-12-2021,2.01,Wraith,5,5,2014,4
22-10-2020,26.55,Gibraltar,7,10,1514,5
26-12-2019,10.15,Rampart,10,7,2709,11
20-11-2019,6.27,Octane,6,6,2864,9
27-10-2019,21.72,Bangalore,6,1,1306,6
14-8-2021,21.46,Caustic,1,3,664,4
28-7-2019,4.39,Gibraltar,3,5,1283,9
5-4-2022,26.15,Pathfinder,3,5,1906,18
26-9-2021,22.55,Wraith,4,7,1717,5
19-7-2021,26.88,Pathfinder,6,5,2095,5
6-10-2019,15.24,Crypto,12,12,4387,13
28-1-2021,1.01,Crypto,5,0,985,6
1-11-2020,4.09,Octane,1,1,315,20
18-12-2020,26.66,Lifeline,2,3,946,14
17-5-2022,14.59,Bloodhound,5,7,1674,18
1-4-2020,21.13,Wraith,13,13,4001,5
10-11-2021,27.54,Ash,5,10,2310,20
14-9-2022,11.88,Lifeline,6,7,2927,6
19-4-2020,4.73,Lifeline,0,1,165,5
22-9-2022,13.34,Pathfinder,2,7,1713,6
11-5-2021,14.79,Octane,7,5,2798,16
6-8-2022,9.46,Pathfinder,4,4,2118,16
6-5-2019,19.94,Pathfinder,6,5,2846,14
6-9-2021,0.49,Pathfinder,5,6,2875,17
24-4-2019,23.26,Wraith,7,15,3797,19
11-9-2022,13.58,Crypto,0,1,239,2
18-4-2021,13.71,Rampart,4,2,826,17
16-1-2022,17.93,Ash,5,3,1398,19
28-2-2020,11.82,Bangalore,3,4,937,3
19-10-2020,13.7,Pathfinder,6,7,2886,11
25-4-2022,6.65,Rampart,7,13,4119,13
19-4-2021,29.68,Crypto,11,11,5544,8
2-11-2019,11.29,Caustic,2,4,810,12
22-10-2020,5.99,Octane,2,1,689,3
16-6-2019,13.91,Caustic,2,4,1011,2
22-5-2021,23.65,Octane,11,9,3010,5
14-4-2022,11.9,Octane,12,11,5974,18
18-8-2022,18.19,Bangalore,5,8,3595,2
6-7-2022,27.35,Ash,9,15,5660,17
13-6-2020,26.2,Pathfinder,3,2,756,8
6-1-2020,22.3,Octane,2,8,2441,4
11-3-2019,7.58,Ash,8,2,1640,13
22-1-2022,2.17,Bloodhound,8,3,3113,2
15-7-2020,15.6,Caustic,7,5,2573,6
15-2-2021,13.75,Bloodhound,10,7,4727,15
4-10-2022,25.58,Wraith,13,11,5376,5
29-6-2019,16.33,Rampart,0,1,181,15
23-3-2020,18.93,Crypto,5,1,1509,19
9-1-2022,23.7,Rampart,6,3,2458,14
11-8-2020,9.13,Bangalore,5,6,2903,14
10-6-2021,23.47,Bloodhound,11,6,3795,20
7-6-2022,0.26,Wraith,10,5,3430,17
8-1-2020,0.05,Octane,6,6,2554,15
20-12-2019,10.18,Pathfinder,5,4,2407,8
19-5-2022,15.2,Wraith,2,4,1432,16
12-10-2020,6.99,Octane,5,2,1324,14
3-12-2020,28.95,Bangalore,8,4,3697,9
3-2-2020,3.22,Ash,5,4,2565,9
15-9-2019,9.46,Bangalore,5,5,2562,9
20-4-2021,10.75,Gibraltar,7,7,2610,1
26-1-2022,9.8,Caustic,5,3,2038,12
6-8-2020,6.61,Wraith,1,1,366,11
13-2-2021,8.36,Ash,8,3,3117,12
29-11-2022,17.87,Bloodhound,8,6,2324,2
28-1-2021,23.08,Lifeline,5,4,2382,8
23-9-2021,14.31,Ash,10,6,3972,11
9-5-2020,2.85,Bloodhound,10,9,3274,1
8-4-2019,3.14,Rampart,2,1,555,3
22-11-2019,11.63,Crypto,5,2,1443,7
16-8-2022,24.72,Bangalore,10,2,2451,14
6-10-2022,0.49,Gibraltar,4,3,1298,16
27-4-2022,24.2,Gibraltar,8,11,5255,6
1-3-2021,15.73,Crypto,5,11,4702,5
12-5-2021,3.49,Gibraltar,6,9,3281,20
19-6-2021,3.57,Bloodhound,1,1,483,14
30-1-2020,27.26,Octane,5,2,2117,10
2-11-2022,21.85,Gibraltar,8,7,3857,14
10-3-2022,0.34,Gibraltar,5,3,2040,13
23-11-2020,24.1,Lifeline,6,8,3041,2
27-11-2019,3.35,Octane,6,5,3433,14
13-11-2022,22.88,Ash,8,8,4116,8
27-2-2022,20.24,Caustic,6,9,2492,19
30-1-2021,28.01,Pathfinder,2,2,763,9
6-4-2019,1.26,Octane,7,2,2654,5
20-2-2022,16.81,Wraith,6,3,1978,8
9-6-2021,24.87,Bangalore,11,6,3144,2
8-9-2021,26.92,Rampart,11,10,4031,8
23-5-2020,23.48,Gibraltar,7,13,5342,15
25-5-2019,9.47,Wraith,1,2,702,19
14-4-2021,6.96,Crypto,3,6,2704,19
14-10-2020,14.18,Rampart,5,6,2921,6
7-1-2021,14.07,Ash,5,3,1863,9
2-11-2019,17.82,Gibraltar,6,4,1888,16
28-5-2021,19.11,Octane,7,6,4213,6
8-3-2019,12.31,Lifeline,8,13,5831,18
25-7-2022,9.57,Crypto,3,3,1670,5
26-3-2022,26.84,Gibraltar,3,2,1027,3
3-10-2021,10.48,Caustic,9,6,3570,15
9-4-2019,27.39,Ash,5,4,2285,13
26-7-2021,21.74,Lifeline,8,6,4573,9
2-3-2019,17.64,Pathfinder,5,6,3615,17
22-3-2021,20.52,Ash,12,9,5708,17
13-8-2020,2.67,Lifeline,3,0,809,5
6-3-2022,25.45,Bangalore,5,2,1421,20
2-8-2021,21.11,Gibraltar,3,2,1432,4
15-6-2021,25.48,Bangalore,6,4,2226,17
2-4-2021,27.64,Rampart,5,6,2512,13
22-9-2021,28.69,Bangalore,12,7,6348,7
12-4-2020,8.4,Bangalore,6,10,3336,8
9-1-2022,21.95,Wraith,1,2,1013,11
20-8-2022,22.66,Bangalore,3,2,1631,16
27-6-2022,21.72,Lifeline,7,2,2192,8
1-6-2020,28.96,Pathfinder,3,3,1748,10
25-7-2020,16.32,Caustic,4,8,3329,19
27-3-2020,7.67,Gibraltar,6,8,4989,3
1-3-2020,1.83,Wraith,6,10,5524,18
17-4-2021,25.21,Octane,5,2,2130,19
3-4-2021,12.95,Gibraltar,3,2,1285,3
23-5-2022,8.75,Bloodhound,3,4,2166,8
21-9-2021,5.62,Caustic,3,3,1550,10
17-12-2019,21.37,Octane,4,7,3136,12
21-6-2022,29.61,Ash,12,6,6671,17
24-10-2019,7.25,Bangalore,7,6,3503,17
30-8-2020,6.26,Rampart,1,3,1267,14
31-1-2021,6.95,Bangalore,4,1,1491,20
8-3-2022,21.52,Rampart,2,4,1684,5
14-7-2021,18.37,Wraith,7,3,2450,17
4-11-2020,20.12,Bloodhound,5,13,4124,8
5-4-2022,27.08,Bangalore,12,11,5998,15
8-1-2022,3.46,Caustic,6,10,4052,20
5-1-2022,29.35,Gibraltar,1,1,735,10
17-3-2022,8.73,Ash,1,4,1780,1
2-11-2020,8.06,Gibraltar,7,2,3424,4
16-7-2022,10.02,Bloodhound,7,8,3353,15
28-11-2021,3.26,Ash,6,8,3292,15
18-2-2020,7.14,Ash,7,5,4030,14
20-12-2019,10.85,Gibraltar,7,6,4429,12
11-12-2020,19.6,Gibraltar,1,8,2033,3
5-3-2022,17.68,Octane,5,3,2083,12
26-2-2021,9.27,Bangalore,7,2,2968,14
3-12-2019,23.93,Bangalore,4,4,2292,7
3-12-2021,16.33,Pathfinder,8,5,4553,3
4-1-2021,24.43,Crypto,5,5,2949,8
26-4-2020,27.78,Caustic,11,12,6598,10
17-8-2021,28.59,Ash,6,7,3223,10
13-11-2019,24.38,Octane,3,7,3779,14
6-6-2020,17.59,Lifeline,4,3,2529,20
2-8-2022,26.78,Wraith,12,7,6583,12
11-4-2021,6.81,Caustic,7,9,5399,3
26-7-2022,8.93,Bangalore,10,6,4921,2
29-12-2022,22.51,Pathfinder,10,7,5045,20
9-7-2022,10.2,Gibraltar,0,4,1099,20
24-3-2021,29.1,Bangalore,3,6,2359,6
3-9-2019,27.82,Ash,4,8,4553,4
15-8-2019,5.4,Ash,4,3,2425,5
4-1-2022,1.72,Caustic,4,10,3844,6
2-4-2019,2.04,Bangalore,9,8,4516,9
7-11-2022,0.37,Wraith,6,7,5085,12
17-4-2019,12.31,Caustic,0,2,630,8
24-10-2019,6.3,Wraith,6,1,2283,15
5-9-2020,5.33,Caustic,2,2,1626,4
20-6-2022,8.4,Octane,9,4,3467,1
22-1-2020,18.82,Crypto,11,7,6727,3
14-11-2019,2.64,Crypto,7,13,6807,18
21-4-2022,14.83,Bloodhound,11,7,4790,5
14-5-2020,0.93,Ash,8,0,2125,11
26-11-2022,28.8,Lifeline,3,3,1558,12
3-8-2021,9.76,Crypto,7,2,3337,13
8-9-2020,24.03,Lifeline,6,6,2069,10
23-6-2022,9.49,Caustic,5,7,1429,10
26-12-2021,20.27,Crypto,15,10,2022,10
18-10-2022,7.22,Gibraltar,9,8,2854,14
21-4-2022,13.2,Wraith,4,1,788,7
18-8-2020,13.93,Octane,4,10,2428,18
18-4-2019,18.48,Caustic,2,8,886,6
22-4-2020,1.8,Pathfinder,7,4,1506,18
29-5-2020,26.09,Ash,7,9,2104,4
23-1-2021,11.55,Bloodhound,9,5,2476,3
19-3-2021,10.36,Rampart,14,9,3030,20
11-11-2021,15.32,Lifeline,2,1,412,13
9-9-2022,16.17,Caustic,7,1,1500,20
10-8-2019,2.97,Gibraltar,5,3,1282,4
10-3-2019,6.82,Caustic,7,6,2819,2
11-9-2022,23.28,Rampart,7,9,1403,4
20-2-2022,2.24,Caustic,6,5,1027,3
13-2-2021,12.47,Gibraltar,12,14,2037,5
3-2-2021,20.5,Ash,2,6,1291,4
12-7-2019,4.78,Octane,3,1,835,8
26-6-2020,28.25,Wraith,5,4,1533,10
25-3-2019,23.41,Pathfinder,4,4,870,5
18-5-2021,21.12,Crypto,6,6,1252,19
31-12-2021,4.02,Lifeline,11,5,3144,10
7-11-2022,26.5,Crypto,6,7,1297,12
15-6-2022,12.36,Pathfinder,7,2,1836,6
6-6-2019,23.79,Crypto,2,2,554,6
20-6-2019,6.86,Bangalore,8,2,820,17
18-2-2022,8.12,Wraith,9,6,2675,15
16-9-2021,17.88,Crypto,6,8,2342,7
4-8-2020,11.83,Octane,7,9,3676,18
15-12-2021,12.45,Crypto,9,6,3196,1
1-8-2022,27.42,Bangalore,3,3,714,5
29-12-2020,20.87,Bloodhound,6,4,1588,2
22-5-2022,23.79,Caustic,4,5,1563,3
17-3-2022,1.78,Bangalore,4,5,951,13
23-9-2019,3.95,Crypto,4,4,1936,9
13-3-2019,12.48,Bangalore,8,5,1329,4
15-6-2019,17.55,Wraith,8,8,2261,5
16-6-2022,26.17,Bloodhound,1,2,480,6
15-11-2021,8.43,Bangalore,3,2,1124,7
7-9-2020,14.01,Bangalore,2,3,940,13
28-8-2019,26.63,Gibraltar,6,4,2618,15
1-5-2021,7.67,Wraith,4,7,2468,17
13-1-2020,17.59,Crypto,11,6,1982,8
27-3-2019,6.35,Wraith,7,14,3776,5
17-5-2019,4.11,Ash,0,1,229,13
27-7-2020,29.18,Gibraltar,8,1,1354,18
15-9-2020,24.28,Bloodhound,3,8,2306,12
15-10-2019,23.13,Gibraltar,13,10,2529,18
7-1-2022,2.05,Pathfinder,13,5,3073,7
22-10-2020,24.69,Ash,8,6,2680,11
20-12-2020,11.93,Bangalore,8,6,3560,10
18-6-2021,29.43,Wraith,3,5,826,3
14-6-2020,27.37,Octane,1,1,363,3
31-7-2022,29.25,Lifeline,8,11,4183,17
31-5-2019,5.36,Bangalore,3,9,1889,2
6-11-2021,12.59,Wraith,5,8,1667,1
3-8-2019,15.37,Bangalore,11,12,3397,6
13-11-2020,21.0,Caustic,6,8,2290,12
25-8-2020,9.93,Wraith,0,1,123,6
20-8-2020,10.28,Bloodhound,4,1,607,4
29-5-2022,2.62,Ash,3,2,1016,20
3-6-2019,3.35,Bloodhound,9,4,2207,16
7-3-2021,2.56,Crypto,8,4,2638,15
31-3-2022,18.28,Wraith,6,6,3209,11
1-7-2021,3.24,Gibraltar,9,10,4281,1
29-12-2020,13.35,Ash,1,0,245,5
21-11-2020,28.93,Octane,3,6,1193,13
30-12-2021,0.3,Octane,7,2,2305,4
6-7-2019,14.64,Bangalore,4,4,1613,8
27-12-2021,12.1,Crypto,7,5,3399,9
26-9-2019,4.74,Lifeline,8,7,2250,7
30-7-2019,5.37,Bloodhound,8,8,3512,13
16-4-2020,1.88,Octane,4,2,1044,5
28-7-2019,7.58,Wraith,6,5,2124,14
5-6-2020,28.75,Pathfinder,6,4,1707,15
21-9-2021,17.51,Octane,5,11,3676,16
2-2-2020,21.52,Caustic,9,10,3686,19
16-4-2022,15.92,Bloodhound,6,5,3159,11
19-2-2020,0.16,Bangalore,6,9,2240,11
16-9-2020,7.9,Crypto,2,2,1109,16
25-5-2020,15.54,Bangalore,3,1,1037,16
26-6-2022,15.09,Ash,3,4,1801,4
20-10-2019,11.07,Ash,3,3,971,3
21-12-2021,11.91,Gibraltar,7,8,3272,14
3-10-2022,10.73,Ash,7,10,3150,4
20-2-2019,8.66,Pathfinder,10,9,3062,9
22-10-2021,14.34,Octane,0,1,243,13
29-9-2020,24.99,Octane,2,3,1291,4
17-6-2022,17.95,Octane,12,6,4845,14
2-12-2019,26.5,Wraith,6,8,2485,2
12-4-2021,2.99,Gibraltar,7,7,3927,8
29-7-2022,27.42,Crypto,8,7,2546,5
26-3-2021,4.14,Octane,11,9,5747,3
2-7-2019,7.25,Wraith,1,6,1970,3
27-10-2020,15.89,Bloodhound,7,1,2008,6
21-3-2022,19.36,Lifeline,5,8,2309,6
9-12-2020,16.55,Crypto,7,9,3107,10
29-3-2021,11.12,Bangalore,9,4,2937,14
10-9-2022,18.25,Octane,8,11,4607,4
2-5-2019,24.19,Lifeline,6,6,3340,19
24-9-2019,12.72,Rampart,5,8,2010,11
19-5-2019,5.05,Gibraltar,10,3,3747,11
28-7-2021,5.1,Wraith,2,9,2512,10
8-6-2020,27.49,Rampart,7,3,2116,11
1-6-2020,21.07,Ash,8,5,3460,6
18-2-2021,10.57,Rampart,8,8,4354,4
12-4-2020,1.61,Gibraltar,13,6,3186,5
4-8-2020,25.06,Ash,1,7,2167,9
1-10-2021,9.29,Wraith,2,1,768,19
4-4-2021,29.0,Lifeline,5,5,1816,19
7-7-2021,22.28,Caustic,7,6,4071,1
10-10-2019,28.45,Pathfinder,6,6,3465,20
1-9-2019,12.9,Lifeline,7,5,2682,7
28-6-2021,0.74,Wraith,12,9,6112,2
11-11-2019,0.94,Wraith,0,6,1176,6
1-12-2020,10.1,Wraith,9,3,3836,13
30-11-2020,27.08,Crypto,6,4,2103,4
26-10-2022,22.39,Lifeline,9,9,4406,3
18-9-2022,8.28,Rampart,7,8,3839,4
29-1-2020,28.11,Gibraltar,12,9,4859,1
17-10-2022,3.01,Bloodhound,6,12,5595,5
26-11-2019,24.74,Pathfinder,3,2,1180,3
29-9-2020,23.58,Crypto,2,3,901,16
12-3-2019,26.99,Lifeline,2,3,1261,6
8-12-2022,12.07,Ash,5,3,2645,11
18-4-2022,2.29,Lifeline,9,9,5542,14
27-9-2022,16.29,Octane,6,8,4246,10
6-7-2020,20.73,Ash,14,8,6275,3
26-4-2020,14.32,Octane,6,1,1624,6
28-2-2020,2.86,Wraith,1,2,758,7
5-4-2019,19.19,Pathfinder,9,6,4490,19
20-4-2021,1.19,Gibraltar,6,6,3729,13
27-4-2021,11.23,Crypto,7,11,3723,9
27-10-2020,17.38,Rampart,8,6,4614,12
3-6-2021,3.41,Gibraltar,6,6,2713,2
9-9-2021,23.27,Wraith,3,1,955,10
20-8-2022,21.92,Lifeline,10,7,5002,16
13-9-2022,13.99,Bangalore,2,3,1113,18
10-11-2020,21.33,Wraith,7,5,3937,17
15-9-2019,15.99,Lifeline,5,7,3347,5
12-12-2020,26.11,Wraith,13,6,5842,17
23-7-2019,20.7,Octane,8,6,4646,14
19-4-2020,5.85,Crypto,1,3,1182,4
14-2-2021,3.9,Ash,8,2,3643,17
8-12-2021,5.08,Wraith,2,9,3691,8
13-12-2022,25.28,Crypto,3,6,2926,8
22-9-2022,27.49,Octane,6,4,3599,10
18-3-2019,21.0,Octane,9,6,4670,10
10-10-2019,16.4,Pathfinder,10,6,4528,11
15-4-2019,21.34,Crypto,0,5,1038,14
15-12-2020,25.19,Pathfinder,2,2,1438,6
29-6-2019,24.63,Bloodhound,4,4,2703,17
18-9-2020,7.47,Bangalore,7,7,4270,3
12-8-2020,18.07,Gibraltar,5,9,4699,2
7-6-2021,13.33,Ash,11,5,6041,16
29-5-2021,4.4,Crypto,11,11,6646,10
20-6-2022,22.29,Octane,9,1,3421,14
29-11-2021,6.96,Wraith,3,2,1603,18
13-1-2021,18.25,Wraith,5,2,1658,19
9-4-2021,29.0,Ash,5,6,2801,1
26-5-2019,21.48,Octane,9,10,4124,11
21-3-2021,16.31,Bangalore,7,7,5026,3
4-1-2021,12.21,Gibraltar,9,7,5692,3
4-8-2019,10.81,Lifeline,0,0,0,11
6-3-2019,27.63,Crypto,5,6,3953,19
5-8-2019,12.71,Octane,3,4,1616,5
6-10-2020,3.38,Rampart,5,5,3447,19
20-7-2021,25.3,Gibraltar,8,10,4220,8
14-6-2019,3.0,Octane,5,7,4092,7
30-5-2021,6.71,Crypto,14,13,6198,20
29-4-2019,22.44,Lifeline,3,2,1324,4
1-11-2022,23.55,Caustic,3,4,1912,8
16-10-2019,5.71,Gibraltar,6,5,3584,18
29-11-2019,9.35,Bloodhound,6,6,4567,14
29-5-2019,27.6,Caustic,5,11,3780,18
13-12-2021,19.32,Bangalore,8,7,4904,2
5-1-2022,2.03,Octane,6,6,4000,8
11-3-2022,21.74,Octane,0,6,1451,9
6-9-2022,12.8,Caustic,4,4,2998,1
14-8-2019,26.34,Gibraltar,2,4,1682,10
11-7-2022,27.42,Octane,6,9,4860,12
1-12-2019,27.57,Rampart,7,6,3388,18
17-10-2021,26.14,Crypto,7,7,4910,3
15-6-2020,14.36,Octane,6,6,3697,2
18-9-2022,0.3,Caustic,3,2,1269,1
31-10-2020,17.24,Bloodhound,2,3,1448,1
7-5-2021,29.0,Ash,3,3,1659,7
28-1-2021,29.0,Caustic,5,3,2475,3
9-9-2022,16.78,Rampart,7,4,3852,10
4-8-2020,1.51,Ash,7,13,5593,5
16-2-2019,5.47,Bangalore,11,8,6709,20
17-7-2020,21.67,Caustic,9,1,3358,9
27-2-2021,3.08,Caustic,2,1,753,19
22-6-2021,17.76,Bloodhound,7,6,5234,11
2-5-2019,28.75,Crypto,4,13,4341,1
11-7-2021,11.0,Caustic,5,8,5205,6
28-12-2022,27.09,Octane,7,9,4443,20
12-8-2019,17.95,Lifeline,7,7,5339,20
20-7-2019,7.9,Caustic,0,3,137,4
26-7-2019,2.21,Ash,2,4,397,8
21-6-2021,2.93,Crypto,3,4,733,7
8-4-2019,13.46,Gibraltar,3,4,1309,6
9-11-2022,7.7,Octane,5,5,1509,15
6-1-2021,26.72,Rampart,6,6,1351,5
25-4-2021,15.01,Rampart,12,10,1724,6
20-3-2022,25.46,Caustic,2,1,335,18
15-3-2022,9.22,Bloodhound,9,2,1529,5
27-6-2019,4.44,Bloodhound,4,3,1054,2
21-2-2021,17.69,Caustic,6,4,787,14
12-6-2020,24.71,Gibraltar,8,6,1318,13
8-5-2021,19.95,Bloodhound,10,6,2246,19
30-3-2022,4.47,Ash,12,9,2224,2
17-11-2021,0.31,Lifeline,0,1,188,4
31-7-2022,5.05,Pathfinder,1,7,1633,16
31-10-2020,8.45,Bloodhound,4,3,697,20
30-3-2020,19.44,Gibraltar,4,5,1947,6
15-6-2019,12.62,Rampart,5,5,961,17
22-3-2019,17.65,Octane,11,6,3920,15
5-2-2022,20.81,Bangalore,12,13,3918,19
4-10-2022,9.53,Bloodhound,5,0,543,17
7-9-2022,26.16,Pathfinder,2,7,1700,11
8-3-2022,15.16,Lifeline,3,3,1105,9
14-2-2022,16.91,Crypto,9,5,2153,8
7-3-2020,27.72,Octane,4,8,1028,3
13-3-2019,5.79,Pathfinder,5,9,1975,2
18-10-2022,19.75,Octane,8,9,2138,7
26-2-2020,12.25,Crypto,0,4,591,1
18-10-2020,29.48,Pathfinder,3,5,1481,5
20-8-2022,12.65,Bangalore,6,2,1482,13
31-10-2022,27.63,Ash,4,9,2646,7
18-7-2021,14.02,Gibraltar,4,5,1504,15
18-3-2019,11.64,Bangalore,11,6,3812,9
25-5-2021,23.65,Bloodhound,11,14,4565,3
2-9-2019,20.34,Wraith,4,4,1526,6
13-5-2020,14.05,Wraith,6,5,2139,20
23-5-2022,17.34,Rampart,5,8,1459,3
25-7-2022,5.81,Lifeline,5,10,1907,18
2-1-2020,11.01,Lifeline,8,4,1920,9
1-4-2021,0.78,Crypto,5,6,1971,10
17-3-2022,14.91,Crypto,14,14,6429,2
8-1-2020,23.89,Octane,5,7,1992,1
1-8-2019,5.58,Bangalore,2,2,414,19
24-6-2020,10.21,Bangalore,3,2,728,20
2-5-2019,21.21,Bloodhound,5,4,1022,14
20-11-2020,9.09,Ash,7,4,1997,12
27-3-2021,6.38,Wraith,5,6,1094,13
5-4-2019,2.54,Octane,10,6,3402,13
2-3-2020,11.5,Pathfinder,3,0,696,9
25-3-2022,10.46,Bloodhound,2,1,826,9
3-6-2019,1.2,Caustic,2,5,1657,8
22-3-2021,22.72,Caustic,6,4,1964,16
1-10-2022,6.68,Bangalore,10,5,3916,17
5-1-2021,25.56,Pathfinder,9,5,2892,6
25-12-2021,20.73,Pathfinder,11,11,4419,15
21-12-2019,9.12,Gibraltar,3,1,799,4
28-12-2021,24.31,Bangalore,5,3,1696,10
9-2-2021,15.42,Bangalore,8,9,4199,14
13-9-2022,8.6,Wraith,6,7,2732,4
18-8-2020,12.69,Gibraltar,7,5,2502,19
31-1-2022,4.06,Lifeline,12,5,4434,4
17-5-2022,8.3,Rampart,9,7,3023,2
24-12-2020,4.89,Crypto,5,3,2086,7
16-2-2022,8.63,Gibraltar,4,2,1201,7
6-7-2022,25.56,Ash,4,3,1173,16
26-4-2019,0.15,Rampart,5,4,1912,13
6-6-2019,8.29,Crypto,9,4,2842,13
8-9-2019,13.65,Caustic,9,7,4135,19
14-3-2021,29.0,Rampart,11,10,2812,12
6-12-2019,27.69,Rampart,6,7,2941,15
22-9-2020,2.33,Caustic,10,6,4118,11
20-7-2020,28.65,Octane,4,2,817,16
24-6-2019,19.11,Wraith,8,4,3374,17
3-8-2021,3.25,Rampart,13,4,4825,3
4-11-2021,17.75,Ash,6,6,3292,2
25-4-2022,20.87,Crypto,6,11,2531,18
22-1-2020,27.77,Pathfinder,5,8,3539,1
29-9-2021,24.53,Gibraltar,3,2,1446,2
10-9-2021,21.33,Pathfinder,2,6,1237,1
21-2-2020,20.98,Lifeline,4,4,1592,5
29-3-2020,0.77,Gibraltar,11,6,4209,2
23-2-2020,10.16,Octane,5,7,2484,19
20-7-2022,16.09,Gibraltar,7,12,5215,3
27-3-2021,0.39,Bloodhound,0,0,0,19
19-11-2022,24.87,Pathfinder,8,7,4374,10
13-2-2021,15.11,Octane,5,2,1809,6
9-1-2021,6.9,Octane,3,6,2156,5
6-11-2020,25.65,Gibraltar,4,7,3212,20
23-8-2021,0.88,Crypto,8,9,2586,9
13-11-2020,22.43,Bloodhound,13,9,6107,16
18-10-2020,29.87,Pathfinder,7,3,2626,13
21-4-2020,0.54,Gibraltar,7,5,3328,4
21-5-2020,1.05,Bloodhound,4,5,1769,11
24-9-2019,16.63,Ash,5,3,2058,1
26-2-2022,29.32,Bloodhound,8,6,3537,11
14-5-2020,11.85,Rampart,9,7,3073,20
3-1-2022,4.35,Bangalore,9,6,4460,14
22-8-2022,26.03,Wraith,0,1,281,13
27-12-2019,1.0,Ash,2,1,921,10
1-8-2019,11.96,Ash,6,4,2368,15
22-9-2021,12.21,Bloodhound,5,4,1868,13
12-9-2019,14.87,Bloodhound,5,5,1963,19
8-1-2021,18.66,Lifeline,15,11,5212,14
10-12-2019,10.41,Caustic,9,6,4306,13
3-6-2019,27.93,Gibraltar,9,0,1767,9
27-11-2022,26.38,Rampart,2,5,1852,9
30-11-2022,7.4,Wraith,4,4,2560,14
15-1-2021,13.17,Crypto,6,8,3781,16
25-7-2019,23.3,Bangalore,11,4,3823,14
26-2-2019,5.86,Caustic,6,5,3456,5
1-11-2019,18.22,Caustic,7,9,4814,8
26-3-2019,12.08,Gibraltar,1,2,942,15
16-10-2022,3.76,Caustic,2,1,576,8
21-6-2021,20.55,Gibraltar,7,2,2296,10
2-9-2020,18.27,Crypto,7,6,2373,8
21-10-2021,4.72,Crypto,4,6,1789,11
17-4-2022,11.45,Caustic,6,6,2659,17
2-7-2020,22.55,Pathfinder,15,9,7300,18
24-6-2021,29.5,Bloodhound,4,6,2684,7
25-11-2020,23.92,Crypto,2,3,1528,5
12-11-2021,24.63,Octane,6,5,3194,2
5-9-2022,18.08,Pathfinder,4,5,1666,13
19-9-2021,1.79,Gibraltar,4,5,2623,3
27-11-2022,26.88,Octane,7,7,2783,2
20-11-2020,21.9,Lifeline,10,10,5642,3
22-11-2020,28.08,Caustic,3,4,1624,20
4-1-2022,20.44,Rampart,5,3,1950,6
24-3-2021,26.05,Rampart,3,2,1187,17
21-9-2021,19.9,Wraith,5,3,1613,2
25-7-2022,27.42,Caustic,4,6,2834,9
6-1-2022,0.99,Crypto,5,7,3734,18
7-12-2021,4.93,Bloodhound,6,7,3867,19
1-1-2021,13.01,Bloodhound,3,1,842,12
14-2-2021,29.57,Rampart,6,1,2444,6
11-12-2022,7.39,Crypto,5,6,2154,5
20-8-2019,12.2,Lifeline,3,3,1155,4
30-6-2019,17.01,Caustic,5,5,3171,14
21-6-2020,8.33,Gibraltar,6,7,2672,6
12-6-2019,20.56,Ash,7,13,5546,1
9-1-2021,8.69,Gibraltar,1,9,2474,4
6-9-2020,22.41,Ash,6,4,2905,9
4-7-2020,24.05,Bloodhound,6,5,2437,11
23-8-2021,15.15,Pathfinder,9,11,4136,8
20-9-2021,12.46,Pathfinder,5,7,3067,10
25-9-2020,22.95,Bloodhound,10,7,4561,7
18-4-2020,17.72,Wraith,8,7,3289,8
17-9-2019,11.4,Bloodhound,6,4,1991,19
29-5-2019,3.49,Pathfinder,1,2,669,17
28-4-2022,3.47,Crypto,2,2,1114,6
12-6-2019,28.77,Wraith,3,8,3325,2
2-3-2022,9.41,Rampart,9,8,5476,10
14-1-2020,0.31,Crypto,8,7,3943,5
12-4-2022,4.78,Pathfinder,13,9,6378,3
19-8-2022,1.83,Gibraltar,8,3,2835,13
20-3-2020,17.32,Bloodhound,2,3,1173,8
27-1-2021,5.09,Rampart,2,4,1363,11
24-9-2021,3.41,Lifeline,4,4,2784,8
27-1-2020,9.78,Gibraltar,8,4,3639,8
23-5-2019,5.78,Caustic,11,11,6084,4
11-3-2019,15.92,Crypto,9,7,5394,11
8-9-2021,1.67,Lifeline,2,9,3757,19
26-11-2022,25.58,Rampart,1,2,1016,9
25-5-2020,14.69,Octane,6,4,2878,3
30-12-2022,8.24,Caustic,6,4,3208,7
11-3-2021,10.8,Octane,4,5,2266,11
22-4-2022,18.52,Octane,7,6,3695,2
6-4-2021,12.66,Crypto,8,7,5199,10
1-1-2020,9.48,Lifeline,0,2,455,17
19-9-2019,29.49,Caustic,6,2,2259,9
11-10-2019,12.21,Lifeline,2,7,3343,8
11-4-2020,8.34,Wraith,3,7,2390,19
30-11-2020,26.4,Wraith,10,8,5585,1
9-2-2021,10.19,Gibraltar,7,13,5948,18
17-8-2020,20.35,Wraith,6,8,3245,4
21-1-2021,2.58,Bloodhound,5,1,2007,6
11-7-2019,27.0,Gibraltar,1,2,962,14
14-11-2020,7.5,Bangalore,5,6,3926,4
2-9-2020,14.87,Bangalore,5,4,2859,8
31-10-2021,24.63,Pathfinder,9,7,3951,16
25-1-2022,5.85,Bloodhound,9,7,4787,4
9-9-2019,23.92,Octane,15,11,9120,14
12-5-2020,6.69,Bangalore,2,3,1738,10
19-10-2021,29.77,Wraith,2,7,2799,3
7-5-2019,17.96,Pathfinder,2,4,1447,4
26-8-2019,5.38,Rampart,4,4,2544,7
3-1-2020,16.28,Ash,5,5,3168,11
8-11-2021,7.11,Lifeline,7,5,3313,3
15-10-2019,13.91,Rampart,6,6,3507,12
27-1-2020,0.18,Crypto,0,0,0,15
1-3-2019,6.16,Wraith,2,6,2046,18
14-7-2019,29.65,Bloodhound,3,4,2647,18
22-4-2022,1.75,Ash,6,3,3706,11
21-11-2021,28.98,Pathfinder,5,6,2962,2
25-2-2022,3.23,Gibraltar,12,9,7699,9
10-7-2021,28.72,Crypto,7,15,7232,11
25-8-2022,13.56,Bangalore,0,4,1405,9
8-5-2020,13.76,Lifeline,8,6,4115,4
22-6-2021,0.51,Pathfinder,2,8,3513,13
22-12-2020,23.88,Bangalore,6,6,3194,5
27-9-2019,22.65,Lifeline,4,9,2467,9
22-7-2020,16.49,Pathfinder,11,7,1531,20
27-12-2019,7.34,Wraith,6,8,1237,13
3-11-2021,23.99,Crypto,2,3,551,8
6-1-2020,1.05,Bloodhound,1,3,689,19
14-9-2021,8.93,Caustic,2,3,1017,9
27-3-2021,9.12,Lifeline,6,3,1248,2
14-12-2021,15.17,Lifeline,7,8,2955,19
18-6-2020,22.35,Gibraltar,6,8,2446,5
13-12-2021,12.73,Crypto,10,10,3638,19
10-11-2020,20.27,Caustic,0,1,160,16
28-3-2022,18.93,Bangalore,3,2,586,18
28-12-2020,2.11,Pathfinder,3,2,742,19
5-8-2022,6.57,Bangalore,4,10,2225,20
2-3-2020,20.94,Rampart,7,7,2222,12
12-3-2021,16.34,Bloodhound,7,5,1295,13
8-12-2021,24.3,Caustic,7,14,2672,3
25-10-2020,20.95,Lifeline,0,0,0,18
3-10-2022,24.91,Pathfinder,3,10,1075,1
23-5-2021,1.61,Wraith,5,3,811,19
6-7-2022,24.65,Pathfinder,7,6,1700,9
16-2-2020,11.69,Crypto,4,5,1854,19
17-12-2021,15.75,Pathfinder,9,6,2538,10
9-5-2021,6.28,Caustic,7,6,2294,6
28-2-2022,14.27,Pathfinder,0,0,0,6
7-6-2019,12.08,Ash,6,1,750,5
20-3-2022,24.14,Gibraltar,3,6,889,7
4-2-2021,13.13,Bloodhound,11,3,1508,18
1-4-2019,17.93,Caustic,5,5,1929,9
8-12-2020,3.37,Bloodhound,10,5,1400,14
19-3-2020,12.22,Gibraltar,6,7,2312,19
4-8-2021,22.29,Caustic,2,2,725,9
4-3-2019,6.36,Bangalore,3,2,1237,12
28-5-2021,7.93,Bloodhound,3,2,868,14
23-2-2020,0.05,Ash,6,8,3109,16
18-5-2019,20.03,Bloodhound,4,6,1589,20
12-3-2021,9.67,Rampart,5,5,2039,6
14-4-2020,0.27,Crypto,6,14,3478,20
13-12-2021,18.51,Rampart,4,3,1822,18
28-11-2019,18.75,Wraith,6,2,1548,3
5-11-2019,5.53,Bloodhound,2,3,757,6
23-9-2021,2.84,Bangalore,7,3,1296,3
26-8-2021,17.42,Crypto,12,7,3538,10
29-8-2019,4.24,Bangalore,7,9,3251,11
21-4-2020,15.16,Wraith,8,7,2323,6
26-6-2019,8.37,Wraith,1,0,178,19
15-9-2019,23.31,Rampart,7,2,2175,6
5-9-2022,2.18,Bangalore,6,5,2004,19
8-8-2019,2.57,Rampart,4,7,2287,13
26-8-2020,13.38,Gibraltar,5,7,2251,19
7-7-2019,27.14,Bangalore,7,9,3563,11
13-12-2020,29.45,Gibraltar,8,8,3655,19
27-6-2021,15.15,Lifeline,6,2,1039,17
24-7-2021,0.74,Octane,1,3,937,19
27-10-2020,8.77,Bangalore,3,2,1139,8
27-1-2021,17.08,Bangalore,6,3,1748,1
7-9-2022,16.13,Crypto,4,5,2099,2
27-12-2019,11.19,Bloodhound,5,5,1479,5
20-6-2019,20.26,Octane,9,7,4201,6
20-4-2021,14.08,Octane,0,2,450,4
3-3-2021,23.9,Caustic,2,6,1616,8
30-12-2020,6.07,Caustic,3,3,846,14
2-3-2022,8.86,Lifeline,11,4,3711,19
13-8-2020,7.6,Bangalore,5,11,3079,8
17-8-2022,12.98,Caustic,5,10,1810,4
29-8-2019,26.17,Rampart,9,7,2231,2
22-5-2021,4.68,Octane,7,1,1460,11
17-2-2021,0.14,Lifeline,1,2,580,16
9-8-2021,1.11,Ash,5,2,1568,12
24-12-2020,5.75,Rampart,3,4,1194,6
7-3-2020,12.19,Caustic,6,7,2143,4
12-11-2020,3.46,Lifeline,10,7,4588,11
24-2-2021,17.8,Gibraltar,9,8,2273,8
6-10-2021,14.62,Lifeline,0,3,604,6
31-3-2019,13.82,Wraith,1,4,1052,8
10-4-2021,7.84,Lifeline,5,4,2646,1
21-6-2021,2.27,Ash,4,8,2957,9
14-7-2022,22.79,Rampart,6,7,2265,19
11-11-2021,26.69,Octane,10,8,4205,5
3-2-2020,27.3,Bangalore,9,8,4810,11
13-1-2021,13.92,Octane,2,9,2004,11
26-8-2021,5.73,Lifeline,4,5,1720,7
20-2-2022,1.49,Pathfinder,4,2,1319,20
26-3-2020,13.9,Pathfinder,5,11,3590,4
23-4-2022,29.06,Ash,5,9,3290,3
9-6-2021,2.65,Ash,5,7,2435,20
17-8-2022,15.99,Ash,9,6,2796,2
22-3-2019,1.42,Bloodhound,1,1,368,8
13-4-2021,2.15,Bangalore,2,5,997,3
8-10-2019,16.11,Ash,4,2,1015,3
7-7-2022,25.54,Octane,8,8,2661,20
18-9-2022,12.58,Wraith,5,10,3381,11
5-5-2022,21.25,Crypto,6,10,4725,10
28-4-2019,8.02,Octane,12,6,5471,13
5-4-2022,25.3,Ash,2,5,1089,17
3-12-2022,29.25,Rampart,2,5,1852,19
20-6-2019,4.78,Gibraltar,8,3,1791,14
24-10-2020,1.74,Bangalore,3,4,1953,19
2-1-2021,17.57,Octane,7,7,3948,20
20-8-2022,20.31,Caustic,11,6,3639,9
17-10-2021,14.55,Bloodhound,11,8,3619,11
18-10-2019,7.22,Gibraltar,0,0,0,11
7-6-2021,9.81,Ash,2,1,697,12
14-12-2020,24.19,Octane,9,7,4189,16
21-11-2022,3.4,Pathfinder,12,3,2531,17
1-6-2020,29.79,Gibraltar,5,5,1849,7
2-1-2021,21.79,Crypto,7,12,3239,17
16-5-2021,21.41,Gibraltar,8,14,4754,11
19-9-2019,25.17,Bangalore,0,0,0,9
11-11-2022,23.54,Gibraltar,1,2,669,9
9-2-2019,20.28,Lifeline,4,9,2637,6
29-6-2022,28.42,Pathfinder,6,8,4389,8
11-4-2022,21.37,Pathfinder,10,10,3984,19
9-12-2021,3.0,Pathfinder,5,5,1768,2
26-2-2020,13.39,Lifeline,16,7,4055,12
21-5-2020,0.82,Lifeline,1,4,1152,3
25-7-2021,7.9,Octane,1,7,1752,7
26-1-2022,4.06,Ash,8,4,3112,19
8-9-2020,9.7,Pathfinder,10,3,2562,17
12-7-2020,26.96,Crypto,13,9,6111,18
13-8-2021,4.92,Lifeline,6,5,2475,17
27-5-2021,21.95,Caustic,8,8,5232,4
6-1-2020,27.38,Ash,4,2,1516,1
4-3-2020,25.74,Bangalore,4,7,3040,14
28-9-2021,24.14,Gibraltar,2,4,1310,20
23-5-2022,26.96,Wraith,5,7,3761,16
29-5-2021,14.84,Rampart,11,6,4443,11
17-9-2020,18.88,Rampart,12,5,3481,4
3-6-2019,6.41,Bangalore,6,8,4667,3
6-3-2021,10.66,Rampart,0,5,1097,1
11-4-2022,25.95,Wraith,1,4,947,14
18-2-2019,28.65,Bloodhound,3,4,1350,12
24-10-2020,5.37,Caustic,3,3,1828,9
20-10-2022,28.17,Crypto,6,6,2490,14
27-7-2021,15.81,Crypto,10,10,3839,10
19-5-2019,24.4,Bangalore,9,11,4295,6
12-10-2021,19.77,Pathfinder,2,0,632,17
9-3-2022,25.15,Ash,7,7,4510,17
20-1-2021,24.94,Caustic,4,3,1541,13
26-6-2021,22.25,Caustic,9,11,5666,20
18-1-2021,13.38,Caustic,9,6,4172,15
9-11-2021,21.23,Ash,12,7,5391,16
3-9-2020,25.28,Bangalore,8,8,5121,11
16-5-2021,27.55,Bloodhound,2,4,1772,13
26-2-2020,10.24,Pathfinder,2,6,1912,11
27-4-2019,3.83,Pathfinder,6,3,2035,18
15-2-2022,29.09,Wraith,6,6,4105,10
10-8-2021,23.86,Gibraltar,10,6,3410,4
15-11-2020,5.49,Pathfinder,5,6,3934,12
18-10-2019,28.25,Wraith,6,14,5009,8
18-9-2020,7.1,Pathfinder,4,1,1447,16
24-2-2019,21.35,Ash,2,2,1094,16
2-11-2019,22.51,Bangalore,3,5,2511,10
10-10-2019,14.24,Caustic,9,5,3864,16
28-6-2022,27.87,Octane,6,6,3828,17
20-11-2022,8.74,Lifeline,9,8,5617,15
27-11-2019,23.94,Bangalore,7,8,4358,10
28-5-2021,7.6,Caustic,5,1,2324,10
6-12-2021,16.23,Bloodhound,2,4,1305,9
19-4-2019,11.43,Ash,2,8,2423,17
23-11-2019,5.71,Wraith,6,3,3392,2
22-11-2021,28.48,Gibraltar,6,6,3391,16
31-7-2022,19.68,Bloodhound,6,5,3334,17
12-4-2022,13.53,Gibraltar,7,7,3158,1
22-11-2019,27.43,Octane,2,5,1637,18
27-7-2021,10.73,Pathfinder,2,9,3922,16
3-10-2019,28.25,Crypto,4,4,2035,7
26-10-2019,13.38,Wraith,3,4,1986,11
22-5-2019,12.6,Gibraltar,7,4,3247,5
20-4-2021,0.9,Caustic,6,5,3927,3
8-12-2020,28.21,Bloodhound,8,7,5783,2
18-4-2019,23.18,Wraith,5,2,2749,7
14-10-2022,6.21,Octane,2,5,2618,12
30-9-2019,20.2,Gibraltar,2,4,1572,7
2-3-2020,26.55,Wraith,5,5,3289,15
28-12-2022,19.09,Octane,5,7,2936,19
22-9-2019,1.7,Crypto,6,8,3296,10
12-7-2021,19.34,Rampart,6,7,3895,8
8-1-2022,28.42,Bangalore,2,1,1110,6
26-9-2020,3.01,Bloodhound,2,2,943,9
30-1-2021,18.7,Rampart,6,3,3579,7
6-11-2019,22.33,Octane,10,5,5977,18
8-10-2021,24.19,Caustic,9,6,5438,20
29-5-2021,14.01,Gibraltar,8,7,4524,6
7-2-2021,24.63,Rampart,12,6,4671,19
12-11-2021,9.6,Gibraltar,4,0,1031,20
11-11-2019,19.38,Ash,3,5,2297,1
17-4-2019,16.17,Wraith,2,4,1454,3
29-1-2022,28.22,Octane,7,5,3492,13
17-10-2022,18.82,Bloodhound,7,7,3712,8
6-4-2021,22.26,Bangalore,8,6,5257,16
23-4-2021,21.82,Caustic,8,8,5541,20
6-12-2019,14.19,Pathfinder,2,0,702,12
30-12-2021,20.38,Rampart,5,3,3209,1
5-9-2019,10.88,Caustic,8,3,3692,15
8-3-2020,4.4,Rampart,6,5,2886,20
18-11-2020,7.39,Rampart,4,5,2701,16
19-5-2020,3.73,Wraith,5,7,3185,12
18-9-2020,21.83,Ash,10,10,8040,17
11-7-2022,10.72,Rampart,1,2,793,1
23-8-2020,2.95,Rampart,3,9,2273,10
18-8-2020,1.57,Gibraltar,3,2,831,6
11-4-2020,0.35,Wraith,4,11,2129,20
19-7-2022,14.91,Rampart,9,4,2784,15
21-5-2021,6.29,Wraith,8,5,1670,16
13-11-2019,23.05,Crypto,8,11,1906,20
16-3-2019,21.18,Pathfinder,7,0,1247,7
26-3-2019,19.19,Bloodhound,2,4,1221,4
6-6-2020,9.46,Ash,2,4,1034,20
29-6-2019,25.1,Rampart,4,6,649,16
11-3-2019,12.43,Bangalore,11,7,2544,20
24-2-2019,26.51,Pathfinder,7,14,4343,2
19-3-2022,27.37,Crypto,8,7,2165,3
7-3-2021,10.43,Crypto,4,0,935,12
31-3-2022,5.86,Lifeline,1,1,184,19
28-4-2019,25.28,Octane,2,3,448,10
21-7-2022,19.71,Octane,4,10,2777,12
30-6-2021,7.87,Rampart,7,4,1869,15
28-1-2020,1.68,Bangalore,6,11,2218,8
25-2-2021,19.06,Ash,10,11,1970,6
24-1-2020,12.36,Bangalore,2,1,506,8
10-7-2019,28.52,Gibraltar,2,1,679,3
12-12-2020,28.29,Ash,6,5,1327,3
20-4-2021,1.23,Lifeline,6,3,1065,4
13-12-2019,14.66,Rampart,5,8,996,6
26-9-2022,9.2,Caustic,6,5,905,19
27-9-2021,18.13,Caustic,6,14,4266,16
17-11-2019,8.96,Ash,6,6,1018,7
14-10-2021,9.14,Octane,5,3,1434,10
4-2-2021,10.84,Bloodhound,3,4,602,18
6-10-2019,17.93,Pathfinder,4,4,730,14
7-5-2020,21.22,Caustic,5,5,1415,20
24-1-2021,8.98,Rampart,5,5,2280,10
27-11-2020,28.5,Pathfinder,10,11,4750,13
31-7-2020,13.74,Octane,5,3,1832,7
23-7-2021,20.43,Ash,1,2,648,17
1-3-2022,19.8,Bangalore,3,5,1484,14
30-4-2020,22.39,Crypto,4,6,970,20
7-8-2022,22.53,Caustic,11,9,2096,20
6-7-2021,16.54,Gibraltar,8,15,3048,6
8-3-2021,3.26,Caustic,7,11,1787,5
6-4-2022,22.61,Lifeline,8,2,2334,7
22-6-2019,6.05,Octane,1,3,462,15
26-2-2019,10.16,Pathfinder,2,9,2290,13
10-8-2022,21.85,Caustic,4,7,1189,4
24-1-2020,0.67,Lifeline,7,7,2053,7
12-1-2021,3.5,Ash,8,5,1699,11
1-11-2020,17.39,Bangalore,8,7,2363,19
23-11-2020,28.38,Rampart,4,1,1169,1
16-3-2022,2.51,Rampart,1,1,270,10
18-8-2022,15.52,Octane,5,2,783,17
16-11-2019,3.23,Rampart,6,5,1722,16
27-5-2020,1.29,Crypto,8,6,2821,9
28-3-2019,25.84,Crypto,8,6,2974,1
17-6-2022,0.26,Bangalore,6,13,3650,13
4-12-2021,5.97,Gibraltar,0,6,1029,13
25-5-2020,23.91,Caustic,1,3,741,20
29-7-2019,24.31,Bloodhound,11,7,2343,18
12-2-2019,7.67,Ash,3,6,1331,7
23-1-2022,15.42,Ash,11,7,2446,18
31-1-2020,16.39,Octane,11,13,4479,2
28-2-2020,8.09,Pathfinder,7,9,2689,1
27-3-2020,8.0,Bloodhound,0,0,0,10
25-4-2020,18.52,Pathfinder,1,4,973,17
6-1-2020,3.55,Lifeline,9,2,2590,6
26-6-2019,5.76,Caustic,4,7,1563,10
22-6-2021,3.2,Gibraltar,7,6,2742,15
9-5-2021,20.29,Octane,8,6,3393,10
2-4-2020,22.77,Lifeline,8,8,2439,19
13-6-2019,5.04,Octane,2,1,690,11
5-12-2019,10.12,Ash,9,1,2058,6
22-10-2022,7.8,Crypto,4,6,1764,6
21-10-2020,10.87,Bangalore,3,9,3277,12
20-2-2020,17.87,Octane,8,5,2586,20
26-8-2022,2.42,Rampart,5,5,1483,12
27-4-2020,7.94,Octane,9,8,2248,12
9-8-2022,28.07,Wraith,2,2,615,16
27-6-2022,7.94,Crypto,4,4,1784,5
18-2-2021,15.91,Wraith,9,3,2135,14
9-5-2022,8.65,Bangalore,5,11,4553,10
11-4-2021,1.8,Gibraltar,4,4,1781,7
28-7-2020,22.86,Lifeline,8,7,3494,19
29-7-2022,8.02,Ash,9,6,2657,1
29-7-2021,12.67,Gibraltar,5,2,1806,19
18-7-2020,9.22,Wraith,1,1,286,8
17-11-2021,20.46,Pathfinder,5,4,1965,8
30-1-2020,4.18,Pathfinder,11,8,3042,20
23-5-2021,16.32,Pathfinder,9,7,2982,8
4-11-2021,26.42,Crypto,7,10,3918,15
26-8-2019,29.53,Octane,6,13,3190,18
22-2-2019,20.99,Crypto,8,4,1977,19
18-6-2019,26.06,Bangalore,2,9,2810,16
17-11-2021,28.63,Crypto,6,4,1976,13
12-1-2021,6.04,Wraith,3,8,1919,15
22-10-2020,20.15,Rampart,7,5,3756,1
17-9-2020,17.87,Octane,7,7,2710,14
29-7-2020,4.4,Crypto,9,15,5782,20
25-10-2021,8.18,Octane,2,5,1653,12
20-5-2019,11.65,Rampart,1,6,1330,6
25-11-2019,13.89,Bangalore,3,2,1469,15
15-4-2022,21.5,Pathfinder,5,4,2277,4
25-6-2019,12.54,Gibraltar,4,4,1305,6
11-11-2022,2.89,Pathfinder,9,6,4793,16
24-4-2019,25.25,Octane,6,6,2673,9
5-2-2021,6.67,Bangalore,0,3,858,8
23-5-2022,3.27,Lifeline,1,1,541,16
30-9-2021,11.86,Lifeline,11,2,3721,17
8-9-2022,11.02,Caustic,3,4,1669,15
28-4-2019,8.57,Octane,8,4,3444,14
5-6-2021,16.54,Bloodhound,6,6,3079,19
3-12-2022,12.28,Bangalore,14,13,4794,14
25-5-2019,0.65,Bangalore,6,1,1665,6
8-5-2020,28.46,Bloodhound,7,2,2486,6
21-9-2021,12.23,Wraith,11,3,4685,14
25-5-2020,0.44,Wraith,5,3,2423,11
24-8-2021,21.79,Pathfinder,4,6,3260,19
14-1-2021,14.49,Wraith,13,5,6026,12
3-6-2020,19.32,Wraith,14,6,4691,3
25-11-2020,1.53,Rampart,1,0,235,15
3-1-2020,1.95,Octane,1,1,344,13
27-2-2020,24.47,Bangalore,2,2,786,1
25-10-2020,10.08,Rampart,4,4,2332,20
28-2-2019,16.51,Wraith,5,7,3043,14
29-12-2019,19.68,Wraith,6,8,2568,3
6-2-2021,11.89,Bangalore,6,10,4829,20
29-7-2021,2.54,Caustic,3,0,724,7
3-5-2020,20.86,Pathfinder,8,5,3104,8
29-6-2020,24.25,Octane,6,4,1840,6
17-10-2020,21.29,Rampart,3,6,2013,19
11-2-2020,20.8,Pathfinder,6,8,2828,18
14-9-2021,1.72,Octane,7,5,3872,4
25-8-2020,6.48,Pathfinder,6,13,4353,19
29-12-2021,5.42,Gibraltar,1,6,1663,2
25-2-2021,7.5,Lifeline,4,1,970,9
26-9-2019,26.4,Ash,7,5,2483,15
1-3-2021,14.48,Caustic,5,4,1864,5
30-8-2022,22.52,Ash,7,8,3591,8
17-2-2021,18.35,Lifeline,7,8,4607,13
30-1-2020,6.53,Crypto,11,8,4903,10
3-10-2022,13.83,Ash,0,6,1134,18
27-3-2020,15.97,Lifeline,7,2,2258,2
2-10-2019,10.56,Bangalore,4,6,2217,20
7-9-2019,4.92,Bloodhound,5,5,2754,8
4-8-2021,5.53,Wraith,4,4,2564,10
15-3-2021,19.76,Wraith,10,7,6152,20
30-10-2019,21.11,Crypto,8,8,3354,1
7-8-2019,27.08,Gibraltar,2,3,1053,4
15-9-2019,6.99,Bangalore,3,8,3245,2
31-1-2020,26.83,Ash,6,8,2800,2
10-2-2019,26.12,Lifeline,4,7,3846,4
27-9-2020,14.83,Crypto,6,6,2723,17
10-2-2021,12.96,Ash,7,6,2807,6
1-12-2020,27.14,Octane,13,8,6404,8
14-10-2021,16.16,Octane,10,1,3460,14
21-12-2019,23.48,Octane,5,2,1685,12
21-8-2020,4.09,Ash,5,3,2615,19
29-11-2020,25.13,Pathfinder,6,9,4917,18
23-8-2019,29.64,Octane,8,7,4306,13
9-2-2021,7.51,Lifeline,5,6,2928,14
24-5-2021,9.71,Octane,8,13,6574,20
17-12-2022,10.91,Wraith,1,0,325,3
27-7-2021,20.54,Bangalore,5,2,2524,2
2-1-2020,4.49,Lifeline,2,2,1106,4
1-11-2022,13.39,Ash,4,4,2574,15
29-4-2019,23.95,Gibraltar,11,14,6330,16
25-2-2021,12.59,Rampart,5,9,3343,12
5-6-2020,19.62,Pathfinder,7,9,3914,8
9-12-2020,27.96,Octane,1,10,3867,19
27-12-2022,25.4,Gibraltar,6,4,3770,4
13-9-2022,15.49,Pathfinder,2,6,1956,17
25-12-2020,16.78,Wraith,7,6,5004,18
8-5-2020,20.92,Pathfinder,6,5,3821,14
29-11-2019,6.95,Lifeline,12,6,4447,13
16-8-2020,13.66,Bangalore,7,14,5467,18
4-6-2021,13.42,Wraith,1,1,750,18
25-1-2021,19.35,Lifeline,1,4,1447,17
27-11-2019,10.09,Crypto,4,3,1725,13
5-6-2020,7.56,Ash,4,8,3779,12
4-7-2020,26.02,Lifeline,7,7,3586,17
17-5-2019,22.67,Caustic,8,7,5700,5
16-5-2020,0.68,Lifeline,6,13,4758,11
3-9-2020,2.7,Bangalore,1,4,1708,19
18-5-2022,0.45,Gibraltar,9,10,6811,1
11-9-2019,2.93,Crypto,5,5,2922,16
2-9-2022,28.76,Crypto,4,4,2322,4
3-6-2019,10.73,Octane,9,6,5813,8
5-11-2021,24.64,Wraith,12,7,5074,1
12-2-2020,14.69,Rampart,7,9,5394,2
9-4-2020,8.92,Caustic,1,2,1142,16
20-6-2022,19.75,Ash,1,5,1765,5
21-6-2022,16.97,Gibraltar,2,2,1194,3
25-2-2022,19.99,Lifeline,8,6,5415,15
18-6-2020,1.31,Bangalore,8,6,4093,13
15-2-2019,12.38,Crypto,5,6,3940,6
30-3-2022,13.95,Bloodhound,8,10,5874,4
1-3-2022,26.26,Crypto,1,5,2228,1
17-5-2020,14.68,Wraith,3,7,2801,4
18-5-2022,11.13,Octane,2,2,1129,7
6-7-2019,29.42,Caustic,5,12,4858,7
24-8-2021,26.53,Crypto,8,8,5551,17
19-3-2022,18.21,Ash,9,11,2111,4
26-5-2021,10.57,Bangalore,7,6,2100,10
23-3-2021,23.6,Caustic,4,2,899,8
10-5-2020,14.62,Pathfinder,2,4,869,17
8-9-2020,5.99,Wraith,10,3,1688,18
29-10-2022,7.1,Wraith,9,3,1617,19
22-1-2022,6.31,Rampart,7,5,1278,14
16-5-2022,24.4,Gibraltar,9,11,3535,20
9-2-2022,11.31,Lifeline,10,7,3370,2
4-8-2021,1.16,Bangalore,4,3,718,18
8-9-2019,8.18,Pathfinder,5,1,1110,3
8-4-2021,20.17,Gibraltar,3,4,756,17
2-3-2021,15.55,Bangalore,8,4,2140,12
13-1-2020,11.28,Bangalore,4,6,981,11
15-10-2019,27.33,Rampart,5,8,914,13
8-9-2021,13.72,Bloodhound,9,7,2661,16
13-8-2022,0.66,Caustic,1,8,1023,18
21-3-2020,0.12,Wraith,3,6,1878,20
4-4-2019,26.66,Crypto,5,4,917,10
19-7-2020,21.11,Bloodhound,4,7,1667,16
3-4-2020,11.76,Wraith,7,6,2588,13
4-12-2021,7.93,Bangalore,7,10,1949,3
4-11-2019,8.83,Wraith,6,6,1244,4
5-9-2021,28.57,Gibraltar,6,3,1110,18
28-9-2022,13.26,Lifeline,1,4,604,16
28-8-2019,17.41,Lifeline,3,3,1338,5
25-5-2022,29.03,Caustic,9,9,3806,9
3-5-2022,1.14,Bangalore,12,9,5060,9
3-4-2022,26.74,Caustic,7,6,2782,18
8-10-2021,15.37,Bloodhound,7,10,2327,19
18-5-2022,19.59,Lifeline,4,2,788,5
22-2-2019,3.76,Octane,1,2,409,19
8-10-2020,0.66,Bangalore,6,2,1614,20
11-5-2019,14.52,Crypto,9,5,2017,8
21-6-2019,19.64,Caustic,9,11,3503,13
29-9-2019,29.14,Gibraltar,9,6,3180,7
13-10-2022,10.84,Lifeline,7,11,1825,10
2-8-2020,22.13,Octane,3,7,1795,19
16-4-2021,12.82,Rampart,1,1,201,8
6-11-2020,1.55,Pathfinder,11,5,3906,16
3-4-2020,14.52,Bloodhound,9,3,3131,9
20-2-2019,2.79,Bloodhound,5,5,1051,14
11-1-2022,13.96,Wraith,5,5,1964,12
20-4-2019,6.19,Ash,11,10,2472,13
7-4-2020,6.34,Bangalore,1,0,268,2
28-8-2021,11.15,Gibraltar,5,5,1501,16
1-10-2020,22.38,Pathfinder,2,4,708,11
23-2-2019,1.41,Lifeline,3,5,989,17
28-8-2022,0.31,Caustic,4,5,2181,1
27-7-2022,3.0,Pathfinder,5,6,1372,3
15-8-2022,28.07,Bangalore,8,8,1968,12
21-2-2020,5.47,Pathfinder,1,0,147,10
7-9-2019,14.33,Ash,4,2,703,4
30-12-2020,19.82,Gibraltar,5,2,1420,6
20-12-2022,8.78,Ash,7,6,3124,7
22-8-2019,28.41,Gibraltar,10,7,2875,14
26-6-2021,1.25,Gibraltar,5,6,2290,20
11-3-2020,13.75,Gibraltar,12,9,5696,11
3-5-2020,27.29,Rampart,2,1,714,8
26-8-2022,0.72,Ash,2,1,725,20
27-6-2020,15.77,Pathfinder,4,9,3305,8
2-11-2019,24.53,Caustic,9,6,2983,2
3-7-2019,21.89,Crypto,7,6,2984,5
8-10-2019,12.5,Octane,6,5,1442,11
1-5-2020,13.4,Ash,6,12,2684,3
10-11-2021,25.69,Bangalore,3,0,797,2
10-9-2020,7.88,Caustic,1,1,356,16
16-1-2022,9.54,Bangalore,7,5,3105,19
1-6-2022,22.31,Bloodhound,8,10,2653,5
21-9-2021,23.55,Bloodhound,7,5,2970,14
17-9-2020,12.88,Crypto,7,12,3392,8
15-6-2020,16.28,Bangalore,10,9,3007,3
9-7-2019,1.19,Lifeline,3,3,1160,8
18-3-2021,8.87,Pathfinder,3,4,1663,10
14-10-2019,16.5,Bangalore,2,6,1792,12
11-7-2022,10.62,Octane,8,5,2787,18
26-10-2021,16.05,Caustic,4,4,1225,17
4-7-2019,22.13,Wraith,11,7,4270,9
8-4-2020,28.23,Ash,8,9,2910,18
24-4-2019,25.64,Octane,3,0,662,16
24-5-2020,6.15,Bangalore,1,3,1080,2
16-10-2019,16.76,Wraith,8,2,2275,10
11-4-2022,20.79,Lifeline,7,5,3389,2
6-1-2022,24.49,Pathfinder,9,10,5328,20
11-11-2020,21.28,Rampart,9,8,4108,7
30-3-2021,28.29,Bloodhound,7,13,5294,11
25-5-2019,11.42,Bloodhound,0,3,740,4
13-2-2020,25.93,Crypto,2,3,1393,18
1-9-2021,28.53,Gibraltar,3,6,2447,9
27-9-2021,29.11,Lifeline,3,4,1007,1
14-6-2021,24.36,Octane,5,10,3146,11
14-5-2020,23.25,Gibraltar,11,9,5984,7
2-3-2022,2.44,Caustic,6,9,2406,12
4-6-2019,11.66,Ash,0,0,0,7
19-3-2022,26.52,Bangalore,4,2,1751,19
7-7-2022,8.29,Gibraltar,4,2,1577,5
25-6-2020,4.62,Ash,6,5,2114,17
22-3-2020,1.51,Gibraltar,4,6,2276,10
30-9-2021,12.24,Lifeline,7,12,4251,10
19-12-2019,12.89,Pathfinder,7,6,3460,8
13-10-2021,8.8,Rampart,0,4,713,15
12-9-2020,15.72,Wraith,2,6,2286,17
14-6-2022,20.86,Rampart,7,6,2373,12
1-5-2019,5.76,Rampart,4,5,1610,3
3-12-2021,17.98,Ash,8,13,3586,6
12-3-2022,19.82,Caustic,6,7,3096,10
12-6-2020,4.52,Rampart,7,10,4680,8
19-7-2019,11.8,Caustic,0,0,0,16
6-12-2020,1.81,Crypto,1,6,1861,7
14-5-2022,4.09,Wraith,6,8,2940,15
16-12-2019,6.2,Ash,8,5,4208,14
7-11-2019,11.84,Wraith,11,5,4985,1
21-10-2020,25.65,Pathfinder,8,5,3196,17
21-5-2020,8.43,Rampart,7,13,4472,11
2-8-2020,13.1,Gibraltar,0,7,1581,5
26-2-2022,11.96,Rampart,2,1,540,19
26-2-2021,17.59,Crypto,4,2,1095,15
15-9-2020,10.05,Ash,4,3,1650,8
17-9-2021,24.15,Bangalore,6,4,2274,11
4-10-2020,8.86,Bangalore,5,5,2496,20
12-8-2020,1.66,Bloodhound,8,6,2896,4
10-6-2021,27.53,Caustic,2,7,2059,1
1-4-2019,29.67,Crypto,6,5,2345,13
29-5-2020,8.2,Gibraltar,2,4,1904,14
4-10-2019,13.73,Octane,9,11,4315,8
31-5-2020,24.94,Lifeline,8,6,2623,5
10-4-2020,20.33,Bangalore,6,6,2241,6
14-6-2020,13.47,Octane,8,6,4687,15
11-6-2019,20.24,Caustic,2,2,1193,20
29-4-2021,23.57,Crypto,3,4,2195,12
23-6-2021,4.97,Ash,4,2,1235,2
10-2-2019,4.54,Rampart,4,3,2006,9
30-12-2022,9.77,Gibraltar,8,9,5181,8
3-8-2020,14.32,Bangalore,9,5,4549,7
29-11-2021,3.56,Pathfinder,6,6,3584,13
15-4-2022,13.11,Wraith,0,8,1725,6
16-11-2019,4.83,Ash,1,9,2444,7
25-8-2022,20.32,Ash,3,5,1889,9
26-3-2019,8.43,Bloodhound,4,5,2159,1
7-10-2021,8.03,Ash,12,4,5754,10
20-8-2021,25.37,Bangalore,6,6,3915,3
20-12-2019,14.47,Pathfinder,10,7,3898,1
20-12-2021,15.71,Lifeline,5,1,1538,8
22-7-2019,24.35,Ash,9,3,4248,3
18-6-2021,6.61,Bloodhound,2,4,1767,14
21-8-2021,6.12,Wraith,3,7,3155,11
31-7-2021,20.64,Pathfinder,8,8,3677,16
23-2-2021,23.3,Ash,5,12,5789,11
21-8-2022,23.59,Lifeline,8,7,4954,19
24-4-2021,6.82,Pathfinder,2,5,1841,8
23-9-2019,27.79,Ash,1,1,703,17
18-3-2021,9.38,Bloodhound,8,5,4586,20
2-10-2019,7.02,Crypto,6,3,2487,18
5-8-2020,13.76,Ash,4,6,3150,3
27-8-2022,10.98,Wraith,5,13,5991,20
29-10-2019,7.13,Bloodhound,7,6,3182,13
4-4-2020,14.82,Lifeline,6,3,2848,7
22-9-2021,25.21,Bloodhound,2,4,1889,3
20-12-2020,4.15,Gibraltar,10,2,4377,10
28-7-2019,21.42,Wraith,4,4,2588,2
28-6-2019,16.15,Bangalore,6,5,2667,12
15-2-2022,28.98,Rampart,8,5,3404,16
28-4-2020,5.31,Octane,6,6,3943,18
6-2-2021,17.24,Octane,1,0,372,5
14-2-2019,1.59,Caustic,6,4,2699,11
27-9-2019,28.02,Wraith,5,4,3365,9
17-11-2021,4.86,Crypto,7,3,3523,3
15-9-2022,21.46,Bloodhound,10,5,4067,13
31-1-2021,22.06,Pathfinder,5,6,3983,5
23-11-2019,24.17,Pathfinder,12,11,5257,17
28-4-2020,19.54,Wraith,2,0,472,16
8-6-2021,29.92,Wraith,2,4,2009,14
7-10-2019,23.35,Ash,7,6,3811,8
13-11-2020,14.71,Bloodhound,4,4,1867,14
15-10-2021,19.7,Bloodhound,5,7,3341,14
25-6-2019,17.8,Bangalore,10,7,5154,19
1-5-2020,14.99,Octane,6,16,6841,1
28-8-2020,10.15,Crypto,3,1,919,7
15-12-2021,0.74,Ash,1,3,1009,8
23-8-2020,28.01,Ash,7,7,3455,2
14-6-2021,12.18,Caustic,4,11,4082,3
22-6-2021,7.59,Caustic,7,11,5019,13
9-11-2020,3.51,Bangalore,11,6,4668,17
18-7-2020,18.92,Caustic,10,8,5691,8
21-10-2021,19.82,Bangalore,5,4,2598,1
13-11-2021,26.59,Gibraltar,6,7,4520,2
13-8-2020,20.81,Caustic,8,7,3934,17
16-10-2019,17.38,Wraith,10,5,5080,18
1-4-2022,25.46,Gibraltar,14,6,5161,4
22-9-2022,1.94,Caustic,7,6,5231,9
13-5-2022,11.89,Wraith,6,7,4558,18
14-11-2020,24.24,Bangalore,0,2,628,10
3-11-2019,29.99,Octane,5,2,2814,7
10-3-2019,23.24,Lifeline,8,2,2971,7
12-11-2020,28.73,Crypto,9,6,5822,12
14-5-2021,10.49,Ash,4,4,2084,18
21-5-2022,16.88,Bloodhound,7,8,4242,18
28-8-2022,25.74,Octane,8,11,7719,20
15-6-2019,2.61,Bloodhound,2,0,866,20
6-2-2022,16.18,Wraith,4,2,2139,9
14-9-2022,20.69,Gibraltar,3,3,599,20
29-10-2020,5.61,Lifeline,3,3,1280,6
30-11-2021,22.99,Ash,9,5,3021,5
5-6-2019,16.93,Gibraltar,6,5,2247,5
9-10-2021,1.88,Octane,6,7,2082,13
8-4-2021,12.7,Gibraltar,2,3,500,15
5-12-2021,26.03,Lifeline,3,2,859,15
9-3-2022,29.62,Lifeline,4,4,1651,18
25-2-2020,11.32,Wraith,9,4,1691,11
20-9-2022,19.7,Octane,6,6,2479,2
20-2-2019,12.43,Ash,8,7,2562,12
21-9-2019,19.29,Wraith,9,12,3869,12
25-2-2021,25.04,Gibraltar,1,2,204,6
17-4-2022,10.16,Bangalore,9,4,2064,14
28-3-2022,6.31,Bangalore,2,2,392,11
23-12-2021,28.51,Pathfinder,4,10,2043,11
17-11-2020,10.92,Crypto,4,4,669,1
24-10-2021,28.56,Wraith,8,8,2148,14
22-5-2019,22.18,Lifeline,10,8,3457,7
28-11-2022,24.34,Lifeline,5,0,879,2
16-12-2021,4.54,Wraith,3,6,1984,9
6-4-2022,14.44,Bloodhound,8,5,2560,18
22-4-2021,6.77,Bloodhound,6,3,1335,15
24-7-2022,28.52,Lifeline,7,9,1905,16
6-7-2021,6.76,Rampart,5,5,1782,7
5-7-2022,3.88,Lifeline,6,8,1309,3
8-7-2021,18.85,Lifeline,0,0,0,7
13-12-2022,13.73,Rampart,2,2,401,8
26-1-2021,9.06,Bangalore,6,7,1611,7
3-8-2022,1.03,Crypto,10,3,3002,10
8-1-2022,4.68,Bangalore,11,6,3256,10
22-4-2020,27.3,Rampart,14,10,5114,10
15-11-2019,11.28,Crypto,7,10,3184,12
10-5-2020,11.35,Rampart,0,1,107,7
30-9-2022,25.67,Ash,2,8,1543,5
14-1-2020,10.67,Pathfinder,2,7,1547,18
20-2-2020,22.89,Rampart,5,9,2208,4
11-7-2020,15.63,Gibraltar,6,4,1138,2
22-6-2022,25.0,Lifeline,5,6,1226,13
4-3-2019,29.73,Bloodhound,7,11,4349,20
30-3-2020,14.19,Lifeline,3,2,621,20
18-5-2020,24.85,Ash,1,3,719,7
4-8-2021,24.7,Wraith,5,8,2792,7
24-12-2022,13.18,Bloodhound,4,5,862,2
11-4-2022,14.36,Crypto,5,5,1425,10
1-2-2020,20.01,Caustic,8,7,2247,13
29-6-2019,15.77,Lifeline,8,8,3176,17
21-3-2019,14.5,Gibraltar,4,3,894,8
10-10-2022,23.85,Pathfinder,4,9,2906,16
28-6-2021,25.68,Bloodhound,12,3,4020,19
17-9-2020,16.42,Bloodhound,9,10,4257,4
2-9-2021,14.05,Bangalore,5,4,1141,14
31-1-2021,22.74,Ash,6,6,3018,16
13-11-2022,25.6,Crypto,6,7,2210,3
13-1-2022,11.08,Wraith,1,0,233,17
8-12-2022,19.1,Pathfinder,9,1,1191,10
26-3-2019,13.97,Wraith,5,3,1888,17
6-7-2022,23.57,Bangalore,13,7,2671,7
5-9-2022,22.05,Rampart,8,6,3236,7
11-9-2022,24.26,Caustic,9,8,4228,20
5-1-2021,0.26,Crypto,7,6,1630,1
14-7-2020,0.01,Pathfinder,1,1,502,6
28-7-2020,12.0,Ash,3,2,882,1
14-7-2022,9.25,Caustic,5,4,1279,12
6-4-2020,3.28,Lifeline,3,3,948,1
15-10-2019,25.86,Rampart,8,8,3194,13
23-5-2019,17.17,Bloodhound,6,6,3266,19
23-9-2021,20.47,Bloodhound,9,6,3847,16
19-2-2021,5.47,Gibraltar,1,0,238,11
25-2-2022,22.13,Pathfinder,4,2,1558,15
13-9-2020,13.73,Octane,3,6,1615,15
3-8-2022,14.97,Bloodhound,3,3,1605,10
5-12-2022,25.11,Gibraltar,7,7,3273,3
3-11-2020,4.3,Octane,6,7,3098,4
28-12-2022,14.95,Ash,12,6,4570,9
11-9-2020,8.45,Crypto,1,1,473,3
16-7-2019,11.28,Octane,1,3,1041,15
31-7-2019,16.21,Caustic,2,5,1011,15
2-12-2022,7.24,Octane,7,4,2064,19
3-10-2020,20.15,Lifeline,8,7,3296,12
8-7-2022,13.42,Bloodhound,5,6,2254,8
17-11-2020,11.42,Lifeline,10,9,3400,18
18-11-2022,12.96,Bloodhound,6,0,1299,9
5-8-2020,11.9,Bangalore,1,3,1084,9
17-8-2022,14.04,Octane,4,2,1356,14
2-4-2020,6.71,Ash,5,4,1526,4
22-12-2019,23.29,Bangalore,4,8,2306,10
9-2-2021,11.98,Caustic,10,9,5104,12
15-6-2020,19.29,Gibraltar,7,8,4488,15
15-5-2022,13.73,Wraith,0,4,771,14
19-6-2020,28.46,Crypto,1,4,1125,1
13-4-2022,0.92,Rampart,6,5,1733,17
13-4-2021,20.61,Wraith,4,4,1689,14
4-1-2020,6.56,Gibraltar,13,5,4036,8
17-7-2019,1.75,Rampart,5,9,3331,4
5-12-2022,2.05,Wraith,10,10,4335,1
14-3-2021,24.73,Pathfinder,2,1,461,3
1-3-2022,27.89,Caustic,1,6,1866,9
8-8-2019,4.88,Crypto,9,9,3619,11
24-11-2019,13.07,Lifeline,3,3,1334,17
18-5-2020,19.93,Crypto,7,6,2762,10
25-12-2019,11.52,Crypto,5,5,2424,3
8-3-2020,10.47,Bangalore,7,7,3532,6
16-6-2019,14.83,Pathfinder,2,1,557,14
22-5-2021,1.67,Lifeline,1,2,668,4
17-9-2021,26.95,Ash,5,5,2123,11
10-10-2020,2.46,Gibraltar,8,3,2214,17
30-8-2022,20.24,Wraith,11,10,4419,2
22-8-2019,20.26,Bangalore,6,5,2863,18
23-9-2021,22.4,Bangalore,8,12,4502,2
11-11-2019,15.93,Bloodhound,0,1,305,4
8-6-2020,13.48,Crypto,4,4,1618,1
22-12-2019,15.02,Crypto,2,3,1554,18
6-11-2021,15.88,Crypto,4,5,2838,19
11-2-2020,10.64,Octane,7,8,2906,7
12-7-2019,15.56,Caustic,8,5,3513,17
21-7-2020,9.94,Bangalore,15,6,4425,16
30-11-2019,3.73,Bangalore,4,5,2610,4
4-2-2021,25.04,Octane,2,3,871,5
17-12-2021,9.83,Pathfinder,2,3,1404,7
1-10-2020,15.81,Gibraltar,8,10,5393,3
8-10-2022,9.19,Ash,6,6,2337,7
16-6-2019,25.27,Crypto,5,7,2480,17
27-4-2020,29.39,Ash,8,8,3988,6
4-10-2019,23.25,Bloodhound,1,0,186,3
27-3-2019,28.47,Octane,1,2,896,2
10-7-2022,18.48,Bangalore,2,4,1360,15
9-5-2020,9.91,Lifeline,6,6,2887,9
26-10-2019,27.7,Caustic,7,10,3815,3
18-8-2022,27.26,Rampart,5,8,4027,12
17-5-2021,19.71,Wraith,9,7,4444,3
12-2-2020,19.96,Wraith,1,3,932,16
19-2-2022,9.79,Pathfinder,2,7,2321,13
30-5-2022,21.34,Pathfinder,11,4,3039,19
29-7-2021,0.27,Lifeline,4,3,1496,7
10-5-2020,5.18,Crypto,5,9,3020,2
13-3-2019,14.14,Bangalore,9,6,3735,14
8-8-2021,13.16,Octane,8,8,3172,8
15-3-2022,11.91,Ash,3,3,1549,17
23-2-2022,10.77,Lifeline,4,6,3076,3
16-3-2022,1.4,Crypto,2,2,1197,5
9-6-2019,16.56,Octane,8,8,4278,13
12-9-2022,11.59,Crypto,4,5,2828,6
29-10-2022,5.03,Rampart,5,5,2927,9
3-2-2022,14.46,Ash,9,11,6499,10
26-5-2021,26.35,Bangalore,5,1,1450,2
2-1-2020,17.41,Bangalore,2,3,1300,16
8-5-2019,16.01,Ash,2,7,2844,17
23-7-2019,16.68,Gibraltar,5,3,2494,18
22-6-2020,27.02,Bloodhound,6,7,3916,15
17-10-2021,22.77,Octane,9,9,4273,17
15-1-2020,24.99,Gibraltar,7,11,6451,10
1-11-2020,9.63,Pathfinder,0,4,1129,15
25-10-2019,3.08,Wraith,5,4,2074,7
17-5-2019,23.94,Lifeline,5,3,2900,2
24-10-2019,16.26,Rampart,3,10,2751,18
1-1-2022,25.56,Gibraltar,9,4,4385,12
7-9-2019,13.58,Wraith,6,6,3511,1
15-2-2019,1.6,Gibraltar,11,14,8615,19
3-7-2022,11.78,Gibraltar,0,4,1334,5
18-11-2021,9.03,Lifeline,8,5,3462,13
12-12-2019,27.08,Caustic,3,6,2577,6
5-1-2021,23.93,Lifeline,9,6,3659,6
22-5-2022,11.27,Wraith,4,6,2767,14
13-12-2021,28.13,Pathfinder,6,8,4957,3
8-7-2021,16.83,Caustic,9,8,4036,10
27-9-2019,1.33,Lifeline,3,8,3585,16
18-7-2019,13.23,Bangalore,2,2,904,10
25-4-2022,14.61,Pathfinder,4,4,2954,7
16-3-2019,29.66,Bangalore,5,6,3448,6
3-10-2019,28.91,Caustic,6,5,3794,9
26-7-2021,7.08,Wraith,10,5,3882,10
4-10-2019,29.52,Bloodhound,8,8,4201,10
22-8-2020,8.54,Rampart,2,1,1012,7
19-6-2019,16.93,Rampart,5,2,2414,8
17-5-2022,6.03,Ash,4,2,1792,19
28-10-2019,23.31,Ash,5,3,2039,5
14-4-2021,3.83,Bangalore,10,5,4304,9
17-5-2020,26.42,Wraith,5,10,5141,11
17-5-2019,22.93,Bloodhound,11,8,6812,19
14-10-2021,20.84,Bangalore,3,2,1400,9
25-6-2019,22.78,Wraith,9,2,2850,17
9-1-2021,24.78,Bangalore,2,3,1932,20
26-8-2020,12.73,Bangalore,4,7,3124,1
5-3-2019,1.34,Caustic,7,9,3863,4
24-5-2021,13.64,Bangalore,8,5,5194,7
3-6-2019,20.32,Gibraltar,8,8,4096,11
15-6-2019,16.57,Crypto,5,3,2657,13
15-8-2020,22.57,Rampart,2,7,3115,3
4-9-2019,25.06,Bloodhound,6,4,4079,19
3-10-2022,4.31,Pathfinder,5,3,2052,10
23-10-2019,28.23,Lifeline,5,13,4461,18
31-10-2020,21.41,Wraith,8,9,4611,17
16-11-2020,14.02,Ash,14,8,7716,19
26-2-2019,13.95,Bloodhound,2,1,1042,3
1-9-2022,25.75,Crypto,3,10,3369,2
21-9-2022,13.85,Crypto,2,3,1538,5
25-12-2019,22.7,Bloodhound,5,6,3293,8
7-3-2022,2.42,Crypto,4,6,3324,11
4-7-2020,20.19,Lifeline,12,8,6571,11
14-9-2021,28.45,Caustic,8,9,2588,3
29-5-2022,13.02,Bloodhound,1,1,271,18
9-8-2020,0.67,Bloodhound,4,5,936,11
7-4-2021,2.92,Lifeline,7,2,1542,9
23-3-2022,29.4,Bangalore,4,7,1850,2
20-11-2020,19.23,Octane,9,13,2024,14
17-1-2020,25.66,Octane,8,10,3802,4
13-10-2020,29.04,Rampart,6,10,2793,10
4-10-2019,2.09,Crypto,5,2,591,17
11-1-2021,14.22,Pathfinder,4,1,390,20
18-10-2019,6.79,Lifeline,3,5,749,15
13-9-2022,7.13,Wraith,3,5,1453,3
24-11-2019,15.12,Crypto,6,8,1772,4
17-6-2020,26.07,Bloodhound,9,8,2167,20
25-8-2021,21.77,Wraith,11,8,3861,20
11-4-2020,16.77,Crypto,6,0,803,15
11-7-2022,4.28,Ash,1,1,448,13
13-8-2019,9.6,Crypto,8,2,1011,15
24-5-2020,27.11,Caustic,6,9,2190,20
30-7-2019,26.29,Gibraltar,10,5,1396,12
31-10-2022,0.96,Bangalore,8,10,2980,15
7-11-2020,27.03,Crypto,12,11,2742,2
7-2-2020,14.63,Ash,1,2,494,4
23-4-2022,6.72,Octane,1,8,1367,16
4-8-2021,17.19,Rampart,7,4,992,17
11-1-2020,16.99,Pathfinder,7,7,1856,19
17-3-2022,12.86,Pathfinder,6,4,2157,20
4-12-2022,5.23,Caustic,9,7,3635,12
12-7-2022,10.08,Bangalore,6,7,2182,16
18-9-2019,7.69,Caustic,6,0,1502,1
1-3-2019,11.31,Caustic,1,1,415,7
2-3-2022,13.99,Rampart,7,3,2416,8
7-11-2021,11.26,Bloodhound,5,7,1066,2
2-10-2020,21.01,Ash,6,4,1536,15
22-5-2019,6.08,Ash,8,8,1667,20
13-6-2020,9.24,Crypto,9,8,1868,15
13-10-2022,2.64,Rampart,3,1,1002,11
25-11-2020,19.32,Rampart,4,2,1125,11
24-11-2020,2.47,Crypto,11,3,1598,3
25-5-2022,4.03,Wraith,10,3,3147,16
21-5-2022,11.37,Crypto,4,5,945,1
22-8-2020,29.57,Lifeline,9,5,2658,7
26-3-2019,26.43,Ash,8,8,3596,1
22-1-2022,20.14,Octane,1,4,934,11
17-12-2022,5.41,Caustic,1,1,511,18
14-9-2022,21.08,Caustic,6,5,1080,13
14-3-2021,25.45,Bloodhound,6,9,2096,11
19-10-2021,3.0,Octane,5,7,2469,1
29-7-2022,16.69,Bangalore,12,9,4855,19
4-6-2020,13.74,Bangalore,13,14,3621,18
18-8-2021,9.51,Wraith,2,5,1689,3
29-5-2021,22.38,Bangalore,4,5,2054,11
27-7-2022,14.01,Bangalore,7,6,1956,18
2-8-2021,22.06,Gibraltar,6,7,1732,13
22-12-2019,17.25,Pathfinder,6,6,2195,1
16-4-2021,24.9,Pathfinder,6,7,2585,3
18-11-2019,14.44,Crypto,9,6,2335,9
14-9-2021,29.44,Bangalore,4,5,1869,11
20-11-2022,9.11,Crypto,3,1,1133,9
25-3-2020,5.14,Lifeline,3,5,1204,11
25-5-2021,12.79,Ash,4,5,1921,4
4-6-2020,16.81,Pathfinder,4,8,2053,5
3-8-2021,8.69,Lifeline,6,8,2948,13
1-10-2021,3.74,Crypto,8,6,2051,18
26-3-2019,14.17,Bangalore,1,4,636,17
15-8-2020,14.72,Bloodhound,3,3,1422,8
14-6-2019,21.26,Bangalore,6,10,2194,14
12-12-2020,16.71,Pathfinder,6,4,2129,5
7-2-2022,25.58,Wraith,4,7,1414,8
18-7-2021,10.26,Octane,7,9,3747,4
24-7-2021,11.49,Crypto,13,6,4313,12
23-3-2021,21.12,Gibraltar,2,4,1611,19
5-10-2019,4.5,Caustic,1,1,571,1
21-10-2021,3.61,Bloodhound,5,2,1029,1
20-7-2019,11.4,Wraith,7,7,3906,2
23-4-2021,15.72,Bangalore,6,5,2717,10
5-6-2019,12.11,Rampart,8,5,2919,3
25-12-2021,20.98,Pathfinder,8,7,4278,1
30-12-2020,22.64,Lifeline,0,4,700,17
16-7-2019,1.56,Bangalore,6,1,1545,14
26-12-2022,3.57,Bloodhound,2,8,2143,10
21-7-2022,9.15,Rampart,6,6,3009,6
1-5-2019,29.82,Gibraltar,5,7,2722,19
4-5-2020,20.06,Wraith,11,8,4000,2
10-3-2022,23.79,Gibraltar,7,9,2545,17
5-1-2020,8.35,Caustic,1,0,302,16
20-10-2022,24.08,Octane,5,3,1402,17
20-11-2019,4.08,Pathfinder,3,3,1270,4
6-4-2021,29.63,Rampart,5,8,2282,5
31-7-2022,1.09,Caustic,4,5,2608,6
13-11-2021,27.07,Ash,7,5,1783,10
5-1-2020,11.96,Lifeline,9,6,2429,2
1-11-2020,11.61,Bloodhound,5,1,1049,13
4-8-2022,4.8,Caustic,1,3,619,12
1-10-2022,4.3,Bloodhound,3,3,1551,13
22-7-2022,19.18,Wraith,6,6,1940,7
20-6-2022,10.81,Caustic,6,4,2538,17
31-12-2021,15.04,Ash,11,6,4152,7
5-10-2019,11.82,Bangalore,6,6,1929,10
4-8-2022,11.15,Bloodhound,0,0,0,17
