21-11-2021,23.08,Wattson,1,3,705,19
10-8-2019,17.91,Bloodhound,3,6,1530,10
8-10-2019,22.66,Horizon,3,5,670,3
22-2-2021,1.4,Valkyrie,6,6,2286,20
27-9-2022,17.14,Mad Maggie,5,6,1659,5
29-12-2021,6.74,Valkyrie,8,9,2956,16
18-3-2022,25.34,Wattson,7,10,2172,15
10-7-2022,8.02,Gibraltar,5,3,1200,4
19-6-2022,8.78,Gibraltar,1,4,913,5
10-1-2021,12.61,Bangalore,2,4,1228,5
22-5-2022,17.03,Valkyrie,4,4,834,3
15-11-2022,3.8,Rampart,7,10,3712,7
15-12-2022,13.49,Wraith,5,9,1815,1
10-9-2022,7.1,Valkyrie,7,10,2395,5
24-5-2020,7.94,Gibraltar,7,0,1366,6
19-1-2021,3.19,Revenant,2,2,352,3
21-7-2020,4.76,Caustic,8,3,2382,13
11-10-2020,26.12,Wattson,11,5,1734,13
13-3-2022,11.3,Crypto,9,9,3554,13
14-11-2021,19.33,Caustic,6,7,1815,1
1-8-2019,27.15,Rampart,9,10,1548,9
9-3-2022,23.38,Octane,1,2,361,5
4-12-2022,18.78,Bangalore,3,5,1207,6
30-3-2019,8.3,Crypto,3,2,1122,3
23-4-2019,11.02,Rampart,7,6,2738,2
20-7-2019,16.26,Wraith,5,5,2388,4
8-12-2020,19.78,Ash,7,9,3195,19
22-9-2020,29.21,Octane,14,6,2740,19
12-3-2020,24.16,Pathfinder,6,6,2508,17
31-8-2019,6.83,Revenant,3,6,1185,4
23-8-2022,16.84,Horizon,2,6,1804,19
5-9-2022,1.87,Bloodhound,3,6,1108,6
15-12-2019,20.18,Octane,9,6,2650,9
2-5-2022,24.66,Ash,11,5,2481,6
24-5-2019,17.9,Wattson,10,6,1694,15
9-12-2022,10.16,Pathfinder,0,1,174,8
28-8-2019,3.44,Valkyrie,2,5,703,10
13-5-2020,16.31,Mirage,3,6,1145,3
13-4-2021,3.71,Mad Maggie,7,9,2987,19
20-10-2019,6.01,Caustic,4,4,1611,12
20-12-2022,28.19,Horizon,11,7,1795,4
3-7-2019,22.06,Gibraltar,10,7,4001,19
3-1-2021,24.41,Ash,3,1,551,15
12-11-2021,4.51,Mirage,2,4,940,5
26-12-2022,1.7,Lifeline,5,11,3311,12
5-6-2020,12.74,Bangalore,8,6,1503,9
23-6-2019,12.05,Wraith,4,12,3643,11
21-9-2021,1.37,Ash,6,6,1218,7
12-6-2022,12.91,Mad Maggie,11,9,2284,4
7-4-2022,8.0,Octane,1,1,243,16
24-6-2022,26.71,Crypto,4,6,1362,20
9-10-2022,16.46,Mad Maggie,4,2,985,10
20-7-2019,29.74,Valkyrie,4,5,1677,1
17-7-2021,17.39,Crypto,7,9,3003,2
16-1-2020,21.27,Wattson,6,8,2361,3
18-2-2020,4.13,Mirage,9,6,2323,10
8-7-2021,18.37,Wattson,5,1,1407,14
6-6-2019,27.12,Wattson,3,3,1294,20
16-1-2020,9.72,Crypto,2,8,1319,8
30-1-2022,12.65,Mirage,11,3,3337,17
25-12-2021,23.79,Lifeline,5,5,2508,2
1-4-2019,13.52,Ash,5,11,1975,10
17-9-2020,6.49,Revenant,6,7,2904,2
2-3-2020,10.44,Caustic,5,2,1701,3
14-7-2022,18.15,Wraith,3,2,1358,12
23-11-2022,19.67,Pathfinder,3,7,1379,15
26-12-2021,4.89,Valkyrie,4,6,1966,7
14-2-2022,1.75,Wraith,4,12,2346,3
14-8-2020,16.78,Horizon,12,6,3671,18
15-12-2019,28.6,Valkyrie,11,7,2542,9
7-2-2020,20.89,Lifeline,5,0,1307,2
14-10-2019,7.7,Mad Maggie,1,1,286,11
21-10-2019,25.66,Wraith,11,2,2537,14
20-4-2020,13.15,Revenant,10,7,3799,14
5-9-2022,26.72,Lifeline,9,8,4823,9
14-3-2020,25.61,Valkyrie,9,8,4900,12
23-3-2019,10.98,Crypto,10,8,3673,11
7-6-2020,22.18,Crypto,4,1,1459,2
9-2-2019,16.13,Crypto,2,2,839,12
13-5-2019,0.05,Pathfinder,6,4,1986,6
17-4-2019,7.12,Valkyrie,5,6,2365,15
2-9-2022,11.37,Valkyrie,4,9,2451,9
11-5-2020,15.65,Revenant,10,5,3051,2
29-10-2020,25.17,Rampart,8,9,3904,20
14-12-2022,6.96,Wraith,0,1,212,9
15-6-2019,24.03,Bangalore,7,3,2401,13
19-10-2021,20.84,Octane,3,3,998,17
25-2-2020,16.05,Valkyrie,3,3,1385,4
6-11-2022,21.46,Ash,6,5,1788,17
9-12-2020,11.4,Mirage,5,6,2027,18
28-7-2020,2.13,Bloodhound,6,10,4700,8
28-5-2021,27.44,Valkyrie,3,5,2304,16
11-2-2022,20.13,Wattson,7,2,1624,12
29-11-2019,14.84,Mirage,2,6,1908,3
17-5-2022,28.84,Bloodhound,7,4,3311,11
14-2-2021,27.26,Crypto,4,6,1581,16
23-8-2020,15.36,Valkyrie,6,5,1718,5
17-7-2019,2.52,Wraith,6,10,2896,11
8-7-2020,15.84,Crypto,0,2,344,8
29-12-2019,10.89,Wattson,2,1,463,6
3-5-2020,5.49,Revenant,5,6,2248,20
14-3-2019,19.42,Rampart,6,9,2935,15
30-8-2020,8.24,Octane,4,5,2301,1
31-7-2021,23.77,Mirage,9,7,3590,3
9-11-2020,14.38,Ash,13,11,5563,10
3-7-2022,17.46,Valkyrie,8,2,2323,6
26-7-2022,14.1,Bloodhound,4,2,1229,15
19-1-2022,20.81,Horizon,6,10,2698,3
15-10-2020,11.17,Valkyrie,4,8,2318,5
22-7-2019,0.91,Lifeline,6,4,2783,14
26-3-2020,3.35,Lifeline,5,5,1950,12
19-9-2022,5.91,Caustic,6,7,3010,18
20-1-2022,20.32,Revenant,0,1,288,15
21-5-2021,2.21,Octane,1,5,1443,5
28-1-2022,24.69,Rampart,10,3,2546,20
9-8-2020,11.54,Revenant,5,3,1893,11
29-1-2021,19.3,Mirage,10,5,3883,18
10-2-2019,23.92,Horizon,12,7,5459,15
24-3-2019,14.89,Lifeline,6,7,3747,16
12-9-2019,19.62,Wraith,4,4,2347,2
20-12-2021,2.61,Mirage,4,1,1044,3
16-2-2022,14.56,Wraith,7,3,2033,4
12-12-2019,21.57,Crypto,10,6,5092,19
9-10-2019,26.33,Valkyrie,5,6,2208,18
5-8-2021,12.02,Wraith,10,6,3358,8
8-12-2019,3.75,Horizon,11,6,5312,13
15-9-2021,13.62,Mad Maggie,3,1,1376,12
28-9-2021,19.53,Octane,3,1,1401,17
13-1-2020,8.8,Lifeline,2,3,1535,13
7-6-2022,2.71,Mad Maggie,3,3,1877,8
10-4-2021,18.13,Rampart,7,11,5011,7
19-8-2022,3.39,Wattson,10,5,3806,13
12-2-2022,0.91,Gibraltar,6,10,4663,10
2-5-2022,0.82,Wattson,3,0,611,17
20-5-2020,4.62,Mad Maggie,1,8,2177,1
25-8-2019,29.59,Gibraltar,7,3,3383,12
17-10-2021,28.39,Revenant,3,7,3392,7
5-6-2020,20.36,Wraith,6,4,2833,14
8-10-2021,8.7,Crypto,5,12,3345,7
10-8-2020,1.9,Lifeline,8,9,3407,9
19-10-2021,13.1,Valkyrie,3,0,616,20
1-12-2019,16.99,Valkyrie,2,10,2805,14
4-10-2020,3.61,Pathfinder,4,8,3428,4
12-1-2020,26.24,Wattson,6,8,4185,13
7-9-2020,12.17,Rampart,10,5,5363,14
11-4-2020,17.62,Bangalore,8,7,4061,13
17-5-2022,27.37,Gibraltar,8,14,4786,15
3-7-2020,5.85,Rampart,0,1,315,8
5-2-2021,7.11,Gibraltar,2,1,647,9
9-5-2019,27.08,Rampart,5,2,2489,8
10-2-2019,16.69,Gibraltar,5,5,3003,19
21-2-2022,24.07,Caustic,6,6,4186,5
27-11-2022,7.47,Horizon,8,6,4162,14
5-7-2021,7.25,Caustic,8,6,3818,9
26-8-2020,15.89,Lifeline,4,1,1296,9
17-4-2019,24.02,Ash,7,5,3056,1
29-4-2020,19.19,Wattson,8,5,3026,17
28-5-2020,23.15,Valkyrie,5,5,2309,4
20-11-2019,29.1,Lifeline,6,5,4106,5
3-6-2022,10.61,Wattson,6,8,3123,20
30-9-2020,19.19,Bangalore,6,10,3549,13
3-7-2022,10.63,Mad Maggie,5,0,1858,18
7-7-2019,18.77,Mad Maggie,3,2,1483,11
13-10-2020,9.86,Bangalore,3,3,1319,5
8-2-2021,3.24,Octane,4,4,2931,2
10-6-2022,9.68,Bangalore,5,7,3467,10
1-12-2019,28.98,Bangalore,7,14,5573,3
15-5-2020,15.47,Caustic,11,8,6430,6
9-8-2020,17.52,Wattson,2,0,607,20
28-1-2020,14.64,Wraith,4,3,1997,2
8-10-2022,27.43,Wattson,4,4,2367,6
10-11-2021,19.34,Lifeline,8,6,3470,10
26-5-2020,9.0,Horizon,4,5,2394,10
14-4-2022,24.79,Rampart,7,7,5203,18
12-7-2022,10.22,Ash,6,15,5443,17
7-11-2020,19.82,Wraith,4,1,1710,16
18-8-2019,13.63,Revenant,7,6,3057,18
12-6-2021,22.69,Crypto,3,8,4078,8
27-10-2019,14.27,Lifeline,3,7,2729,9
2-3-2022,2.25,Wattson,7,4,3167,19
9-4-2019,9.32,Mirage,10,10,6928,5
9-3-2020,1.12,Caustic,7,8,4741,1
17-12-2022,24.91,Crypto,0,1,302,5
1-9-2022,4.24,Valkyrie,6,1,1770,19
1-9-2020,24.3,Mad Maggie,9,5,3724,16
18-4-2020,2.57,Caustic,6,4,3430,2
6-5-2019,9.36,Ash,4,7,3704,19
14-4-2020,27.14,Gibraltar,10,11,7591,9
25-10-2020,20.65,Bloodhound,7,14,7995,12
22-9-2020,11.48,Pathfinder,5,2,2085,6
16-11-2020,20.77,Revenant,3,2,1577,1
20-11-2022,27.46,Horizon,2,6,2025,3
14-4-2021,14.89,Ash,4,7,4208,15
3-5-2020,1.47,Mirage,7,10,5912,9
15-10-2021,16.6,Octane,6,9,4864,19
24-5-2022,13.22,Pathfinder,11,10,7217,8
13-2-2019,5.7,Rampart,6,6,3785,18
30-4-2020,15.85,Wraith,5,3,2607,16
29-9-2021,4.87,Caustic,9,2,4589,16
24-9-2021,11.39,Pathfinder,3,4,2103,5
7-1-2021,9.42,Bangalore,4,7,1067,4
21-6-2020,26.94,Mirage,10,5,2013,9
14-1-2020,4.32,Ash,8,7,1046,20
5-2-2021,20.36,Wattson,0,1,122,4
3-5-2021,11.28,Wattson,4,2,758,18
20-12-2019,26.67,Wattson,6,7,1713,12
11-10-2019,0.95,Octane,3,6,1321,14
18-7-2020,1.11,Wraith,4,4,1352,11
5-10-2019,6.72,Bangalore,7,5,2479,16
15-12-2022,19.74,Ash,6,8,1513,6
27-10-2019,3.51,Mirage,0,1,189,3
1-3-2019,29.51,Mirage,3,4,1349,14
15-2-2019,15.64,Revenant,2,10,821,5
3-8-2022,26.15,Caustic,5,3,1217,18
30-4-2020,12.5,Wattson,6,6,1319,2
19-12-2021,4.57,Pathfinder,6,5,891,20
8-12-2020,8.21,Revenant,6,6,1203,13
14-7-2020,16.68,Wraith,0,6,723,6
3-6-2019,17.34,Gibraltar,3,2,938,8
31-12-2021,21.94,Mirage,5,2,801,8
24-3-2022,21.19,Bangalore,5,4,2118,4
5-6-2019,9.43,Caustic,5,10,2731,5
17-8-2019,11.51,Ash,6,7,2282,13
1-6-2021,0.15,Ash,7,10,1745,10
15-5-2020,21.08,Revenant,8,0,859,8
3-4-2021,0.2,Wraith,1,4,848,3
10-5-2020,16.56,Mad Maggie,3,3,484,15
3-6-2021,8.46,Wraith,9,6,2680,6
12-4-2021,1.45,Revenant,4,5,1871,13
23-7-2022,3.84,Bangalore,6,5,2532,9
17-5-2019,4.26,Mirage,6,6,1431,6
28-5-2021,21.44,Caustic,0,3,554,11
28-11-2020,5.77,Bloodhound,5,2,882,16
3-9-2020,14.39,Wraith,3,3,1324,13
21-10-2021,12.96,Octane,9,4,2734,18
17-10-2020,6.29,Lifeline,5,4,1444,8
11-6-2019,7.64,Crypto,5,9,1975,10
19-3-2022,17.84,Revenant,7,7,1832,6
14-8-2020,25.73,Crypto,10,1,1165,17
9-4-2022,13.31,Wattson,1,1,413,15
30-1-2020,26.83,Valkyrie,5,6,1675,14
26-9-2021,29.82,Wattson,5,13,2350,12
19-3-2019,5.53,Ash,7,11,4294,12
8-11-2022,11.98,Octane,11,6,2786,8
3-10-2022,27.21,Lifeline,9,10,1973,4
27-6-2019,10.91,Caustic,2,0,365,14
14-10-2020,11.82,Octane,2,6,1109,1
7-7-2019,29.9,Mad Maggie,3,7,1776,6
28-1-2022,4.22,Caustic,3,6,1896,13
28-2-2020,5.67,Bangalore,6,4,2312,20
23-11-2020,28.72,Bloodhound,9,7,2990,18
12-9-2022,12.55,Gibraltar,8,6,1890,8
1-7-2019,21.41,Lifeline,0,3,321,20
5-12-2019,11.84,Caustic,1,3,647,6
2-7-2021,19.63,Mad Maggie,2,9,2424,19
7-1-2020,29.64,Horizon,8,7,2009,10
27-2-2022,22.34,Valkyrie,5,12,3178,16
10-5-2020,17.8,Revenant,7,8,3234,16
1-12-2021,1.46,Ash,8,12,2794,12
18-5-2019,7.87,Ash,3,7,2068,2
18-1-2021,22.62,Ash,6,4,1849,15
3-12-2020,23.17,Mad Maggie,4,9,3035,18
18-10-2021,10.96,Valkyrie,7,5,2352,7
7-12-2020,25.12,Bangalore,6,5,3094,2
28-10-2019,22.29,Horizon,6,5,2003,11
17-3-2021,18.68,Revenant,7,8,3457,20
22-10-2021,7.57,Ash,3,1,916,4
25-12-2022,1.73,Bangalore,4,1,1471,9
27-2-2022,3.93,Wraith,2,4,1088,4
11-10-2019,1.0,Revenant,8,5,2728,1
9-9-2020,21.91,Wattson,5,14,3541,20
18-1-2021,20.99,Bangalore,9,10,3341,17
11-8-2022,19.44,Octane,11,6,3581,16
1-3-2022,14.07,Octane,4,5,1961,12
19-9-2019,29.01,Wraith,4,4,2022,12
16-6-2019,11.53,Ash,10,9,3556,5
31-10-2021,3.03,Ash,8,6,3246,19
31-10-2021,19.07,Octane,4,7,2626,3
6-3-2019,25.79,Bloodhound,7,10,3223,12
11-1-2021,24.07,Wattson,11,7,2889,2
1-3-2022,23.34,Mirage,1,0,164,16
25-7-2019,18.26,Lifeline,4,1,1050,11
8-6-2021,18.62,Bloodhound,2,3,1360,15
10-7-2020,19.19,Mad Maggie,4,4,1558,19
30-4-2020,28.25,Valkyrie,5,6,2760,13
11-4-2019,12.62,Crypto,12,8,3927,18
4-11-2019,23.61,Octane,7,10,2942,1
14-10-2019,8.67,Caustic,2,6,1333,14
3-8-2022,8.08,Bangalore,4,2,1058,12
4-2-2022,18.74,Rampart,4,3,1095,9
21-7-2019,0.04,Valkyrie,4,4,1572,5
16-5-2022,6.11,Gibraltar,4,7,1617,11
24-3-2019,12.54,Bloodhound,15,5,3881,10
13-11-2020,6.37,Horizon,7,8,2864,7
10-7-2020,24.26,Valkyrie,0,1,198,13
30-1-2022,5.33,Wraith,1,5,1574,12
7-12-2019,20.76,Mirage,5,8,3739,15
11-10-2020,17.5,Bloodhound,4,8,2717,8
29-8-2022,25.13,Gibraltar,12,13,4814,17
15-9-2019,11.36,Lifeline,5,6,2313,4
12-9-2021,21.41,Valkyrie,10,9,5048,7
8-9-2022,7.44,Lifeline,1,0,293,16
25-4-2020,5.98,Lifeline,1,2,820,12
25-8-2020,10.89,Wraith,2,6,2224,11
7-12-2022,3.72,Bloodhound,3,3,1080,4
8-6-2020,29.08,Mad Maggie,4,5,2857,17
30-9-2019,2.95,Wattson,5,7,2647,11
25-11-2019,26.14,Rampart,8,13,4826,16
29-7-2019,0.4,Revenant,4,0,1105,2
26-8-2019,11.54,Gibraltar,1,1,471,8
25-7-2019,28.87,Revenant,3,4,1608,6
15-4-2021,21.22,Wraith,5,10,2657,3
16-12-2021,16.66,Mad Maggie,7,7,4381,4
3-9-2020,8.78,Bangalore,9,8,5563,4
18-9-2020,15.43,Bangalore,11,10,6341,18
21-4-2020,1.24,Bloodhound,0,3,664,5
4-12-2020,25.8,Caustic,5,11,4985,10
24-11-2020,1.48,Wattson,6,7,3700,17
5-10-2020,4.14,Pathfinder,7,3,2125,3
14-5-2020,21.48,Caustic,9,9,5164,5
21-10-2021,4.33,Wattson,5,5,3184,6
31-1-2021,23.19,Wattson,12,6,5392,15
4-3-2021,29.19,Bloodhound,8,5,3232,16
10-5-2022,2.46,Wattson,6,1,1744,11
29-11-2019,28.94,Wattson,3,7,1822,10
9-8-2020,22.96,Wraith,6,3,2082,8
4-12-2022,3.35,Bangalore,7,7,2899,5
17-7-2022,8.62,Octane,13,12,4990,4
30-3-2020,7.52,Rampart,11,9,5720,5
21-10-2019,1.69,Wraith,0,1,248,8
28-1-2021,6.34,Bloodhound,5,2,1923,14
4-10-2020,6.42,Mirage,3,3,1579,8
26-9-2021,9.36,Crypto,4,7,3019,6
19-5-2019,16.95,Pathfinder,5,12,5662,18
29-11-2019,8.18,Lifeline,9,8,5877,5
16-3-2022,11.51,Bloodhound,6,8,2698,15
24-5-2022,3.49,Pathfinder,2,0,430,14
4-5-2022,7.89,Crypto,7,3,3195,7
22-2-2021,19.88,Valkyrie,6,2,2711,18
14-9-2022,17.78,Wraith,8,5,3749,18
1-11-2022,26.54,Caustic,5,9,3145,20
7-8-2021,6.32,Octane,5,6,3341,12
26-11-2021,13.35,Mad Maggie,8,6,3997,20
10-8-2019,22.76,Mirage,7,3,3334,1
24-6-2020,19.35,Mad Maggie,7,8,4857,6
5-10-2022,2.91,Crypto,5,6,2953,11
30-4-2019,9.22,Horizon,9,4,3938,4
11-8-2020,16.23,Ash,7,7,4996,17
30-8-2022,11.68,Wattson,6,6,3233,19
27-5-2022,8.84,Octane,13,10,6485,15
27-7-2020,5.51,Bangalore,1,3,1286,3
29-4-2022,7.23,Mad Maggie,1,2,948,18
19-4-2019,3.07,Octane,4,7,3218,8
18-10-2022,3.08,Rampart,5,7,3017,11
28-8-2021,28.73,Mirage,5,7,2722,5
1-12-2020,16.03,Mirage,8,5,4212,6
28-11-2019,11.48,Bangalore,8,6,4095,7
11-5-2021,4.67,Crypto,5,4,2972,11
18-3-2020,13.96,Crypto,3,2,1160,5
28-12-2019,20.16,Revenant,8,8,4777,9
2-6-2021,2.05,Horizon,3,3,1799,12
1-8-2021,21.17,Valkyrie,7,5,4580,9
27-6-2022,18.74,Caustic,9,7,5120,8
12-3-2021,29.71,Wraith,9,8,3775,17
25-9-2021,22.19,Rampart,0,4,1018,6
24-2-2020,9.62,Lifeline,2,6,2451,20
23-1-2020,15.18,Gibraltar,6,2,2126,11
28-1-2020,2.46,Horizon,3,3,1631,11
17-7-2020,17.59,Crypto,5,6,3537,14
6-4-2020,27.36,Wraith,6,8,4734,8
9-11-2021,23.4,Revenant,10,13,5553,2
29-4-2022,15.23,Valkyrie,0,1,342,4
14-10-2020,0.2,Revenant,7,1,2089,17
17-6-2021,8.49,Ash,10,4,4852,12
27-8-2020,25.56,Ash,8,3,2767,19
6-6-2020,29.48,Pathfinder,5,11,3942,5
21-12-2022,8.99,Mirage,5,6,3642,7
13-1-2022,22.48,Mad Maggie,8,15,6655,3
6-11-2022,23.61,Wattson,0,1,329,5
24-2-2022,15.02,Wraith,6,6,4441,5
30-1-2022,29.17,Wattson,5,5,3791,9
20-11-2019,6.69,Gibraltar,6,5,2788,3
10-2-2019,14.94,Ash,10,5,4129,10
16-2-2022,6.86,Wattson,10,5,6007,5
4-7-2019,28.58,Caustic,10,7,4494,18
21-9-2021,16.66,Crypto,5,0,1283,20
7-9-2021,21.37,Gibraltar,3,8,3581,12
25-12-2019,5.31,Horizon,3,2,1806,1
22-1-2020,7.92,Bangalore,4,3,2630,6
25-8-2022,19.67,Caustic,9,5,3952,4
14-1-2021,23.48,Bloodhound,6,7,4923,2
12-11-2021,19.63,Bloodhound,6,6,3452,16
9-1-2020,7.88,Horizon,0,0,0,14
18-6-2022,1.66,Octane,8,6,4566,7
11-10-2020,19.79,Octane,8,9,5669,6
1-8-2019,19.11,Revenant,11,3,4508,12
28-9-2019,3.31,Horizon,4,4,3117,18
26-4-2020,8.81,Mad Maggie,5,6,2799,7
5-9-2020,24.96,Horizon,11,9,6027,18
11-12-2019,20.43,Octane,0,3,1102,3
23-6-2020,2.05,Wraith,9,3,1779,19
11-11-2020,9.73,Wraith,9,4,2305,12
19-8-2020,19.98,Valkyrie,6,5,692,11
4-4-2020,20.62,Bloodhound,5,11,2260,11
14-7-2021,22.34,Crypto,6,14,2346,4
9-9-2022,23.72,Lifeline,10,7,1368,13
6-4-2019,13.29,Wraith,0,0,0,11
5-11-2022,29.46,Mad Maggie,2,2,288,9
22-5-2021,5.46,Caustic,2,7,1056,13
1-4-2022,25.46,Bangalore,8,11,1678,8
26-10-2022,11.43,Gibraltar,7,6,1811,9
14-7-2020,14.06,Rampart,5,8,1803,6
14-4-2022,26.35,Gibraltar,6,7,2466,6
10-2-2022,21.34,Wattson,1,7,755,3
9-2-2022,27.33,Mirage,4,8,1458,8
15-3-2020,12.59,Wraith,3,5,1359,16
11-2-2022,21.63,Bangalore,4,6,2116,17
27-2-2019,7.63,Bangalore,6,8,3145,16
12-5-2022,28.31,Bangalore,6,7,1197,16
26-4-2022,24.91,Crypto,8,7,2173,10
1-6-2020,29.61,Crypto,7,3,1174,2
11-6-2022,13.08,Lifeline,1,4,996,13
8-3-2022,8.1,Valkyrie,3,8,2092,5
23-12-2019,28.16,Bangalore,3,5,1392,19
16-8-2021,28.19,Octane,7,6,1552,16
14-3-2021,19.75,Caustic,11,6,2439,6
25-2-2022,5.74,Bloodhound,10,10,4087,20
22-10-2022,14.89,Valkyrie,5,1,1202,20
5-2-2021,19.12,Crypto,2,7,815,20
14-5-2021,15.17,Wattson,2,5,947,3
14-3-2021,24.96,Pathfinder,3,6,1979,9
14-3-2021,3.28,Crypto,4,9,2074,10
18-11-2020,22.66,Mad Maggie,8,5,1463,17
31-8-2021,3.94,Gibraltar,8,8,2840,17
9-11-2020,1.42,Bloodhound,1,2,410,18
29-3-2021,28.54,Gibraltar,6,5,2263,16
8-11-2021,17.57,Gibraltar,7,4,1311,1
30-1-2020,11.12,Revenant,10,7,1628,20
20-4-2021,28.32,Valkyrie,5,5,1866,11
16-1-2021,15.36,Pathfinder,9,9,3776,3
19-1-2021,25.18,Crypto,7,8,2554,16
12-9-2021,26.95,Revenant,2,2,790,20
15-3-2021,2.33,Mad Maggie,3,1,1019,12
7-12-2021,5.95,Valkyrie,4,5,969,11
22-4-2019,23.54,Revenant,6,4,2355,17
19-8-2020,26.13,Wattson,5,10,2420,8
25-3-2022,13.37,Wraith,13,6,3504,5
27-9-2022,25.86,Wattson,11,6,3538,8
19-6-2022,26.85,Mirage,9,5,1840,11
12-12-2019,15.38,Wattson,2,2,867,11
16-11-2019,2.16,Bangalore,9,2,2402,11
10-3-2022,10.28,Crypto,3,6,1397,12
19-12-2019,16.36,Gibraltar,13,9,5198,15
7-6-2020,6.41,Mirage,7,5,1630,6
5-4-2022,22.32,Wraith,7,9,2715,6
14-3-2019,2.87,Bloodhound,0,0,0,1
4-3-2022,10.7,Valkyrie,8,7,3998,20
28-3-2022,0.62,Bangalore,2,9,2121,1
13-6-2021,28.44,Ash,4,10,2304,14
8-1-2021,12.83,Revenant,6,6,2385,5
15-10-2021,16.68,Mirage,8,5,3389,1
8-12-2020,14.94,Wattson,11,11,5147,4
12-1-2020,2.92,Wattson,3,0,413,7
10-9-2022,2.73,Rampart,3,1,678,6
7-12-2020,8.81,Mad Maggie,3,3,1378,19
19-3-2021,12.04,Crypto,4,7,2668,20
26-10-2021,18.94,Revenant,4,7,2057,19
6-9-2020,15.51,Crypto,11,5,2597,17
27-8-2020,1.46,Gibraltar,6,10,4152,16
12-2-2021,5.88,Bloodhound,2,2,792,18
16-6-2020,18.51,Bloodhound,3,3,830,8
8-12-2021,29.4,Lifeline,6,7,2514,6
9-5-2021,19.52,Lifeline,8,3,1443,15
9-7-2021,3.25,Octane,6,9,4125,4
23-3-2021,10.72,Rampart,9,8,2326,7
13-10-2019,3.03,Mirage,11,10,2808,11
21-4-2022,18.58,Ash,7,0,1971,13
25-11-2022,27.69,Wraith,6,3,1879,5
25-8-2019,3.17,Mad Maggie,5,4,2149,12
26-9-2022,11.39,Ash,3,8,2697,8
31-1-2022,19.07,Revenant,5,5,1987,7
3-1-2020,27.67,Gibraltar,8,14,5993,15
25-1-2022,1.34,Revenant,6,7,3359,14
4-5-2022,0.86,Crypto,3,0,560,8
5-6-2020,19.55,Wraith,1,2,839,1
10-11-2021,15.62,Bangalore,4,5,1507,6
1-3-2021,12.76,Gibraltar,7,6,3050,19
9-3-2021,15.75,Rampart,11,11,5230,18
17-11-2022,0.01,Horizon,7,7,3642,10
14-9-2022,9.87,Bloodhound,7,6,3866,6
12-1-2022,18.24,Mad Maggie,3,9,1798,3
28-11-2021,6.83,Pathfinder,2,8,2460,6
24-12-2021,26.1,Revenant,3,6,2252,13
3-8-2022,22.92,Valkyrie,6,7,2371,16
21-8-2019,1.74,Bangalore,5,4,2439,18
24-3-2020,1.37,Wattson,6,5,3063,4
23-2-2022,5.31,Wraith,9,10,3932,1
29-4-2020,8.75,Ash,5,3,1216,19
17-1-2020,20.83,Gibraltar,6,3,1803,20
4-10-2020,18.36,Valkyrie,4,4,2392,15
30-12-2022,9.78,Bangalore,3,3,1240,4
7-5-2022,5.77,Pathfinder,6,7,3744,8
22-6-2022,25.69,Valkyrie,5,13,4050,9
7-5-2019,7.32,Lifeline,8,6,3797,10
23-5-2022,24.49,Mirage,5,2,2134,20
9-7-2020,22.31,Crypto,3,2,1183,19
18-3-2021,1.31,Caustic,2,4,1489,14
30-10-2020,22.57,Pathfinder,6,4,2149,4
27-3-2020,24.22,Caustic,8,8,4433,6
30-7-2020,26.87,Caustic,9,11,4123,16
28-6-2020,10.45,Crypto,7,6,2979,19
4-8-2019,17.18,Pathfinder,1,2,557,15
29-3-2021,2.1,Bloodhound,4,3,1494,9
24-7-2022,10.69,Crypto,7,6,4074,3
17-9-2022,13.79,Gibraltar,5,9,3144,15
28-4-2021,7.76,Octane,4,7,1861,2
12-8-2021,2.45,Gibraltar,10,6,5104,19
18-1-2021,0.91,Wraith,10,9,4688,1
1-10-2019,1.25,Ash,1,0,203,5
28-5-2020,18.6,Gibraltar,3,6,2000,15
19-8-2020,11.25,Rampart,6,5,2801,20
20-4-2021,21.95,Crypto,9,4,3334,3
7-11-2019,9.23,Octane,4,5,2353,6
29-4-2022,21.2,Bloodhound,7,7,2593,6
26-1-2021,2.98,Bangalore,6,10,4711,9
8-12-2021,12.97,Bangalore,1,4,977,10
3-3-2019,29.4,Caustic,7,4,2438,7
1-8-2021,24.46,Octane,9,4,2593,1
13-8-2021,29.98,Bangalore,5,5,2290,17
19-12-2019,13.25,Valkyrie,4,13,4440,7
9-5-2021,9.6,Mirage,6,8,3930,17
9-5-2020,0.44,Horizon,8,9,4182,9
3-12-2022,10.87,Mad Maggie,7,7,3660,18
18-3-2021,27.39,Mad Maggie,5,4,2856,5
22-4-2022,27.07,Pathfinder,9,5,3198,1
2-3-2019,8.0,Octane,9,4,4663,17
30-10-2019,6.55,Caustic,4,5,2896,18
10-4-2021,7.15,Caustic,6,8,4620,5
17-12-2021,19.75,Wattson,6,9,4578,4
6-7-2020,20.1,Crypto,1,3,1269,18
30-5-2022,15.7,Mad Maggie,2,10,3378,9
30-10-2020,21.53,Mad Maggie,7,5,2573,13
29-7-2022,29.47,Wattson,12,9,4523,15
26-9-2020,4.56,Gibraltar,4,4,2186,12
29-7-2021,18.73,Horizon,12,11,6426,3
14-11-2022,13.53,Wattson,6,9,2972,7
1-9-2020,8.57,Gibraltar,1,2,900,17
29-5-2020,7.28,Rampart,1,2,688,15
9-9-2022,20.51,Bangalore,4,4,2455,2
22-3-2021,17.33,Ash,6,5,3349,8
17-6-2021,13.53,Valkyrie,10,4,4979,4
30-11-2021,12.03,Lifeline,5,7,2740,2
17-6-2019,6.93,Valkyrie,9,6,5324,17
21-8-2020,11.76,Revenant,1,0,282,2
23-4-2019,16.17,Valkyrie,8,5,2916,1
10-3-2020,29.47,Revenant,9,10,6198,4
1-9-2021,0.32,Wattson,3,4,2074,15
9-10-2020,9.3,Rampart,4,5,2978,18
3-5-2019,7.71,Valkyrie,9,5,3042,16
16-12-2022,17.55,Wraith,9,10,5306,18
17-9-2021,23.43,Mad Maggie,1,4,1781,16
26-11-2022,1.16,Pathfinder,1,3,986,20
1-10-2019,6.94,Crypto,4,5,2867,11
1-3-2021,0.72,Bangalore,6,4,3005,7
31-8-2020,26.33,Revenant,8,6,4420,8
27-10-2019,13.07,Wraith,5,12,5493,3
30-8-2020,16.06,Wraith,8,10,4811,13
21-6-2022,12.72,Caustic,0,4,1112,10
25-12-2022,23.36,Ash,3,4,1965,5
9-6-2019,2.89,Bloodhound,6,8,4003,8
10-7-2021,4.6,Wattson,9,5,5119,17
29-3-2020,4.99,Mirage,7,11,4805,6
16-5-2021,12.9,Wraith,5,12,5966,14
24-9-2022,14.49,Ash,6,8,3847,1
16-9-2021,14.57,Crypto,1,1,618,10
16-12-2021,17.43,Valkyrie,9,7,4749,20
30-4-2022,8.76,Crypto,2,5,2148,2
23-4-2022,3.4,Gibraltar,6,3,3332,12
10-6-2019,16.75,Revenant,7,7,4438,20
28-10-2020,23.22,Ash,7,10,6120,19
31-5-2019,22.7,Crypto,8,11,5157,19
14-12-2020,28.39,Ash,1,3,1074,1
5-5-2020,18.24,Mad Maggie,5,3,2460,2
25-9-2021,28.0,Bloodhound,5,4,3152,13
21-3-2022,24.77,Valkyrie,9,4,4305,4
10-10-2019,20.61,Horizon,4,4,2366,11
6-1-2020,24.2,Bangalore,6,7,4091,7
14-7-2020,20.53,Mad Maggie,10,7,5581,11
7-4-2019,12.21,Valkyrie,3,2,1915,9
3-7-2022,8.89,Wattson,1,4,1254,9
6-5-2022,10.96,Rampart,3,2,1527,14
13-3-2020,14.76,Rampart,7,12,7354,3
10-4-2022,26.69,Wattson,9,8,5003,10
11-11-2020,27.34,Revenant,5,9,5112,19
30-3-2021,19.68,Mirage,6,9,4230,4
28-5-2019,9.89,Rampart,3,7,2615,16
31-1-2022,18.52,Mad Maggie,1,6,1857,3
21-3-2022,0.85,Caustic,7,3,4093,4
13-5-2020,10.18,Horizon,6,5,3351,14
6-6-2020,29.78,Bloodhound,5,7,3834,11
25-11-2022,18.02,Valkyrie,7,5,633,16
19-8-2020,19.73,Wattson,7,8,2790,16
17-12-2019,12.91,Caustic,4,1,972,13
8-3-2019,13.9,Rampart,2,10,1886,19
9-2-2019,23.66,Wattson,3,2,506,6
2-8-2020,17.55,Horizon,3,4,1534,6
15-5-2020,7.82,Caustic,8,4,1093,3
6-12-2019,1.61,Caustic,5,7,1068,5
9-1-2020,12.56,Ash,8,6,2609,9
16-11-2022,29.59,Horizon,7,0,554,16
3-5-2020,26.29,Lifeline,5,2,1475,11
21-12-2021,23.63,Mirage,4,5,1835,8
2-12-2020,2.87,Mad Maggie,5,5,1573,3
17-4-2022,6.03,Mad Maggie,5,4,989,19
17-7-2021,22.42,Caustic,7,10,2885,2
20-4-2021,13.88,Ash,8,9,1259,7
2-12-2019,21.91,Gibraltar,3,5,696,3
15-12-2022,13.51,Revenant,3,3,987,11
8-6-2022,12.15,Horizon,5,6,1047,10
7-12-2019,2.31,Caustic,4,4,1646,15
20-6-2019,9.13,Wraith,6,7,2317,10
4-4-2022,2.61,Valkyrie,6,8,2153,9
11-7-2022,24.52,Valkyrie,10,9,2852,8
26-6-2022,10.42,Caustic,6,4,1855,16
6-9-2021,0.6,Pathfinder,1,3,663,1
28-10-2021,28.98,Wraith,9,3,990,8
6-7-2022,6.59,Mirage,3,3,1387,14
4-7-2019,1.3,Revenant,4,8,1578,13
29-9-2019,3.45,Mad Maggie,10,11,1877,12
15-7-2019,28.51,Ash,8,16,2591,11
6-4-2020,13.87,Lifeline,4,1,1181,4
29-7-2019,15.59,Mad Maggie,2,10,2671,6
22-4-2022,7.25,Mad Maggie,4,4,869,1
21-6-2019,4.26,Mirage,5,4,1887,5
6-3-2019,7.63,Wattson,4,5,2026,10
18-11-2020,12.62,Crypto,11,9,3180,11
5-10-2022,29.67,Crypto,8,8,3827,12
30-10-2020,4.37,Mad Maggie,0,3,338,16
14-10-2019,20.11,Bloodhound,4,1,907,10
6-9-2021,23.17,Crypto,4,3,1547,9
4-4-2019,24.1,Wraith,5,6,1811,13
12-8-2021,6.42,Ash,4,8,1681,13
21-10-2022,19.54,Ash,5,7,2029,7
11-8-2022,3.31,Mirage,14,8,3790,2
10-11-2022,23.42,Mirage,4,0,948,13
9-6-2020,24.46,Gibraltar,2,3,1113,15
27-7-2021,4.83,Bloodhound,3,4,1486,8
6-7-2021,21.83,Mad Maggie,7,6,1632,16
9-7-2022,19.58,Rampart,6,4,1993,3
7-6-2020,9.86,Mirage,12,9,4981,10
13-8-2021,9.66,Mirage,13,6,3820,2
7-12-2019,22.28,Mad Maggie,4,1,1107,12
22-9-2021,4.31,Caustic,2,6,1044,8
24-4-2021,18.28,Caustic,3,4,1703,12
12-8-2019,12.66,Valkyrie,5,4,1364,4
24-11-2021,24.36,Horizon,7,4,1598,19
24-8-2021,21.91,Mirage,14,6,4782,11
29-10-2021,4.51,Octane,7,7,1715,3
30-1-2022,9.25,Valkyrie,9,6,2735,4
13-12-2019,28.8,Octane,6,1,1210,1
6-2-2021,24.26,Rampart,4,4,1238,15
18-6-2020,21.4,Wraith,4,7,1977,8
14-9-2020,7.32,Bloodhound,4,7,2492,11
10-7-2020,26.77,Mad Maggie,11,10,5429,14
4-8-2020,9.18,Pathfinder,6,7,2895,5
8-10-2020,6.22,Horizon,1,2,674,7
15-7-2021,4.27,Caustic,3,2,1034,1
21-4-2022,28.43,Pathfinder,4,4,1914,18
30-8-2020,26.65,Valkyrie,5,5,1218,4
16-11-2019,20.85,Revenant,10,5,2462,18
2-10-2019,29.52,Wattson,7,11,3431,8
5-11-2020,2.01,Rampart,12,8,4294,7
30-12-2020,12.35,Revenant,2,3,1206,19
23-8-2019,23.8,Octane,4,1,753,20
26-9-2022,21.64,Valkyrie,2,4,1110,2
18-7-2019,0.04,Bloodhound,3,4,1712,20
22-3-2020,3.77,Mad Maggie,12,9,3911,17
29-10-2022,28.54,Revenant,7,5,2597,12
31-5-2021,28.03,Pathfinder,8,11,2812,12
4-10-2022,13.6,Wraith,2,1,859,15
26-3-2020,4.99,Pathfinder,2,5,1071,12
22-5-2019,25.91,Mad Maggie,2,5,1085,13
18-7-2020,13.73,Rampart,5,3,2355,16
24-7-2021,13.6,Horizon,5,6,1966,19
20-12-2019,12.42,Bloodhound,6,5,2206,10
28-7-2019,1.42,Revenant,7,10,2513,20
24-7-2019,16.84,Wraith,7,3,2034,18
5-10-2020,15.71,Gibraltar,1,4,1056,17
21-6-2021,12.36,Lifeline,9,3,2589,7
17-7-2022,29.08,Horizon,6,6,1787,3
26-8-2022,9.12,Mirage,5,6,2814,17
22-7-2019,28.98,Valkyrie,6,7,2240,11
8-10-2019,25.03,Ash,11,7,2938,1
19-3-2021,21.86,Pathfinder,1,6,1164,16
11-7-2021,26.67,Caustic,2,2,732,11
7-1-2021,14.05,Ash,5,5,2147,10
5-4-2020,8.44,Caustic,4,7,2596,13
29-8-2022,19.67,Wraith,5,4,2785,5
29-11-2022,13.35,Octane,6,5,1867,15
8-2-2020,3.48,Bloodhound,6,6,3443,10
11-7-2019,1.83,Bloodhound,0,0,0,10
23-4-2020,26.21,Revenant,5,6,1964,7
5-6-2021,17.06,Revenant,3,2,1049,18
28-7-2019,2.73,Wattson,4,11,3227,14
10-2-2022,25.3,Wattson,5,7,3415,2
27-5-2021,16.86,Bangalore,7,8,4568,17
13-2-2019,25.1,Bangalore,6,9,3813,15
3-1-2021,6.13,Valkyrie,3,4,1374,14
4-7-2022,15.64,Mirage,2,3,1552,1
23-12-2022,21.19,Ash,5,6,1831,20
19-11-2020,16.67,Octane,3,3,1738,15
18-11-2020,17.42,Wattson,7,7,3404,15
20-11-2022,14.21,Valkyrie,5,14,5471,13
13-12-2020,19.97,Wraith,8,9,3415,14
22-2-2020,23.67,Mirage,2,3,1060,19
1-2-2022,7.45,Crypto,2,2,918,5
15-9-2020,19.67,Wraith,3,3,1632,18
6-5-2021,26.42,Revenant,6,11,5115,20
4-11-2021,22.02,Lifeline,8,5,3132,14
27-6-2021,10.61,Caustic,6,8,3660,20
6-8-2022,1.4,Pathfinder,9,6,4998,19
4-8-2020,9.06,Octane,6,6,3810,14
10-4-2022,2.6,Wattson,9,1,2128,2
3-4-2021,20.54,Octane,3,6,2663,8
3-6-2021,4.64,Caustic,3,4,2159,8
27-1-2020,27.54,Gibraltar,12,12,7813,8
30-10-2019,0.98,Bangalore,5,13,3649,16
16-4-2020,28.0,Mad Maggie,7,7,3990,10
9-1-2022,29.03,Bloodhound,4,4,1916,18
28-9-2019,1.04,Lifeline,1,1,536,13
29-7-2022,28.27,Wraith,8,5,3903,8
21-2-2022,8.4,Lifeline,3,5,2457,19
17-4-2019,5.79,Rampart,6,6,2765,14
17-2-2022,10.8,Mad Maggie,10,5,4452,9
7-11-2022,23.86,Mirage,9,8,3847,2
6-7-2021,9.89,Octane,5,4,2704,9
2-2-2021,16.12,Crypto,6,3,2107,17
2-8-2019,25.61,Horizon,2,6,2607,13
23-5-2020,2.88,Gibraltar,5,5,2456,1
26-10-2020,9.8,Horizon,5,11,3986,13
28-3-2019,2.19,Crypto,10,5,4295,4
27-9-2021,1.27,Mad Maggie,13,12,8187,10
11-12-2021,25.54,Gibraltar,7,3,2541,2
31-12-2022,27.9,Ash,8,1,2062,20
1-4-2021,17.87,Octane,4,4,1697,14
16-9-2019,7.01,Caustic,3,3,1590,11
14-5-2020,4.95,Wattson,4,9,3978,1
13-8-2020,1.93,Gibraltar,6,5,2227,10
18-7-2019,12.88,Mirage,8,6,5034,13
18-12-2019,17.12,Rampart,3,7,2430,18
22-12-2021,20.19,Mad Maggie,4,2,2081,6
20-11-2021,20.94,Valkyrie,4,2,1857,10
20-10-2019,6.84,Bangalore,3,3,1915,16
8-6-2020,16.12,Octane,7,9,3822,5
14-2-2021,28.06,Wraith,6,6,4402,8
22-4-2020,21.12,Revenant,8,16,8554,12
22-5-2021,24.9,Wattson,6,2,2676,18
2-11-2021,4.71,Revenant,5,8,3889,1
12-9-2021,7.65,Gibraltar,3,10,4039,2
2-9-2021,5.19,Pathfinder,6,3,2319,11
13-11-2022,17.98,Ash,5,6,3687,4
17-8-2022,11.12,Caustic,6,6,3040,6
11-4-2019,1.96,Ash,11,6,5985,6
16-6-2019,16.6,Ash,6,1,2163,16
9-11-2020,2.6,Pathfinder,1,5,2004,5
11-2-2022,14.44,Valkyrie,5,6,3956,3
31-8-2022,20.2,Revenant,5,8,3597,8
19-2-2019,10.3,Rampart,11,5,4193,16
2-1-2020,27.67,Wraith,7,5,3993,13
23-10-2021,29.28,Horizon,6,12,5395,2
1-6-2022,2.48,Octane,0,6,1575,2
16-6-2021,24.46,Bloodhound,3,7,2219,3
15-10-2020,26.82,Revenant,4,6,3045,9
1-11-2019,24.24,Revenant,4,10,3853,18
10-1-2020,7.51,Rampart,5,7,2985,18
14-7-2019,20.59,Mirage,5,6,3592,14
4-8-2020,14.8,Bangalore,6,8,4314,8
20-7-2021,27.05,Gibraltar,1,2,934,8
7-12-2020,2.58,Mad Maggie,8,6,3508,11
14-7-2021,26.38,Valkyrie,6,3,2153,7
14-5-2020,17.7,Bloodhound,5,8,3291,9
31-8-2021,20.51,Valkyrie,5,5,2987,5
12-3-2022,11.73,Wraith,8,6,3622,4
22-7-2022,18.97,Mad Maggie,8,7,5008,8
25-9-2021,16.95,Wattson,2,2,1221,12
22-6-2021,16.33,Mirage,7,1,2325,20
30-11-2020,20.81,Rampart,5,3,2629,6
18-8-2021,13.27,Crypto,3,6,3356,12
28-5-2020,16.27,Pathfinder,5,4,3460,19
22-11-2020,28.62,Crypto,13,12,8358,7
10-12-2020,22.82,Mad Maggie,6,6,3353,12
3-6-2019,18.96,Mirage,5,2,2277,4
8-2-2022,15.47,Caustic,3,4,2745,7
18-3-2019,3.84,Gibraltar,2,2,1524,7
26-1-2020,11.78,Horizon,6,7,4810,1
19-10-2021,25.9,Bangalore,5,7,4223,11
26-4-2022,1.35,Rampart,8,5,5221,13
5-7-2020,1.06,Lifeline,13,9,7290,10
3-6-2020,25.18,Mirage,0,3,1067,12
16-2-2019,28.95,Bangalore,7,3,2683,8
28-1-2021,23.34,Bangalore,11,9,1453,16
8-5-2021,8.48,Revenant,8,4,2523,1
13-10-2021,7.36,Rampart,6,5,1364,7
30-1-2020,14.49,Mirage,8,11,2910,3
24-5-2019,22.68,Bangalore,11,11,4301,18
15-8-2021,11.4,Bloodhound,4,2,1123,8
8-12-2022,19.53,Caustic,3,2,442,19
30-1-2022,28.36,Ash,9,3,2610,4
9-2-2022,7.23,Rampart,3,7,888,1
16-6-2020,19.22,Mad Maggie,6,10,2557,18
16-1-2021,28.24,Horizon,12,5,3440,9
3-5-2020,3.84,Bangalore,7,7,3124,19
8-7-2019,4.31,Bangalore,4,2,732,13
16-5-2022,16.55,Mad Maggie,4,2,1173,1
5-12-2021,17.91,Wraith,5,9,2235,19
4-8-2020,17.6,Wattson,9,6,2348,20
21-5-2022,13.92,Octane,7,8,1155,18
13-8-2021,5.5,Rampart,5,7,2386,3
18-11-2020,6.55,Bangalore,6,11,3105,10
8-9-2020,28.42,Gibraltar,1,2,371,20
2-3-2020,19.27,Octane,5,6,2209,1
31-5-2020,10.62,Mad Maggie,3,7,1806,5
1-11-2021,11.7,Rampart,5,7,2572,14
26-8-2019,15.67,Pathfinder,7,4,1868,17
16-3-2020,6.59,Bangalore,6,5,2342,19
28-6-2022,22.24,Pathfinder,10,6,2584,14
24-7-2019,13.0,Bangalore,2,3,1139,2
20-2-2019,13.54,Bloodhound,2,1,294,14
7-5-2022,3.71,Bloodhound,3,4,1281,7
25-11-2021,29.75,Horizon,8,5,2241,17
9-5-2021,29.81,Wraith,5,5,908,3
18-6-2022,17.0,Valkyrie,8,6,2038,12
10-6-2019,29.82,Gibraltar,8,9,2147,11
12-2-2021,15.04,Horizon,0,2,201,2
20-2-2020,5.79,Lifeline,2,4,897,11
30-6-2021,27.62,Crypto,4,6,1595,5
9-2-2019,25.2,Bangalore,6,5,1165,20
18-11-2019,0.55,Lifeline,9,6,2565,12
12-10-2019,0.11,Bloodhound,5,7,2362,16
16-6-2019,2.23,Mirage,8,6,3593,6
10-10-2022,21.93,Horizon,1,5,588,11
9-3-2021,5.77,Mirage,10,7,3210,10
26-5-2020,20.17,Octane,3,7,1926,15
12-12-2022,5.02,Wattson,3,5,1148,5
8-10-2020,18.03,Caustic,9,6,1686,18
24-12-2021,16.1,Gibraltar,8,10,2412,11
16-1-2021,0.27,Ash,6,9,3040,16
23-10-2020,10.34,Rampart,5,0,754,14
7-12-2021,7.19,Crypto,5,1,1480,20
25-4-2022,3.09,Revenant,3,8,1198,6
23-9-2020,23.5,Bloodhound,6,9,3767,10
31-1-2022,11.24,Wraith,4,5,1775,13
28-11-2019,28.16,Horizon,10,12,5437,14
21-12-2019,20.59,Crypto,8,10,3223,5
21-2-2022,27.49,Mirage,1,2,420,19
14-8-2021,11.06,Gibraltar,2,6,1883,13
5-3-2019,29.96,Lifeline,3,6,1807,6
2-2-2020,28.17,Bangalore,8,5,2034,1
9-10-2021,11.64,Bloodhound,4,7,2398,9
10-9-2022,15.81,Caustic,11,8,3734,13
11-5-2019,13.92,Octane,10,7,1974,1
15-6-2022,23.23,Mirage,2,0,526,13
11-10-2021,19.96,Crypto,6,3,1146,1
9-5-2022,16.2,Mirage,5,6,1633,17
23-10-2021,26.18,Mad Maggie,4,3,1910,11
25-1-2021,16.53,Wraith,6,5,2593,4
5-2-2020,9.25,Mad Maggie,6,5,2808,4
14-4-2020,15.58,Pathfinder,11,10,4101,7
7-2-2020,0.94,Mirage,4,4,1393,15
27-2-2022,12.94,Caustic,2,2,626,18
13-5-2021,11.66,Rampart,2,10,1860,8
29-3-2019,7.58,Wattson,5,3,2333,4
28-11-2020,18.9,Caustic,8,7,3042,17
23-9-2020,29.52,Wraith,11,11,3218,18
12-12-2020,25.78,Wraith,9,13,5415,5
1-2-2020,27.37,Lifeline,1,7,1008,8
22-11-2022,20.82,Valkyrie,8,3,1559,20
29-1-2020,10.69,Wraith,5,3,2190,1
20-10-2022,8.86,Valkyrie,4,7,1861,20
29-12-2019,0.05,Mirage,5,4,1953,13
1-10-2019,14.1,Bangalore,5,6,1557,4
15-11-2022,0.17,Horizon,11,6,4149,18
15-7-2019,2.02,Horizon,2,6,1822,17
13-2-2022,12.06,Caustic,5,1,1025,14
11-9-2021,28.18,Wattson,8,3,1677,17
18-2-2020,15.32,Mirage,3,5,1812,10
30-9-2021,8.37,Gibraltar,5,5,1495,4
24-8-2019,15.39,Caustic,6,14,5450,17
10-6-2021,7.48,Caustic,11,10,4243,5
22-1-2020,22.73,Wattson,2,4,1165,6
5-4-2022,7.44,Octane,3,1,1266,20
15-12-2021,17.75,Gibraltar,5,2,1095,5
17-3-2019,9.77,Crypto,4,6,2695,13
9-7-2019,0.87,Wattson,5,8,2380,17
15-12-2020,6.32,Horizon,6,9,3956,14
20-4-2022,7.31,Gibraltar,8,7,3716,19
24-8-2020,2.0,Mirage,0,4,1088,11
2-5-2020,1.42,Crypto,1,1,544,9
15-11-2020,24.37,Bloodhound,2,3,1292,9
27-3-2019,2.75,Revenant,10,5,4345,13
11-4-2022,2.1,Caustic,8,8,3270,9
9-4-2020,22.62,Revenant,12,5,4319,12
11-8-2022,8.48,Mad Maggie,6,13,5267,17
5-12-2021,13.22,Caustic,4,1,1383,6
17-3-2021,13.81,Lifeline,8,2,2981,3
10-12-2020,13.21,Bloodhound,3,3,1406,13
19-9-2019,17.59,Horizon,6,6,3590,8
3-9-2019,18.35,Bloodhound,13,4,5322,7
25-11-2020,12.55,Mirage,5,6,2834,19
11-12-2019,29.04,Mirage,8,9,4769,18
28-3-2022,0.11,Bangalore,0,4,639,13
22-9-2019,16.83,Bloodhound,4,5,2140,8
2-3-2022,22.84,Caustic,4,4,2596,3
28-8-2021,4.51,Rampart,5,5,2028,8
13-3-2020,18.89,Wattson,5,5,2230,5
21-7-2022,24.36,Horizon,6,8,4283,13
17-11-2022,2.42,Caustic,8,6,2794,9
17-10-2022,24.34,Ash,4,4,1574,14
24-5-2021,17.79,Mirage,3,1,1270,9
6-8-2020,22.69,Pathfinder,8,7,2620,9
23-7-2021,28.69,Ash,6,4,3243,7
17-12-2021,21.6,Ash,12,5,5794,1
23-2-2021,28.43,Ash,9,11,4036,11
13-7-2020,10.59,Octane,8,12,3744,2
5-3-2019,12.2,Bloodhound,0,1,222,10
26-10-2020,28.7,Ash,4,9,3544,16
5-11-2022,20.35,Horizon,5,4,2617,9
11-3-2021,10.13,Rampart,3,3,1796,4
27-5-2021,3.4,Mad Maggie,4,5,2474,14
14-7-2019,14.46,Rampart,5,8,3637,5
30-7-2021,28.03,Mirage,10,7,5353,19
23-12-2021,7.86,Ash,0,1,253,12
6-9-2020,0.51,Gibraltar,2,5,1674,19
19-7-2021,10.96,Revenant,5,2,2250,16
11-2-2022,25.24,Valkyrie,7,5,4115,19
3-12-2019,26.77,Ash,6,5,3266,6
22-9-2021,16.47,Rampart,7,6,4014,11
14-6-2022,13.95,Pathfinder,8,7,3271,9
11-6-2020,15.08,Gibraltar,1,1,692,1
4-11-2022,15.64,Crypto,2,4,1267,5
27-4-2020,7.48,Gibraltar,2,2,1343,6
16-10-2022,24.12,Octane,4,3,2345,16
25-3-2021,0.79,Rampart,6,6,3653,7
14-7-2019,3.23,Wattson,8,5,3405,1
1-7-2020,19.57,Gibraltar,7,9,3742,17
20-12-2020,20.08,Ash,5,4,2886,8
18-6-2021,29.63,Wraith,2,10,3788,11
11-11-2021,23.42,Pathfinder,6,8,3243,3
6-11-2019,22.42,Lifeline,3,10,3721,15
6-9-2022,13.86,Mirage,9,5,3019,13
23-11-2019,25.05,Crypto,6,13,5234,5
18-2-2022,20.94,Crypto,9,6,4938,19
16-8-2019,17.3,Valkyrie,9,3,4453,4
25-9-2019,11.51,Revenant,2,2,1317,10
10-12-2022,15.82,Bangalore,3,3,1266,4
18-9-2020,11.06,Rampart,10,6,5366,15
18-1-2022,8.46,Crypto,6,5,3013,7
25-9-2020,8.15,Horizon,9,5,3375,2
7-3-2021,22.22,Horizon,8,7,3545,1
4-7-2019,13.83,Horizon,6,0,1571,2
21-10-2022,23.35,Horizon,4,3,1624,3
22-10-2019,24.31,Pathfinder,8,6,5277,18
6-6-2021,29.8,Bangalore,6,4,2576,16
6-8-2021,0.19,Gibraltar,7,4,2689,3
22-6-2021,13.74,Mirage,15,6,6832,10
25-12-2022,21.78,Bloodhound,9,6,3611,8
25-8-2022,2.37,Pathfinder,3,2,1476,13
21-8-2022,5.53,Ash,1,1,721,16
28-1-2021,10.31,Bangalore,5,3,2608,9
8-9-2021,16.06,Gibraltar,5,8,4802,9
16-11-2019,11.12,Pathfinder,7,4,2562,1
10-3-2021,3.61,Mad Maggie,5,7,3258,4
9-6-2021,26.06,Horizon,7,12,6386,18
27-5-2022,16.46,Bloodhound,3,2,1340,9
7-10-2019,7.29,Wattson,8,1,2385,17
10-1-2021,4.5,Pathfinder,4,7,3635,19
22-8-2019,20.06,Ash,5,6,2838,13
23-10-2019,6.61,Ash,4,12,5714,12
7-9-2021,6.03,Ash,8,8,3829,15
19-1-2021,7.87,Bloodhound,11,6,4192,8
8-6-2020,2.09,Valkyrie,6,1,2843,6
31-12-2020,20.01,Ash,2,2,1526,7
14-4-2022,24.86,Mad Maggie,6,2,2760,17
19-7-2019,13.22,Gibraltar,3,6,2165,17
21-2-2022,20.52,Wattson,10,5,3680,3
10-9-2021,28.93,Gibraltar,7,7,3479,15
15-4-2019,3.78,Octane,6,8,3931,14
12-3-2019,3.28,Crypto,6,1,2431,1
16-5-2021,10.05,Lifeline,6,3,3118,6
22-4-2020,21.7,Bangalore,10,3,3302,14
14-4-2020,25.58,Pathfinder,5,6,3050,17
22-10-2021,1.71,Bloodhound,5,5,2778,16
3-9-2021,13.28,Lifeline,6,9,5803,20
6-3-2022,14.47,Valkyrie,7,15,6910,7
22-6-2022,18.65,Valkyrie,3,1,1198,19
26-7-2020,2.51,Gibraltar,1,3,1075,3
10-11-2020,24.6,Valkyrie,4,2,2305,19
15-2-2019,3.76,Bloodhound,7,3,3123,5
30-3-2021,11.54,Bangalore,7,6,4116,18
8-12-2022,28.2,Bloodhound,11,6,6718,7
7-10-2022,13.5,Bangalore,6,7,1176,20
2-4-2021,27.41,Bloodhound,6,3,1095,16
31-8-2022,16.86,Mad Maggie,1,7,1008,16
3-8-2022,9.93,Pathfinder,6,6,959,12
13-2-2021,3.34,Mirage,3,8,1781,15
10-10-2019,21.47,Ash,8,12,3189,8
5-5-2019,20.12,Bangalore,7,6,977,16
9-11-2022,7.64,Revenant,6,11,1888,13
15-4-2021,29.65,Mad Maggie,5,2,1649,15
18-3-2021,1.37,Wattson,3,3,780,5
16-5-2020,26.44,Lifeline,6,6,2206,2
23-10-2020,29.41,Wattson,4,6,1206,15
15-7-2020,23.15,Mad Maggie,11,4,2039,10
18-10-2022,3.14,Valkyrie,5,6,1778,11
4-11-2022,2.19,Valkyrie,9,6,1301,11
28-8-2019,21.37,Wraith,2,3,871,12
9-4-2020,28.8,Lifeline,1,3,730,15
18-6-2022,5.97,Crypto,2,4,1307,7
23-7-2021,12.61,Bangalore,9,6,2672,9
12-9-2020,5.16,Caustic,4,4,1464,6
28-4-2020,19.17,Mad Maggie,9,11,2119,5
14-5-2019,21.97,Rampart,6,15,3024,15
14-9-2020,20.3,Valkyrie,2,2,664,11
16-5-2020,10.17,Revenant,4,2,1289,12
20-3-2021,23.28,Bloodhound,3,5,1710,9
26-11-2021,17.46,Ash,8,4,2465,5
21-7-2021,8.08,Revenant,6,5,1673,8
18-5-2021,23.45,Mirage,6,10,2988,10
6-11-2020,2.63,Octane,7,6,2651,20
27-1-2020,3.63,Bangalore,0,3,403,15
14-4-2020,25.3,Revenant,3,3,810,20
19-10-2019,1.95,Mirage,2,2,717,3
16-9-2021,28.93,Ash,6,4,1485,9
16-7-2022,9.88,Gibraltar,4,8,2374,9
17-7-2021,9.5,Bangalore,13,6,4423,12
15-12-2021,19.72,Octane,9,11,2074,4
12-6-2020,7.1,Octane,0,0,0,1
25-7-2019,28.22,Horizon,4,3,1009,17
23-7-2021,23.09,Revenant,6,3,2154,2
7-8-2021,21.36,Pathfinder,11,3,3592,15
30-3-2020,11.08,Lifeline,4,5,849,9
15-12-2022,11.8,Bangalore,5,9,2357,17
30-5-2019,9.15,Crypto,6,7,1686,20
23-4-2021,13.85,Bangalore,0,8,989,5
1-1-2021,24.05,Wraith,2,3,871,13
16-4-2022,23.86,Horizon,4,5,1796,6
24-10-2021,11.36,Ash,7,3,1519,14
3-9-2022,16.39,Valkyrie,5,8,3022,18
28-4-2022,24.34,Mirage,7,6,1485,2
18-8-2021,25.59,Crypto,15,15,6081,6
21-11-2019,2.81,Wattson,3,2,787,8
24-10-2022,22.41,Valkyrie,3,3,1239,13
18-2-2022,20.76,Crypto,3,3,1174,16
22-6-2019,0.0,Mad Maggie,9,5,2802,1
5-7-2022,17.72,Valkyrie,9,6,2085,2
13-12-2019,28.63,Gibraltar,7,6,1852,16
26-9-2020,28.88,Crypto,11,8,3978,15
6-8-2020,29.38,Mad Maggie,1,1,300,3
6-12-2020,5.23,Lifeline,4,6,2080,14
19-6-2020,23.51,Gibraltar,4,9,1650,12
22-6-2019,21.99,Pathfinder,5,4,2381,12
15-11-2019,18.87,Revenant,9,10,4841,14
6-3-2019,25.14,Revenant,16,8,5213,2
22-4-2021,25.56,Mirage,12,7,3767,6
24-2-2020,12.97,Octane,7,2,1735,19
4-10-2022,15.31,Rampart,3,2,645,7
11-8-2020,11.48,Rampart,8,4,2773,5
6-5-2022,21.11,Crypto,7,12,4588,3
27-6-2020,15.38,Lifeline,10,4,2749,5
26-7-2019,4.93,Gibraltar,6,11,2230,9
15-10-2019,14.28,Rampart,7,9,2452,12
22-7-2020,2.97,Bloodhound,0,4,721,9
26-5-2019,17.83,Pathfinder,2,7,1199,2
8-12-2019,25.31,Pathfinder,4,2,1678,7
30-7-2019,4.85,Mirage,6,10,2166,11
7-8-2022,21.0,Ash,5,4,1500,19
1-6-2021,14.58,Wattson,7,5,2633,7
17-9-2019,26.62,Revenant,9,9,2714,14
17-3-2022,18.81,Caustic,2,1,552,12
3-10-2020,1.74,Crypto,5,3,2052,20
14-10-2019,27.25,Lifeline,11,6,2399,7
3-12-2020,8.31,Horizon,3,3,1605,14
26-9-2021,25.63,Valkyrie,5,13,4041,5
18-4-2022,12.93,Wraith,5,9,2505,6
4-9-2022,7.92,Octane,9,6,3916,7
3-2-2021,15.76,Bloodhound,1,1,351,19
5-6-2020,11.79,Bloodhound,4,2,1464,11
30-10-2020,23.52,Caustic,3,5,1959,17
1-1-2020,21.2,Mad Maggie,10,4,2574,8
7-5-2019,4.59,Caustic,4,6,2384,1
21-3-2022,27.22,Horizon,9,6,2717,2
9-4-2019,26.4,Valkyrie,9,7,2841,16
20-12-2019,5.74,Ash,5,4,2557,14
1-10-2019,18.12,Ash,4,7,2121,1
19-10-2022,8.1,Bloodhound,5,2,1901,9
5-4-2020,17.81,Caustic,6,11,2936,7
31-5-2021,8.39,Bangalore,4,11,2231,12
10-11-2022,2.96,Ash,5,7,2607,9
13-3-2022,5.12,Caustic,8,6,3368,6
9-3-2020,28.23,Crypto,7,2,1732,11
17-8-2021,23.29,Ash,2,7,2728,1
11-12-2019,13.26,Bangalore,4,7,2753,15
9-2-2019,24.81,Horizon,4,3,1881,4
26-5-2022,19.96,Mirage,6,4,2043,19
29-11-2022,17.15,Wraith,6,7,2249,14
19-5-2020,12.62,Ash,7,11,4203,19
28-4-2022,28.52,Wraith,5,7,2380,2
25-6-2022,11.16,Crypto,5,2,1900,3
8-9-2020,11.23,Octane,4,7,2708,15
30-8-2021,25.11,Mirage,10,5,4201,20
6-8-2019,0.68,Crypto,4,11,2733,12
2-12-2019,3.04,Wraith,10,8,3206,5
21-6-2019,2.23,Wattson,7,10,3686,1
12-11-2020,4.88,Bloodhound,5,0,1091,2
30-7-2019,15.45,Lifeline,1,3,1092,1
4-11-2021,3.45,Mirage,2,7,1833,20
28-3-2021,25.93,Revenant,12,5,4440,19
29-3-2019,19.37,Bloodhound,7,8,2987,15
24-12-2019,7.7,Gibraltar,11,6,4644,8
12-4-2021,10.83,Horizon,9,8,3185,11
29-9-2019,11.31,Crypto,1,1,488,19
18-8-2022,21.63,Valkyrie,6,5,2714,5
15-3-2021,3.68,Valkyrie,4,5,1815,15
30-8-2019,2.59,Pathfinder,7,4,2972,8
5-11-2021,9.02,Horizon,8,4,3497,6
27-1-2021,24.39,Caustic,11,10,4943,4
7-10-2022,19.6,Mad Maggie,13,13,8246,2
16-8-2020,17.98,Lifeline,2,1,837,4
10-5-2022,5.99,Mad Maggie,1,7,2091,11
8-8-2022,10.18,Lifeline,4,8,2206,4
6-9-2022,27.24,Ash,12,5,5457,9
13-12-2022,18.5,Caustic,6,12,4794,12
16-11-2022,3.38,Ash,7,7,3770,5
4-4-2022,2.82,Lifeline,10,7,4057,1
8-5-2020,7.16,Ash,5,0,1211,1
19-10-2020,19.82,Valkyrie,1,2,845,19
18-7-2022,3.64,Mad Maggie,10,2,4098,2
28-1-2020,22.0,Wraith,4,6,2336,14
26-6-2020,15.51,Caustic,7,4,3474,13
6-1-2020,11.8,Crypto,6,8,3467,15
14-8-2019,0.85,Ash,7,13,5539,4
26-12-2020,5.21,Rampart,3,0,703,11
28-4-2019,0.77,Bangalore,7,2,3188,3
21-3-2022,14.43,Revenant,3,6,2058,6
1-9-2020,2.64,Caustic,8,8,5437,8
13-1-2022,7.95,Wraith,8,8,4210,3
29-3-2021,22.14,Mad Maggie,6,6,3155,13
7-1-2020,28.88,Pathfinder,11,6,3963,14
13-6-2019,1.56,Bloodhound,3,7,2517,17
29-3-2022,8.91,Mad Maggie,3,4,2088,8
31-10-2021,20.17,Crypto,3,3,1364,2
8-5-2020,22.95,Caustic,7,6,4519,2
13-5-2022,2.23,Rampart,4,6,3203,4
2-4-2021,6.09,Valkyrie,7,5,2581,6
13-8-2020,1.13,Wattson,6,10,3588,8
17-6-2020,22.31,Caustic,1,2,1079,12
8-7-2019,21.93,Bloodhound,3,2,1205,2
26-7-2019,7.73,Bangalore,6,3,2431,4
26-8-2022,14.73,Crypto,8,3,2532,20
8-9-2020,6.63,Octane,4,5,2962,6
20-11-2019,0.76,Crypto,6,9,5519,11
8-10-2020,19.48,Mirage,9,11,6792,2
1-4-2019,6.12,Horizon,0,6,1874,19
3-4-2022,28.52,Lifeline,3,5,1750,4
29-11-2019,11.22,Horizon,2,3,1494,6
20-1-2020,25.99,Mad Maggie,11,10,6732,13
22-4-2019,23.13,Wattson,5,4,3010,17
20-9-2021,27.33,Wattson,7,7,3583,2
19-5-2020,28.88,Lifeline,9,14,7651,14
6-10-2020,17.73,Mirage,6,2,2405,20
24-12-2021,19.1,Revenant,2,1,855,14
15-7-2019,19.75,Ash,8,2,3809,7
23-10-2019,28.45,Mirage,5,7,3445,11
8-8-2020,10.86,Bloodhound,4,5,2668,15
2-5-2021,2.36,Gibraltar,8,6,5348,7
3-8-2019,7.64,Horizon,13,8,5366,16
10-12-2020,18.59,Gibraltar,1,1,607,18
27-7-2019,5.08,Crypto,5,1,1774,3
5-7-2022,11.38,Ash,3,6,3027,8
15-4-2021,20.74,Lifeline,7,4,3574,6
10-8-2021,25.63,Pathfinder,7,7,3447,15
12-2-2021,19.72,Bangalore,5,6,4219,12
18-9-2019,3.5,Lifeline,10,7,4124,17
11-5-2022,26.42,Pathfinder,1,2,1136,3
8-7-2020,20.19,Rampart,4,1,1902,15
19-8-2020,9.86,Pathfinder,2,3,1964,15
26-7-2022,21.45,Wattson,5,4,2648,3
3-1-2021,6.57,Mirage,5,12,5576,6
27-1-2021,3.4,Octane,8,7,4173,4
27-11-2021,13.03,Mirage,8,12,6881,14
9-2-2020,13.4,Wattson,3,1,1458,10
26-7-2019,15.14,Valkyrie,2,2,1295,12
26-3-2021,21.69,Revenant,5,3,3245,9
7-12-2019,10.2,Gibraltar,6,3,3670,3
3-1-2022,20.95,Caustic,7,7,4129,9
2-11-2020,27.91,Bangalore,7,5,3949,17
5-10-2020,7.41,Gibraltar,10,12,8566,16
31-10-2022,1.43,Lifeline,1,0,333,9
30-9-2022,22.05,Octane,2,5,1899,8
21-8-2021,2.28,Valkyrie,7,2,3717,20
6-9-2020,17.9,Lifeline,10,7,1759,13
15-1-2021,23.57,Rampart,5,5,1115,10
30-1-2022,16.51,Wraith,11,7,3802,3
16-1-2022,24.93,Octane,7,8,946,15
19-5-2021,23.44,Rampart,1,0,256,8
30-1-2021,21.25,Crypto,1,4,950,19
5-9-2020,15.99,Valkyrie,2,2,812,17
9-7-2022,1.45,Horizon,3,3,843,5
5-4-2021,16.94,Valkyrie,5,5,1126,7
30-7-2021,25.36,Horizon,9,7,1748,11
14-4-2021,2.74,Bangalore,6,8,3128,6
3-8-2022,20.78,Valkyrie,2,2,572,11
26-3-2021,7.76,Lifeline,2,6,1157,3
25-1-2020,16.99,Ash,2,10,1385,14
8-9-2020,17.17,Lifeline,6,3,1357,16
17-5-2022,15.46,Lifeline,6,5,2297,4
11-8-2019,26.62,Mirage,7,7,1049,11
14-11-2021,11.86,Wattson,6,8,1381,1
11-7-2022,11.47,Bangalore,1,1,272,9
11-11-2021,27.97,Pathfinder,6,7,1669,12
10-4-2021,29.26,Crypto,7,7,2523,2
3-4-2022,2.11,Gibraltar,10,5,3322,3
18-4-2022,27.84,Bangalore,8,11,2451,4
24-10-2019,13.26,Pathfinder,12,5,2268,19
29-6-2021,19.81,Wraith,8,10,3253,4
3-10-2020,17.8,Gibraltar,0,1,99,12
13-7-2020,26.04,Crypto,2,2,671,7
29-3-2020,20.18,Lifeline,4,6,1261,2
23-6-2022,21.26,Bangalore,7,7,2433,1
26-4-2022,1.32,Bangalore,9,5,3109,3
26-3-2019,17.32,Wraith,13,7,5008,3
11-6-2021,20.32,Valkyrie,9,11,2296,9
16-3-2021,5.22,Bloodhound,0,9,750,11
13-8-2019,22.0,Gibraltar,4,7,988,9
2-10-2022,19.05,Ash,3,10,1894,16
8-10-2020,23.27,Bangalore,3,7,2266,15
28-9-2019,27.03,Wraith,8,5,2284,13
21-10-2021,12.21,Caustic,7,7,1438,9
23-7-2022,16.63,Mirage,9,8,3795,2
21-3-2022,6.5,Bangalore,5,0,653,13
13-3-2022,18.72,Valkyrie,4,5,1177,2
5-8-2022,28.96,Rampart,2,7,1805,10
26-1-2021,14.58,Valkyrie,9,4,1666,5
14-6-2022,23.86,Horizon,4,7,2089,3
10-9-2019,5.34,Caustic,12,5,4135,16
30-4-2022,14.32,Lifeline,10,6,2543,18
3-6-2019,16.01,Bloodhound,2,8,959,8
15-2-2021,19.73,Mad Maggie,1,2,594,20
4-3-2022,26.35,Pathfinder,4,3,987,16
17-9-2019,2.92,Gibraltar,6,5,1768,1
31-3-2021,8.34,Ash,7,4,1261,3
24-6-2022,4.44,Valkyrie,6,5,1521,7
26-1-2021,20.73,Octane,11,8,4412,16
21-8-2019,9.38,Wattson,1,0,280,9
16-6-2021,6.6,Valkyrie,2,3,1069,9
23-1-2021,25.63,Wraith,3,3,854,17
15-3-2019,13.48,Ash,6,10,3450,4
16-5-2021,16.43,Bangalore,5,5,1174,15
5-1-2020,16.9,Bangalore,5,6,1249,1
30-3-2019,21.4,Ash,6,6,3178,11
12-10-2021,1.96,Horizon,1,1,243,9
19-12-2019,23.52,Mad Maggie,3,2,1310,16
8-10-2019,21.99,Caustic,7,6,3433,12
18-2-2022,7.1,Valkyrie,5,11,3099,17
31-10-2019,2.2,Ash,4,4,1557,7
27-9-2022,16.61,Rampart,5,8,3419,1
16-4-2021,27.75,Horizon,14,7,4787,4
16-5-2020,13.53,Gibraltar,5,6,2235,15
7-12-2022,2.23,Wattson,9,3,2264,20
5-8-2021,1.93,Crypto,7,2,2588,14
10-8-2022,17.51,Valkyrie,8,5,2001,5
27-1-2022,16.28,Rampart,13,8,5966,13
22-8-2020,5.33,Valkyrie,5,7,2491,2
12-4-2020,7.72,Pathfinder,9,9,2478,5
6-11-2020,24.58,Bloodhound,1,7,1720,15
10-2-2022,19.86,Wraith,1,4,812,2
5-9-2021,19.93,Ash,2,4,930,7
6-9-2022,21.45,Bangalore,3,3,899,11
24-11-2020,16.86,Mad Maggie,6,4,1846,20
13-5-2022,5.28,Revenant,8,9,2683,7
5-1-2020,8.61,Mirage,10,7,4091,1
16-10-2021,24.08,Valkyrie,6,2,2333,8
2-7-2022,6.62,Octane,7,1,1431,15
5-5-2019,10.68,Gibraltar,4,2,943,15
14-3-2020,6.16,Mad Maggie,4,5,1334,9
8-6-2019,7.99,Wraith,4,9,1788,2
24-10-2020,12.01,Rampart,5,5,1666,20
9-10-2019,20.1,Bangalore,10,13,4302,5
26-8-2019,2.97,Mad Maggie,0,2,314,20
5-3-2022,7.1,Rampart,2,3,925,5
21-5-2022,12.65,Gibraltar,4,7,2635,20
4-11-2019,5.58,Octane,4,6,2283,17
25-6-2022,18.85,Crypto,7,6,3936,14
20-11-2022,3.94,Wraith,7,5,2323,13
14-5-2019,16.12,Horizon,10,9,5062,19
10-8-2021,4.24,Valkyrie,1,0,223,6
18-11-2021,0.19,Horizon,1,8,1364,3
19-11-2020,2.28,Octane,3,2,1109,18
14-5-2021,27.46,Bloodhound,5,10,4469,2
28-9-2019,20.76,Pathfinder,4,10,2500,6
20-7-2021,4.33,Caustic,8,8,4727,7
17-12-2020,12.58,Crypto,10,13,3586,5
8-3-2020,19.66,Octane,4,6,2092,13
22-9-2021,24.53,Valkyrie,4,5,1652,4
15-5-2020,21.05,Pathfinder,10,4,2752,4
13-2-2020,10.62,Bangalore,9,7,4138,1
22-6-2020,11.89,Horizon,11,5,2814,8
15-5-2020,12.76,Gibraltar,5,7,2029,7
18-12-2022,22.05,Caustic,6,14,5026,14
7-11-2019,7.6,Wattson,2,0,660,17
24-11-2020,12.26,Pathfinder,2,2,1229,2
26-1-2021,20.55,Revenant,3,6,2403,10
23-3-2022,11.17,Valkyrie,8,3,2476,18
4-4-2022,20.92,Mirage,7,7,2413,18
23-10-2019,2.77,Ash,6,5,3191,18
25-7-2020,28.28,Mad Maggie,11,8,3311,17
26-1-2020,17.3,Pathfinder,1,6,2099,12
9-9-2019,28.62,Octane,4,4,2176,19
24-3-2021,20.81,Rampart,3,2,1623,20
20-3-2022,7.37,Bloodhound,3,6,2166,17
26-11-2021,27.09,Crypto,11,12,5617,11
6-4-2020,12.92,Ash,10,14,4629,11
17-5-2020,18.21,Wraith,11,7,3542,2
7-10-2022,8.41,Caustic,0,2,376,13
15-10-2022,14.94,Octane,7,1,1848,2
6-5-2019,11.3,Pathfinder,10,6,3922,14
16-10-2019,1.03,Horizon,8,3,3306,5
27-11-2021,3.91,Pathfinder,8,5,2907,8
5-2-2021,13.21,Horizon,7,7,3009,19
21-12-2019,21.77,Bangalore,10,7,5352,15
23-5-2020,18.62,Ash,0,7,2139,5
13-6-2021,29.59,Valkyrie,3,2,1685,7
2-5-2022,25.34,Wraith,4,9,4143,16
3-12-2022,26.82,Wraith,5,9,2832,3
12-12-2019,23.15,Wattson,7,9,4014,18
26-3-2020,2.99,Pathfinder,5,14,3999,16
9-4-2019,8.26,Wraith,8,9,5214,5
7-5-2020,20.75,Wraith,5,8,3630,12
28-11-2020,7.63,Mad Maggie,4,2,1731,3
18-4-2020,16.46,Mad Maggie,4,6,1969,1
13-10-2021,15.63,Revenant,5,7,2923,8
22-1-2022,12.44,Wattson,8,5,3930,2
21-5-2022,8.59,Mad Maggie,6,5,2804,17
6-12-2019,22.29,Wattson,8,9,5520,5
22-3-2019,2.56,Gibraltar,0,3,668,12
25-6-2019,0.94,Pathfinder,1,1,485,16
27-12-2022,9.02,Horizon,6,2,1977,9
16-7-2022,7.91,Rampart,4,3,2395,8
6-12-2019,3.84,Gibraltar,8,4,2579,1
9-4-2021,1.55,Wattson,5,6,3668,1
15-12-2019,9.41,Pathfinder,9,9,5636,8
1-7-2021,17.09,Gibraltar,1,2,659,20
28-10-2020,13.23,Ash,1,10,2785,17
24-12-2020,23.71,Lifeline,5,5,2581,3
4-9-2022,7.72,Pathfinder,3,4,1604,3
11-6-2019,8.06,Bangalore,9,5,4478,14
8-4-2022,18.79,Lifeline,7,9,4927,15
10-10-2019,6.28,Pathfinder,9,9,5033,9
9-11-2021,16.67,Crypto,2,0,483,8
14-2-2022,28.96,Caustic,6,2,2465,20
6-5-2019,10.22,Ash,7,8,5506,4
15-11-2021,9.6,Mad Maggie,4,3,2232,1
15-12-2022,14.85,Caustic,7,6,2978,15
14-9-2021,18.98,Rampart,8,10,6737,5
13-2-2020,3.49,Valkyrie,6,6,3298,4
29-6-2020,10.6,Octane,5,6,2475,4
22-2-2020,28.42,Bloodhound,3,6,2222,14
9-4-2020,27.5,Pathfinder,4,3,2211,20
29-4-2022,20.65,Horizon,11,5,4047,5
31-12-2019,10.04,Horizon,7,4,3865,10
8-10-2021,15.16,Rampart,6,5,4063,9
3-4-2019,5.16,Wraith,10,6,5159,5
31-7-2019,24.43,Mad Maggie,2,6,1835,20
8-8-2021,25.18,Octane,4,1,1687,15
2-11-2020,16.16,Valkyrie,3,4,2546,13
16-7-2021,20.42,Valkyrie,6,6,3802,9
27-1-2020,16.99,Valkyrie,4,7,3339,6
4-8-2021,29.77,Rampart,5,6,4139,16
7-9-2019,20.66,Caustic,8,12,5149,12
16-8-2019,21.6,Ash,1,5,1793,14
23-7-2021,8.75,Wraith,6,1,2385,3
30-8-2022,0.87,Caustic,4,4,2782,4
5-10-2019,3.9,Pathfinder,5,6,3256,20
23-10-2022,6.51,Bloodhound,6,8,4820,20
14-10-2021,26.9,Lifeline,11,9,5872,7
13-7-2019,8.75,Crypto,7,8,4927,3
22-9-2020,23.74,Mad Maggie,2,6,2605,9
3-3-2019,1.97,Horizon,1,6,2010,10
20-7-2020,8.93,Lifeline,2,2,1245,20
28-5-2020,22.77,Horizon,5,4,2908,17
13-10-2020,21.97,Lifeline,5,5,2439,20
9-3-2019,2.26,Revenant,10,8,6153,12
14-6-2022,7.76,Mirage,13,10,6799,10
15-12-2020,1.92,Bangalore,0,0,0,1
21-10-2021,7.97,Revenant,4,8,3875,10
1-6-2020,2.52,Crypto,4,2,2204,9
30-9-2019,26.12,Horizon,7,4,3268,14
26-8-2021,14.19,Pathfinder,7,5,3705,16
27-2-2021,9.35,Bangalore,6,6,3732,1
20-10-2022,25.62,Caustic,7,11,6881,20
3-7-2020,22.8,Pathfinder,1,4,772,18
28-10-2021,22.94,Mirage,4,8,1946,15
6-1-2022,22.76,Ash,4,4,1463,10
16-9-2019,6.31,Bloodhound,3,7,966,20
29-1-2021,29.98,Crypto,8,5,1412,5
22-5-2022,26.9,Crypto,7,6,1611,13
16-2-2020,18.06,Valkyrie,10,9,3563,5
24-7-2021,22.22,Horizon,1,3,819,16
30-1-2022,14.28,Revenant,7,4,1307,9
14-12-2021,20.98,Wattson,9,4,2624,15
8-6-2020,2.84,Mad Maggie,11,3,2866,1
11-3-2020,22.3,Crypto,7,9,1268,12
16-11-2019,28.28,Lifeline,5,13,3729,19
10-5-2022,11.23,Lifeline,8,6,2117,5
11-9-2021,28.07,Rampart,1,5,792,6
17-3-2021,29.09,Crypto,6,3,1251,2
22-12-2021,19.48,Bangalore,7,3,1193,4
28-2-2020,2.26,Horizon,4,4,1139,4
23-1-2021,19.63,Mad Maggie,6,13,4010,20
8-2-2021,21.8,Caustic,7,6,1981,2
12-8-2020,23.76,Ash,9,8,3698,1
3-11-2021,16.73,Mad Maggie,6,8,3143,5
13-6-2019,22.46,Crypto,1,7,684,11
1-3-2021,27.68,Wattson,4,3,1034,4
8-7-2019,6.8,Revenant,12,3,3601,9
23-6-2021,2.36,Ash,9,4,3094,7
6-10-2019,24.14,Pathfinder,8,7,2694,10
14-6-2020,10.86,Ash,7,8,2692,18
15-11-2019,29.25,Mad Maggie,3,4,1289,14
21-2-2019,28.1,Octane,7,5,2516,2
30-10-2022,21.32,Pathfinder,3,6,1451,14
2-1-2021,5.46,Rampart,9,7,3850,13
30-12-2019,8.29,Bangalore,5,7,2071,15
6-2-2022,16.32,Wraith,10,7,1984,17
4-5-2020,17.34,Wraith,10,9,1945,3
9-4-2021,26.69,Horizon,4,2,1213,10
24-12-2019,6.42,Revenant,4,1,546,16
19-1-2020,27.56,Caustic,7,11,3994,4
2-12-2022,7.55,Bangalore,3,7,1951,10
1-5-2022,29.17,Bloodhound,5,5,1520,8
29-11-2021,21.07,Wraith,8,6,3128,3
1-7-2022,2.82,Bangalore,11,14,2397,10
14-1-2021,13.2,Revenant,3,3,1477,20
11-10-2021,3.38,Crypto,3,5,804,4
21-1-2022,14.6,Pathfinder,5,3,1207,1
23-9-2021,23.21,Ash,6,8,2794,15
31-10-2020,12.55,Caustic,9,9,2851,20
20-12-2020,26.6,Crypto,5,9,3116,1
29-5-2020,23.66,Horizon,13,9,3692,6
12-7-2022,23.23,Horizon,1,0,194,11
13-12-2022,20.79,Valkyrie,3,3,1557,20
15-6-2021,25.39,Caustic,5,7,1639,2
6-9-2022,5.21,Wraith,4,3,1286,9
10-6-2022,16.87,Bangalore,4,5,1585,15
25-1-2021,14.53,Wattson,9,6,3874,18
11-3-2019,7.16,Caustic,6,7,2754,1
30-8-2021,10.76,Ash,0,3,484,16
27-12-2019,0.59,Rampart,3,3,1129,9
1-2-2021,3.49,Horizon,2,3,1181,3
16-10-2020,12.64,Caustic,3,3,1303,10
14-10-2020,13.52,Crypto,10,9,2368,15
10-2-2019,9.53,Octane,9,9,2679,12
20-5-2022,15.69,Caustic,11,6,2483,8
10-10-2022,20.48,Octane,3,5,1620,15
28-8-2019,10.5,Revenant,10,10,2516,7
23-8-2019,6.73,Lifeline,3,5,926,8
27-8-2021,1.26,Gibraltar,5,5,1409,11
18-5-2020,6.94,Octane,5,7,3118,6
28-5-2022,26.35,Gibraltar,8,6,3357,10
15-7-2019,2.44,Horizon,13,8,5961,15
11-2-2021,2.31,Ash,1,0,192,2
16-9-2020,6.58,Mirage,1,2,641,18
13-6-2020,27.23,Wraith,6,3,2557,10
21-1-2022,25.11,Revenant,6,4,2820,14
20-10-2021,23.28,Crypto,8,5,3782,7
22-4-2021,28.93,Octane,7,8,2770,1
10-12-2019,23.66,Valkyrie,8,10,4160,15
31-12-2019,0.62,Revenant,0,1,146,20
6-4-2022,24.94,Rampart,9,2,3071,13
22-5-2021,3.18,Octane,3,6,2602,19
22-12-2022,22.56,Lifeline,6,5,2539,3
10-3-2019,29.92,Wattson,7,4,1835,10
10-2-2019,12.76,Wattson,7,5,3405,20
7-8-2019,4.31,Revenant,10,12,4605,16
22-5-2022,10.02,Bangalore,3,1,1135,9
5-4-2021,4.88,Horizon,4,2,1572,8
23-4-2019,29.73,Bloodhound,3,4,1025,1
8-2-2020,0.82,Gibraltar,5,4,1296,15
12-7-2020,18.09,Horizon,5,10,3714,11
20-9-2022,6.84,Octane,5,5,1745,9
4-10-2022,11.99,Pathfinder,7,9,4498,14
19-10-2021,14.97,Ash,0,3,829,7
4-10-2022,6.9,Ash,1,4,1018,19
11-3-2022,16.57,Caustic,2,4,1134,14
31-12-2020,8.83,Caustic,8,5,3660,1
12-12-2019,7.25,Mad Maggie,4,7,2761,4
14-11-2022,28.99,Pathfinder,6,7,2432,9
14-1-2021,1.87,Wraith,8,10,4749,13
25-11-2021,27.46,Wattson,1,1,348,19
23-8-2020,29.1,Gibraltar,2,4,1705,3
9-8-2021,24.73,Octane,4,3,1178,4
27-2-2022,10.15,Gibraltar,4,3,1198,1
8-3-2022,10.81,Mirage,4,12,3748,3
6-5-2022,19.74,Wattson,7,11,4584,20
10-6-2021,27.14,Octane,11,6,3165,9
26-6-2019,4.58,Valkyrie,0,2,532,2
6-10-2021,3.03,Crypto,2,2,1090,13
28-7-2019,5.52,Mirage,11,4,2485,17
23-10-2019,21.37,Lifeline,3,6,2691,9
23-7-2022,28.01,Horizon,8,5,3752,10
27-3-2021,14.41,Pathfinder,8,5,3157,13
30-4-2022,0.61,Caustic,12,11,6641,7
13-2-2020,28.93,Rampart,2,7,2087,16
28-9-2019,20.91,Valkyrie,1,4,823,4
18-11-2020,6.8,Gibraltar,2,8,2795,16
18-2-2021,1.3,Ash,5,5,2735,16
19-8-2021,17.35,Crypto,12,9,4639,2
15-12-2022,7.43,Rampart,7,5,2641,14
17-12-2022,27.46,Bloodhound,10,9,4285,5
7-10-2021,26.95,Rampart,4,2,1057,5
25-11-2020,5.44,Crypto,7,1,2492,9
3-12-2022,22.7,Caustic,6,8,4379,14
25-8-2020,22.5,Gibraltar,6,5,2157,17
15-8-2022,23.37,Gibraltar,6,8,3998,8
11-8-2019,5.37,Valkyrie,11,6,3817,13
30-7-2021,18.51,Wattson,9,7,3668,11
11-6-2021,15.07,Bangalore,2,1,784,4
23-9-2019,25.35,Mirage,10,3,4405,12
22-12-2022,10.48,Octane,3,2,1318,17
13-8-2019,25.21,Valkyrie,5,5,2416,16
23-6-2020,4.08,Caustic,5,4,1836,4
20-8-2021,14.93,Lifeline,6,8,4351,19
3-2-2021,21.08,Valkyrie,7,6,3944,14
30-12-2020,17.85,Bloodhound,1,0,221,6
4-7-2020,2.68,Bloodhound,1,2,994,15
6-7-2022,6.54,Bangalore,2,7,2253,11
10-5-2022,23.59,Revenant,4,7,3524,10
26-5-2020,10.09,Lifeline,7,6,4427,13
25-8-2022,11.42,Ash,8,10,3762,5
10-8-2022,2.42,Revenant,8,6,3420,5
23-7-2022,28.11,Wattson,5,2,1409,20
2-1-2021,29.33,Octane,3,3,1536,16
30-9-2021,5.08,Pathfinder,2,2,950,15
17-2-2020,10.72,Gibraltar,3,10,2749,19
15-4-2021,27.06,Mad Maggie,6,4,2784,1
8-7-2021,11.64,Wraith,7,5,3043,17
4-11-2019,26.86,Revenant,8,9,3421,17
15-12-2022,26.51,Mirage,6,9,4007,9
30-3-2020,20.55,Octane,7,4,3766,2
18-11-2021,22.0,Crypto,3,8,3216,17
30-11-2021,20.55,Caustic,6,5,2277,5
7-8-2020,19.69,Horizon,8,8,5465,12
26-10-2022,27.43,Caustic,15,9,7884,20
31-10-2021,15.19,Ash,6,9,5009,2
22-1-2022,10.27,Horizon,5,1,2068,10
11-1-2020,29.81,Crypto,8,2,2452,18
15-9-2021,26.12,Wraith,8,5,3907,19
19-10-2019,1.54,Horizon,5,5,3242,13
17-10-2019,7.09,Lifeline,8,4,4537,7
3-12-2021,26.71,Mirage,6,7,4547,5
30-5-2022,1.37,Horizon,6,6,3004,7
11-7-2022,10.37,Ash,2,0,504,15
18-10-2019,0.17,Octane,5,9,4011,16
7-7-2021,10.75,Horizon,2,2,884,16
3-2-2020,25.23,Mad Maggie,5,3,2936,10
27-5-2021,24.86,Mirage,9,10,4628,10
10-3-2022,14.32,Wattson,7,11,4069,13
17-12-2019,9.15,Ash,9,8,6312,15
12-12-2022,1.58,Caustic,0,0,0,10
10-1-2022,19.23,Octane,6,9,3817,7
26-5-2021,5.14,Crypto,2,3,1796,17
9-6-2021,27.39,Horizon,7,3,3074,1
16-10-2020,20.34,Wraith,14,6,5351,19
9-11-2020,21.57,Caustic,6,11,5813,16
2-6-2019,15.81,Lifeline,9,9,4974,18
9-6-2022,14.29,Ash,1,3,1111,2
28-4-2020,11.19,Gibraltar,2,5,1715,13
6-12-2020,4.1,Pathfinder,3,2,1571,8
8-2-2021,7.36,Gibraltar,6,11,4684,5
23-1-2022,17.87,Wraith,5,7,3340,17
6-5-2019,0.99,Crypto,5,5,2395,3
19-6-2022,0.75,Crypto,8,7,5883,5
15-8-2019,12.15,Bloodhound,1,3,973,4
9-6-2020,28.43,Gibraltar,6,6,3472,7
2-12-2019,13.35,Octane,5,7,2935,9
5-3-2022,16.26,Crypto,3,4,1954,9
18-5-2019,13.55,Bangalore,4,6,3587,7
7-4-2022,24.92,Crypto,6,9,4095,11
17-9-2020,8.12,Gibraltar,6,13,7330,5
4-11-2020,20.89,Wattson,1,2,869,19
6-12-2022,16.36,Caustic,1,4,1865,14
23-11-2022,7.29,Wattson,6,3,3397,13
13-4-2022,20.16,Ash,6,9,5895,4
10-9-2019,24.33,Revenant,6,10,4519,3
15-5-2022,24.44,Bangalore,12,7,6992,10
21-10-2022,12.58,Lifeline,7,11,5402,5
12-5-2019,6.01,Mad Maggie,4,3,2104,2
8-7-2020,12.84,Lifeline,2,6,2917,6
25-12-2019,12.03,Wraith,2,7,3362,17
2-11-2020,6.59,Rampart,7,6,4382,7
28-10-2020,27.39,Crypto,10,10,3884,1
15-9-2019,4.28,Pathfinder,8,10,3279,8
10-12-2020,23.42,Bangalore,6,12,1134,3
18-8-2020,0.85,Horizon,0,0,0,5
20-8-2022,8.71,Ash,8,2,1427,6
24-6-2022,7.65,Mirage,3,2,447,10
21-4-2020,7.93,Pathfinder,11,6,2828,14
11-4-2020,12.46,Caustic,8,7,2323,7
17-3-2022,16.82,Caustic,5,8,1024,1
19-10-2022,12.71,Mirage,9,7,2978,12
3-2-2022,0.42,Octane,0,0,0,7
4-8-2020,26.2,Pathfinder,6,2,739,1
24-7-2021,2.75,Ash,3,5,668,16
4-4-2021,0.37,Valkyrie,4,5,1524,4
16-4-2021,2.3,Crypto,4,11,2637,12
11-7-2022,19.33,Bangalore,7,10,2454,7
4-12-2022,9.26,Mirage,6,6,1178,2
16-6-2019,1.37,Mirage,7,2,1795,16
14-9-2020,23.64,Revenant,3,1,946,16
16-2-2022,25.1,Mad Maggie,3,3,1045,3
13-11-2022,21.54,Wattson,5,3,1265,11
7-5-2021,14.88,Rampart,4,7,2352,6
28-7-2020,29.79,Pathfinder,7,10,3374,11
2-2-2022,20.1,Bangalore,7,6,2969,15
22-11-2021,10.22,Bloodhound,0,7,906,16
19-7-2021,10.56,Gibraltar,1,10,1526,6
17-7-2022,7.41,Mad Maggie,2,2,393,14
25-6-2019,4.01,Ash,4,3,1263,15
21-12-2019,19.46,Gibraltar,8,6,1527,1
11-5-2020,25.76,Wattson,14,5,2660,17
12-4-2020,27.86,Crypto,9,7,1451,20
30-12-2021,21.47,Gibraltar,5,8,2917,9
18-4-2019,25.78,Mad Maggie,1,2,462,11
4-9-2021,7.58,Crypto,3,2,658,12
20-5-2021,23.78,Bangalore,5,5,870,11
8-7-2022,12.03,Bangalore,7,4,1308,3
21-12-2022,18.92,Horizon,5,10,1433,19
3-6-2021,5.29,Gibraltar,8,11,2203,13
25-12-2020,2.06,Lifeline,4,0,1021,8
26-12-2021,14.5,Wraith,4,2,1570,5
16-12-2022,6.91,Mirage,2,5,1629,17
5-7-2022,23.66,Pathfinder,3,6,1053,8
1-9-2020,10.92,Octane,5,7,1839,7
4-10-2022,27.59,Lifeline,6,8,1908,15
17-8-2019,2.02,Gibraltar,11,7,3709,17
16-10-2020,19.41,Valkyrie,0,2,344,12
9-2-2020,13.43,Revenant,5,1,1313,3
6-9-2020,12.67,Ash,10,2,1787,4
13-8-2020,19.11,Gibraltar,6,4,1697,1
25-4-2021,10.9,Rampart,4,4,976,20
10-8-2021,1.7,Gibraltar,6,12,3153,18
4-12-2020,10.79,Ash,12,7,4518,3
21-2-2022,21.61,Bloodhound,2,9,1196,16
2-11-2022,22.95,Mad Maggie,2,2,488,3
28-4-2021,9.57,Bloodhound,2,7,1767,18
24-6-2019,24.27,Pathfinder,7,7,1768,1
5-7-2020,2.52,Mad Maggie,4,5,2152,10
27-12-2019,24.6,Caustic,7,8,1983,1
3-3-2021,28.72,Bloodhound,10,11,4673,11
29-12-2019,17.14,Horizon,5,4,1548,7
29-11-2021,9.76,Lifeline,6,1,927,14
20-7-2020,21.37,Crypto,4,2,1610,5
21-4-2020,23.14,Pathfinder,11,4,2240,19
4-3-2020,15.43,Wraith,4,7,1603,19
24-2-2019,12.71,Gibraltar,6,9,3738,8
4-5-2022,13.49,Bloodhound,11,11,5018,2
28-9-2022,16.09,Pathfinder,1,1,368,17
19-5-2019,13.91,Caustic,2,3,989,3
6-9-2019,27.87,Crypto,3,5,1918,1
17-4-2019,28.69,Revenant,8,8,4445,11
10-4-2019,9.62,Valkyrie,9,5,2873,7
29-12-2019,25.91,Crypto,5,7,3252,11
21-10-2019,23.87,Revenant,8,9,2529,8
13-3-2020,24.7,Revenant,1,0,222,16
25-11-2019,1.37,Horizon,3,1,571,17
14-8-2022,5.38,Mad Maggie,9,2,2863,14
27-5-2022,4.61,Valkyrie,6,3,2627,19
8-1-2020,16.33,Bloodhound,4,4,1170,11
9-8-2019,5.22,Ash,6,9,3910,12
28-5-2022,9.88,Bangalore,6,13,3197,19
2-2-2021,21.13,Caustic,7,0,1191,1
4-10-2022,21.8,Wraith,3,1,803,13
23-2-2020,15.65,Valkyrie,2,6,1868,4
7-3-2020,24.1,Mirage,6,12,2545,20
3-7-2020,23.32,Mirage,8,7,3089,20
20-2-2019,7.34,Bangalore,6,5,1944,10
25-8-2022,29.14,Bloodhound,8,6,2267,7
29-11-2020,10.12,Horizon,2,0,557,6
27-6-2019,7.82,Wraith,6,6,2924,13
20-9-2019,13.41,Bangalore,3,3,1450,18
2-10-2022,2.46,Gibraltar,3,3,1324,4
21-4-2020,24.71,Wattson,7,5,3301,20
24-4-2022,20.37,Bangalore,10,11,3140,11
29-1-2021,22.12,Lifeline,8,12,5494,16
15-3-2021,21.16,Rampart,0,0,0,19
2-9-2020,10.62,Lifeline,2,4,1571,5
23-1-2021,9.13,Horizon,8,2,2838,5
9-8-2022,12.5,Valkyrie,5,3,2238,2
19-7-2020,12.8,Pathfinder,4,8,2477,12
24-9-2020,26.22,Wraith,8,6,4135,8
18-9-2020,25.63,Revenant,8,8,2781,2
27-8-2019,4.96,Bangalore,8,0,2200,15
26-12-2020,13.29,Revenant,4,2,1865,12
13-7-2022,3.66,Ash,10,8,3302,9
3-2-2021,29.58,Caustic,6,5,2824,12
7-9-2020,2.62,Valkyrie,5,6,1935,5
7-12-2020,6.58,Valkyrie,5,5,2399,6
18-9-2020,4.45,Mad Maggie,6,6,3086,11
30-7-2021,1.86,Mirage,0,5,1126,8
18-1-2022,3.72,Mad Maggie,1,1,638,8
21-3-2021,20.12,Mad Maggie,3,4,1875,1
15-3-2019,29.88,Octane,5,7,2878,19
12-10-2019,15.19,Pathfinder,6,9,3080,17
2-8-2021,16.72,Horizon,6,6,3925,20
19-12-2021,6.45,Mad Maggie,8,10,4753,20
12-2-2022,19.18,Gibraltar,4,2,1464,19
30-8-2022,26.17,Pathfinder,7,9,4325,9
23-12-2020,21.65,Octane,10,6,3781,3
20-3-2020,5.59,Wattson,7,3,2664,13
1-4-2021,10.0,Gibraltar,4,5,1865,17
17-6-2019,4.71,Gibraltar,6,5,2529,3
30-6-2020,28.39,Caustic,14,7,6825,7
14-5-2019,12.2,Bangalore,1,1,501,10
8-6-2021,20.12,Pathfinder,4,2,1147,6
1-8-2020,0.15,Mad Maggie,5,8,3396,12
18-10-2021,10.98,Pathfinder,3,7,3211,17
8-9-2019,3.45,Valkyrie,10,4,4035,3
16-3-2021,25.37,Pathfinder,7,7,3031,4
24-9-2020,20.37,Crypto,11,12,4685,2
22-5-2021,1.9,Rampart,2,2,748,12
4-10-2021,4.54,Horizon,1,4,1263,14
30-3-2021,12.85,Lifeline,5,4,2195,1
11-12-2021,29.05,Mirage,8,3,3289,8
17-9-2021,3.69,Gibraltar,12,9,6426,10
1-12-2019,19.9,Bloodhound,13,11,5279,5
7-6-2021,21.64,Bangalore,8,11,4702,20
6-5-2022,20.17,Mirage,2,5,1363,7
29-4-2020,4.94,Lifeline,1,7,1570,15
2-7-2021,9.32,Wattson,2,2,1048,15
27-6-2021,14.72,Lifeline,4,3,1560,6
23-2-2021,10.92,Bloodhound,4,5,2156,12
12-10-2022,28.28,Wattson,16,6,4594,14
5-1-2022,27.85,Pathfinder,12,8,6658,20
7-9-2021,21.76,Wattson,4,5,2481,2
22-9-2022,26.0,Revenant,2,10,2699,10
10-7-2022,0.45,Bloodhound,10,4,3928,5
3-4-2019,0.92,Wattson,3,3,1812,15
24-9-2020,14.81,Rampart,7,8,4503,1
15-11-2022,11.58,Caustic,7,6,4081,3
21-8-2021,3.27,Horizon,7,9,4415,8
7-7-2021,21.72,Wattson,1,0,265,16
17-3-2020,17.63,Horizon,2,3,1520,15
21-12-2020,25.01,Octane,2,8,2436,14
30-1-2022,25.33,Bloodhound,7,7,3818,19
27-5-2022,5.28,Rampart,4,6,2779,7
10-5-2022,15.82,Horizon,10,5,3742,5
28-7-2022,11.3,Revenant,8,10,4837,3
14-1-2022,21.42,Bloodhound,1,0,374,2
23-11-2019,6.59,Revenant,5,1,2093,17
17-8-2021,29.06,Ash,2,6,2397,14
5-4-2019,24.8,Ash,11,10,6295,8
12-6-2019,28.0,Octane,8,8,5419,20
25-11-2021,16.92,Wattson,5,5,3622,19
21-4-2021,28.45,Valkyrie,8,9,4531,1
23-5-2019,12.59,Mirage,1,4,1191,1
27-12-2020,26.72,Bloodhound,4,5,2734,10
19-10-2021,20.42,Lifeline,5,3,2885,2
7-2-2022,10.2,Bloodhound,3,4,1549,14
8-1-2021,18.88,Gibraltar,6,7,2992,3
9-7-2021,6.14,Mirage,11,6,5510,14
31-7-2019,29.33,Valkyrie,8,10,5704,4
9-3-2021,26.61,Valkyrie,6,2,2660,14
14-8-2020,25.64,Caustic,4,2,2228,7
16-12-2019,4.73,Mirage,8,2,3924,18
15-9-2019,8.68,Gibraltar,3,4,2578,4
12-9-2019,11.4,Lifeline,4,5,2467,20
29-7-2020,8.62,Pathfinder,8,9,4056,18
3-8-2019,2.82,Revenant,8,7,4637,20
21-4-2022,12.89,Bloodhound,1,3,1108,19
31-8-2021,10.17,Bloodhound,11,1,4576,10
16-6-2022,2.84,Crypto,2,2,1145,18
15-1-2020,28.42,Horizon,6,3,2774,15
15-3-2021,29.63,Revenant,5,6,3672,12
27-10-2020,26.91,Bangalore,8,5,4473,8
23-7-2019,17.68,Crypto,10,8,5692,18
10-9-2020,7.87,Crypto,2,0,491,19
11-4-2021,29.74,Valkyrie,5,3,2203,7
23-11-2019,12.99,Caustic,2,2,1187,4
8-5-2022,5.84,Mad Maggie,5,3,2052,7
19-8-2021,18.29,Wraith,6,4,2767,17
10-3-2022,17.42,Wattson,12,11,5820,15
28-9-2020,21.29,Caustic,8,13,5953,4
4-8-2020,3.2,Rampart,6,1,2499,12
13-6-2021,6.1,Horizon,1,3,1055,9
2-7-2022,12.5,Mirage,3,4,1885,1
15-11-2022,14.49,Valkyrie,6,5,3363,2
27-8-2020,27.55,Rampart,5,8,3488,14
21-4-2020,7.06,Gibraltar,8,7,6136,18
2-11-2020,28.29,Bloodhound,11,7,7413,19
12-12-2020,29.58,Rampart,4,7,4265,6
31-10-2021,11.54,Ash,2,6,509,1
29-8-2021,18.4,Bangalore,2,6,1316,6
25-8-2019,13.14,Mad Maggie,3,3,446,12
23-4-2022,15.88,Valkyrie,6,11,1154,4
12-6-2019,7.18,Revenant,13,6,3841,20
1-6-2020,1.57,Gibraltar,10,6,2663,19
25-1-2020,22.33,Wraith,4,2,642,12
16-4-2020,11.01,Wattson,2,3,616,1
1-8-2022,16.8,Lifeline,6,3,758,11
7-1-2022,7.67,Mad Maggie,3,4,970,9
20-7-2022,6.31,Rampart,4,7,919,15
28-8-2019,17.61,Bangalore,6,10,2229,20
27-11-2022,26.29,Gibraltar,7,9,1120,1
15-10-2021,12.33,Bangalore,0,6,951,2
23-6-2022,18.9,Rampart,6,8,974,14
5-6-2020,15.49,Wraith,3,3,604,20
21-11-2021,28.13,Rampart,8,8,2731,5
14-2-2021,27.84,Octane,10,8,3993,13
13-5-2019,16.54,Rampart,10,6,1452,12
7-12-2022,8.04,Revenant,14,8,3184,4
12-8-2020,22.71,Crypto,3,1,812,9
23-10-2020,11.4,Bloodhound,8,7,2664,10
14-2-2019,13.8,Gibraltar,9,6,2746,15
7-8-2019,28.69,Mirage,3,6,1312,12
26-12-2021,19.16,Lifeline,6,5,2205,16
28-10-2019,16.16,Rampart,5,6,1153,16
10-9-2020,21.77,Octane,7,7,1755,18
12-3-2022,4.87,Mad Maggie,2,0,325,5
29-4-2021,28.59,Pathfinder,7,7,2835,20
3-5-2019,4.31,Gibraltar,10,5,1565,9
10-7-2019,14.47,Revenant,4,3,884,16
14-9-2021,8.59,Bloodhound,5,4,1976,14
31-8-2021,11.36,Mad Maggie,10,6,1711,16
1-7-2022,3.2,Wraith,9,10,3085,14
12-7-2022,15.93,Bloodhound,1,1,181,15
14-10-2022,29.55,Bloodhound,2,9,2011,13
7-10-2021,4.35,Rampart,7,8,2112,12
30-5-2022,27.44,Pathfinder,6,8,2266,6
6-12-2021,29.49,Bloodhound,6,7,3071,19
16-8-2021,5.54,Bloodhound,9,13,2116,6
15-3-2020,25.29,Crypto,10,8,2715,2
8-5-2020,17.09,Valkyrie,2,1,350,9
12-11-2021,28.5,Gibraltar,5,1,675,12
4-4-2020,6.0,Ash,2,6,1133,14
1-4-2022,12.14,Wraith,4,6,984,2
10-4-2022,20.8,Bangalore,8,5,1832,20
27-5-2020,26.13,Lifeline,7,12,3215,14
2-5-2019,27.99,Crypto,12,8,4930,7
23-8-2022,25.64,Bangalore,3,1,1085,1
15-7-2020,2.81,Revenant,5,2,1918,19
10-3-2019,5.15,Ash,8,2,1443,20
6-12-2020,9.85,Wraith,5,5,1207,4
9-12-2021,5.13,Revenant,8,7,3677,8
5-10-2020,26.52,Horizon,6,7,1585,18
13-8-2021,23.14,Wattson,7,12,3812,5
2-6-2020,27.31,Gibraltar,7,5,2186,20
5-3-2022,16.47,Bloodhound,4,4,1087,7
16-5-2020,22.28,Rampart,3,2,1029,17
7-3-2021,18.5,Mad Maggie,9,12,2351,7
5-7-2022,11.33,Wraith,7,7,2849,16
24-12-2021,12.55,Lifeline,11,9,4809,6
14-7-2019,23.55,Bangalore,11,6,4176,8
26-5-2022,13.2,Caustic,8,5,2478,17
20-2-2019,22.18,Revenant,6,3,1211,3
25-2-2022,26.94,Horizon,4,5,1781,15
7-8-2019,22.5,Bangalore,5,5,2408,11
2-2-2022,2.56,Ash,6,5,2206,1
28-8-2022,6.56,Mad Maggie,5,8,3281,7
24-2-2020,6.94,Octane,7,10,3700,9
26-8-2019,8.31,Revenant,0,1,120,8
31-7-2020,3.17,Lifeline,2,4,1055,9
15-5-2022,18.43,Wraith,3,5,1107,20
17-4-2021,11.01,Horizon,6,6,2580,8
16-1-2022,2.03,Crypto,8,7,3356,9
24-8-2022,25.41,Mirage,10,8,2452,17
3-4-2021,6.43,Caustic,6,8,2083,7
18-2-2019,6.08,Pathfinder,0,3,606,4
12-2-2020,7.29,Revenant,1,2,505,15
9-10-2022,24.73,Mad Maggie,5,4,1938,5
19-3-2022,3.6,Octane,4,3,1656,17
25-9-2021,25.32,Wattson,6,6,3549,10
27-8-2019,7.96,Caustic,5,5,1427,1
5-11-2021,14.02,Wraith,8,6,4005,7
5-1-2021,7.26,Bloodhound,0,0,0,8
7-3-2020,24.06,Wattson,4,7,2517,4
26-2-2020,25.41,Valkyrie,5,4,2571,18
19-2-2020,24.86,Gibraltar,4,9,2302,8
31-10-2022,6.94,Mad Maggie,4,4,1408,8
29-11-2020,14.69,Bloodhound,9,9,3791,17
15-9-2020,12.03,Crypto,8,7,3079,5
15-7-2021,27.87,Revenant,1,5,1329,15
23-12-2021,4.08,Lifeline,1,1,432,8
19-3-2021,9.72,Horizon,7,2,2776,3
12-11-2019,13.63,Mad Maggie,5,6,2817,13
30-8-2022,2.75,Horizon,10,6,2736,3
16-5-2021,12.19,Caustic,6,15,6232,14
15-5-2022,1.08,Octane,6,9,4507,2
11-4-2022,6.81,Ash,4,0,1038,12
4-1-2021,2.03,Horizon,1,1,448,19
6-12-2021,4.31,Ash,3,5,1948,7
15-6-2021,23.45,Pathfinder,3,7,2710,5
30-7-2019,0.72,Ash,7,5,3449,10
10-6-2020,6.03,Caustic,11,8,4466,6
27-2-2020,17.79,Bloodhound,11,7,4409,7
1-3-2020,1.26,Valkyrie,0,3,474,17
16-7-2021,22.1,Gibraltar,8,3,2934,16
22-7-2022,21.4,Bloodhound,5,2,1924,18
8-2-2020,10.58,Crypto,6,3,2251,7
23-2-2022,22.25,Ash,10,12,3693,14
30-6-2021,7.69,Revenant,10,11,4420,6
23-12-2020,16.7,Octane,6,15,5539,14
16-8-2019,21.76,Pathfinder,2,0,716,6
10-11-2019,21.28,Revenant,5,2,1577,1
6-7-2021,16.51,Pathfinder,9,3,2901,8
23-7-2021,23.1,Bloodhound,7,10,4042,4
22-12-2021,21.72,Mad Maggie,6,5,3055,19
16-3-2019,27.56,Gibraltar,9,13,3724,15
25-4-2020,14.98,Valkyrie,6,14,4046,14
6-8-2022,19.36,Mirage,4,3,1783,10
23-10-2022,12.68,Ash,9,3,3431,12
28-8-2019,25.7,Pathfinder,5,3,2486,15
30-7-2021,23.52,Mirage,11,3,4279,6
26-6-2019,4.27,Mad Maggie,4,5,1921,18
15-2-2022,29.67,Lifeline,13,8,5877,7
4-10-2021,1.36,Octane,7,6,3751,11
2-9-2019,5.97,Horizon,2,8,2971,19
28-5-2022,19.61,Valkyrie,8,2,2653,1
10-12-2020,23.72,Bangalore,6,7,4296,10
14-4-2020,27.17,Caustic,8,7,3899,6
12-1-2020,14.27,Wraith,4,8,2307,11
13-7-2021,2.24,Ash,9,6,4418,1
27-10-2020,15.7,Ash,9,15,5018,6
17-6-2020,15.24,Rampart,0,2,391,4
3-10-2019,24.4,Gibraltar,8,8,4301,16
4-2-2022,1.96,Gibraltar,4,2,1944,6
21-9-2020,14.33,Crypto,7,6,4161,12
30-3-2019,5.49,Mad Maggie,11,7,6313,15
9-3-2020,4.46,Revenant,5,7,3596,13
3-8-2019,20.11,Gibraltar,13,7,6604,11
24-3-2019,6.73,Lifeline,8,3,2703,20
13-5-2020,7.41,Rampart,1,8,1884,19
28-12-2022,6.05,Pathfinder,8,3,2287,5
30-6-2020,15.23,Wraith,5,9,4606,17
27-6-2022,6.91,Valkyrie,5,5,2672,13
27-9-2019,6.18,Wattson,5,5,2272,14
2-2-2020,7.13,Valkyrie,13,7,6713,1
18-1-2020,4.58,Revenant,0,0,0,7
18-6-2019,3.56,Wraith,3,5,2622,4
17-4-2022,8.92,Mirage,2,2,1094,11
25-5-2019,10.11,Valkyrie,3,3,1535,9
31-1-2020,22.89,Bangalore,6,4,2786,10
25-6-2019,8.75,Horizon,9,7,4795,20
13-2-2020,5.91,Mad Maggie,6,11,5760,13
11-7-2019,9.48,Rampart,1,4,1631,11
8-12-2021,18.99,Ash,3,8,3339,17
2-10-2020,28.59,Rampart,4,3,2431,13
28-11-2019,15.0,Horizon,5,5,2315,20
20-4-2019,22.84,Mad Maggie,8,6,3547,18
18-4-2021,7.02,Mad Maggie,5,5,3400,19
7-1-2022,11.27,Wraith,6,8,3557,11
24-2-2021,11.18,Rampart,3,0,809,20
25-3-2020,15.84,Horizon,4,1,1844,5
27-12-2019,4.0,Bloodhound,5,3,1928,17
18-12-2022,10.3,Wattson,5,6,3349,19
10-8-2020,6.25,Wattson,11,5,5884,14
9-9-2019,13.72,Mirage,9,7,3661,19
26-4-2019,12.87,Revenant,8,6,3892,7
21-11-2021,17.69,Horizon,2,7,2778,12
14-3-2021,9.17,Octane,3,9,3191,15
10-3-2022,4.04,Valkyrie,10,3,2997,4
14-12-2020,23.56,Wattson,9,5,3556,9
13-9-2020,29.91,Octane,6,12,6287,13
22-5-2019,13.8,Wraith,9,7,5211,13
17-4-2021,8.11,Wattson,9,7,5418,14
22-10-2019,7.57,Gibraltar,3,2,1271,4
18-10-2022,19.53,Ash,3,2,1331,13
6-7-2022,7.12,Rampart,2,4,1813,4
22-11-2022,5.51,Mirage,7,4,3123,17
22-12-2019,21.69,Gibraltar,10,5,3782,19
10-9-2019,19.41,Valkyrie,5,7,4018,8
12-10-2021,7.58,Caustic,7,6,3286,18
18-7-2021,14.88,Pathfinder,4,2,2059,18
28-6-2022,6.97,Bloodhound,8,10,5150,6
9-2-2022,5.59,Pathfinder,2,4,1737,10
15-6-2019,13.85,Lifeline,5,3,2407,15
31-7-2021,14.01,Ash,5,7,3512,15
7-9-2022,16.32,Mad Maggie,6,6,4633,17
5-12-2022,8.59,Horizon,13,9,8191,6
2-2-2021,0.9,Caustic,3,3,1743,4
30-6-2020,16.37,Horizon,3,2,1303,14
31-5-2019,19.42,Ash,3,6,3288,13
24-7-2019,8.26,Mad Maggie,3,11,5371,14
6-2-2020,17.35,Gibraltar,10,5,3861,3
23-8-2020,4.54,Gibraltar,12,6,4655,16
13-4-2019,28.92,Rampart,13,8,6684,12
10-10-2020,1.67,Wattson,3,1,1129,5
25-12-2021,18.77,Wattson,1,4,1781,14
23-7-2019,20.44,Pathfinder,6,2,3020,12
31-8-2019,16.01,Mad Maggie,5,12,5049,13
1-11-2021,10.19,Wraith,4,5,3265,12
2-2-2020,26.26,Rampart,7,6,1317,6
22-7-2021,8.07,Mirage,6,12,1716,14
10-6-2019,7.26,Octane,1,3,379,9
24-2-2020,6.01,Horizon,4,3,822,5
13-10-2020,14.6,Gibraltar,3,2,1108,3
25-10-2022,14.91,Horizon,3,11,2496,7
13-7-2020,14.59,Wraith,10,12,2492,10
11-12-2022,3.39,Mirage,6,7,2767,19
4-8-2021,17.76,Pathfinder,7,7,1599,20
25-5-2022,1.06,Crypto,0,1,143,7
1-10-2021,12.68,Octane,5,9,1177,1
19-3-2020,26.4,Revenant,5,4,830,19
5-5-2022,18.24,Caustic,10,6,3335,19
22-5-2021,18.73,Bloodhound,10,4,2990,15
1-5-2022,9.5,Bangalore,9,5,1860,20
24-8-2020,18.38,Mirage,10,14,4893,4
7-8-2019,16.71,Bloodhound,1,4,1069,9
13-5-2022,20.09,Caustic,1,4,531,4
5-3-2020,13.08,Wattson,5,2,1661,8
19-6-2019,26.21,Valkyrie,3,4,904,18
2-10-2022,22.26,Gibraltar,4,4,1071,1
20-4-2021,7.07,Crypto,5,8,1788,13
16-2-2019,3.43,Mirage,6,9,2769,6
16-9-2019,1.17,Revenant,3,2,745,5
11-1-2021,2.5,Octane,6,3,1488,20
17-2-2019,29.19,Horizon,9,7,3431,12
24-6-2021,11.6,Pathfinder,5,4,1484,13
30-7-2020,17.11,Caustic,9,5,2814,16
4-12-2019,4.96,Rampart,6,5,1524,4
9-1-2022,1.55,Revenant,6,14,2245,15
11-1-2020,5.8,Mirage,1,0,210,8
10-1-2021,18.99,Caustic,3,3,977,10
6-8-2019,0.97,Wattson,3,3,852,14
28-8-2021,15.83,Bloodhound,5,3,1388,2
21-5-2022,0.34,Revenant,5,9,1359,16
22-9-2019,2.56,Mirage,6,7,2494,14
24-4-2021,12.51,Caustic,7,7,2978,16
29-5-2020,6.96,Wraith,3,9,2801,8
11-1-2021,12.54,Wattson,6,3,1772,19
1-4-2019,3.12,Ash,3,5,1466,19
15-4-2019,24.64,Octane,5,5,1111,6
19-5-2020,18.54,Valkyrie,5,12,4053,12
4-12-2021,20.73,Horizon,7,9,4036,13
20-11-2021,18.52,Caustic,7,7,3325,9
28-9-2019,0.27,Valkyrie,4,0,867,4
29-5-2022,28.2,Octane,2,9,2285,15
10-3-2021,27.33,Wattson,5,5,2236,13
14-6-2021,24.89,Caustic,8,6,3420,13
13-1-2021,26.45,Valkyrie,5,10,2595,12
14-7-2019,27.5,Pathfinder,5,9,3236,7
8-3-2021,8.77,Octane,14,10,3199,7
21-4-2019,5.88,Ash,5,9,1527,9
22-2-2022,18.03,Ash,4,4,1309,19
2-7-2022,14.12,Bangalore,5,9,1820,7
10-2-2021,5.41,Revenant,4,8,1778,16
14-4-2020,3.93,Mirage,4,6,2533,19
14-7-2021,26.53,Crypto,7,6,1965,20
9-7-2019,15.2,Pathfinder,6,7,3146,11
17-6-2022,3.87,Wraith,0,0,0,11
8-5-2020,23.57,Bloodhound,1,3,729,17
25-12-2022,0.02,Pathfinder,5,4,1049,8
20-6-2020,22.94,Pathfinder,4,4,1598,13
9-2-2021,12.45,Caustic,5,4,2126,5
5-6-2022,11.81,Revenant,9,7,3302,6
6-12-2020,14.81,Crypto,9,11,5213,9
29-6-2022,18.79,Valkyrie,4,3,1055,16
9-12-2022,9.51,Crypto,6,1,1967,16
25-2-2022,25.69,Caustic,6,10,4095,12
29-9-2022,18.48,Gibraltar,4,4,1843,11
12-4-2021,6.74,Revenant,5,4,1823,14
30-8-2022,16.96,Bangalore,8,9,4633,15
19-6-2019,28.52,Bangalore,10,7,3519,19
1-3-2019,11.24,Valkyrie,6,5,2616,5
4-11-2022,18.68,Rampart,4,9,3520,13
5-7-2019,9.29,Wattson,2,2,874,18
21-8-2022,1.86,Caustic,4,6,1652,6
11-12-2022,0.58,Mad Maggie,6,6,3059,4
7-2-2020,17.56,Wraith,13,7,3510,16
29-6-2019,11.8,Revenant,8,8,4151,10
9-5-2019,5.3,Ash,0,2,372,10
16-11-2020,26.35,Octane,5,3,1939,17
6-12-2022,18.85,Mirage,10,3,3141,19
23-3-2019,18.1,Mirage,7,3,2486,17
1-9-2021,14.64,Lifeline,10,6,3075,8
19-3-2020,4.38,Ash,6,13,4664,20
29-10-2022,24.22,Wraith,12,12,6768,3
23-10-2020,14.92,Crypto,4,4,1259,16
4-4-2022,14.07,Ash,4,3,1694,13
29-11-2020,22.94,Wraith,8,3,2469,11
7-1-2022,0.32,Revenant,7,5,2886,13
11-2-2020,21.83,Bangalore,10,8,4490,1
8-5-2019,4.84,Mad Maggie,10,5,4079,5
23-7-2019,13.93,Revenant,8,10,4448,15
9-9-2021,7.07,Lifeline,7,0,1156,4
3-9-2020,3.32,Octane,1,6,1147,18
2-11-2019,18.95,Wattson,2,5,1822,10
22-11-2022,15.67,Rampart,10,9,5791,5
2-10-2022,28.56,Octane,4,10,3615,10
31-5-2022,3.16,Bloodhound,8,6,3777,11
2-4-2020,2.33,Mad Maggie,15,6,3407,5
18-11-2020,8.01,Bangalore,1,0,182,20
1-11-2022,1.12,Gibraltar,6,3,2412,10
20-2-2019,20.99,Octane,8,3,2793,5
6-5-2020,0.13,Horizon,8,3,1933,8
9-3-2019,7.1,Horizon,6,4,2530,16
22-2-2019,22.34,Crypto,6,8,3687,20
9-5-2020,3.91,Crypto,8,7,3550,13
30-7-2020,11.75,Caustic,0,3,784,20
4-9-2022,3.2,Rampart,8,8,4848,11
6-8-2021,19.84,Rampart,3,3,1109,4
12-7-2020,18.89,Bangalore,9,4,2460,4
9-4-2019,2.46,Lifeline,8,5,3060,16
10-12-2020,12.52,Bloodhound,6,8,2357,19
5-7-2022,18.85,Wattson,9,6,4931,14
4-11-2022,6.52,Revenant,3,2,1520,16
22-2-2022,29.52,Mad Maggie,4,8,3314,7
10-4-2019,14.8,Bloodhound,4,3,2079,17
17-9-2019,27.65,Revenant,4,3,1815,9
17-10-2021,1.35,Horizon,11,5,3661,14
25-8-2019,26.69,Pathfinder,7,7,2788,11
21-5-2020,1.18,Revenant,14,8,6772,16
6-11-2021,3.78,Revenant,0,2,522,8
16-6-2020,12.46,Mirage,1,1,459,7
25-12-2020,5.41,Lifeline,3,3,1170,7
10-10-2019,17.6,Octane,3,3,1558,8
14-12-2022,9.53,Lifeline,4,6,2682,19
13-8-2019,20.91,Wraith,6,5,3417,14
17-5-2022,7.5,Bangalore,7,6,3078,19
6-10-2019,13.69,Mirage,0,6,1901,19
21-1-2020,28.93,Revenant,3,3,1523,14
8-3-2020,15.68,Rampart,6,2,1544,10
16-6-2022,29.97,Mad Maggie,10,4,3379,9
8-12-2021,11.75,Valkyrie,5,4,2852,6
23-3-2022,28.86,Valkyrie,11,10,5560,8
8-8-2022,27.02,Wraith,7,8,4827,6
16-6-2022,1.6,Wraith,0,1,209,14
5-4-2019,13.23,Pathfinder,2,4,1687,12
7-5-2021,15.25,Mirage,4,3,2365,4
28-8-2022,23.94,Mirage,6,11,5239,5
4-3-2019,12.36,Gibraltar,5,9,4210,18
1-5-2021,19.43,Mad Maggie,7,5,4174,19
15-1-2020,15.87,Gibraltar,8,10,5564,10
25-2-2020,23.23,Mad Maggie,1,6,1739,4
13-4-2020,13.88,Valkyrie,2,2,1076,1
25-1-2021,6.58,Wraith,4,6,2816,10
21-8-2022,27.71,Revenant,8,4,2994,15
3-10-2021,19.37,Lifeline,5,8,2838,5
28-7-2019,3.65,Valkyrie,5,13,5200,18
7-10-2020,29.43,Bangalore,10,8,6590,18
10-3-2022,24.96,Octane,4,10,3345,10
16-4-2021,28.99,Lifeline,2,3,1597,11
25-11-2022,20.8,Crypto,3,8,3359,19
17-3-2020,8.56,Bloodhound,5,4,3290,8
14-11-2020,9.73,Crypto,6,5,2510,18
28-10-2019,20.28,Lifeline,11,9,4158,15
1-11-2022,25.16,Mirage,7,8,3263,17
27-11-2021,29.16,Valkyrie,3,1,1414,1
29-6-2020,19.12,Lifeline,5,5,3160,8
22-12-2022,6.32,Caustic,3,4,2564,2
27-2-2019,9.29,Rampart,3,6,2890,9
7-2-2022,14.45,Lifeline,10,8,6561,18
10-4-2021,23.75,Crypto,6,7,3358,2
4-6-2022,9.77,Ash,6,12,6187,2
4-10-2021,9.49,Gibraltar,0,2,493,3
4-10-2021,17.57,Wraith,1,1,639,3
4-4-2021,0.74,Lifeline,7,6,4865,13
28-6-2022,8.87,Octane,7,3,3277,15
11-2-2020,8.59,Revenant,6,4,2808,1
17-6-2020,4.74,Horizon,10,6,3722,17
29-3-2021,27.03,Mirage,7,6,3389,1
21-11-2022,24.34,Ash,2,6,2842,2
19-5-2020,5.96,Gibraltar,1,6,2071,12
10-4-2022,2.86,Bloodhound,2,7,2684,18
5-11-2019,19.6,Wattson,5,8,4268,1
6-3-2020,28.81,Pathfinder,6,9,5553,1
26-6-2020,27.32,Octane,5,13,4588,12
22-7-2020,9.59,Horizon,10,8,6455,6
29-9-2021,4.27,Ash,1,0,252,3
18-4-2020,9.33,Rampart,10,6,4498,8
26-8-2020,25.21,Valkyrie,11,7,5832,10
12-10-2021,2.1,Octane,9,7,5120,8
13-6-2022,12.45,Mad Maggie,4,7,3436,8
17-10-2021,28.56,Wraith,12,5,5015,16
21-4-2021,26.19,Horizon,6,6,4369,13
21-5-2020,15.33,Pathfinder,5,2,2501,7
4-6-2022,4.03,Mad Maggie,2,2,1293,18
8-9-2021,21.6,Pathfinder,4,6,2938,1
9-2-2022,24.76,Mirage,5,9,4922,4
29-11-2019,11.24,Lifeline,7,10,5569,15
10-12-2020,13.01,Pathfinder,6,7,4849,2
2-5-2020,18.54,Wattson,7,11,4705,17
2-9-2022,22.16,Valkyrie,7,2,2768,11
14-3-2022,11.92,Crypto,1,2,1114,7
15-9-2021,14.86,Rampart,7,4,3495,3
5-4-2020,9.52,Mirage,8,9,6887,20
10-5-2019,7.69,Mad Maggie,10,12,7728,19
15-10-2020,28.05,Gibraltar,6,10,6386,5
14-5-2022,27.13,Horizon,9,8,5915,11
13-12-2020,5.79,Revenant,2,4,1957,6
31-10-2021,24.6,Crypto,7,1,3420,13
20-8-2022,7.79,Crypto,5,2,1044,6
30-3-2021,5.16,Mad Maggie,5,9,803,18
4-10-2020,29.4,Ash,6,7,1366,1
13-10-2021,1.11,Mad Maggie,7,9,2870,7
4-1-2022,18.93,Lifeline,9,6,2066,18
1-6-2019,2.7,Bloodhound,4,0,776,16
25-10-2021,7.46,Mirage,4,8,2170,13
5-10-2020,21.68,Revenant,3,4,846,15
22-8-2022,5.27,Valkyrie,8,6,3105,14
16-8-2021,29.76,Bloodhound,11,6,1936,17
17-5-2019,27.05,Rampart,8,7,3141,6
8-8-2021,14.22,Lifeline,13,7,4528,15
21-7-2021,25.93,Gibraltar,2,1,617,1
23-7-2019,26.45,Caustic,5,3,562,5
5-1-2020,18.89,Revenant,10,12,3442,6
27-2-2022,1.2,Wattson,4,12,1488,9
4-9-2021,4.09,Rampart,8,4,2453,5
21-12-2021,16.62,Ash,12,8,2456,4
26-10-2021,21.6,Wraith,9,10,2137,14
27-2-2019,15.39,Rampart,1,1,190,13
14-11-2021,23.28,Lifeline,2,10,1853,17
12-2-2020,21.04,Gibraltar,3,5,1102,3
11-9-2020,12.8,Bloodhound,6,3,1295,18
19-9-2019,9.7,Gibraltar,12,4,3717,11
25-3-2020,20.49,Wattson,9,11,2398,3
30-10-2020,14.83,Caustic,13,9,2820,16
5-6-2022,14.7,Octane,1,2,668,9
5-8-2019,5.26,Wattson,2,1,555,7
27-8-2019,22.35,Horizon,3,6,771,18
21-7-2020,25.2,Pathfinder,3,6,1627,3
10-5-2019,19.79,Gibraltar,9,9,3273,9
11-8-2022,3.15,Mirage,5,5,1393,2
2-8-2020,21.08,Caustic,11,8,2882,10
21-3-2020,4.01,Crypto,1,6,567,19
23-2-2021,2.65,Mad Maggie,9,2,1845,15
26-2-2019,6.15,Mad Maggie,4,5,1209,6
30-1-2021,7.83,Revenant,3,4,1339,1
4-1-2021,10.82,Bloodhound,6,8,1320,15
22-6-2021,19.59,Revenant,6,6,2571,3
8-10-2019,18.36,Revenant,11,13,3294,8
13-10-2020,22.62,Octane,2,2,822,19
7-5-2019,17.96,Lifeline,4,2,1124,11
14-5-2021,13.16,Bloodhound,2,6,1496,10
25-5-2020,23.14,Octane,6,5,2247,18
4-8-2020,12.77,Gibraltar,5,6,1212,16
21-7-2021,19.39,Wraith,10,9,4100,2
27-6-2020,18.97,Caustic,10,10,1989,1
23-11-2020,2.33,Gibraltar,2,1,480,6
9-9-2019,29.0,Wattson,2,2,904,5
13-9-2021,21.69,Revenant,3,4,912,8
29-9-2020,24.14,Mad Maggie,5,6,2794,20
22-9-2021,14.27,Mirage,9,4,1421,11
19-2-2020,27.67,Ash,12,8,3634,19
2-11-2019,9.78,Octane,12,10,3920,13
15-5-2021,19.97,Rampart,2,1,679,6
8-12-2020,6.44,Revenant,10,4,1918,7
3-8-2022,7.77,Wraith,2,2,1045,1
18-9-2022,26.37,Rampart,5,6,2168,1
18-6-2019,15.21,Wattson,8,13,2493,20
5-8-2020,7.87,Bloodhound,11,5,3754,18
2-9-2022,23.66,Ash,15,13,3894,11
4-6-2020,28.94,Pathfinder,3,2,1384,2
11-10-2020,11.18,Wraith,3,5,1694,19
3-4-2021,0.76,Bloodhound,2,4,1419,1
26-12-2022,4.25,Revenant,4,5,2165,1
12-2-2021,6.52,Mad Maggie,8,5,3458,11
20-3-2019,17.89,Gibraltar,6,6,1763,19
16-11-2021,15.81,Lifeline,10,6,4308,15
23-4-2019,13.44,Bloodhound,3,0,677,18
30-9-2021,1.03,Octane,2,3,1390,7
17-12-2020,18.93,Pathfinder,2,3,883,20
22-2-2021,24.49,Bloodhound,5,6,1450,3
25-7-2022,0.12,Mirage,4,6,2697,6
21-9-2021,3.17,Crypto,6,10,3199,5
19-7-2022,27.7,Bloodhound,8,7,3787,12
26-1-2022,8.19,Crypto,0,4,578,15
12-10-2020,24.25,Valkyrie,2,7,1451,12
16-5-2021,6.1,Wattson,6,4,1589,15
27-7-2021,10.71,Bangalore,4,4,1934,4
10-8-2022,17.87,Valkyrie,5,5,2856,15
29-7-2019,12.78,Caustic,6,10,3629,15
22-11-2020,21.93,Gibraltar,12,9,3878,17
22-10-2020,29.67,Bloodhound,7,0,1498,1
6-10-2019,29.98,Mirage,3,6,1949,19
25-9-2019,20.95,Wattson,7,3,2718,20
27-3-2022,10.78,Caustic,3,6,2235,11
16-4-2021,11.46,Mad Maggie,6,5,2618,15
21-3-2021,26.61,Valkyrie,7,9,2693,12
5-7-2022,2.29,Wattson,9,8,4890,3
7-6-2020,0.12,Wraith,0,7,1798,12
2-4-2019,16.46,Mad Maggie,4,4,1211,4
13-9-2022,1.98,Wraith,5,3,1697,7
7-5-2022,28.16,Lifeline,3,7,2596,1
30-10-2020,19.94,Horizon,5,8,2850,19
3-3-2020,19.07,Horizon,6,9,2261,2
10-1-2022,26.95,Valkyrie,11,7,4738,5
30-1-2021,29.32,Bangalore,2,3,812,8
8-3-2021,1.05,Ash,1,2,854,6
14-8-2020,2.86,Ash,2,9,2055,16
14-1-2020,14.83,Octane,8,7,4324,7
27-12-2020,14.98,Pathfinder,4,4,1548,15
17-11-2022,26.99,Wraith,7,14,5234,10
31-12-2020,7.0,Rampart,6,14,4679,1
2-5-2022,0.23,Ash,0,5,1447,16
26-12-2019,16.79,Caustic,6,6,2993,14
8-7-2021,15.91,Valkyrie,2,4,1547,9
8-11-2020,16.01,Revenant,4,5,2161,20
24-2-2021,27.06,Bloodhound,12,9,4347,5
27-2-2021,8.09,Mad Maggie,5,5,2111,12
5-12-2021,11.55,Caustic,13,6,5467,17
24-11-2021,25.38,Caustic,2,0,469,3
17-10-2019,6.19,Octane,1,1,442,7
17-6-2021,20.26,Revenant,2,4,1698,10
3-4-2019,21.39,Valkyrie,4,5,2829,2
24-5-2021,11.35,Crypto,4,5,2160,10
24-6-2020,3.35,Mirage,7,7,2862,18
13-4-2021,25.28,Rampart,9,7,3237,16
14-8-2020,23.29,Wattson,7,4,2253,13
26-11-2022,2.58,Rampart,9,1,2606,13
29-6-2022,20.05,Caustic,7,5,2872,16
12-7-2020,24.89,Pathfinder,6,4,2874,13
27-5-2022,27.14,Mad Maggie,7,6,3361,17
11-12-2019,29.02,Bloodhound,8,7,4898,6
27-6-2022,23.05,Mad Maggie,10,15,6341,7
8-11-2019,15.06,Gibraltar,4,0,1144,13
3-9-2021,6.45,Ash,4,1,1073,9
5-11-2021,4.3,Wraith,2,2,850,10
14-1-2020,23.57,Ash,3,5,1712,14
2-8-2021,20.37,Rampart,5,8,3110,7
16-10-2021,16.65,Pathfinder,7,11,3749,20
1-6-2020,17.16,Wattson,13,13,5831,8
8-5-2020,21.36,Horizon,3,7,2544,16
16-9-2021,6.5,Rampart,4,4,2690,3
27-10-2021,5.34,Pathfinder,4,5,1736,3
31-3-2020,6.02,Horizon,11,7,5028,10
30-6-2022,24.07,Valkyrie,7,4,3594,2
15-11-2021,16.22,Revenant,7,6,2776,2
14-2-2022,12.79,Lifeline,12,10,4876,6
17-1-2022,17.73,Caustic,2,9,3658,10
24-2-2019,13.17,Mirage,4,2,1495,18
14-10-2021,8.71,Bloodhound,4,9,3387,6
25-2-2022,13.69,Valkyrie,10,7,5715,1
16-6-2021,29.67,Bloodhound,7,7,3545,17
28-11-2022,3.5,Wattson,8,11,5669,8
26-1-2021,22.69,Revenant,8,13,7429,12
9-4-2021,29.35,Pathfinder,2,5,1966,16
11-2-2019,14.0,Octane,9,1,2213,9
3-3-2021,28.52,Caustic,3,9,2957,3
16-2-2019,6.61,Octane,6,3,2563,9
13-2-2021,25.2,Valkyrie,6,5,2634,5
17-7-2020,18.87,Lifeline,9,6,4357,20
15-6-2021,7.02,Bloodhound,12,9,5289,8
9-3-2021,25.12,Pathfinder,3,3,1884,17
24-4-2019,12.47,Mad Maggie,4,3,2521,11
30-12-2021,15.85,Bloodhound,10,4,4914,3
18-8-2019,4.21,Mad Maggie,6,6,3688,7
29-12-2020,11.82,Bloodhound,8,10,3827,3
18-1-2021,9.18,Wraith,6,12,5702,18
8-7-2021,27.4,Octane,7,12,6810,20
8-10-2019,22.17,Bloodhound,4,8,4042,9
1-1-2021,11.18,Ash,6,1,2243,17
7-10-2020,23.32,Wraith,4,2,2105,16
9-12-2021,4.82,Horizon,7,6,4391,13
12-5-2020,8.8,Crypto,7,4,2769,11
24-10-2021,3.2,Rampart,6,6,4057,8
16-7-2019,29.24,Lifeline,9,9,5605,3
26-12-2020,22.96,Ash,1,3,1217,9
19-6-2022,0.56,Bloodhound,1,2,725,11
19-7-2020,6.99,Gibraltar,2,4,1851,13
4-10-2021,0.61,Bangalore,7,12,5413,15
2-8-2022,14.51,Octane,8,5,3266,18
23-2-2019,3.48,Lifeline,5,12,4923,4
14-9-2020,27.49,Octane,8,9,5038,8
15-12-2019,18.11,Caustic,0,0,0,18
21-3-2019,0.8,Wattson,1,5,2123,8
3-8-2022,26.22,Pathfinder,5,2,1988,4
10-2-2022,13.03,Wraith,3,11,4524,16
17-1-2022,28.63,Pathfinder,5,10,5031,18
12-8-2020,14.67,Crypto,5,8,3973,9
22-12-2020,29.96,Ash,7,10,3991,7
1-8-2019,22.03,Bangalore,5,0,1537,2
31-1-2020,22.23,Revenant,4,3,2040,17
2-2-2021,11.73,Rampart,4,3,1664,15
14-9-2021,17.99,Lifeline,9,4,3558,17
21-10-2019,27.12,Horizon,6,5,3285,16
12-5-2022,13.86,Pathfinder,8,6,3387,2
15-7-2020,28.05,Gibraltar,7,7,5070,18
15-11-2020,26.71,Wraith,1,0,386,5
5-11-2020,6.1,Wraith,8,1,2800,6
30-10-2022,8.69,Gibraltar,2,3,1391,9
10-1-2021,24.21,Bloodhound,7,4,4248,13
24-5-2019,6.57,Caustic,9,4,3817,14
14-5-2021,24.61,Crypto,5,8,4173,18
4-2-2020,16.72,Horizon,7,7,4763,20
29-8-2019,28.68,Lifeline,4,3,2242,2
5-3-2020,30.0,Ash,5,7,3407,7
15-10-2021,24.41,Mad Maggie,2,5,2673,9
30-11-2022,21.87,Octane,7,7,4984,5
20-7-2021,6.46,Crypto,6,6,4432,5
4-1-2021,28.53,Pathfinder,7,7,3955,18
7-12-2021,19.06,Bloodhound,14,8,3639,6
14-3-2019,28.64,Revenant,4,1,593,10
19-9-2021,17.9,Crypto,3,2,363,16
23-12-2020,24.91,Rampart,8,6,2082,7
2-3-2019,3.54,Wraith,6,4,652,16
27-11-2020,2.64,Bloodhound,4,6,1364,9
29-5-2022,27.12,Wraith,7,7,2935,14
15-11-2020,26.35,Mad Maggie,10,6,3509,20
5-12-2022,5.65,Wraith,5,3,1143,16
25-9-2021,27.1,Mad Maggie,1,2,541,20
16-4-2019,20.83,Wattson,4,10,1209,11
9-1-2022,23.97,Wattson,3,4,614,19
22-12-2019,17.56,Crypto,4,12,1513,15
3-3-2019,5.88,Bangalore,7,8,1287,2
21-3-2020,19.24,Wraith,11,12,4693,14
9-10-2019,6.37,Pathfinder,5,0,1274,13
18-8-2022,27.86,Caustic,2,1,454,12
14-2-2019,1.37,Bloodhound,2,3,422,11
27-5-2021,19.88,Horizon,8,3,1317,17
3-3-2020,7.77,Revenant,6,10,1173,3
3-5-2022,29.22,Wattson,7,13,3566,13
16-9-2019,27.87,Horizon,6,8,2156,2
10-2-2019,15.86,Wraith,0,6,824,7
15-9-2021,6.64,Rampart,1,4,425,2
30-4-2021,19.15,Bloodhound,3,4,591,2
27-7-2019,27.19,Bangalore,6,10,3343,3
11-3-2022,24.51,Gibraltar,10,10,2808,1
8-10-2019,19.9,Horizon,9,6,3587,10
1-12-2020,27.91,Pathfinder,10,6,3493,20
8-10-2020,15.44,Pathfinder,1,1,185,3
18-2-2021,1.31,Mad Maggie,2,5,1138,15
25-7-2021,17.45,Bloodhound,7,4,2086,13
26-3-2021,14.54,Lifeline,4,10,1440,8
8-4-2019,6.39,Lifeline,11,4,3551,6
8-1-2020,26.09,Lifeline,6,11,3820,6
5-7-2022,2.69,Horizon,8,7,2839,4
19-6-2019,27.43,Ash,5,3,1904,19
13-11-2022,13.6,Valkyrie,2,5,912,10
1-11-2021,13.21,Mad Maggie,3,2,1104,8
2-5-2019,21.09,Ash,4,5,1672,1
26-6-2022,14.08,Lifeline,6,4,1016,7
17-4-2019,1.36,Pathfinder,8,7,1794,16
8-5-2019,2.24,Wattson,7,10,2585,11
10-1-2022,28.79,Mad Maggie,3,4,1472,5
12-2-2020,29.07,Gibraltar,5,3,947,14
30-1-2022,16.8,Mad Maggie,5,3,888,2
13-4-2022,2.45,Mirage,9,5,2465,7
28-6-2020,23.58,Bloodhound,12,7,2055,17
14-8-2020,18.4,Pathfinder,9,9,2354,2
7-6-2022,15.84,Lifeline,9,7,2375,17
19-6-2019,21.35,Gibraltar,3,2,962,1
31-1-2022,1.87,Valkyrie,6,5,1282,13
23-11-2020,12.44,Crypto,4,3,1333,18
24-8-2019,22.8,Bangalore,4,11,2189,14
21-4-2019,24.37,Caustic,4,8,1418,2
3-3-2021,6.63,Rampart,6,5,1890,10
16-4-2019,3.82,Caustic,9,7,4114,9
5-5-2021,18.99,Valkyrie,3,3,1103,13
9-12-2022,29.42,Bangalore,2,3,1271,9
6-8-2019,15.44,Horizon,8,3,2353,7
21-8-2020,15.22,Valkyrie,6,8,2223,14
28-1-2022,12.0,Wattson,4,10,2187,14
9-11-2022,9.87,Caustic,7,6,1939,14
24-3-2020,3.36,Bangalore,6,10,2227,9
29-12-2019,13.31,Octane,2,0,486,12
23-11-2021,3.23,Wraith,1,1,475,10
15-12-2022,16.27,Octane,4,4,1128,19
17-1-2021,23.05,Pathfinder,6,3,1391,19
3-8-2019,3.21,Bloodhound,4,5,2305,1
25-8-2019,8.01,Valkyrie,5,5,1704,13
9-8-2022,16.44,Mad Maggie,6,7,3264,5
6-10-2020,2.97,Pathfinder,3,6,1517,3
15-8-2022,0.21,Mirage,5,1,874,19
22-7-2022,24.48,Crypto,4,9,2494,18
29-10-2021,4.27,Mirage,6,7,1891,12
15-7-2020,17.92,Lifeline,9,5,3131,13
24-6-2020,26.29,Mad Maggie,7,7,3539,10
9-7-2019,29.14,Wraith,13,7,5862,1
27-10-2019,27.36,Pathfinder,2,7,1723,4
25-9-2019,17.74,Rampart,6,6,1860,18
14-10-2019,3.82,Lifeline,6,9,3503,7
2-9-2021,27.88,Wraith,3,3,803,14
21-4-2019,15.44,Bangalore,5,5,2211,2
10-2-2021,20.69,Revenant,7,5,2236,15
5-7-2020,14.97,Wraith,6,9,4028,10
17-1-2022,2.49,Revenant,0,2,301,15
21-10-2022,29.49,Caustic,5,4,1485,1
6-6-2020,26.8,Caustic,3,5,1471,9
10-10-2020,15.15,Horizon,3,6,2491,18
9-1-2020,24.29,Bangalore,9,6,2747,20
8-8-2020,2.83,Valkyrie,7,6,3257,12
24-4-2020,2.32,Lifeline,7,9,4374,9
8-2-2020,12.98,Octane,7,1,1677,12
25-3-2019,21.37,Octane,6,4,3080,10
2-3-2021,21.09,Horizon,6,3,2654,9
25-5-2021,2.24,Revenant,4,3,1818,20
7-5-2022,24.34,Pathfinder,5,6,2584,15
30-8-2022,0.55,Horizon,7,7,2388,13
18-7-2022,4.56,Pathfinder,6,11,3878,5
20-3-2021,19.91,Horizon,8,9,3080,15
