29-12-2021,0.15,Gibraltar,2,0,205,10
26-12-2022,17.28,Gibraltar,1,1,374,11
25-9-2019,27.72,Gibraltar,4,5,495,11
29-11-2019,24.79,Gibraltar,12,4,1334,17
19-7-2022,29.78,Bangalore,5,7,2043,15
20-8-2022,7.89,Bangalore,5,5,1617,16
12-11-2020,17.92,Gibraltar,9,7,3319,2
6-12-2022,23.87,Lifeline,4,1,818,1
30-10-2019,17.6,Gibraltar,1,7,616,18
19-4-2021,3.52,Bloodhound,2,7,1578,6
10-7-2020,25.99,Pathfinder,5,4,1616,13
13-4-2019,3.58,Lifeline,4,5,1318,18
6-1-2020,4.81,Lifeline,5,8,1904,1
2-2-2020,3.36,Lifeline,7,6,2003,19
8-5-2020,20.93,Lifeline,1,3,430,3
22-7-2019,27.31,Gibraltar,2,3,865,5
23-7-2021,23.92,Lifeline,7,8,1043,18
24-9-2022,24.87,Bloodhound,3,5,699,7
15-12-2020,23.31,Pathfinder,7,8,2836,8
8-7-2020,3.53,Bangalore,5,5,1663,15
22-2-2021,7.2,Lifeline,8,7,1696,7
17-4-2022,8.52,Pathfinder,1,3,832,3
9-5-2022,3.97,Pathfinder,2,5,944,1
17-10-2019,17.54,Bangalore,2,3,414,9
16-2-2020,28.5,Pathfinder,3,4,891,18
30-10-2019,9.3,Bangalore,5,7,1180,14
6-12-2022,28.89,Pathfinder,9,12,4935,7
5-3-2020,20.53,Bangalore,8,11,3769,1
13-4-2019,5.13,Pathfinder,1,7,1451,6
7-12-2019,25.18,Pathfinder,3,7,1469,18
10-3-2022,10.25,Lifeline,7,10,1965,14
23-1-2020,17.3,Pathfinder,3,6,2160,6
26-12-2022,0.75,Lifeline,7,4,1957,16
4-11-2020,21.44,Wraith,6,9,1941,7
14-2-2022,14.6,Gibraltar,7,8,2012,18
5-12-2022,15.93,Bangalore,4,4,1505,6
14-1-2020,9.6,Bloodhound,7,2,1668,2
16-3-2019,18.86,Pathfinder,9,3,1395,14
31-7-2020,4.72,Pathfinder,4,3,1347,5
9-4-2022,29.54,Lifeline,5,5,1703,11
1-9-2021,13.66,Wraith,5,9,2214,8
1-3-2022,10.8,Gibraltar,9,6,1741,7
23-2-2019,12.98,Bloodhound,2,1,403,20
24-9-2020,19.62,Gibraltar,5,2,1192,12
18-3-2022,16.01,Gibraltar,7,9,3128,5
8-9-2019,17.99,Bangalore,3,4,1218,7
20-6-2022,22.42,Wraith,11,7,2714,18
13-11-2019,0.21,Pathfinder,10,6,2868,2
1-3-2022,10.03,Wraith,12,6,2998,17
20-5-2019,24.33,Lifeline,0,1,105,10
3-8-2021,6.46,Bloodhound,9,2,2646,9
1-6-2021,20.53,Bangalore,2,7,1447,18
13-10-2021,11.32,Lifeline,8,5,3040,18
25-6-2020,12.44,Lifeline,9,12,2806,4
24-7-2019,27.81,Lifeline,12,7,3393,14
28-2-2022,4.75,Gibraltar,6,14,2579,20
9-9-2020,2.31,Gibraltar,0,7,1619,4
18-11-2020,6.67,Wraith,3,3,1276,5
2-10-2021,16.31,Pathfinder,2,5,1521,12
10-12-2021,14.18,Pathfinder,6,10,2592,19
20-8-2019,12.55,Gibraltar,11,6,3480,3
29-7-2019,17.57,Gibraltar,10,6,2522,12
30-3-2021,11.03,Lifeline,7,8,3908,20
14-6-2020,4.18,Bangalore,0,2,498,20
18-2-2022,13.43,Wraith,2,1,460,8
26-10-2019,2.27,Bangalore,3,5,1894,17
12-6-2022,2.32,Bloodhound,3,7,1307,5
9-7-2019,23.29,Bloodhound,5,9,2601,2
17-1-2021,29.46,Wraith,6,10,3543,6
5-8-2019,10.82,Lifeline,6,10,3721,5
12-11-2019,26.89,Lifeline,0,4,759,12
5-10-2020,10.91,Bloodhound,4,5,2199,8
15-8-2022,8.66,Pathfinder,3,3,1370,14
14-12-2019,6.34,Bloodhound,5,3,1416,1
7-12-2021,28.27,Lifeline,10,5,2931,20
27-4-2019,27.98,Wraith,7,9,4461,13
10-5-2020,14.92,Bloodhound,8,13,4997,15
25-6-2020,10.0,Gibraltar,5,3,1477,3
21-9-2021,1.07,Lifeline,1,9,2274,14
19-3-2020,26.35,Wraith,10,6,2822,18
23-3-2020,5.41,Bangalore,3,3,1132,8
16-8-2020,27.02,Wraith,6,8,2621,20
7-9-2021,11.11,Lifeline,14,5,5765,6
24-5-2019,4.37,Gibraltar,10,8,3778,13
29-12-2021,26.17,Wraith,0,1,135,18
30-7-2022,20.97,Pathfinder,2,1,540,6
27-6-2021,11.4,Lifeline,4,8,2513,18
8-4-2021,10.15,Bloodhound,6,3,1666,8
28-7-2022,29.81,Lifeline,9,8,3176,11
27-1-2021,7.73,Lifeline,8,5,2184,17
9-7-2021,14.39,Wraith,7,13,2944,8
13-12-2019,28.51,Pathfinder,5,8,3555,4
29-6-2020,28.75,Wraith,3,5,1475,2
22-10-2020,13.72,Gibraltar,6,6,2784,12
16-9-2021,3.69,Lifeline,3,3,1243,8
1-3-2022,19.15,Gibraltar,14,4,5418,12
23-9-2022,6.91,Bangalore,8,12,5580,11
27-1-2022,3.12,Pathfinder,6,9,2316,17
3-11-2019,7.17,Gibraltar,0,2,385,18
16-10-2020,23.07,Gibraltar,7,11,5242,13
8-10-2021,8.53,Bloodhound,5,6,2883,9
20-4-2019,17.83,Bangalore,10,4,3849,16
25-8-2020,1.56,Bloodhound,4,4,1610,8
21-6-2021,7.42,Pathfinder,5,10,2557,2
23-1-2021,23.99,Pathfinder,14,9,5322,1
20-6-2020,3.24,Lifeline,2,2,749,2
27-2-2022,7.93,Wraith,1,9,2498,4
12-9-2020,15.14,Bangalore,3,3,1577,17
14-11-2021,24.93,Lifeline,5,7,2211,8
2-3-2022,10.21,Bloodhound,5,11,2906,1
25-6-2020,28.89,Bloodhound,13,7,5889,7
9-10-2019,8.32,Gibraltar,6,9,3664,1
24-1-2022,10.53,Wraith,1,5,1668,6
12-9-2021,26.27,Pathfinder,1,7,1332,19
14-10-2021,4.59,Wraith,5,2,1709,20
23-4-2020,17.98,Gibraltar,10,4,4272,7
16-9-2019,19.02,Bangalore,5,4,2585,1
5-8-2021,12.01,Gibraltar,9,13,4445,6
30-10-2020,14.4,Lifeline,6,14,5059,20
16-9-2020,3.02,Pathfinder,3,5,1390,4
5-11-2021,19.48,Wraith,2,6,1808,16
29-12-2020,17.77,Wraith,3,3,1812,18
24-6-2020,26.93,Bloodhound,4,5,2988,20
18-10-2020,7.05,Gibraltar,4,6,2040,18
2-9-2020,13.87,Pathfinder,5,7,2124,15
29-5-2020,29.88,Lifeline,6,8,3804,8
6-1-2021,10.93,Lifeline,0,3,927,8
10-6-2022,5.8,Gibraltar,3,2,1184,3
25-3-2019,20.19,Bangalore,7,5,2667,9
25-10-2020,14.97,Lifeline,5,5,3454,3
1-8-2022,23.45,Lifeline,9,8,4031,3
13-11-2021,21.83,Bloodhound,8,7,4336,20
4-7-2019,11.68,Wraith,8,12,4221,17
30-5-2021,24.82,Gibraltar,3,1,997,9
1-10-2020,22.15,Pathfinder,2,6,2086,1
18-12-2021,8.03,Lifeline,4,11,3515,19
31-7-2019,15.73,Wraith,4,7,2353,8
11-4-2022,25.24,Bangalore,4,6,2447,14
9-10-2021,3.96,Pathfinder,8,5,3309,16
5-5-2021,19.55,Lifeline,9,6,4911,20
2-2-2022,15.48,Pathfinder,3,1,812,12
17-6-2019,11.92,Pathfinder,6,1,2431,17
30-10-2021,22.49,Bloodhound,6,6,2539,4
8-9-2019,23.6,Lifeline,5,3,2650,17
30-4-2022,28.24,Lifeline,8,5,4001,1
27-4-2019,10.46,Lifeline,5,5,2465,1
28-2-2019,6.98,Gibraltar,7,6,4500,14
26-7-2020,12.83,Lifeline,0,1,241,13
10-2-2022,23.95,Pathfinder,1,7,2506,7
13-12-2021,0.26,Pathfinder,10,3,3462,17
24-10-2021,24.09,Bangalore,4,4,1922,7
5-1-2022,27.24,Lifeline,8,5,4088,17
7-8-2019,11.13,Gibraltar,9,7,5271,14
4-10-2020,3.82,Gibraltar,11,9,4445,20
7-7-2022,4.95,Lifeline,0,5,1696,19
25-11-2019,3.65,Wraith,6,1,2111,3
25-2-2019,9.26,Bangalore,9,4,4107,1
11-3-2020,29.2,Gibraltar,5,10,4838,15
2-11-2020,21.36,Gibraltar,4,5,2262,18
20-10-2022,23.94,Bangalore,7,9,3853,10
17-9-2021,1.06,Pathfinder,8,14,7496,4
24-7-2022,25.05,Bangalore,4,1,1910,15
30-5-2021,2.95,Gibraltar,1,3,989,20
12-3-2021,22.64,Wraith,2,2,1374,14
1-1-2022,10.16,Bangalore,8,6,3897,9
3-3-2022,13.7,Pathfinder,13,4,5387,13
17-12-2021,21.82,Lifeline,7,5,3774,4
19-12-2021,17.5,Bloodhound,6,9,5347,6
27-11-2022,23.58,Wraith,3,0,1195,18
19-5-2020,12.17,Lifeline,3,4,1601,6
4-5-2021,21.39,Bangalore,3,9,3072,2
26-9-2021,4.75,Bloodhound,5,4,2169,7
28-3-2022,3.95,Bloodhound,4,4,3021,9
26-6-2019,5.96,Gibraltar,9,10,4892,6
2-4-2020,20.52,Wraith,10,9,6866,11
12-3-2020,23.96,Pathfinder,2,3,1775,17
20-3-2021,18.91,Bangalore,1,4,1622,10
14-2-2019,24.68,Lifeline,5,2,2276,6
27-5-2022,4.48,Gibraltar,4,9,4787,9
24-5-2021,17.52,Lifeline,5,4,2641,10
29-3-2020,26.59,Bangalore,5,7,4418,10
14-9-2020,29.22,Bloodhound,11,15,8954,6
31-3-2019,22.5,Wraith,1,4,1464,11
27-2-2021,10.59,Gibraltar,3,9,3111,14
7-10-2022,21.42,Wraith,7,2,3378,6
6-11-2020,2.54,Bangalore,7,4,4104,3
19-5-2019,28.23,Pathfinder,7,12,5884,8
27-12-2019,14.82,Lifeline,9,8,6323,6
2-4-2019,8.93,Bloodhound,8,6,4519,7
6-3-2022,9.63,Pathfinder,4,0,1088,8
3-1-2021,27.94,Pathfinder,1,2,722,19
31-10-2020,8.09,Bangalore,3,8,3467,16
20-5-2022,27.43,Pathfinder,3,8,3349,4
4-4-2020,11.17,Bloodhound,8,5,4407,4
24-2-2022,14.83,Wraith,10,6,4063,12
13-7-2019,18.99,Wraith,6,10,6014,3
23-2-2022,14.71,Bloodhound,1,0,422,13
27-2-2019,29.49,Lifeline,4,8,3236,9
7-11-2021,20.01,Pathfinder,3,2,1895,10
9-7-2020,14.95,Bloodhound,4,6,3061,14
17-5-2019,5.36,Pathfinder,7,4,1975,18
22-6-2021,17.03,Gibraltar,8,6,1335,3
5-9-2019,20.54,Bangalore,10,10,3977,12
26-3-2020,5.17,Gibraltar,7,5,2056,14
19-6-2021,9.31,Wraith,1,4,530,11
11-4-2020,11.13,Bangalore,2,8,832,7
4-4-2020,25.61,Wraith,3,5,1294,14
6-2-2021,9.3,Wraith,4,6,2154,13
30-9-2020,1.45,Bangalore,7,6,2873,11
30-9-2020,20.62,Bangalore,10,6,1810,19
25-4-2022,27.61,Bangalore,6,0,502,3
8-11-2020,15.26,Lifeline,3,4,1084,13
9-9-2021,11.31,Wraith,3,2,729,2
6-5-2021,28.93,Pathfinder,4,5,1588,3
21-5-2020,19.31,Gibraltar,5,12,2168,1
15-10-2021,23.64,Lifeline,5,9,3009,15
6-8-2021,8.5,Gibraltar,6,9,3240,14
21-8-2020,17.16,Lifeline,2,6,652,15
23-10-2021,10.87,Bangalore,4,7,2029,5
6-10-2022,20.97,Bangalore,6,3,2183,20
22-4-2019,13.22,Lifeline,4,3,1213,10
17-4-2022,6.05,Gibraltar,5,8,1511,6
21-2-2019,23.32,Pathfinder,9,13,4545,19
4-1-2022,25.95,Bangalore,14,8,3967,16
8-6-2021,25.76,Pathfinder,4,5,1932,20
5-8-2022,27.05,Lifeline,4,5,1628,1
19-10-2021,4.89,Bloodhound,6,7,2267,17
1-9-2021,7.52,Gibraltar,3,8,905,7
27-7-2019,15.94,Wraith,9,10,2173,12
25-9-2021,5.73,Wraith,10,5,3532,2
1-8-2020,10.75,Gibraltar,7,7,1609,5
6-6-2021,3.2,Wraith,2,4,908,16
31-8-2021,11.85,Bangalore,9,5,1569,3
8-9-2022,17.73,Wraith,5,5,1065,1
24-1-2020,16.6,Bangalore,4,3,1528,18
22-5-2021,27.69,Bangalore,7,5,3006,18
26-6-2019,1.85,Bangalore,7,11,3017,8
15-5-2021,7.18,Lifeline,7,8,2343,2
6-5-2019,26.72,Bloodhound,0,1,154,19
17-6-2020,13.39,Gibraltar,1,2,555,18
19-12-2019,5.02,Bloodhound,5,4,1854,9
25-2-2019,29.54,Bangalore,6,7,1540,13
1-8-2021,1.42,Bangalore,7,9,1963,4
18-2-2020,6.08,Wraith,6,5,2531,18
3-6-2019,7.13,Bangalore,6,12,3319,6
17-7-2020,13.79,Bloodhound,5,7,2000,12
1-3-2019,15.04,Bangalore,2,4,1287,5
5-6-2020,2.46,Bloodhound,2,3,1102,17
5-9-2019,3.76,Lifeline,8,4,2379,19
5-6-2022,12.06,Bloodhound,5,10,2944,8
6-7-2020,3.58,Bangalore,6,9,1744,20
31-1-2020,7.0,Pathfinder,12,14,6728,14
12-3-2022,13.3,Gibraltar,3,5,960,3
12-1-2020,13.71,Wraith,9,6,2985,7
10-1-2022,9.79,Lifeline,5,8,3011,7
16-8-2019,14.84,Bloodhound,9,6,2681,14
24-10-2020,24.6,Gibraltar,13,7,3866,20
8-4-2022,0.48,Bloodhound,10,9,5075,3
24-8-2020,3.72,Lifeline,6,10,3193,16
18-10-2022,5.52,Lifeline,5,0,1322,20
6-4-2021,18.15,Lifeline,11,4,2885,4
24-1-2022,18.4,Wraith,5,2,1426,3
13-9-2021,29.71,Bloodhound,10,3,2558,20
3-7-2022,17.78,Bloodhound,6,4,2552,9
5-5-2022,20.49,Bangalore,5,7,1627,16
10-7-2022,26.29,Gibraltar,8,7,4117,7
9-11-2022,9.3,Bloodhound,6,3,1682,10
7-4-2021,7.25,Bangalore,3,3,1299,1
2-2-2022,9.4,Pathfinder,5,3,2205,12
10-5-2021,9.91,Bloodhound,3,4,1444,2
22-2-2019,17.54,Wraith,6,4,2715,15
20-10-2021,9.6,Gibraltar,11,10,4311,2
10-4-2020,19.55,Bloodhound,8,8,3575,19
9-5-2022,0.02,Pathfinder,0,2,462,17
17-10-2022,17.94,Pathfinder,2,1,377,7
27-2-2020,29.63,Wraith,3,5,2138,2
6-3-2019,29.39,Pathfinder,5,4,1362,17
13-10-2019,2.61,Bangalore,5,6,3081,20
6-2-2020,22.51,Gibraltar,7,7,3778,8
18-12-2020,21.42,Bangalore,6,7,2852,13
8-5-2020,1.2,Pathfinder,1,2,853,18
30-1-2020,29.8,Pathfinder,1,3,1066,8
11-10-2019,8.89,Pathfinder,4,4,1504,15
5-12-2022,6.1,Bloodhound,8,3,1531,11
26-1-2021,23.8,Bloodhound,6,6,1870,17
11-5-2021,9.2,Wraith,5,12,3469,12
19-1-2020,23.49,Gibraltar,9,9,2641,4
23-7-2019,13.39,Gibraltar,5,0,1566,18
19-10-2020,9.84,Pathfinder,2,1,770,17
25-2-2019,10.54,Bangalore,3,10,2443,14
20-3-2020,6.06,Lifeline,3,6,2051,8
14-4-2020,19.26,Pathfinder,5,6,2266,15
14-7-2022,25.63,Wraith,5,11,3496,13
29-8-2020,6.67,Gibraltar,8,14,3863,15
25-1-2021,1.64,Lifeline,2,5,1016,8
18-10-2021,0.21,Lifeline,1,1,416,13
21-7-2021,4.7,Bangalore,5,5,3014,15
26-9-2019,20.39,Pathfinder,4,10,3072,8
11-5-2019,20.01,Gibraltar,10,9,4005,18
22-10-2019,19.45,Bloodhound,11,8,3844,14
1-10-2020,6.1,Lifeline,6,7,2836,11
16-3-2019,22.47,Pathfinder,3,4,2144,10
28-1-2020,5.59,Bangalore,1,5,1541,17
1-1-2021,21.49,Lifeline,3,4,1357,6
1-9-2019,7.19,Lifeline,3,11,2955,12
11-9-2022,29.24,Bloodhound,9,5,4214,17
19-8-2022,26.06,Bloodhound,6,7,3578,13
17-7-2022,29.8,Lifeline,9,8,4168,6
25-3-2020,17.71,Pathfinder,1,3,1074,17
23-8-2020,19.63,Lifeline,4,2,986,3
20-5-2020,1.06,Wraith,2,7,1821,11
20-3-2021,23.82,Lifeline,4,3,1333,16
23-9-2022,13.1,Bangalore,5,4,1718,9
29-8-2020,16.36,Wraith,14,8,5729,14
10-7-2022,12.12,Wraith,7,7,2952,13
26-5-2020,19.27,Wraith,2,1,759,6
24-10-2022,11.08,Pathfinder,1,4,1397,10
30-3-2019,15.87,Lifeline,3,7,1924,1
20-11-2022,16.96,Bloodhound,3,10,2238,12
17-11-2020,15.09,Bangalore,5,9,3662,19
12-3-2021,26.63,Bangalore,11,10,5836,1
11-10-2022,13.09,Pathfinder,7,10,4374,5
22-5-2020,27.27,Bloodhound,3,1,807,10
29-9-2021,6.92,Bangalore,4,1,1148,7
12-1-2020,26.1,Pathfinder,4,3,2075,20
4-7-2020,12.27,Bangalore,4,8,3911,4
6-10-2021,5.63,Pathfinder,4,6,2934,3
12-3-2019,28.07,Bloodhound,8,8,5405,15
30-8-2019,11.63,Bangalore,8,10,4133,7
22-2-2020,1.59,Lifeline,2,4,1725,19
8-4-2021,10.37,Wraith,1,5,1190,3
2-11-2020,16.07,Bangalore,9,4,4307,6
5-7-2021,28.71,Bangalore,5,4,2141,20
11-6-2021,13.13,Lifeline,5,12,4268,19
19-7-2022,20.89,Wraith,9,8,5279,13
9-2-2022,17.19,Bloodhound,13,6,5802,2
15-2-2019,3.36,Bloodhound,0,4,1149,4
5-3-2021,3.52,Gibraltar,1,5,1405,7
29-5-2022,14.31,Wraith,7,5,2409,4
28-8-2021,1.16,Wraith,9,4,4192,20
12-8-2020,22.59,Pathfinder,7,5,3311,17
6-5-2021,4.62,Bloodhound,5,5,3274,14
16-4-2021,29.47,Gibraltar,12,12,6407,5
7-11-2022,13.46,Bangalore,1,3,1240,20
20-4-2021,6.43,Gibraltar,3,9,3929,8
29-5-2019,6.32,Gibraltar,3,3,1800,7
13-8-2021,21.95,Gibraltar,5,4,3019,5
8-5-2019,1.41,Bangalore,8,7,4875,3
28-11-2021,2.28,Pathfinder,6,8,3555,8
4-4-2019,19.48,Pathfinder,7,7,3770,16
27-5-2021,4.07,Wraith,3,7,2809,6
23-5-2019,23.48,Pathfinder,7,4,2435,20
5-10-2019,21.47,Wraith,2,3,1055,12
20-7-2020,29.72,Lifeline,4,8,3137,3
30-9-2021,2.57,Pathfinder,6,9,3228,12
2-11-2020,8.35,Gibraltar,5,7,3728,4
21-12-2021,14.21,Wraith,6,15,7039,3
6-8-2020,10.75,Pathfinder,7,1,1940,10
22-3-2021,0.22,Wraith,2,5,1722,13
31-3-2019,5.85,Wraith,3,2,1651,13
22-10-2021,29.28,Bloodhound,8,3,3332,11
25-5-2019,23.99,Gibraltar,5,8,4355,20
18-8-2019,29.7,Bangalore,6,11,6236,7
2-6-2021,14.64,Gibraltar,7,6,3502,10
27-8-2021,29.8,Bangalore,0,0,0,10
13-3-2022,20.17,Gibraltar,1,2,740,11
15-10-2021,17.68,Bangalore,4,3,1594,14
13-5-2021,8.66,Wraith,6,4,3334,5
16-8-2020,12.81,Pathfinder,4,6,2923,12
12-7-2021,22.7,Bangalore,12,8,7504,4
17-4-2020,11.02,Lifeline,13,6,6548,11
29-4-2019,5.89,Bangalore,0,1,295,12
20-10-2021,25.74,Lifeline,2,2,1334,15
31-5-2021,24.89,Pathfinder,6,7,3165,9
7-8-2022,14.47,Pathfinder,4,4,2208,12
24-4-2019,7.01,Bloodhound,4,4,2817,7
30-9-2020,0.79,Bangalore,5,8,3397,8
28-2-2019,7.3,Bangalore,7,10,4158,10
26-7-2022,13.85,Gibraltar,4,2,1952,12
28-9-2019,16.38,Pathfinder,3,4,1909,8
15-5-2021,22.74,Bloodhound,9,7,4248,11
27-6-2022,23.17,Bangalore,4,4,2115,10
13-5-2022,24.07,Bloodhound,6,11,6416,10
31-8-2021,21.06,Bangalore,12,6,6444,10
3-9-2019,18.5,Wraith,7,8,4520,3
10-3-2020,19.94,Pathfinder,6,1,1821,8
12-2-2022,8.38,Bangalore,1,3,1233,18
22-8-2022,18.9,Wraith,5,8,4813,8
12-1-2022,5.59,Pathfinder,6,7,4807,1
12-4-2022,16.16,Bangalore,6,11,4800,4
6-3-2020,13.89,Gibraltar,9,8,4844,3
6-8-2022,28.08,Bloodhound,10,10,7840,6
10-2-2019,10.26,Wraith,7,1,2252,1
3-4-2020,2.45,Lifeline,3,8,3238,16
1-11-2019,15.15,Lifeline,3,4,2129,11
3-4-2019,25.35,Pathfinder,11,5,5537,5
2-9-2019,20.4,Pathfinder,6,5,3651,13
5-7-2022,12.3,Pathfinder,8,8,5988,11
6-6-2022,6.33,Wraith,11,12,7207,1
1-5-2020,22.97,Bangalore,2,3,1658,7
10-8-2022,1.81,Lifeline,5,1,648,12
25-1-2020,24.59,Bangalore,4,2,628,4
5-12-2020,17.09,Bloodhound,7,3,1826,9
10-10-2021,14.18,Bangalore,9,5,1077,18
12-6-2019,23.23,Gibraltar,13,7,2727,14
21-2-2022,29.01,Bangalore,11,11,3294,17
2-11-2022,10.99,Wraith,1,6,598,19
26-7-2021,26.93,Pathfinder,3,3,1031,17
9-12-2019,27.55,Bloodhound,10,11,1736,6
19-12-2019,4.31,Wraith,5,3,1564,10
5-12-2020,4.8,Lifeline,8,10,2330,4
30-10-2019,17.49,Lifeline,6,5,952,18
26-7-2021,17.84,Wraith,14,7,4684,1
7-2-2022,10.38,Lifeline,1,9,1155,2
18-6-2020,13.72,Gibraltar,10,4,2940,19
26-9-2021,19.82,Bangalore,3,7,1278,4
21-1-2021,3.58,Gibraltar,8,6,1984,9
7-11-2020,1.19,Lifeline,9,8,1940,2
12-11-2019,13.17,Pathfinder,8,8,2213,14
25-6-2022,5.29,Pathfinder,7,14,1524,5
29-12-2019,10.82,Gibraltar,2,6,750,13
7-5-2020,1.69,Gibraltar,3,9,2083,16
8-9-2022,15.81,Bloodhound,3,3,1083,16
15-7-2020,8.97,Bloodhound,4,3,797,2
5-8-2021,1.32,Bloodhound,9,11,4129,8
7-2-2020,27.21,Bangalore,5,8,1079,13
21-10-2022,6.68,Gibraltar,9,6,2657,18
22-2-2021,7.8,Bangalore,5,4,902,4
10-2-2022,18.35,Lifeline,3,1,707,7
3-3-2022,21.97,Gibraltar,5,4,866,14
27-12-2021,2.02,Wraith,4,5,1338,5
24-5-2022,3.82,Lifeline,6,5,1351,18
14-10-2021,4.75,Bloodhound,7,5,1295,15
11-3-2019,16.89,Gibraltar,9,14,2104,11
16-9-2021,22.28,Bloodhound,2,3,872,14
9-11-2020,29.57,Lifeline,9,2,2303,6
10-11-2020,10.22,Lifeline,2,2,928,19
22-12-2021,27.86,Bloodhound,4,4,1695,20
6-2-2020,14.23,Wraith,7,4,2241,2
29-7-2021,10.2,Gibraltar,5,5,2260,9
8-7-2022,30.0,Lifeline,7,12,4652,11
3-3-2019,22.51,Bangalore,6,7,1891,15
3-8-2019,26.47,Bangalore,1,3,889,7
19-9-2019,20.76,Lifeline,2,6,834,1
26-4-2020,23.63,Pathfinder,3,6,1897,20
15-8-2019,6.01,Bloodhound,4,13,1850,1
26-8-2021,13.05,Gibraltar,6,6,1326,19
24-8-2020,22.3,Bangalore,14,9,2789,7
31-10-2019,15.99,Bangalore,2,5,914,10
13-11-2022,7.18,Bloodhound,1,3,460,11
24-5-2022,11.53,Gibraltar,8,7,2934,10
1-10-2022,5.21,Wraith,5,4,2090,4
30-8-2019,1.94,Gibraltar,9,6,2665,4
4-10-2019,22.67,Bloodhound,10,6,2842,16
9-4-2019,5.73,Pathfinder,6,9,3823,2
23-12-2022,17.22,Gibraltar,6,0,1712,14
9-2-2020,24.74,Gibraltar,2,3,828,5
12-2-2020,20.69,Pathfinder,3,3,1428,11
5-6-2022,21.63,Pathfinder,4,9,1993,15
20-11-2022,2.69,Lifeline,6,6,2475,4
29-9-2019,18.83,Lifeline,6,8,2183,3
24-11-2020,14.85,Bloodhound,10,7,3303,19
10-3-2019,27.02,Pathfinder,1,3,962,10
1-5-2021,11.93,Bloodhound,1,4,684,3
17-6-2019,14.99,Bangalore,5,4,1562,13
14-6-2020,5.51,Bloodhound,4,3,1524,8
14-11-2019,25.21,Lifeline,4,9,1574,1
25-2-2022,24.66,Gibraltar,6,7,3274,18
18-8-2020,16.85,Gibraltar,7,10,4568,9
8-8-2020,1.6,Bloodhound,6,1,1768,10
6-11-2020,24.89,Gibraltar,6,3,1978,15
12-4-2022,6.21,Bangalore,11,5,3760,1
20-5-2021,16.66,Bloodhound,5,5,1730,17
18-1-2020,27.69,Pathfinder,8,6,3403,13
24-3-2019,27.34,Bloodhound,14,8,5691,10
15-12-2019,0.68,Bangalore,6,7,2893,12
6-9-2022,5.99,Bangalore,3,5,1551,2
24-11-2020,9.8,Lifeline,5,4,1863,15
22-9-2019,26.87,Gibraltar,7,4,2633,9
14-12-2019,0.27,Pathfinder,11,4,2116,5
18-4-2021,8.79,Gibraltar,10,8,3448,1
12-12-2022,11.35,Wraith,7,5,1969,11
16-2-2019,22.68,Bloodhound,10,7,3073,16
5-4-2021,11.7,Bloodhound,0,5,1026,6
15-4-2022,28.22,Bloodhound,5,4,1669,17
30-5-2022,29.16,Gibraltar,8,5,2439,14
16-7-2019,29.47,Gibraltar,3,5,1624,19
22-7-2019,28.19,Bangalore,8,8,2350,18
18-6-2020,28.51,Wraith,9,5,2534,5
16-11-2021,23.54,Gibraltar,13,7,5332,14
16-2-2019,19.52,Wraith,1,1,393,7
16-3-2022,22.81,Bangalore,2,4,1626,7
19-11-2019,14.28,Pathfinder,3,3,1246,18
1-3-2022,29.7,Wraith,6,8,2622,9
24-1-2021,29.71,Pathfinder,8,6,2836,19
9-5-2021,8.8,Bangalore,9,12,4191,20
26-7-2019,2.84,Gibraltar,10,7,3137,10
9-1-2020,8.98,Bangalore,3,2,1011,8
23-2-2022,26.08,Wraith,2,3,881,18
3-9-2020,17.21,Pathfinder,3,3,1570,3
22-5-2020,7.62,Lifeline,3,8,1986,11
9-11-2021,8.31,Wraith,4,9,2420,8
29-9-2020,15.13,Lifeline,6,7,3326,10
1-2-2022,20.77,Pathfinder,8,8,3388,17
31-10-2022,23.62,Gibraltar,4,1,885,12
31-5-2022,26.14,Bangalore,3,5,2033,9
14-12-2022,0.07,Pathfinder,3,5,1898,12
24-9-2020,15.18,Bloodhound,6,6,2733,13
30-5-2020,3.68,Gibraltar,8,8,3172,4
4-5-2022,27.84,Wraith,6,13,5882,4
10-7-2020,29.67,Bangalore,7,13,3378,2
6-8-2019,2.03,Gibraltar,1,1,661,12
28-1-2021,8.1,Pathfinder,8,7,3728,9
18-12-2020,6.47,Gibraltar,3,3,1948,15
9-10-2019,24.1,Lifeline,5,4,2808,13
20-11-2019,8.96,Pathfinder,10,9,4677,18
13-8-2022,26.74,Bangalore,7,6,2540,13
28-8-2021,2.24,Pathfinder,9,6,3296,1
13-1-2020,26.61,Pathfinder,10,3,3126,11
8-3-2021,21.9,Pathfinder,2,3,1193,18
11-3-2019,15.65,Bloodhound,2,4,1916,10
17-10-2021,5.67,Pathfinder,8,10,4327,3
11-8-2022,8.33,Gibraltar,5,5,1799,1
20-9-2020,20.06,Wraith,9,8,5402,5
26-9-2019,6.83,Pathfinder,7,8,4513,4
29-11-2022,6.9,Wraith,0,5,1133,16
15-8-2022,24.78,Pathfinder,3,9,3154,4
28-8-2019,7.07,Pathfinder,8,10,3323,14
28-12-2021,29.08,Pathfinder,5,4,2887,15
8-10-2019,24.92,Lifeline,8,13,4915,19
20-12-2022,0.58,Pathfinder,5,5,2524,15
10-12-2022,13.12,Gibraltar,6,8,4343,9
6-6-2022,21.28,Lifeline,9,5,3511,1
11-10-2020,5.37,Lifeline,4,3,1558,10
14-10-2022,28.03,Wraith,7,4,2847,15
29-8-2019,28.02,Bangalore,4,4,2228,3
9-5-2021,19.67,Gibraltar,12,4,4703,2
20-11-2019,27.31,Wraith,6,7,4179,1
4-7-2019,9.13,Lifeline,6,8,3596,20
9-3-2019,24.73,Pathfinder,2,2,855,10
1-7-2019,22.64,Wraith,3,4,2093,3
26-4-2019,11.51,Lifeline,8,5,4356,4
5-9-2022,14.14,Gibraltar,5,4,3067,3
22-11-2019,2.71,Wraith,4,4,1678,2
12-6-2019,27.41,Wraith,8,7,4808,13
24-11-2019,3.6,Wraith,12,8,5488,10
21-6-2022,2.83,Bloodhound,8,5,4716,2
15-6-2022,12.54,Bangalore,10,2,3940,4
18-2-2019,7.61,Lifeline,6,6,3367,20
9-4-2020,20.3,Lifeline,3,3,1520,8
31-12-2021,11.52,Pathfinder,7,4,2410,11
11-11-2020,18.99,Gibraltar,10,7,5252,4
23-12-2022,14.48,Wraith,7,14,5915,9
21-7-2019,1.34,Wraith,1,0,236,18
26-3-2021,21.32,Lifeline,6,6,4427,18
18-10-2021,0.77,Pathfinder,3,9,2718,3
18-8-2019,12.24,Bangalore,3,10,3880,5
15-4-2019,8.09,Bangalore,8,10,5806,18
30-8-2019,11.43,Wraith,8,5,2851,16
13-5-2019,1.37,Wraith,15,7,7129,11
16-9-2022,18.82,Gibraltar,4,2,1951,3
21-9-2020,27.35,Pathfinder,4,3,1717,8
4-11-2022,23.16,Bangalore,3,2,1148,3
12-3-2020,25.62,Gibraltar,5,5,3081,20
7-6-2019,16.3,Gibraltar,8,14,5769,18
24-10-2021,11.05,Bangalore,7,7,3551,10
25-4-2022,0.57,Gibraltar,15,11,6802,16
27-12-2021,0.57,Pathfinder,0,3,807,13
30-7-2020,2.06,Bangalore,6,2,2442,16
12-1-2022,15.51,Bloodhound,11,4,5592,13
25-6-2019,2.26,Gibraltar,6,3,3168,12
16-6-2022,17.75,Gibraltar,13,8,6651,14
10-2-2022,27.05,Lifeline,6,11,6429,19
14-9-2020,22.74,Gibraltar,7,11,6604,18
18-1-2020,23.27,Bangalore,2,1,851,12
25-9-2021,8.17,Bangalore,7,2,2259,18
18-1-2022,0.25,Bangalore,2,10,3986,3
3-4-2019,25.63,Gibraltar,9,9,6635,7
6-12-2020,4.84,Pathfinder,6,9,4522,18
7-6-2020,10.72,Bangalore,9,8,6097,3
12-7-2019,3.24,Bloodhound,6,6,2898,7
8-12-2019,25.6,Pathfinder,9,4,4674,7
30-8-2022,10.56,Lifeline,2,4,2268,10
15-3-2021,13.64,Wraith,3,3,2122,10
7-4-2020,6.08,Wraith,4,7,4046,11
19-9-2021,25.18,Wraith,5,4,2665,9
20-3-2020,9.49,Gibraltar,5,6,3948,15
2-2-2021,27.76,Gibraltar,7,7,5277,4
26-7-2019,20.04,Bloodhound,6,0,2021,14
14-12-2022,2.7,Lifeline,3,3,1691,9
7-7-2021,23.49,Pathfinder,3,4,2489,15
23-5-2019,23.46,Wraith,6,7,4066,12
26-11-2020,23.47,Lifeline,7,8,4048,20
13-5-2021,11.84,Wraith,5,6,2765,15
25-3-2021,22.92,Wraith,8,10,4940,13
1-12-2019,5.75,Pathfinder,2,4,1616,1
11-10-2022,19.85,Lifeline,6,3,2849,3
11-5-2021,10.68,Pathfinder,2,2,1316,16
27-7-2020,0.58,Gibraltar,5,4,3216,5
20-12-2021,17.71,Wraith,9,5,5709,12
6-8-2020,1.14,Lifeline,6,8,2948,16
10-7-2020,2.66,Wraith,8,8,1149,16
23-8-2022,24.94,Lifeline,2,1,512,10
18-7-2022,24.52,Pathfinder,5,5,1988,10
8-12-2021,25.84,Gibraltar,8,4,2231,20
25-4-2020,5.02,Bangalore,6,3,2072,12
24-4-2020,24.93,Lifeline,7,7,1316,11
31-1-2021,3.51,Lifeline,7,5,798,18
23-1-2020,1.68,Pathfinder,7,6,809,1
31-5-2019,9.08,Wraith,2,0,325,10
16-4-2021,4.49,Bangalore,1,1,412,9
17-9-2020,29.98,Wraith,5,5,948,12
5-6-2022,9.0,Gibraltar,4,7,959,15
9-2-2022,0.05,Wraith,5,8,2608,19
8-10-2021,6.93,Gibraltar,8,6,1341,8
10-10-2020,29.88,Lifeline,9,13,2855,8
25-8-2019,16.52,Pathfinder,1,1,199,11
9-4-2021,16.63,Lifeline,10,1,1721,18
19-5-2021,0.79,Wraith,4,4,1162,1
20-7-2019,9.21,Lifeline,5,3,1340,10
16-11-2022,24.21,Lifeline,4,6,1087,9
27-6-2019,5.93,Pathfinder,5,8,2255,15
18-8-2021,18.39,Bloodhound,9,9,1774,1
7-9-2022,12.37,Pathfinder,1,0,208,9
20-12-2019,2.21,Bangalore,3,2,1103,13
14-10-2021,7.61,Pathfinder,2,5,1231,7
14-6-2020,23.27,Bangalore,8,5,3060,13
20-4-2019,18.43,Bangalore,4,7,1424,6
25-6-2021,4.32,Bangalore,8,6,1608,5
9-11-2022,26.29,Bloodhound,13,15,5891,2
4-5-2020,13.18,Bloodhound,1,0,262,18
1-5-2020,17.05,Lifeline,2,1,430,14
26-3-2020,3.53,Pathfinder,8,2,2106,6
30-8-2019,4.62,Wraith,4,11,1728,8
27-4-2022,28.15,Lifeline,5,5,2040,18
9-10-2020,29.32,Wraith,7,6,2828,14
23-9-2022,20.03,Pathfinder,9,7,1794,5
2-6-2022,24.29,Wraith,2,2,927,20
28-6-2019,23.02,Pathfinder,1,4,1051,19
8-1-2021,3.03,Lifeline,5,5,2391,2
20-6-2021,23.6,Bangalore,5,4,2145,17
5-9-2020,29.42,Wraith,7,9,3157,5
3-10-2022,16.63,Bloodhound,12,8,2306,10
7-11-2019,14.39,Gibraltar,9,8,3858,18
4-8-2021,28.69,Pathfinder,2,2,991,7
5-11-2019,17.65,Pathfinder,1,2,307,8
26-10-2019,28.59,Bloodhound,5,3,1328,12
29-12-2022,4.32,Wraith,3,3,623,1
22-10-2021,20.01,Lifeline,6,6,1499,13
16-4-2020,15.38,Lifeline,6,6,2390,9
12-2-2020,19.31,Bloodhound,7,8,2560,12
13-2-2020,14.47,Lifeline,5,3,1324,3
26-4-2019,20.26,Lifeline,9,5,3599,18
4-7-2021,17.57,Gibraltar,5,2,948,14
9-12-2020,19.95,Bloodhound,6,8,3208,13
17-6-2022,12.45,Wraith,5,9,3021,7
6-7-2019,26.02,Lifeline,5,8,3312,18
18-7-2022,28.74,Wraith,10,7,4438,18
22-8-2022,26.45,Pathfinder,1,2,648,9
25-10-2021,11.43,Bangalore,1,6,1692,7
1-6-2019,18.87,Bangalore,3,2,1317,20
12-1-2020,20.79,Lifeline,9,5,2577,3
17-11-2020,5.25,Lifeline,4,4,1066,10
22-3-2022,20.86,Bloodhound,11,6,4517,15
10-3-2022,20.78,Pathfinder,6,9,3763,7
25-5-2019,15.09,Bloodhound,7,0,1803,18
23-11-2021,6.23,Lifeline,2,3,914,18
5-10-2022,6.25,Bloodhound,4,2,1360,9
1-8-2022,16.16,Bangalore,4,7,2664,1
30-11-2020,16.86,Bangalore,7,5,2641,3
25-10-2020,1.18,Bangalore,5,8,1628,12
15-9-2019,19.88,Bloodhound,6,7,3507,19
5-9-2022,27.83,Wraith,8,1,1859,17
26-2-2020,25.35,Lifeline,2,4,1041,10
31-3-2020,12.47,Bangalore,2,4,1024,9
15-6-2022,1.44,Lifeline,4,8,3100,12
19-11-2021,7.73,Pathfinder,7,6,2204,19
21-4-2021,5.2,Bangalore,7,11,3946,7
10-10-2020,16.7,Pathfinder,11,10,5995,10
5-9-2022,24.16,Gibraltar,6,0,877,20
6-10-2019,10.77,Pathfinder,4,2,1204,16
27-9-2022,3.09,Pathfinder,3,2,1249,19
12-7-2022,24.2,Bangalore,6,7,3338,7
1-2-2021,22.59,Lifeline,10,4,2184,18
26-7-2021,9.75,Gibraltar,5,5,2034,14
1-8-2020,15.66,Gibraltar,7,10,4332,11
21-6-2021,10.04,Wraith,0,2,494,9
8-7-2021,9.96,Bloodhound,5,8,2088,6
29-6-2022,18.34,Wraith,2,3,1429,20
15-1-2020,17.27,Lifeline,3,4,1983,2
5-2-2020,9.23,Gibraltar,9,7,2749,11
10-12-2020,25.58,Bloodhound,7,6,2559,9
27-7-2019,6.58,Bloodhound,10,7,3118,10
24-10-2020,1.35,Lifeline,0,1,272,1
16-5-2021,1.43,Lifeline,4,1,1068,2
15-3-2019,7.1,Bloodhound,4,4,2094,10
27-9-2022,28.11,Lifeline,5,5,2092,2
28-2-2022,4.45,Pathfinder,7,4,1898,11
11-6-2022,23.45,Wraith,9,8,5205,4
11-11-2020,19.53,Bangalore,11,6,4891,15
9-5-2020,20.83,Bangalore,7,2,2230,4
27-5-2020,1.24,Wraith,2,2,627,17
12-4-2020,9.79,Bangalore,4,4,1512,8
8-9-2020,24.79,Pathfinder,5,9,2714,20
28-8-2019,25.52,Gibraltar,5,7,3228,2
7-9-2022,29.86,Lifeline,7,7,2516,3
19-1-2020,23.41,Wraith,7,8,2950,3
17-7-2021,27.48,Lifeline,5,1,1783,16
4-9-2022,4.23,Pathfinder,1,10,2918,15
31-12-2019,17.48,Lifeline,7,4,2879,5
5-6-2021,16.26,Bangalore,7,10,3797,2
12-4-2019,24.12,Wraith,12,5,3796,9
9-1-2022,20.24,Bangalore,8,9,3345,18
22-5-2020,23.06,Lifeline,10,11,6194,13
16-1-2021,18.9,Gibraltar,2,0,517,19
23-12-2021,22.21,Pathfinder,5,3,2253,20
26-11-2022,15.91,Pathfinder,2,10,3482,2
31-8-2020,27.2,Lifeline,10,6,5202,9
3-2-2021,17.4,Bangalore,9,6,4984,6
7-8-2019,25.78,Bloodhound,6,14,5458,18
24-3-2019,1.36,Pathfinder,8,7,3379,20
17-6-2021,28.32,Pathfinder,7,1,2806,3
24-2-2022,26.49,Lifeline,4,4,2600,11
16-11-2020,25.29,Pathfinder,7,4,2077,9
24-11-2022,5.37,Pathfinder,4,4,2576,3
10-12-2020,12.67,Lifeline,4,7,2535,3
12-2-2019,17.35,Bloodhound,10,7,4624,3
8-6-2021,13.59,Lifeline,7,8,4815,13
11-3-2019,24.95,Bloodhound,0,2,514,17
29-7-2020,12.92,Bangalore,6,3,1867,10
21-4-2022,2.15,Wraith,4,3,2134,16
15-2-2022,29.86,Gibraltar,12,7,5540,9
20-11-2021,12.26,Wraith,6,8,3564,17
24-11-2020,25.06,Lifeline,6,9,3199,5
1-9-2022,21.68,Gibraltar,8,7,2954,14
26-5-2021,21.34,Lifeline,5,5,3234,11
6-1-2022,4.27,Pathfinder,5,1,1546,18
28-6-2019,2.52,Gibraltar,3,4,1750,10
2-10-2022,14.38,Bangalore,3,7,2649,12
17-1-2021,7.96,Gibraltar,5,8,2621,3
15-4-2021,21.03,Gibraltar,6,9,3888,8
14-3-2021,6.3,Pathfinder,8,6,2967,18
17-4-2021,25.16,Lifeline,3,1,1381,20
15-12-2021,19.13,Wraith,2,7,2162,3
7-7-2020,0.46,Pathfinder,4,3,1417,1
16-12-2022,23.48,Bangalore,6,8,4291,4
17-9-2020,18.19,Gibraltar,10,11,4331,6
3-10-2021,7.72,Bangalore,5,5,3444,5
11-9-2020,26.35,Bloodhound,9,7,4232,11
18-3-2022,3.13,Lifeline,9,0,2540,16
29-7-2019,17.92,Wraith,5,3,2803,13
11-2-2020,18.28,Gibraltar,8,2,2997,12
28-2-2019,24.15,Lifeline,5,8,4497,20
26-7-2020,10.65,Pathfinder,5,4,3306,5
20-9-2021,9.79,Bangalore,6,7,2921,20
6-8-2022,2.12,Lifeline,9,12,5138,6
7-2-2021,2.38,Bloodhound,0,0,0,6
29-8-2019,15.02,Pathfinder,3,3,1359,10
24-1-2022,27.7,Bangalore,8,8,5019,15
29-12-2021,28.82,Pathfinder,4,10,4408,1
16-3-2020,17.81,Pathfinder,8,8,5732,11
25-12-2020,23.02,Pathfinder,6,8,3617,9
16-6-2019,16.73,Pathfinder,9,11,6335,10
7-10-2021,25.73,Pathfinder,4,2,2034,15
24-2-2021,21.9,Bangalore,1,2,724,17
24-8-2019,20.35,Bloodhound,2,8,2761,17
8-3-2022,10.86,Pathfinder,4,4,2954,1
13-4-2022,18.46,Lifeline,11,6,3794,6
20-5-2019,24.65,Bloodhound,13,9,6632,4
5-6-2019,16.66,Pathfinder,8,11,6826,10
23-8-2020,28.3,Lifeline,4,2,1753,4
18-11-2022,11.37,Pathfinder,1,1,678,1
24-6-2019,12.25,Pathfinder,5,3,2308,6
12-6-2019,7.96,Bangalore,5,5,2310,6
31-3-2020,21.38,Bloodhound,10,6,4164,2
13-1-2022,28.39,Lifeline,6,6,2811,4
14-6-2019,20.94,Gibraltar,12,10,6056,15
12-4-2019,3.75,Lifeline,1,5,2014,8
18-9-2020,1.98,Bangalore,3,1,1018,19
19-12-2020,7.08,Lifeline,4,10,4506,5
18-11-2019,12.27,Pathfinder,6,10,4931,14
25-7-2022,16.38,Bangalore,8,4,2912,8
22-4-2019,21.3,Wraith,8,9,4044,3
14-11-2020,7.08,Gibraltar,10,7,4202,1
10-3-2021,26.05,Bangalore,4,1,1864,7
25-1-2020,27.9,Bangalore,9,3,4536,18
14-2-2020,10.44,Bangalore,7,3,2661,11
2-2-2020,6.64,Gibraltar,3,6,2621,17
10-7-2019,1.87,Wraith,9,5,4244,17
10-8-2021,8.11,Bloodhound,6,5,3710,7
25-8-2020,25.63,Lifeline,11,7,5136,15
9-11-2019,26.67,Gibraltar,1,3,1003,16
9-6-2021,13.29,Lifeline,1,3,1267,9
6-8-2020,11.1,Pathfinder,10,3,4512,14
13-9-2019,8.29,Lifeline,8,3,2842,3
5-7-2019,16.8,Wraith,7,6,5138,2
10-7-2020,27.67,Bangalore,7,7,4870,20
11-3-2021,12.64,Pathfinder,7,6,4128,2
10-5-2021,29.45,Pathfinder,5,2,1863,12
27-3-2020,25.14,Lifeline,1,3,1343,9
11-5-2021,2.63,Gibraltar,3,3,1072,13
5-2-2020,3.23,Bloodhound,6,4,2064,16
25-2-2020,15.52,Gibraltar,9,5,834,2
13-11-2021,14.47,Wraith,6,5,1842,5
24-3-2022,8.31,Pathfinder,6,8,912,6
14-7-2021,17.66,Pathfinder,8,2,1120,20
8-5-2022,19.41,Bloodhound,1,1,177,17
4-8-2022,12.72,Lifeline,3,3,913,1
6-2-2020,8.95,Lifeline,8,6,2810,7
30-6-2020,19.03,Bangalore,4,5,1164,15
25-4-2022,18.42,Wraith,9,11,4185,4
30-9-2019,2.6,Bloodhound,9,12,2779,20
5-10-2021,18.93,Wraith,8,3,930,5
17-8-2019,17.09,Bangalore,2,1,662,4
9-10-2019,5.26,Gibraltar,3,7,1534,6
13-8-2022,7.98,Wraith,3,4,986,9
4-11-2020,2.52,Wraith,10,4,2708,1
8-9-2021,13.15,Lifeline,11,6,3859,8
31-7-2022,29.71,Lifeline,10,8,3338,12
5-7-2019,25.35,Gibraltar,7,3,1718,2
28-2-2020,12.37,Bangalore,4,2,535,3
29-4-2020,14.93,Wraith,7,3,1592,7
14-4-2019,28.42,Lifeline,5,3,993,8
3-11-2019,5.88,Bloodhound,4,4,827,9
6-2-2021,0.99,Pathfinder,7,12,2793,7
17-10-2022,9.65,Gibraltar,6,6,1426,14
5-11-2020,19.83,Pathfinder,7,6,1742,5
16-6-2020,19.01,Pathfinder,3,3,1109,17
27-2-2020,4.38,Bloodhound,5,7,1090,12
18-9-2022,20.2,Lifeline,5,4,1232,13
26-11-2020,2.73,Bloodhound,4,6,1198,3
13-1-2021,9.6,Pathfinder,11,6,1964,19
19-2-2020,18.94,Bloodhound,6,8,3043,19
25-5-2021,9.03,Gibraltar,0,4,450,2
20-9-2021,20.96,Gibraltar,2,4,901,10
26-3-2022,28.07,Pathfinder,4,6,1070,9
22-1-2022,9.12,Bangalore,5,3,885,8
25-6-2022,7.48,Wraith,6,4,2313,15
15-11-2022,16.23,Wraith,10,7,3618,5
4-3-2020,27.28,Lifeline,12,11,2812,20
18-6-2021,20.76,Lifeline,0,2,254,1
14-3-2022,16.35,Pathfinder,3,1,709,20
11-3-2021,18.96,Lifeline,4,2,1549,1
13-3-2020,29.6,Bloodhound,3,4,1310,19
24-6-2020,10.2,Bloodhound,12,4,4179,15
15-11-2019,17.63,Gibraltar,8,13,4451,19
7-12-2019,15.24,Pathfinder,13,8,4508,7
9-10-2020,14.02,Gibraltar,6,4,1255,8
15-6-2020,22.8,Gibraltar,11,4,2178,11
12-7-2019,2.65,Bloodhound,2,2,541,4
22-5-2021,0.62,Bloodhound,4,4,1956,14
3-1-2022,4.49,Bangalore,6,12,2540,13
20-10-2020,1.97,Bangalore,8,7,3461,4
12-7-2020,3.01,Bangalore,10,10,4597,4
17-2-2019,19.53,Gibraltar,1,1,493,20
20-6-2021,22.88,Bangalore,1,7,1570,16
29-11-2020,24.13,Lifeline,11,9,3965,11
16-4-2020,13.22,Pathfinder,3,10,2882,12
11-11-2020,24.69,Gibraltar,10,7,4213,18
17-10-2020,17.78,Bangalore,5,6,1972,1
8-1-2020,10.71,Pathfinder,9,7,2216,11
20-3-2022,24.52,Bangalore,2,0,281,1
22-6-2019,19.84,Gibraltar,3,1,818,7
26-12-2019,13.48,Wraith,3,3,1018,1
28-12-2021,10.46,Gibraltar,5,7,2070,8
3-9-2020,27.0,Wraith,13,6,5450,10
9-12-2019,5.06,Gibraltar,8,5,2339,6
3-8-2020,20.49,Bloodhound,11,11,3649,13
11-2-2022,24.3,Bangalore,5,3,1793,13
9-6-2021,28.09,Pathfinder,2,4,1544,4
29-10-2020,1.98,Wraith,4,3,1339,2
23-1-2020,22.29,Bloodhound,4,4,1140,10
24-11-2022,22.97,Wraith,10,4,2325,20
27-6-2020,10.33,Pathfinder,5,6,1641,2
25-7-2019,20.11,Bangalore,11,6,2706,5
5-1-2020,17.85,Gibraltar,2,5,1746,7
18-5-2020,8.33,Bloodhound,10,2,2453,10
25-8-2022,16.11,Bloodhound,3,4,1911,16
3-6-2021,4.78,Gibraltar,7,9,3802,6
24-6-2022,23.49,Lifeline,10,5,2638,18
3-11-2019,18.49,Bloodhound,6,10,2653,5
18-8-2020,5.78,Wraith,6,9,2935,19
19-9-2019,9.04,Lifeline,7,7,2816,4
14-5-2020,6.49,Pathfinder,5,1,1703,6
28-2-2020,21.09,Gibraltar,5,6,1554,10
2-4-2022,23.66,Bloodhound,5,6,2192,19
31-3-2021,20.84,Lifeline,12,15,5173,1
23-2-2022,15.75,Bangalore,12,11,3570,8
11-7-2021,6.56,Lifeline,7,7,2261,9
23-1-2020,0.46,Bangalore,3,3,1697,14
13-6-2022,18.55,Bangalore,5,1,1060,16
13-6-2020,25.32,Lifeline,8,8,4847,12
25-8-2022,10.83,Gibraltar,5,3,2137,13
26-4-2021,24.82,Wraith,6,7,3647,9
23-7-2020,22.09,Wraith,5,5,1767,13
9-10-2019,5.73,Gibraltar,6,6,2783,11
19-2-2022,11.84,Gibraltar,8,2,2299,4
6-12-2022,29.28,Wraith,9,6,3644,10
27-11-2020,4.78,Bloodhound,4,2,1111,17
8-7-2020,3.86,Bloodhound,11,7,3220,13
15-7-2021,0.31,Bangalore,6,6,3719,2
10-6-2021,26.89,Bangalore,7,7,3046,6
6-4-2022,28.08,Bloodhound,12,9,5004,7
19-3-2022,18.41,Wraith,3,3,1089,14
17-3-2020,22.41,Gibraltar,3,4,1390,6
23-3-2022,29.99,Gibraltar,7,5,2625,18
2-8-2020,26.28,Lifeline,5,5,2142,1
30-9-2022,0.0,Bangalore,9,4,2334,6
4-11-2019,9.63,Wraith,5,11,3052,15
20-4-2019,2.22,Wraith,10,8,5088,17
19-2-2019,12.2,Gibraltar,2,4,1022,16
28-11-2022,3.66,Gibraltar,3,5,2384,3
5-1-2020,28.37,Bloodhound,6,8,3315,12
17-11-2021,28.23,Bangalore,11,4,4663,19
18-4-2019,14.36,Pathfinder,7,10,5258,4
8-1-2021,2.71,Bloodhound,5,5,2065,20
5-8-2022,1.5,Bangalore,9,9,5272,3
25-10-2021,15.68,Lifeline,2,3,981,15
7-4-2020,26.7,Lifeline,9,6,4232,10
24-8-2020,15.94,Wraith,5,9,3733,14
6-10-2019,22.43,Lifeline,4,7,2794,8
24-6-2022,0.43,Wraith,7,4,2162,1
15-11-2022,1.67,Lifeline,8,5,3744,2
12-2-2020,10.81,Pathfinder,14,8,4599,17
28-8-2022,12.34,Wraith,3,1,893,11
24-9-2022,29.04,Bangalore,2,4,1983,6
9-10-2022,19.41,Bloodhound,11,3,3855,16
20-8-2022,20.71,Gibraltar,4,4,2562,12
3-4-2020,9.58,Lifeline,5,11,4133,1
6-4-2020,4.2,Bangalore,8,7,3224,13
26-8-2022,3.26,Pathfinder,6,7,3254,7
4-10-2021,5.12,Lifeline,7,4,3737,16
5-9-2021,18.95,Wraith,4,2,1973,15
10-4-2020,3.98,Bangalore,2,7,1758,19
23-9-2019,20.53,Bloodhound,6,4,2890,13
5-9-2020,9.31,Lifeline,9,5,3875,17
14-9-2022,4.74,Wraith,12,7,6214,18
24-5-2021,25.39,Pathfinder,6,9,4017,16
11-1-2021,25.86,Lifeline,4,0,1053,15
18-12-2020,3.91,Bangalore,1,1,385,10
3-10-2021,8.69,Bloodhound,7,2,2712,6
18-12-2019,7.68,Wraith,7,6,4028,4
2-6-2020,27.8,Wraith,8,11,4441,4
30-3-2020,26.8,Wraith,15,7,4751,4
2-11-2022,2.35,Gibraltar,9,11,6183,18
21-5-2020,2.23,Bangalore,0,0,0,3
11-8-2019,13.65,Bloodhound,5,8,4155,4
25-1-2020,24.65,Bangalore,4,6,2983,3
28-7-2020,28.05,Pathfinder,3,7,3069,9
6-9-2021,20.05,Gibraltar,5,5,2651,15
11-10-2022,27.21,Gibraltar,8,8,4558,19
16-6-2021,27.52,Bloodhound,6,8,3864,3
6-8-2022,1.97,Bloodhound,2,0,495,20
26-11-2020,8.27,Wraith,3,4,1669,12
18-8-2020,29.18,Bloodhound,2,4,1918,19
29-11-2020,29.16,Lifeline,5,4,2492,1
4-2-2020,27.62,Gibraltar,7,5,4452,10
12-3-2020,10.07,Bloodhound,8,12,6942,14
4-4-2019,26.76,Bangalore,7,6,3191,17
23-10-2020,17.37,Wraith,2,6,1977,18
2-1-2022,4.25,Bangalore,9,2,2859,13
16-5-2021,22.54,Bangalore,3,2,1841,2
29-7-2020,14.95,Wraith,8,8,4684,10
2-9-2022,3.4,Bangalore,4,7,2403,2
27-9-2022,22.36,Lifeline,7,12,5389,10
8-5-2022,27.69,Wraith,8,9,4106,13
3-7-2019,23.71,Lifeline,5,3,2481,6
17-12-2019,8.96,Gibraltar,5,1,1996,10
25-7-2021,25.67,Bloodhound,7,9,4484,5
8-1-2020,16.94,Wraith,5,9,3662,18
24-12-2021,0.85,Lifeline,5,5,3142,17
25-5-2021,2.47,Wraith,5,5,3220,16
28-3-2021,20.76,Wraith,7,7,3591,4
20-1-2021,5.25,Pathfinder,1,0,353,4
5-10-2021,6.32,Gibraltar,1,4,1319,1
31-7-2019,17.37,Wraith,2,9,2505,11
15-4-2020,10.74,Bloodhound,6,3,2435,13
19-10-2022,24.6,Bloodhound,4,9,4420,13
4-6-2020,8.74,Lifeline,7,9,4837,14
18-1-2020,23.3,Pathfinder,11,8,7399,18
1-12-2020,5.71,Lifeline,3,2,1952,2
28-6-2021,16.12,Gibraltar,1,2,911,8
11-12-2020,4.71,Gibraltar,7,10,5728,4
5-5-2020,25.56,Lifeline,8,4,4839,4
22-12-2022,9.7,Gibraltar,4,4,2613,6
10-4-2020,7.09,Bloodhound,6,6,4265,6
2-2-2020,19.93,Lifeline,10,9,6368,16
8-4-2019,25.66,Pathfinder,0,3,1122,16
14-5-2020,18.5,Lifeline,8,2,3611,4
5-10-2020,23.45,Lifeline,2,4,1777,2
28-5-2020,19.36,Pathfinder,3,3,2446,20
18-4-2022,5.34,Lifeline,9,4,4486,4
4-9-2019,17.45,Bloodhound,6,6,3957,14
22-4-2021,29.71,Gibraltar,7,9,5040,14
9-4-2022,15.88,Pathfinder,1,2,995,5
20-3-2020,20.97,Bangalore,4,7,4340,16
28-4-2019,24.22,Wraith,10,4,4393,2
5-2-2021,25.57,Bangalore,9,5,3991,1
7-12-2021,3.87,Gibraltar,4,4,2221,2
21-2-2021,28.85,Bloodhound,8,5,4012,2
15-11-2020,18.95,Bangalore,12,7,3611,16
3-4-2022,7.07,Bangalore,0,3,289,2
20-1-2021,12.8,Gibraltar,1,3,304,20
23-12-2019,18.23,Lifeline,2,2,533,17
16-8-2020,25.85,Bloodhound,3,4,699,15
23-1-2022,17.21,Bangalore,6,7,1717,5
13-10-2019,21.58,Pathfinder,8,10,3316,20
18-4-2019,10.76,Gibraltar,10,7,1504,4
12-10-2019,17.23,Bloodhound,3,1,390,1
11-7-2022,28.32,Lifeline,8,8,1405,1
28-12-2021,20.33,Wraith,10,3,2777,14
6-10-2020,21.58,Lifeline,9,4,1091,9
27-3-2019,0.62,Bloodhound,9,5,1858,19
29-6-2020,25.3,Bloodhound,8,5,2985,16
31-10-2019,29.49,Pathfinder,8,8,2546,15
28-1-2021,3.24,Bloodhound,4,9,1930,17
21-5-2022,23.05,Lifeline,2,2,400,5
14-12-2020,14.84,Wraith,3,6,1709,12
30-10-2019,24.32,Pathfinder,4,6,854,17
28-12-2021,9.34,Wraith,5,5,1602,14
14-1-2022,16.98,Lifeline,13,5,4286,15
1-5-2019,1.48,Wraith,12,9,2956,3
7-12-2022,23.39,Lifeline,2,8,1374,6
3-9-2020,5.94,Bloodhound,10,2,2832,12
18-5-2021,24.56,Bloodhound,2,5,1296,14
5-10-2022,16.15,Pathfinder,7,10,3377,16
2-11-2021,4.29,Pathfinder,6,4,1738,17
29-1-2022,29.06,Pathfinder,9,6,2590,8
21-11-2019,17.06,Lifeline,7,7,2729,1
29-3-2020,5.54,Wraith,0,9,904,9
7-3-2019,5.84,Bloodhound,2,3,1103,20
28-3-2019,20.33,Gibraltar,7,2,964,15
9-8-2021,17.84,Gibraltar,4,4,1892,15
11-6-2019,15.38,Bloodhound,7,4,1630,16
23-2-2021,18.98,Bangalore,5,13,1954,18
25-9-2019,12.37,Pathfinder,7,7,1751,4
7-2-2022,17.07,Bangalore,8,0,2150,11
28-8-2022,13.15,Wraith,1,2,505,19
19-5-2020,27.83,Wraith,3,8,2534,18
27-5-2019,7.71,Wraith,6,5,1372,18
6-4-2019,16.24,Lifeline,7,4,1579,15
2-11-2019,29.91,Lifeline,7,10,1668,3
21-11-2022,23.48,Bloodhound,7,13,2067,15
15-7-2020,19.44,Pathfinder,0,6,623,10
6-9-2021,4.36,Lifeline,5,7,1416,17
20-1-2020,20.01,Bangalore,6,4,2354,20
26-4-2019,25.09,Lifeline,6,5,1907,1
28-7-2020,8.93,Wraith,4,10,1916,17
1-12-2020,20.59,Lifeline,6,6,1978,3
22-9-2021,14.71,Bloodhound,11,11,2475,1
29-11-2021,9.54,Wraith,4,5,1246,2
23-4-2022,7.93,Bangalore,1,4,1113,12
5-11-2021,5.87,Gibraltar,2,2,1023,18
2-2-2021,9.1,Bangalore,8,4,2006,13
5-9-2021,14.98,Pathfinder,5,4,2297,20
11-5-2022,17.69,Lifeline,5,5,1603,13
14-10-2019,23.01,Bangalore,8,8,3736,1
8-1-2021,16.7,Bloodhound,1,3,902,15
23-7-2021,12.13,Wraith,2,3,929,4
14-6-2019,11.47,Bloodhound,4,2,1148,11
1-7-2022,3.2,Bangalore,6,4,2714,18
24-2-2020,20.15,Lifeline,10,8,3980,2
11-12-2020,19.69,Lifeline,8,6,2418,8
2-6-2021,22.06,Bangalore,9,7,3322,16
21-2-2019,10.8,Bloodhound,1,4,844,10
29-12-2019,10.35,Bloodhound,6,1,939,6
3-11-2020,9.87,Gibraltar,3,7,1697,18
5-3-2022,2.49,Bloodhound,5,7,2516,13
1-12-2020,21.43,Bangalore,10,7,2782,7
27-9-2019,3.46,Gibraltar,11,7,5024,1
16-12-2019,28.34,Gibraltar,9,8,3779,1
27-5-2019,26.64,Lifeline,1,2,704,7
21-7-2021,8.45,Pathfinder,2,10,2794,16
11-10-2022,4.81,Bloodhound,2,5,1692,11
15-7-2020,11.6,Bangalore,5,4,1231,6
4-11-2021,16.92,Lifeline,4,5,1347,16
7-7-2022,16.95,Pathfinder,6,8,2550,4
18-1-2020,18.71,Lifeline,6,11,3577,6
21-2-2020,7.4,Wraith,4,3,1799,8
6-8-2022,5.43,Bloodhound,6,5,1546,6
21-8-2020,1.29,Wraith,4,5,1250,13
9-4-2020,9.84,Wraith,3,3,1637,20
29-11-2022,12.11,Lifeline,8,5,3224,16
26-10-2020,9.34,Gibraltar,5,6,1892,18
6-9-2020,10.33,Wraith,11,7,4253,20
29-4-2019,28.98,Gibraltar,2,2,670,9
7-3-2022,12.86,Gibraltar,4,7,2613,8
3-4-2021,5.54,Wraith,3,6,2176,7
10-2-2020,25.36,Bangalore,10,7,4986,15
17-5-2019,3.82,Wraith,7,13,3071,20
22-10-2020,27.97,Gibraltar,10,8,3313,2
13-11-2019,14.88,Bloodhound,7,7,2690,3
9-12-2021,6.27,Lifeline,1,0,162,15
20-9-2022,5.62,Lifeline,2,1,536,2
12-3-2020,16.78,Pathfinder,5,3,1825,16
19-3-2022,23.2,Wraith,6,4,1704,19
22-8-2021,12.44,Gibraltar,6,4,2610,9
5-11-2022,8.95,Lifeline,5,9,2539,19
14-8-2019,2.16,Gibraltar,6,6,2144,2
23-4-2019,28.76,Wraith,4,5,1819,19
21-8-2022,9.69,Gibraltar,3,2,1076,13
9-6-2021,24.49,Gibraltar,4,4,1556,12
17-12-2021,22.16,Lifeline,9,3,2026,18
6-5-2019,25.05,Wraith,8,6,4128,6
13-2-2021,8.37,Bloodhound,6,6,3314,9
25-4-2020,9.92,Bloodhound,6,13,5641,9
30-7-2020,7.84,Gibraltar,0,0,0,7
15-2-2022,4.9,Lifeline,1,3,949,9
9-8-2022,6.02,Wraith,2,2,1177,12
15-3-2020,11.13,Wraith,3,5,1915,9
20-3-2019,6.18,Bloodhound,5,4,2525,4
4-7-2022,27.92,Bangalore,8,12,3467,11
6-10-2022,5.01,Bangalore,7,8,2686,16
2-11-2019,3.07,Bloodhound,6,2,2197,8
11-4-2019,15.39,Bloodhound,6,8,3573,19
9-3-2022,2.45,Bangalore,3,2,1128,6
5-5-2022,4.69,Lifeline,3,3,1223,13
31-3-2019,2.59,Gibraltar,7,7,2783,4
9-5-2021,17.3,Bloodhound,7,9,3653,17
8-8-2020,2.58,Lifeline,7,10,4769,16
9-4-2020,11.41,Lifeline,4,5,1698,7
26-9-2021,19.5,Lifeline,3,1,826,6
3-4-2020,3.14,Pathfinder,8,2,2315,12
29-10-2019,18.42,Pathfinder,5,4,2736,10
10-1-2021,11.02,Pathfinder,8,7,4671,1
14-1-2020,9.23,Gibraltar,6,7,3416,19
26-1-2021,7.61,Pathfinder,6,8,4550,19
15-6-2019,16.02,Gibraltar,4,2,1648,3
11-3-2022,1.1,Lifeline,7,8,3817,4
11-3-2019,22.73,Wraith,11,8,6472,20
22-7-2020,20.35,Bangalore,5,4,1830,20
9-8-2019,3.33,Wraith,4,9,3131,7
12-3-2019,0.09,Pathfinder,5,10,3727,11
3-3-2022,21.64,Wraith,7,10,4948,8
16-10-2022,3.52,Bangalore,0,7,2128,7
2-10-2022,9.9,Bangalore,1,1,431,1
10-11-2021,17.65,Wraith,2,2,1102,8
7-12-2019,6.24,Wraith,6,5,2704,9
30-3-2020,5.01,Pathfinder,8,5,3946,5
17-8-2019,7.81,Wraith,10,5,5072,14
30-12-2020,15.21,Pathfinder,6,12,5591,2
16-6-2022,7.36,Bangalore,5,4,3200,17
10-6-2022,10.88,Lifeline,3,2,1062,2
24-6-2022,9.88,Bloodhound,5,2,2529,16
8-1-2021,25.72,Bloodhound,11,9,6909,2
28-12-2020,10.18,Lifeline,5,9,3128,1
27-3-2021,4.61,Wraith,12,6,6321,5
16-7-2022,3.21,Lifeline,7,6,2812,15
15-8-2022,22.03,Bloodhound,1,2,1009,17
25-7-2020,26.45,Wraith,1,5,1859,8
19-6-2019,19.96,Wraith,6,3,2539,16
3-6-2021,9.62,Pathfinder,4,4,1932,18
29-8-2021,29.51,Wraith,6,8,3231,18
24-2-2022,7.53,Bangalore,7,8,4122,13
12-3-2020,20.05,Pathfinder,10,7,3566,11
22-7-2021,21.3,Lifeline,5,2,1516,5
22-4-2022,10.55,Wraith,4,3,1577,11
12-11-2019,21.24,Bloodhound,2,3,1842,8
19-2-2020,22.04,Wraith,4,8,3075,12
29-9-2019,26.49,Wraith,4,9,3199,3
6-6-2021,27.07,Bloodhound,7,6,3243,1
4-2-2020,3.5,Bangalore,8,8,5725,17
30-4-2022,2.15,Lifeline,0,0,0,4
7-5-2021,7.64,Wraith,3,1,966,15
2-10-2021,12.98,Bangalore,5,5,3016,4
5-4-2021,9.76,Bloodhound,7,5,3553,14
26-11-2019,5.0,Pathfinder,5,5,2382,18
22-12-2021,17.24,Lifeline,7,8,4327,15
16-6-2021,24.57,Wraith,10,9,6590,13
13-8-2022,16.9,Bangalore,6,4,3336,13
5-7-2019,12.64,Pathfinder,8,2,3913,18
26-9-2022,13.08,Bloodhound,4,3,2001,4
17-2-2022,24.72,Lifeline,8,5,3171,8
16-10-2019,24.64,Lifeline,5,4,2776,10
10-12-2020,13.99,Bangalore,5,6,3965,4
1-2-2021,10.77,Gibraltar,8,9,5156,5
30-4-2020,4.82,Pathfinder,5,0,1861,13
8-5-2021,22.86,Bangalore,2,3,1292,2
8-7-2019,23.56,Wraith,6,9,5262,3
16-3-2020,18.13,Lifeline,7,5,3412,2
4-5-2022,6.13,Pathfinder,9,9,4423,7
5-1-2021,29.76,Bangalore,13,11,6305,9
3-4-2021,0.63,Bangalore,6,10,5733,8
1-7-2022,4.68,Wraith,0,5,1252,6
10-6-2022,7.18,Pathfinder,5,1,2490,8
19-4-2019,25.88,Gibraltar,3,5,2069,7
25-6-2020,24.66,Gibraltar,4,4,2000,14
11-9-2022,16.09,Bangalore,7,7,3718,4
18-4-2022,11.92,Bangalore,5,7,3496,16
26-6-2020,13.59,Bangalore,6,6,3246,2
15-3-2019,0.46,Lifeline,0,0,0,1
15-12-2022,9.17,Gibraltar,3,5,2622,11
7-9-2022,25.5,Bloodhound,3,4,2667,13
3-9-2020,4.08,Gibraltar,3,3,1687,9
5-8-2022,17.39,Gibraltar,4,8,4217,19
6-1-2021,4.07,Bloodhound,6,5,3086,3
27-1-2022,21.54,Pathfinder,7,7,3525,13
25-7-2022,9.18,Lifeline,2,0,578,10
3-3-2020,2.89,Bangalore,3,3,2390,8
15-3-2019,0.23,Bangalore,2,6,2685,20
25-1-2022,15.08,Lifeline,7,7,870,10
30-5-2021,25.32,Wraith,11,11,1260,4
9-7-2021,12.28,Gibraltar,7,7,1743,9
5-3-2022,25.28,Bangalore,10,6,1108,18
31-7-2021,15.78,Bangalore,1,2,449,3
7-3-2022,27.42,Bloodhound,10,10,4042,17
18-2-2022,29.83,Pathfinder,2,2,320,6
13-3-2021,22.7,Pathfinder,4,6,1860,3
24-4-2022,0.35,Gibraltar,12,4,1880,5
15-12-2020,11.43,Pathfinder,5,6,2393,19
22-6-2020,15.14,Bangalore,8,6,1677,16
27-5-2022,13.22,Pathfinder,0,8,1195,2
23-6-2022,17.81,Gibraltar,8,2,1055,6
10-11-2019,25.6,Bangalore,4,3,1545,1
27-10-2022,25.8,Pathfinder,7,5,1383,10
24-12-2021,0.22,Gibraltar,4,5,1942,9
6-3-2021,10.96,Wraith,7,5,2058,7
30-11-2020,20.65,Bloodhound,8,8,1961,3
22-7-2019,10.81,Bangalore,2,1,475,3
2-3-2020,2.62,Wraith,4,3,716,10
31-1-2020,23.04,Bangalore,3,2,979,4
13-11-2021,10.63,Gibraltar,5,4,1844,6
13-4-2020,16.5,Bangalore,5,6,2449,7
8-7-2020,22.72,Pathfinder,6,6,1494,4
17-3-2021,24.8,Bangalore,14,11,5491,8
18-7-2021,6.94,Gibraltar,0,8,1293,14
12-8-2020,29.56,Pathfinder,7,4,2613,16
22-10-2019,7.75,Lifeline,3,4,868,3
20-5-2022,17.31,Bangalore,5,9,3087,8
1-6-2019,14.2,Bloodhound,6,5,877,20
13-5-2022,27.1,Gibraltar,6,8,2943,10
24-2-2020,18.1,Pathfinder,9,7,3004,3
5-1-2022,18.64,Bangalore,3,0,642,12
23-7-2021,23.67,Bloodhound,3,3,1388,3
24-11-2019,4.96,Gibraltar,2,2,517,13
26-11-2022,13.73,Pathfinder,10,3,1524,13
1-4-2020,10.57,Bloodhound,4,9,2085,9
10-11-2020,10.32,Bangalore,6,5,2640,17
17-3-2019,7.83,Lifeline,7,7,3420,8
24-11-2019,15.21,Bloodhound,3,0,361,6
2-11-2021,14.37,Pathfinder,3,3,653,14
6-1-2020,15.29,Pathfinder,3,2,1044,5
16-12-2022,4.42,Bangalore,5,5,1545,13
14-1-2021,6.76,Gibraltar,6,8,2481,17
3-4-2020,12.8,Lifeline,5,7,1379,2
28-2-2022,24.33,Bangalore,6,7,2620,20
8-5-2021,3.7,Lifeline,3,1,418,5
26-4-2022,10.99,Bangalore,2,5,1654,14
6-8-2019,1.38,Gibraltar,2,7,1971,18
24-11-2020,22.99,Lifeline,12,3,2766,17
2-3-2020,10.26,Wraith,11,5,3177,6
15-6-2022,23.92,Bangalore,6,5,1808,11
20-1-2022,21.87,Bloodhound,7,10,4086,4
17-4-2019,5.48,Lifeline,4,2,1392,15
13-2-2022,24.54,Lifeline,5,5,1438,2
14-4-2022,20.91,Bangalore,3,5,1856,6
2-5-2019,15.17,Bloodhound,4,7,1845,20
12-8-2020,5.7,Wraith,4,6,2093,20
28-12-2019,24.02,Pathfinder,8,6,2709,4
6-9-2020,18.79,Bangalore,14,11,4096,15
17-2-2021,14.06,Gibraltar,3,0,670,6
19-6-2022,15.59,Pathfinder,7,1,1194,2
23-10-2019,11.63,Lifeline,2,5,1447,3
24-11-2021,2.52,Lifeline,4,8,2388,16
20-11-2019,26.09,Lifeline,5,9,3629,17
19-7-2020,7.99,Gibraltar,7,13,5232,14
23-1-2021,22.43,Pathfinder,11,10,4107,4
21-8-2019,14.89,Gibraltar,0,3,412,4
1-11-2022,8.4,Pathfinder,1,3,516,3
17-3-2021,25.67,Bangalore,5,4,1371,7
12-6-2019,1.65,Lifeline,5,8,1716,4
26-8-2022,27.94,Pathfinder,11,11,5907,6
15-9-2022,9.25,Bangalore,11,5,4029,6
18-7-2020,17.68,Gibraltar,12,6,2875,4
13-12-2020,28.63,Wraith,5,3,2091,10
14-5-2022,25.94,Pathfinder,1,8,1787,2
17-11-2021,28.43,Lifeline,4,8,2584,19
11-9-2022,12.32,Pathfinder,4,10,2409,14
8-3-2022,13.75,Lifeline,5,6,3079,9
3-4-2020,17.54,Lifeline,7,7,2005,5
8-7-2022,17.03,Pathfinder,8,11,4998,5
14-3-2020,29.63,Bloodhound,4,7,2836,10
27-8-2019,24.27,Bangalore,4,6,2468,18
22-8-2021,15.68,Gibraltar,7,3,2967,9
15-4-2020,17.42,Bloodhound,11,5,4416,8
2-12-2022,7.11,Gibraltar,4,5,2703,1
30-10-2021,17.63,Lifeline,13,5,3602,2
12-2-2020,29.87,Wraith,7,11,3225,5
6-5-2019,8.81,Pathfinder,2,1,893,20
23-7-2021,6.31,Bloodhound,1,2,672,16
26-8-2022,17.9,Bangalore,9,5,2873,18
5-10-2022,3.15,Bangalore,7,8,3766,9
8-12-2021,9.37,Gibraltar,5,6,2254,12
26-2-2019,27.33,Bloodhound,8,5,2043,20
22-3-2019,21.01,Gibraltar,9,8,4706,6
30-8-2022,19.81,Pathfinder,3,2,764,8
14-8-2022,16.85,Bangalore,11,1,2825,10
26-3-2019,3.39,Lifeline,2,4,1324,5
2-5-2022,3.52,Gibraltar,3,8,2753,19
18-6-2021,24.06,Wraith,7,5,3539,10
24-2-2020,21.24,Gibraltar,14,8,6123,11
30-3-2019,13.7,Bloodhound,7,15,3738,18
27-1-2020,29.07,Pathfinder,8,4,3750,7
24-2-2021,12.05,Gibraltar,1,4,1150,14
20-8-2022,1.68,Pathfinder,4,2,1813,15
5-10-2020,4.28,Bloodhound,5,8,3738,18
3-12-2021,2.33,Gibraltar,5,11,3801,15
28-4-2021,9.66,Bloodhound,6,6,2805,1
17-8-2021,6.28,Lifeline,9,9,5089,9
5-7-2020,19.74,Bloodhound,4,1,1598,6
17-3-2020,11.7,Bangalore,2,1,983,18
19-12-2021,14.63,Bloodhound,6,5,2289,2
16-9-2019,7.65,Gibraltar,6,3,2809,19
8-8-2020,28.15,Pathfinder,7,5,2713,19
26-2-2019,28.76,Gibraltar,12,10,5270,15
18-7-2019,3.95,Bloodhound,12,7,3792,2
27-10-2021,9.97,Gibraltar,0,4,1030,3
22-9-2020,5.75,Pathfinder,1,6,2050,12
5-4-2020,11.03,Pathfinder,2,6,2208,20
15-8-2022,12.76,Bangalore,7,3,2941,7
10-6-2019,16.08,Bangalore,5,10,4080,20
27-1-2021,19.2,Pathfinder,8,5,4178,15
3-7-2020,11.69,Bangalore,7,13,4109,11
2-12-2020,8.73,Bloodhound,3,0,898,1
1-4-2019,9.19,Wraith,3,2,1516,2
12-9-2022,14.21,Gibraltar,4,4,2292,6
7-2-2020,18.67,Pathfinder,8,4,2364,19
27-4-2022,22.71,Lifeline,8,5,3709,9
23-8-2020,26.69,Pathfinder,13,8,3858,14
17-8-2021,6.05,Wraith,8,6,3150,2
13-11-2019,12.22,Bloodhound,2,1,947,9
20-1-2020,2.51,Wraith,1,1,395,19
2-11-2022,27.04,Wraith,2,4,1286,3
13-9-2022,12.2,Gibraltar,8,3,3582,13
30-4-2020,13.17,Pathfinder,4,6,2793,18
8-9-2019,14.31,Wraith,8,5,3637,19
4-8-2020,24.92,Bangalore,7,8,3738,2
23-10-2020,17.7,Bloodhound,1,1,570,12
27-8-2020,29.53,Pathfinder,10,2,2612,15
23-12-2022,21.53,Gibraltar,6,8,4038,3
4-6-2020,12.56,Lifeline,4,10,4345,16
25-9-2022,5.47,Bloodhound,5,5,2485,20
13-1-2021,23.11,Bangalore,6,9,4290,11
28-9-2020,19.63,Bangalore,6,7,3622,2
4-4-2022,8.46,Pathfinder,3,4,1483,17
30-7-2022,28.95,Bangalore,3,5,2257,1
3-4-2020,26.58,Pathfinder,6,7,3576,16
8-10-2020,21.92,Bangalore,7,10,3966,3
5-7-2020,5.94,Gibraltar,5,6,3065,19
6-12-2022,4.95,Bloodhound,12,6,6550,12
3-8-2019,12.4,Wraith,10,8,6170,2
7-10-2021,2.97,Bangalore,4,3,2474,13
28-12-2019,18.5,Pathfinder,2,7,2388,20
28-8-2019,7.45,Pathfinder,10,7,5775,12
29-3-2019,27.1,Pathfinder,11,9,5380,9
23-9-2021,4.45,Gibraltar,9,9,5555,8
7-10-2022,26.88,Bloodhound,6,9,4172,16
15-12-2022,28.98,Bangalore,12,9,5879,4
3-7-2020,10.93,Lifeline,2,5,2013,13
2-5-2021,15.67,Gibraltar,1,2,717,2
1-5-2022,23.52,Bloodhound,9,4,3092,5
1-11-2020,8.39,Pathfinder,5,5,2555,6
9-9-2019,2.49,Bangalore,12,5,6392,19
1-7-2020,26.57,Wraith,8,13,6677,2
30-12-2022,19.2,Bloodhound,6,8,4437,9
20-11-2022,11.54,Bangalore,1,0,244,5
15-3-2022,6.63,Bloodhound,1,3,1409,16
17-6-2022,22.69,Lifeline,4,3,1896,6
7-12-2021,10.98,Bangalore,7,6,2967,1
12-5-2020,11.33,Wraith,5,5,3844,8
1-7-2021,12.35,Gibraltar,6,12,5982,19
19-1-2022,23.17,Bloodhound,6,10,5207,5
30-4-2022,24.74,Bangalore,4,6,3690,2
12-9-2021,26.0,Gibraltar,9,6,3947,16
31-8-2020,29.74,Lifeline,4,4,2557,1
9-1-2022,16.28,Lifeline,4,12,4409,4
23-2-2020,20.53,Wraith,6,6,2757,11
3-11-2020,1.79,Bloodhound,8,10,5570,17
10-2-2022,22.05,Lifeline,12,10,6715,10
1-10-2019,1.72,Pathfinder,0,6,1675,16
11-8-2021,24.58,Bangalore,11,6,5299,12
19-7-2020,9.86,Lifeline,6,8,3609,17
22-9-2021,25.11,Gibraltar,4,7,3304,11
17-6-2020,0.51,Bloodhound,10,10,5448,7
29-4-2020,25.41,Bloodhound,7,7,3624,14
12-2-2019,15.15,Pathfinder,10,6,6198,1
4-5-2020,13.22,Pathfinder,3,4,2105,4
15-11-2022,10.91,Pathfinder,1,1,657,15
13-2-2020,3.47,Lifeline,2,2,991,14
7-6-2020,29.75,Wraith,3,3,1885,19
12-6-2022,3.89,Pathfinder,10,7,5938,11
5-12-2021,27.04,Pathfinder,6,5,2761,14
17-10-2022,23.69,Gibraltar,7,8,4164,15
29-11-2022,26.89,Gibraltar,1,7,2165,13
9-6-2022,1.79,Bloodhound,4,1,1240,17
2-11-2020,24.29,Wraith,2,3,1969,9
16-2-2021,16.27,Gibraltar,8,5,3903,16
5-4-2019,19.49,Wraith,5,11,4888,9
19-7-2019,3.55,Wraith,5,6,3807,11
11-8-2021,16.65,Bloodhound,7,8,4792,13
25-7-2022,25.3,Gibraltar,4,0,575,5
24-5-2020,21.34,Lifeline,9,5,1374,11
22-4-2022,17.67,Gibraltar,2,8,1665,15
14-1-2021,11.8,Bloodhound,11,3,2288,12
29-6-2021,17.24,Pathfinder,9,4,2649,17
29-8-2022,18.41,Pathfinder,7,12,3179,16
13-9-2019,3.3,Pathfinder,6,6,1320,19
7-5-2020,19.08,Gibraltar,0,5,631,10
12-10-2022,25.68,Bloodhound,2,6,1482,13
27-11-2022,7.77,Lifeline,4,2,868,6
11-10-2020,17.14,Lifeline,4,4,615,13
26-5-2019,8.69,Bangalore,5,6,1071,18
11-3-2022,10.83,Pathfinder,9,13,1522,7
28-11-2022,0.42,Gibraltar,6,8,3026,4
16-7-2021,27.51,Bloodhound,2,1,464,14
4-12-2021,7.47,Bangalore,2,4,1013,4
18-9-2019,0.87,Lifeline,6,3,1204,2
27-7-2022,25.01,Bangalore,4,4,1653,18
14-12-2022,8.2,Wraith,10,5,2981,7
17-4-2021,19.55,Wraith,9,7,1605,7
9-6-2022,15.4,Wraith,9,7,1585,1
30-6-2022,29.88,Pathfinder,3,3,969,12
2-4-2020,11.75,Pathfinder,1,1,259,11
9-12-2020,5.43,Bangalore,2,5,1049,9
4-12-2022,28.53,Pathfinder,9,3,2886,14
5-4-2021,22.0,Lifeline,5,5,1272,14
7-11-2022,28.89,Lifeline,8,9,1331,4
21-7-2022,16.54,Bloodhound,10,10,3761,2
29-11-2019,20.28,Bloodhound,1,3,519,4
26-5-2020,22.56,Wraith,3,3,985,7
15-2-2022,2.51,Bloodhound,2,7,799,15
10-11-2022,29.27,Pathfinder,6,9,3214,10
2-7-2020,29.3,Wraith,8,10,2904,16
16-7-2019,22.01,Lifeline,7,7,1448,8
10-6-2020,0.95,Bangalore,8,7,3234,4
21-7-2020,18.22,Lifeline,5,1,657,15
29-1-2022,23.18,Pathfinder,3,1,525,15
24-8-2019,14.45,Pathfinder,9,4,2871,7
19-10-2019,9.87,Bangalore,5,4,2198,16
7-4-2020,29.65,Pathfinder,10,6,3513,2
7-10-2020,10.79,Lifeline,6,9,3018,15
17-10-2021,15.39,Wraith,7,11,1713,18
20-2-2019,25.82,Gibraltar,1,1,420,7
29-4-2020,23.85,Gibraltar,2,5,1615,8
12-1-2020,24.07,Gibraltar,11,3,2810,1
10-6-2021,19.81,Wraith,5,7,2551,8
4-10-2020,22.86,Wraith,11,5,1670,15
24-12-2021,2.34,Lifeline,11,11,3520,18
25-5-2021,3.65,Bangalore,7,9,2886,1
23-11-2021,17.13,Lifeline,2,10,2513,18
6-11-2021,8.0,Lifeline,2,2,930,10
25-10-2021,27.7,Bloodhound,5,6,1405,12
11-8-2021,16.63,Pathfinder,3,12,3524,16
20-6-2020,9.52,Wraith,5,5,1844,7
4-12-2022,3.36,Wraith,8,7,3379,2
20-11-2021,24.77,Pathfinder,6,9,3272,2
29-10-2019,16.16,Gibraltar,3,0,731,9
24-6-2021,29.07,Pathfinder,8,3,1245,3
8-6-2019,25.88,Bloodhound,6,3,1265,1
13-10-2021,18.36,Wraith,6,6,1456,1
27-6-2020,29.36,Bloodhound,7,11,4741,6
21-7-2022,17.82,Wraith,6,7,1981,11
14-11-2019,14.03,Lifeline,6,6,1631,10
9-12-2019,6.4,Lifeline,0,2,323,1
25-6-2021,19.14,Pathfinder,5,3,1274,15
6-5-2021,15.93,Lifeline,3,10,2720,8
8-3-2020,25.14,Lifeline,5,5,2091,7
4-9-2019,11.97,Bangalore,7,5,2762,6
6-7-2021,4.57,Bangalore,7,6,3379,5
24-6-2021,19.19,Lifeline,8,10,2236,6
11-12-2020,1.55,Lifeline,5,3,1747,16
22-11-2020,2.53,Bangalore,4,1,1171,20
10-9-2020,29.44,Pathfinder,4,7,2298,1
14-9-2022,27.94,Wraith,6,5,2262,16
31-8-2020,27.34,Bangalore,7,12,3412,8
8-3-2021,3.59,Bangalore,5,7,2136,1
17-8-2021,10.74,Pathfinder,8,11,2692,2
25-3-2022,17.2,Bloodhound,2,6,1539,11
25-12-2021,27.99,Bangalore,5,5,1694,20
31-12-2021,21.74,Gibraltar,2,9,2207,19
23-9-2022,20.73,Lifeline,7,3,1939,13
6-9-2021,18.26,Bangalore,6,10,3728,16
13-12-2020,25.04,Bloodhound,5,6,2766,14
18-12-2021,0.38,Wraith,12,8,4060,12
6-5-2022,17.04,Lifeline,0,1,169,15
6-6-2022,1.84,Gibraltar,4,1,896,16
20-7-2021,7.03,Pathfinder,3,9,1815,13
25-2-2019,2.33,Gibraltar,6,3,2119,14
10-5-2019,0.41,Lifeline,4,12,3671,14
27-5-2022,5.25,Bloodhound,8,7,3336,17
14-6-2021,13.58,Wraith,13,6,3667,2
17-11-2022,13.27,Lifeline,0,2,440,20
15-3-2019,3.27,Gibraltar,1,7,1961,1
13-5-2020,22.62,Gibraltar,6,2,2035,5
1-9-2022,23.79,Lifeline,11,11,5350,8
5-8-2021,28.46,Bangalore,7,5,1851,15
1-9-2020,3.95,Gibraltar,5,10,4189,1
31-3-2021,15.6,Wraith,7,9,4929,10
18-4-2020,27.67,Gibraltar,1,1,366,10
11-5-2021,24.21,Bangalore,8,2,1703,16
5-12-2020,26.72,Bangalore,9,6,4487,19
26-3-2022,14.46,Bloodhound,5,3,1931,16
12-4-2020,16.85,Bloodhound,6,6,2463,10
20-9-2022,8.94,Gibraltar,6,6,3553,17
11-7-2022,12.62,Bangalore,7,6,3011,18
10-6-2020,16.63,Pathfinder,2,0,389,17
10-3-2022,5.17,Bloodhound,1,3,1152,10
6-2-2022,25.56,Bangalore,9,4,3854,1
29-1-2020,10.1,Lifeline,5,5,1732,14
23-10-2020,12.43,Gibraltar,6,6,3265,2
10-3-2019,10.19,Lifeline,5,5,2086,15
25-4-2022,1.63,Lifeline,11,7,4114,3
6-11-2022,0.52,Bloodhound,1,1,483,1
12-7-2021,7.63,Wraith,5,3,2325,14
23-11-2021,26.57,Gibraltar,6,2,1609,6
1-3-2022,2.42,Gibraltar,9,9,3380,14
16-1-2021,18.61,Bloodhound,7,6,4201,2
19-6-2021,0.91,Gibraltar,5,5,2943,3
25-12-2022,9.35,Lifeline,8,9,2968,14
7-4-2022,11.34,Wraith,1,2,990,18
8-7-2021,23.45,Wraith,3,1,1006,1
27-5-2022,13.69,Pathfinder,6,5,3045,18
26-12-2019,5.57,Bloodhound,3,5,1901,7
9-3-2021,6.56,Wraith,12,4,5587,6
4-6-2019,6.9,Lifeline,9,9,6000,5
11-5-2019,1.12,Bangalore,10,8,6091,18
17-6-2021,28.01,Lifeline,1,2,578,9
14-10-2020,22.91,Bloodhound,9,2,3320,11
18-4-2021,8.88,Gibraltar,2,4,1820,4
3-5-2020,19.25,Bloodhound,3,4,2337,18
11-6-2019,0.4,Bangalore,7,5,2320,20
29-12-2022,7.88,Wraith,12,6,3762,4
6-7-2022,12.86,Lifeline,12,7,6166,2
22-6-2019,23.31,Wraith,4,0,1393,5
5-7-2019,27.4,Wraith,1,2,693,1
7-1-2022,20.79,Lifeline,5,6,3479,10
20-11-2019,10.79,Bangalore,6,6,3756,16
27-4-2020,5.01,Gibraltar,4,12,4332,20
27-3-2020,11.47,Lifeline,5,5,1894,11
11-1-2021,2.64,Bloodhound,8,11,6535,19
10-3-2022,14.7,Pathfinder,5,1,2175,7
15-7-2022,0.21,Lifeline,1,6,1487,15
9-2-2022,18.12,Bangalore,2,5,1380,14
2-7-2021,26.62,Gibraltar,8,6,4502,8
27-8-2019,27.14,Bangalore,5,10,2978,20
21-8-2020,4.52,Bangalore,7,5,3885,3
5-12-2021,12.41,Wraith,6,7,3007,5
20-4-2019,6.68,Bloodhound,0,1,341,8
4-7-2019,26.78,Lifeline,2,1,630,15
21-8-2022,26.89,Lifeline,2,7,2117,5
19-8-2020,17.82,Pathfinder,3,6,2719,7
3-3-2019,20.58,Bangalore,6,7,4316,17
14-10-2020,14.14,Bangalore,12,6,6232,6
2-2-2022,14.45,Lifeline,12,14,8065,20
2-12-2019,27.97,Gibraltar,1,6,1786,17
23-9-2021,17.13,Wraith,2,1,755,10
26-7-2022,9.47,Gibraltar,3,2,1489,18
27-3-2020,18.63,Gibraltar,7,10,4966,7
7-2-2022,26.34,Bangalore,7,13,5806,11
18-5-2020,16.61,Pathfinder,9,13,4879,2
25-2-2022,7.44,Bangalore,9,14,7504,8
16-1-2021,1.47,Gibraltar,1,0,349,2
15-6-2022,20.18,Wraith,5,1,1553,15
1-5-2020,28.67,Bangalore,5,7,4068,15
22-8-2019,1.21,Bloodhound,6,4,2886,14
21-11-2022,25.7,Pathfinder,11,4,4403,5
19-3-2020,17.43,Gibraltar,10,7,4218,11
18-5-2020,29.15,Wraith,8,6,5250,18
19-8-2021,2.28,Pathfinder,1,1,764,14
24-9-2019,29.21,Wraith,3,6,2419,17
6-12-2021,11.29,Gibraltar,2,8,3017,5
4-10-2021,14.82,Bangalore,5,7,2732,8
4-7-2021,24.93,Lifeline,7,9,4740,1
22-12-2022,17.29,Gibraltar,10,6,5134,4
24-1-2020,19.6,Lifeline,10,10,4946,3
27-9-2021,0.46,Bangalore,1,0,354,9
28-10-2021,8.98,Gibraltar,3,2,1894,3
30-9-2021,26.61,Wraith,8,7,3510,20
29-8-2021,23.12,Gibraltar,4,3,2204,2
4-6-2019,12.68,Bangalore,6,4,3256,1
2-11-2019,3.18,Pathfinder,10,9,5464,15
18-12-2019,3.2,Wraith,8,10,6655,3
31-5-2021,15.84,Wraith,2,7,3198,10
16-4-2019,13.07,Pathfinder,4,8,4306,17
9-9-2021,16.98,Wraith,3,4,2475,4
28-4-2021,26.54,Pathfinder,3,5,2328,10
3-4-2022,9.59,Gibraltar,4,7,3479,8
15-10-2021,13.8,Wraith,7,11,6634,16
23-7-2022,1.15,Lifeline,7,11,7111,6
23-3-2020,27.4,Lifeline,1,4,1328,9
3-6-2020,25.01,Wraith,5,2,2105,2
1-11-2021,6.75,Wraith,2,3,1270,9
8-4-2020,13.43,Lifeline,3,3,2352,20
18-4-2022,16.84,Bangalore,8,5,4339,12
3-7-2019,1.66,Bangalore,5,10,5689,8
27-1-2021,2.09,Bangalore,6,10,5636,1
20-5-2022,7.73,Pathfinder,5,4,2970,5
1-4-2020,19.34,Lifeline,6,3,3175,4
23-2-2021,23.37,Gibraltar,3,6,3211,7
2-5-2022,27.85,Bangalore,5,5,4053,7
5-6-2019,4.8,Gibraltar,7,7,1814,14
26-3-2020,12.69,Bangalore,8,7,2250,1
11-11-2021,0.32,Bangalore,9,13,1696,1
27-11-2021,20.9,Lifeline,2,3,673,17
16-10-2019,27.46,Bangalore,6,6,2562,7
24-8-2019,26.55,Wraith,4,9,2460,12
27-11-2022,24.52,Bangalore,11,8,4126,4
13-8-2022,9.67,Bangalore,9,5,1606,15
20-8-2021,17.1,Pathfinder,10,7,1116,10
1-7-2022,8.7,Bloodhound,7,6,1505,2
29-9-2022,14.67,Pathfinder,1,2,393,4
11-2-2020,19.99,Pathfinder,2,6,1040,1
4-5-2019,22.58,Bloodhound,4,5,923,11
19-8-2022,25.22,Lifeline,11,3,2551,9
7-6-2020,18.12,Bloodhound,4,4,1636,13
14-1-2021,14.98,Bangalore,8,7,1573,16
27-12-2021,17.68,Gibraltar,7,10,2314,13
4-7-2019,5.03,Bangalore,3,2,808,8
13-4-2021,7.44,Lifeline,2,2,837,12
19-6-2019,27.9,Bangalore,2,4,1318,15
4-7-2019,5.3,Bangalore,4,5,685,18
24-8-2019,15.2,Gibraltar,5,4,1535,18
18-5-2021,14.89,Wraith,8,14,2916,13
13-6-2019,24.41,Bloodhound,7,7,3078,2
8-8-2019,18.07,Gibraltar,0,1,106,10
24-7-2022,24.13,Pathfinder,3,9,2051,8
10-5-2020,7.04,Bloodhound,4,8,1360,6
22-9-2020,26.19,Gibraltar,4,4,1772,18
7-9-2020,2.51,Wraith,6,6,2355,3
28-6-2021,23.99,Gibraltar,13,7,4612,18
16-11-2021,24.11,Pathfinder,12,11,1971,11
26-12-2021,6.15,Pathfinder,9,4,2768,10
24-1-2020,6.45,Bloodhound,2,2,898,18
30-3-2022,5.35,Bloodhound,5,5,1368,19
5-6-2019,29.72,Wraith,10,5,3363,20
5-1-2022,26.2,Gibraltar,8,5,1789,13
18-3-2022,29.91,Wraith,8,8,2821,11
24-4-2022,28.24,Bangalore,7,14,1884,15
30-1-2020,7.28,Pathfinder,3,0,538,8
9-4-2019,22.7,Pathfinder,3,8,1974,7
17-2-2022,13.72,Bangalore,4,6,1038,12
27-9-2020,14.2,Bloodhound,9,5,2800,5
4-12-2019,4.1,Lifeline,6,9,1551,4
17-6-2022,0.31,Lifeline,9,8,2376,12
11-9-2020,0.8,Pathfinder,8,7,2213,20
31-5-2021,18.95,Bangalore,2,0,247,11
19-12-2022,21.47,Pathfinder,1,1,509,5
7-9-2021,1.57,Lifeline,5,5,1562,18
25-6-2019,21.96,Bloodhound,6,4,2014,6
22-6-2020,19.51,Lifeline,7,4,2777,11
2-2-2022,7.9,Bloodhound,10,5,1645,14
13-6-2019,17.43,Wraith,14,8,3352,1
17-10-2021,27.99,Gibraltar,5,2,1750,3
16-8-2021,12.75,Lifeline,1,3,595,9
20-3-2022,19.37,Wraith,7,7,2658,15
11-12-2019,14.73,Lifeline,4,3,846,15
23-1-2021,12.53,Gibraltar,4,4,1237,12
4-12-2021,29.59,Bloodhound,10,7,3118,8
27-2-2019,13.13,Wraith,6,11,3132,12
20-5-2019,3.33,Bloodhound,3,3,1153,7
5-2-2020,9.02,Bangalore,1,4,783,5
17-3-2022,8.06,Wraith,5,6,2804,18
30-12-2019,7.65,Lifeline,3,3,896,16
21-11-2022,0.85,Gibraltar,8,4,2130,4
23-4-2021,25.18,Bloodhound,11,7,2259,14
13-9-2021,3.55,Lifeline,9,7,2892,13
1-11-2021,23.34,Pathfinder,4,2,1016,20
28-10-2021,19.77,Bloodhound,9,2,2617,17
24-7-2021,11.22,Lifeline,3,2,748,4
3-5-2021,22.17,Wraith,7,4,3083,19
13-5-2022,3.88,Bloodhound,4,5,1571,1
16-12-2021,13.35,Pathfinder,10,5,3177,13
28-2-2019,18.94,Pathfinder,10,13,4372,18
8-11-2021,8.66,Gibraltar,0,2,529,15
25-10-2020,11.74,Wraith,6,3,2597,8
12-4-2022,5.67,Gibraltar,2,2,626,6
5-3-2020,11.19,Pathfinder,7,4,3167,19
12-3-2021,14.57,Bloodhound,5,5,1943,16
30-5-2019,8.16,Bloodhound,6,6,2111,2
27-5-2022,22.0,Gibraltar,10,7,3080,6
7-12-2019,29.17,Bloodhound,2,7,2117,12
28-5-2019,11.68,Wraith,2,1,721,17
9-5-2019,12.11,Bangalore,7,2,2119,3
27-1-2021,2.38,Wraith,6,10,2789,13
21-2-2019,17.14,Lifeline,6,5,1551,15
24-4-2019,14.11,Bangalore,6,11,4410,8
22-6-2019,15.82,Pathfinder,8,10,5142,1
5-5-2021,14.59,Gibraltar,5,3,1624,1
9-2-2019,28.05,Bloodhound,2,6,1496,16
30-8-2021,17.17,Bangalore,6,3,2660,18
26-1-2021,18.5,Wraith,5,4,2181,13
14-9-2020,4.25,Bangalore,6,9,2288,11
17-7-2022,27.8,Bangalore,6,9,4411,18
24-10-2022,22.49,Gibraltar,7,8,3718,11
11-7-2021,9.71,Bloodhound,1,1,542,20
1-11-2021,24.98,Bloodhound,3,5,2097,14
12-1-2021,16.41,Wraith,5,3,2117,1
19-3-2020,15.57,Bangalore,4,5,1626,6
2-11-2020,18.51,Pathfinder,5,5,2828,11
8-6-2019,21.94,Gibraltar,7,6,3619,7
28-7-2019,12.74,Gibraltar,12,9,4080,2
1-6-2021,26.59,Pathfinder,0,4,688,14
15-2-2019,3.21,Wraith,3,2,1452,3
10-10-2021,17.19,Pathfinder,4,3,2092,6
13-1-2021,8.2,Lifeline,4,9,3239,13
30-10-2019,16.66,Bangalore,7,5,2713,3
3-11-2021,21.78,Lifeline,6,9,4208,4
1-5-2021,1.44,Bloodhound,8,7,3136,4
17-11-2019,18.83,Wraith,3,4,1144,12
11-12-2021,2.32,Gibraltar,4,2,1344,4
7-6-2021,29.41,Gibraltar,2,12,3112,2
6-2-2022,6.05,Pathfinder,3,4,1822,12
26-11-2021,17.35,Pathfinder,10,5,4933,2
21-10-2020,1.91,Pathfinder,10,13,5132,17
14-8-2022,0.76,Bangalore,8,6,3207,10
30-3-2022,26.69,Gibraltar,2,8,2427,19
26-6-2022,18.66,Bloodhound,1,4,1467,3
17-10-2022,13.55,Wraith,3,2,872,8
24-4-2022,12.85,Bloodhound,4,5,1787,2
10-3-2022,26.03,Pathfinder,10,7,5183,2
5-9-2021,28.62,Gibraltar,9,7,5049,18
10-2-2022,27.46,Pathfinder,8,7,3131,18
11-11-2022,20.92,Bangalore,1,3,938,18
16-12-2019,13.15,Wraith,2,5,1892,6
5-10-2019,17.19,Pathfinder,9,5,3471,13
8-5-2019,21.68,Wraith,11,8,3674,14
26-11-2019,18.98,Gibraltar,5,8,4007,3
1-8-2020,18.48,Bangalore,9,5,3599,19
22-11-2021,4.64,Wraith,6,9,4852,16
26-11-2021,1.65,Lifeline,2,1,868,20
24-4-2022,7.9,Lifeline,8,1,3083,20
2-8-2021,14.85,Lifeline,3,2,976,11
23-1-2020,12.74,Bangalore,6,5,2620,10
16-12-2020,21.22,Pathfinder,6,12,4737,13
12-2-2022,8.19,Gibraltar,11,6,5299,2
23-4-2019,23.16,Lifeline,7,8,4827,11
7-11-2022,8.74,Wraith,0,1,274,11
27-2-2021,13.92,Bloodhound,7,2,3197,5
31-7-2021,0.5,Wraith,6,3,2478,5
26-8-2019,26.02,Wraith,8,4,2927,13
21-9-2019,18.95,Pathfinder,9,5,4377,14
17-9-2019,5.03,Bloodhound,10,10,6797,8
14-10-2019,6.33,Wraith,6,13,4731,10
8-2-2022,14.33,Bangalore,5,1,1486,20
28-12-2021,19.24,Gibraltar,2,3,1466,20
16-11-2021,27.04,Gibraltar,7,4,3192,19
18-9-2019,23.37,Lifeline,4,5,2764,19
8-3-2022,19.45,Wraith,5,12,5132,1
4-8-2021,16.92,Bloodhound,9,14,4882,12
6-11-2019,14.43,Bangalore,6,10,5477,13
26-2-2022,24.08,Lifeline,2,1,973,11
10-9-2020,19.41,Bloodhound,2,8,2685,15
2-3-2021,3.58,Gibraltar,6,3,2968,7
14-1-2021,5.24,Bloodhound,5,5,2900,5
25-7-2021,7.66,Bangalore,7,5,3208,16
14-8-2022,18.96,Bloodhound,10,6,3823,6
18-12-2019,24.04,Lifeline,9,6,3522,19
18-6-2022,8.11,Pathfinder,7,5,3810,6
9-2-2020,14.5,Lifeline,1,9,3506,11
29-9-2022,4.45,Bangalore,3,3,1416,7
3-7-2020,29.47,Gibraltar,8,4,2744,1
22-8-2019,14.8,Pathfinder,8,4,4119,7
9-8-2021,13.05,Pathfinder,10,8,4780,14
30-8-2020,11.28,Bangalore,7,6,4842,16
15-9-2022,6.36,Pathfinder,1,0,301,20
3-2-2021,21.08,Lifeline,2,2,1383,6
6-2-2020,19.57,Wraith,2,4,1449,14
1-5-2020,8.34,Bloodhound,4,4,1834,1
8-11-2022,6.62,Lifeline,4,4,2595,2
5-7-2019,14.06,Bangalore,7,8,4029,15
15-8-2022,0.06,Bangalore,8,12,5155,11
30-7-2019,19.7,Gibraltar,3,0,720,19
13-6-2020,17.91,Bangalore,2,2,1252,10
20-10-2020,6.02,Pathfinder,2,2,967,13
7-5-2022,11.68,Bangalore,5,4,2417,8
29-6-2022,23.62,Bangalore,8,7,4706,11
5-9-2021,14.71,Lifeline,8,9,4100,20
24-6-2021,9.51,Wraith,6,8,3888,1
14-4-2019,11.96,Wraith,1,0,393,18
7-8-2019,16.51,Wraith,3,1,1171,6
1-8-2021,16.53,Bloodhound,4,6,3404,8
3-10-2021,29.82,Bloodhound,5,5,2543,4
23-2-2021,29.51,Bloodhound,7,10,5298,8
27-11-2020,29.94,Bloodhound,9,6,3857,13
25-8-2022,18.0,Gibraltar,7,8,3659,7
16-4-2022,14.48,Pathfinder,3,4,2102,1
24-3-2021,29.41,Lifeline,6,7,3159,14
31-8-2019,12.11,Pathfinder,2,2,1494,13
30-10-2019,3.55,Bangalore,5,4,2383,10
6-10-2022,5.68,Gibraltar,8,7,3959,20
29-12-2022,27.71,Pathfinder,12,11,7967,8
27-2-2021,28.85,Gibraltar,6,7,4963,14
26-6-2021,22.13,Pathfinder,0,2,582,9
18-11-2020,8.57,Bloodhound,3,1,1091,12
6-6-2022,13.52,Bangalore,3,6,2593,12
24-5-2019,15.9,Bangalore,4,3,2324,13
5-1-2021,11.07,Pathfinder,4,6,3248,17
13-3-2022,8.67,Bangalore,5,9,4447,15
7-2-2021,8.69,Lifeline,9,7,6516,4
3-5-2022,26.56,Lifeline,2,0,649,4
28-4-2020,12.29,Bloodhound,3,7,1421,15
23-4-2020,14.39,Pathfinder,2,3,875,8
17-12-2019,4.43,Bloodhound,5,3,749,18
2-10-2021,1.34,Lifeline,5,5,2109,18
8-5-2021,12.75,Gibraltar,6,7,2578,16
13-2-2020,17.76,Wraith,10,6,3256,19
13-12-2020,11.63,Lifeline,0,6,368,14
13-5-2022,15.6,Gibraltar,2,4,998,4
7-9-2020,14.01,Lifeline,4,8,1837,9
27-2-2022,5.81,Gibraltar,5,5,1990,9
22-5-2022,5.69,Bloodhound,4,13,3547,17
12-7-2020,17.48,Wraith,6,8,1114,2
15-1-2021,25.21,Lifeline,7,8,3297,9
7-6-2022,2.4,Bangalore,1,5,691,8
21-11-2021,18.07,Bloodhound,2,1,384,1
19-3-2020,5.88,Pathfinder,6,5,1422,13
9-1-2022,10.7,Pathfinder,9,4,2633,12
8-8-2021,27.53,Pathfinder,11,12,2402,2
9-8-2019,10.19,Wraith,5,6,1042,18
19-4-2021,21.29,Bangalore,11,7,2494,18
28-2-2022,25.78,Bangalore,6,3,1970,11
8-6-2019,24.81,Lifeline,5,2,1598,14
10-9-2022,17.12,Bangalore,6,4,994,9
14-10-2019,17.52,Pathfinder,6,7,2507,5
29-9-2020,22.29,Bloodhound,6,8,1685,9
3-7-2022,25.94,Pathfinder,11,7,2585,18
4-6-2021,8.88,Pathfinder,11,7,1624,18
26-10-2022,13.18,Pathfinder,1,2,573,20
2-11-2019,13.16,Gibraltar,8,6,3075,15
6-5-2020,10.69,Wraith,6,8,1680,17
17-9-2019,6.88,Wraith,10,4,2071,1
1-6-2022,29.67,Pathfinder,5,6,2095,12
7-3-2021,20.35,Lifeline,8,6,3329,18
23-2-2022,4.08,Wraith,7,7,2489,8
2-11-2020,15.63,Gibraltar,2,1,323,5
6-5-2022,12.54,Pathfinder,2,1,690,3
24-5-2021,2.68,Bloodhound,4,2,694,5
14-4-2020,29.17,Pathfinder,6,3,1851,20
30-5-2021,27.43,Bangalore,7,12,3234,18
23-11-2020,24.67,Wraith,8,9,3958,2
27-6-2019,14.94,Wraith,6,6,2552,13
6-7-2022,6.03,Gibraltar,0,2,288,17
22-6-2021,20.61,Wraith,2,4,961,16
9-2-2020,18.41,Pathfinder,4,6,2290,12
20-3-2021,26.42,Pathfinder,12,7,2686,5
30-7-2021,16.15,Pathfinder,9,9,3453,7
1-12-2019,9.08,Wraith,5,5,1709,12
31-3-2021,29.54,Pathfinder,6,8,1956,8
22-12-2019,15.01,Bloodhound,1,1,427,17
30-12-2020,15.77,Bangalore,8,3,2715,7
30-7-2021,4.17,Bangalore,8,9,2049,2
20-3-2020,3.78,Wraith,3,3,1024,19
20-10-2019,9.33,Bloodhound,5,9,1582,4
2-6-2022,7.31,Pathfinder,10,11,2354,9
7-12-2022,15.58,Wraith,6,6,2625,19
20-3-2022,3.12,Gibraltar,2,4,739,15
10-9-2022,14.57,Bangalore,3,4,1655,15
31-10-2021,21.65,Wraith,5,4,2337,10
15-9-2020,11.94,Wraith,7,5,2651,10
15-4-2019,1.4,Lifeline,6,5,2643,5
26-9-2021,11.94,Gibraltar,8,6,2137,16
11-9-2022,3.56,Lifeline,11,6,4545,8
19-12-2022,20.45,Gibraltar,3,4,1439,20
7-5-2022,27.09,Pathfinder,4,1,1310,11
22-3-2022,15.9,Bloodhound,3,3,1599,1
6-11-2019,4.84,Bloodhound,4,10,3371,17
25-4-2021,27.03,Pathfinder,7,6,1633,12
20-9-2022,17.8,Wraith,9,6,2985,10
13-6-2022,19.33,Wraith,7,6,2980,11
15-5-2019,17.72,Pathfinder,2,5,1885,14
14-6-2020,8.7,Wraith,1,2,654,7
5-6-2021,24.2,Lifeline,7,7,3285,17
10-9-2022,2.67,Pathfinder,3,3,1594,3
20-8-2019,18.97,Gibraltar,7,5,2835,13
20-6-2022,10.35,Bloodhound,5,8,2772,19
10-4-2019,26.16,Pathfinder,13,9,4175,19
5-4-2022,16.07,Wraith,2,4,1309,19
29-1-2021,8.1,Bloodhound,1,2,724,4
20-5-2022,13.87,Bloodhound,3,7,2203,11
2-7-2021,16.34,Pathfinder,4,5,2102,7
12-5-2021,11.12,Bangalore,4,10,2623,2
15-5-2022,1.13,Bloodhound,5,7,2676,4
22-3-2022,6.61,Wraith,10,6,3887,1
20-12-2020,16.5,Bloodhound,6,4,2781,13
16-6-2022,19.68,Lifeline,2,6,2193,14
3-5-2021,21.0,Bangalore,4,4,1666,17
6-1-2020,10.46,Bloodhound,4,9,2814,10
30-8-2019,7.64,Bloodhound,8,12,3635,1
9-9-2020,0.67,Bloodhound,11,8,3671,5
11-2-2022,10.08,Pathfinder,7,8,3186,6
31-5-2022,9.7,Bangalore,0,5,1399,1
24-9-2021,23.83,Pathfinder,2,5,1389,8
25-8-2022,10.19,Lifeline,8,2,3149,19
29-6-2019,7.97,Gibraltar,3,7,1437,15
7-10-2021,16.17,Lifeline,4,8,2058,9
4-5-2021,23.65,Wraith,5,10,2302,3
27-5-2019,14.08,Pathfinder,11,12,4472,12
30-6-2020,16.17,Bloodhound,9,0,2916,6
27-2-2019,13.63,Wraith,6,1,1940,3
16-5-2019,0.87,Wraith,2,7,2616,18
8-2-2020,6.33,Bangalore,4,4,2038,19
11-9-2021,3.35,Pathfinder,10,5,3382,18
30-4-2019,27.25,Lifeline,15,6,6471,20
26-6-2019,29.27,Gibraltar,8,8,2800,17
14-11-2020,21.44,Gibraltar,6,2,2644,2
22-12-2022,10.21,Lifeline,6,4,2219,16
28-4-2019,29.84,Gibraltar,3,4,1883,2
1-7-2020,13.97,Wraith,11,5,3462,9
19-5-2019,7.78,Pathfinder,8,5,2435,16
21-6-2021,16.27,Bangalore,7,6,3970,4
27-2-2019,21.47,Lifeline,12,6,3510,5
26-4-2019,18.17,Pathfinder,5,7,2331,7
17-6-2019,6.76,Wraith,5,1,1194,16
22-7-2020,5.31,Pathfinder,6,4,1792,1
27-9-2021,29.13,Bangalore,3,7,2036,8
9-10-2019,5.14,Wraith,5,4,2291,12
8-8-2022,11.25,Bangalore,12,13,4313,16
4-3-2019,5.35,Bloodhound,6,7,2566,19
13-10-2022,8.15,Lifeline,0,0,0,9
12-6-2021,3.79,Gibraltar,6,5,3544,14
20-4-2020,7.41,Bloodhound,4,8,3174,16
6-12-2022,22.53,Pathfinder,6,10,4012,2
19-5-2020,5.95,Gibraltar,5,9,2798,3
22-6-2020,17.82,Gibraltar,6,8,4458,12
5-9-2022,23.95,Bloodhound,7,8,4329,10
26-4-2019,28.28,Bloodhound,3,2,1019,12
19-12-2019,24.73,Bloodhound,1,3,1267,16
16-3-2021,2.28,Wraith,9,2,2631,12
18-12-2020,0.85,Gibraltar,10,3,3170,20
8-3-2021,19.4,Wraith,5,6,2019,6
29-10-2020,12.83,Lifeline,5,7,3590,9
20-1-2022,16.6,Gibraltar,8,6,4054,8
2-11-2019,29.13,Gibraltar,8,4,3441,13
15-11-2019,10.67,Lifeline,2,4,2041,2
13-5-2020,14.88,Bloodhound,5,4,2164,10
29-1-2021,12.42,Wraith,4,3,1969,16
23-10-2019,16.16,Lifeline,4,7,3704,9
6-2-2021,24.82,Gibraltar,7,8,4822,7
20-9-2022,13.28,Bloodhound,7,8,4142,20
11-12-2021,28.73,Wraith,5,6,2432,7
5-12-2021,5.58,Gibraltar,3,9,2994,13
23-3-2019,7.93,Wraith,2,2,804,2
23-12-2020,14.04,Bangalore,4,3,2411,6
1-12-2020,27.49,Lifeline,5,4,2868,2
22-12-2019,24.84,Wraith,6,7,3520,4
8-3-2020,14.76,Bangalore,6,7,3076,1
4-4-2020,1.26,Wraith,9,1,3628,20
9-11-2022,11.61,Bloodhound,2,1,726,11
10-1-2022,14.19,Lifeline,3,8,3152,3
5-6-2021,21.33,Bangalore,7,7,4437,14
27-1-2020,24.45,Bangalore,12,5,4393,4
10-12-2022,7.31,Bloodhound,8,5,3340,20
4-5-2020,12.49,Lifeline,8,7,4414,14
12-7-2021,12.53,Bangalore,4,5,3154,17
30-6-2020,7.31,Bloodhound,1,4,1533,20
11-7-2020,28.3,Lifeline,4,8,2855,7
23-4-2022,29.31,Bangalore,8,7,3579,12
23-2-2021,14.94,Gibraltar,9,6,4786,8
11-9-2019,27.64,Bangalore,10,10,5814,20
13-5-2021,4.22,Gibraltar,8,7,4000,6
1-8-2022,15.83,Bloodhound,1,5,1474,1
17-12-2022,20.44,Lifeline,2,4,1530,8
17-8-2021,2.8,Pathfinder,2,8,2355,5
21-4-2022,21.57,Bloodhound,5,7,2738,17
22-10-2020,0.64,Bangalore,7,6,2832,9
3-7-2020,27.91,Bangalore,6,9,5471,19
15-4-2022,18.47,Wraith,8,8,4980,13
21-5-2019,14.13,Lifeline,0,7,1689,5
22-5-2020,17.64,Bloodhound,2,7,2065,10
13-12-2019,2.97,Wraith,3,2,1679,10
4-10-2022,15.1,Bangalore,6,9,4494,4
22-12-2019,4.33,Wraith,7,6,3798,9
30-3-2020,18.2,Pathfinder,12,11,8766,3
12-11-2019,22.03,Gibraltar,15,8,8287,4
4-4-2022,5.87,Bloodhound,0,1,253,19
14-3-2021,13.42,Bloodhound,3,3,1541,18
12-10-2021,12.26,Bloodhound,3,2,1231,10
16-10-2021,9.68,Wraith,8,4,4750,7
27-7-2019,19.68,Lifeline,6,12,5294,14
14-7-2019,27.54,Bloodhound,7,5,2859,8
19-1-2020,27.24,Gibraltar,13,9,7620,15
20-8-2021,3.84,Gibraltar,0,1,238,2
16-7-2021,25.36,Lifeline,1,4,1576,7
7-6-2022,22.88,Bangalore,7,2,2712,20
26-8-2022,21.56,Lifeline,4,4,2821,4
26-10-2021,8.31,Lifeline,6,9,5459,10
21-4-2022,7.78,Lifeline,7,5,4683,1
23-10-2021,9.63,Bangalore,11,8,6498,11
16-11-2022,1.17,Wraith,0,6,2231,18
7-7-2021,21.61,Pathfinder,1,4,1560,4
9-10-2021,22.91,Lifeline,4,3,2665,4
26-9-2022,2.58,Bloodhound,3,6,2552,12
16-8-2019,2.99,Wraith,4,11,5840,19
27-3-2022,3.93,Lifeline,7,6,4774,1
20-3-2019,6.83,Pathfinder,6,6,3128,12
22-2-2019,10.49,Gibraltar,0,5,1792,20
11-1-2020,3.95,Bangalore,4,1,1978,1
12-8-2022,21.02,Gibraltar,4,5,2415,16
8-6-2020,14.89,Lifeline,13,5,5202,3
15-1-2021,2.79,Bangalore,4,13,4900,18
19-9-2021,1.37,Bloodhound,13,5,2257,9
22-3-2019,0.28,Bangalore,9,14,4308,15
3-4-2022,6.38,Pathfinder,1,5,948,11
1-4-2022,23.65,Pathfinder,3,8,2102,10
31-8-2019,11.8,Bloodhound,5,4,1377,8
11-4-2021,27.61,Bangalore,7,6,1233,11
2-12-2021,16.03,Gibraltar,9,5,1579,20
30-3-2020,5.01,Gibraltar,8,5,2309,17
16-6-2022,21.95,Bangalore,10,9,3155,20
25-5-2020,14.96,Pathfinder,0,0,0,5
15-7-2020,0.26,Bangalore,3,5,1389,1
20-1-2022,0.78,Wraith,2,2,785,14
1-12-2021,4.76,Bangalore,3,6,1270,8
29-5-2020,22.11,Gibraltar,6,5,2272,4
4-6-2020,12.28,Bloodhound,8,8,1736,15
30-5-2020,14.74,Wraith,8,7,3374,1
13-8-2021,16.65,Bangalore,1,1,468,6
9-7-2019,16.92,Wraith,3,1,770,2
26-11-2020,21.88,Pathfinder,3,3,478,6
30-8-2020,2.52,Lifeline,4,6,1259,16
14-4-2022,4.24,Gibraltar,4,4,1292,14
6-8-2020,16.25,Gibraltar,6,8,2109,6
2-5-2020,16.03,Bloodhound,6,9,1341,4
8-12-2020,18.59,Pathfinder,2,3,723,1
1-4-2022,18.63,Wraith,2,1,711,18
14-7-2019,12.36,Wraith,3,2,730,5
13-5-2021,8.43,Bloodhound,8,8,3887,13
14-9-2019,28.94,Bangalore,4,8,1040,8
3-3-2021,26.64,Lifeline,7,8,1721,9
21-11-2022,29.92,Lifeline,11,9,4513,1
16-8-2021,23.18,Bloodhound,2,1,498,18
18-1-2022,6.83,Pathfinder,6,1,1286,4
5-11-2022,29.74,Bangalore,8,3,2730,13
16-4-2021,24.57,Pathfinder,6,4,1384,19
14-3-2019,3.82,Pathfinder,7,6,3243,4
6-9-2020,4.01,Wraith,5,8,1268,15
12-7-2022,18.45,Bloodhound,8,9,1577,16
12-12-2020,18.12,Gibraltar,1,7,1007,9
4-2-2020,28.55,Gibraltar,8,7,2644,7
2-9-2019,27.18,Lifeline,3,3,891,18
27-7-2022,27.96,Wraith,3,9,1474,1
19-5-2022,12.2,Bangalore,4,4,1934,4
11-6-2022,11.46,Gibraltar,8,13,2665,14
11-3-2022,27.16,Bloodhound,11,8,2979,20
22-11-2020,22.63,Pathfinder,5,0,1135,4
19-6-2019,3.8,Wraith,2,1,458,5
1-11-2020,4.93,Gibraltar,2,3,1043,1
28-1-2021,13.17,Bangalore,6,3,1348,14
24-4-2022,4.87,Gibraltar,6,8,3113,9
5-7-2022,21.92,Pathfinder,11,6,3765,2
7-9-2021,20.76,Bangalore,8,11,2973,3
15-9-2021,23.59,Wraith,5,2,1160,17
7-12-2022,0.53,Bangalore,1,4,1191,12
4-3-2021,19.19,Bloodhound,6,4,1964,12
1-8-2021,29.0,Lifeline,4,6,1928,18
9-6-2020,25.87,Bloodhound,7,8,3204,13
6-2-2021,25.82,Wraith,5,6,2106,14
6-11-2020,0.03,Wraith,11,6,4421,3
9-1-2021,21.23,Pathfinder,5,6,1848,8
12-12-2021,7.96,Bangalore,5,5,1503,11
15-4-2022,19.49,Bangalore,3,5,1284,1
16-7-2020,23.81,Wraith,5,5,2171,20
17-12-2019,18.53,Wraith,13,9,6142,20
20-6-2020,26.98,Bangalore,7,12,2851,3
29-5-2021,9.8,Wraith,13,10,3841,18
24-12-2019,3.94,Lifeline,3,6,1889,12
11-9-2021,27.41,Gibraltar,4,2,1577,4
27-12-2019,15.9,Wraith,7,3,2799,13
24-11-2019,2.17,Lifeline,6,7,3568,17
19-7-2020,12.68,Wraith,9,7,3532,6
13-8-2020,25.03,Wraith,7,6,1862,10
17-8-2019,15.84,Wraith,8,10,4652,11
22-3-2020,28.08,Gibraltar,2,4,858,8
21-1-2021,8.03,Lifeline,6,1,1742,13
27-6-2022,6.5,Bangalore,4,2,1011,2
2-8-2019,16.22,Gibraltar,7,5,3230,4
8-3-2020,27.7,Lifeline,4,8,2911,18
20-4-2022,18.77,Bloodhound,7,5,2869,1
16-6-2021,12.9,Bangalore,11,13,5329,10
8-2-2021,27.12,Bangalore,1,3,1004,5
20-4-2020,1.47,Lifeline,1,8,2244,6
29-9-2019,29.21,Wraith,3,7,1501,1
19-9-2021,27.32,Gibraltar,8,5,1838,11
12-5-2021,21.79,Bloodhound,7,5,3239,10
18-8-2021,5.47,Bloodhound,5,5,2727,16
1-2-2021,0.06,Bangalore,11,6,4236,18
31-10-2020,2.79,Gibraltar,3,7,2893,12
18-9-2020,12.16,Gibraltar,1,3,657,19
23-12-2022,10.1,Pathfinder,8,9,4280,3
21-11-2019,1.05,Pathfinder,10,6,4318,3
3-7-2020,12.28,Bloodhound,11,10,5182,11
1-11-2020,27.47,Bloodhound,9,10,4321,8
24-11-2019,26.79,Lifeline,16,9,3954,10
14-10-2021,24.85,Bloodhound,1,4,1421,16
6-4-2022,23.05,Bloodhound,8,6,4334,17
28-3-2022,25.22,Lifeline,5,4,1688,19
16-10-2019,2.51,Bloodhound,3,3,1715,2
5-3-2021,21.8,Pathfinder,6,7,3411,15
21-11-2020,29.99,Gibraltar,5,6,2618,9
8-11-2021,6.31,Bangalore,9,6,2992,11
18-5-2020,26.83,Bloodhound,3,3,1476,9
14-10-2022,9.02,Wraith,1,1,361,4
20-9-2019,24.26,Gibraltar,8,3,2272,7
12-3-2020,29.3,Lifeline,5,5,2045,18
29-10-2019,0.38,Gibraltar,10,5,4082,1
5-12-2021,11.34,Wraith,5,7,2578,5
1-3-2022,12.26,Pathfinder,9,6,2686,5
13-4-2022,1.06,Lifeline,1,5,1033,7
5-9-2022,16.32,Bangalore,5,2,2073,1
29-11-2020,2.59,Lifeline,8,9,2840,9
24-12-2020,12.39,Bangalore,7,3,2882,20
26-2-2022,12.54,Gibraltar,6,4,3151,8
5-2-2022,10.91,Gibraltar,9,7,4961,7
23-1-2020,1.57,Gibraltar,6,12,5594,2
2-9-2019,28.31,Wraith,3,2,1242,12
17-10-2020,7.89,Wraith,1,5,1730,3
13-3-2020,2.35,Bangalore,9,4,3298,15
28-12-2022,24.78,Bangalore,6,5,3306,2
28-5-2021,21.81,Pathfinder,6,7,2288,4
28-10-2020,2.7,Bloodhound,7,8,3715,13
17-3-2020,1.39,Wraith,8,6,3447,8
6-2-2021,0.2,Gibraltar,2,0,494,6
18-4-2021,9.51,Gibraltar,6,3,2814,14
13-9-2019,7.23,Wraith,2,2,812,15
19-1-2020,11.11,Gibraltar,3,8,2209,20
17-10-2021,14.37,Bloodhound,11,5,4920,19
13-1-2020,25.64,Lifeline,7,5,2762,18
10-5-2021,28.09,Bangalore,11,6,5253,14
25-3-2020,19.27,Bangalore,4,4,1513,2
22-5-2021,22.89,Lifeline,2,4,1201,3
10-1-2022,15.95,Lifeline,3,7,2427,19
5-7-2021,20.57,Lifeline,8,3,3642,12
6-3-2020,4.36,Bloodhound,4,6,2111,1
8-4-2022,27.47,Wraith,7,6,3555,16
22-12-2019,24.0,Lifeline,7,8,4066,15
31-8-2022,7.98,Pathfinder,3,0,736,10
3-3-2020,21.07,Lifeline,1,8,1774,19
4-3-2020,23.61,Wraith,7,7,4068,17
18-10-2019,6.86,Bangalore,7,10,3398,2
24-7-2021,20.71,Wraith,6,6,3175,8
18-6-2021,4.55,Pathfinder,6,5,3234,20
2-1-2021,25.89,Lifeline,13,11,6806,3
29-1-2021,29.51,Wraith,1,2,874,20
9-11-2021,3.66,Bangalore,6,3,1975,5
26-4-2020,12.46,Bloodhound,9,7,5489,4
16-3-2021,5.15,Bloodhound,4,10,4737,11
7-12-2022,23.84,Wraith,11,6,4034,18
7-7-2022,13.4,Lifeline,7,5,2929,14
26-12-2021,12.27,Gibraltar,10,7,4528,17
28-12-2020,25.01,Bangalore,1,0,372,16
27-2-2022,5.58,Bangalore,5,5,2665,10
10-12-2020,19.24,Wraith,3,8,3113,14
11-6-2022,29.45,Gibraltar,6,7,3953,13
31-3-2022,27.09,Pathfinder,4,5,2154,13
16-7-2020,0.13,Lifeline,5,5,2120,11
3-10-2022,5.94,Bloodhound,6,6,4101,6
11-10-2022,28.8,Wraith,2,0,498,11
12-5-2019,7.57,Pathfinder,1,3,1383,19
10-1-2022,20.53,Lifeline,3,3,1520,6
14-8-2022,17.1,Bangalore,8,4,3590,20
13-12-2019,23.74,Bangalore,7,10,3922,7
14-11-2022,2.38,Pathfinder,6,8,3942,10
6-1-2020,5.62,Lifeline,8,6,3567,7
17-5-2019,3.97,Lifeline,3,0,1086,17
2-9-2019,3.7,Bloodhound,4,2,1608,5
19-2-2020,6.19,Gibraltar,6,9,4810,2
26-11-2019,9.56,Wraith,3,4,1647,2
9-11-2021,6.55,Pathfinder,4,10,4875,12
11-9-2020,7.39,Lifeline,5,12,4088,17
21-4-2020,7.5,Pathfinder,9,6,4726,4
6-3-2022,26.85,Bloodhound,5,1,1711,1
17-7-2022,8.7,Gibraltar,6,2,2787,4
20-9-2022,21.53,Bangalore,8,4,3626,1
15-1-2020,16.64,Wraith,3,3,1513,7
9-6-2021,22.63,Gibraltar,6,7,4327,8
24-6-2020,4.76,Lifeline,9,5,5041,6
23-10-2022,28.31,Gibraltar,9,6,4131,7
29-3-2021,21.26,Pathfinder,5,6,3876,18
6-3-2021,4.58,Lifeline,2,6,2151,5
26-4-2021,25.45,Pathfinder,4,3,2196,12
23-1-2021,6.89,Wraith,7,3,3864,7
8-11-2021,11.08,Bloodhound,9,7,4985,19
24-3-2020,3.08,Bloodhound,10,6,6272,1
17-11-2021,17.85,Wraith,6,6,3920,11
26-8-2019,11.79,Wraith,2,4,1745,5
18-11-2019,21.36,Pathfinder,5,3,3193,7
1-5-2022,28.35,Wraith,3,2,1497,5
15-2-2019,22.97,Gibraltar,11,4,6054,20
8-7-2021,24.29,Lifeline,6,9,4948,3
15-3-2019,15.32,Gibraltar,6,6,4556,9
29-6-2019,1.54,Bloodhound,6,8,3869,20
9-4-2020,4.65,Lifeline,5,0,1298,1
29-7-2019,27.35,Pathfinder,4,2,1844,18
1-7-2019,11.39,Gibraltar,5,5,3698,7
15-11-2019,7.33,Bangalore,3,4,1782,3
17-5-2019,14.95,Lifeline,8,4,3992,7
1-5-2019,17.27,Bangalore,7,8,5998,15
25-2-2022,16.55,Bloodhound,7,9,4632,16
2-7-2021,17.81,Pathfinder,5,5,3152,19
19-5-2019,26.94,Wraith,4,2,2293,12
8-3-2022,21.24,Lifeline,4,3,1453,2
15-10-2021,0.9,Wraith,4,5,921,18
6-5-2021,1.96,Gibraltar,9,4,2610,19
30-12-2021,3.07,Gibraltar,10,5,2303,5
16-11-2021,13.75,Bloodhound,8,11,2269,3
22-10-2022,27.79,Gibraltar,1,0,146,11
20-7-2020,26.85,Bloodhound,1,6,642,20
5-6-2022,5.92,Wraith,4,4,755,13
20-12-2020,19.88,Bloodhound,7,4,1477,9
5-5-2022,28.43,Lifeline,13,6,1960,3
22-10-2021,25.71,Bloodhound,11,7,3822,13
4-3-2019,10.2,Gibraltar,6,15,3460,6
7-6-2019,2.34,Lifeline,0,1,95,7
14-11-2022,5.27,Pathfinder,1,1,172,20
20-3-2020,5.43,Gibraltar,2,3,479,16
11-10-2021,20.01,Wraith,6,4,1608,6
11-6-2019,11.37,Lifeline,5,6,1019,9
23-5-2019,2.98,Gibraltar,6,7,2957,11
9-6-2020,18.96,Pathfinder,9,7,2950,4
13-5-2021,5.85,Bangalore,1,1,282,10
7-11-2021,10.44,Bangalore,1,2,544,9
4-7-2019,24.84,Gibraltar,7,3,1837,19
19-5-2022,9.9,Gibraltar,4,3,967,11
26-2-2019,24.12,Pathfinder,11,5,1842,8
27-4-2022,9.78,Bloodhound,6,8,1423,18
23-1-2022,25.86,Lifeline,10,9,3847,13
11-4-2021,12.83,Bloodhound,3,1,687,12
28-8-2021,28.21,Wraith,2,8,2155,3
7-3-2022,8.87,Gibraltar,9,10,2985,17
7-1-2022,19.88,Gibraltar,6,9,2450,15
3-7-2022,10.75,Gibraltar,13,10,1984,9
27-12-2022,16.97,Bangalore,10,8,2293,15
10-11-2019,14.13,Wraith,7,9,2114,10
2-6-2022,21.51,Bangalore,3,5,696,4
22-1-2021,1.28,Wraith,1,3,653,7
8-6-2020,23.7,Gibraltar,3,3,988,18
22-9-2019,9.96,Lifeline,3,3,658,5
17-8-2019,24.8,Gibraltar,6,10,2812,6
7-3-2020,5.09,Bangalore,6,5,2702,5
12-1-2020,21.06,Gibraltar,6,7,2296,6
11-5-2022,20.71,Pathfinder,3,3,1203,6
11-8-2020,0.79,Gibraltar,4,1,786,6
23-7-2022,6.77,Wraith,3,2,1043,20
28-5-2020,9.38,Bloodhound,7,4,1786,12
29-11-2020,21.58,Gibraltar,5,9,2576,7
10-2-2022,21.17,Gibraltar,5,10,3229,6
3-3-2019,11.82,Bloodhound,14,6,5304,6
21-1-2020,26.38,Gibraltar,0,6,1228,9
5-7-2022,14.67,Pathfinder,1,1,465,1
11-4-2020,5.74,Wraith,7,4,2626,10
28-1-2022,14.0,Wraith,7,4,2152,6
5-2-2021,12.92,Lifeline,9,4,1545,4
19-3-2020,29.53,Pathfinder,14,6,3738,1
14-3-2021,7.88,Bloodhound,7,7,2601,8
12-5-2020,19.42,Bangalore,2,0,325,3
7-5-2021,14.78,Bangalore,3,1,458,2
4-10-2022,0.94,Pathfinder,4,3,1557,20
20-7-2019,7.69,Wraith,5,5,2165,8
9-8-2022,18.74,Pathfinder,5,10,3056,7
8-1-2021,19.37,Lifeline,5,8,1725,5
8-11-2022,20.74,Bangalore,14,7,2780,16
13-12-2021,16.11,Wraith,8,3,1600,19
8-2-2020,15.58,Bangalore,1,1,263,14
6-10-2020,25.47,Wraith,4,5,1757,20
12-7-2019,12.23,Pathfinder,4,9,3393,10
25-6-2020,14.79,Bangalore,6,8,1998,4
12-10-2020,9.47,Gibraltar,6,6,2136,2
12-8-2020,15.02,Bangalore,12,8,4147,18
12-11-2021,26.33,Lifeline,0,1,242,5
14-6-2022,12.9,Gibraltar,9,2,1969,18
6-7-2020,24.71,Bangalore,2,5,1534,1
15-3-2022,9.95,Bloodhound,4,3,1114,16
13-6-2022,10.79,Pathfinder,4,6,2733,16
6-6-2019,2.46,Lifeline,10,8,2856,14
3-9-2020,27.74,Pathfinder,7,12,4690,12
5-4-2021,8.35,Gibraltar,2,2,660,4
4-8-2022,1.57,Wraith,4,1,723,1
4-11-2019,0.68,Lifeline,2,3,1307,20
14-6-2021,21.48,Pathfinder,8,10,3130,15
26-3-2019,8.95,Wraith,6,4,2941,7
7-8-2019,20.14,Wraith,13,5,5366,2
7-10-2020,15.57,Bloodhound,7,7,3843,10
24-3-2021,19.25,Bloodhound,7,4,2332,10
31-7-2019,7.43,Lifeline,1,1,570,3
21-12-2021,9.28,Lifeline,3,2,1206,2
16-12-2019,21.88,Wraith,7,5,3616,12
19-3-2021,28.92,Bangalore,6,11,4371,6
23-1-2020,4.77,Bloodhound,8,6,3754,13
11-9-2020,19.38,Wraith,13,9,4358,3
24-12-2021,27.47,Gibraltar,2,4,1771,14
5-11-2022,20.08,Lifeline,2,2,968,13
5-10-2022,13.21,Pathfinder,9,8,3499,5
7-10-2021,7.44,Bangalore,4,8,3478,16
31-7-2020,13.84,Bloodhound,9,9,5176,8
4-6-2021,9.61,Gibraltar,11,7,3655,15
26-12-2022,20.82,Lifeline,11,6,4349,15
14-2-2019,1.02,Gibraltar,0,1,162,2
23-7-2019,21.22,Gibraltar,5,9,2930,17
27-9-2020,26.67,Wraith,8,8,3354,13
30-8-2020,19.38,Gibraltar,6,7,4000,11
19-8-2021,5.78,Bangalore,5,4,1964,19
23-1-2021,29.21,Pathfinder,9,11,3565,5
12-9-2021,29.86,Gibraltar,9,13,5363,19
3-4-2019,8.1,Lifeline,2,4,1054,13
5-8-2021,0.04,Wraith,1,4,906,18
15-4-2021,25.13,Gibraltar,9,4,3296,17
12-4-2020,19.38,Bloodhound,3,6,2696,11
28-6-2020,15.95,Wraith,6,7,2964,19
13-6-2019,0.24,Lifeline,10,9,6004,18
16-8-2021,3.6,Bloodhound,7,7,2860,17
18-8-2021,28.91,Wraith,3,7,2578,6
7-8-2020,24.42,Pathfinder,3,6,1474,17
2-5-2019,4.62,Bloodhound,5,9,4323,2
22-5-2022,20.73,Bangalore,8,11,5943,12
9-4-2020,22.67,Lifeline,11,10,4742,1
6-11-2020,3.02,Bloodhound,5,6,2160,7
4-1-2020,17.16,Wraith,11,8,5318,15
12-4-2021,20.78,Pathfinder,6,1,1396,13
20-7-2019,27.85,Wraith,2,10,2874,2
5-9-2022,12.97,Wraith,7,2,2498,5
12-9-2020,15.78,Gibraltar,4,3,1625,19
10-2-2020,14.15,Bloodhound,5,8,3005,15
11-7-2021,22.7,Lifeline,7,7,3330,17
30-5-2022,29.02,Pathfinder,7,11,4983,20
26-12-2019,7.78,Pathfinder,1,2,710,18
18-3-2020,24.87,Lifeline,2,7,2102,1
20-2-2021,17.3,Pathfinder,8,4,2512,1
14-5-2019,9.54,Lifeline,3,6,2627,18
8-4-2020,4.66,Gibraltar,9,6,5029,3
10-11-2019,14.36,Pathfinder,9,8,4438,10
27-10-2021,15.79,Lifeline,7,9,3767,5
3-5-2019,29.74,Bloodhound,2,1,991,20
27-2-2021,7.74,Wraith,2,2,1342,12
16-11-2020,7.22,Pathfinder,8,7,4876,11
30-8-2019,25.53,Pathfinder,6,4,3013,14
11-10-2021,16.76,Bloodhound,9,8,5800,13
21-2-2020,13.41,Wraith,7,5,2283,1
4-7-2021,6.32,Wraith,6,6,3066,16
20-6-2019,7.9,Pathfinder,2,2,1148,11
1-11-2019,26.17,Wraith,2,4,1812,11
18-12-2019,23.47,Gibraltar,9,5,3038,10
23-11-2021,22.1,Lifeline,5,7,3951,20
7-4-2021,11.91,Lifeline,6,4,3156,10
18-4-2021,13.38,Bloodhound,10,10,7126,6
20-9-2020,18.12,Lifeline,7,11,5450,7
28-2-2020,8.37,Gibraltar,2,1,774,1
2-11-2021,5.14,Gibraltar,1,2,1009,17
30-8-2021,13.23,Bloodhound,2,7,2448,17
15-2-2019,25.62,Bloodhound,3,5,1872,9
1-8-2020,5.26,Gibraltar,4,5,2005,1
26-1-2021,9.11,Lifeline,6,6,3073,9
3-2-2021,11.41,Bangalore,9,7,5946,5
15-8-2020,20.84,Wraith,1,6,2334,12
28-9-2020,15.65,Gibraltar,3,2,1282,2
26-11-2021,5.13,Wraith,6,2,2715,20
19-4-2021,27.23,Pathfinder,10,10,5956,16
12-10-2019,22.49,Gibraltar,5,10,3944,4
8-9-2020,12.71,Gibraltar,6,9,3304,4
25-5-2021,17.97,Bangalore,14,7,6845,9
12-8-2020,8.52,Bloodhound,6,2,2627,6
29-1-2020,22.43,Lifeline,11,1,3472,14
11-2-2021,11.38,Lifeline,6,2,2744,10
13-2-2022,14.4,Wraith,7,4,2611,18
6-8-2021,11.22,Gibraltar,5,6,2952,16
17-1-2020,8.02,Bangalore,10,5,5755,11
2-4-2022,28.44,Bangalore,7,10,3973,1
9-2-2022,28.64,Wraith,2,0,462,19
15-2-2019,9.19,Pathfinder,4,8,2967,15
8-10-2019,8.51,Wraith,7,3,3469,17
4-6-2022,24.97,Bloodhound,3,9,4378,1
9-4-2020,25.07,Gibraltar,9,9,4783,10
7-6-2021,4.52,Pathfinder,7,5,3547,4
28-7-2021,3.35,Bangalore,6,8,4696,12
10-8-2020,16.11,Pathfinder,3,8,3302,13
2-3-2019,4.26,Pathfinder,3,8,3190,1
23-7-2021,28.84,Bangalore,4,6,3864,13
20-2-2019,6.93,Lifeline,4,3,2024,4
22-11-2021,25.84,Pathfinder,4,10,4584,6
14-1-2021,25.11,Bangalore,6,9,5768,15
25-5-2022,9.39,Bloodhound,8,6,4126,13
21-9-2021,0.25,Pathfinder,5,1,1951,18
10-8-2021,16.18,Bloodhound,1,6,2087,18
15-3-2022,24.67,Pathfinder,6,2,2619,16
15-5-2020,11.54,Bangalore,7,5,4510,13
20-8-2019,2.26,Bloodhound,10,6,4838,5
15-10-2020,9.58,Bangalore,8,6,5114,10
4-3-2020,14.17,Bangalore,13,9,8627,9
25-6-2022,29.11,Wraith,4,11,5788,6
1-2-2020,1.12,Lifeline,3,2,1675,3
26-6-2020,7.34,Bloodhound,2,3,1961,14
28-10-2019,19.6,Bloodhound,12,4,5907,13
29-5-2020,12.34,Wraith,9,5,3563,6
25-7-2021,5.43,Pathfinder,11,7,6570,16
22-12-2022,22.16,Bangalore,13,7,7235,15
3-3-2019,17.21,Lifeline,2,2,1430,19
7-10-2021,18.86,Pathfinder,4,10,5480,7
20-2-2019,5.22,Gibraltar,6,3,2365,6
13-11-2022,8.78,Pathfinder,6,3,2613,2
6-12-2020,15.52,Bangalore,4,8,3199,10
6-3-2022,14.04,Lifeline,8,6,4679,1
1-4-2022,3.7,Lifeline,6,13,1941,8
17-2-2019,14.04,Bangalore,0,3,325,2
11-11-2020,7.21,Pathfinder,1,3,403,9
30-4-2020,0.42,Wraith,3,4,1135,11
17-4-2022,28.66,Bloodhound,7,6,1459,16
8-4-2019,23.03,Gibraltar,8,5,2033,11
18-9-2019,8.06,Wraith,6,7,2494,1
5-11-2021,16.93,Bangalore,6,12,2694,10
24-6-2022,26.72,Bangalore,3,5,1553,8
9-9-2019,4.58,Gibraltar,4,2,753,1
11-11-2020,23.82,Wraith,5,5,774,20
15-12-2020,18.55,Pathfinder,5,7,1041,19
30-3-2019,1.42,Gibraltar,5,10,2749,14
5-9-2019,10.21,Wraith,6,12,1460,16
18-12-2020,0.04,Bloodhound,11,6,2635,17
14-3-2022,13.13,Pathfinder,5,5,1463,10
18-6-2021,26.62,Bloodhound,7,2,2097,18
8-9-2019,3.65,Bloodhound,2,2,772,11
9-4-2019,7.92,Pathfinder,6,4,2268,11
27-7-2020,29.74,Bloodhound,6,10,3345,1
29-3-2021,18.08,Bloodhound,6,5,1047,2
10-10-2020,22.58,Lifeline,9,9,1842,4
29-12-2020,17.28,Bangalore,1,3,401,14
28-5-2020,13.18,Pathfinder,4,4,1288,11
19-10-2019,23.81,Pathfinder,8,5,2712,13
8-8-2020,7.91,Pathfinder,3,4,1558,3
22-7-2022,12.09,Gibraltar,4,7,2093,17
16-5-2019,9.67,Bangalore,6,9,2788,9
19-1-2020,6.42,Pathfinder,8,6,3279,6
2-3-2021,6.26,Lifeline,2,0,193,13
20-6-2021,6.73,Bloodhound,1,2,247,14
5-9-2022,16.14,Lifeline,2,2,897,6
4-7-2020,13.66,Lifeline,5,5,2342,1
25-5-2021,1.46,Bloodhound,6,5,2268,11
6-10-2019,28.12,Gibraltar,9,5,2898,5
13-6-2019,26.36,Gibraltar,9,6,3256,15
21-3-2020,17.62,Pathfinder,1,1,427,5
15-8-2019,24.72,Gibraltar,5,2,842,14
6-12-2021,27.41,Gibraltar,5,8,2474,14
13-3-2020,20.27,Bloodhound,7,4,1735,14
7-8-2020,7.09,Bangalore,4,5,1171,14
21-10-2022,29.58,Bangalore,8,9,3629,2
18-1-2020,12.35,Bangalore,7,8,2678,6
21-8-2019,4.66,Bloodhound,1,3,780,13
3-6-2020,8.61,Bangalore,6,5,1533,3
6-5-2019,29.74,Wraith,10,4,2665,14
10-1-2020,18.29,Bangalore,10,3,2831,18
16-12-2022,18.72,Gibraltar,9,8,2471,8
27-7-2022,5.62,Wraith,6,7,2064,18
30-11-2022,0.43,Wraith,6,8,3072,18
8-12-2022,29.36,Bangalore,5,3,1913,8
5-9-2019,28.65,Bloodhound,3,2,813,19
18-4-2019,21.97,Bloodhound,6,3,1145,5
26-2-2020,16.32,Bloodhound,7,6,2993,8
10-2-2022,9.9,Wraith,4,4,1199,17
1-6-2022,25.42,Pathfinder,9,7,3485,2
21-10-2020,12.32,Gibraltar,9,7,4368,8
1-7-2020,23.55,Lifeline,7,0,908,6
29-11-2020,15.42,Bloodhound,2,1,473,14
31-8-2022,6.85,Bangalore,6,4,1890,4
13-2-2020,19.11,Gibraltar,4,7,2304,18
6-4-2022,17.41,Wraith,7,7,3662,3
4-8-2021,29.14,Wraith,6,9,3504,18
18-12-2019,6.53,Gibraltar,8,6,2730,1
13-9-2019,29.71,Lifeline,3,6,1260,6
11-11-2020,17.41,Bloodhound,2,8,1608,7
11-9-2019,26.18,Gibraltar,6,6,1667,12
21-7-2021,19.33,Wraith,5,8,1673,5
28-2-2021,16.76,Bangalore,12,4,3276,6
11-8-2020,4.75,Bloodhound,6,9,2668,8
28-4-2021,13.58,Bloodhound,7,7,3353,13
7-5-2019,4.73,Wraith,1,1,565,9
12-1-2022,12.78,Bloodhound,3,3,850,1
25-5-2021,9.81,Bangalore,4,8,2357,17
10-12-2020,0.05,Gibraltar,4,5,2382,7
12-11-2022,29.9,Wraith,6,11,3172,8
15-8-2022,17.95,Gibraltar,12,11,3083,16
29-8-2022,5.89,Gibraltar,10,6,4084,3
13-5-2022,3.86,Lifeline,1,0,194,4
3-1-2021,13.52,Gibraltar,3,3,1335,13
27-5-2021,23.8,Gibraltar,8,4,2906,10
17-6-2019,17.77,Bangalore,4,9,2463,10
19-5-2021,16.07,Bloodhound,9,4,2553,5
4-1-2020,23.73,Wraith,5,5,2183,17
24-11-2020,10.94,Bangalore,9,7,2769,18
9-7-2019,29.25,Pathfinder,0,1,183,12
28-6-2021,17.57,Pathfinder,7,3,1714,17
26-10-2021,1.91,Wraith,2,7,2200,19
29-1-2021,16.82,Wraith,10,9,2751,2
9-11-2022,14.3,Bloodhound,10,5,3304,12
6-8-2021,22.39,Wraith,7,8,3747,2
3-10-2021,2.05,Lifeline,6,7,3720,18
9-8-2020,25.19,Pathfinder,2,1,712,18
16-11-2021,2.59,Pathfinder,10,1,3301,14
5-2-2022,21.77,Gibraltar,6,8,2104,19
3-8-2022,11.63,Wraith,8,3,2759,17
27-5-2021,9.98,Pathfinder,4,13,3353,3
8-3-2022,1.41,Pathfinder,8,6,3075,3
29-4-2020,16.37,Bloodhound,7,6,2055,18
4-4-2022,23.85,Lifeline,8,1,2454,15
