25-5-2022,6.27,Bloodhound,5,1,598,16
19-1-2021,8.78,Pathfinder,6,14,2283,2
16-3-2019,29.12,Ash,12,11,1595,8
12-2-2019,24.02,Wraith,2,8,1544,7
6-5-2021,20.75,Bloodhound,16,12,2149,2
1-9-2022,14.18,Ash,4,11,2749,12
7-3-2021,18.88,Gibraltar,12,2,1300,4
5-12-2022,26.85,Bloodhound,5,8,1606,10
19-6-2020,7.51,Ash,3,2,1035,14
17-10-2022,26.6,Bangalore,6,2,1265,19
11-2-2019,12.56,Lifeline,9,3,1652,10
7-10-2021,14.48,Wraith,1,1,418,13
9-12-2021,28.89,Wraith,8,15,3131,5
11-3-2019,13.93,Bloodhound,11,7,3634,4
28-6-2022,10.59,Gibraltar,9,3,819,7
22-10-2022,29.03,Ash,5,3,827,17
9-1-2022,15.01,Lifeline,2,5,528,13
3-9-2020,2.59,Ash,3,6,1333,3
5-4-2021,23.08,Bloodhound,9,2,2298,9
7-2-2020,0.67,Wraith,2,0,406,13
29-11-2022,28.78,Wraith,4,2,436,4
2-6-2021,15.6,Bangalore,15,2,1323,18
20-10-2019,15.62,Gibraltar,2,4,599,14
18-7-2021,0.84,Bangalore,6,14,2600,1
27-2-2022,2.22,Bloodhound,0,7,727,6
24-10-2019,17.94,Lifeline,16,19,2326,11
22-12-2019,15.63,Ash,13,10,2682,15
24-10-2022,17.72,Pathfinder,2,10,662,7
25-10-2021,17.91,Ash,2,1,250,13
25-5-2019,11.24,Wraith,4,5,1341,1
9-10-2021,27.38,Pathfinder,11,2,2676,1
20-4-2020,21.16,Lifeline,4,6,1707,13
29-6-2020,21.34,Wraith,3,9,1256,11
7-5-2019,21.65,Ash,6,7,1578,9
5-10-2020,15.38,Ash,10,1,2525,14
2-3-2021,6.89,Lifeline,2,2,680,18
22-3-2020,24.92,Bangalore,2,3,609,14
7-8-2019,6.35,Ash,0,1,155,2
20-8-2019,10.51,Pathfinder,4,14,2862,19
15-11-2022,17.95,Gibraltar,13,4,3160,14
22-6-2021,14.88,Wraith,1,9,1130,2
16-11-2022,6.15,Lifeline,7,8,3070,10
7-7-2022,21.54,Lifeline,13,12,4266,8
29-5-2022,5.57,Ash,2,2,376,20
16-5-2020,23.49,Bloodhound,13,15,4672,3
23-2-2019,7.57,Gibraltar,4,1,847,13
9-7-2019,5.3,Pathfinder,1,0,211,6
21-11-2019,11.61,Pathfinder,2,1,501,6
11-12-2021,26.76,Bloodhound,2,12,911,18
9-9-2021,21.66,Pathfinder,4,6,1769,3
24-3-2019,24.93,Pathfinder,7,3,1781,18
24-6-2019,9.52,Bloodhound,0,2,320,13
10-11-2020,19.2,Pathfinder,14,4,1067,5
20-4-2021,1.32,Pathfinder,6,3,1015,2
22-4-2020,28.32,Lifeline,10,8,3272,10
20-11-2022,17.43,Ash,7,3,2077,12
8-3-2022,2.31,Ash,0,3,319,18
25-8-2020,7.18,Bangalore,3,0,308,12
12-10-2021,17.91,Ash,11,6,1166,5
1-6-2022,10.0,Wraith,6,8,1088,9
7-5-2020,15.14,Pathfinder,15,16,4733,8
12-4-2022,24.92,Ash,3,11,2714,20
25-5-2020,25.74,Wraith,16,5,2625,10
9-5-2021,19.14,Bangalore,3,7,2046,11
7-2-2022,10.21,Bloodhound,3,1,785,16
4-11-2020,28.2,Pathfinder,17,6,2327,13
25-6-2022,2.8,Wraith,0,1,164,4
19-11-2020,15.89,Gibraltar,2,3,418,5
26-8-2022,2.72,Bangalore,10,0,735,20
16-2-2021,2.58,Bloodhound,2,2,269,8
15-8-2020,10.73,Bloodhound,2,4,993,4
8-6-2020,27.15,Lifeline,2,5,372,1
3-11-2019,2.12,Lifeline,7,0,648,13
12-3-2020,2.45,Bloodhound,2,2,252,4
13-2-2022,20.35,Lifeline,8,19,4131,10
11-12-2019,26.14,Gibraltar,16,3,2357,2
16-12-2019,5.31,Lifeline,5,1,1205,16
21-5-2022,20.28,Wraith,14,7,3818,19
12-1-2022,25.44,Gibraltar,8,3,2126,15
11-7-2020,19.4,Ash,4,13,2243,7
5-11-2022,14.01,Ash,1,4,278,8
1-5-2020,13.69,Ash,7,10,2932,4
6-12-2020,26.57,Ash,6,3,1928,8
3-10-2019,24.77,Ash,2,7,1170,19
5-7-2019,19.81,Bangalore,7,2,809,8
29-7-2020,25.15,Lifeline,2,3,857,10
20-6-2021,3.0,Bloodhound,7,1,1760,12
21-1-2021,12.77,Ash,7,3,1350,12
21-5-2019,18.15,Lifeline,1,7,457,9
22-11-2021,25.86,Ash,7,6,1725,13
2-6-2021,3.67,Bloodhound,1,0,80,7
23-6-2022,23.91,Wraith,7,6,2580,8
24-11-2022,6.55,Bangalore,1,1,235,6
23-11-2019,9.35,Bloodhound,7,3,781,8
15-8-2020,2.41,Bloodhound,0,17,1847,10
16-11-2021,14.4,Gibraltar,4,1,350,2
11-9-2022,14.45,Wraith,14,1,890,9
19-11-2020,5.03,Bloodhound,6,4,2255,12
19-7-2019,7.51,Bloodhound,2,4,347,8
2-7-2020,16.66,Wraith,1,4,409,20
14-5-2021,1.21,Pathfinder,0,4,305,16
10-11-2020,2.54,Ash,5,0,489,5
16-9-2021,0.65,Lifeline,3,2,1015,11
17-12-2020,3.83,Gibraltar,6,13,1410,1
5-10-2021,4.54,Gibraltar,3,2,475,1
27-5-2021,27.7,Lifeline,7,5,2289,15
5-6-2020,18.41,Lifeline,6,11,1558,14
21-10-2022,15.66,Bloodhound,3,5,989,15
21-8-2021,14.67,Gibraltar,4,9,911,7
1-5-2022,0.88,Bangalore,0,13,2461,9
6-8-2021,4.35,Lifeline,3,7,671,6
20-9-2022,25.89,Bloodhound,6,4,2073,3
22-7-2019,29.73,Bangalore,9,7,2745,8
4-6-2019,9.27,Ash,0,5,539,2
25-2-2021,18.84,Lifeline,12,2,1513,15
1-7-2021,22.7,Ash,3,7,1786,11
16-11-2021,3.86,Lifeline,6,11,1180,1
28-12-2022,4.94,Pathfinder,2,0,333,15
8-9-2020,24.76,Gibraltar,7,2,991,7
24-9-2020,19.93,Wraith,7,2,887,15
10-12-2022,0.22,Bloodhound,1,4,683,2
4-12-2019,11.24,Bloodhound,3,2,893,13
8-5-2020,23.22,Gibraltar,12,7,2840,10
9-9-2022,17.38,Lifeline,7,6,2671,6
7-8-2020,25.15,Bangalore,13,7,1161,1
4-1-2020,21.61,Bloodhound,2,4,918,14
4-12-2020,10.44,Gibraltar,7,4,1672,7
22-4-2020,24.19,Bloodhound,5,3,1059,16
1-10-2021,13.0,Gibraltar,9,2,2035,20
12-8-2019,24.62,Gibraltar,2,4,397,2
19-9-2021,1.77,Gibraltar,2,0,289,1
6-8-2022,28.42,Ash,17,17,4083,7
1-3-2019,29.76,Bangalore,6,4,1514,19
21-11-2019,0.75,Bloodhound,1,8,1514,18
15-11-2021,5.03,Pathfinder,1,1,368,9
26-1-2022,28.26,Lifeline,21,2,1737,9
31-7-2020,11.9,Lifeline,1,1,186,5
5-6-2020,11.34,Bloodhound,9,6,2410,20
11-2-2021,8.34,Pathfinder,5,0,487,9
11-4-2020,20.43,Bloodhound,17,7,2342,15
11-2-2019,17.85,Pathfinder,15,1,1997,8
8-3-2019,14.78,Pathfinder,19,2,3168,17
11-2-2019,19.74,Bloodhound,7,10,1494,18
26-4-2021,29.44,Bloodhound,6,2,1671,3
11-1-2022,26.91,Gibraltar,2,5,862,8
12-4-2022,26.51,Bloodhound,2,2,853,10
9-3-2020,7.34,Pathfinder,6,1,1489,20
21-2-2021,19.76,Gibraltar,3,1,311,2
31-10-2020,29.08,Pathfinder,15,6,3105,2
10-1-2021,11.49,Bangalore,1,2,567,14
6-2-2022,10.11,Bloodhound,3,1,779,20
18-10-2019,16.02,Gibraltar,3,1,311,16
12-8-2019,17.65,Bangalore,2,3,826,16
11-2-2020,2.06,Wraith,3,2,452,9
18-9-2019,4.14,Bloodhound,5,6,1337,2
23-3-2019,17.02,Bloodhound,7,2,1794,13
30-4-2021,20.07,Gibraltar,6,3,743,6
17-1-2020,0.31,Lifeline,6,3,1977,13
6-11-2022,0.46,Pathfinder,2,16,1718,7
7-5-2020,18.88,Lifeline,5,8,1541,8
4-9-2020,9.52,Wraith,1,8,773,14
15-11-2020,14.74,Gibraltar,16,6,4514,8
5-3-2020,10.84,Pathfinder,12,6,3870,18
11-11-2019,25.85,Lifeline,5,9,1755,11
21-6-2019,11.8,Pathfinder,13,1,1251,14
29-10-2021,5.32,Wraith,3,0,542,16
28-5-2020,13.36,Wraith,6,2,1759,15
16-4-2019,28.41,Bloodhound,2,5,806,18
3-9-2020,26.31,Ash,10,4,3174,6
8-10-2020,28.17,Gibraltar,12,8,2847,15
21-12-2022,15.33,Bangalore,2,10,2027,13
20-10-2019,17.41,Ash,2,1,246,17
20-11-2019,9.07,Pathfinder,2,4,1186,1
13-10-2020,9.4,Bangalore,17,0,1197,7
2-10-2020,15.7,Wraith,3,3,364,10
2-8-2021,20.02,Bangalore,5,12,1726,15
10-3-2022,10.38,Bangalore,2,3,891,5
22-9-2019,20.28,Lifeline,10,2,1636,12
21-4-2022,5.58,Bloodhound,3,0,585,19
18-3-2022,4.07,Ash,1,0,207,11
7-5-2022,19.93,Bloodhound,7,3,1395,4
26-3-2021,4.89,Lifeline,0,0,0,3
10-6-2022,13.14,Wraith,9,2,1834,7
30-8-2022,29.72,Bloodhound,8,5,2477,1
6-7-2022,3.09,Bangalore,15,6,4541,1
4-12-2022,22.2,Bangalore,18,6,4971,19
28-5-2019,1.26,Bangalore,0,0,0,17
4-11-2019,0.24,Ash,9,8,3309,12
6-5-2019,11.92,Bangalore,1,2,220,6
21-10-2021,9.54,Ash,3,0,374,10
15-11-2021,18.48,Wraith,5,2,1183,18
2-6-2019,0.64,Lifeline,12,18,5566,8
30-4-2020,15.7,Wraith,9,1,1568,6
27-1-2020,12.83,Lifeline,10,6,3542,9
30-7-2021,13.06,Ash,5,13,2347,20
7-11-2021,13.56,Pathfinder,3,2,1072,3
31-10-2022,2.2,Ash,12,0,2352,6
9-5-2020,19.86,Pathfinder,3,8,732,13
26-12-2019,4.07,Bangalore,0,0,0,3
27-5-2022,28.3,Bangalore,4,6,1166,16
16-5-2020,29.13,Ash,4,2,584,4
8-1-2021,24.74,Bloodhound,2,3,339,20
14-1-2022,24.34,Bangalore,5,6,1753,4
27-3-2021,3.79,Pathfinder,0,1,92,20
2-6-2019,5.66,Wraith,5,3,735,18
27-12-2022,21.24,Ash,14,8,4351,1
13-1-2021,8.27,Wraith,5,8,1558,18
15-6-2019,11.01,Lifeline,7,8,1039,10
6-11-2020,24.35,Pathfinder,2,3,447,19
20-2-2019,9.9,Ash,0,4,378,18
8-1-2022,15.93,Lifeline,1,3,658,12
9-1-2021,2.05,Ash,2,0,123,18
31-5-2021,13.42,Ash,5,7,1945,16
14-10-2022,17.6,Ash,1,10,1713,17
24-9-2022,10.4,Ash,1,2,300,1
18-4-2021,18.39,Bloodhound,2,1,528,17
25-3-2019,5.56,Pathfinder,4,0,658,13
4-6-2019,4.61,Gibraltar,6,1,1299,18
2-11-2019,13.61,Wraith,6,5,1072,9
2-6-2021,16.58,Ash,14,10,3764,11
28-8-2019,17.77,Lifeline,2,1,568,11
11-10-2022,7.69,Pathfinder,12,6,3338,15
8-6-2020,13.37,Lifeline,13,9,2448,10
28-5-2020,17.11,Ash,7,4,1408,14
10-9-2021,23.89,Bangalore,2,9,1549,6
13-9-2020,23.02,Gibraltar,2,4,906,19
14-7-2020,12.92,Lifeline,5,8,1887,1
21-10-2021,11.44,Bloodhound,4,1,422,11
13-10-2021,19.83,Wraith,6,20,3802,4
17-8-2020,15.88,Bloodhound,1,1,259,7
25-8-2020,1.04,Wraith,6,15,2037,18
8-10-2019,10.46,Wraith,17,1,1486,5
2-1-2022,25.66,Ash,4,16,2093,15
9-11-2019,8.04,Gibraltar,8,0,634,2
9-3-2021,7.63,Wraith,3,8,1818,4
12-3-2019,27.83,Pathfinder,2,8,1958,14
28-8-2019,15.16,Gibraltar,6,2,1302,8
8-1-2021,11.92,Pathfinder,2,7,1103,17
17-1-2021,26.24,Gibraltar,2,2,434,2
3-7-2020,23.0,Bangalore,3,12,1608,1
1-6-2021,0.78,Ash,0,0,0,11
4-2-2021,0.58,Ash,0,6,692,9
15-12-2019,28.48,Bloodhound,10,13,1705,13
20-3-2021,22.41,Ash,7,3,2098,8
9-6-2022,19.98,Lifeline,12,2,3111,1
8-4-2020,24.29,Gibraltar,2,6,1346,7
23-4-2019,10.45,Gibraltar,5,12,2859,16
27-6-2019,17.3,Lifeline,1,8,1590,5
25-12-2019,2.35,Bangalore,7,0,646,11
2-9-2021,17.14,Gibraltar,2,8,1649,5
27-5-2021,15.16,Bangalore,2,3,816,10
13-5-2021,25.07,Bloodhound,5,7,1361,4
23-2-2021,6.89,Wraith,0,0,0,8
19-2-2020,2.68,Pathfinder,0,6,707,6
15-9-2020,14.38,Wraith,14,6,4432,3
4-9-2020,7.23,Gibraltar,3,1,250,20
7-7-2019,13.0,Ash,1,18,1791,8
9-6-2019,28.64,Gibraltar,3,4,1440,18
18-11-2022,16.72,Bangalore,3,16,2544,16
14-12-2022,29.48,Lifeline,7,4,831,11
24-9-2022,6.63,Lifeline,16,4,2904,1
24-8-2021,14.21,Pathfinder,10,7,1122,9
15-2-2019,12.95,Pathfinder,3,1,267,6
9-2-2019,12.26,Pathfinder,2,4,306,20
15-6-2022,19.68,Ash,1,4,635,10
27-3-2021,4.03,Bloodhound,0,1,92,16
4-7-2022,6.23,Gibraltar,14,0,1879,11
6-9-2019,22.06,Wraith,5,3,975,16
20-8-2019,23.9,Lifeline,2,2,709,5
10-3-2022,18.28,Wraith,4,8,1189,19
5-9-2020,20.31,Ash,2,5,546,8
27-11-2022,8.09,Bangalore,1,3,260,11
18-5-2022,22.79,Bloodhound,7,3,1123,2
12-6-2019,0.89,Bangalore,2,1,633,8
11-11-2020,27.69,Ash,3,15,3149,10
19-12-2021,16.0,Bangalore,3,3,1062,3
7-11-2020,20.87,Bloodhound,16,15,3078,1
5-4-2021,15.5,Ash,3,3,931,18
18-10-2020,10.46,Gibraltar,1,2,477,2
10-12-2022,1.77,Bloodhound,8,4,728,7
9-12-2019,2.47,Pathfinder,3,2,796,13
5-10-2020,6.19,Bloodhound,0,0,0,1
14-9-2019,24.33,Lifeline,6,7,2644,4
3-3-2022,10.43,Lifeline,1,5,363,14
19-10-2019,18.67,Wraith,1,7,1476,5
28-7-2020,13.54,Gibraltar,1,3,772,18
30-8-2021,28.65,Gibraltar,19,8,2208,19
15-5-2021,7.38,Bloodhound,3,2,539,14
22-3-2020,10.59,Ash,2,13,2861,2
21-8-2021,3.7,Gibraltar,0,6,716,15
12-7-2021,7.76,Gibraltar,0,0,0,20
3-10-2022,16.39,Gibraltar,6,7,1215,17
23-11-2021,3.87,Bangalore,5,11,1929,18
29-4-2021,0.59,Ash,0,5,686,10
12-2-2022,5.28,Bangalore,10,10,2771,4
2-9-2021,10.11,Wraith,6,7,2645,5
27-4-2021,1.66,Wraith,15,6,4297,14
31-7-2020,12.62,Lifeline,1,2,501,17
30-9-2022,18.05,Pathfinder,1,3,646,17
22-2-2021,19.32,Pathfinder,2,3,573,14
9-11-2022,24.52,Ash,2,8,1926,15
5-8-2022,2.26,Ash,6,6,1336,20
18-3-2020,22.1,Ash,15,11,3973,8
24-4-2022,15.96,Ash,7,5,2063,9
16-12-2019,1.36,Lifeline,8,15,1484,16
10-7-2022,17.18,Ash,1,4,950,7
6-2-2020,11.14,Lifeline,14,1,877,7
8-1-2022,10.59,Lifeline,18,2,3730,13
4-3-2019,19.73,Ash,13,1,1967,7
19-11-2020,12.06,Lifeline,1,2,421,19
27-3-2019,6.64,Bloodhound,3,6,636,5
14-12-2019,5.11,Lifeline,12,0,2504,3
21-11-2022,21.68,Bloodhound,2,9,2021,14
17-8-2022,13.1,Bangalore,5,4,794,12
17-3-2020,3.11,Lifeline,12,4,1082,18
17-1-2021,11.48,Bangalore,2,3,393,8
17-11-2021,2.7,Lifeline,9,16,1782,16
29-1-2021,25.88,Pathfinder,10,2,1457,12
14-1-2020,2.33,Gibraltar,1,4,958,4
20-9-2020,26.51,Gibraltar,6,9,2703,6
4-11-2021,29.29,Pathfinder,7,4,758,15
25-11-2022,0.76,Pathfinder,13,0,1648,13
3-5-2021,5.8,Ash,5,0,894,18
18-2-2019,18.44,Bangalore,1,2,235,4
22-1-2021,26.12,Ash,12,5,3304,7
18-1-2020,11.56,Pathfinder,2,3,886,9
28-2-2022,17.7,Bangalore,10,6,2298,3
17-3-2020,4.36,Bloodhound,0,8,787,15
17-11-2019,5.59,Bloodhound,5,4,1218,11
16-11-2020,3.76,Bangalore,5,0,425,1
2-6-2019,25.03,Pathfinder,2,5,829,7
9-1-2022,8.13,Pathfinder,1,3,575,10
4-12-2022,7.92,Lifeline,1,2,296,7
14-12-2021,17.88,Ash,9,3,1046,16
24-5-2019,23.05,Ash,4,5,1212,7
4-5-2021,7.0,Bangalore,10,8,2782,19
18-4-2022,13.49,Bangalore,1,12,2332,1
25-8-2019,8.58,Ash,0,15,867,7
4-9-2022,24.39,Ash,9,2,950,11
30-10-2019,15.78,Ash,4,9,2499,5
22-12-2020,17.4,Gibraltar,7,5,1322,8
3-10-2022,6.11,Bangalore,4,11,1811,10
28-4-2020,5.38,Lifeline,5,4,1172,3
15-6-2020,6.63,Gibraltar,16,3,1865,4
12-5-2022,19.87,Bloodhound,3,1,901,7
24-4-2020,29.86,Bangalore,2,7,1693,20
11-7-2020,25.87,Bloodhound,4,15,2835,8
3-5-2021,21.75,Lifeline,12,18,2571,12
26-7-2022,12.57,Gibraltar,1,5,515,13
31-5-2020,8.03,Bloodhound,0,4,600,2
21-2-2021,23.87,Bangalore,5,3,805,4
18-7-2020,29.54,Gibraltar,2,8,1168,9
28-10-2019,22.92,Lifeline,2,2,451,11
7-8-2019,17.99,Wraith,8,12,3188,19
12-10-2021,1.28,Gibraltar,7,11,2000,3
11-5-2019,11.1,Bangalore,17,1,3951,7
5-10-2022,19.12,Lifeline,2,3,907,10
7-7-2021,18.13,Wraith,5,2,1151,18
12-9-2019,5.21,Ash,0,4,440,16
15-2-2021,18.02,Wraith,7,2,904,6
6-12-2021,8.55,Gibraltar,17,2,1406,1
9-3-2021,5.51,Bangalore,4,1,658,1
8-4-2020,28.84,Lifeline,4,4,1181,1
28-2-2022,1.88,Lifeline,2,13,979,18
12-3-2022,13.64,Lifeline,4,4,688,5
8-4-2022,3.92,Bangalore,3,9,922,14
26-7-2021,1.07,Bloodhound,3,2,832,1
12-5-2020,17.0,Ash,5,2,809,9
20-3-2020,28.41,Pathfinder,4,8,852,19
7-10-2020,27.78,Bangalore,13,10,1666,14
14-11-2022,8.96,Wraith,2,17,2058,1
8-5-2019,13.3,Wraith,10,3,1745,18
20-10-2019,22.51,Gibraltar,4,3,1298,11
28-12-2022,25.8,Gibraltar,2,2,777,15
29-4-2022,23.1,Ash,3,17,1329,9
19-5-2020,13.61,Pathfinder,6,3,1655,18
22-8-2022,8.24,Ash,3,0,504,16
18-3-2020,18.38,Gibraltar,3,4,1076,15
12-6-2020,17.45,Wraith,5,8,1580,3
6-5-2019,2.02,Lifeline,11,10,3611,20
9-10-2020,21.65,Bangalore,9,10,2466,6
20-12-2020,5.44,Ash,15,1,1691,12
5-12-2020,25.94,Lifeline,13,18,4950,11
12-7-2021,1.86,Lifeline,15,8,3798,6
25-10-2022,20.28,Pathfinder,12,10,3157,20
9-9-2022,6.14,Lifeline,18,6,2010,20
6-7-2020,13.91,Bangalore,16,15,5471,14
1-10-2020,29.54,Bloodhound,7,4,2334,14
26-3-2020,12.03,Pathfinder,4,7,1596,2
30-5-2021,13.89,Wraith,2,1,391,11
27-5-2022,14.2,Bloodhound,3,4,579,15
14-7-2019,15.38,Bloodhound,8,1,1029,13
2-5-2019,18.84,Lifeline,1,10,1377,16
25-7-2020,27.06,Bangalore,3,2,703,7
5-12-2019,8.95,Wraith,7,2,1400,8
13-10-2022,9.58,Bloodhound,4,1,1047,4
2-1-2022,2.67,Ash,2,2,830,3
1-12-2020,3.01,Wraith,1,1,272,6
19-9-2020,1.42,Bloodhound,11,1,944,20
19-12-2020,11.96,Pathfinder,6,3,623,3
23-5-2019,13.32,Bangalore,2,4,464,4
28-9-2021,8.85,Bloodhound,13,0,1869,7
20-11-2022,26.85,Ash,5,14,1451,8
20-5-2021,18.49,Pathfinder,3,8,1634,18
16-5-2020,9.08,Gibraltar,0,7,828,1
22-3-2019,21.28,Lifeline,10,2,1685,12
8-12-2021,12.2,Ash,8,2,817,10
13-6-2021,5.74,Lifeline,0,8,986,16
26-12-2019,26.08,Bloodhound,4,3,712,2
3-4-2020,5.73,Bangalore,10,6,1019,10
13-7-2019,25.26,Lifeline,6,2,1582,3
6-3-2020,14.61,Bloodhound,5,7,1484,14
23-12-2019,5.36,Bloodhound,4,7,1283,12
8-4-2020,20.7,Gibraltar,2,3,682,1
5-5-2022,29.97,Pathfinder,4,11,1258,3
9-9-2022,16.12,Wraith,18,1,2017,14
23-8-2022,4.67,Bangalore,4,4,984,18
12-4-2019,12.64,Gibraltar,2,2,271,12
20-3-2019,6.48,Pathfinder,0,9,829,11
23-8-2020,29.77,Bloodhound,4,3,897,13
3-3-2022,14.07,Lifeline,6,3,1562,8
5-1-2022,5.16,Ash,18,2,3885,3
22-6-2021,24.3,Wraith,4,11,2596,14
12-4-2021,12.69,Gibraltar,3,8,1194,3
28-8-2019,17.38,Wraith,7,13,1967,17
23-8-2020,4.21,Lifeline,1,7,1497,5
23-9-2019,4.94,Wraith,1,0,99,12
8-10-2020,16.49,Ash,1,1,215,12
10-5-2019,6.88,Gibraltar,3,0,512,16
5-12-2019,0.21,Bangalore,1,0,128,4
4-5-2022,3.68,Gibraltar,6,6,1819,18
4-1-2020,1.2,Ash,16,7,4577,8
11-6-2022,0.73,Bloodhound,1,2,392,5
23-8-2021,22.31,Gibraltar,11,7,1740,10
16-10-2020,6.78,Pathfinder,6,3,1903,5
17-8-2022,12.6,Lifeline,1,7,527,10
24-4-2019,22.36,Ash,6,10,983,6
19-8-2019,13.66,Bangalore,6,9,2907,10
14-5-2020,21.46,Gibraltar,3,8,1353,19
16-10-2022,5.55,Bangalore,0,9,625,4
16-11-2020,12.98,Wraith,5,3,1543,10
28-4-2019,1.46,Bangalore,9,4,2876,12
30-9-2022,20.51,Bloodhound,5,16,1729,19
26-2-2019,0.89,Bloodhound,2,4,907,7
18-4-2022,2.07,Ash,0,11,815,1
16-3-2022,15.14,Pathfinder,8,3,1986,11
2-2-2021,18.38,Wraith,1,1,395,19
7-8-2019,29.06,Ash,11,11,3932,2
20-6-2019,14.13,Bloodhound,15,11,4452,4
26-7-2019,9.18,Pathfinder,7,1,909,18
11-12-2021,8.7,Wraith,11,0,1528,6
28-2-2021,14.43,Gibraltar,4,3,566,18
26-6-2021,4.48,Bloodhound,7,8,979,19
8-8-2022,24.23,Ash,2,10,2194,14
24-6-2022,18.84,Pathfinder,10,1,1191,2
13-11-2019,12.18,Pathfinder,5,1,1146,6
23-7-2021,2.56,Ash,1,3,632,2
3-6-2020,13.04,Ash,5,9,2646,2
15-4-2022,2.57,Gibraltar,1,1,133,1
27-8-2020,8.92,Gibraltar,5,2,843,16
28-2-2019,24.36,Gibraltar,10,11,3961,9
16-9-2022,0.51,Pathfinder,0,11,1396,13
4-5-2019,22.45,Ash,2,12,1748,17
29-6-2022,2.99,Lifeline,0,3,425,13
26-8-2020,10.94,Ash,11,15,1756,10
28-8-2021,8.6,Bangalore,14,0,1406,18
7-12-2022,3.97,Bloodhound,0,1,67,10
29-5-2021,28.0,Wraith,4,7,1346,12
1-8-2019,4.38,Pathfinder,0,0,0,17
7-6-2022,22.14,Pathfinder,4,5,1119,15
18-10-2022,4.58,Bangalore,10,7,1745,14
24-10-2021,21.38,Lifeline,2,3,547,2
14-2-2019,17.84,Wraith,4,2,454,13
13-6-2020,2.37,Lifeline,12,2,1821,6
15-6-2019,8.11,Gibraltar,12,2,1939,8
16-4-2022,16.13,Pathfinder,9,6,2980,15
2-3-2022,0.27,Pathfinder,10,7,1006,10
30-1-2021,12.19,Wraith,3,14,2219,11
25-7-2022,8.29,Ash,2,2,380,18
28-1-2022,0.15,Bangalore,5,7,1840,20
12-1-2022,4.68,Bloodhound,1,0,225,18
21-6-2020,24.36,Bloodhound,3,5,665,12
22-5-2020,19.15,Bloodhound,15,9,3738,6
18-7-2019,15.48,Bangalore,8,8,2142,5
9-2-2019,24.4,Wraith,7,14,4155,12
17-1-2022,3.9,Bloodhound,4,5,482,1
20-4-2022,26.4,Gibraltar,13,4,1115,13
8-10-2021,11.65,Pathfinder,3,2,883,20
2-5-2019,15.09,Lifeline,3,4,821,11
26-4-2019,15.82,Pathfinder,3,6,1628,14
1-1-2022,12.54,Bloodhound,13,4,2758,18
22-2-2022,22.05,Ash,3,5,629,13
3-7-2019,25.11,Bangalore,11,6,3274,15
4-10-2021,26.7,Gibraltar,3,3,1123,7
18-1-2020,22.66,Ash,2,2,436,9
27-3-2021,2.77,Wraith,5,9,1165,13
14-7-2019,2.18,Bloodhound,0,2,366,14
16-12-2021,7.29,Pathfinder,7,14,3383,6
27-10-2021,13.68,Wraith,9,14,3291,16
7-2-2022,0.68,Bangalore,2,4,714,6
18-4-2020,28.9,Bloodhound,9,6,2635,9
26-11-2020,3.58,Wraith,2,0,214,8
18-9-2020,12.8,Bloodhound,4,2,893,2
8-6-2022,28.51,Bloodhound,6,4,1874,10
23-5-2020,15.87,Wraith,8,14,3869,10
18-7-2022,15.43,Bangalore,10,5,1299,12
22-3-2020,15.12,Ash,10,10,2527,4
29-5-2019,23.56,Wraith,6,2,1350,1
23-6-2020,25.25,Ash,5,6,2173,3
20-11-2019,19.24,Bloodhound,3,1,826,19
13-10-2022,23.69,Lifeline,2,3,370,20
1-8-2022,22.31,Ash,2,3,847,8
23-7-2019,8.63,Bloodhound,7,0,532,2
9-1-2021,21.18,Gibraltar,13,6,2859,17
10-8-2019,8.89,Bangalore,6,1,607,19
27-3-2022,26.45,Wraith,5,13,2191,8
19-6-2019,10.06,Bloodhound,1,6,806,4
23-3-2022,17.51,Ash,5,5,1406,9
19-5-2019,29.64,Ash,3,8,2037,13
10-9-2022,11.34,Bangalore,5,2,1195,4
18-10-2020,23.03,Bloodhound,5,5,2001,20
10-10-2020,6.06,Wraith,12,8,1919,14
25-6-2020,25.4,Bangalore,4,2,881,15
9-3-2019,12.37,Pathfinder,6,5,1419,7
9-3-2020,21.06,Wraith,5,8,1359,18
2-11-2022,3.92,Bloodhound,0,1,124,10
7-7-2022,23.73,Bangalore,5,7,1637,10
3-11-2020,7.56,Wraith,2,14,1041,10
28-6-2021,4.3,Ash,12,1,2838,9
20-11-2022,24.92,Gibraltar,13,3,1515,13
28-3-2021,10.08,Lifeline,11,3,2187,1
3-10-2020,5.88,Pathfinder,3,0,353,17
1-8-2020,19.96,Lifeline,17,7,5031,10
24-6-2022,8.08,Wraith,1,16,850,9
5-7-2020,11.25,Bloodhound,8,1,1383,8
20-9-2021,13.32,Pathfinder,6,3,1742,5
3-8-2019,22.77,Gibraltar,5,6,2178,16
23-11-2021,2.58,Ash,9,2,2140,3
14-1-2022,26.53,Bloodhound,9,2,1646,5
31-7-2019,8.07,Bangalore,5,4,701,15
8-9-2020,22.68,Wraith,2,7,1313,12
14-11-2020,28.42,Bangalore,8,4,731,18
23-5-2021,17.93,Ash,6,6,1642,11
11-5-2020,9.21,Bloodhound,0,6,834,1
24-9-2019,9.45,Bloodhound,1,3,301,2
18-6-2020,6.72,Gibraltar,4,5,1837,20
8-2-2020,16.68,Bangalore,1,1,387,12
3-7-2019,22.78,Lifeline,10,4,2296,5
11-2-2021,19.81,Bangalore,3,5,1093,8
7-12-2019,14.86,Gibraltar,11,3,1671,15
4-3-2020,14.69,Bangalore,2,1,410,8
23-5-2021,14.1,Ash,3,9,825,14
28-5-2019,15.35,Wraith,4,9,730,16
21-6-2020,22.5,Ash,6,7,1019,7
17-8-2019,3.61,Pathfinder,8,1,1412,19
7-7-2020,1.22,Bangalore,6,9,3012,15
25-6-2020,24.89,Wraith,2,19,3295,13
22-7-2019,19.83,Ash,1,12,1488,4
11-6-2020,8.85,Bangalore,0,0,0,5
20-6-2021,22.8,Bangalore,9,19,4875,5
24-5-2019,17.05,Lifeline,1,12,1470,17
19-12-2020,20.7,Bloodhound,4,5,1705,10
11-11-2021,26.55,Gibraltar,3,5,1137,6
9-12-2020,24.42,Wraith,2,9,744,15
24-7-2019,23.3,Ash,10,8,1685,4
28-8-2021,15.89,Bangalore,7,8,2919,20
9-5-2021,21.06,Gibraltar,3,7,1434,1
1-10-2020,26.93,Pathfinder,2,7,486,14
15-12-2021,9.17,Bloodhound,7,1,1745,5
14-11-2022,18.14,Pathfinder,4,3,481,13
28-5-2020,28.81,Lifeline,6,3,868,13
23-7-2021,12.64,Wraith,12,3,1244,13
10-5-2020,17.68,Lifeline,4,11,1403,5
27-7-2022,6.26,Pathfinder,3,11,1383,5
7-2-2022,26.99,Wraith,2,2,472,15
18-2-2020,4.71,Bangalore,1,1,142,15
30-11-2020,22.79,Lifeline,6,16,2630,9
20-1-2020,3.42,Bloodhound,4,1,1039,5
6-7-2021,1.82,Lifeline,17,3,4125,5
28-10-2022,17.36,Ash,3,1,392,16
3-3-2020,21.4,Bangalore,5,11,2227,19
3-2-2020,4.13,Lifeline,3,0,461,19
3-2-2021,20.98,Wraith,10,2,2674,3
4-5-2022,3.42,Wraith,6,0,869,18
20-4-2022,6.55,Pathfinder,5,8,1528,8
5-10-2021,5.73,Gibraltar,14,1,1245,19
19-8-2022,25.09,Bloodhound,5,6,988,15
9-10-2020,19.81,Ash,2,7,1797,3
24-10-2022,16.41,Lifeline,1,4,418,14
26-1-2022,24.68,Gibraltar,2,10,689,1
13-1-2020,25.71,Ash,3,2,994,19
2-2-2020,15.54,Bangalore,2,2,354,12
1-7-2021,2.73,Pathfinder,1,0,92,15
28-2-2019,14.18,Gibraltar,9,7,3128,1
26-10-2022,27.75,Bloodhound,2,3,284,8
22-9-2022,8.67,Bangalore,6,13,3819,5
24-1-2021,15.08,Gibraltar,2,6,964,19
22-4-2020,6.96,Bloodhound,9,7,2313,4
14-10-2020,1.7,Gibraltar,0,9,1629,16
28-2-2019,20.66,Gibraltar,4,3,852,17
13-8-2022,17.38,Bangalore,7,1,1792,18
14-3-2020,5.74,Pathfinder,0,3,177,19
28-12-2021,5.55,Ash,1,8,1184,8
20-3-2021,10.48,Pathfinder,11,2,2162,14
3-6-2021,17.87,Ash,6,5,1912,15
14-3-2022,25.62,Lifeline,7,6,1503,9
4-7-2021,20.15,Bangalore,4,10,994,2
24-4-2021,21.52,Gibraltar,4,17,3318,6
20-8-2022,11.72,Lifeline,5,6,816,9
10-10-2021,20.63,Bangalore,4,10,1408,20
7-1-2020,26.86,Bloodhound,5,13,1690,2
18-1-2020,17.77,Wraith,5,9,1353,20
12-2-2022,29.64,Bloodhound,16,13,4821,1
28-5-2020,1.73,Wraith,1,6,1000,17
17-11-2021,23.52,Pathfinder,14,5,1794,14
28-4-2019,1.33,Pathfinder,2,12,1691,13
10-2-2022,20.77,Bloodhound,9,2,1275,10
25-6-2019,0.34,Lifeline,0,1,73,20
26-6-2020,1.19,Bangalore,3,7,1405,5
28-3-2021,28.1,Ash,4,15,2229,11
9-9-2022,12.87,Bloodhound,11,10,3245,11
9-1-2021,6.59,Ash,5,2,999,1
19-12-2022,25.75,Lifeline,2,11,1552,5
2-10-2019,26.12,Bloodhound,2,5,1346,16
28-4-2021,28.8,Bangalore,7,8,1484,10
17-3-2022,21.5,Bangalore,10,6,1910,1
31-5-2021,1.14,Bangalore,9,10,3183,5
24-3-2021,4.8,Pathfinder,0,2,358,15
31-1-2021,11.26,Pathfinder,2,8,1950,14
31-5-2022,14.3,Gibraltar,8,1,1357,19
15-10-2019,0.7,Bloodhound,4,1,1066,12
10-6-2021,21.17,Ash,11,14,1446,19
17-7-2021,21.49,Lifeline,3,10,1994,18
21-5-2020,9.13,Bloodhound,9,9,1217,3
25-8-2019,12.1,Gibraltar,2,2,492,1
11-3-2022,27.88,Bloodhound,2,5,1329,14
18-11-2020,19.62,Pathfinder,2,4,691,11
23-3-2021,13.08,Pathfinder,4,17,3906,15
24-11-2022,13.26,Bloodhound,4,16,2699,11
10-7-2022,13.56,Bloodhound,16,10,1872,18
31-7-2022,6.33,Bangalore,11,0,2109,8
13-3-2020,3.59,Lifeline,0,2,318,19
26-4-2019,26.9,Lifeline,2,3,777,9
15-7-2019,15.0,Wraith,11,1,1140,10
8-2-2021,17.41,Pathfinder,7,13,3596,19
21-3-2020,3.59,Bangalore,0,10,915,20
3-4-2022,1.68,Ash,12,3,3132,13
25-5-2019,23.03,Bangalore,10,5,3311,1
30-8-2019,20.05,Lifeline,12,4,1950,7
16-7-2019,26.79,Bloodhound,3,7,1802,7
13-2-2020,20.23,Lifeline,10,13,1868,6
11-1-2021,1.18,Gibraltar,4,1,739,16
7-9-2020,1.26,Lifeline,0,3,241,14
7-1-2020,12.59,Gibraltar,14,8,3623,20
4-11-2021,11.32,Ash,5,10,2853,18
29-11-2022,11.83,Gibraltar,9,12,3153,2
21-7-2019,16.08,Ash,11,7,2667,9
14-1-2021,8.37,Lifeline,5,5,1737,11
23-9-2021,7.18,Lifeline,3,9,1080,8
28-3-2022,3.72,Pathfinder,6,7,877,3
31-8-2019,10.18,Lifeline,3,3,1178,6
9-11-2021,8.22,Gibraltar,10,5,3038,7
12-5-2020,29.79,Bloodhound,7,3,728,15
1-6-2022,5.59,Gibraltar,8,1,1388,20
7-8-2020,25.77,Pathfinder,9,7,2665,12
11-7-2020,27.89,Wraith,12,13,4319,1
2-5-2019,19.97,Bangalore,17,12,3198,7
26-1-2021,22.53,Lifeline,3,3,1061,18
29-4-2022,27.36,Pathfinder,6,3,1258,2
22-12-2021,16.74,Pathfinder,13,14,1572,3
10-6-2021,2.21,Pathfinder,2,16,2507,18
24-10-2020,13.77,Wraith,3,5,571,14
12-2-2020,13.64,Bangalore,4,14,2478,8
20-3-2020,14.68,Bangalore,6,7,1255,16
6-8-2021,6.51,Bloodhound,9,5,2434,1
23-7-2022,0.32,Bangalore,0,2,190,9
1-12-2019,12.59,Ash,2,11,1294,14
25-2-2021,16.95,Pathfinder,16,19,3872,19
3-5-2019,10.29,Ash,1,1,376,20
11-12-2020,21.22,Gibraltar,3,2,482,15
11-9-2022,14.94,Wraith,7,10,2597,8
16-6-2019,21.37,Lifeline,15,2,3157,20
21-9-2019,14.08,Ash,2,5,650,5
2-5-2021,0.03,Bangalore,2,2,230,13
8-6-2020,13.3,Bangalore,6,6,1124,19
9-9-2021,1.86,Gibraltar,0,14,673,3
31-7-2019,12.23,Wraith,7,3,1456,3
4-7-2022,5.37,Pathfinder,13,16,5367,5
30-9-2020,28.07,Ash,3,3,1291,16
21-1-2021,10.44,Bangalore,3,15,2491,12
2-11-2021,23.08,Pathfinder,4,2,549,3
19-2-2022,13.57,Pathfinder,8,6,932,5
25-12-2020,23.14,Bloodhound,15,16,3763,15
17-5-2022,2.8,Ash,0,6,819,1
28-6-2022,1.62,Gibraltar,8,8,2078,19
3-1-2020,11.05,Ash,10,2,2527,20
22-8-2019,0.64,Ash,0,1,62,7
14-12-2019,7.56,Ash,2,1,415,15
14-11-2019,10.94,Bloodhound,9,1,1279,16
14-9-2021,15.07,Pathfinder,13,17,5622,8
27-7-2020,11.94,Bangalore,5,2,1367,9
3-12-2019,20.46,Lifeline,2,5,941,15
25-11-2020,7.78,Bangalore,11,1,2690,12
12-4-2019,0.31,Ash,2,12,2414,14
4-10-2021,25.61,Ash,7,6,856,8
22-4-2019,1.25,Pathfinder,5,12,2189,12
6-1-2021,16.22,Gibraltar,1,1,166,6
1-9-2019,18.74,Bangalore,2,2,667,8
16-10-2019,5.01,Bloodhound,3,3,1224,16
19-3-2020,20.95,Ash,4,8,2460,14
26-9-2020,15.55,Ash,4,4,1374,16
17-8-2020,28.07,Pathfinder,4,3,1372,18
19-11-2020,4.43,Gibraltar,4,9,1545,20
18-7-2021,4.33,Bloodhound,0,6,433,6
20-2-2021,20.23,Lifeline,21,8,6002,6
3-11-2020,9.36,Bangalore,10,1,1531,10
2-6-2020,6.16,Ash,3,7,1201,13
26-8-2020,19.42,Wraith,3,6,1446,19
15-11-2020,18.97,Pathfinder,1,2,262,12
16-5-2019,19.27,Pathfinder,3,2,956,17
1-5-2020,10.29,Pathfinder,1,5,412,6
28-11-2019,24.46,Lifeline,2,9,1664,14
29-9-2022,27.39,Ash,5,4,1194,10
23-8-2021,13.03,Ash,1,4,647,2
17-3-2022,28.95,Lifeline,11,12,3306,16
9-2-2020,26.6,Pathfinder,4,4,1677,16
2-3-2020,2.91,Lifeline,4,14,1852,8
23-1-2022,7.55,Gibraltar,2,5,667,10
20-9-2022,2.68,Lifeline,2,0,369,6
10-1-2020,19.69,Bloodhound,10,3,2033,19
27-10-2022,6.54,Pathfinder,5,2,1564,18
10-12-2022,28.32,Ash,3,2,576,7
13-2-2019,3.47,Bloodhound,4,7,2267,14
6-4-2021,24.74,Bangalore,12,2,1685,18
27-4-2020,2.49,Bangalore,7,4,659,18
10-4-2020,13.62,Wraith,4,8,699,8
3-8-2022,17.24,Bloodhound,2,5,945,14
5-1-2022,14.67,Bangalore,14,1,2942,8
25-11-2020,10.5,Bloodhound,5,10,2375,1
14-6-2021,16.79,Lifeline,2,13,2022,5
10-2-2020,3.1,Bloodhound,17,4,2050,10
25-2-2020,10.07,Lifeline,3,5,1184,15
24-1-2020,19.51,Pathfinder,2,1,337,2
11-7-2022,15.45,Lifeline,4,4,1517,10
17-3-2020,20.21,Bangalore,6,3,838,15
22-6-2019,20.9,Bangalore,10,13,1385,18
14-9-2020,25.6,Bangalore,6,6,2055,1
9-4-2022,12.61,Pathfinder,5,16,1292,13
1-7-2019,4.56,Gibraltar,5,6,1637,20
11-12-2021,8.92,Pathfinder,2,1,347,15
20-4-2021,8.17,Bloodhound,14,3,3069,4
11-3-2019,21.88,Ash,5,2,1438,10
17-1-2021,4.71,Gibraltar,3,0,325,18
21-5-2020,6.18,Wraith,8,0,1523,9
5-12-2019,1.99,Pathfinder,9,5,2646,13
25-10-2021,14.91,Lifeline,8,6,934,13
5-11-2021,22.15,Bloodhound,4,8,694,14
25-12-2021,16.85,Lifeline,1,15,1304,5
22-12-2019,29.29,Bangalore,13,7,4387,9
13-7-2019,14.34,Gibraltar,11,3,3032,8
20-6-2020,4.9,Ash,0,2,382,2
26-5-2022,16.9,Bloodhound,1,8,1563,20
1-2-2020,13.25,Lifeline,1,11,1924,9
12-10-2019,6.84,Bloodhound,1,1,315,15
8-1-2021,27.89,Lifeline,6,10,1456,8
16-10-2020,16.73,Lifeline,3,1,365,6
18-9-2022,8.06,Bloodhound,9,13,1388,5
16-4-2021,16.25,Bloodhound,2,3,785,3
3-2-2021,22.06,Gibraltar,3,6,1134,4
20-3-2021,17.18,Bangalore,3,13,2691,18
27-3-2021,4.91,Gibraltar,12,4,2619,16
30-4-2021,17.24,Bangalore,1,4,377,13
24-12-2019,27.88,Bloodhound,14,5,3055,2
27-6-2021,28.24,Pathfinder,7,4,1920,18
15-11-2022,24.45,Gibraltar,4,2,569,10
7-12-2020,0.0,Bloodhound,7,14,3064,7
22-5-2022,17.04,Wraith,2,5,608,13
24-12-2019,22.87,Wraith,2,15,2898,16
30-12-2022,5.4,Gibraltar,2,1,374,4
13-2-2022,25.71,Wraith,5,10,1714,17
22-10-2019,7.35,Wraith,1,8,985,10
4-9-2021,9.48,Gibraltar,1,0,137,1
14-12-2020,19.66,Ash,1,10,1469,14
23-12-2022,26.79,Wraith,5,3,1446,2
6-5-2020,15.54,Ash,4,7,2000,1
18-7-2020,21.89,Ash,8,9,1634,6
15-6-2019,12.07,Gibraltar,2,7,875,8
24-11-2021,22.71,Wraith,15,2,1606,7
24-10-2020,7.58,Bangalore,1,0,120,18
4-10-2021,15.26,Pathfinder,6,5,1247,13
24-8-2021,19.68,Pathfinder,3,17,2538,5
7-12-2020,4.15,Bloodhound,3,0,706,2
9-2-2021,23.06,Bangalore,21,14,2743,12
1-11-2021,29.44,Bangalore,16,8,4033,2
11-3-2022,24.85,Lifeline,6,5,2078,2
27-4-2020,3.73,Lifeline,8,0,627,20
29-6-2020,4.22,Ash,6,12,3491,14
20-5-2020,18.71,Bloodhound,1,1,109,5
8-2-2022,19.69,Lifeline,16,4,3000,3
12-4-2019,19.08,Bangalore,10,8,1241,4
24-1-2022,4.14,Bloodhound,2,8,1695,17
23-4-2020,26.96,Lifeline,3,2,421,11
24-12-2019,19.08,Wraith,1,3,675,17
18-3-2021,25.19,Pathfinder,2,6,1082,6
6-11-2021,10.15,Gibraltar,7,3,2080,2
19-5-2019,16.31,Bangalore,4,2,851,5
3-10-2019,1.16,Bangalore,0,11,794,19
6-1-2020,21.7,Wraith,3,18,1648,12
24-12-2021,4.97,Lifeline,0,0,0,6
12-6-2019,8.72,Pathfinder,0,2,237,9
15-9-2019,6.53,Wraith,2,12,1461,4
5-7-2022,9.9,Ash,4,2,1315,13
13-11-2021,6.89,Lifeline,5,1,843,15
29-4-2019,12.74,Ash,3,1,667,4
13-5-2020,21.35,Gibraltar,9,2,1681,18
27-11-2021,29.05,Pathfinder,12,9,1868,14
20-4-2021,12.79,Pathfinder,6,6,662,13
3-4-2022,5.18,Wraith,7,7,2604,5
15-10-2020,22.68,Gibraltar,11,2,2150,1
18-12-2021,8.85,Bangalore,1,2,251,16
19-2-2019,10.45,Wraith,1,2,486,19
23-9-2021,9.88,Pathfinder,15,1,2485,11
1-3-2019,18.1,Bloodhound,13,10,4934,17
26-5-2020,9.34,Gibraltar,1,2,441,16
3-3-2022,10.44,Pathfinder,1,12,744,2
21-9-2019,22.28,Pathfinder,5,7,829,8
30-4-2019,24.24,Bloodhound,6,5,1602,17
7-3-2020,21.31,Ash,8,6,917,10
4-12-2019,16.41,Ash,3,1,752,20
30-3-2021,10.51,Wraith,5,8,1978,4
14-1-2022,25.04,Bloodhound,6,3,1318,11
21-10-2019,1.61,Wraith,6,9,1113,16
14-3-2020,22.01,Wraith,2,16,1662,5
4-12-2020,8.84,Wraith,6,2,1283,18
19-2-2019,7.0,Gibraltar,6,11,1239,17
12-2-2021,29.78,Gibraltar,4,4,929,18
10-8-2022,23.39,Pathfinder,5,8,1315,8
17-8-2022,12.67,Lifeline,4,1,621,18
8-4-2020,11.0,Pathfinder,2,5,546,4
11-5-2022,21.6,Gibraltar,6,4,1228,14
28-7-2022,27.98,Bangalore,2,13,1752,10
6-5-2020,2.71,Bloodhound,1,3,540,13
12-5-2021,18.6,Lifeline,11,14,4552,18
22-12-2021,13.85,Ash,2,1,434,15
23-9-2020,4.98,Pathfinder,1,1,398,12
28-5-2020,15.64,Bangalore,14,2,3727,4
24-4-2020,18.96,Bangalore,4,1,897,20
21-10-2020,27.04,Pathfinder,7,5,2564,7
31-10-2021,25.64,Ash,14,8,1298,5
29-1-2021,12.74,Lifeline,1,3,381,1
16-7-2019,21.55,Gibraltar,18,2,4328,3
28-6-2020,25.45,Ash,10,7,1509,5
29-3-2020,0.19,Bangalore,0,1,57,12
25-4-2021,21.39,Bloodhound,5,6,1543,11
22-11-2020,8.92,Ash,5,0,836,2
3-2-2020,19.83,Pathfinder,6,2,589,8
27-3-2022,26.61,Lifeline,4,4,811,17
21-11-2021,13.96,Lifeline,9,10,3736,17
24-5-2019,21.83,Bangalore,3,11,2667,8
4-1-2021,21.14,Pathfinder,2,6,1046,17
20-10-2022,26.18,Wraith,12,5,2585,17
8-9-2019,11.8,Bloodhound,3,6,1311,17
11-4-2021,28.19,Pathfinder,5,15,1118,6
23-10-2022,13.61,Bloodhound,13,7,1542,18
13-10-2022,5.13,Wraith,1,15,2033,15
25-3-2021,24.52,Lifeline,3,3,782,15
20-7-2021,12.17,Lifeline,13,1,2309,18
11-3-2022,8.24,Bloodhound,14,7,3304,11
8-9-2022,15.19,Ash,17,2,3615,2
29-10-2019,13.22,Pathfinder,1,1,110,8
2-8-2019,18.33,Ash,16,9,3800,14
22-11-2019,5.98,Pathfinder,13,5,1377,12
15-5-2021,4.83,Ash,3,10,1909,14
24-12-2021,12.7,Bloodhound,7,5,1138,13
20-2-2020,4.03,Gibraltar,1,9,1109,3
18-6-2022,6.34,Bangalore,0,7,1053,9
18-6-2021,27.24,Bloodhound,4,2,803,4
27-9-2019,18.77,Bangalore,1,3,304,20
27-3-2019,7.37,Wraith,5,0,859,6
18-9-2020,19.94,Bloodhound,4,4,1177,7
4-7-2020,1.83,Ash,0,5,571,11
22-10-2019,29.8,Wraith,12,18,4612,20
24-4-2021,3.82,Lifeline,4,7,1787,4
12-12-2019,9.99,Pathfinder,1,0,114,13
19-6-2019,21.82,Bloodhound,3,5,1648,20
2-12-2021,16.98,Ash,8,2,1074,10
22-7-2022,5.91,Wraith,10,11,3932,7
4-10-2021,21.34,Wraith,3,4,1287,3
19-11-2021,22.51,Wraith,7,9,2315,14
17-10-2022,6.93,Gibraltar,9,0,623,10
3-8-2019,8.38,Bangalore,2,9,1811,10
19-9-2022,13.19,Wraith,3,2,1051,4
3-7-2019,5.41,Gibraltar,2,0,380,12
5-5-2021,7.63,Bangalore,2,4,979,1
11-5-2021,23.15,Wraith,7,9,976,17
30-10-2021,11.88,Ash,2,7,1053,14
4-9-2021,24.67,Pathfinder,5,5,1949,9
9-9-2021,23.57,Bloodhound,10,2,1500,14
5-9-2019,8.69,Gibraltar,0,3,413,14
20-3-2020,2.63,Ash,4,5,1557,4
5-11-2019,22.45,Lifeline,15,10,1757,20
5-9-2020,5.64,Gibraltar,5,12,1301,11
23-3-2022,28.95,Ash,3,3,609,9
18-2-2020,25.35,Lifeline,10,5,2303,1
9-3-2022,28.47,Pathfinder,7,4,1178,8
12-9-2019,10.02,Ash,2,1,276,10
27-11-2022,29.53,Wraith,6,7,1681,19
17-7-2022,25.88,Bloodhound,19,4,4468,19
10-8-2022,5.26,Ash,0,8,1241,13
19-10-2019,14.13,Lifeline,13,1,3190,3
15-5-2021,12.55,Pathfinder,1,4,291,17
22-6-2020,7.1,Ash,3,1,832,13
30-6-2019,14.79,Ash,6,3,1066,9
9-8-2021,11.16,Bangalore,8,6,1721,11
3-7-2019,29.35,Wraith,7,2,1520,11
10-5-2020,22.15,Wraith,2,14,2703,5
9-3-2021,6.14,Ash,1,1,202,9
7-11-2021,17.04,Gibraltar,12,2,3208,4
12-5-2021,2.83,Lifeline,8,0,1824,1
22-3-2019,19.43,Ash,3,12,2448,17
11-7-2022,7.5,Gibraltar,12,12,4738,5
28-6-2022,28.31,Bloodhound,7,4,2065,16
27-3-2022,0.18,Gibraltar,12,0,1552,16
24-11-2022,0.46,Bangalore,5,0,317,17
26-3-2022,28.33,Lifeline,2,17,1684,7
8-11-2022,3.05,Lifeline,0,1,154,4
14-6-2020,15.47,Bloodhound,14,8,4351,1
18-9-2020,4.68,Wraith,2,0,347,7
24-6-2021,2.77,Wraith,1,3,528,10
27-7-2021,5.49,Bangalore,10,5,1656,3
25-7-2021,24.81,Bloodhound,15,3,2560,12
7-7-2021,20.81,Lifeline,7,3,2142,15
11-12-2019,22.14,Wraith,3,5,543,16
23-9-2022,5.35,Pathfinder,8,10,1670,11
23-8-2019,17.57,Lifeline,15,3,3353,19
23-9-2019,12.28,Ash,2,7,1677,7
12-11-2022,24.88,Bangalore,6,9,2504,9
29-8-2019,25.32,Bangalore,3,5,845,15
19-8-2022,25.34,Gibraltar,5,2,857,10
4-5-2022,15.01,Ash,1,7,1269,11
13-4-2019,29.14,Bangalore,4,3,494,17
6-4-2022,22.98,Bangalore,5,2,1500,17
6-12-2019,12.05,Wraith,10,2,1621,13
23-2-2022,14.11,Gibraltar,1,10,1978,3
7-2-2021,28.71,Gibraltar,12,12,3939,5
7-8-2019,8.25,Gibraltar,11,0,1406,20
23-4-2019,5.64,Ash,1,10,1134,13
18-10-2020,29.26,Bangalore,3,3,1209,9
8-7-2020,7.24,Ash,5,7,821,13
14-9-2021,20.08,Bangalore,5,6,632,14
5-5-2020,21.76,Gibraltar,2,7,1183,6
7-10-2021,16.59,Bangalore,2,1,377,1
23-6-2019,20.54,Gibraltar,12,3,972,12
15-7-2021,26.45,Wraith,4,10,936,1
26-11-2019,15.61,Bloodhound,6,4,2148,1
22-2-2021,9.22,Gibraltar,0,1,130,7
1-1-2021,13.84,Pathfinder,1,1,395,8
31-10-2022,17.71,Pathfinder,7,8,1641,10
31-8-2019,0.05,Gibraltar,3,0,187,1
20-1-2021,13.46,Bloodhound,6,6,1554,2
9-10-2020,28.88,Pathfinder,9,4,1595,13
11-9-2022,6.14,Bloodhound,4,4,471,19
7-12-2020,8.56,Lifeline,1,8,434,18
11-12-2020,3.31,Lifeline,16,6,3308,10
20-12-2020,9.11,Lifeline,12,14,3484,4
9-12-2019,13.21,Ash,17,2,2058,6
5-12-2019,26.98,Ash,3,4,1005,4
6-6-2020,9.53,Ash,0,2,246,20
11-4-2020,12.94,Bloodhound,2,18,2843,10
19-5-2021,16.82,Pathfinder,7,3,1174,12
26-7-2019,25.92,Bangalore,4,6,1563,20
6-8-2022,23.4,Bangalore,3,3,1169,13
27-10-2022,19.71,Pathfinder,7,1,1486,16
3-10-2020,14.99,Gibraltar,2,12,1218,5
30-10-2021,24.2,Wraith,15,2,2073,10
11-5-2019,11.25,Gibraltar,12,7,3001,16
27-10-2022,18.17,Pathfinder,4,4,657,11
4-12-2022,27.26,Gibraltar,2,2,813,20
11-8-2021,23.79,Ash,11,14,4436,7
27-7-2019,1.31,Wraith,0,3,419,10
8-12-2021,5.87,Ash,1,8,987,15
25-10-2022,5.53,Wraith,0,6,475,10
15-9-2021,27.9,Bangalore,3,7,1747,2
14-11-2020,16.03,Lifeline,2,4,386,19
29-9-2020,9.68,Lifeline,3,0,316,8
23-2-2022,20.25,Wraith,7,3,1892,5
5-4-2022,7.45,Bangalore,0,2,315,10
26-6-2022,18.78,Ash,4,3,753,8
25-6-2020,2.42,Lifeline,7,1,1535,7
4-8-2021,22.8,Gibraltar,2,4,516,14
12-12-2019,28.28,Bloodhound,6,2,488,2
6-5-2021,16.58,Wraith,8,6,878,20
1-12-2019,7.46,Lifeline,2,2,450,8
18-10-2019,17.46,Gibraltar,2,8,1141,15
2-4-2019,29.1,Bangalore,8,7,2634,14
17-8-2020,3.51,Bloodhound,8,5,1904,18
18-7-2019,15.99,Ash,3,1,579,12
31-1-2020,17.24,Wraith,1,12,2415,7
11-7-2020,1.77,Bangalore,0,12,639,4
4-3-2021,27.78,Lifeline,7,10,2537,19
7-12-2019,5.02,Ash,3,14,869,3
18-1-2021,28.66,Gibraltar,2,4,995,15
29-11-2020,18.29,Bloodhound,1,11,2147,9
16-7-2020,21.38,Bangalore,2,6,408,14
4-2-2022,21.8,Pathfinder,6,17,3713,8
26-8-2022,16.57,Ash,6,1,1118,18
18-12-2020,5.51,Lifeline,8,1,934,20
20-4-2022,21.61,Bloodhound,12,2,1327,15
29-1-2021,29.67,Pathfinder,11,11,1594,14
5-6-2019,4.6,Pathfinder,1,12,1428,17
23-10-2022,19.49,Gibraltar,2,10,920,16
4-6-2020,16.23,Bangalore,2,10,1503,15
17-11-2022,0.39,Pathfinder,3,2,538,14
24-9-2021,0.11,Bangalore,0,0,0,16
22-2-2019,17.1,Ash,3,4,694,7
23-11-2022,11.47,Lifeline,4,1,701,7
19-6-2020,14.35,Ash,5,19,3880,8
24-4-2019,25.62,Ash,3,8,634,20
6-4-2022,6.03,Bangalore,5,5,1650,11
18-1-2020,11.38,Bangalore,4,1,1088,17
6-12-2021,17.06,Gibraltar,4,9,1736,18
1-7-2021,29.32,Bangalore,5,2,1098,7
18-2-2022,3.7,Wraith,2,9,1102,11
8-11-2022,27.42,Ash,6,18,3516,3
5-5-2019,11.55,Lifeline,5,6,661,10
15-7-2020,17.43,Bangalore,7,11,3424,14
30-6-2022,5.52,Bangalore,1,6,1260,1
28-5-2022,26.3,Gibraltar,10,2,1572,11
8-4-2021,9.16,Bloodhound,0,0,0,5
7-10-2021,10.24,Gibraltar,1,6,1206,13
30-9-2020,20.27,Wraith,5,17,3687,19
25-12-2022,16.08,Wraith,4,9,2461,9
26-8-2021,11.88,Gibraltar,4,1,847,9
20-2-2022,1.61,Ash,13,11,4047,12
1-10-2021,7.56,Ash,3,5,597,11
18-7-2020,22.56,Gibraltar,12,3,2733,14
9-6-2020,26.83,Bangalore,2,2,731,18
1-2-2022,21.56,Gibraltar,4,5,1080,10
4-10-2019,8.38,Ash,8,4,2506,12
4-11-2019,22.81,Gibraltar,13,5,3183,18
9-3-2020,13.95,Wraith,1,5,348,2
10-4-2020,12.29,Bloodhound,2,2,432,20
22-8-2019,20.81,Bangalore,11,2,2899,11
24-10-2019,12.66,Gibraltar,10,2,2586,17
14-9-2020,22.0,Lifeline,4,7,1796,15
27-1-2020,20.77,Pathfinder,2,6,554,15
3-2-2020,5.2,Lifeline,1,14,870,1
13-7-2020,10.54,Ash,2,7,1681,10
14-8-2021,15.88,Ash,9,1,1444,6
7-3-2022,3.99,Ash,1,6,1286,1
24-3-2022,15.14,Bangalore,2,7,857,1
27-9-2020,21.96,Ash,4,4,876,15
14-7-2022,26.2,Gibraltar,2,7,1577,11
18-11-2022,4.48,Bloodhound,5,8,1957,5
27-4-2020,4.29,Ash,17,7,3164,15
3-10-2019,22.5,Bangalore,11,3,1309,10
23-6-2020,22.1,Bloodhound,6,8,2045,18
20-8-2022,6.4,Gibraltar,0,4,335,3
2-7-2022,0.62,Gibraltar,0,5,632,12
20-7-2021,3.85,Wraith,13,12,5019,2
20-2-2022,10.87,Gibraltar,4,3,456,8
22-4-2020,3.48,Ash,2,12,2507,15
14-7-2020,10.54,Pathfinder,7,5,2009,10
4-7-2020,20.34,Wraith,4,3,1516,9
18-4-2020,14.35,Gibraltar,9,2,1140,15
21-4-2020,4.27,Bloodhound,8,18,1635,5
12-4-2022,1.67,Bloodhound,8,4,2616,20
30-5-2020,0.99,Gibraltar,1,1,290,17
3-1-2022,27.0,Ash,7,2,1736,13
13-2-2019,1.11,Bangalore,4,6,1210,13
3-7-2019,22.13,Bloodhound,6,10,3107,15
15-7-2020,1.75,Ash,1,9,1424,3
15-8-2021,7.64,Gibraltar,1,7,1259,8
28-10-2019,0.29,Gibraltar,9,0,886,3
22-1-2020,12.18,Ash,2,1,225,15
15-11-2019,3.2,Pathfinder,7,5,2244,14
15-8-2019,6.72,Gibraltar,6,6,2479,19
5-11-2020,18.82,Gibraltar,15,8,2780,1
14-2-2021,26.51,Wraith,5,12,3005,5
6-6-2022,18.79,Wraith,6,3,1731,2
15-11-2020,12.61,Gibraltar,14,4,3305,17
25-2-2022,24.77,Ash,7,11,2417,8
26-4-2022,28.28,Pathfinder,2,2,808,18
30-11-2021,0.8,Wraith,4,2,387,17
28-6-2019,15.22,Lifeline,6,4,1142,13
13-12-2020,11.84,Wraith,1,1,365,13
6-5-2020,8.03,Bangalore,10,10,2403,6
2-1-2020,8.47,Lifeline,8,6,1436,13
12-9-2022,18.82,Wraith,1,2,249,18
1-9-2021,16.97,Bloodhound,3,3,998,13
20-9-2021,3.72,Pathfinder,3,2,893,12
2-5-2022,11.21,Pathfinder,10,6,2722,5
4-3-2019,17.45,Lifeline,8,7,2478,10
11-10-2022,9.39,Lifeline,2,7,1154,3
15-4-2022,6.0,Ash,4,0,835,4
13-9-2020,25.73,Pathfinder,4,5,1618,5
23-4-2020,17.66,Ash,1,4,911,8
1-6-2021,20.88,Bloodhound,3,7,1905,16
24-8-2019,4.72,Wraith,2,5,434,1
11-10-2022,23.21,Pathfinder,13,2,2182,19
4-11-2022,8.17,Pathfinder,11,2,2624,16
21-4-2020,9.52,Bangalore,3,6,1228,8
2-11-2020,26.49,Lifeline,6,2,930,11
26-9-2019,20.79,Bloodhound,4,10,1863,19
7-9-2019,28.22,Bloodhound,14,9,4035,19
21-9-2020,15.8,Bloodhound,4,5,1439,8
15-8-2021,23.26,Bloodhound,6,7,1365,6
2-7-2021,2.66,Ash,4,4,637,15
13-7-2020,26.26,Bangalore,10,5,1292,7
10-10-2019,25.94,Bloodhound,21,7,2279,2
22-6-2020,26.52,Bangalore,4,8,2415,20
3-10-2022,16.01,Gibraltar,7,1,1415,16
23-2-2019,22.05,Pathfinder,8,3,2161,7
18-8-2019,9.82,Ash,1,10,804,4
5-8-2021,25.14,Wraith,3,12,2067,7
7-3-2022,15.37,Lifeline,4,14,1577,14
31-1-2022,27.24,Lifeline,4,3,455,19
28-7-2021,0.89,Wraith,4,0,356,12
2-4-2021,5.96,Bangalore,1,0,217,16
16-10-2022,1.26,Gibraltar,14,3,2994,5
26-8-2019,16.26,Ash,15,3,3151,12
21-2-2020,7.77,Wraith,0,1,201,10
6-5-2022,9.79,Bangalore,1,9,499,15
19-4-2020,26.39,Lifeline,2,4,889,15
15-9-2022,2.64,Pathfinder,3,16,2242,18
2-6-2021,13.31,Wraith,1,8,1488,11
22-2-2020,2.34,Lifeline,3,6,610,7
19-12-2020,21.52,Lifeline,17,6,3571,2
30-4-2021,13.8,Pathfinder,3,1,614,4
6-4-2019,11.44,Lifeline,7,3,1881,4
9-1-2022,25.22,Gibraltar,5,9,2596,18
31-12-2021,3.94,Wraith,2,8,962,3
15-2-2019,29.62,Pathfinder,20,17,2500,20
11-7-2022,7.77,Ash,0,10,1365,19
14-12-2022,18.61,Gibraltar,7,14,3838,5
23-9-2020,25.54,Bangalore,3,9,1384,5
17-12-2022,5.83,Gibraltar,0,0,0,20
10-4-2021,3.39,Bangalore,4,3,1030,10
11-5-2021,0.93,Pathfinder,4,3,382,16
3-5-2020,0.24,Wraith,6,6,2212,19
5-12-2020,13.55,Bloodhound,2,3,679,13
24-5-2020,14.17,Bangalore,12,11,1841,5
7-5-2019,13.84,Wraith,6,1,867,8
12-12-2021,5.47,Wraith,12,4,3438,9
14-6-2022,28.45,Bloodhound,18,3,2610,9
19-6-2019,5.83,Lifeline,8,1,542,17
8-1-2021,26.48,Wraith,13,14,4612,15
13-12-2021,18.1,Bloodhound,6,14,3753,17
31-12-2020,5.5,Wraith,0,1,161,1
22-11-2020,10.26,Bangalore,2,9,902,19
3-1-2022,24.45,Bloodhound,8,4,1796,11
11-8-2021,21.04,Pathfinder,3,2,762,5
8-10-2020,21.98,Pathfinder,2,4,595,16
11-1-2021,16.56,Gibraltar,2,9,1569,9
7-12-2019,18.54,Ash,2,11,2083,15
26-9-2020,28.11,Bangalore,6,5,2360,6
5-11-2022,27.46,Gibraltar,17,2,1930,17
27-3-2020,13.97,Bangalore,11,9,2999,12
21-2-2022,14.98,Lifeline,2,4,797,20
5-8-2020,28.66,Gibraltar,12,3,3258,2
1-1-2021,25.07,Bangalore,6,4,1793,1
6-9-2019,17.81,Gibraltar,13,1,3156,7
21-4-2019,6.31,Bangalore,5,3,627,12
16-3-2021,15.68,Ash,4,12,1630,11
9-10-2022,27.89,Wraith,2,3,763,3
3-8-2021,25.54,Bloodhound,7,20,5315,3
13-10-2019,13.53,Lifeline,16,7,4896,20
14-9-2022,13.86,Lifeline,1,16,1520,17
26-3-2022,18.91,Wraith,7,12,3484,10
28-3-2019,4.63,Pathfinder,5,2,1357,14
7-4-2022,12.85,Lifeline,13,1,1202,6
17-11-2021,23.09,Pathfinder,3,11,2329,12
21-10-2020,3.28,Lifeline,2,12,755,14
10-7-2020,27.84,Bloodhound,6,6,1634,8
24-5-2021,16.71,Bloodhound,4,4,1095,13
10-2-2021,3.16,Bloodhound,0,11,1349,15
28-1-2021,25.46,Gibraltar,16,5,4332,10
2-12-2019,18.53,Lifeline,10,1,2283,7
11-1-2021,21.76,Wraith,3,13,887,1
6-6-2019,18.06,Bloodhound,1,8,579,14
4-9-2020,14.62,Wraith,9,14,3585,5
21-1-2022,25.23,Ash,2,14,2452,7
3-1-2022,0.88,Wraith,6,3,1966,6
8-3-2019,14.32,Wraith,5,3,1227,2
27-3-2019,4.68,Lifeline,1,11,1102,17
15-6-2022,25.66,Gibraltar,2,6,818,14
18-9-2020,1.16,Bangalore,2,12,751,15
9-6-2019,28.07,Pathfinder,4,3,1212,11
21-3-2021,10.35,Lifeline,12,16,4756,16
8-10-2019,8.27,Bloodhound,5,8,1874,12
15-6-2020,25.14,Ash,9,4,1845,15
9-8-2019,7.56,Ash,0,1,90,6
27-9-2019,9.39,Wraith,0,7,1241,14
22-10-2019,21.24,Pathfinder,5,3,594,12
3-12-2020,0.82,Lifeline,1,2,275,8
24-7-2021,27.85,Pathfinder,8,17,4340,13
28-7-2020,9.88,Lifeline,0,10,1225,15
18-7-2020,29.8,Bloodhound,5,3,1084,2
26-9-2021,10.2,Ash,5,6,1091,12
15-3-2019,22.45,Bangalore,4,10,2000,7
5-5-2020,15.04,Lifeline,4,4,999,18
15-9-2022,17.61,Wraith,1,1,215,2
15-3-2022,19.83,Lifeline,9,5,1703,12
3-5-2022,23.87,Wraith,8,13,3216,12
2-12-2020,11.37,Lifeline,2,7,581,15
8-7-2021,15.74,Lifeline,2,1,395,1
16-11-2019,25.66,Bloodhound,3,2,925,18
5-4-2021,3.05,Pathfinder,3,1,462,11
26-9-2022,8.08,Wraith,0,0,0,7
19-5-2021,8.7,Ash,5,5,789,3
28-6-2022,11.84,Pathfinder,13,4,2359,12
20-10-2021,7.01,Bloodhound,4,11,1534,13
2-12-2020,19.36,Gibraltar,2,12,1064,2
16-11-2022,5.57,Gibraltar,2,3,864,3
10-12-2022,23.97,Bangalore,8,11,3060,13
16-7-2021,22.65,Bangalore,4,8,2223,16
8-3-2020,26.42,Gibraltar,9,17,3132,10
16-11-2020,23.29,Gibraltar,2,9,898,10
31-7-2019,5.97,Bangalore,2,3,383,5
26-1-2022,5.17,Bloodhound,11,0,1160,5
14-3-2021,9.3,Gibraltar,2,17,1640,17
16-11-2019,0.4,Pathfinder,3,3,708,10
12-10-2019,16.83,Wraith,1,7,1359,8
4-6-2020,14.1,Wraith,1,6,370,1
8-3-2022,13.48,Pathfinder,2,1,447,17
12-11-2020,16.77,Ash,14,3,1310,13
24-11-2022,13.27,Bangalore,11,2,1041,16
2-9-2022,28.28,Pathfinder,12,20,3890,7
14-5-2022,8.92,Bloodhound,7,2,1159,12
3-8-2022,20.87,Wraith,3,3,1103,13
17-10-2019,7.82,Pathfinder,0,8,814,2
4-8-2020,3.73,Gibraltar,1,4,248,5
12-6-2021,24.2,Pathfinder,4,17,1083,1
14-5-2020,28.83,Ash,4,3,560,8
26-9-2020,5.26,Lifeline,3,11,1043,1
14-11-2020,19.57,Pathfinder,5,7,2259,15
23-7-2021,29.6,Gibraltar,6,3,1328,7
3-10-2020,15.02,Bangalore,3,4,1182,7
15-8-2020,5.92,Pathfinder,0,3,179,5
12-1-2020,13.98,Lifeline,11,6,1015,16
11-10-2019,1.45,Lifeline,0,5,251,7
2-6-2022,15.14,Pathfinder,15,3,2734,8
14-12-2021,13.11,Ash,2,11,1595,14
16-6-2022,16.09,Bloodhound,2,12,681,2
30-4-2020,8.17,Ash,0,3,422,20
8-12-2020,6.88,Bloodhound,1,6,1279,18
21-6-2019,10.81,Gibraltar,3,13,1759,14
20-10-2020,6.9,Bangalore,0,6,787,19
22-12-2021,25.93,Ash,3,6,1360,3
5-2-2020,19.53,Ash,9,6,1908,14
15-7-2021,22.14,Lifeline,3,4,785,9
15-6-2021,24.53,Bangalore,6,16,3259,5
25-12-2019,0.58,Pathfinder,4,11,795,2
25-8-2020,7.31,Ash,11,2,2063,1
21-3-2020,6.62,Pathfinder,6,1,1407,20
13-6-2020,11.14,Gibraltar,3,1,801,9
14-8-2021,20.58,Pathfinder,3,10,1595,5
9-10-2019,26.69,Pathfinder,2,2,738,1
9-10-2021,1.25,Bloodhound,4,2,627,5
19-2-2019,6.75,Wraith,2,4,403,13
18-5-2020,17.75,Pathfinder,14,13,3761,20
25-3-2019,3.93,Lifeline,2,1,330,18
11-2-2020,14.42,Pathfinder,5,10,1375,3
23-12-2019,9.09,Gibraltar,5,6,1836,20
21-3-2022,24.5,Pathfinder,7,14,4197,19
30-5-2019,26.63,Bangalore,4,10,859,2
10-4-2019,9.6,Ash,1,3,589,9
11-11-2021,17.54,Wraith,8,9,913,9
30-11-2019,6.4,Pathfinder,6,10,2356,6
26-10-2022,15.18,Wraith,1,3,686,14
31-8-2022,18.42,Wraith,14,11,3532,7
6-4-2022,19.26,Bangalore,11,1,1296,1
21-6-2022,1.85,Lifeline,1,1,173,2
29-5-2019,9.94,Ash,2,1,350,6
14-5-2020,13.18,Bangalore,10,9,1114,3
28-4-2022,21.59,Ash,13,15,3165,12
22-8-2021,10.19,Wraith,4,4,951,15
28-6-2022,12.31,Pathfinder,2,4,654,7
8-11-2020,4.21,Lifeline,12,0,1512,18
14-8-2020,27.49,Bloodhound,8,16,2628,3
3-12-2020,21.2,Bangalore,18,12,2469,10
27-8-2020,5.02,Ash,13,10,1679,19
9-10-2022,28.76,Lifeline,2,4,771,16
12-6-2020,1.89,Pathfinder,0,13,1539,12
17-11-2021,9.18,Pathfinder,7,0,536,5
19-11-2020,10.64,Ash,14,5,4022,4
2-4-2021,29.65,Bloodhound,2,5,1127,7
14-5-2021,9.5,Ash,10,5,2481,15
27-9-2021,10.84,Bangalore,9,10,3768,11
5-4-2019,6.73,Wraith,2,0,340,5
24-4-2022,27.02,Bloodhound,10,2,1695,9
4-5-2022,25.71,Pathfinder,5,10,2343,8
19-3-2019,27.26,Ash,12,3,1199,17
11-1-2020,6.7,Bangalore,6,7,2462,13
13-9-2021,26.2,Lifeline,2,7,1738,9
23-6-2022,2.66,Gibraltar,10,15,5257,5
18-6-2020,19.87,Bangalore,5,1,969,19
7-10-2021,17.31,Ash,1,4,765,20
10-12-2020,18.55,Wraith,7,11,1640,10
14-5-2022,22.58,Bloodhound,3,6,505,5
21-6-2021,29.65,Ash,11,5,1261,3
24-1-2022,7.76,Wraith,0,6,797,2
30-5-2020,7.45,Lifeline,0,0,0,19
6-7-2019,14.38,Bloodhound,9,1,623,13
16-1-2022,2.31,Lifeline,13,2,3132,8
18-5-2021,0.15,Lifeline,8,0,1592,16
19-12-2021,22.42,Wraith,19,10,5463,11
13-9-2022,5.41,Gibraltar,0,11,2021,19
26-7-2020,15.91,Ash,9,3,2435,17
5-2-2020,18.44,Gibraltar,5,7,2372,1
19-11-2021,13.69,Gibraltar,10,6,2065,10
4-8-2021,19.58,Bloodhound,7,7,851,7
2-9-2019,1.54,Bloodhound,2,17,3146,7
22-4-2020,24.13,Bangalore,11,8,3181,18
14-9-2020,5.96,Ash,6,0,749,5
2-12-2020,18.92,Pathfinder,16,1,3366,11
23-11-2022,8.44,Pathfinder,17,1,2452,9
27-10-2019,21.16,Pathfinder,7,2,1087,17
25-11-2021,16.71,Gibraltar,6,2,910,14
30-8-2021,12.47,Gibraltar,10,17,4076,16
5-10-2022,16.15,Gibraltar,2,14,1318,20
10-3-2021,21.49,Wraith,4,9,1103,11
3-4-2022,21.66,Lifeline,11,6,1127,19
30-12-2020,21.62,Ash,2,5,706,12
17-2-2021,12.14,Pathfinder,4,6,1676,5
26-3-2019,15.66,Gibraltar,1,13,1626,18
10-12-2022,12.02,Wraith,7,10,1767,13
5-8-2020,13.67,Gibraltar,2,9,811,16
12-8-2019,29.12,Ash,5,8,2367,17
3-9-2019,20.36,Lifeline,2,2,322,20
26-5-2021,28.63,Wraith,12,4,2939,3
25-10-2020,14.06,Bangalore,2,2,563,17
19-6-2022,16.82,Gibraltar,4,2,1085,19
19-1-2020,29.57,Pathfinder,3,5,1068,16
21-10-2020,15.14,Bloodhound,4,13,2684,5
25-10-2022,6.61,Lifeline,0,4,783,18
1-8-2020,28.55,Ash,3,9,2165,14
29-4-2019,12.88,Lifeline,2,11,935,1
14-7-2020,3.54,Pathfinder,3,0,356,3
25-5-2020,8.83,Bangalore,3,2,667,4
28-4-2019,11.65,Pathfinder,5,3,1084,12
17-9-2019,2.43,Gibraltar,2,3,734,5
6-4-2022,19.61,Gibraltar,1,1,242,14
23-7-2021,12.92,Wraith,4,2,916,12
3-12-2021,6.58,Pathfinder,2,3,644,4
17-12-2020,13.87,Gibraltar,5,14,3170,5
16-6-2020,18.32,Bloodhound,2,9,1849,5
7-9-2019,29.78,Ash,11,16,2986,11
29-5-2022,7.11,Pathfinder,4,2,403,18
21-10-2019,16.24,Bangalore,12,6,1025,17
24-6-2019,20.33,Pathfinder,2,4,926,12
10-1-2021,9.74,Ash,14,16,2229,13
20-2-2019,8.99,Pathfinder,16,0,2952,9
30-4-2019,14.55,Wraith,5,4,1853,11
10-6-2022,22.64,Bangalore,3,2,913,16
7-10-2022,12.92,Ash,1,9,1148,18
11-5-2022,8.72,Bangalore,13,6,1332,9
17-9-2020,18.31,Gibraltar,4,6,789,16
26-2-2022,23.23,Bangalore,4,7,1767,11
9-7-2022,14.49,Wraith,4,3,796,14
15-1-2022,9.96,Bangalore,10,4,951,1
12-4-2019,4.42,Pathfinder,6,5,2108,18
5-4-2019,6.22,Lifeline,7,2,719,7
9-9-2021,18.28,Wraith,5,4,1404,11
14-12-2020,11.65,Pathfinder,3,9,830,15
16-4-2021,20.18,Wraith,15,5,3836,3
2-10-2020,15.44,Pathfinder,11,9,2920,4
11-9-2021,15.62,Bloodhound,1,3,818,8
24-4-2020,23.1,Wraith,4,6,2022,5
16-4-2020,18.72,Gibraltar,4,4,944,18
1-12-2019,2.4,Pathfinder,4,4,712,20
7-6-2021,13.82,Ash,4,8,1346,18
11-1-2020,9.9,Bangalore,0,5,267,20
9-5-2019,19.35,Bangalore,1,8,635,3
20-6-2021,25.14,Bloodhound,7,12,1019,12
12-6-2019,25.91,Ash,3,7,1644,16
1-9-2020,10.97,Bloodhound,2,3,1014,7
11-5-2022,18.44,Wraith,4,9,1732,13
15-10-2019,21.71,Bangalore,3,5,745,17
9-6-2020,27.23,Pathfinder,4,5,881,18
13-3-2022,5.05,Bangalore,0,1,105,12
19-3-2019,0.69,Pathfinder,1,2,360,17
12-11-2021,1.74,Ash,4,5,1294,17
13-3-2021,17.99,Pathfinder,15,2,2687,16
10-5-2022,0.81,Wraith,6,3,971,4
22-3-2021,19.77,Bangalore,3,3,1203,18
14-8-2021,25.61,Bangalore,7,2,1037,9
28-8-2022,26.48,Bloodhound,10,16,4959,2
9-12-2020,6.11,Pathfinder,0,1,94,18
30-9-2022,16.71,Lifeline,4,2,919,2
2-4-2019,14.02,Bangalore,8,17,4500,8
19-7-2022,9.97,Bloodhound,9,10,3762,7
2-2-2020,28.16,Ash,4,7,1786,15
26-12-2020,27.43,Wraith,12,6,2518,8
4-9-2019,25.19,Pathfinder,6,11,3257,11
17-2-2019,0.01,Ash,0,4,715,8
13-7-2022,3.29,Gibraltar,3,2,455,2
18-7-2021,8.89,Lifeline,9,4,2913,7
15-6-2020,20.89,Gibraltar,5,2,1314,1
26-3-2019,29.52,Wraith,6,4,1895,12
6-4-2020,19.08,Gibraltar,4,9,2597,8
8-12-2022,21.06,Wraith,14,3,2567,7
27-7-2021,29.12,Lifeline,3,8,1595,19
5-6-2021,25.78,Bloodhound,5,2,1475,3
26-3-2021,11.49,Gibraltar,1,7,1548,17
1-1-2021,5.58,Lifeline,11,3,1103,20
7-9-2022,28.37,Lifeline,4,14,2734,20
22-4-2022,6.34,Ash,11,10,2580,12
7-2-2021,26.22,Lifeline,2,5,770,15
21-4-2019,8.86,Wraith,6,1,465,6
13-6-2022,17.27,Pathfinder,7,5,1516,4
21-9-2021,27.47,Bangalore,13,4,2449,19
16-7-2022,13.79,Lifeline,1,4,957,4
24-8-2019,25.51,Wraith,5,8,2477,13
14-10-2019,26.7,Bangalore,3,9,819,1
30-5-2021,9.17,Pathfinder,5,2,1308,4
27-5-2022,19.36,Lifeline,1,9,551,18
26-2-2022,0.68,Lifeline,0,13,1686,18
25-11-2020,22.53,Gibraltar,5,11,2091,3
24-11-2022,17.17,Wraith,10,8,2078,9
13-3-2020,8.53,Pathfinder,11,5,2378,15
18-3-2019,28.71,Bloodhound,2,15,2489,11
10-4-2021,13.05,Ash,8,1,662,3
29-9-2019,6.36,Lifeline,8,5,2750,20
5-9-2022,27.55,Wraith,16,10,2030,19
20-4-2021,18.73,Gibraltar,3,4,706,6
23-8-2021,13.71,Pathfinder,11,12,4615,2
29-3-2022,2.49,Lifeline,0,0,0,9
3-3-2019,14.85,Gibraltar,2,1,326,11
13-7-2022,20.27,Wraith,4,2,904,17
27-2-2022,24.71,Pathfinder,4,3,951,7
28-7-2022,13.37,Bangalore,2,2,743,20
13-1-2022,6.49,Bloodhound,0,10,1461,16
24-8-2020,7.26,Wraith,3,17,3315,9
6-11-2020,12.29,Ash,3,2,591,14
28-7-2022,19.82,Ash,1,1,115,15
12-3-2022,15.08,Lifeline,1,5,697,4
12-5-2019,18.77,Bangalore,2,4,458,15
31-3-2020,24.92,Bloodhound,5,5,2097,8
27-10-2020,18.93,Wraith,13,3,1637,6
8-10-2022,17.11,Bloodhound,6,3,1148,13
25-4-2021,4.33,Bangalore,2,4,970,3
30-11-2020,21.47,Bangalore,7,11,1496,18
5-9-2020,12.54,Wraith,4,3,1108,5
6-8-2020,12.39,Wraith,3,11,2099,20
25-11-2021,22.25,Wraith,4,3,859,19
20-11-2020,13.2,Bangalore,1,4,308,15
12-8-2022,28.2,Ash,3,6,1759,12
18-11-2020,5.0,Ash,4,5,1873,18
30-7-2022,14.11,Ash,6,5,1528,1
20-9-2020,0.54,Ash,12,7,3850,10
2-11-2019,24.87,Gibraltar,5,3,1173,7
26-7-2019,23.22,Gibraltar,8,3,1669,9
17-10-2020,12.06,Pathfinder,4,1,387,14
7-12-2020,10.05,Gibraltar,10,9,2610,13
19-8-2020,13.96,Pathfinder,4,8,1850,7
5-9-2020,12.86,Lifeline,6,5,648,20
1-2-2021,25.99,Ash,11,8,3531,15
16-2-2020,19.54,Bloodhound,10,4,1453,3
29-7-2021,11.97,Bloodhound,3,11,1252,20
7-6-2020,9.64,Bloodhound,4,9,2467,7
29-5-2019,9.72,Bloodhound,0,7,1300,7
27-4-2022,7.23,Ash,0,1,109,3
27-3-2021,11.28,Wraith,3,2,383,20
18-6-2021,5.17,Pathfinder,5,1,854,3
29-9-2019,20.74,Ash,6,4,737,13
16-10-2022,14.14,Bloodhound,18,1,4362,15
27-6-2022,2.57,Bangalore,7,10,1211,20
1-3-2022,2.95,Wraith,1,3,473,15
25-4-2019,3.67,Pathfinder,3,10,839,1
9-4-2022,3.29,Wraith,4,7,815,15
24-8-2021,28.83,Gibraltar,2,6,486,20
23-7-2019,22.34,Lifeline,12,11,4119,14
15-10-2020,22.16,Bangalore,5,2,956,16
31-1-2021,19.84,Lifeline,11,10,1511,11
24-3-2020,29.06,Bangalore,9,4,998,2
21-7-2021,25.28,Gibraltar,9,10,3012,12
2-5-2020,28.65,Ash,13,2,3133,3
4-10-2021,27.65,Bangalore,3,3,352,9
18-10-2021,22.25,Bangalore,2,16,2491,18
19-10-2020,1.92,Wraith,7,3,1279,5
27-7-2021,5.29,Lifeline,5,0,705,16
30-11-2021,19.69,Ash,3,1,572,7
1-8-2022,23.57,Pathfinder,5,2,551,19
10-12-2022,5.39,Gibraltar,8,17,1295,20
28-1-2021,18.29,Gibraltar,19,2,4603,15
27-10-2019,19.98,Bloodhound,6,2,1367,5
31-7-2019,22.84,Bloodhound,3,2,743,9
11-2-2020,15.38,Pathfinder,11,3,864,11
8-3-2021,28.91,Pathfinder,2,7,1739,3
28-5-2022,5.96,Wraith,5,11,1721,6
28-3-2021,15.45,Bangalore,4,8,1013,16
18-12-2019,28.52,Bangalore,4,10,743,18
3-12-2020,11.29,Pathfinder,7,12,3531,6
21-3-2022,1.46,Wraith,2,0,205,11
18-6-2022,28.8,Bangalore,2,4,993,17
5-10-2021,16.0,Wraith,15,12,2285,12
1-11-2022,23.42,Lifeline,9,8,1039,20
8-3-2019,0.59,Lifeline,2,1,633,10
13-4-2019,1.42,Pathfinder,4,1,773,6
12-3-2021,21.29,Wraith,2,3,951,3
11-12-2019,8.79,Ash,11,7,2485,17
13-7-2022,15.35,Gibraltar,9,2,829,3
18-8-2022,9.73,Lifeline,5,12,1618,17
4-12-2022,24.52,Ash,3,18,1126,12
8-7-2019,1.45,Pathfinder,13,5,1798,13
29-4-2021,26.95,Bangalore,3,4,1240,20
8-4-2021,4.5,Bangalore,3,2,993,19
5-2-2021,26.97,Gibraltar,5,5,886,8
10-8-2021,12.28,Gibraltar,1,6,368,20
20-2-2019,4.87,Bangalore,16,7,2653,10
19-6-2022,0.03,Wraith,7,3,2116,13
14-12-2019,13.83,Gibraltar,11,1,1583,3
18-1-2020,19.22,Pathfinder,8,2,1400,11
19-3-2020,24.17,Ash,7,3,1509,19
24-4-2021,23.56,Ash,2,6,749,12
11-1-2021,26.73,Pathfinder,3,3,1005,17
9-7-2019,8.91,Bangalore,0,6,904,8
16-9-2019,14.53,Bangalore,6,7,1431,20
10-6-2022,6.15,Pathfinder,1,3,666,5
30-12-2020,21.19,Ash,3,15,1577,7
31-3-2021,4.32,Wraith,0,0,0,13
10-6-2020,13.04,Wraith,2,3,396,14
15-5-2021,26.02,Wraith,5,4,1147,7
31-1-2021,7.49,Gibraltar,0,0,0,17
13-6-2019,24.23,Wraith,10,5,1130,5
26-8-2021,5.22,Bloodhound,4,9,1230,15
28-1-2020,5.88,Pathfinder,2,5,1256,13
16-11-2021,23.07,Bangalore,13,10,4532,5
20-8-2021,8.17,Gibraltar,13,2,1005,3
23-1-2022,18.16,Bangalore,2,8,1591,12
12-3-2021,27.47,Bangalore,15,3,1469,3
17-9-2020,19.38,Lifeline,2,5,642,6
17-5-2021,9.2,Pathfinder,1,12,2377,7
29-7-2021,3.54,Ash,4,0,640,19
21-1-2020,19.03,Wraith,2,4,978,20
1-5-2019,10.52,Lifeline,16,7,2393,19
3-12-2019,13.73,Bloodhound,2,4,387,2
9-1-2020,7.3,Wraith,0,6,473,4
14-12-2022,25.29,Lifeline,12,3,1252,20
9-6-2022,6.57,Pathfinder,16,2,1816,10
26-8-2020,13.14,Gibraltar,3,3,336,8
10-11-2022,8.36,Lifeline,5,9,881,10
30-8-2022,17.05,Ash,2,19,3345,5
12-11-2021,24.1,Wraith,3,6,1182,3
23-5-2020,13.58,Bangalore,1,14,2826,9
16-8-2022,12.2,Ash,5,6,1468,9
11-7-2020,23.59,Pathfinder,10,14,1778,16
9-12-2020,26.22,Bloodhound,14,6,1074,19
10-8-2022,23.66,Ash,2,3,513,13
27-10-2020,18.41,Pathfinder,4,8,2343,1
24-6-2020,13.26,Pathfinder,5,13,1444,7
4-12-2019,6.38,Wraith,0,3,480,2
14-4-2020,19.9,Bloodhound,3,4,1387,9
26-3-2022,28.49,Gibraltar,5,10,2265,2
15-8-2022,12.45,Ash,2,2,786,15
3-2-2020,23.3,Gibraltar,10,10,1610,11
5-1-2022,8.18,Bangalore,4,12,1116,2
19-12-2019,29.31,Lifeline,3,2,508,13
12-7-2020,2.72,Wraith,16,10,4277,19
28-11-2020,18.24,Bangalore,18,3,1753,14
13-6-2021,7.43,Gibraltar,5,0,1009,18
4-4-2021,3.99,Gibraltar,4,1,1115,4
8-4-2021,6.26,Lifeline,11,14,5051,7
29-10-2022,28.79,Gibraltar,8,9,1681,8
15-6-2020,24.8,Wraith,4,4,562,18
6-12-2021,10.62,Pathfinder,13,2,3001,6
10-12-2019,15.57,Pathfinder,2,8,1006,17
14-6-2021,12.03,Gibraltar,7,1,1556,11
29-5-2020,25.06,Pathfinder,11,5,1118,10
25-3-2022,1.77,Gibraltar,9,1,1436,16
23-8-2022,7.64,Bangalore,11,2,2323,6
16-5-2021,25.95,Bloodhound,11,3,2452,14
13-4-2019,3.83,Bangalore,0,0,0,10
21-12-2021,21.29,Wraith,10,6,1755,6
24-1-2020,29.04,Lifeline,4,5,1479,19
27-11-2019,1.9,Ash,2,1,256,17
9-10-2021,16.4,Wraith,17,2,1278,18
6-3-2019,6.24,Gibraltar,0,0,0,12
26-12-2022,5.24,Lifeline,11,2,1851,9
17-2-2021,2.94,Ash,7,3,859,10
5-5-2019,17.89,Ash,3,11,2619,13
14-3-2021,21.54,Bloodhound,4,3,1420,8
12-12-2022,9.91,Ash,11,4,2713,4
28-8-2022,8.38,Gibraltar,2,1,621,12
21-12-2019,11.83,Bangalore,2,3,991,4
13-2-2020,28.25,Pathfinder,8,4,2405,5
23-3-2020,1.82,Wraith,12,1,2541,12
30-10-2019,22.48,Bangalore,7,2,1615,9
30-9-2022,4.39,Ash,8,0,743,14
6-1-2020,3.94,Bangalore,9,10,3166,5
8-6-2021,13.24,Bangalore,16,11,1658,5
2-5-2021,14.26,Wraith,2,3,1097,20
15-5-2019,8.55,Lifeline,12,4,2839,1
1-11-2022,25.92,Wraith,9,3,2481,6
15-7-2020,4.46,Wraith,3,6,1576,1
20-12-2022,21.07,Ash,5,2,989,5
30-9-2019,10.42,Bloodhound,5,11,2080,1
2-3-2021,14.62,Bangalore,9,12,4234,19
11-8-2021,21.06,Bangalore,3,7,1884,3
23-12-2020,2.21,Bloodhound,7,0,1417,7
1-6-2022,25.3,Lifeline,3,5,1234,17
25-1-2020,3.47,Gibraltar,6,3,1724,2
22-10-2019,3.46,Lifeline,6,6,1751,6
13-9-2021,2.9,Pathfinder,0,9,1647,7
23-5-2020,29.71,Ash,3,8,693,14
30-10-2019,25.3,Bloodhound,3,11,718,9
1-10-2019,17.41,Wraith,2,3,801,14
30-4-2022,27.36,Gibraltar,4,18,2071,12
15-8-2021,18.45,Bloodhound,4,7,2054,2
10-11-2020,7.26,Pathfinder,3,1,354,17
24-1-2021,18.63,Lifeline,1,3,782,10
15-10-2020,22.0,Pathfinder,9,3,1296,17
12-11-2019,17.71,Bloodhound,6,6,1795,4
18-1-2021,6.59,Wraith,11,0,1650,19
1-9-2022,5.69,Pathfinder,7,4,2279,11
23-11-2022,23.67,Gibraltar,2,4,313,18
22-6-2022,16.44,Gibraltar,6,1,1546,18
12-11-2019,3.9,Bloodhound,1,0,118,16
11-2-2020,19.93,Bangalore,3,10,898,19
1-12-2020,13.7,Lifeline,14,2,1740,7
19-12-2020,16.89,Bangalore,6,1,1455,17
15-3-2022,12.96,Gibraltar,4,2,1256,20
29-4-2021,4.34,Wraith,5,3,1245,11
16-4-2019,29.22,Wraith,6,9,1930,2
25-6-2020,13.52,Pathfinder,6,3,1773,4
28-2-2021,23.1,Pathfinder,2,4,725,20
15-11-2019,4.74,Bangalore,0,3,516,1
17-8-2020,6.7,Wraith,9,1,681,7
26-10-2022,24.47,Bloodhound,12,12,3434,13
30-1-2022,17.26,Wraith,2,12,2773,7
19-3-2022,26.9,Bloodhound,3,3,980,12
17-1-2020,17.17,Gibraltar,2,8,1417,13
15-8-2021,15.75,Bangalore,8,2,2211,18
27-12-2019,28.12,Lifeline,5,2,1142,12
22-3-2021,25.97,Wraith,4,16,2986,8
14-10-2021,9.09,Bloodhound,3,0,709,15
31-10-2019,18.46,Bloodhound,2,10,1603,8
13-11-2022,23.45,Wraith,14,10,3773,8
18-2-2019,14.27,Pathfinder,8,12,3004,11
21-2-2020,22.73,Pathfinder,17,21,3132,16
30-11-2020,19.13,Bangalore,2,1,569,20
11-1-2020,11.94,Pathfinder,3,4,728,19
18-1-2022,11.37,Bangalore,2,10,2108,20
10-1-2020,13.23,Wraith,13,1,2698,15
6-11-2021,10.2,Bloodhound,13,13,3110,12
29-12-2022,27.2,Bloodhound,11,8,1615,17
17-7-2022,5.98,Ash,0,1,78,20
13-6-2021,1.27,Bangalore,5,3,1449,15
18-2-2020,18.68,Bloodhound,3,6,826,5
16-5-2020,10.96,Wraith,8,6,856,7
15-11-2022,18.59,Bangalore,1,8,801,7
11-9-2022,7.94,Pathfinder,6,4,978,9
16-6-2019,7.39,Wraith,16,17,6855,9
26-7-2020,27.06,Lifeline,3,10,1284,8
28-6-2021,13.95,Bloodhound,6,1,1310,1
14-3-2020,27.03,Lifeline,9,5,1829,15
3-5-2020,27.66,Bangalore,8,6,3061,7
30-9-2020,24.21,Lifeline,4,13,1451,7
4-4-2019,22.79,Lifeline,18,21,7423,2
11-4-2022,10.12,Pathfinder,4,4,1323,18
22-10-2021,2.96,Gibraltar,3,1,602,1
30-10-2022,4.5,Lifeline,9,5,1579,18
3-3-2021,12.01,Bangalore,7,3,2079,14
29-1-2021,15.32,Bangalore,3,2,321,9
16-2-2022,3.13,Bloodhound,7,0,454,16
4-9-2021,12.89,Gibraltar,15,6,4343,20
9-5-2019,8.27,Pathfinder,1,4,304,15
11-5-2019,13.74,Bloodhound,5,1,1092,15
7-10-2021,8.28,Ash,2,6,1494,2
7-9-2020,10.44,Bloodhound,9,4,2563,5
30-7-2022,10.84,Pathfinder,6,4,694,2
4-2-2021,9.83,Bloodhound,13,13,2576,7
22-2-2022,17.15,Wraith,2,2,748,14
18-5-2021,0.02,Gibraltar,2,16,3483,18
8-8-2020,5.93,Pathfinder,6,1,1137,2
30-11-2021,28.75,Ash,10,4,1848,2
25-2-2019,5.55,Lifeline,2,0,375,4
7-2-2020,15.82,Gibraltar,1,8,1283,7
8-6-2020,20.33,Ash,17,2,1878,18
28-3-2019,29.05,Lifeline,4,7,864,5
20-5-2022,7.2,Ash,10,15,4254,3
27-12-2019,8.56,Pathfinder,2,0,447,10
22-2-2020,5.36,Lifeline,5,1,450,5
7-2-2021,15.15,Lifeline,10,4,886,9
3-9-2019,23.87,Gibraltar,3,3,1110,16
2-7-2021,5.54,Wraith,17,7,4210,5
19-4-2019,25.42,Bloodhound,20,5,4030,13
29-6-2022,23.27,Lifeline,7,9,1284,10
28-6-2022,6.11,Bloodhound,1,4,682,2
13-2-2019,20.12,Bangalore,8,18,3639,1
31-10-2022,16.26,Wraith,7,4,1743,1
4-4-2021,6.05,Gibraltar,2,15,2756,2
21-5-2021,13.85,Bloodhound,1,4,395,16
13-12-2021,3.53,Pathfinder,13,2,1646,11
10-3-2022,18.55,Bangalore,2,4,733,2
17-10-2022,9.07,Bloodhound,2,0,323,16
26-1-2022,22.63,Lifeline,7,2,1577,3
29-11-2020,22.41,Lifeline,4,3,974,15
11-1-2022,19.15,Wraith,1,4,558,10
6-12-2021,12.03,Gibraltar,16,5,1574,11
15-9-2019,8.06,Bangalore,11,3,2130,16
10-4-2019,24.51,Bloodhound,2,2,331,14
1-8-2020,14.24,Wraith,11,1,1179,17
3-10-2019,7.73,Ash,1,5,879,16
19-12-2022,15.94,Wraith,2,1,227,2
24-10-2022,25.98,Lifeline,10,4,828,5
30-6-2019,11.35,Bangalore,1,2,267,3
14-11-2021,27.01,Bangalore,11,2,2560,15
3-11-2022,10.6,Ash,20,11,5888,15
26-5-2020,14.69,Ash,11,2,1606,18
27-9-2021,23.92,Ash,12,11,2898,8
18-4-2021,15.48,Gibraltar,3,4,1310,7
20-3-2020,17.95,Pathfinder,5,6,947,13
31-10-2020,0.83,Ash,16,0,3812,19
23-11-2022,8.16,Gibraltar,8,3,1693,14
2-9-2021,27.83,Wraith,4,11,2446,15
29-11-2020,9.83,Ash,2,3,475,20
3-5-2021,22.21,Lifeline,2,7,660,6
23-2-2020,7.96,Bangalore,13,7,1623,11
27-4-2021,2.86,Wraith,1,7,697,12
1-4-2019,15.13,Bloodhound,13,7,2940,13
13-9-2020,19.02,Wraith,6,20,5172,20
17-3-2020,13.09,Ash,10,3,2582,3
24-2-2022,28.56,Bangalore,4,3,814,18
4-8-2019,12.31,Ash,5,17,2636,6
29-3-2021,13.72,Bloodhound,6,4,1013,1
30-4-2020,28.23,Gibraltar,5,9,2262,5
3-4-2021,25.92,Ash,4,17,3582,19
20-4-2021,16.91,Bloodhound,2,3,918,1
24-6-2022,13.4,Wraith,1,13,1502,1
17-5-2019,14.26,Bloodhound,12,2,870,7
3-12-2020,29.42,Pathfinder,2,20,2150,11
21-9-2020,13.23,Bloodhound,12,13,2216,7
1-7-2019,29.92,Pathfinder,8,8,2697,6
9-3-2022,2.21,Lifeline,1,0,225,12
3-7-2019,10.66,Bangalore,3,2,861,20
8-3-2021,21.18,Wraith,8,3,2241,5
30-3-2020,17.43,Ash,4,5,1632,3
5-7-2020,7.51,Lifeline,3,0,513,18
23-9-2022,13.8,Bloodhound,2,7,1658,11
7-8-2019,0.08,Pathfinder,1,8,1512,1
22-11-2019,7.56,Bloodhound,8,0,849,2
27-12-2021,23.08,Pathfinder,3,10,2553,14
14-11-2020,11.31,Bangalore,2,1,627,11
13-8-2019,9.43,Lifeline,0,5,747,9
15-1-2022,14.44,Pathfinder,6,2,750,11
8-3-2021,29.92,Bloodhound,13,2,3122,18
14-11-2019,21.07,Wraith,17,11,3975,19
25-5-2022,13.6,Bloodhound,1,7,665,5
13-5-2020,12.12,Lifeline,13,2,1939,19
25-8-2021,11.85,Bangalore,6,11,1311,8
16-11-2019,26.6,Pathfinder,7,3,1731,13
15-1-2022,21.05,Bangalore,4,3,1037,20
28-11-2022,3.03,Wraith,7,5,992,20
25-7-2020,14.54,Bangalore,3,4,775,13
31-12-2020,3.36,Lifeline,4,4,1707,9
17-7-2022,1.02,Bloodhound,4,1,783,9
2-11-2022,15.66,Wraith,7,12,1048,20
7-4-2021,29.8,Wraith,6,4,917,11
13-9-2021,23.49,Pathfinder,5,5,788,18
15-5-2019,10.05,Bloodhound,2,1,206,5
9-10-2020,28.09,Wraith,11,6,2355,2
7-5-2019,25.89,Lifeline,2,2,256,19
8-9-2020,5.15,Ash,3,2,680,13
27-9-2021,9.05,Gibraltar,5,6,1561,17
2-12-2021,13.78,Gibraltar,1,6,722,18
2-7-2019,27.85,Bangalore,4,3,945,8
25-2-2021,27.92,Gibraltar,2,14,2795,4
27-3-2021,10.08,Bangalore,1,9,772,4
15-6-2021,23.97,Bangalore,2,7,762,4
30-6-2019,23.92,Bloodhound,12,10,1832,10
30-11-2020,10.88,Bangalore,17,13,5168,1
10-1-2021,24.8,Lifeline,4,3,747,9
14-6-2022,8.07,Bloodhound,1,15,2651,9
10-7-2022,24.03,Bloodhound,2,4,1161,1
22-7-2022,3.9,Wraith,7,1,606,16
14-3-2019,2.57,Wraith,12,5,1094,2
2-6-2022,25.99,Pathfinder,3,2,528,11
23-4-2022,16.1,Ash,2,4,988,19
25-9-2021,5.08,Lifeline,7,4,637,17
23-3-2019,18.15,Bloodhound,14,11,1665,15
2-2-2022,5.39,Wraith,2,7,1101,5
22-7-2021,27.54,Gibraltar,10,4,1243,10
2-4-2020,27.97,Lifeline,10,2,1599,19
12-5-2019,16.28,Ash,4,1,699,1
25-9-2020,1.9,Lifeline,2,6,988,4
9-7-2019,13.19,Wraith,1,1,340,19
27-10-2019,0.96,Wraith,14,1,1965,15
15-4-2020,14.05,Lifeline,3,7,716,16
19-4-2021,15.43,Wraith,13,12,5096,14
4-5-2021,27.34,Bloodhound,13,10,4652,4
6-12-2020,28.99,Bangalore,8,13,2665,9
9-12-2022,6.59,Wraith,7,11,2841,11
21-12-2020,28.93,Gibraltar,8,12,2216,17
30-3-2019,18.14,Bangalore,1,3,611,11
8-4-2020,17.87,Wraith,1,1,252,17
5-3-2022,11.29,Lifeline,2,4,917,3
18-10-2019,22.0,Gibraltar,9,8,3274,2
11-7-2021,22.82,Wraith,12,2,1473,14
18-5-2019,27.54,Wraith,13,5,2504,9
20-7-2020,18.54,Lifeline,17,1,3480,8
3-11-2019,5.89,Gibraltar,4,15,2208,14
1-11-2019,22.96,Ash,2,9,860,13
2-12-2019,16.6,Lifeline,11,9,3376,20
3-10-2019,19.07,Wraith,5,11,1073,9
29-4-2019,10.29,Bangalore,12,2,1970,2
13-3-2021,9.54,Bangalore,0,1,78,9
1-6-2022,13.39,Bloodhound,3,19,3271,20
17-10-2022,18.42,Ash,7,9,2751,2
24-12-2019,5.84,Ash,8,0,1758,14
27-5-2020,0.42,Ash,9,10,2385,14
9-5-2022,26.92,Bangalore,4,2,677,13
25-8-2021,28.98,Pathfinder,2,2,765,7
30-3-2021,1.96,Gibraltar,3,5,1651,3
5-10-2021,3.19,Bangalore,1,8,551,17
24-5-2019,5.12,Bangalore,1,9,551,3
16-1-2022,26.78,Ash,7,2,537,18
19-6-2022,6.88,Bangalore,8,9,1219,16
3-6-2019,3.48,Ash,0,2,319,13
9-2-2022,22.65,Pathfinder,4,4,827,13
22-12-2019,22.04,Ash,3,2,986,5
23-1-2020,26.29,Bangalore,5,15,1587,6
28-11-2020,11.05,Bloodhound,7,3,1271,2
10-7-2021,22.87,Gibraltar,5,6,1191,13
31-10-2020,9.04,Ash,9,6,1316,4
5-3-2020,6.3,Bangalore,1,6,1089,11
27-3-2021,22.58,Gibraltar,2,5,498,14
8-5-2020,16.45,Gibraltar,1,16,3142,8
6-8-2022,10.18,Ash,2,4,793,16
28-7-2022,1.53,Pathfinder,9,4,1086,9
29-9-2020,21.08,Gibraltar,5,8,2458,1
5-3-2022,0.31,Lifeline,6,0,736,11
26-11-2021,21.47,Ash,5,4,914,16
10-5-2020,19.14,Bangalore,4,2,720,6
1-10-2019,23.33,Wraith,3,8,982,17
20-10-2021,21.19,Pathfinder,4,13,3378,18
25-10-2021,12.22,Bloodhound,4,5,624,15
19-4-2022,28.36,Bangalore,6,9,1465,8
14-3-2022,18.71,Bloodhound,1,3,800,3
31-8-2020,2.5,Pathfinder,0,5,312,2
23-5-2020,3.13,Gibraltar,5,12,1311,3
22-8-2020,11.57,Lifeline,1,8,1663,5
21-6-2020,8.94,Pathfinder,9,2,1630,14
8-9-2022,24.52,Lifeline,9,6,2510,14
7-7-2020,7.58,Bloodhound,1,6,617,15
3-4-2022,1.94,Lifeline,2,6,948,14
15-6-2021,0.3,Bloodhound,3,3,1034,15
28-6-2019,24.41,Pathfinder,10,4,1799,3
29-6-2021,22.65,Wraith,10,4,2117,8
21-11-2020,6.41,Gibraltar,2,5,1039,19
2-6-2019,18.62,Bangalore,1,18,3604,8
30-5-2019,16.42,Pathfinder,9,15,2057,15
12-9-2022,18.04,Ash,1,10,1342,4
27-1-2021,2.59,Ash,14,4,3855,6
17-5-2020,18.67,Bloodhound,6,5,799,17
21-8-2020,12.23,Pathfinder,18,15,6730,18
26-1-2020,2.02,Ash,6,14,2425,11
21-1-2022,12.83,Bangalore,10,2,1220,12
29-4-2019,2.44,Gibraltar,2,11,2225,16
22-11-2019,26.56,Ash,7,16,1949,11
29-8-2019,23.02,Gibraltar,17,10,5243,20
28-5-2020,25.51,Bangalore,2,4,1178,4
1-9-2021,21.06,Lifeline,2,2,700,12
21-4-2022,13.04,Pathfinder,1,1,297,17
2-4-2020,13.09,Ash,8,2,817,16
14-6-2021,18.61,Bloodhound,1,3,266,6
21-10-2022,11.97,Ash,10,6,3086,9
4-6-2019,22.06,Gibraltar,9,2,2382,14
9-11-2022,6.25,Pathfinder,9,1,2083,19
13-2-2020,8.29,Bangalore,6,6,712,20
21-2-2020,14.91,Gibraltar,19,2,4056,6
13-9-2020,11.5,Wraith,13,3,2635,14
4-4-2021,1.06,Gibraltar,9,6,953,12
25-7-2020,2.46,Gibraltar,4,0,316,5
28-8-2021,22.39,Bangalore,2,5,1164,9
4-3-2020,22.69,Bangalore,19,5,3049,2
5-11-2022,26.86,Wraith,14,12,3935,9
4-5-2020,20.46,Lifeline,2,11,780,11
6-9-2019,29.22,Wraith,9,3,1627,3
12-9-2019,3.03,Bloodhound,1,3,810,15
11-3-2022,7.6,Bloodhound,0,8,1367,17
1-8-2021,18.28,Ash,9,2,2497,13
13-12-2022,12.04,Pathfinder,2,19,1278,2
3-6-2019,14.35,Lifeline,6,3,1165,16
18-9-2019,9.36,Lifeline,11,15,5381,16
14-3-2021,5.99,Bangalore,5,10,2054,4
28-10-2019,2.57,Lifeline,0,11,2047,16
30-7-2019,16.22,Wraith,2,2,582,15
30-3-2022,7.94,Wraith,7,5,1622,18
15-7-2021,2.57,Gibraltar,16,2,3088,13
6-5-2020,14.58,Bloodhound,6,1,708,5
23-9-2022,1.63,Bloodhound,4,0,785,11
8-2-2022,29.61,Bangalore,2,10,1242,11
3-2-2020,11.86,Pathfinder,13,3,3076,18
27-7-2019,5.03,Gibraltar,10,11,3765,17
4-7-2021,18.45,Bloodhound,6,3,534,18
19-5-2019,6.73,Gibraltar,3,7,625,10
30-1-2022,27.2,Pathfinder,2,7,1562,4
7-9-2020,3.69,Wraith,9,5,1545,10
21-5-2020,13.08,Pathfinder,1,1,261,11
12-11-2020,26.92,Lifeline,6,2,767,14
11-3-2020,1.78,Bangalore,1,10,1578,18
28-5-2021,21.48,Bloodhound,2,11,2275,11
16-10-2020,23.96,Wraith,3,11,1527,11
23-12-2020,27.88,Ash,3,8,1659,1
7-11-2021,0.02,Ash,1,15,1500,7
22-4-2022,8.3,Pathfinder,5,0,688,6
20-7-2020,17.47,Pathfinder,7,2,1673,2
2-6-2021,26.65,Ash,4,2,676,4
22-5-2021,14.06,Gibraltar,14,2,3609,7
28-4-2022,29.76,Lifeline,8,11,1500,18
5-10-2021,23.26,Bloodhound,3,8,785,9
5-10-2019,23.83,Gibraltar,7,3,865,18
28-5-2019,14.82,Ash,12,1,1385,3
25-9-2020,5.84,Bangalore,5,8,876,13
10-8-2021,19.25,Bangalore,10,6,2130,16
4-6-2019,22.06,Gibraltar,5,4,1849,18
13-2-2019,21.0,Bangalore,19,3,2785,14
8-2-2022,7.96,Bloodhound,0,4,695,8
22-6-2020,27.05,Lifeline,2,7,787,19
3-6-2020,24.67,Wraith,16,10,4555,19
21-4-2020,28.38,Bangalore,3,5,866,16
3-9-2020,4.38,Bloodhound,17,7,3034,6
1-12-2019,10.97,Gibraltar,1,4,661,16
3-3-2019,28.83,Bloodhound,2,9,778,16
24-8-2021,23.68,Lifeline,6,4,1727,7
30-8-2021,22.22,Lifeline,3,9,2214,3
25-10-2019,29.41,Pathfinder,7,9,2507,8
12-11-2019,4.2,Bangalore,16,8,5169,7
16-2-2022,11.09,Bangalore,7,1,470,16
16-3-2020,28.6,Wraith,7,2,1678,12
25-3-2019,4.88,Lifeline,3,14,2598,18
22-1-2022,23.22,Gibraltar,5,6,1262,4
1-9-2021,8.54,Bloodhound,8,0,1278,8
19-12-2020,12.92,Ash,2,9,894,15
28-12-2021,5.8,Ash,2,5,733,8
8-12-2021,23.79,Lifeline,2,5,1118,17
18-6-2020,3.26,Ash,3,1,340,5
18-8-2019,12.27,Gibraltar,4,4,510,2
15-10-2020,21.76,Ash,3,4,706,1
3-8-2019,3.57,Gibraltar,0,2,241,10
16-6-2022,17.19,Gibraltar,3,18,3640,17
16-5-2022,4.28,Bangalore,7,3,1054,9
26-4-2021,5.58,Wraith,2,3,1002,16
22-1-2022,19.07,Gibraltar,12,4,2893,9
27-9-2020,5.21,Gibraltar,2,4,620,12
26-7-2021,17.66,Gibraltar,1,2,443,9
6-2-2020,24.05,Gibraltar,5,17,3357,1
10-10-2020,11.68,Bloodhound,4,9,1251,8
6-4-2021,10.27,Ash,2,10,1366,1
15-1-2020,22.14,Lifeline,3,12,1451,8
16-5-2020,14.74,Bangalore,1,8,1723,9
23-9-2021,13.85,Bloodhound,4,1,575,18
20-12-2021,0.16,Bloodhound,4,0,919,9
5-8-2021,6.41,Lifeline,8,1,1767,18
19-6-2019,17.69,Gibraltar,16,4,1804,9
10-6-2020,23.78,Gibraltar,3,5,532,11
30-10-2020,1.56,Wraith,2,0,220,18
21-1-2021,22.41,Bangalore,18,6,3329,6
11-3-2022,8.14,Bloodhound,6,7,738,1
9-6-2022,25.31,Gibraltar,5,6,1586,19
31-5-2021,3.92,Bloodhound,7,0,462,2
22-6-2019,24.49,Bangalore,2,2,718,6
4-10-2019,21.04,Ash,9,15,4588,19
31-5-2021,16.81,Ash,5,1,1271,10
23-5-2019,4.15,Bloodhound,1,0,189,10
1-4-2022,7.14,Gibraltar,5,2,1116,18
14-9-2020,10.09,Bloodhound,4,4,1456,10
29-3-2022,10.22,Pathfinder,6,3,1316,14
5-10-2019,23.52,Lifeline,12,3,2907,5
27-3-2022,15.85,Bangalore,15,11,4132,7
1-11-2020,26.0,Wraith,12,14,1979,13
15-9-2022,1.33,Lifeline,0,1,193,16
24-4-2020,4.93,Pathfinder,0,6,564,7
14-5-2019,29.52,Lifeline,4,8,1742,2
8-6-2020,22.66,Lifeline,2,8,1268,1
10-9-2019,11.78,Bloodhound,10,14,2140,19
3-11-2019,5.82,Pathfinder,8,10,2830,10
1-7-2020,25.81,Wraith,2,12,969,13
14-8-2020,21.67,Bangalore,17,13,4312,1
17-5-2020,25.61,Bloodhound,6,4,645,9
27-5-2021,3.36,Bangalore,0,0,0,7
9-3-2019,28.1,Pathfinder,2,11,2230,7
17-10-2020,10.0,Lifeline,3,2,574,20
7-3-2022,24.84,Gibraltar,3,2,525,7
21-1-2020,19.33,Bloodhound,1,5,706,1
28-4-2022,23.35,Gibraltar,5,3,1345,9
17-1-2022,22.53,Wraith,6,6,2546,18
15-3-2020,14.37,Ash,13,1,2003,6
6-5-2020,5.41,Lifeline,12,1,1034,14
3-7-2019,11.05,Wraith,2,3,366,7
11-7-2019,13.19,Ash,9,2,846,11
18-6-2021,25.7,Pathfinder,11,7,3669,14
29-10-2019,20.67,Lifeline,5,16,3141,19
18-12-2022,17.56,Gibraltar,9,2,1391,13
8-8-2022,14.81,Pathfinder,3,1,892,15
30-7-2021,23.41,Pathfinder,7,11,1951,10
26-10-2019,12.98,Gibraltar,8,4,2347,16
11-4-2020,17.52,Lifeline,1,8,1259,18
14-3-2022,25.66,Pathfinder,2,9,1746,12
24-6-2020,7.47,Wraith,6,5,1429,15
4-5-2019,9.73,Ash,4,0,911,13
19-6-2022,2.23,Ash,0,5,499,3
23-4-2020,26.04,Gibraltar,10,6,933,18
9-7-2020,2.22,Bangalore,7,9,978,3
5-5-2019,29.79,Ash,4,16,1807,9
9-7-2021,10.21,Wraith,2,1,192,18
30-5-2021,14.22,Gibraltar,1,1,279,10
22-7-2020,9.51,Lifeline,5,1,952,2
14-3-2019,19.37,Bloodhound,6,1,630,8
28-9-2021,23.9,Pathfinder,10,16,3716,16
14-4-2022,15.56,Gibraltar,1,6,382,7
10-11-2021,3.94,Bangalore,10,1,1614,14
5-8-2021,10.86,Pathfinder,5,5,1739,4
11-7-2021,5.59,Lifeline,1,2,562,10
18-10-2020,26.93,Gibraltar,7,8,2127,2
30-1-2020,5.06,Bloodhound,6,5,2271,15
23-5-2021,27.43,Gibraltar,6,5,1145,8
13-10-2022,18.39,Pathfinder,1,1,268,14
3-10-2020,24.46,Bloodhound,7,4,1536,20
13-5-2021,25.96,Gibraltar,2,14,1390,8
19-12-2020,8.43,Bangalore,9,2,1957,16
6-7-2020,15.71,Gibraltar,10,13,2799,10
8-11-2021,28.44,Lifeline,8,3,1666,8
15-10-2021,17.67,Bloodhound,7,11,3002,12
18-3-2022,15.18,Wraith,9,3,2029,13
22-2-2021,21.0,Bloodhound,5,3,617,5
26-8-2019,1.59,Wraith,7,0,946,1
15-10-2020,25.95,Gibraltar,11,2,2154,8
6-11-2021,4.72,Lifeline,13,1,2734,4
31-12-2019,2.61,Pathfinder,14,4,2043,19
14-6-2021,21.31,Gibraltar,4,4,467,8
18-6-2022,26.55,Gibraltar,20,12,5185,16
16-12-2020,6.24,Wraith,3,5,733,5
4-8-2022,11.76,Pathfinder,8,1,1714,4
23-12-2022,10.51,Ash,11,2,2137,9
23-5-2019,8.01,Bloodhound,16,4,3724,6
5-10-2021,21.09,Bangalore,3,2,940,20
29-9-2022,1.68,Lifeline,4,4,569,11
31-10-2021,22.87,Bangalore,3,11,2257,6
8-8-2019,29.51,Bangalore,3,3,1049,6
15-6-2022,26.37,Lifeline,8,2,1204,5
2-4-2021,2.76,Gibraltar,3,0,524,20
9-9-2022,11.6,Bloodhound,3,6,642,10
19-6-2021,10.21,Bloodhound,1,11,723,1
9-12-2022,23.09,Gibraltar,3,7,558,4
28-10-2022,12.16,Pathfinder,1,18,1353,9
2-12-2021,23.06,Bangalore,7,13,3843,10
29-10-2019,15.04,Bloodhound,1,7,1139,11
21-11-2021,9.24,Bangalore,4,3,668,20
29-10-2019,16.11,Ash,15,15,4661,6
15-1-2022,2.5,Pathfinder,0,8,1037,18
24-8-2020,13.65,Lifeline,6,5,1904,16
17-4-2020,27.78,Gibraltar,6,2,561,4
23-8-2022,28.13,Wraith,8,4,2267,4
27-1-2021,16.85,Lifeline,9,2,1816,20
7-7-2019,0.82,Bangalore,14,4,2020,10
26-7-2019,24.25,Bloodhound,8,9,1977,19
15-5-2020,2.14,Bangalore,0,4,337,1
11-4-2021,12.0,Wraith,7,1,809,1
28-6-2020,20.66,Ash,12,8,4237,13
16-6-2019,19.98,Wraith,6,5,750,7
6-10-2021,6.8,Wraith,5,8,719,11
9-3-2021,11.96,Wraith,11,7,3278,11
9-1-2022,15.61,Pathfinder,11,11,3459,12
26-2-2019,28.7,Bloodhound,5,11,1443,16
27-3-2020,0.83,Gibraltar,5,3,1719,4
19-4-2019,25.4,Gibraltar,2,11,2194,12
5-5-2021,1.09,Lifeline,0,11,1368,4
4-1-2021,20.64,Gibraltar,8,6,1329,17
17-4-2020,6.5,Pathfinder,4,0,631,14
14-11-2019,18.18,Gibraltar,3,1,851,3
19-3-2019,24.35,Gibraltar,2,4,897,14
13-1-2022,26.28,Lifeline,19,6,3766,8
3-3-2021,18.29,Pathfinder,12,1,1449,7
31-1-2022,18.08,Pathfinder,19,2,4230,17
15-11-2020,4.38,Bangalore,8,6,1393,10
4-8-2021,3.8,Bangalore,9,2,1934,16
14-7-2020,11.64,Wraith,1,1,189,6
3-7-2022,7.07,Wraith,2,5,1047,9
24-3-2022,8.88,Wraith,4,12,2267,5
13-8-2022,21.48,Gibraltar,4,8,1162,15
29-3-2021,29.67,Bloodhound,5,8,1962,10
7-8-2019,12.96,Ash,1,8,1255,2
19-12-2022,28.34,Bangalore,3,4,564,1
22-7-2020,5.32,Bangalore,0,1,154,9
7-7-2021,21.65,Wraith,10,8,1819,1
6-10-2019,20.67,Gibraltar,5,6,2256,19
20-4-2021,2.33,Lifeline,6,15,2185,20
10-8-2022,28.32,Ash,3,4,707,2
25-1-2021,14.4,Lifeline,2,7,1676,4
9-4-2021,18.47,Bloodhound,2,1,344,6
28-2-2022,10.24,Wraith,1,3,610,20
2-8-2022,20.35,Bloodhound,5,11,1984,19
6-8-2020,0.6,Pathfinder,2,0,286,13
27-4-2022,21.7,Ash,7,4,2120,20
18-2-2022,23.24,Gibraltar,8,10,2195,2
23-7-2021,2.45,Pathfinder,4,16,3194,2
23-9-2022,19.68,Gibraltar,9,14,3351,4
9-3-2021,6.5,Bloodhound,19,1,1529,11
17-3-2019,7.86,Pathfinder,1,12,798,11
24-5-2022,11.94,Bloodhound,15,9,4347,13
9-5-2020,21.98,Wraith,2,4,452,9
17-9-2022,22.35,Gibraltar,9,7,2214,15
24-11-2019,14.51,Wraith,1,12,1315,19
31-12-2022,6.9,Lifeline,0,1,66,2
25-9-2020,3.55,Gibraltar,5,1,553,10
13-9-2022,28.51,Lifeline,13,8,3702,18
8-3-2022,12.37,Wraith,1,1,319,13
1-9-2020,20.19,Bloodhound,11,13,2704,15
15-5-2022,7.14,Bangalore,0,1,60,16
5-12-2019,0.83,Pathfinder,3,6,1563,18
23-9-2021,1.68,Bloodhound,13,14,5551,11
11-10-2022,23.54,Lifeline,3,2,885,12
10-7-2019,29.46,Bloodhound,10,13,2703,1
17-4-2020,12.29,Ash,2,2,256,11
2-6-2022,22.53,Bangalore,5,4,1631,7
22-4-2022,19.12,Wraith,7,1,1564,10
5-8-2021,1.65,Wraith,8,3,1426,13
16-9-2022,20.62,Bangalore,11,10,3860,17
18-5-2021,25.36,Ash,14,3,1779,7
25-6-2022,11.43,Gibraltar,1,10,1654,6
31-3-2022,24.92,Gibraltar,2,6,936,13
3-7-2021,21.05,Lifeline,3,4,909,7
18-11-2021,11.14,Lifeline,8,5,1832,8
18-4-2021,15.59,Lifeline,2,8,1472,16
10-9-2021,27.99,Ash,7,14,1930,18
11-8-2022,23.37,Wraith,3,7,755,3
22-4-2019,26.1,Pathfinder,4,6,1964,5
14-2-2021,4.15,Lifeline,7,4,1002,1
29-11-2019,20.83,Gibraltar,5,3,459,10
28-7-2022,13.3,Ash,13,3,2257,7
9-10-2021,7.58,Gibraltar,12,3,1128,13
1-10-2020,29.34,Gibraltar,6,16,3709,2
25-7-2021,19.05,Bangalore,3,1,480,16
23-3-2022,20.03,Gibraltar,9,7,2166,7
13-10-2022,4.03,Pathfinder,0,5,796,5
14-12-2019,4.45,Bangalore,16,3,1564,18
12-2-2019,6.51,Bangalore,0,7,401,4
17-8-2019,5.18,Ash,2,5,443,13
18-7-2021,18.53,Bangalore,6,2,1262,1
4-7-2021,3.92,Pathfinder,3,9,1644,12
21-9-2019,27.71,Ash,4,2,1123,13
24-3-2019,8.24,Bloodhound,3,2,973,7
23-10-2022,17.85,Ash,1,13,1731,10
28-10-2022,0.89,Wraith,6,0,1250,20
27-11-2019,20.77,Wraith,3,6,1267,2
4-4-2022,20.25,Pathfinder,10,5,1294,6
7-3-2021,15.7,Pathfinder,2,4,570,18
30-6-2019,2.1,Wraith,1,2,455,15
18-6-2021,23.35,Pathfinder,15,3,3448,3
2-10-2019,29.48,Lifeline,9,2,1220,12
7-8-2021,12.43,Lifeline,1,15,1366,11
10-2-2021,5.67,Bloodhound,11,0,2600,11
21-1-2022,14.01,Lifeline,1,6,1286,12
13-9-2021,14.67,Bloodhound,1,3,355,18
17-9-2020,8.69,Wraith,2,3,960,11
9-9-2020,26.47,Bloodhound,8,11,2928,1
19-9-2020,6.74,Pathfinder,1,2,322,2
6-12-2020,27.22,Lifeline,12,4,1363,15
16-5-2022,28.44,Pathfinder,2,6,431,19
24-6-2021,22.52,Bloodhound,9,14,1270,2
11-6-2021,14.88,Pathfinder,2,11,971,13
17-7-2022,10.63,Ash,5,9,2456,6
3-10-2022,5.13,Ash,7,18,1700,20
9-5-2021,27.32,Pathfinder,2,8,1683,2
15-12-2019,16.24,Ash,8,1,1742,12
5-11-2020,8.71,Bloodhound,3,6,499,2
15-7-2021,7.52,Ash,2,1,261,3
21-5-2019,0.34,Wraith,5,13,2646,9
14-4-2022,14.72,Gibraltar,3,2,325,12
24-11-2020,12.77,Bangalore,8,10,1315,17
8-4-2020,6.91,Lifeline,8,4,2005,17
16-5-2019,25.87,Gibraltar,3,2,384,8
24-2-2019,7.59,Gibraltar,1,9,700,18
4-2-2022,13.63,Pathfinder,1,4,629,8
19-10-2020,13.78,Wraith,2,2,227,9
22-7-2021,4.68,Bloodhound,11,1,2199,11
2-12-2022,16.11,Ash,6,12,2062,14
23-1-2022,19.12,Lifeline,4,5,1046,20
17-7-2021,21.36,Gibraltar,5,15,2693,7
15-12-2022,0.94,Bloodhound,0,10,667,2
31-1-2021,13.17,Ash,7,1,1724,13
19-5-2020,3.29,Lifeline,6,17,4182,9
8-3-2022,24.25,Wraith,14,3,3868,15
13-3-2020,24.52,Pathfinder,2,2,620,19
15-5-2021,27.89,Gibraltar,7,8,911,16
2-11-2022,5.24,Bloodhound,2,0,297,1
7-6-2022,9.99,Lifeline,3,11,923,14
8-11-2019,2.09,Pathfinder,4,11,1867,13
13-7-2021,19.62,Lifeline,1,8,1315,6
6-6-2022,27.95,Bangalore,7,4,1837,20
26-1-2021,6.09,Pathfinder,0,4,439,10
3-11-2021,14.49,Gibraltar,8,4,2424,5
8-10-2019,27.11,Wraith,4,5,1820,2
20-12-2021,16.67,Wraith,6,6,1151,13
4-9-2021,4.46,Ash,13,5,2372,15
21-3-2019,0.9,Ash,6,3,1371,7
28-5-2020,28.52,Bloodhound,6,14,1424,17
28-4-2021,6.09,Ash,3,7,839,20
31-10-2022,22.56,Wraith,2,6,871,7
24-3-2020,14.91,Pathfinder,13,12,4665,16
30-7-2020,19.1,Bangalore,1,2,408,14
16-8-2019,13.36,Pathfinder,4,7,1542,17
25-11-2020,8.34,Lifeline,1,6,717,16
13-11-2022,8.09,Wraith,6,0,1144,2
10-12-2021,29.1,Bloodhound,4,5,687,8
30-9-2019,23.52,Wraith,15,2,2657,13
28-4-2021,2.95,Lifeline,5,1,373,13
2-5-2022,21.97,Ash,16,2,1154,2
26-1-2021,14.08,Lifeline,12,2,1202,18
12-6-2021,14.69,Bloodhound,4,5,1869,19
3-4-2020,7.69,Ash,4,7,1490,12
12-4-2022,21.5,Lifeline,2,3,940,3
13-12-2020,1.29,Pathfinder,0,1,114,5
28-12-2020,11.02,Gibraltar,3,2,835,16
21-2-2022,27.81,Gibraltar,20,21,5390,2
5-12-2020,28.1,Bloodhound,2,2,655,19
27-3-2022,21.94,Lifeline,15,3,3984,17
2-9-2020,17.26,Bangalore,4,11,1710,16
29-6-2020,7.18,Bloodhound,7,8,2396,4
15-11-2020,10.08,Bloodhound,8,1,1409,9
11-12-2022,6.33,Ash,1,0,121,20
16-6-2019,29.34,Gibraltar,7,9,911,18
4-11-2020,11.95,Ash,2,7,1480,2
1-2-2021,24.5,Gibraltar,17,6,3990,20
16-8-2019,18.12,Bangalore,3,15,924,3
12-5-2019,1.08,Ash,1,2,610,3
3-7-2021,1.46,Wraith,7,5,896,17
16-12-2022,27.16,Lifeline,2,15,3048,12
20-3-2021,10.56,Wraith,4,2,1146,10
30-9-2022,24.11,Bangalore,9,5,1685,3
5-12-2022,28.85,Gibraltar,2,6,611,11
21-12-2021,11.37,Pathfinder,6,4,1817,4
31-7-2019,7.04,Lifeline,3,1,599,4
27-2-2020,3.48,Bangalore,1,7,950,9
3-11-2021,5.31,Bangalore,2,2,419,16
5-2-2022,8.67,Bloodhound,15,4,1969,17
24-7-2021,20.46,Bangalore,5,4,1681,10
1-1-2022,9.87,Pathfinder,5,9,1411,4
14-8-2020,2.11,Wraith,1,5,873,14
12-11-2019,27.47,Lifeline,4,6,810,10
3-9-2022,1.64,Bloodhound,2,5,587,16
22-8-2019,13.54,Bangalore,2,3,696,15
3-7-2022,14.13,Bangalore,2,4,1139,18
15-2-2019,15.42,Bloodhound,5,1,1357,15
1-5-2020,8.41,Gibraltar,2,2,513,20
25-3-2022,9.57,Pathfinder,3,0,449,19
13-2-2022,12.65,Bloodhound,9,12,3258,4
5-12-2020,6.3,Ash,0,7,471,7
26-6-2021,24.77,Bloodhound,2,6,1531,20
22-7-2019,3.64,Bloodhound,15,13,3653,8
3-1-2020,25.08,Gibraltar,3,8,2138,11
3-10-2021,29.89,Gibraltar,2,3,306,19
11-4-2021,24.98,Lifeline,8,8,990,3
2-8-2022,11.1,Bangalore,9,1,1412,18
4-10-2020,20.35,Gibraltar,4,2,717,10
10-10-2019,19.22,Lifeline,3,8,700,9
11-7-2022,21.15,Bloodhound,2,3,560,15
15-10-2019,27.22,Wraith,10,11,1146,2
17-7-2022,16.44,Lifeline,6,7,2156,12
23-8-2021,27.18,Wraith,4,4,1455,6
5-11-2019,26.06,Lifeline,7,6,1514,10
25-7-2019,15.78,Lifeline,1,6,1335,13
12-10-2022,23.27,Gibraltar,2,9,702,20
14-3-2022,10.42,Pathfinder,3,6,528,4
29-1-2020,5.36,Lifeline,0,4,417,12
13-4-2019,15.52,Pathfinder,1,7,1041,7
14-7-2020,20.48,Gibraltar,12,5,3322,11
29-7-2020,13.7,Lifeline,6,4,655,1
5-10-2022,21.64,Lifeline,5,2,867,13
22-2-2019,16.34,Bangalore,13,8,4203,18
26-3-2022,7.35,Bangalore,0,11,2028,12
24-9-2022,28.92,Gibraltar,6,2,887,20
10-3-2022,28.85,Gibraltar,4,8,1033,4
31-8-2022,26.97,Pathfinder,11,7,2761,12
27-6-2020,15.16,Lifeline,10,12,2151,19
15-5-2022,6.77,Pathfinder,4,2,1014,16
18-10-2019,7.29,Pathfinder,0,4,215,6
7-12-2019,21.47,Lifeline,8,7,1476,17
22-6-2021,8.63,Lifeline,3,4,1128,10
23-12-2019,10.03,Bloodhound,5,4,1768,8
30-5-2022,14.09,Gibraltar,14,11,4525,3
8-12-2019,9.91,Gibraltar,1,16,1749,16
20-4-2022,19.19,Bloodhound,3,7,1928,18
24-6-2021,17.77,Gibraltar,2,11,1163,13
31-3-2022,14.09,Bangalore,5,3,579,9
22-11-2021,28.26,Gibraltar,6,5,1797,14
8-10-2019,26.78,Ash,9,12,4219,16
3-10-2020,22.44,Pathfinder,7,4,2034,4
25-1-2020,23.6,Pathfinder,8,7,1983,3
1-10-2021,23.84,Pathfinder,3,9,2291,4
16-6-2021,2.84,Lifeline,2,6,1022,12
25-2-2020,8.65,Ash,3,2,743,9
21-7-2021,19.07,Wraith,1,18,1133,13
28-1-2020,25.02,Ash,3,3,419,2
5-12-2022,22.16,Ash,17,8,4682,4
27-10-2022,15.3,Gibraltar,4,2,376,6
27-12-2019,3.44,Ash,3,5,784,5
9-8-2021,28.35,Lifeline,3,4,397,15
19-4-2021,1.91,Gibraltar,1,7,804,16
27-1-2020,0.96,Ash,6,2,1300,17
1-12-2022,10.88,Bangalore,10,1,1547,2
25-7-2021,19.68,Wraith,3,1,927,7
3-9-2020,14.81,Bloodhound,2,9,594,18
24-7-2020,3.94,Bloodhound,3,7,1292,11
10-9-2022,19.94,Ash,11,1,1507,2
3-8-2022,17.9,Ash,5,1,644,8
9-11-2019,1.12,Wraith,0,2,209,4
21-3-2022,9.33,Wraith,9,3,1408,5
12-6-2019,23.41,Bangalore,2,2,466,5
21-11-2020,24.33,Pathfinder,7,10,3388,2
14-11-2020,5.6,Pathfinder,2,1,437,13
29-8-2019,3.42,Bloodhound,6,6,1108,4
1-12-2021,10.52,Pathfinder,3,13,1662,16
16-6-2019,15.32,Bloodhound,2,6,728,5
2-7-2021,9.96,Bangalore,14,17,5194,19
6-6-2021,2.65,Wraith,10,0,971,6
8-6-2020,7.2,Lifeline,13,0,1549,11
22-1-2022,19.4,Bangalore,3,12,2818,14
28-8-2019,1.3,Ash,0,8,873,4
18-6-2020,9.19,Bangalore,2,0,278,4
23-3-2019,24.17,Bloodhound,4,4,1324,6
9-4-2019,6.19,Lifeline,13,0,1528,10
1-5-2019,1.98,Bangalore,0,6,816,12
1-9-2022,27.8,Bangalore,2,16,1859,5
18-11-2019,14.18,Gibraltar,1,1,192,14
16-10-2020,0.07,Ash,1,16,2546,9
6-4-2021,5.6,Pathfinder,9,3,1880,16
29-7-2022,21.59,Lifeline,12,3,1872,18
24-12-2019,6.24,Lifeline,2,0,221,1
6-3-2022,5.24,Ash,0,0,0,12
8-12-2021,26.14,Bangalore,2,2,559,12
27-11-2021,21.4,Ash,4,6,1855,11
10-11-2021,18.02,Wraith,2,7,1005,12
17-5-2021,8.13,Pathfinder,1,3,552,2
17-7-2021,4.26,Ash,3,3,1248,9
12-8-2020,17.04,Bangalore,13,1,2697,2
27-3-2021,15.06,Bloodhound,4,7,2128,16
30-7-2019,17.48,Bloodhound,2,3,311,5
5-11-2020,16.75,Bangalore,2,11,2020,14
26-12-2022,0.87,Bangalore,2,1,514,10
30-7-2021,19.59,Bloodhound,9,16,2909,3
8-3-2019,16.37,Pathfinder,5,6,1034,1
8-12-2022,20.93,Wraith,15,5,1717,4
28-7-2022,1.21,Pathfinder,0,8,773,9
20-12-2019,24.45,Ash,8,2,716,2
9-6-2021,12.32,Gibraltar,11,3,2744,11
11-4-2020,8.12,Bloodhound,1,2,452,11
14-3-2022,10.4,Bloodhound,1,9,1858,6
8-6-2020,15.77,Ash,1,6,364,14
29-7-2019,5.06,Lifeline,19,2,2007,18
22-3-2022,3.77,Gibraltar,0,0,0,7
26-5-2022,26.07,Ash,2,2,749,19
14-2-2020,15.89,Ash,9,3,1298,15
21-5-2019,14.69,Bangalore,3,1,426,3
29-12-2022,11.19,Gibraltar,4,9,2599,2
31-10-2020,7.65,Ash,14,0,2363,19
16-9-2022,25.37,Wraith,7,9,1296,7
17-9-2022,14.34,Wraith,12,14,4552,3
4-6-2020,10.76,Bangalore,5,3,905,6
9-3-2020,9.54,Bloodhound,0,4,605,8
30-3-2020,7.91,Pathfinder,6,9,985,19
23-2-2019,28.06,Gibraltar,3,4,1424,9
21-6-2021,1.48,Bloodhound,1,10,1466,9
18-9-2020,8.47,Ash,1,1,343,15
18-11-2020,23.29,Pathfinder,2,4,941,6
17-7-2019,24.8,Wraith,8,4,1616,12
14-10-2019,19.39,Bloodhound,1,15,2150,12
1-9-2020,17.73,Ash,1,2,515,7
22-7-2020,8.92,Bloodhound,9,2,1757,1
20-10-2019,3.55,Bangalore,0,5,797,12
12-8-2020,29.79,Wraith,16,3,1779,20
16-11-2022,7.66,Ash,3,16,2463,1
29-7-2022,6.29,Lifeline,11,2,2313,1
24-12-2019,11.27,Wraith,2,12,2151,18
27-2-2019,16.22,Pathfinder,16,1,3511,1
6-5-2019,3.24,Lifeline,9,0,1407,8
28-4-2019,0.12,Wraith,0,4,302,6
14-12-2020,4.43,Bangalore,10,7,3094,5
9-9-2022,0.78,Pathfinder,0,0,0,11
29-7-2019,0.75,Bangalore,0,1,193,17
6-6-2020,24.37,Wraith,4,3,1199,9
18-4-2021,21.91,Lifeline,5,19,3027,16
28-10-2022,23.18,Lifeline,2,12,2035,6
20-4-2022,27.65,Wraith,4,14,3307,12
1-9-2019,14.92,Pathfinder,3,17,2120,13
17-7-2019,10.57,Lifeline,16,2,1286,1
22-7-2020,21.81,Bloodhound,12,11,3723,1
14-11-2022,15.21,Bangalore,4,4,883,6
8-4-2020,11.7,Pathfinder,1,3,517,16
9-1-2021,5.47,Bangalore,12,4,2046,8
20-10-2020,25.82,Bloodhound,9,6,1739,16
22-11-2019,15.46,Bloodhound,1,11,2321,19
18-10-2020,19.06,Bloodhound,1,3,275,6
27-9-2019,7.12,Lifeline,7,0,1360,19
21-12-2022,0.52,Lifeline,0,5,728,20
17-12-2022,11.43,Wraith,2,1,262,2
28-11-2020,24.9,Bangalore,8,3,2274,10
12-2-2019,22.18,Wraith,5,11,1406,2
8-3-2019,13.9,Pathfinder,7,12,3643,2
17-3-2019,4.35,Gibraltar,9,2,1714,17
8-11-2021,1.16,Bloodhound,7,0,521,15
1-9-2021,11.62,Bangalore,8,9,2502,4
7-11-2022,28.85,Gibraltar,5,8,1284,4
14-5-2021,4.37,Bloodhound,2,15,2194,5
14-1-2022,3.07,Bangalore,4,2,528,15
30-4-2019,13.49,Pathfinder,4,2,463,14
17-7-2019,12.81,Ash,1,3,610,6
9-12-2022,2.11,Gibraltar,5,10,2523,15
17-8-2022,17.94,Pathfinder,7,11,1977,3
8-11-2020,15.1,Wraith,5,4,1312,13
3-10-2020,21.85,Gibraltar,9,15,1578,3
9-4-2020,21.03,Bloodhound,4,3,735,18
21-2-2022,18.54,Bloodhound,7,5,2176,19
25-3-2020,14.63,Wraith,5,4,1777,1
3-11-2021,6.52,Ash,6,5,1919,18
24-4-2021,24.41,Lifeline,7,6,2497,13
2-9-2020,15.29,Ash,9,12,4137,5
16-6-2019,6.76,Pathfinder,3,7,1018,11
6-3-2021,24.7,Bangalore,8,7,1395,12
9-12-2020,11.37,Bloodhound,1,2,613,6
26-11-2020,13.88,Bloodhound,15,3,3937,17
18-1-2021,26.3,Bangalore,10,10,1077,16
25-4-2019,18.29,Wraith,3,2,520,3
17-6-2020,9.02,Bloodhound,6,3,1407,3
7-9-2020,2.33,Bangalore,0,2,165,18
10-7-2020,26.5,Pathfinder,2,6,1106,2
21-3-2020,19.56,Bangalore,14,10,4692,10
22-5-2020,11.55,Gibraltar,11,7,2235,9
19-10-2022,25.88,Lifeline,6,5,2302,5
27-1-2022,10.71,Bangalore,5,2,1331,9
19-5-2022,11.57,Pathfinder,8,2,1707,14
4-8-2020,27.86,Bangalore,4,2,612,4
21-8-2020,7.52,Wraith,0,3,180,18
20-5-2022,19.24,Ash,3,18,3288,17
18-1-2020,27.38,Pathfinder,13,14,3872,2
5-10-2019,29.24,Wraith,4,6,2093,3
4-9-2022,28.01,Gibraltar,9,3,1200,10
6-10-2022,4.13,Ash,2,3,462,8
12-5-2019,27.59,Pathfinder,2,16,1370,20
8-9-2021,7.73,Bangalore,3,10,2016,16
27-11-2022,1.86,Lifeline,1,4,349,13
5-7-2020,28.45,Lifeline,2,4,566,14
4-11-2021,22.81,Bloodhound,6,10,2950,15
9-8-2021,3.58,Lifeline,18,7,2707,12
2-8-2021,6.62,Wraith,1,9,676,15
14-12-2020,24.07,Gibraltar,3,4,477,7
31-8-2022,13.74,Pathfinder,10,4,2445,6
21-12-2022,10.58,Bloodhound,1,4,253,11
19-9-2021,23.58,Ash,10,5,3210,12
21-5-2019,8.01,Lifeline,11,6,3227,20
19-3-2022,6.26,Lifeline,16,0,3595,1
14-11-2019,16.73,Lifeline,3,4,1327,3
3-8-2019,6.67,Ash,2,2,470,15
23-10-2021,3.24,Bangalore,1,2,218,17
27-11-2022,13.93,Wraith,2,11,789,1
14-5-2022,15.58,Bloodhound,3,1,268,18
12-12-2022,13.84,Bangalore,4,2,412,20
22-4-2021,2.45,Ash,4,3,979,7
18-12-2022,16.56,Wraith,8,1,1399,18
12-8-2019,12.21,Ash,11,15,4460,6
11-9-2021,4.1,Ash,0,5,695,17
30-1-2020,5.7,Wraith,14,6,2232,20
10-8-2019,5.07,Pathfinder,2,0,240,2
16-2-2020,12.98,Ash,1,8,1648,20
21-4-2019,26.36,Bloodhound,8,10,2850,19
11-2-2021,19.47,Wraith,3,8,623,16
24-7-2022,3.47,Wraith,6,6,1395,15
30-9-2020,21.0,Bangalore,5,5,1670,2
16-10-2021,15.32,Gibraltar,12,1,1131,13
18-3-2022,1.29,Bangalore,4,13,1224,18
9-10-2022,28.88,Wraith,4,5,1915,5
26-3-2020,17.3,Gibraltar,12,12,3013,11
24-3-2019,16.57,Pathfinder,3,4,514,6
18-7-2021,24.94,Bloodhound,3,13,2829,17
22-5-2019,17.17,Bangalore,1,3,719,9
15-12-2021,12.38,Lifeline,7,2,1382,7
8-11-2020,9.42,Gibraltar,4,8,2352,17
10-5-2022,26.47,Wraith,5,3,1190,10
24-4-2020,0.44,Ash,8,1,691,10
9-1-2021,25.61,Gibraltar,7,2,963,1
23-12-2022,2.5,Pathfinder,1,0,87,1
15-8-2019,0.44,Lifeline,0,3,330,4
26-3-2022,0.69,Wraith,10,3,2517,7
25-9-2020,2.79,Wraith,2,0,282,8
17-11-2021,26.88,Gibraltar,6,5,2123,5
21-4-2022,2.98,Pathfinder,5,4,1792,17
16-7-2021,1.9,Bloodhound,6,14,3425,20
7-5-2022,1.22,Ash,5,10,2082,7
8-8-2019,2.76,Pathfinder,8,2,1904,17
18-5-2022,4.22,Lifeline,5,6,1759,11
25-9-2020,0.84,Gibraltar,2,0,226,5
14-6-2022,29.94,Lifeline,15,11,4876,17
27-7-2021,10.1,Pathfinder,10,2,668,11
14-6-2021,27.52,Ash,3,2,790,3
16-9-2020,9.32,Bangalore,0,5,826,13
15-8-2019,8.5,Lifeline,12,2,2910,17
6-7-2019,5.88,Ash,1,2,157,12
