26-7-2019,15.03,Bangalore,1,0,176,18
12-5-2021,10.71,Bloodhound,4,2,382,6
18-8-2022,9.6,Bangalore,3,4,943,16
18-3-2022,20.57,Revenant,7,4,1927,20
25-1-2020,27.62,Bangalore,7,7,984,6
15-10-2019,1.9,Crypto,8,8,1243,7
19-12-2022,16.51,Ash,14,15,3735,20
3-11-2020,11.37,Lifeline,2,0,304,16
28-8-2019,25.55,Wraith,5,1,800,12
31-1-2022,0.88,Mirage,2,2,428,5
15-6-2022,18.86,Bangalore,9,3,1129,17
28-10-2021,0.91,Bangalore,5,7,2470,8
16-10-2021,16.21,Wraith,5,6,2201,7
19-3-2021,12.1,Ash,6,6,2210,14
17-3-2021,12.7,Lifeline,3,8,1386,16
20-2-2021,0.4,Pathfinder,4,2,816,13
9-9-2021,13.57,Pathfinder,3,3,498,3
22-4-2020,20.64,Gibraltar,4,9,2778,15
22-1-2022,7.84,Pathfinder,5,5,1171,13
13-1-2020,14.9,Lifeline,6,7,1727,6
7-11-2022,28.62,Revenant,9,9,3443,20
7-4-2020,23.22,Lifeline,6,1,1699,11
1-6-2020,16.09,Wraith,1,8,1501,15
7-1-2022,18.54,Bangalore,3,6,1419,7
10-8-2019,16.09,Mirage,9,3,2181,19
3-11-2021,6.74,Pathfinder,6,12,3587,1
17-12-2022,25.18,Wraith,6,7,2160,18
6-1-2020,20.93,Lifeline,13,6,2979,4
3-12-2022,13.19,Bangalore,1,1,375,11
26-11-2020,2.38,Lifeline,5,1,549,8
24-7-2019,14.17,Ash,5,11,1684,18
16-10-2020,17.89,Wraith,4,6,1362,1
3-10-2021,19.85,Bloodhound,6,5,2053,16
29-10-2022,14.5,Gibraltar,6,6,2953,10
10-2-2022,28.47,Pathfinder,9,6,3371,17
5-3-2022,1.24,Gibraltar,5,8,2024,5
23-2-2022,29.95,Pathfinder,5,4,2203,19
12-5-2022,12.62,Pathfinder,5,4,1450,7
22-12-2022,19.04,Crypto,5,10,2053,4
14-4-2021,21.82,Bangalore,6,5,2385,17
23-9-2020,26.92,Bangalore,6,10,2330,13
6-12-2019,23.75,Mirage,12,15,4775,13
18-12-2021,2.7,Mirage,0,0,0,2
27-8-2020,6.08,Wraith,4,1,1151,12
13-10-2022,28.93,Gibraltar,8,5,1598,18
9-10-2020,15.8,Wraith,5,5,1640,15
25-5-2020,1.11,Pathfinder,6,6,1278,12
5-1-2021,5.09,Wraith,6,5,1381,5
12-6-2020,23.68,Crypto,7,8,2154,12
3-12-2021,3.1,Bangalore,4,4,1047,14
28-4-2021,28.9,Gibraltar,3,1,837,1
16-11-2019,6.79,Revenant,6,5,2657,4
17-1-2022,7.39,Lifeline,7,4,2629,2
24-2-2019,16.95,Lifeline,7,6,2785,18
10-10-2020,28.85,Bangalore,7,8,1830,19
31-10-2020,5.15,Revenant,9,7,3026,3
27-11-2021,11.99,Pathfinder,6,3,1234,7
5-9-2022,3.66,Gibraltar,2,6,1247,13
25-1-2020,3.42,Bangalore,7,2,1743,14
11-7-2022,23.43,Gibraltar,5,4,2082,15
17-4-2020,15.92,Gibraltar,7,8,3990,3
11-9-2020,15.55,Pathfinder,5,7,2644,15
1-10-2019,16.12,Ash,8,7,3505,1
27-6-2019,14.63,Mirage,0,0,0,13
3-12-2020,13.63,Crypto,4,4,1481,1
12-7-2022,14.77,Pathfinder,3,4,1137,19
16-2-2020,27.41,Bangalore,6,4,2553,16
27-8-2021,17.65,Mirage,4,4,1908,12
3-2-2021,28.83,Gibraltar,7,12,4035,9
28-7-2022,10.68,Gibraltar,8,10,3101,5
20-9-2019,26.18,Pathfinder,0,4,816,2
28-12-2022,15.26,Mirage,2,5,1211,15
24-7-2020,17.9,Gibraltar,2,4,1462,6
18-8-2021,28.93,Lifeline,6,4,2169,15
7-6-2019,25.89,Ash,6,9,3535,9
1-9-2022,21.33,Crypto,6,10,2260,5
3-6-2022,16.76,Pathfinder,7,7,1993,4
8-8-2021,14.84,Wraith,1,0,237,15
8-5-2019,17.28,Ash,5,2,1936,13
9-2-2019,15.83,Ash,4,7,2729,3
18-12-2019,10.41,Gibraltar,6,6,2005,19
27-7-2022,24.16,Mirage,13,6,3152,3
29-10-2019,22.79,Pathfinder,6,7,3250,11
15-4-2019,28.99,Pathfinder,8,6,3840,11
7-3-2021,4.62,Mirage,4,5,2156,1
30-9-2022,10.34,Bloodhound,1,3,1012,1
14-11-2022,16.24,Wraith,5,3,1875,8
14-8-2020,3.3,Ash,7,4,1977,10
5-6-2022,21.96,Pathfinder,9,5,4043,8
6-11-2019,13.3,Wraith,7,8,4254,10
2-11-2022,29.76,Lifeline,9,10,3502,3
24-9-2021,17.02,Revenant,1,2,631,12
16-12-2021,27.6,Revenant,3,2,1051,10
26-11-2019,4.6,Wraith,2,8,2671,11
11-7-2020,15.92,Revenant,10,4,3494,15
6-8-2021,5.87,Pathfinder,5,8,2886,5
14-4-2019,23.87,Crypto,12,10,3952,5
8-7-2021,10.93,Ash,8,7,2902,4
1-4-2022,24.65,Bloodhound,1,4,1265,16
2-3-2022,10.47,Revenant,9,1,2280,2
25-12-2022,0.73,Crypto,4,7,2389,18
31-8-2019,25.92,Wraith,3,4,1291,14
7-12-2020,15.31,Ash,5,6,3094,11
24-8-2021,3.05,Gibraltar,5,7,2718,11
30-12-2019,5.32,Mirage,7,6,3510,9
12-12-2020,26.89,Revenant,7,0,1542,15
27-1-2021,28.71,Crypto,1,2,524,3
12-3-2019,29.52,Lifeline,4,4,2152,20
6-11-2021,11.8,Pathfinder,8,6,3738,20
2-3-2021,13.74,Wraith,4,8,3672,19
18-11-2019,13.08,Lifeline,11,7,5864,10
4-7-2019,11.96,Ash,12,10,3682,17
30-7-2021,9.5,Bloodhound,3,0,723,12
22-12-2021,25.07,Pathfinder,3,9,2362,10
2-2-2021,27.21,Crypto,2,2,1185,10
8-4-2021,8.75,Gibraltar,4,5,1808,5
30-3-2020,11.71,Gibraltar,5,10,3698,7
22-2-2019,7.2,Gibraltar,9,5,2741,20
19-6-2020,27.52,Gibraltar,7,10,3414,3
22-3-2020,25.66,Ash,2,2,1097,20
22-7-2021,8.87,Revenant,2,3,1191,4
17-9-2019,3.72,Revenant,4,2,1687,11
15-7-2021,21.99,Bloodhound,4,8,3072,9
9-11-2020,2.26,Lifeline,12,4,4237,10
21-11-2021,13.07,Ash,6,6,2157,20
9-6-2020,18.12,Gibraltar,7,7,4497,2
9-5-2021,26.62,Revenant,2,0,705,20
8-7-2019,26.82,Crypto,5,8,3357,4
25-3-2019,5.63,Bloodhound,2,7,2138,18
20-9-2020,16.69,Revenant,5,9,2605,13
27-3-2020,3.67,Bloodhound,9,5,3489,7
17-11-2020,12.17,Gibraltar,5,6,3249,16
12-2-2020,26.42,Wraith,10,10,5929,6
15-12-2019,26.65,Lifeline,8,4,3617,2
1-12-2020,19.8,Revenant,1,2,799,14
3-8-2019,25.57,Wraith,4,2,1458,5
18-5-2021,2.73,Gibraltar,3,10,2716,12
20-4-2019,19.52,Mirage,5,9,3933,14
28-3-2020,18.05,Bangalore,13,6,4734,17
15-2-2019,3.9,Mirage,10,8,4452,9
1-10-2020,20.37,Gibraltar,4,1,1311,20
25-5-2022,19.35,Gibraltar,2,2,1021,10
4-5-2020,18.62,Crypto,5,6,2804,1
23-9-2021,24.0,Pathfinder,10,5,3439,3
17-3-2019,15.3,Wraith,6,5,2730,11
21-3-2021,8.02,Gibraltar,6,12,5373,6
27-11-2021,9.16,Bloodhound,7,6,3554,9
19-8-2021,1.61,Pathfinder,2,0,521,7
16-10-2020,6.8,Gibraltar,9,3,3097,15
11-11-2021,6.96,Ash,2,3,1424,11
21-4-2020,27.63,Bangalore,4,4,1760,20
4-7-2021,23.01,Bangalore,6,5,3061,17
31-12-2020,6.33,Mirage,5,11,3282,19
3-7-2019,21.73,Pathfinder,7,8,5390,4
12-11-2021,22.32,Wraith,2,1,979,18
7-7-2019,10.08,Mirage,2,1,1027,6
23-2-2022,23.62,Revenant,9,7,5455,11
19-1-2022,9.91,Gibraltar,3,4,1783,11
25-7-2020,22.3,Bloodhound,4,6,2914,2
5-2-2021,29.16,Lifeline,10,7,4658,15
17-3-2022,14.66,Revenant,6,9,3254,17
29-6-2022,25.1,Revenant,3,4,2449,9
26-2-2021,10.15,Bloodhound,1,3,1286,10
24-9-2021,23.54,Bloodhound,6,4,3496,3
16-5-2022,1.08,Ash,3,6,3156,12
17-4-2019,25.43,Pathfinder,6,9,4020,4
4-10-2019,23.11,Wraith,6,8,3449,5
21-11-2022,28.26,Pathfinder,6,9,3527,19
22-5-2022,22.81,Ash,7,5,2905,14
19-6-2021,3.71,Gibraltar,4,3,2452,11
18-9-2021,9.04,Crypto,9,3,3324,18
19-11-2022,17.23,Ash,3,3,2206,19
2-11-2021,21.17,Mirage,4,4,2897,9
23-3-2020,16.31,Bloodhound,7,10,5869,4
30-5-2022,18.88,Wraith,10,8,5921,16
30-12-2020,19.2,Crypto,1,5,1740,16
16-11-2021,22.55,Revenant,3,2,1900,11
2-11-2020,0.85,Bangalore,4,9,4005,19
25-2-2022,27.52,Wraith,11,5,4631,3
19-7-2021,15.02,Pathfinder,4,12,4554,4
21-9-2019,5.54,Bloodhound,9,9,5276,15
27-9-2020,22.55,Mirage,8,7,3608,10
5-7-2022,0.69,Crypto,0,6,1603,9
10-7-2019,2.35,Bangalore,4,2,1689,11
4-9-2020,26.6,Crypto,6,5,3524,5
5-3-2020,10.78,Lifeline,5,3,2949,16
7-7-2021,8.57,Mirage,8,6,5115,14
23-10-2019,1.38,Bloodhound,7,12,5641,14
30-12-2021,24.76,Crypto,10,9,6533,20
22-2-2021,3.83,Gibraltar,1,0,403,20
2-3-2020,16.7,Ash,5,6,2842,6
13-7-2021,9.59,Gibraltar,4,5,2648,1
17-7-2020,2.72,Crypto,3,7,2783,12
24-12-2021,26.54,Gibraltar,6,6,3091,4
29-10-2021,6.93,Mirage,12,7,6967,19
29-4-2020,2.77,Bangalore,11,8,6919,12
14-8-2020,13.2,Bangalore,1,2,892,2
29-9-2020,8.21,Wraith,6,1,2287,4
15-6-2022,12.16,Crypto,6,8,4578,11
17-3-2022,16.94,Gibraltar,4,3,2519,4
27-8-2022,13.92,Bangalore,5,4,1507,6
17-11-2020,6.77,Bangalore,6,9,2711,1
30-7-2020,25.16,Crypto,9,8,2743,9
13-10-2021,5.42,Pathfinder,5,0,374,13
8-4-2022,10.58,Ash,3,1,336,8
2-2-2020,22.39,Crypto,2,6,1595,19
31-3-2022,29.04,Pathfinder,4,6,879,18
1-10-2020,26.6,Wraith,6,6,2180,2
1-4-2019,0.12,Wraith,6,9,3234,11
13-11-2020,5.29,Wraith,6,8,1850,16
18-8-2021,20.46,Bangalore,4,3,762,4
22-10-2021,2.62,Revenant,7,3,948,12
22-2-2022,5.31,Mirage,7,8,1479,7
13-7-2019,0.87,Pathfinder,3,3,494,10
14-11-2022,25.27,Lifeline,7,4,2096,14
10-12-2022,12.92,Crypto,5,6,1489,19
26-2-2021,7.69,Wraith,9,6,1158,9
3-2-2022,28.85,Pathfinder,4,5,1296,7
15-5-2019,28.31,Bangalore,4,6,2209,2
12-7-2020,6.55,Gibraltar,5,3,1643,9
19-12-2019,26.32,Wraith,4,10,2630,15
26-3-2021,6.14,Crypto,4,5,1212,11
17-5-2021,12.47,Ash,6,6,1171,3
10-6-2021,8.68,Lifeline,6,13,1585,20
23-8-2019,24.97,Gibraltar,3,0,510,19
14-8-2021,8.99,Bangalore,2,5,1598,18
25-4-2020,5.62,Bloodhound,2,4,1274,11
31-12-2020,29.39,Ash,5,3,1129,7
14-3-2021,0.85,Gibraltar,5,4,1135,19
23-2-2019,29.68,Pathfinder,6,9,3556,7
3-9-2021,8.25,Wraith,9,11,2696,9
15-1-2022,28.89,Mirage,0,8,1448,16
26-9-2019,13.32,Revenant,1,4,930,13
13-7-2020,18.51,Ash,5,4,2116,15
17-3-2020,24.13,Wraith,4,5,1946,6
1-1-2021,17.0,Pathfinder,4,4,1199,12
6-10-2021,1.57,Bangalore,5,5,1605,2
12-1-2021,6.45,Crypto,8,10,1745,12
18-9-2022,26.64,Pathfinder,2,0,300,17
12-5-2019,1.18,Gibraltar,4,1,1195,16
1-4-2020,18.89,Gibraltar,8,10,4086,1
28-4-2019,17.47,Mirage,4,11,2257,3
19-2-2019,20.66,Wraith,12,5,1684,18
26-3-2021,5.05,Bangalore,6,12,2250,8
20-5-2021,6.35,Bloodhound,11,6,1716,7
13-5-2022,15.53,Crypto,5,3,1025,20
11-12-2021,9.41,Mirage,1,1,390,7
26-1-2021,7.49,Gibraltar,4,2,1077,7
23-4-2022,15.26,Mirage,5,6,1608,13
23-3-2019,10.9,Pathfinder,6,6,1891,8
11-11-2020,13.01,Mirage,13,7,2719,5
21-10-2019,28.2,Crypto,7,7,2318,7
23-2-2021,19.25,Bangalore,1,1,324,11
8-7-2022,3.64,Crypto,1,8,1000,5
28-7-2022,23.06,Mirage,7,3,2500,7
7-3-2019,18.29,Lifeline,6,5,2178,2
3-12-2022,27.8,Wraith,4,6,1597,11
13-8-2019,10.02,Wraith,5,10,3263,15
9-9-2020,3.01,Lifeline,11,12,3635,18
30-12-2021,20.44,Bangalore,3,5,1340,7
7-7-2022,26.15,Pathfinder,11,3,3454,13
27-7-2019,0.9,Mirage,5,4,2371,2
11-2-2022,21.33,Lifeline,7,4,1628,2
6-8-2021,28.02,Revenant,4,6,1248,3
22-5-2020,6.03,Revenant,10,10,5581,11
19-6-2019,5.5,Mirage,7,7,1856,7
13-4-2021,1.42,Bloodhound,0,1,138,15
19-4-2019,27.85,Bangalore,2,1,678,1
2-6-2019,3.56,Ash,8,6,2113,5
30-7-2020,15.15,Bloodhound,6,3,1807,2
29-6-2020,5.39,Mirage,6,6,1694,8
1-8-2022,24.88,Bangalore,5,12,3584,7
17-10-2022,3.41,Crypto,7,10,3269,20
11-8-2021,26.14,Revenant,3,2,758,4
7-11-2019,1.06,Ash,4,1,891,9
16-2-2022,27.77,Bangalore,3,9,2991,16
29-7-2021,1.76,Bloodhound,9,4,3086,15
7-7-2019,10.33,Bangalore,4,6,2400,17
26-7-2020,20.69,Bloodhound,6,8,3433,9
5-5-2022,27.75,Lifeline,7,6,3069,17
18-7-2021,18.53,Bangalore,1,0,279,3
27-2-2022,17.38,Revenant,2,3,879,8
21-6-2020,16.38,Gibraltar,3,4,1332,2
2-12-2019,18.26,Bloodhound,4,8,2096,3
22-6-2020,16.73,Bloodhound,8,12,4293,13
14-4-2019,26.94,Lifeline,13,6,4697,10
15-12-2020,28.36,Lifeline,10,9,5432,19
3-9-2019,21.65,Wraith,1,3,1067,11
21-7-2020,12.09,Ash,1,1,421,5
5-5-2021,29.77,Lifeline,10,11,5016,2
8-6-2021,14.21,Bangalore,8,6,3509,17
8-11-2020,10.73,Lifeline,5,8,3308,10
29-11-2020,2.98,Revenant,5,9,3566,2
26-9-2021,27.77,Ash,7,11,5354,11
19-11-2020,5.69,Bloodhound,0,1,167,19
21-2-2019,18.86,Crypto,9,2,2219,4
12-2-2020,24.5,Wraith,3,4,1641,10
9-7-2021,18.21,Ash,8,7,2932,14
30-7-2019,19.44,Wraith,5,10,4227,12
21-4-2020,11.83,Revenant,12,11,5318,1
16-2-2021,5.83,Lifeline,6,8,2296,2
31-5-2020,23.88,Lifeline,0,1,158,5
29-6-2021,19.99,Gibraltar,3,2,1386,18
21-11-2021,15.59,Bangalore,4,9,2474,17
27-3-2020,9.43,Ash,4,5,1885,19
18-2-2022,9.92,Pathfinder,4,8,2789,9
18-6-2019,14.57,Bangalore,11,5,3874,2
6-3-2021,22.78,Pathfinder,6,6,3573,17
26-3-2022,3.22,Bangalore,0,0,0,7
5-11-2022,0.12,Revenant,6,1,1263,12
23-4-2021,16.07,Ash,2,5,2124,8
18-5-2020,2.09,Mirage,8,3,2172,7
19-6-2019,25.19,Pathfinder,8,5,3459,19
9-9-2021,12.46,Crypto,7,5,3454,1
26-10-2019,12.65,Lifeline,7,8,2986,18
26-8-2022,19.56,Gibraltar,3,0,1050,20
28-6-2021,6.87,Revenant,1,2,518,13
19-9-2022,6.69,Ash,5,5,2514,9
27-7-2021,1.44,Pathfinder,11,9,6675,9
3-3-2020,2.07,Crypto,4,6,2081,20
14-5-2020,17.02,Wraith,6,7,2652,15
10-7-2019,29.09,Ash,15,13,6485,2
27-1-2021,7.39,Revenant,1,1,362,5
12-5-2020,2.0,Gibraltar,6,1,1722,19
10-8-2020,8.77,Lifeline,4,2,1920,7
1-7-2021,1.02,Gibraltar,9,4,2578,2
4-10-2020,13.99,Gibraltar,8,7,3918,4
9-3-2021,14.71,Mirage,8,7,3572,13
22-9-2022,27.01,Gibraltar,8,15,4549,18
17-2-2019,11.9,Pathfinder,7,1,2903,10
1-11-2022,28.65,Bangalore,5,4,1817,20
13-1-2022,11.49,Gibraltar,3,8,3470,4
17-1-2021,11.86,Gibraltar,11,5,4765,14
14-3-2021,7.94,Revenant,4,7,3042,15
30-5-2020,24.44,Pathfinder,5,6,2832,17
10-12-2021,26.34,Lifeline,6,10,5068,6
20-3-2022,26.32,Crypto,5,1,1180,10
23-11-2021,19.07,Wraith,2,2,1266,6
7-5-2022,27.05,Crypto,5,6,3061,3
14-9-2019,18.05,Gibraltar,5,9,2997,7
19-2-2020,16.94,Gibraltar,13,9,4431,5
25-4-2021,26.87,Ash,9,5,4972,16
5-6-2020,16.52,Crypto,9,10,5889,8
21-6-2020,11.56,Pathfinder,4,2,1773,15
15-4-2019,14.76,Wraith,3,2,1654,17
29-5-2020,26.2,Bloodhound,3,8,2693,17
24-10-2019,11.65,Revenant,9,7,4936,11
20-10-2022,21.69,Gibraltar,5,11,5393,20
19-12-2021,10.51,Crypto,8,6,4909,6
1-6-2019,3.23,Pathfinder,11,11,6754,6
25-7-2021,22.11,Mirage,2,4,1571,9
11-12-2020,25.67,Wraith,2,2,952,13
13-9-2021,28.87,Mirage,3,6,2462,6
27-5-2019,0.58,Gibraltar,6,9,3965,2
12-3-2020,17.42,Bloodhound,9,7,3372,14
13-9-2021,21.53,Wraith,8,5,4101,17
29-12-2022,22.47,Ash,9,9,5142,13
15-11-2022,24.09,Bloodhound,0,9,2683,10
29-7-2022,27.52,Crypto,4,1,1787,1
20-8-2022,19.91,Gibraltar,7,5,3864,1
3-6-2022,13.62,Mirage,3,6,2290,14
8-4-2020,20.11,Wraith,6,12,4168,3
23-4-2019,8.32,Revenant,7,8,5121,16
23-12-2022,5.75,Bloodhound,12,9,4637,16
5-4-2020,25.52,Bloodhound,2,7,2794,10
27-8-2022,25.95,Revenant,1,2,880,15
21-5-2019,22.92,Pathfinder,2,4,1899,9
9-1-2022,11.84,Gibraltar,5,5,2312,15
3-12-2021,14.8,Gibraltar,7,4,3512,9
5-6-2021,9.06,Crypto,8,6,4593,18
11-10-2021,24.43,Bangalore,9,9,4478,2
26-9-2019,1.96,Mirage,2,1,1170,5
24-1-2021,16.41,Mirage,4,2,2125,1
4-11-2021,11.24,Pathfinder,2,3,1314,18
9-9-2022,8.15,Pathfinder,6,6,3403,20
9-10-2020,23.53,Crypto,8,9,5230,5
26-11-2020,11.97,Bangalore,5,7,2758,19
25-8-2021,4.01,Bloodhound,6,6,4632,17
30-3-2020,13.88,Mirage,2,1,1067,16
17-10-2022,21.47,Ash,2,2,1499,2
27-9-2019,3.1,Bangalore,2,7,3098,15
16-6-2021,6.53,Bloodhound,7,5,3773,17
27-5-2019,10.99,Pathfinder,5,4,2384,7
12-5-2022,15.9,Ash,7,9,6248,19
21-8-2022,1.47,Bloodhound,6,6,2895,1
4-1-2022,3.44,Ash,3,0,950,5
27-8-2019,6.99,Revenant,3,5,2306,9
8-11-2021,18.16,Bangalore,7,4,4400,5
23-6-2022,10.29,Wraith,7,3,2870,19
10-11-2022,11.74,Crypto,7,5,4825,18
7-4-2019,16.83,Revenant,11,12,9148,17
23-7-2019,1.78,Ash,9,9,6424,17
16-7-2022,12.13,Bangalore,1,1,503,19
13-6-2019,12.5,Crypto,5,1,1929,16
24-3-2019,2.24,Lifeline,4,9,4744,5
6-5-2020,26.86,Bloodhound,5,4,2760,5
30-10-2019,23.44,Ash,4,9,4117,3
28-6-2021,3.0,Crypto,5,7,3389,1
20-9-2020,10.27,Bangalore,8,7,4387,16
4-4-2020,22.72,Pathfinder,1,8,3176,19
6-11-2019,9.66,Pathfinder,2,2,306,5
9-3-2019,20.24,Bangalore,7,3,700,10
25-12-2020,10.93,Revenant,3,4,605,19
6-1-2021,15.19,Gibraltar,9,5,906,1
29-11-2021,15.99,Mirage,7,5,922,4
12-9-2022,26.81,Lifeline,8,7,1011,1
13-8-2019,4.86,Revenant,0,3,164,3
21-10-2022,4.85,Gibraltar,9,5,2882,13
9-8-2020,3.85,Lifeline,2,5,1081,8
24-8-2021,9.42,Crypto,3,8,1922,12
1-6-2021,0.99,Mirage,5,5,1770,16
2-1-2020,9.04,Mirage,8,5,2029,13
1-6-2021,27.29,Pathfinder,8,11,3155,4
9-11-2021,24.63,Gibraltar,3,4,1048,7
17-7-2022,9.85,Gibraltar,1,8,1058,16
11-4-2019,12.02,Ash,3,2,412,14
20-7-2020,11.49,Gibraltar,6,7,1910,6
29-1-2020,22.32,Crypto,6,7,1131,17
6-12-2022,3.68,Lifeline,7,11,2733,12
20-12-2022,3.55,Crypto,6,6,1029,1
4-5-2019,19.03,Lifeline,1,3,316,1
28-11-2021,2.34,Revenant,6,3,2154,4
17-7-2019,29.19,Revenant,5,2,1131,13
8-3-2022,9.72,Wraith,7,4,2313,7
16-4-2020,29.83,Pathfinder,11,5,1617,18
23-9-2019,24.64,Lifeline,6,15,1858,13
9-10-2022,17.2,Lifeline,7,8,2845,18
21-4-2022,21.02,Gibraltar,2,3,1018,14
3-6-2020,24.1,Bangalore,6,6,1699,11
30-9-2020,16.28,Crypto,2,4,766,16
13-1-2022,7.11,Bloodhound,8,4,2131,7
12-10-2021,11.02,Revenant,13,6,2304,7
30-10-2020,12.16,Mirage,6,6,2827,19
4-8-2020,13.53,Bloodhound,10,7,2030,9
11-10-2019,4.79,Bloodhound,4,6,932,7
7-11-2022,22.31,Bloodhound,1,3,941,9
29-10-2022,29.49,Wraith,3,9,2643,2
19-12-2019,24.94,Revenant,5,4,1232,6
9-8-2021,0.27,Mirage,4,4,1089,15
18-12-2022,14.43,Mirage,11,7,3945,2
27-2-2020,11.45,Mirage,12,7,2537,2
19-2-2019,17.19,Wraith,0,7,1372,17
7-9-2021,24.99,Mirage,9,8,3090,19
20-8-2021,28.22,Pathfinder,7,8,2323,14
16-8-2020,19.54,Bangalore,7,7,2619,17
9-12-2020,23.41,Gibraltar,9,6,2360,7
3-12-2019,29.77,Bangalore,5,7,2532,15
13-10-2020,20.62,Mirage,9,12,5246,13
13-12-2022,15.51,Wraith,0,5,832,3
22-10-2021,16.31,Lifeline,3,2,1023,17
19-2-2022,1.06,Bloodhound,11,4,2379,16
7-6-2020,22.85,Mirage,4,7,1551,13
27-8-2021,17.06,Gibraltar,12,13,3806,7
12-10-2020,18.35,Gibraltar,5,8,2157,12
1-7-2022,3.52,Wraith,7,9,3116,15
2-1-2022,12.05,Bangalore,2,2,1057,2
15-6-2022,17.02,Gibraltar,1,4,858,1
30-1-2020,9.96,Mirage,4,8,1767,20
28-5-2020,18.72,Mirage,8,3,1269,14
16-6-2020,26.9,Ash,8,11,3391,3
21-12-2021,21.83,Revenant,6,7,1585,11
27-7-2019,10.34,Mirage,11,15,5719,12
6-12-2020,22.35,Pathfinder,2,1,445,20
9-7-2022,0.08,Bloodhound,1,5,1318,2
28-4-2021,29.4,Mirage,11,3,3406,9
29-7-2022,6.24,Bloodhound,3,9,2534,3
23-8-2019,10.32,Ash,4,5,1605,8
28-4-2020,23.83,Bangalore,7,5,2042,20
24-9-2019,20.66,Bangalore,12,9,3143,13
14-11-2021,10.72,Bangalore,5,1,1305,15
5-12-2021,4.38,Bangalore,1,3,1010,2
6-9-2021,29.5,Crypto,11,2,2702,17
27-4-2021,13.95,Ash,4,10,3699,16
6-9-2021,1.43,Mirage,5,9,2086,16
13-11-2021,25.98,Pathfinder,8,11,4552,8
20-4-2022,5.15,Ash,7,13,4428,8
5-6-2022,28.44,Lifeline,2,7,2014,16
1-7-2021,5.06,Pathfinder,3,3,1372,15
26-2-2022,4.2,Wraith,5,2,1519,5
12-8-2019,28.0,Pathfinder,8,5,2751,3
17-7-2021,11.44,Pathfinder,6,13,2628,19
6-1-2022,21.04,Lifeline,11,5,3007,10
13-3-2022,16.6,Bangalore,8,10,2934,10
26-3-2020,20.04,Pathfinder,6,5,3178,18
24-5-2020,8.11,Crypto,6,5,1944,2
10-1-2022,27.97,Crypto,3,4,1396,9
5-4-2022,25.27,Revenant,7,6,3088,7
28-4-2019,23.59,Bloodhound,6,5,2750,3
21-9-2021,29.07,Ash,8,11,4983,5
22-4-2019,16.84,Bangalore,6,12,4427,14
3-4-2021,13.41,Ash,5,2,1508,7
20-9-2021,16.05,Ash,2,2,848,6
25-7-2019,24.28,Wraith,11,6,2641,11
9-9-2021,6.21,Pathfinder,11,7,3979,14
22-8-2019,22.58,Wraith,4,10,2576,18
11-5-2021,8.24,Bangalore,5,5,2259,3
9-4-2021,23.19,Gibraltar,7,11,3574,5
12-12-2020,26.96,Bangalore,0,2,401,2
18-2-2020,26.78,Ash,10,6,3464,16
24-4-2021,29.07,Bangalore,2,6,2182,11
28-4-2021,7.89,Mirage,9,10,3564,11
4-12-2022,12.81,Bloodhound,10,6,4909,10
4-6-2022,6.56,Gibraltar,7,10,4988,1
26-7-2019,25.03,Crypto,11,15,8072,16
24-8-2019,17.03,Gibraltar,0,4,937,20
1-8-2020,13.53,Revenant,2,4,1720,7
17-8-2022,0.09,Wraith,7,2,1547,6
9-9-2021,17.15,Ash,8,8,2696,16
27-11-2020,2.2,Wraith,4,4,1515,5
4-8-2021,6.35,Mirage,7,5,3100,13
8-1-2022,7.42,Gibraltar,6,7,3649,1
12-12-2022,11.55,Bloodhound,3,7,2977,20
7-12-2022,1.93,Crypto,5,3,2464,2
25-8-2021,23.74,Gibraltar,3,4,1450,12
5-9-2019,28.97,Revenant,14,11,5587,6
8-10-2022,27.93,Wraith,9,6,4044,6
18-1-2020,12.52,Revenant,5,9,3560,8
19-2-2022,13.43,Pathfinder,12,15,5483,17
3-3-2022,13.42,Bangalore,1,6,1486,13
27-1-2021,29.33,Mirage,3,2,993,5
23-2-2021,20.93,Bloodhound,8,8,4503,20
2-4-2019,12.85,Crypto,7,7,3088,19
4-12-2021,3.55,Lifeline,6,5,3442,13
20-2-2022,0.41,Crypto,6,10,4908,3
22-10-2019,5.19,Crypto,11,9,4007,7
9-3-2019,7.94,Ash,1,0,361,3
6-5-2022,3.8,Gibraltar,2,1,630,19
2-5-2022,18.5,Pathfinder,8,7,4995,13
30-4-2022,3.87,Wraith,5,4,2575,15
2-12-2019,13.42,Lifeline,6,5,3290,1
3-6-2019,28.06,Mirage,7,10,3805,9
17-7-2019,6.41,Mirage,8,6,2638,7
2-7-2022,23.16,Crypto,0,2,419,2
28-4-2022,29.79,Mirage,9,2,3266,12
2-6-2019,26.33,Bloodhound,6,2,2090,16
17-2-2021,22.29,Revenant,5,5,3092,20
9-8-2019,2.77,Crypto,5,4,1897,12
15-6-2022,6.48,Mirage,5,8,4396,8
19-3-2021,0.16,Wraith,14,7,6010,9
3-11-2022,9.25,Bloodhound,8,2,2036,8
27-1-2021,27.09,Bloodhound,2,9,2322,9
1-1-2020,17.77,Crypto,3,4,1954,15
23-9-2020,10.19,Lifeline,3,3,2042,10
23-4-2020,27.68,Bangalore,6,6,3669,3
2-3-2022,4.08,Crypto,11,5,4138,1
26-6-2022,16.94,Pathfinder,15,9,6184,11
18-10-2022,10.12,Gibraltar,1,4,1282,4
30-6-2021,27.03,Pathfinder,1,2,723,11
17-10-2022,23.16,Crypto,2,2,1223,8
4-8-2020,28.22,Crypto,7,7,4875,16
15-4-2022,2.97,Wraith,4,4,2033,12
28-12-2022,26.48,Lifeline,10,7,5272,20
13-12-2022,10.51,Lifeline,8,7,4969,16
27-2-2019,12.92,Bangalore,3,6,2866,3
7-5-2020,13.2,Revenant,2,2,848,18
23-5-2022,18.38,Pathfinder,3,5,1856,2
28-6-2019,14.36,Bloodhound,7,4,3177,7
9-8-2019,29.86,Crypto,5,10,3285,6
27-8-2019,11.08,Bloodhound,10,8,6101,16
12-1-2020,24.19,Ash,7,6,4614,7
19-4-2020,22.05,Gibraltar,2,1,1050,11
4-2-2020,2.25,Crypto,2,2,940,2
1-4-2021,5.59,Pathfinder,5,7,2908,1
17-5-2022,22.33,Pathfinder,7,6,2996,10
18-1-2020,14.06,Pathfinder,6,8,3937,18
1-2-2022,5.4,Crypto,5,7,3295,10
19-6-2022,25.56,Revenant,11,8,5569,13
27-9-2020,18.07,Pathfinder,4,4,2133,9
6-2-2020,4.4,Gibraltar,2,3,1394,5
18-9-2019,11.53,Bloodhound,9,3,4219,16
26-11-2021,20.59,Pathfinder,3,3,2073,5
9-11-2020,21.2,Ash,11,4,5502,9
7-11-2020,11.05,Bloodhound,6,8,4339,4
13-7-2021,3.21,Crypto,6,11,4991,15
11-11-2021,2.79,Mirage,5,0,1481,2
16-3-2019,10.42,Wraith,1,1,481,11
10-8-2020,21.83,Lifeline,4,2,2334,19
10-1-2020,23.04,Pathfinder,4,5,2644,2
20-8-2020,18.56,Crypto,8,11,6207,8
16-9-2022,11.74,Mirage,8,7,3530,9
5-5-2020,11.6,Lifeline,6,14,6074,16
16-6-2021,18.66,Lifeline,0,4,1090,20
13-9-2022,18.78,Pathfinder,2,2,980,3
28-5-2021,12.24,Gibraltar,7,8,5138,13
14-5-2020,0.15,Lifeline,3,5,2496,11
16-9-2020,1.65,Wraith,6,4,3402,1
21-3-2022,6.14,Mirage,5,6,3288,4
29-12-2021,10.95,Pathfinder,8,6,4164,9
16-3-2020,25.63,Lifeline,1,2,819,19
13-3-2019,29.72,Lifeline,2,2,1406,14
18-3-2020,10.05,Wraith,2,6,2216,4
17-4-2019,9.29,Lifeline,4,4,3133,19
21-5-2022,14.56,Mirage,5,6,3886,14
2-7-2020,12.32,Ash,6,5,3203,17
27-12-2019,23.43,Gibraltar,14,9,7509,9
7-8-2019,19.69,Crypto,1,0,305,15
12-8-2019,19.29,Bloodhound,6,2,3196,7
16-9-2020,6.55,Crypto,3,4,2300,8
11-9-2019,11.91,Crypto,3,5,2895,18
12-3-2022,16.62,Gibraltar,6,7,4795,20
2-9-2019,21.93,Lifeline,8,7,1849,3
10-1-2020,23.26,Pathfinder,6,7,2760,1
30-10-2019,29.02,Gibraltar,2,5,1323,12
25-8-2019,23.01,Bangalore,1,2,431,15
30-6-2022,21.26,Gibraltar,3,4,1148,9
11-2-2020,7.9,Lifeline,3,6,1755,14
27-1-2022,29.83,Crypto,7,6,828,11
23-2-2021,1.05,Bloodhound,5,5,1033,19
24-9-2022,26.02,Ash,8,6,2911,11
10-11-2020,12.81,Crypto,3,8,1727,2
27-2-2019,20.42,Gibraltar,1,2,464,5
12-2-2019,21.23,Bloodhound,8,8,1391,3
30-5-2020,24.35,Mirage,7,7,1476,16
15-2-2021,15.28,Bloodhound,6,6,1430,14
4-10-2020,16.44,Wraith,6,7,2930,10
10-2-2021,13.03,Crypto,12,6,1316,8
16-7-2019,27.74,Pathfinder,0,6,1106,12
4-1-2022,24.38,Pathfinder,1,2,652,16
18-6-2022,15.72,Lifeline,2,6,1752,1
2-6-2021,10.52,Lifeline,6,6,1962,9
31-3-2022,2.77,Revenant,9,7,3796,14
26-6-2020,29.42,Crypto,12,7,1472,8
8-6-2019,2.84,Revenant,6,12,2925,1
26-1-2021,27.67,Gibraltar,7,1,952,6
16-10-2021,18.25,Revenant,2,2,420,14
22-7-2019,19.91,Crypto,5,3,1685,5
21-4-2019,29.91,Mirage,7,5,1491,9
26-8-2019,3.35,Gibraltar,11,9,4028,16
27-11-2020,7.81,Bloodhound,6,10,3117,13
22-8-2020,27.17,Mirage,7,8,2523,13
31-3-2022,28.53,Gibraltar,2,1,674,19
23-7-2020,4.06,Lifeline,1,1,283,2
12-5-2021,7.66,Ash,2,3,1129,1
22-1-2020,5.21,Gibraltar,3,3,945,18
18-8-2020,4.18,Pathfinder,6,7,1388,7
28-7-2021,26.28,Wraith,7,10,1845,12
14-8-2022,16.76,Lifeline,7,9,1451,10
9-9-2020,0.27,Wraith,0,5,466,15
6-7-2020,3.82,Ash,1,3,611,7
3-11-2021,16.4,Bloodhound,3,2,846,14
21-11-2022,12.18,Bloodhound,5,6,2551,14
3-12-2022,15.26,Lifeline,7,5,2444,12
11-9-2020,3.68,Lifeline,10,10,2056,12
24-4-2019,3.49,Crypto,9,7,3403,14
30-5-2020,6.74,Lifeline,1,9,1253,1
20-10-2021,5.05,Bangalore,2,5,702,11
23-9-2020,12.92,Crypto,3,2,554,20
31-12-2022,6.41,Crypto,7,3,2398,3
15-8-2022,27.01,Lifeline,5,5,2402,8
3-8-2019,4.82,Pathfinder,7,6,2325,14
20-4-2021,12.37,Revenant,7,6,2079,3
21-8-2021,22.23,Gibraltar,0,4,891,6
11-7-2020,7.68,Bloodhound,4,5,1919,3
11-3-2022,17.64,Crypto,5,10,1994,12
16-5-2022,22.13,Gibraltar,3,6,1278,17
7-2-2022,16.83,Wraith,9,5,2591,7
23-10-2022,1.13,Gibraltar,5,5,2546,18
14-10-2022,29.9,Revenant,8,13,2838,12
31-10-2020,0.24,Gibraltar,0,4,950,14
11-4-2022,21.25,Ash,3,3,1064,18
30-8-2019,12.57,Ash,3,5,1530,3
13-6-2021,20.49,Crypto,3,5,1221,1
2-9-2019,23.56,Revenant,4,5,1370,18
6-3-2022,6.07,Bangalore,6,6,2620,4
22-7-2022,18.16,Mirage,6,11,1984,7
28-11-2022,21.57,Ash,0,1,171,15
14-10-2019,27.1,Lifeline,9,5,3872,14
22-3-2022,9.1,Mirage,3,3,1606,18
4-8-2022,17.44,Crypto,3,7,2417,6
13-11-2020,12.1,Lifeline,9,7,3608,3
28-11-2021,2.33,Gibraltar,10,5,2903,12
27-3-2020,2.05,Bangalore,10,13,3138,15
3-11-2022,17.53,Gibraltar,4,2,1547,3
6-3-2022,5.36,Revenant,4,3,1508,4
21-4-2020,13.94,Bangalore,7,7,3957,12
21-3-2022,29.57,Ash,6,7,1859,18
16-4-2020,1.84,Mirage,4,5,2130,7
23-2-2020,7.7,Ash,5,7,3388,5
29-1-2020,18.03,Mirage,7,9,2196,9
19-10-2022,0.61,Revenant,8,1,1300,1
2-1-2021,26.71,Gibraltar,1,1,504,3
12-1-2022,0.57,Mirage,2,8,1589,4
30-5-2020,4.41,Mirage,6,6,3147,20
27-12-2019,7.97,Revenant,13,4,3645,15
31-7-2020,29.04,Mirage,6,7,3026,10
7-11-2019,16.27,Bangalore,15,6,3710,12
16-12-2019,16.75,Pathfinder,1,1,393,13
10-10-2022,25.36,Revenant,5,4,1792,6
26-8-2022,16.81,Wraith,3,3,1596,18
17-7-2019,17.35,Crypto,5,6,2703,15
18-2-2022,2.2,Lifeline,4,11,3267,19
7-3-2022,25.96,Mirage,8,5,3673,12
2-9-2022,2.16,Crypto,6,9,3941,7
31-12-2020,25.64,Bangalore,3,3,1176,5
5-7-2020,22.81,Pathfinder,3,1,1162,12
10-6-2019,29.32,Bangalore,4,7,3261,13
20-6-2021,23.99,Revenant,10,9,3322,4
17-5-2022,1.44,Mirage,4,9,2860,14
25-8-2019,24.74,Ash,6,7,3285,17
21-6-2020,9.88,Pathfinder,7,6,3579,1
12-2-2021,4.42,Pathfinder,0,5,1231,8
15-7-2020,4.09,Ash,4,1,1035,9
7-1-2021,22.39,Ash,9,3,2932,9
5-7-2022,2.2,Mirage,3,9,2498,16
23-3-2021,15.23,Ash,7,4,2941,18
24-9-2020,28.22,Revenant,10,5,2659,14
3-3-2022,8.41,Gibraltar,8,6,3991,6
27-5-2020,25.29,Bloodhound,1,4,1434,17
19-6-2021,4.28,Ash,5,2,2143,19
25-11-2021,24.82,Pathfinder,6,4,2517,5
25-9-2022,7.2,Mirage,3,4,1435,10
2-4-2021,23.22,Gibraltar,4,6,1903,9
3-9-2022,11.39,Revenant,5,7,3205,2
1-4-2022,0.23,Crypto,12,6,3435,3
11-10-2019,21.81,Ash,1,7,1969,17
6-9-2019,25.87,Bloodhound,1,1,366,3
19-3-2022,14.88,Bloodhound,3,4,1821,8
15-2-2019,10.77,Pathfinder,7,7,3524,13
12-10-2022,21.83,Crypto,11,6,4319,10
21-6-2019,27.61,Revenant,7,8,4881,16
12-10-2021,17.1,Mirage,7,10,4901,2
1-1-2021,15.5,Bloodhound,1,3,1093,9
24-2-2022,25.74,Wraith,1,5,1168,1
30-5-2022,21.83,Revenant,2,5,1611,20
13-6-2020,25.08,Bloodhound,7,7,2827,18
19-9-2021,4.26,Lifeline,8,6,2598,20
1-2-2021,19.92,Wraith,6,8,3120,16
2-1-2020,15.31,Crypto,13,12,7333,3
2-6-2022,9.3,Bangalore,6,7,2823,8
27-11-2019,20.08,Revenant,1,4,983,4
18-11-2019,1.31,Crypto,6,2,2605,7
28-5-2022,26.92,Ash,5,7,4017,20
3-7-2019,19.96,Ash,8,8,4445,8
5-10-2021,18.84,Gibraltar,6,7,4122,7
29-3-2021,11.53,Crypto,7,13,4782,13
5-4-2021,0.34,Mirage,4,0,1135,17
19-2-2022,28.35,Crypto,3,4,2038,12
11-3-2022,25.27,Mirage,4,4,2586,8
1-4-2019,6.66,Mirage,3,5,2353,20
27-9-2020,16.61,Lifeline,5,4,1940,8
9-2-2021,5.96,Revenant,7,5,4254,10
14-4-2022,28.83,Crypto,11,10,6199,8
7-3-2019,16.59,Gibraltar,3,3,1395,9
5-12-2019,26.6,Bloodhound,7,2,2421,19
23-6-2022,9.22,Mirage,2,4,1790,6
15-6-2022,15.9,Mirage,5,7,3755,15
30-11-2022,19.23,Crypto,4,10,3772,16
25-9-2019,2.59,Wraith,10,12,7048,8
8-10-2021,0.71,Mirage,8,10,6304,14
10-5-2021,13.19,Wraith,5,2,1690,4
8-12-2022,16.26,Crypto,2,7,2796,16
23-2-2019,15.49,Pathfinder,5,4,2514,5
15-9-2022,8.93,Crypto,3,6,3153,16
26-4-2021,11.21,Mirage,10,8,6661,6
22-7-2020,4.11,Wraith,7,6,4696,6
28-2-2019,23.06,Crypto,6,11,4466,13
22-2-2019,19.79,Pathfinder,1,1,460,12
2-6-2020,2.73,Ash,2,1,720,12
18-4-2020,10.6,Crypto,2,2,1444,3
1-5-2022,7.65,Lifeline,4,3,1898,1
29-8-2021,8.57,Revenant,4,4,2474,18
10-2-2022,22.08,Lifeline,9,11,5994,14
4-12-2021,12.25,Crypto,7,8,3369,16
3-10-2021,25.53,Ash,5,2,2390,19
20-6-2020,26.88,Gibraltar,1,6,2166,10
29-7-2021,27.35,Bangalore,6,3,2927,9
17-11-2021,5.82,Wraith,5,3,1971,10
28-3-2021,16.22,Ash,6,9,4617,3
18-5-2022,24.95,Crypto,6,7,3062,6
31-3-2021,8.51,Bangalore,7,6,4478,2
2-4-2019,24.39,Bloodhound,8,1,2119,13
21-1-2020,11.56,Mirage,1,3,1228,12
27-6-2020,28.55,Wraith,2,7,2356,15
6-9-2022,28.69,Wraith,7,6,4231,7
26-10-2022,2.4,Revenant,4,4,2833,15
7-11-2022,25.47,Revenant,6,6,4560,18
23-4-2021,16.69,Mirage,7,6,4959,12
19-12-2019,12.84,Bloodhound,1,5,1550,3
13-9-2019,27.51,Gibraltar,1,9,2971,15
26-5-2019,29.04,Mirage,4,6,2660,10
24-2-2021,11.49,Gibraltar,6,4,3209,4
25-10-2020,1.27,Ash,5,7,3566,1
1-7-2020,29.79,Crypto,15,5,6595,16
16-7-2021,3.43,Revenant,10,6,3949,13
20-8-2020,1.45,Wraith,3,0,758,5
20-3-2022,11.61,Pathfinder,2,2,1456,12
15-10-2021,12.39,Wraith,2,4,2365,16
23-7-2019,23.24,Revenant,7,4,3701,18
9-3-2021,17.41,Lifeline,6,8,4659,19
19-2-2019,23.51,Ash,9,10,7185,16
9-11-2020,17.79,Bloodhound,13,6,5126,1
19-11-2022,17.38,Crypto,1,2,824,20
31-5-2020,2.84,Ash,6,1,1938,3
11-2-2020,0.85,Revenant,3,6,2825,4
13-7-2019,4.14,Crypto,8,3,3666,4
25-2-2019,20.99,Pathfinder,11,9,8283,6
26-1-2021,5.01,Mirage,9,5,4755,15
25-7-2022,23.52,Gibraltar,10,12,6175,9
7-6-2020,4.3,Lifeline,1,0,283,9
19-4-2019,16.24,Lifeline,2,9,3613,8
15-5-2022,23.88,Lifeline,3,2,677,4
16-5-2020,9.67,Gibraltar,11,11,2172,10
8-2-2021,16.78,Lifeline,9,11,1513,10
31-1-2020,6.28,Revenant,5,5,957,19
22-10-2022,17.41,Pathfinder,12,13,2474,8
20-1-2022,18.29,Pathfinder,7,0,1429,8
11-12-2019,19.35,Gibraltar,7,1,1487,13
1-9-2019,7.71,Crypto,6,3,1083,3
23-6-2019,24.52,Wraith,5,4,1800,14
9-8-2021,6.26,Gibraltar,4,9,1001,3
2-5-2022,27.57,Crypto,6,11,1064,12
9-8-2022,13.79,Gibraltar,12,8,1354,15
29-4-2021,23.9,Bloodhound,8,4,2050,18
16-5-2020,19.37,Crypto,7,4,1309,7
1-3-2022,18.73,Ash,4,2,1036,2
26-11-2021,15.75,Crypto,9,8,3875,9
22-9-2022,0.99,Crypto,8,7,1193,17
10-1-2021,19.86,Crypto,5,6,1409,13
27-7-2021,25.2,Crypto,9,14,3003,16
29-4-2019,19.41,Mirage,1,3,555,9
17-12-2020,23.63,Revenant,1,7,1133,19
16-9-2019,16.05,Gibraltar,2,3,407,17
14-12-2022,12.26,Crypto,5,5,1795,9
11-10-2022,27.13,Gibraltar,13,12,5421,17
16-2-2020,27.58,Gibraltar,9,9,1741,20
30-1-2022,29.06,Bangalore,8,8,3044,20
1-8-2020,2.37,Bloodhound,1,6,555,17
13-7-2022,21.41,Mirage,1,1,178,15
26-9-2021,29.15,Lifeline,2,10,2316,18
24-11-2021,15.84,Crypto,7,10,1691,2
14-8-2022,29.18,Wraith,13,10,4644,20
25-6-2021,27.05,Revenant,7,11,2444,13
5-7-2020,11.62,Gibraltar,6,6,2244,8
21-3-2021,11.3,Bloodhound,0,0,0,9
22-3-2020,4.94,Bangalore,1,1,492,14
1-6-2022,23.86,Revenant,9,3,1700,17
11-6-2019,18.03,Mirage,5,3,822,14
24-7-2020,1.77,Bangalore,6,6,1950,8
27-8-2022,7.16,Gibraltar,9,5,1316,4
24-3-2021,5.06,Mirage,6,9,1594,3
30-5-2021,8.73,Mirage,0,0,0,6
15-11-2022,13.98,Pathfinder,1,7,947,2
11-9-2022,12.62,Mirage,2,5,1073,10
16-2-2022,15.0,Bangalore,6,6,1704,13
1-7-2021,17.97,Pathfinder,6,5,2666,17
30-8-2022,25.23,Revenant,9,12,2988,13
14-1-2022,0.47,Gibraltar,6,9,2743,2
2-5-2020,5.06,Revenant,0,2,290,9
2-12-2021,19.0,Pathfinder,4,4,1761,18
21-9-2021,23.27,Mirage,8,4,2578,14
9-2-2019,3.44,Wraith,4,3,1406,14
5-9-2020,29.13,Crypto,7,6,2117,13
26-11-2019,6.3,Mirage,9,5,2158,20
8-2-2020,7.87,Crypto,6,7,2394,10
26-10-2019,11.33,Lifeline,0,9,1560,3
1-11-2020,15.08,Pathfinder,1,5,1027,7
25-7-2020,11.87,Ash,2,2,737,12
28-1-2020,1.11,Bloodhound,12,3,3669,17
2-4-2019,25.7,Bangalore,5,9,1737,16
27-1-2022,4.15,Bangalore,11,6,3863,8
17-5-2022,13.03,Mirage,13,6,4771,9
1-4-2021,19.85,Mirage,1,2,440,3
20-9-2021,25.75,Gibraltar,2,4,933,13
30-12-2020,7.63,Pathfinder,3,6,1561,6
13-3-2019,16.49,Lifeline,5,4,1508,12
1-9-2021,21.18,Mirage,9,11,2933,1
22-2-2021,18.09,Crypto,6,12,2229,15
28-11-2021,20.96,Gibraltar,6,13,2342,1
9-6-2022,15.51,Ash,3,5,1755,15
25-4-2020,9.07,Pathfinder,1,5,1389,19
17-6-2020,7.83,Mirage,6,3,1503,6
31-3-2021,16.66,Ash,5,7,1558,10
25-11-2020,15.42,Gibraltar,6,5,2661,19
15-8-2020,12.13,Crypto,5,7,3043,15
15-5-2021,11.7,Revenant,6,7,2743,2
11-12-2022,22.65,Revenant,1,8,1993,9
13-9-2022,12.13,Ash,3,4,1082,10
26-5-2019,21.15,Bloodhound,4,5,2244,15
16-3-2022,25.86,Pathfinder,9,6,2926,5
11-6-2020,1.15,Lifeline,4,5,1638,16
18-5-2019,16.56,Bangalore,6,8,3862,18
14-8-2021,19.14,Wraith,12,6,3141,12
16-7-2021,6.25,Pathfinder,4,0,1054,15
18-8-2022,5.24,Ash,1,1,512,13
7-10-2021,26.9,Revenant,3,5,1129,6
12-5-2020,14.06,Wraith,10,10,5924,1
24-4-2022,7.31,Bloodhound,8,8,3028,16
21-7-2019,15.89,Ash,6,13,5627,18
14-4-2019,11.6,Bangalore,10,10,3537,11
21-11-2022,28.78,Pathfinder,1,4,985,9
6-3-2021,12.53,Revenant,2,9,2306,20
25-6-2021,18.46,Ash,6,3,1570,10
14-6-2019,21.13,Bangalore,5,7,2452,9
8-7-2019,29.92,Ash,8,6,2830,17
31-5-2020,24.19,Wraith,5,8,2081,13
15-8-2019,1.3,Pathfinder,10,6,2595,6
31-1-2020,14.25,Gibraltar,3,2,1230,17
8-4-2021,14.21,Pathfinder,8,2,2098,13
2-8-2022,23.98,Lifeline,9,6,3939,6
7-2-2022,18.22,Revenant,3,5,2384,7
5-11-2021,9.85,Crypto,5,6,1951,16
8-5-2022,24.46,Lifeline,7,7,2612,8
6-6-2019,29.11,Bloodhound,14,6,6316,11
24-11-2021,24.96,Gibraltar,2,1,867,12
20-5-2019,10.51,Bloodhound,2,4,1787,17
6-10-2020,29.96,Crypto,5,10,4376,7
17-12-2022,13.24,Lifeline,11,4,3003,17
22-6-2020,16.83,Ash,9,10,4593,15
26-2-2020,1.77,Pathfinder,6,6,2266,8
18-9-2021,8.17,Mirage,9,6,4849,11
3-10-2019,24.61,Wraith,0,9,1497,19
24-7-2022,0.4,Revenant,9,1,3063,6
29-5-2019,2.67,Pathfinder,7,11,4585,7
7-4-2020,8.19,Bangalore,3,6,2801,5
15-8-2022,5.45,Pathfinder,8,5,4259,13
26-11-2021,19.75,Gibraltar,9,12,4092,7
19-11-2019,0.23,Mirage,7,6,2863,20
29-1-2022,16.61,Crypto,7,1,1712,9
26-12-2020,13.37,Crypto,4,5,1720,18
4-6-2020,13.53,Ash,2,8,2118,7
3-5-2021,3.42,Wraith,9,5,4595,7
11-3-2021,7.23,Bangalore,4,4,2308,18
27-12-2020,11.4,Wraith,11,5,3534,7
22-10-2020,24.36,Pathfinder,14,8,4539,5
11-1-2021,5.62,Wraith,2,6,2590,10
2-12-2021,3.85,Bloodhound,3,3,1602,4
3-8-2022,3.08,Wraith,5,2,2261,16
5-9-2022,26.7,Bangalore,4,8,3997,20
31-12-2020,1.68,Bangalore,6,7,2541,1
3-4-2021,9.0,Pathfinder,11,5,5042,4
14-4-2019,28.88,Mirage,9,8,3424,14
4-2-2020,8.48,Pathfinder,0,0,0,11
1-5-2020,16.21,Bloodhound,8,1,2644,7
27-11-2019,26.39,Lifeline,3,3,1618,1
20-3-2020,17.81,Pathfinder,5,12,5123,6
19-4-2019,13.81,Pathfinder,7,7,3497,19
15-7-2022,9.57,Bloodhound,6,7,3038,6
7-9-2019,0.53,Revenant,11,6,3497,6
6-11-2022,27.21,Gibraltar,5,1,1297,1
7-8-2022,25.45,Ash,3,4,2355,20
11-3-2020,20.44,Ash,4,2,1402,3
17-5-2020,18.48,Gibraltar,5,4,2700,8
23-12-2022,3.09,Pathfinder,4,7,2344,4
7-6-2019,27.63,Gibraltar,5,5,3271,17
27-8-2019,23.41,Pathfinder,8,7,4910,13
24-5-2021,19.96,Bloodhound,5,1,1582,3
18-9-2021,22.25,Pathfinder,6,7,4340,15
12-7-2019,22.87,Crypto,6,3,1908,7
26-6-2020,10.64,Bloodhound,3,3,1589,17
31-7-2022,22.83,Pathfinder,4,7,2953,9
15-11-2019,28.69,Bangalore,5,12,5780,17
17-3-2019,25.45,Lifeline,8,6,3330,16
27-7-2020,29.52,Pathfinder,0,5,1338,6
7-10-2021,17.64,Ash,2,3,1399,2
5-7-2020,13.6,Wraith,2,4,1380,16
14-11-2020,16.09,Wraith,7,3,2372,4
6-1-2020,21.19,Ash,10,9,4522,5
2-11-2020,6.34,Crypto,5,5,2676,4
12-3-2021,20.63,Crypto,12,8,6981,3
7-5-2020,20.6,Bloodhound,5,1,1658,4
24-6-2022,29.05,Bangalore,5,4,2998,11
16-5-2021,3.57,Bloodhound,4,4,2191,8
17-12-2020,27.88,Mirage,5,8,4596,20
13-12-2019,10.37,Pathfinder,4,10,4165,9
10-10-2021,3.49,Wraith,10,8,5238,8
11-10-2021,10.38,Gibraltar,8,6,4969,10
11-12-2021,29.97,Crypto,6,7,4121,13
21-6-2019,18.88,Mirage,5,4,3267,18
17-4-2021,28.59,Revenant,7,5,4608,15
1-3-2020,23.2,Wraith,4,4,1957,20
13-7-2021,10.94,Mirage,4,7,3483,9
11-12-2021,28.54,Pathfinder,11,7,4928,5
15-7-2022,5.98,Crypto,6,6,3973,19
27-3-2022,29.88,Bangalore,3,6,2578,13
6-7-2019,13.06,Mirage,6,2,2214,11
20-11-2021,4.62,Wraith,3,4,2140,10
16-2-2021,5.51,Gibraltar,9,9,5254,19
13-11-2021,22.01,Wraith,5,12,4997,6
9-5-2020,2.37,Wraith,7,9,5324,5
19-10-2022,9.88,Mirage,6,11,4279,13
5-8-2021,14.5,Bangalore,0,0,0,9
24-10-2020,27.86,Revenant,1,5,1738,4
3-6-2021,20.57,Mirage,3,4,2390,20
23-3-2021,5.42,Wraith,3,4,2447,15
11-10-2022,29.85,Revenant,10,4,5112,18
14-4-2020,26.22,Revenant,9,13,8548,2
28-7-2020,8.16,Lifeline,10,8,6235,12
18-1-2021,25.41,Pathfinder,4,2,1780,1
18-4-2022,10.42,Revenant,5,1,1535,8
22-3-2021,26.6,Pathfinder,4,6,2584,10
21-9-2021,5.39,Bloodhound,4,4,3048,4
24-6-2019,3.21,Mirage,5,7,4228,14
6-12-2019,13.23,Revenant,5,5,4009,13
13-9-2020,21.3,Wraith,12,9,5317,3
29-8-2022,1.86,Mirage,1,6,2378,12
13-8-2022,6.59,Revenant,1,5,2173,3
14-7-2019,17.49,Lifeline,6,4,3905,16
13-4-2022,4.66,Pathfinder,5,3,2528,10
5-10-2021,23.44,Revenant,5,4,3554,20
22-6-2022,29.54,Revenant,13,6,5761,14
2-7-2022,21.59,Ash,10,8,1108,12
3-4-2022,24.56,Bloodhound,3,6,613,4
30-8-2020,2.77,Mirage,4,5,1191,17
21-9-2020,1.33,Bangalore,2,5,478,6
1-4-2019,14.91,Lifeline,3,9,1338,17
28-8-2020,2.05,Lifeline,11,4,2270,8
1-12-2020,10.44,Revenant,6,5,1088,7
28-8-2019,6.66,Lifeline,8,8,2801,8
25-4-2020,8.49,Bloodhound,0,2,272,9
2-7-2021,21.01,Bangalore,2,3,843,20
21-12-2020,5.93,Ash,10,6,2606,11
25-12-2022,2.25,Wraith,3,3,1274,19
28-11-2019,27.42,Pathfinder,10,8,4054,15
29-11-2020,26.68,Crypto,9,6,2309,2
12-3-2022,28.99,Wraith,8,11,1296,15
4-4-2020,26.55,Revenant,5,1,688,11
16-1-2020,17.78,Pathfinder,4,2,909,9
29-1-2020,16.77,Wraith,4,10,2005,17
12-11-2019,13.07,Pathfinder,7,7,1821,6
11-2-2019,14.21,Pathfinder,8,8,1355,10
11-6-2022,7.87,Wraith,5,7,2150,8
9-4-2020,19.24,Bloodhound,7,8,2915,19
12-10-2022,14.55,Bangalore,6,7,2486,19
1-10-2019,22.23,Bangalore,4,1,948,15
31-7-2022,21.63,Crypto,4,3,1378,18
7-11-2019,23.92,Lifeline,3,7,2279,20
17-7-2019,22.11,Wraith,5,5,1128,9
9-10-2021,0.91,Bangalore,5,9,1675,19
30-4-2019,27.5,Lifeline,11,15,5973,19
27-10-2021,2.51,Lifeline,2,1,399,3
17-5-2021,24.89,Bloodhound,4,1,500,3
11-3-2020,27.86,Revenant,8,5,1937,4
16-11-2020,23.48,Wraith,9,4,1433,13
25-5-2019,18.52,Bloodhound,5,6,1212,10
7-10-2020,22.94,Ash,5,12,3352,2
26-12-2019,23.84,Bangalore,6,6,2257,12
30-10-2019,2.15,Bangalore,5,0,902,7
9-9-2021,6.57,Gibraltar,1,3,451,13
3-2-2022,24.5,Lifeline,6,6,2780,8
27-8-2019,20.87,Bloodhound,4,10,1260,12
14-5-2020,28.66,Bloodhound,6,7,3085,17
16-2-2021,21.98,Mirage,7,7,1735,7
5-2-2020,24.7,Bangalore,10,7,2097,2
27-7-2021,7.83,Mirage,4,6,1027,12
16-8-2020,21.02,Ash,2,3,832,12
28-3-2022,1.84,Bloodhound,5,7,2573,19
21-7-2021,10.73,Crypto,5,4,984,13
4-10-2022,4.03,Wraith,5,4,1094,3
15-11-2020,3.63,Gibraltar,8,7,3316,19
20-10-2021,29.02,Revenant,9,10,2493,18
10-5-2019,16.41,Bangalore,0,5,548,13
29-3-2020,24.87,Crypto,4,3,1241,12
26-7-2022,10.18,Wraith,2,2,891,9
8-3-2021,26.24,Mirage,5,5,2061,14
6-10-2021,22.33,Crypto,8,10,4068,20
23-10-2021,9.48,Bloodhound,5,5,1907,6
9-3-2021,7.68,Gibraltar,13,9,4261,12
5-2-2021,2.16,Ash,1,0,296,12
12-3-2019,13.05,Mirage,5,1,937,15
29-7-2022,21.73,Pathfinder,7,2,1285,12
15-2-2019,27.18,Lifeline,6,8,2339,13
3-8-2020,4.61,Lifeline,4,4,924,1
29-6-2019,28.74,Ash,7,7,2695,20
16-11-2022,6.25,Gibraltar,6,6,1629,1
11-12-2022,24.97,Crypto,0,2,470,3
27-8-2019,29.99,Crypto,9,8,2903,4
1-12-2019,27.76,Lifeline,9,5,2786,17
3-6-2020,8.66,Revenant,5,10,3982,9
31-5-2022,19.69,Bloodhound,4,5,1946,16
13-7-2022,13.77,Bangalore,10,6,3584,4
20-6-2020,16.5,Bangalore,6,12,2186,17
18-4-2021,19.59,Wraith,1,2,543,3
22-4-2019,26.22,Ash,9,2,2205,9
28-3-2019,9.58,Wraith,4,3,1478,5
3-2-2021,28.23,Gibraltar,6,7,2797,19
18-1-2020,2.39,Ash,4,4,1627,14
13-3-2021,4.72,Wraith,7,10,3502,8
31-8-2021,29.73,Crypto,11,9,3735,9
8-3-2021,8.5,Mirage,3,3,1139,4
7-9-2022,21.09,Ash,2,5,1058,13
14-4-2021,13.76,Gibraltar,4,6,2592,7
13-4-2019,10.85,Gibraltar,4,4,1402,6
23-7-2019,23.46,Lifeline,7,4,2200,14
23-6-2021,29.58,Mirage,9,9,4723,9
3-10-2022,12.11,Bloodhound,12,9,5159,18
5-4-2020,22.19,Crypto,3,2,780,12
3-7-2022,13.74,Crypto,1,5,970,3
14-12-2021,13.72,Bangalore,4,6,1629,14
3-7-2021,11.06,Crypto,6,3,1472,7
7-12-2022,16.4,Mirage,6,12,5130,1
24-7-2019,5.9,Bloodhound,9,6,3944,8
28-10-2021,27.73,Wraith,9,11,5257,16
19-8-2022,5.78,Lifeline,1,0,166,8
28-7-2019,17.5,Wraith,4,4,2422,8
30-11-2021,18.15,Lifeline,10,7,3804,3
6-10-2021,23.81,Revenant,4,4,2278,14
14-7-2019,19.65,Revenant,14,6,4732,4
23-1-2021,12.53,Pathfinder,7,6,3197,6
29-4-2019,2.58,Pathfinder,11,7,3470,17
13-12-2020,20.92,Revenant,3,3,1223,15
2-12-2022,1.97,Mirage,2,3,1382,7
18-5-2019,8.39,Revenant,5,4,2263,6
9-12-2022,15.52,Lifeline,3,4,1441,12
25-4-2022,8.77,Gibraltar,12,8,4082,12
8-9-2019,13.25,Bangalore,11,5,3523,5
22-2-2019,5.54,Gibraltar,6,10,4479,14
15-3-2020,11.22,Revenant,4,0,982,20
25-4-2022,1.09,Bangalore,7,2,1971,5
7-2-2020,13.6,Mirage,10,3,3203,3
12-4-2021,1.79,Lifeline,9,5,2926,15
14-2-2022,7.27,Revenant,5,6,2517,2
10-3-2019,10.27,Wraith,7,5,3854,20
30-6-2021,3.79,Gibraltar,8,9,4237,16
28-3-2019,1.05,Crypto,3,0,825,2
15-3-2020,12.76,Crypto,3,1,1194,7
22-5-2021,3.12,Lifeline,3,3,1992,17
12-9-2021,2.52,Ash,3,9,2112,9
2-4-2022,13.32,Ash,5,4,2286,3
11-12-2022,1.29,Lifeline,6,5,3389,9
6-2-2021,26.67,Crypto,8,9,4906,1
16-4-2021,21.59,Revenant,1,7,2135,6
1-8-2020,4.41,Lifeline,4,1,1091,15
6-3-2020,29.53,Revenant,5,6,2321,12
12-8-2019,6.53,Bangalore,4,3,1802,20
27-11-2019,17.02,Crypto,7,8,3987,10
8-1-2021,18.2,Bangalore,6,7,3342,11
14-9-2022,10.78,Mirage,11,8,5845,14
24-2-2022,19.88,Pathfinder,8,7,4239,7
27-1-2021,6.9,Crypto,2,1,988,10
9-12-2019,22.92,Wraith,9,7,4495,5
2-5-2021,11.2,Gibraltar,9,3,2911,19
18-10-2019,5.77,Mirage,9,6,4384,4
25-2-2022,15.66,Revenant,5,6,2803,12
29-4-2019,3.22,Ash,7,9,3228,3
6-4-2021,20.42,Revenant,1,3,973,17
14-10-2020,3.73,Gibraltar,4,5,2459,14
22-4-2019,15.1,Pathfinder,4,5,1886,1
9-2-2020,4.68,Gibraltar,3,4,1732,18
25-11-2022,13.01,Mirage,4,4,1899,9
16-8-2022,17.09,Bloodhound,8,9,3934,8
21-4-2022,2.51,Pathfinder,10,9,6211,10
23-1-2021,22.37,Wraith,0,2,597,6
30-1-2022,12.14,Crypto,1,1,561,20
12-12-2022,21.19,Bloodhound,11,4,4670,18
2-4-2020,23.63,Crypto,4,8,3076,15
14-7-2022,1.56,Gibraltar,7,9,4810,17
15-7-2021,21.71,Bloodhound,8,9,3599,2
3-9-2022,9.49,Gibraltar,11,10,5910,15
1-5-2019,20.97,Bangalore,1,3,1200,7
5-10-2022,9.66,Bloodhound,1,5,1883,19
5-1-2022,13.52,Revenant,4,5,2868,20
7-1-2020,2.8,Bloodhound,3,10,4417,4
1-12-2020,9.29,Mirage,5,4,3314,1
8-12-2019,12.54,Ash,8,5,4455,7
29-6-2020,27.54,Gibraltar,7,7,4941,11
24-7-2021,16.92,Ash,0,0,0,15
21-9-2019,24.4,Mirage,4,2,1303,3
2-3-2019,13.5,Ash,2,4,1896,1
20-11-2020,5.68,Gibraltar,3,3,1834,10
11-4-2020,0.6,Bangalore,4,8,4027,5
28-2-2021,2.89,Revenant,6,7,2949,3
22-4-2020,3.58,Bloodhound,7,6,4755,14
20-10-2019,24.09,Pathfinder,1,3,849,16
28-6-2020,3.43,Mirage,2,2,922,12
16-8-2019,5.8,Wraith,2,8,3188,14
15-12-2022,22.67,Ash,4,3,2514,8
22-12-2019,13.59,Lifeline,7,11,5657,20
18-5-2019,25.73,Wraith,7,10,5695,10
13-12-2021,4.81,Bangalore,6,7,4329,7
12-9-2019,6.46,Lifeline,5,5,2775,9
19-1-2020,11.43,Wraith,2,5,2613,2
16-11-2021,25.87,Gibraltar,4,2,2117,16
16-2-2019,9.04,Pathfinder,4,3,1760,14
26-2-2019,8.37,Ash,4,7,2749,9
4-8-2019,18.1,Wraith,9,6,4277,14
23-5-2022,3.17,Crypto,7,7,4257,4
27-6-2022,9.45,Bangalore,5,3,2135,14
5-1-2020,9.06,Wraith,1,3,917,9
20-3-2022,25.52,Mirage,5,4,2140,14
8-3-2020,27.14,Ash,3,3,1413,1
12-10-2021,19.3,Revenant,4,5,3345,17
29-10-2022,21.93,Mirage,5,14,5174,7
19-1-2022,15.36,Gibraltar,8,7,4263,4
30-8-2020,27.0,Pathfinder,1,2,788,5
4-7-2022,27.72,Mirage,2,3,1356,16
2-5-2021,13.51,Wraith,2,9,2731,16
8-6-2020,28.06,Revenant,9,6,5911,8
7-8-2022,23.1,Crypto,5,7,3044,2
22-3-2019,21.46,Ash,6,6,3411,9
17-7-2020,16.68,Mirage,10,10,6094,11
19-4-2022,9.11,Bloodhound,1,2,1061,19
9-6-2020,20.45,Wraith,1,8,3216,8
22-3-2019,13.89,Wraith,2,2,1213,11
31-3-2020,6.83,Bloodhound,4,4,2663,13
2-12-2021,17.55,Pathfinder,5,7,3538,10
5-8-2020,20.49,Wraith,7,10,6390,16
21-6-2020,4.09,Pathfinder,13,6,6178,17
18-2-2020,5.85,Lifeline,1,5,2312,19
9-3-2022,29.07,Wraith,5,1,1721,7
29-11-2022,27.14,Bangalore,3,4,2067,20
13-11-2022,11.67,Bloodhound,4,4,1391,12
18-4-2022,20.42,Bloodhound,5,6,2021,7
13-2-2020,5.92,Crypto,11,5,2797,4
10-2-2022,28.28,Lifeline,12,8,3748,3
9-7-2019,10.97,Pathfinder,1,0,227,11
6-7-2021,26.01,Wraith,2,4,377,3
11-4-2022,3.39,Ash,8,6,1652,15
14-7-2022,17.25,Bangalore,3,4,1277,15
16-9-2022,22.13,Pathfinder,5,8,2239,2
31-1-2021,21.64,Mirage,15,9,2625,11
11-4-2021,17.52,Gibraltar,9,12,3878,12
28-5-2019,29.91,Bangalore,0,10,1931,5
23-7-2022,19.4,Bloodhound,4,6,1400,10
14-11-2021,19.26,Bloodhound,5,8,2250,13
30-3-2022,2.33,Revenant,7,3,960,18
13-7-2020,1.63,Bloodhound,8,5,1273,14
26-3-2021,26.8,Bloodhound,12,6,3530,4
20-3-2022,4.63,Wraith,13,10,4972,1
12-4-2020,3.31,Mirage,1,3,737,6
28-10-2022,17.21,Ash,6,2,1393,10
11-10-2019,14.19,Ash,2,3,971,3
22-10-2020,18.07,Lifeline,7,4,1245,6
15-6-2022,6.89,Bangalore,5,4,1522,12
12-2-2019,21.15,Wraith,9,6,2057,7
4-8-2019,4.8,Bloodhound,7,7,2230,6
9-12-2022,29.33,Crypto,0,2,283,2
23-4-2019,1.18,Pathfinder,10,4,1501,14
20-8-2022,22.12,Revenant,8,8,2637,10
3-8-2022,17.24,Gibraltar,7,3,1976,15
25-3-2020,3.19,Mirage,7,4,2182,14
13-10-2019,4.17,Revenant,5,5,1679,8
20-10-2019,28.04,Crypto,10,8,2100,19
11-3-2021,0.31,Crypto,6,4,1535,8
10-2-2019,21.35,Ash,2,7,1557,20
17-5-2020,13.03,Ash,2,3,992,13
2-5-2020,20.82,Lifeline,8,3,2445,9
31-12-2019,19.23,Bloodhound,11,5,2985,2
8-3-2021,15.27,Lifeline,6,9,2463,15
8-12-2019,11.11,Lifeline,9,7,1635,10
18-9-2022,16.01,Crypto,8,3,2252,19
7-3-2020,4.67,Pathfinder,2,6,985,13
8-6-2021,11.92,Bangalore,8,7,2510,18
1-10-2019,9.98,Mirage,8,5,1821,19
27-11-2022,11.24,Revenant,6,7,3260,8
2-7-2021,28.9,Pathfinder,12,11,2909,7
5-3-2019,26.03,Revenant,6,11,2368,2
6-9-2022,12.19,Pathfinder,1,0,127,3
27-3-2020,9.46,Wraith,6,2,1916,1
18-8-2021,19.47,Lifeline,5,2,1380,18
19-9-2021,8.5,Ash,11,12,4220,19
12-12-2021,2.28,Bangalore,4,4,2074,15
18-8-2019,7.77,Revenant,7,8,2676,20
15-10-2021,19.92,Crypto,10,9,3014,19
25-12-2022,17.43,Ash,4,1,858,8
1-4-2019,25.38,Crypto,8,3,1918,5
2-2-2022,25.39,Lifeline,3,4,1785,5
14-11-2020,27.45,Lifeline,5,5,1787,3
23-7-2021,18.26,Bangalore,9,5,2808,16
15-8-2022,14.76,Pathfinder,12,7,2233,16
3-3-2020,22.87,Lifeline,8,10,3468,15
4-5-2021,23.02,Revenant,3,3,1365,20
24-1-2022,11.31,Crypto,3,3,1177,3
7-8-2020,25.62,Crypto,2,6,2045,7
8-11-2021,6.91,Pathfinder,5,5,2387,19
22-1-2021,7.55,Bloodhound,4,6,1391,15
3-12-2019,24.21,Gibraltar,11,9,4116,7
14-1-2021,23.11,Bloodhound,10,9,4806,8
7-3-2019,22.95,Gibraltar,0,4,763,6
22-9-2021,13.27,Ash,1,4,809,10
30-6-2019,6.72,Wraith,6,5,1739,16
6-11-2019,0.98,Ash,10,4,2726,1
6-11-2021,2.21,Crypto,5,4,2096,10
11-8-2020,0.37,Bloodhound,8,6,2933,13
17-11-2020,15.19,Revenant,8,8,2892,11
21-1-2020,3.57,Ash,1,0,147,9
24-11-2021,5.32,Bloodhound,2,4,771,16
26-4-2022,0.26,Ash,4,7,2999,8
22-9-2019,20.57,Gibraltar,4,5,1344,10
18-2-2019,25.38,Bangalore,9,6,2054,10
19-2-2020,19.9,Wraith,9,8,2438,13
21-10-2021,8.71,Mirage,7,12,2643,13
17-6-2019,13.7,Crypto,6,7,2221,1
25-7-2021,8.42,Crypto,6,1,2150,19
16-8-2022,26.69,Revenant,8,4,3183,9
9-10-2022,24.71,Bangalore,5,6,1998,9
17-10-2021,22.81,Bangalore,6,12,2544,12
8-11-2020,29.83,Mirage,14,5,5364,20
15-5-2021,20.11,Crypto,8,8,3765,3
9-2-2020,24.58,Ash,2,1,812,4
17-10-2021,29.44,Revenant,11,10,4623,1
30-12-2020,28.35,Crypto,4,4,1182,3
24-9-2021,27.81,Mirage,11,10,4337,20
3-8-2020,23.29,Bloodhound,4,7,3025,10
3-11-2020,8.17,Revenant,9,7,4682,4
30-7-2022,26.27,Revenant,6,9,3367,4
1-7-2022,6.69,Gibraltar,1,3,936,9
22-8-2019,11.05,Ash,2,1,545,10
6-9-2021,20.02,Bangalore,7,4,2679,2
13-11-2020,10.95,Bangalore,4,9,1947,10
2-7-2022,14.18,Mirage,7,10,2603,13
20-10-2022,12.42,Crypto,7,8,3386,20
1-7-2022,0.92,Bangalore,10,11,5477,8
10-1-2022,21.56,Lifeline,2,1,673,19
19-12-2022,14.0,Lifeline,4,8,2417,11
21-6-2022,12.52,Lifeline,5,2,1167,20
30-1-2020,9.38,Pathfinder,5,6,2526,2
15-6-2022,2.22,Gibraltar,4,4,2234,10
12-10-2022,3.71,Lifeline,6,8,3709,15
7-1-2021,22.62,Revenant,7,15,4433,20
31-1-2020,27.1,Ash,1,0,215,12
6-10-2021,15.53,Pathfinder,4,7,2172,6
10-7-2019,10.32,Bloodhound,2,5,1329,12
19-12-2021,29.01,Revenant,10,5,4567,7
7-7-2019,20.98,Ash,9,5,2542,2
13-2-2019,19.99,Lifeline,6,9,4576,18
10-12-2022,9.21,Wraith,8,6,3325,14
13-12-2019,9.69,Lifeline,1,1,395,12
12-6-2020,7.03,Lifeline,6,5,2914,10
14-8-2022,22.17,Gibraltar,9,7,4606,17
30-3-2022,6.52,Revenant,3,7,2247,20
9-8-2022,26.8,Mirage,6,6,3092,17
12-5-2021,8.8,Mirage,13,5,3275,3
10-8-2022,10.74,Crypto,6,7,4274,11
22-2-2020,1.51,Bloodhound,0,4,986,9
15-12-2022,7.97,Gibraltar,1,3,856,11
7-5-2019,22.58,Wraith,4,6,1891,14
6-3-2019,13.64,Ash,4,4,1836,15
8-8-2021,12.2,Revenant,7,5,4018,7
16-3-2019,21.56,Revenant,9,11,4127,10
4-10-2021,6.28,Mirage,9,6,4365,4
1-4-2019,16.77,Bloodhound,5,3,1597,8
5-4-2021,11.86,Bloodhound,1,4,1332,1
12-7-2021,17.43,Revenant,2,3,1626,3
21-2-2020,5.24,Lifeline,3,9,3872,12
13-6-2020,12.38,Lifeline,12,4,4276,15
4-9-2020,10.46,Wraith,6,6,3473,5
26-10-2019,14.55,Crypto,6,7,3635,11
18-7-2020,28.0,Mirage,0,5,1107,5
9-4-2020,6.6,Bloodhound,3,1,1202,7
20-5-2022,12.34,Mirage,8,3,2699,10
20-7-2022,8.48,Lifeline,8,4,3847,19
26-10-2022,10.57,Crypto,10,9,5851,4
24-6-2020,1.97,Crypto,7,7,4067,19
17-10-2019,17.99,Revenant,10,7,4538,14
24-6-2022,8.74,Mirage,0,1,258,13
29-6-2020,9.02,Crypto,1,6,1371,7
4-8-2019,3.57,Pathfinder,7,7,4265,14
5-5-2021,2.17,Bloodhound,6,5,2488,17
6-10-2022,20.59,Gibraltar,6,4,2495,17
27-3-2019,28.2,Revenant,8,8,5464,12
24-10-2020,20.89,Lifeline,9,13,7793,12
22-8-2021,10.31,Bloodhound,7,2,2863,1
4-10-2022,23.71,Mirage,2,2,1439,15
27-12-2020,16.61,Mirage,2,3,1652,7
14-5-2021,18.82,Ash,5,7,3576,1
27-2-2020,17.51,Lifeline,4,13,5751,15
26-6-2019,0.21,Gibraltar,8,6,4243,4
27-4-2021,20.56,Revenant,9,9,4506,14
24-6-2021,12.58,Bloodhound,3,0,1057,11
10-7-2022,10.63,Ash,6,2,2507,3
11-2-2019,9.94,Pathfinder,10,3,4323,16
23-8-2021,12.29,Bangalore,7,3,3161,7
26-5-2019,22.44,Revenant,11,8,5721,13
14-8-2021,19.34,Lifeline,7,5,3646,14
20-11-2019,3.27,Bloodhound,10,10,5510,16
13-1-2020,11.97,Wraith,0,2,715,15
7-6-2020,7.45,Crypto,2,10,2999,18
19-8-2021,11.22,Gibraltar,2,2,1258,17
7-4-2022,24.52,Gibraltar,11,3,5113,11
10-11-2019,21.76,Bangalore,11,6,4146,8
27-10-2020,14.6,Ash,8,7,5698,4
16-1-2020,2.52,Bangalore,7,10,4964,11
10-1-2022,8.41,Bangalore,0,5,1382,20
25-5-2020,23.64,Pathfinder,1,1,573,4
3-9-2022,12.91,Bangalore,3,3,1730,8
10-4-2020,8.72,Bangalore,6,3,2749,2
23-3-2022,23.41,Crypto,14,10,6878,7
2-6-2021,6.59,Lifeline,5,12,5653,13
2-3-2022,7.34,Crypto,8,7,3633,18
17-11-2020,22.56,Mirage,4,3,2524,7
25-12-2020,27.6,Mirage,2,3,1585,9
20-6-2021,26.58,Ash,11,3,5419,3
7-5-2022,19.78,Mirage,4,9,4581,17
23-5-2022,10.54,Revenant,5,5,2979,1
11-5-2019,1.48,Bloodhound,7,12,7356,6
26-3-2022,16.44,Crypto,6,7,4193,4
22-3-2019,14.02,Mirage,6,1,1972,3
17-6-2021,11.08,Gibraltar,2,2,1545,2
27-12-2020,19.4,Mirage,8,4,3435,15
15-6-2021,20.5,Crypto,3,5,3131,14
14-5-2019,13.18,Crypto,4,5,2502,3
12-12-2020,22.03,Crypto,9,10,4687,9
2-3-2022,29.71,Ash,10,8,5330,16
29-10-2019,9.88,Pathfinder,2,0,735,18
2-11-2019,9.65,Pathfinder,5,3,2872,7
12-1-2022,19.24,Lifeline,3,7,3268,18
23-9-2020,15.92,Lifeline,5,4,3598,14
6-1-2022,20.33,Ash,4,4,2446,3
20-9-2021,0.4,Bloodhound,5,5,3358,19
30-11-2020,19.19,Ash,12,6,7213,4
8-10-2019,3.16,Bangalore,5,0,787,18
2-9-2022,20.99,Revenant,2,1,320,13
3-5-2022,20.52,Crypto,5,6,1003,1
17-9-2020,7.13,Bloodhound,4,6,1953,20
17-12-2019,8.2,Bloodhound,5,8,1681,20
18-6-2020,1.94,Bangalore,11,8,4174,10
4-2-2020,27.99,Mirage,7,10,1553,18
3-2-2021,21.3,Bangalore,1,5,951,11
12-3-2021,20.94,Mirage,7,4,1482,20
23-7-2021,2.64,Lifeline,3,5,1097,2
15-4-2022,25.18,Bloodhound,5,6,2266,1
19-3-2022,24.31,Bloodhound,6,9,1947,15
16-2-2022,9.17,Ash,6,8,2694,13
10-2-2022,21.17,Crypto,6,6,1227,14
14-7-2019,10.86,Ash,2,0,191,14
13-7-2020,13.64,Ash,3,7,1727,7
27-2-2022,2.94,Wraith,2,6,1065,15
9-5-2022,29.39,Crypto,5,5,1937,2
29-8-2020,9.84,Bloodhound,8,4,1863,11
30-7-2022,0.32,Gibraltar,5,7,2654,16
20-11-2019,23.08,Lifeline,9,6,1513,18
12-11-2020,20.59,Lifeline,1,6,747,3
6-10-2020,6.37,Lifeline,5,6,2035,15
12-10-2020,0.52,Mirage,2,5,1432,7
28-3-2019,26.85,Crypto,9,3,1228,1
8-8-2019,6.36,Crypto,4,6,1983,6
27-5-2020,2.11,Wraith,5,6,2395,14
11-1-2021,1.21,Lifeline,11,7,3201,2
16-6-2020,21.73,Mirage,2,1,680,11
28-10-2021,27.08,Pathfinder,6,7,1844,4
14-3-2019,0.85,Bangalore,2,5,967,2
23-11-2021,29.64,Gibraltar,6,6,2832,2
29-11-2020,25.2,Bangalore,9,6,3642,13
12-4-2021,16.75,Wraith,11,6,3705,3
6-11-2021,6.67,Wraith,7,7,3113,6
10-8-2019,13.35,Bangalore,0,2,201,14
6-4-2020,21.1,Gibraltar,3,6,1499,13
12-5-2021,21.32,Bloodhound,5,7,1930,15
29-10-2020,27.48,Pathfinder,4,3,1505,16
26-11-2020,8.38,Bloodhound,8,5,1809,5
18-10-2021,10.57,Ash,9,5,3611,11
9-3-2022,16.15,Lifeline,7,6,2679,11
18-11-2021,26.12,Gibraltar,2,2,798,5
8-8-2021,29.36,Crypto,6,8,1485,8
3-9-2020,8.57,Revenant,7,7,2698,17
5-9-2019,20.01,Revenant,4,3,1148,13
2-4-2020,4.74,Revenant,5,4,1526,20
11-8-2022,9.65,Pathfinder,5,5,2196,5
15-7-2019,24.29,Pathfinder,13,8,4457,18
20-5-2020,4.18,Revenant,2,2,816,5
2-5-2022,24.4,Gibraltar,8,6,2747,18
25-10-2019,26.04,Pathfinder,4,3,1825,18
27-5-2020,11.45,Bloodhound,11,3,2473,19
8-5-2022,13.43,Lifeline,6,5,2604,4
5-6-2019,8.52,Lifeline,5,12,2762,2
10-12-2020,28.81,Crypto,6,11,3021,8
10-4-2021,9.89,Lifeline,0,0,0,1
26-5-2022,21.61,Pathfinder,2,4,1380,9
22-6-2020,13.87,Crypto,2,2,856,20
15-1-2021,22.94,Revenant,5,4,2482,9
6-7-2020,3.9,Gibraltar,8,9,3184,10
28-8-2022,22.3,Lifeline,5,10,2553,2
25-12-2019,16.86,Bloodhound,7,7,3003,3
2-1-2020,23.12,Mirage,2,0,396,18
9-4-2020,23.28,Wraith,3,6,2239,13
11-1-2020,23.05,Crypto,3,3,1226,3
9-11-2019,24.64,Bloodhound,3,5,1231,1
19-7-2019,10.2,Mirage,10,4,2927,9
21-2-2020,11.69,Revenant,6,6,1729,4
29-10-2021,19.73,Lifeline,9,15,6169,20
22-1-2021,2.52,Wraith,3,0,847,7
19-2-2020,2.48,Lifeline,1,1,526,5
22-9-2020,2.32,Gibraltar,2,5,1601,17
2-1-2022,9.23,Pathfinder,3,6,2497,13
4-1-2020,3.95,Crypto,6,7,3335,1
8-11-2020,17.28,Crypto,6,9,2828,10
4-7-2021,5.2,Lifeline,9,7,3599,4
15-10-2021,1.34,Ash,0,2,419,18
4-8-2019,4.04,Pathfinder,1,2,697,16
20-3-2020,11.57,Gibraltar,2,3,691,11
20-4-2020,16.8,Bloodhound,5,4,1959,7
15-2-2021,23.92,Wraith,6,4,2192,11
8-4-2021,1.35,Revenant,8,6,2433,18
28-8-2021,16.12,Pathfinder,9,14,3412,20
24-1-2022,21.54,Wraith,1,0,263,8
25-8-2021,11.2,Pathfinder,2,3,742,6
25-2-2020,26.16,Bangalore,11,3,3619,15
18-3-2021,3.16,Crypto,8,3,2150,7
30-3-2019,4.69,Ash,10,5,2809,13
4-3-2019,7.31,Mirage,6,6,2376,17
11-1-2020,7.07,Lifeline,7,8,3033,18
24-1-2020,6.9,Crypto,1,1,427,10
12-6-2020,28.06,Lifeline,3,5,1249,2
23-11-2022,5.52,Wraith,3,5,2242,8
2-12-2021,0.42,Gibraltar,3,7,1666,20
4-8-2020,5.92,Crypto,4,6,1880,8
6-12-2021,1.22,Pathfinder,9,13,6024,2
24-7-2020,17.91,Pathfinder,7,8,3820,7
16-5-2020,16.71,Crypto,8,0,1344,5
16-12-2019,14.82,Bangalore,8,9,3007,20
12-5-2022,5.25,Bloodhound,2,5,1346,1
21-6-2019,19.34,Lifeline,11,5,4006,18
8-9-2020,27.62,Gibraltar,7,7,3321,19
21-9-2020,20.46,Gibraltar,6,13,3077,13
8-7-2020,7.25,Lifeline,11,7,3810,11
10-10-2020,22.46,Ash,0,4,1134,1
7-6-2021,23.0,Gibraltar,6,5,2601,1
3-11-2019,21.57,Ash,2,3,1131,19
16-5-2021,29.28,Wraith,5,8,3114,5
19-12-2020,6.91,Gibraltar,4,8,3229,17
17-10-2020,16.7,Lifeline,6,10,4743,9
8-7-2022,10.14,Gibraltar,6,9,3172,10
9-5-2020,25.61,Pathfinder,5,2,2150,2
2-11-2020,27.68,Gibraltar,3,4,1655,9
25-3-2021,9.31,Revenant,2,3,1072,13
6-5-2022,28.38,Lifeline,6,10,2899,12
6-7-2019,16.0,Wraith,10,4,3120,2
22-11-2021,25.39,Bloodhound,12,11,5736,19
6-1-2021,10.81,Bloodhound,13,6,5637,12
16-10-2020,5.12,Ash,0,6,1162,2
16-12-2019,2.44,Lifeline,5,5,2155,14
3-5-2021,7.3,Bloodhound,5,2,1870,18
16-9-2019,11.79,Ash,3,10,3902,3
6-4-2022,11.19,Wraith,4,6,2733,15
1-4-2021,8.84,Lifeline,5,10,3671,17
30-10-2020,10.1,Wraith,6,10,4950,12
23-10-2019,24.62,Revenant,2,5,1299,4
14-12-2019,22.51,Gibraltar,2,3,1495,10
8-4-2021,11.25,Bangalore,7,3,1939,5
20-5-2019,14.08,Ash,5,5,2876,9
1-12-2020,27.93,Wraith,8,5,3083,17
14-2-2020,22.63,Pathfinder,6,10,3338,14
9-8-2020,21.55,Crypto,8,12,4591,14
11-7-2019,28.75,Ash,2,2,1321,10
23-11-2020,16.55,Revenant,10,4,4879,4
24-10-2020,18.15,Pathfinder,8,9,3653,13
21-3-2022,5.39,Revenant,4,5,1696,4
11-3-2019,2.36,Lifeline,7,4,3220,8
24-12-2021,3.78,Lifeline,11,6,4660,19
3-3-2021,29.81,Revenant,10,16,5088,18
23-1-2022,2.55,Revenant,1,2,866,12
26-1-2021,9.9,Wraith,10,3,3902,11
2-9-2019,17.89,Revenant,4,5,2410,8
5-2-2022,26.45,Revenant,4,5,1982,2
26-2-2019,5.61,Revenant,5,7,2757,15
3-10-2022,8.83,Bangalore,12,7,4634,18
25-5-2021,11.97,Ash,10,6,4088,1
26-2-2020,2.05,Crypto,1,2,750,15
5-12-2020,18.14,Crypto,2,4,2107,2
22-4-2019,10.86,Wraith,2,2,1356,18
23-3-2022,23.35,Bangalore,9,6,4285,2
5-6-2022,17.29,Wraith,10,4,3199,6
13-4-2019,11.08,Gibraltar,6,6,3511,19
29-4-2019,22.94,Crypto,7,13,5752,6
13-10-2020,10.21,Lifeline,3,4,2267,17
14-8-2022,16.36,Crypto,8,5,3636,10
15-3-2022,8.76,Lifeline,10,9,6863,10
27-11-2021,7.63,Crypto,4,3,1529,8
29-5-2021,28.2,Pathfinder,11,11,7925,8
31-5-2021,19.84,Revenant,5,9,3059,13
8-10-2022,14.06,Pathfinder,6,6,4112,6
13-1-2021,28.11,Bloodhound,6,1,2235,4
4-7-2020,9.22,Gibraltar,7,3,2766,16
26-12-2022,9.75,Mirage,6,11,5783,7
16-9-2020,28.94,Wraith,5,6,4054,7
8-10-2020,12.0,Mirage,5,5,2634,16
8-8-2022,26.17,Pathfinder,6,10,4440,9
28-8-2021,1.86,Lifeline,11,7,4520,15
10-11-2021,3.23,Ash,0,3,863,19
18-1-2021,12.52,Revenant,1,4,1110,12
11-10-2019,5.28,Gibraltar,4,9,4078,3
5-11-2020,1.42,Mirage,7,3,3035,5
29-6-2020,29.36,Pathfinder,5,5,2636,19
27-3-2021,29.73,Ash,11,7,6329,13
11-6-2019,11.85,Wraith,9,11,6414,16
23-11-2019,2.06,Lifeline,0,4,960,7
14-1-2021,17.17,Gibraltar,6,4,3291,3
19-7-2022,23.51,Revenant,7,3,2845,7
7-11-2019,24.21,Gibraltar,5,6,3358,20
8-2-2021,29.44,Ash,6,10,4356,12
28-12-2022,18.2,Gibraltar,7,11,4963,1
23-3-2020,14.32,Gibraltar,10,7,6193,13
9-3-2021,12.19,Bloodhound,4,1,1723,8
6-8-2020,29.9,Wraith,2,9,3694,15
15-7-2022,16.7,Revenant,5,4,2506,12
10-5-2019,0.79,Ash,9,3,4775,16
9-12-2021,7.91,Bangalore,9,4,3431,14
24-12-2022,26.36,Wraith,8,6,5536,20
9-6-2022,7.6,Lifeline,7,14,7915,15
8-4-2020,8.13,Gibraltar,0,1,275,3
25-6-2019,20.31,Bloodhound,6,3,3469,9
15-5-2020,8.23,Wraith,7,3,2613,16
7-5-2022,29.26,Bangalore,4,4,1995,15
8-9-2022,2.85,Gibraltar,4,7,3406,7
19-7-2019,4.67,Wraith,7,7,5173,20
2-11-2020,28.45,Pathfinder,7,16,6503,14
27-5-2020,11.77,Lifeline,2,0,671,13
7-6-2022,10.07,Ash,4,3,2386,15
4-8-2020,8.75,Lifeline,2,4,1804,3
19-7-2020,28.9,Wraith,4,4,3157,8
2-8-2020,6.03,Gibraltar,4,4,564,5
30-4-2019,29.96,Bloodhound,6,6,1036,6
5-5-2020,20.74,Crypto,8,9,1736,19
15-5-2020,23.62,Crypto,4,2,1148,14
2-12-2019,11.26,Mirage,3,3,768,12
9-6-2020,10.52,Revenant,2,2,527,19
28-8-2019,27.47,Wraith,4,6,987,20
11-9-2021,20.83,Gibraltar,4,5,994,18
22-11-2019,16.87,Bangalore,7,8,2896,4
29-8-2019,26.45,Pathfinder,6,7,2720,11
27-2-2021,15.08,Pathfinder,1,0,189,20
4-8-2022,14.32,Revenant,6,2,801,7
10-9-2020,7.0,Wraith,4,4,685,11
10-2-2020,18.9,Bangalore,4,6,860,1
27-1-2020,18.91,Crypto,9,6,1820,2
4-3-2019,6.1,Wraith,5,5,1288,10
1-10-2021,7.9,Gibraltar,12,12,2094,8
22-4-2022,6.14,Mirage,0,1,139,2
24-9-2020,7.04,Pathfinder,1,7,780,5
24-6-2022,28.59,Crypto,6,11,1297,1
17-3-2019,3.12,Bloodhound,7,4,1552,19
18-5-2022,0.03,Gibraltar,5,4,1069,2
6-3-2019,1.53,Revenant,7,6,2657,17
30-8-2020,27.83,Wraith,11,7,3981,3
21-12-2020,20.72,Wraith,2,1,384,20
19-8-2022,19.3,Lifeline,4,2,995,12
20-5-2022,8.56,Lifeline,6,8,2438,2
25-10-2020,22.98,Revenant,9,10,4408,14
14-6-2021,3.76,Gibraltar,6,5,2008,14
6-5-2020,23.92,Gibraltar,10,11,1801,20
27-1-2020,18.65,Mirage,7,6,3111,6
29-7-2022,20.26,Gibraltar,6,0,1170,18
16-7-2021,2.85,Bloodhound,1,1,253,14
4-10-2021,9.51,Ash,3,7,917,3
25-8-2022,16.57,Ash,3,5,1925,19
10-6-2020,18.4,Lifeline,4,6,1751,10
5-5-2021,5.41,Gibraltar,6,12,1845,19
11-11-2022,18.24,Bangalore,7,6,2250,11
4-7-2021,15.37,Wraith,1,2,360,17
19-2-2021,1.64,Mirage,4,6,2300,2
9-12-2020,9.79,Crypto,9,2,1438,3
28-11-2020,11.5,Revenant,3,3,1086,18
27-4-2022,10.76,Revenant,12,4,2037,13
7-12-2019,9.06,Pathfinder,6,5,2743,6
27-2-2019,23.32,Wraith,9,10,4386,9
21-2-2021,6.85,Bloodhound,0,2,301,19
12-4-2021,24.16,Gibraltar,1,5,1093,9
14-3-2022,0.27,Ash,2,2,834,9
4-12-2019,10.29,Crypto,7,8,3816,10
30-12-2022,22.97,Ash,8,5,2038,15
31-10-2022,26.62,Ash,8,9,4041,11
26-6-2020,18.99,Pathfinder,12,9,2825,14
18-4-2020,1.13,Bangalore,5,3,1265,7
8-4-2020,6.78,Revenant,2,3,1334,18
30-11-2020,25.98,Pathfinder,4,4,1431,4
4-9-2019,13.05,Ash,3,4,812,17
28-6-2020,20.31,Pathfinder,6,6,1467,14
29-10-2020,20.53,Revenant,14,11,6318,2
27-2-2022,14.38,Pathfinder,10,7,3533,2
16-3-2020,17.34,Ash,1,0,298,16
12-3-2021,3.75,Pathfinder,2,1,592,16
15-1-2020,2.2,Lifeline,4,2,1634,3
5-8-2019,13.18,Pathfinder,4,8,2763,1
9-12-2021,15.55,Bangalore,8,8,3809,2
10-8-2020,11.71,Gibraltar,5,6,2133,11
23-11-2019,3.44,Bloodhound,7,7,3008,7
20-12-2020,23.44,Pathfinder,3,2,973,18
23-8-2020,1.17,Ash,1,3,716,17
16-8-2019,3.29,Revenant,5,2,1002,6
3-7-2022,6.11,Revenant,5,7,2792,16
30-6-2021,26.3,Bangalore,7,11,2617,13
20-8-2022,11.03,Lifeline,7,5,2434,2
14-7-2020,21.71,Lifeline,8,10,5043,19
29-11-2021,13.01,Crypto,1,0,185,11
18-2-2022,10.13,Mirage,4,10,3414,7
29-9-2021,16.15,Mirage,7,2,1418,3
14-2-2021,13.39,Bangalore,11,3,3716,7
15-5-2019,23.18,Pathfinder,5,5,1675,5
5-10-2019,24.68,Ash,8,7,4362,20
3-7-2022,26.62,Lifeline,8,8,4323,20
23-9-2019,28.02,Bloodhound,11,1,3446,14
19-11-2021,25.0,Ash,2,5,1322,7
16-5-2020,20.97,Bangalore,7,2,1298,11
20-3-2019,12.38,Bangalore,3,3,1084,5
8-5-2021,26.54,Mirage,7,9,3422,11
1-8-2022,6.74,Bangalore,7,7,3788,10
21-12-2019,22.73,Mirage,9,8,4548,13
26-8-2021,9.81,Revenant,2,9,2005,11
30-8-2021,9.64,Bloodhound,4,1,1506,19
4-11-2021,0.35,Bloodhound,3,2,843,10
18-5-2019,1.84,Crypto,7,5,2288,11
28-3-2022,20.19,Pathfinder,7,7,3429,2
6-7-2022,28.46,Lifeline,6,11,4312,1
20-10-2021,3.08,Wraith,8,10,4776,14
14-10-2022,19.57,Pathfinder,2,0,513,17
5-4-2021,9.72,Bloodhound,4,1,963,11
31-3-2020,2.95,Gibraltar,8,6,3134,11
19-1-2021,24.82,Bangalore,11,7,3032,19
25-6-2019,27.25,Gibraltar,5,6,3286,11
31-5-2021,23.12,Lifeline,5,9,4017,1
7-5-2020,11.53,Wraith,7,6,2150,13
11-10-2019,21.47,Gibraltar,3,1,812,6
18-3-2019,23.35,Mirage,4,7,1972,1
8-7-2019,16.55,Lifeline,3,7,2724,18
29-11-2022,2.94,Wraith,3,3,1249,20
4-11-2019,0.61,Mirage,9,6,4435,5
28-9-2020,4.99,Mirage,6,8,3924,5
17-3-2021,7.48,Lifeline,8,6,2797,8
20-11-2022,1.56,Gibraltar,6,9,2460,8
19-2-2021,10.98,Revenant,7,2,1885,3
10-5-2021,0.83,Crypto,4,10,2464,5
19-11-2022,3.49,Ash,3,5,1418,1
30-6-2021,11.7,Wraith,4,5,1503,13
12-2-2021,28.66,Wraith,7,10,4161,6
25-3-2020,1.23,Mirage,6,6,2737,19
5-9-2020,23.96,Pathfinder,3,1,1316,16
8-2-2021,9.13,Lifeline,4,3,2308,18
13-12-2021,16.02,Ash,2,7,1556,16
29-7-2022,29.83,Bangalore,8,5,4060,16
15-11-2020,6.85,Ash,4,5,1700,1
2-1-2022,24.69,Lifeline,10,7,5178,6
30-6-2022,2.23,Pathfinder,11,7,4683,17
10-7-2019,27.33,Gibraltar,2,3,1074,20
4-11-2019,6.48,Ash,3,5,2216,4
25-6-2019,11.87,Pathfinder,2,2,886,12
4-10-2019,9.49,Ash,3,5,2057,15
21-8-2022,27.55,Bangalore,6,8,3021,19
20-1-2020,22.82,Ash,6,7,3282,4
2-12-2021,19.41,Pathfinder,7,14,6832,17
19-4-2022,9.67,Bangalore,1,6,1282,5
6-10-2021,14.75,Mirage,3,2,1008,2
4-4-2021,25.84,Crypto,4,7,2328,1
31-8-2021,9.51,Bangalore,3,4,2340,15
9-5-2021,24.13,Bloodhound,6,13,5373,20
7-12-2021,10.21,Lifeline,5,12,5646,10
10-3-2022,29.27,Crypto,10,9,5590,7
11-5-2022,2.96,Pathfinder,2,0,692,20
5-10-2020,20.08,Crypto,2,2,1366,6
31-8-2021,23.92,Mirage,5,10,4220,18
28-7-2019,28.67,Pathfinder,3,4,1460,6
29-3-2021,25.74,Mirage,9,6,3866,1
24-5-2020,23.97,Revenant,10,6,4218,19
2-8-2019,22.65,Bloodhound,7,7,3205,16
13-11-2022,25.71,Revenant,0,6,1257,20
19-5-2020,12.43,Gibraltar,1,4,1549,2
19-5-2019,3.96,Mirage,9,2,3960,5
19-2-2019,13.28,Gibraltar,7,5,2584,7
13-8-2021,28.8,Revenant,9,4,2804,12
24-9-2019,5.81,Bloodhound,7,11,4585,19
28-12-2021,0.33,Crypto,9,9,3768,16
11-9-2020,10.13,Bloodhound,5,1,1804,2
14-4-2019,11.72,Revenant,4,7,3638,13
13-8-2021,1.84,Crypto,3,9,2991,18
29-12-2020,12.71,Mirage,3,3,1350,14
12-11-2021,6.11,Crypto,9,4,2832,8
20-4-2022,2.45,Crypto,5,11,3519,16
3-5-2020,26.26,Gibraltar,11,7,5740,17
2-4-2021,25.25,Mirage,2,2,1000,11
1-4-2019,13.75,Wraith,2,4,2175,3
4-7-2020,26.2,Ash,5,6,2881,7
20-12-2021,15.75,Gibraltar,6,8,3891,11
27-5-2019,16.92,Mirage,5,11,4939,5
16-5-2022,7.27,Revenant,8,11,4825,10
7-12-2022,7.26,Lifeline,6,13,5407,18
24-11-2022,8.22,Revenant,3,1,1130,7
21-3-2020,25.08,Bloodhound,3,4,1903,11
25-2-2021,14.84,Pathfinder,5,2,2215,16
14-8-2020,16.77,Mirage,3,6,2004,17
3-10-2020,0.87,Pathfinder,5,4,2252,20
18-5-2022,19.54,Bloodhound,8,6,4744,2
1-4-2020,19.58,Crypto,7,14,6754,13
23-8-2020,6.3,Mirage,1,2,726,4
1-3-2020,3.93,Mirage,8,2,2450,8
11-6-2021,25.62,Wraith,9,6,5291,12
21-7-2019,17.25,Lifeline,5,6,3041,14
3-11-2022,6.42,Bloodhound,7,5,3963,11
8-10-2021,22.18,Gibraltar,7,11,6618,7
4-8-2019,3.06,Crypto,6,14,6839,10
9-11-2019,13.04,Crypto,4,0,1375,8
29-11-2019,2.6,Lifeline,8,1,2416,7
10-12-2022,2.78,Bloodhound,3,4,2289,16
9-6-2022,21.89,Mirage,8,7,5164,4
24-11-2019,7.2,Mirage,11,4,4869,13
21-3-2022,27.1,Gibraltar,12,6,7259,10
18-8-2021,21.35,Wraith,7,7,4723,3
12-4-2020,20.18,Ash,3,0,798,15
9-2-2019,15.0,Wraith,5,5,2987,5
24-12-2020,4.67,Gibraltar,5,3,3068,9
24-8-2021,8.26,Lifeline,4,5,3122,14
16-1-2021,7.39,Lifeline,4,4,2437,6
1-12-2019,6.26,Wraith,5,7,4087,16
6-6-2020,3.11,Ash,12,9,6449,9
18-12-2020,5.01,Pathfinder,2,3,1274,7
8-7-2022,24.61,Wraith,3,2,1244,10
16-6-2022,26.8,Crypto,3,3,1774,7
26-11-2022,18.17,Pathfinder,10,5,4814,3
6-12-2021,8.17,Mirage,4,12,5462,8
13-10-2019,22.04,Lifeline,7,8,4699,8
22-8-2022,27.8,Pathfinder,12,9,7569,12
11-1-2022,24.03,Bloodhound,3,2,1558,2
19-10-2022,17.51,Mirage,2,1,549,19
21-6-2020,3.03,Crypto,2,3,311,16
18-8-2020,7.75,Bloodhound,6,4,856,11
7-6-2020,0.64,Crypto,12,6,1500,11
10-6-2021,15.13,Pathfinder,6,9,1772,6
14-1-2022,20.99,Revenant,9,7,3046,16
17-1-2021,16.81,Revenant,1,4,675,8
5-11-2019,4.63,Bloodhound,1,5,536,4
27-6-2020,14.96,Wraith,3,11,2772,1
3-3-2021,8.51,Wraith,3,4,879,3
8-1-2022,7.91,Lifeline,13,5,3244,2
9-12-2020,3.16,Bangalore,9,6,2804,1
21-12-2022,19.58,Crypto,12,9,3147,12
2-5-2019,10.94,Mirage,0,3,403,19
11-3-2020,11.06,Pathfinder,8,4,2377,19
29-3-2020,27.82,Bangalore,3,4,1117,5
6-5-2022,11.18,Wraith,4,12,2247,8
13-11-2021,17.15,Pathfinder,7,13,3027,7
19-6-2019,22.52,Bloodhound,6,6,879,10
21-4-2019,16.76,Revenant,6,8,1134,10
9-10-2022,7.94,Bangalore,7,2,784,12
24-11-2022,12.39,Bloodhound,2,1,610,8
1-4-2021,20.9,Gibraltar,5,4,1334,6
15-10-2019,29.67,Revenant,11,4,1557,7
28-5-2020,4.84,Revenant,4,4,1151,5
26-9-2020,21.98,Revenant,10,5,2875,1
24-12-2021,24.16,Mirage,6,12,2070,2
23-10-2020,3.89,Ash,0,1,185,16
24-4-2021,14.89,Revenant,5,2,1051,11
16-8-2021,2.73,Crypto,5,4,1112,12
14-7-2019,3.52,Revenant,6,4,2332,13
17-4-2022,15.19,Crypto,6,4,1911,16
21-1-2021,23.4,Ash,9,7,1722,16
20-5-2019,19.37,Revenant,14,7,3781,13
20-7-2022,14.08,Pathfinder,2,2,432,17
28-12-2020,14.62,Mirage,4,1,1175,2
2-12-2021,3.07,Wraith,2,8,1092,7
26-12-2019,13.94,Wraith,9,7,1458,9
1-9-2019,18.02,Lifeline,4,11,2057,10
19-3-2019,9.91,Mirage,6,6,1868,9
16-7-2021,10.91,Mirage,10,12,3637,9
17-9-2022,28.01,Mirage,3,3,708,8
21-4-2020,14.34,Ash,1,7,1653,6
24-7-2022,2.09,Bloodhound,3,8,1314,15
22-5-2020,25.62,Pathfinder,11,8,4675,20
25-10-2019,23.16,Bangalore,5,6,2133,2
12-7-2022,9.5,Revenant,6,13,2807,7
17-7-2021,5.2,Wraith,6,8,2529,17
19-1-2022,9.81,Wraith,7,3,1093,9
3-7-2021,28.7,Pathfinder,9,8,3357,10
11-4-2019,19.29,Pathfinder,5,5,1654,20
11-4-2021,29.71,Bangalore,7,10,2646,5
7-9-2021,26.79,Bangalore,10,6,2873,11
23-6-2020,26.94,Mirage,6,7,3290,5
4-2-2022,27.98,Revenant,7,9,2114,4
28-1-2021,11.37,Bloodhound,4,0,931,16
9-2-2019,7.14,Bangalore,1,2,604,10
3-7-2022,13.11,Bloodhound,3,4,1721,4
7-1-2021,27.34,Pathfinder,3,11,2055,7
18-11-2019,26.26,Revenant,6,9,3079,5
24-6-2022,28.98,Gibraltar,12,5,3556,16
18-8-2021,2.3,Bangalore,6,7,2697,7
28-7-2021,21.52,Revenant,0,2,424,3
20-9-2022,13.57,Mirage,9,7,4249,12
1-3-2020,15.12,Bangalore,3,7,2221,20
7-6-2021,19.34,Lifeline,5,8,2298,9
20-4-2021,22.07,Pathfinder,7,9,3966,1
29-3-2021,22.31,Gibraltar,8,12,5355,15
9-6-2022,23.49,Mirage,8,13,3222,11
11-10-2022,25.04,Gibraltar,8,3,2840,4
21-12-2021,5.57,Crypto,3,6,1671,7
4-8-2021,10.2,Pathfinder,2,2,766,18
24-12-2020,7.06,Mirage,8,11,3487,16
21-9-2020,20.95,Mirage,5,7,2836,3
8-5-2022,12.04,Bangalore,6,7,2184,14
15-8-2020,22.46,Gibraltar,10,8,2556,11
21-4-2021,17.31,Lifeline,0,6,1170,12
16-4-2021,15.09,Bloodhound,9,2,2075,20
28-1-2020,25.8,Pathfinder,3,6,1784,2
21-6-2020,20.44,Crypto,4,7,3100,4
13-12-2022,25.26,Lifeline,8,6,2938,3
6-12-2022,15.1,Lifeline,5,9,2200,3
15-6-2021,1.83,Revenant,7,14,3196,18
7-3-2022,4.17,Ash,6,1,1221,20
25-5-2020,11.33,Ash,7,6,3467,19
8-11-2020,22.65,Gibraltar,9,5,2472,2
23-12-2021,20.99,Ash,5,10,2621,1
2-11-2020,21.88,Gibraltar,6,4,1586,7
1-7-2022,12.47,Revenant,5,11,4391,19
7-4-2022,10.63,Wraith,10,7,2939,5
10-6-2020,13.73,Ash,0,0,0,13
19-8-2022,11.08,Crypto,2,7,1331,5
20-4-2020,17.13,Crypto,6,7,3468,1
22-7-2022,22.1,Pathfinder,6,8,3313,1
9-11-2019,6.3,Bloodhound,4,4,2270,3
26-2-2020,0.06,Wraith,5,6,2834,4
7-10-2020,1.49,Crypto,8,8,3306,4
25-6-2019,14.33,Wraith,2,0,503,15
2-4-2021,21.8,Crypto,7,3,1836,3
17-8-2022,26.97,Wraith,8,2,2012,13
15-5-2020,2.99,Ash,6,6,3016,20
7-1-2022,23.17,Ash,8,5,3797,11
10-1-2021,0.04,Ash,6,7,3000,12
2-4-2021,22.83,Wraith,9,9,5328,9
29-4-2019,7.09,Crypto,4,0,1050,15
9-7-2019,18.13,Wraith,3,2,1242,9
17-8-2022,27.78,Lifeline,2,8,2418,14
3-5-2020,10.95,Lifeline,3,6,2564,6
2-2-2022,23.77,Mirage,5,8,2812,15
13-8-2021,19.37,Bloodhound,6,10,4029,18
9-5-2021,22.21,Ash,6,8,3778,18
27-6-2022,6.11,Gibraltar,0,5,1160,12
20-12-2022,23.41,Lifeline,4,3,1379,9
21-8-2022,20.57,Mirage,2,6,1690,16
29-3-2021,27.56,Bangalore,8,5,3171,8
29-1-2021,27.73,Crypto,10,6,5275,16
18-9-2021,25.8,Crypto,7,5,3818,9
19-3-2021,8.79,Gibraltar,6,7,2384,15
22-12-2022,21.19,Revenant,1,4,1382,13
23-6-2020,23.08,Mirage,2,2,886,10
5-4-2020,12.43,Pathfinder,8,3,2217,4
25-7-2019,9.15,Bangalore,3,3,1644,16
28-1-2021,8.97,Revenant,8,8,4668,11
18-4-2020,20.76,Bloodhound,10,12,6289,4
28-11-2021,4.09,Crypto,7,9,5280,6
7-8-2019,18.04,Crypto,8,3,3807,12
3-4-2022,21.62,Crypto,2,2,771,1
26-5-2019,7.27,Pathfinder,6,3,3044,1
22-11-2019,10.2,Lifeline,3,5,2042,16
21-12-2022,12.5,Pathfinder,4,9,3408,14
4-11-2022,6.83,Lifeline,5,6,3137,4
20-1-2021,18.04,Ash,9,6,4342,5
10-7-2019,16.56,Pathfinder,3,1,966,11
26-3-2019,6.49,Wraith,2,2,1084,17
13-5-2022,27.23,Wraith,9,4,3764,4
30-7-2019,0.64,Bloodhound,4,7,2911,9
18-4-2022,19.28,Gibraltar,4,13,4376,11
6-6-2020,14.87,Crypto,5,10,3949,7
28-5-2020,26.09,Pathfinder,8,6,3586,20
28-3-2020,13.04,Crypto,6,2,2900,10
28-12-2021,29.04,Ash,1,4,1326,14
1-10-2020,23.73,Bloodhound,4,4,1620,2
9-11-2022,27.38,Gibraltar,3,8,2858,1
30-9-2019,14.47,Wraith,8,7,3441,15
26-1-2022,11.72,Revenant,5,9,3683,6
3-2-2022,6.74,Mirage,12,6,4722,14
29-6-2022,27.5,Bangalore,2,1,955,6
21-3-2022,26.15,Pathfinder,2,2,1128,6
23-11-2021,18.32,Pathfinder,2,3,1418,6
18-2-2020,19.98,Pathfinder,3,6,3151,14
14-7-2020,17.17,Ash,5,8,3407,20
21-1-2022,1.77,Pathfinder,9,6,4643,8
29-7-2021,13.86,Pathfinder,11,7,5872,1
24-10-2020,1.67,Revenant,3,5,2230,10
24-3-2021,26.31,Bloodhound,5,9,4999,6
16-7-2022,14.25,Bloodhound,2,7,2016,7
22-5-2021,27.0,Pathfinder,10,5,4874,11
10-3-2022,13.22,Mirage,4,6,2432,17
22-10-2020,20.21,Revenant,6,11,5905,8
4-10-2021,17.01,Lifeline,11,8,4218,14
26-3-2020,21.38,Revenant,7,5,2954,2
6-4-2019,6.6,Revenant,2,6,2749,16
6-12-2019,25.16,Lifeline,3,5,2717,19
6-5-2021,27.85,Revenant,4,5,2486,7
27-1-2021,12.0,Bangalore,5,5,2971,18
8-3-2021,26.98,Bangalore,15,7,7014,2
23-3-2019,22.34,Pathfinder,6,8,3809,1
24-4-2021,29.98,Lifeline,2,1,1118,4
27-8-2022,20.45,Ash,2,5,1847,10
9-8-2019,13.46,Bloodhound,4,2,2191,4
30-8-2020,17.08,Revenant,5,4,2406,17
28-8-2022,6.6,Wraith,4,4,2684,6
23-3-2022,22.47,Bloodhound,15,8,6069,10
4-9-2020,6.44,Gibraltar,8,6,3937,11
23-12-2019,11.83,Mirage,3,1,1511,16
8-10-2021,18.76,Lifeline,1,9,3728,11
4-8-2021,25.35,Wraith,7,2,2995,16
19-11-2022,13.42,Bangalore,5,7,4041,8
28-2-2021,18.78,Wraith,7,5,3017,5
9-2-2021,14.95,Bangalore,8,8,5335,5
15-9-2021,18.11,Lifeline,10,6,4658,17
17-12-2022,13.3,Mirage,0,1,309,16
5-10-2019,12.27,Bloodhound,4,5,2801,7
14-12-2020,7.11,Bloodhound,4,6,3796,17
3-12-2019,28.77,Gibraltar,3,6,3297,6
3-6-2022,28.6,Bangalore,8,5,5182,20
30-8-2020,24.98,Pathfinder,7,5,4791,11
1-5-2020,7.3,Bloodhound,8,7,4147,13
2-6-2020,24.2,Bloodhound,2,5,1765,15
10-10-2020,3.34,Mirage,1,1,739,14
9-12-2020,6.25,Bloodhound,4,2,2223,12
20-11-2020,13.57,Bangalore,7,6,3759,14
12-12-2021,5.06,Wraith,10,6,6463,16
19-8-2019,11.65,Mirage,7,7,5590,4
8-9-2022,13.01,Pathfinder,8,11,7295,17
2-1-2020,26.98,Lifeline,3,4,2610,12
3-1-2022,17.52,Mirage,4,1,1467,7
14-3-2020,5.14,Pathfinder,2,3,1617,13
8-11-2019,8.85,Wraith,3,4,1984,2
8-6-2022,24.66,Pathfinder,11,5,6166,17
1-4-2019,2.05,Revenant,6,9,1086,11
21-1-2021,6.66,Crypto,6,6,1395,3
4-12-2021,14.64,Mirage,3,1,488,1
21-8-2019,28.95,Crypto,5,9,2433,12
8-7-2022,20.38,Ash,8,7,2664,11
25-11-2021,26.43,Pathfinder,6,6,901,5
7-1-2021,5.07,Mirage,4,13,1923,10
11-6-2022,4.67,Wraith,9,6,2936,19
2-11-2022,28.1,Gibraltar,6,7,1863,6
23-1-2022,23.48,Revenant,1,1,438,19
25-8-2020,13.99,Mirage,4,2,1029,16
18-12-2021,10.57,Lifeline,4,4,1646,16
10-9-2021,10.56,Gibraltar,5,4,1207,2
21-5-2021,22.24,Lifeline,5,4,1435,8
21-6-2020,28.57,Lifeline,7,7,1555,20
23-9-2022,2.59,Pathfinder,8,6,2686,2
15-8-2022,7.87,Pathfinder,5,2,586,18
3-3-2021,7.91,Gibraltar,6,2,585,4
17-6-2020,8.61,Revenant,3,3,888,12
17-9-2021,8.31,Bloodhound,5,3,1040,3
21-3-2020,14.18,Crypto,6,12,2960,4
29-5-2021,0.53,Gibraltar,6,5,1267,8
4-9-2019,15.47,Gibraltar,6,6,935,16
22-5-2022,16.21,Bangalore,4,2,1428,4
26-12-2022,6.85,Pathfinder,1,3,865,6
27-3-2021,4.21,Bloodhound,2,6,1478,20
20-5-2020,19.18,Mirage,5,3,954,5
31-8-2019,9.09,Gibraltar,4,7,944,8
17-4-2019,5.8,Crypto,7,5,1247,4
15-5-2022,5.67,Crypto,8,8,3358,3
1-12-2019,19.09,Bloodhound,2,0,283,8
22-11-2019,25.17,Lifeline,4,3,788,1
25-2-2019,18.66,Bangalore,3,4,1596,4
20-10-2020,6.23,Revenant,10,6,1838,5
17-7-2022,5.28,Gibraltar,7,4,2422,16
12-12-2022,15.2,Lifeline,9,6,1736,19
19-7-2022,28.8,Wraith,6,12,2775,7
1-12-2021,0.67,Crypto,3,1,892,12
2-3-2021,25.91,Wraith,4,4,844,6
10-7-2019,14.88,Bloodhound,3,5,1060,4
3-11-2021,18.52,Revenant,5,3,1241,13
9-3-2021,10.27,Lifeline,4,4,785,10
14-12-2019,1.56,Wraith,10,5,2775,15
13-7-2021,26.29,Revenant,11,6,2384,17
3-3-2021,12.91,Mirage,1,3,601,20
4-4-2021,15.23,Gibraltar,6,4,1157,17
24-10-2019,28.54,Gibraltar,6,7,2042,6
13-6-2022,29.1,Wraith,4,9,1636,6
23-12-2020,8.42,Ash,6,9,2149,7
6-12-2019,7.88,Gibraltar,5,8,2037,14
30-4-2021,9.88,Mirage,6,11,3889,13
17-12-2021,28.65,Crypto,8,3,1798,16
10-8-2021,17.35,Bangalore,2,3,1174,11
23-11-2022,19.89,Wraith,4,4,1232,10
21-6-2020,0.11,Mirage,6,3,1705,8
1-12-2019,16.13,Ash,6,8,1981,18
12-2-2021,11.59,Revenant,7,10,3772,9
14-7-2021,24.31,Revenant,6,8,2258,2
6-4-2020,13.61,Mirage,1,0,282,10
11-8-2020,10.62,Ash,3,5,1628,17
16-9-2021,3.67,Pathfinder,7,3,1640,16
5-8-2019,23.23,Mirage,4,5,2343,18
9-2-2019,11.25,Bangalore,5,11,2063,8
5-2-2021,2.0,Mirage,5,7,2608,15
3-9-2022,6.84,Revenant,8,7,2425,20
3-4-2019,17.02,Gibraltar,3,0,591,5
4-8-2022,17.4,Mirage,8,5,2554,4
8-7-2019,9.01,Mirage,9,2,1913,8
24-1-2022,17.22,Gibraltar,6,6,1866,6
24-11-2021,1.45,Revenant,5,4,1946,16
11-1-2022,5.68,Lifeline,7,11,2747,19
22-4-2019,29.28,Lifeline,9,7,3584,10
10-2-2022,18.13,Revenant,3,3,1569,1
8-11-2021,26.91,Pathfinder,7,7,1860,14
14-6-2022,23.25,Lifeline,7,9,3271,20
2-1-2020,26.58,Mirage,3,6,2455,7
22-6-2022,29.68,Bloodhound,8,6,3324,8
25-8-2020,11.6,Crypto,7,10,3187,5
11-3-2020,9.83,Ash,8,9,3050,16
19-8-2019,28.23,Mirage,4,4,1643,4
18-4-2021,28.47,Ash,1,2,808,10
28-5-2022,3.02,Wraith,4,8,2739,1
29-3-2021,18.14,Mirage,3,8,2004,19
25-9-2022,16.82,Wraith,9,6,3813,8
4-11-2019,19.32,Ash,6,5,2289,20
13-2-2020,14.99,Pathfinder,10,7,4899,3
5-9-2020,22.9,Mirage,4,3,1162,1
4-12-2022,9.6,Crypto,3,5,1361,14
1-6-2022,7.95,Crypto,2,8,2189,11
23-12-2019,29.03,Revenant,3,14,4717,4
30-8-2020,5.62,Gibraltar,4,4,1527,19
23-2-2021,26.03,Ash,6,7,2662,8
28-6-2019,13.28,Crypto,11,12,6544,8
23-3-2021,7.43,Mirage,5,3,1929,17
10-5-2020,8.78,Bloodhound,2,1,643,16
20-12-2022,0.28,Bangalore,2,7,1330,16
4-5-2021,27.49,Bangalore,3,7,2374,19
11-2-2021,3.7,Gibraltar,10,5,2931,11
23-5-2022,8.76,Mirage,8,8,4117,9
6-6-2020,17.58,Lifeline,11,7,3324,13
10-2-2019,16.35,Pathfinder,1,4,1419,14
27-6-2020,3.51,Wraith,2,2,875,6
22-10-2019,7.05,Wraith,7,5,3013,4
21-9-2019,1.06,Wraith,6,5,2110,19
15-6-2021,5.43,Bangalore,5,4,2728,7
3-6-2020,14.87,Lifeline,5,6,1808,10
21-6-2021,8.12,Wraith,7,8,3042,8
10-12-2020,2.03,Mirage,1,2,876,8
18-2-2019,15.35,Bangalore,3,5,1545,4
13-7-2019,14.1,Bloodhound,4,7,2571,4
26-5-2019,19.8,Mirage,7,6,2187,20
24-2-2020,8.54,Revenant,4,7,2940,7
25-3-2019,13.68,Pathfinder,5,10,4001,8
23-7-2022,13.66,Revenant,6,9,3681,15
7-10-2021,26.23,Crypto,1,1,331,19
16-3-2021,10.11,Pathfinder,1,8,1538,19
17-2-2021,25.46,Gibraltar,3,5,2074,9
24-3-2019,4.4,Gibraltar,5,7,3095,13
2-12-2020,13.42,Pathfinder,9,8,4389,5
12-12-2019,25.76,Gibraltar,6,8,3392,11
5-5-2021,16.34,Lifeline,7,9,4287,6
21-5-2020,1.15,Revenant,7,7,3334,10
4-9-2020,24.93,Revenant,5,6,2465,12
16-4-2019,3.29,Gibraltar,7,6,3734,14
20-3-2022,27.4,Bangalore,7,4,3603,20
20-5-2020,8.94,Wraith,8,6,3402,18
3-2-2020,13.97,Revenant,7,7,3099,4
20-4-2019,25.98,Mirage,9,9,4019,17
6-10-2019,15.12,Bangalore,4,2,1994,5
30-6-2019,16.87,Lifeline,2,5,1430,6
4-2-2020,4.67,Lifeline,8,2,3385,15
16-2-2021,25.48,Ash,5,9,3849,16
11-11-2022,13.51,Bangalore,8,10,4242,15
5-3-2020,13.5,Revenant,5,5,2007,11
27-1-2021,7.83,Pathfinder,10,13,5038,4
1-6-2022,11.72,Bloodhound,6,0,1597,17
5-10-2022,11.76,Gibraltar,3,5,1949,7
31-5-2021,11.6,Ash,3,3,1551,8
26-3-2020,20.79,Wraith,7,5,3376,7
11-10-2022,4.56,Crypto,4,5,2092,18
10-2-2019,27.38,Pathfinder,15,11,6676,13
7-8-2021,24.46,Crypto,9,7,5087,12
22-7-2021,18.92,Bloodhound,3,0,854,3
21-7-2020,26.94,Crypto,5,2,2535,20
31-12-2022,9.42,Lifeline,11,6,4926,7
11-9-2022,15.56,Crypto,7,6,4459,9
21-4-2020,18.02,Wraith,11,4,3248,7
4-7-2019,7.29,Gibraltar,6,5,3427,11
22-6-2019,9.49,Pathfinder,10,12,5941,14
5-1-2021,14.53,Crypto,1,4,1179,19
1-1-2020,10.91,Wraith,1,1,673,18
26-11-2022,24.49,Revenant,4,3,2323,11
13-7-2019,5.84,Gibraltar,7,3,3637,2
17-4-2022,19.57,Mirage,5,11,5032,13
21-11-2019,21.21,Mirage,11,7,6000,19
24-2-2021,28.94,Wraith,12,10,5832,17
31-8-2020,4.34,Revenant,1,2,735,12
21-12-2020,10.34,Mirage,2,2,1119,11
4-11-2019,23.66,Gibraltar,2,3,1197,20
30-11-2021,27.92,Ash,12,9,5532,17
14-5-2019,13.52,Mirage,8,11,4644,1
23-9-2021,9.96,Pathfinder,5,9,4699,8
19-12-2022,12.19,Wraith,11,7,6528,8
18-10-2022,8.3,Pathfinder,9,0,2890,10
26-11-2022,17.52,Wraith,2,5,2319,1
4-3-2022,11.87,Crypto,6,4,3689,18
23-4-2022,21.4,Ash,4,5,2904,1
8-9-2019,0.95,Wraith,7,8,4794,1
20-10-2019,19.5,Bangalore,5,5,2487,7
11-5-2021,4.66,Lifeline,7,6,4623,11
19-10-2021,19.97,Gibraltar,1,6,2046,18
23-10-2019,3.78,Bloodhound,1,6,2639,19
20-12-2021,28.03,Bangalore,2,2,1160,19
10-6-2022,7.58,Bloodhound,5,6,3642,8
31-7-2019,8.97,Crypto,4,6,2703,17
20-11-2019,24.17,Pathfinder,7,8,4066,14
11-4-2019,12.84,Wraith,6,6,3379,12
10-11-2020,4.05,Mirage,1,3,1174,2
25-12-2022,22.54,Pathfinder,2,2,1192,14
3-2-2022,9.73,Bloodhound,3,5,2042,20
9-11-2022,0.52,Revenant,5,6,4077,16
8-1-2022,23.43,Bangalore,7,4,3621,7
19-3-2019,9.51,Gibraltar,6,5,3210,8
15-11-2022,7.86,Revenant,6,9,5192,7
15-1-2022,11.97,Bloodhound,5,0,1652,19
14-10-2020,10.02,Bloodhound,6,4,2879,13
23-12-2021,29.88,Ash,9,4,4744,18
29-10-2020,10.32,Ash,4,7,3642,10
4-12-2020,27.33,Bloodhound,6,5,4301,6
24-6-2022,14.25,Mirage,9,7,4474,10
5-9-2020,29.79,Pathfinder,10,8,6426,13
26-12-2020,27.81,Wraith,1,8,2851,16
15-2-2022,2.03,Bangalore,2,1,1107,10
13-1-2022,24.53,Gibraltar,9,4,4738,17
13-11-2021,9.95,Mirage,3,7,3843,1
20-8-2022,5.32,Bloodhound,10,10,7112,18
19-10-2021,22.69,Bangalore,7,8,3905,20
4-10-2019,9.7,Pathfinder,8,6,4446,19
27-9-2021,26.69,Bangalore,1,3,1151,17
29-8-2021,22.96,Gibraltar,2,4,1744,4
10-1-2020,19.66,Wraith,6,7,2184,2
16-1-2021,1.29,Revenant,7,6,2166,18
6-12-2019,4.24,Lifeline,4,6,1403,18
13-12-2022,8.94,Ash,5,8,1083,5
1-12-2020,22.86,Ash,15,16,5731,4
13-3-2019,27.26,Wraith,6,1,1089,20
8-3-2021,24.56,Mirage,2,2,642,13
30-5-2020,24.4,Bloodhound,3,3,722,8
13-4-2021,4.63,Pathfinder,3,8,1583,3
22-2-2019,12.38,Gibraltar,4,8,2296,6
28-12-2019,13.06,Gibraltar,9,9,2366,5
17-10-2020,14.77,Lifeline,7,7,2608,10
24-7-2022,19.42,Revenant,2,3,991,4
1-12-2022,27.96,Gibraltar,7,7,2010,3
2-3-2020,13.97,Crypto,10,2,1510,6
8-5-2022,0.9,Mirage,10,6,1229,18
14-2-2020,1.38,Mirage,4,5,804,8
1-7-2020,1.28,Bloodhound,7,5,2526,4
3-1-2021,13.43,Lifeline,9,8,3143,2
11-11-2019,26.94,Wraith,5,2,1182,16
16-10-2021,22.66,Lifeline,8,2,1296,3
15-6-2019,11.66,Mirage,4,7,968,6
30-8-2019,7.94,Revenant,7,6,1068,1
13-11-2021,9.97,Pathfinder,7,10,1567,8
28-11-2019,23.97,Wraith,9,7,2428,9
7-10-2021,14.43,Ash,8,8,2257,1
3-9-2019,12.35,Gibraltar,1,9,1201,4
7-5-2021,6.7,Bangalore,3,1,908,6
4-11-2019,16.01,Wraith,8,3,2343,2
18-8-2021,11.23,Lifeline,7,7,2225,12
24-12-2019,20.77,Lifeline,10,8,3862,3
12-7-2020,23.6,Pathfinder,7,12,1862,6
14-12-2022,4.35,Mirage,8,6,1623,12
20-10-2022,20.2,Pathfinder,1,2,522,16
11-6-2022,16.51,Bloodhound,5,2,1173,16
16-3-2019,10.17,Ash,3,3,875,9
10-7-2019,15.57,Pathfinder,5,13,3798,19
15-12-2022,8.67,Pathfinder,6,7,2185,13
10-3-2022,19.24,Crypto,8,8,3585,12
31-8-2022,9.64,Ash,12,6,4113,3
9-8-2019,2.35,Gibraltar,0,8,782,10
29-12-2021,12.53,Bloodhound,7,6,3015,1
19-2-2020,13.74,Pathfinder,9,3,2876,13
28-3-2020,12.94,Mirage,3,3,717,6
10-4-2020,27.64,Crypto,12,4,3904,4
17-6-2022,12.05,Bangalore,9,9,4062,5
9-12-2022,12.8,Revenant,8,12,4226,16
5-6-2019,17.95,Ash,6,1,1022,4
28-10-2022,1.28,Lifeline,3,1,500,16
17-10-2022,15.62,Crypto,2,2,684,3
21-12-2022,9.05,Revenant,4,8,1857,10
19-11-2021,3.14,Lifeline,6,4,2210,15
28-10-2022,5.73,Pathfinder,10,13,4680,1
26-3-2021,27.95,Pathfinder,8,7,2977,15
12-10-2022,17.79,Revenant,7,4,1503,17
24-2-2022,14.98,Bloodhound,1,2,628,18
5-2-2020,7.7,Bangalore,3,8,2324,13
15-12-2020,25.97,Wraith,3,9,2057,8
13-5-2019,1.97,Bloodhound,4,4,1861,13
15-1-2021,24.13,Lifeline,5,11,3525,10
23-12-2022,29.76,Wraith,9,6,4035,7
24-1-2020,8.67,Pathfinder,0,4,973,7
24-2-2019,9.32,Bangalore,2,6,1517,14
18-11-2022,27.63,Ash,2,8,1317,2
29-9-2019,7.44,Crypto,3,4,837,13
19-7-2020,12.21,Mirage,9,10,3692,18
28-3-2020,4.73,Lifeline,7,10,2550,3
7-3-2022,21.82,Mirage,8,15,3279,4
2-11-2020,1.03,Pathfinder,2,0,354,12
21-3-2020,16.32,Wraith,5,2,1675,12
24-2-2022,26.56,Bangalore,11,6,2918,6
30-12-2019,5.79,Gibraltar,3,3,1022,9
8-5-2022,28.9,Bangalore,7,9,2202,17
11-11-2022,1.38,Gibraltar,6,6,2876,4
12-8-2022,27.48,Mirage,13,9,4750,7
16-8-2022,8.59,Bloodhound,1,1,439,8
20-7-2020,23.01,Pathfinder,1,2,770,17
28-1-2021,27.53,Bloodhound,5,6,1786,14
14-4-2021,4.55,Bloodhound,5,3,1263,19
8-7-2019,17.53,Bangalore,7,8,3828,15
22-5-2022,23.84,Revenant,8,10,4602,4
11-5-2022,3.65,Wraith,7,7,4051,10
4-9-2019,0.12,Pathfinder,4,5,2028,13
28-12-2022,16.96,Wraith,4,2,1411,3
23-8-2020,18.66,Lifeline,3,7,1639,9
4-3-2021,14.51,Mirage,6,10,4558,15
9-11-2022,21.9,Gibraltar,4,12,4482,1
9-6-2021,27.44,Lifeline,5,8,3674,18
26-12-2019,29.47,Gibraltar,7,13,3745,7
9-5-2021,18.98,Bloodhound,8,6,2933,16
11-7-2021,9.22,Bangalore,4,1,1352,6
8-7-2019,3.72,Crypto,2,8,1803,16
2-6-2020,6.14,Lifeline,7,3,1796,12
25-5-2019,23.29,Gibraltar,10,8,4139,14
1-11-2019,19.97,Wraith,11,6,5207,7
22-6-2019,10.43,Crypto,10,8,3344,1
23-8-2019,9.85,Wraith,3,0,818,5
8-12-2020,9.92,Bangalore,4,9,3371,1
22-8-2022,12.08,Ash,2,5,1670,11
25-12-2021,29.24,Mirage,4,7,2093,6
31-3-2019,16.81,Revenant,6,7,2579,14
17-5-2020,0.23,Pathfinder,8,5,2582,12
28-5-2022,26.28,Lifeline,14,7,4830,7
27-6-2019,7.99,Pathfinder,1,2,796,16
28-5-2019,11.87,Mirage,1,9,2644,2
6-2-2022,4.86,Wraith,5,2,2106,13
16-11-2019,7.33,Crypto,3,4,1663,8
6-8-2019,18.22,Ash,5,8,3584,9
23-5-2019,17.8,Bangalore,5,13,5259,18
12-8-2021,5.45,Mirage,6,9,4124,9
18-2-2021,22.24,Lifeline,4,6,2147,17
5-11-2021,13.97,Gibraltar,3,2,914,13
21-9-2021,26.53,Ash,3,9,3423,9
10-5-2021,11.09,Revenant,4,3,1431,18
9-6-2021,4.45,Lifeline,6,5,3069,12
8-11-2019,28.83,Revenant,5,8,3437,19
20-12-2020,2.76,Mirage,9,8,4910,12
1-10-2021,3.34,Pathfinder,0,0,0,7
28-2-2022,19.73,Ash,8,5,3570,18
21-12-2020,14.93,Lifeline,2,3,874,3
20-4-2022,8.36,Gibraltar,3,9,3677,13
7-12-2021,22.11,Bangalore,7,6,4204,20
7-11-2021,17.61,Wraith,5,5,2597,19
1-10-2019,3.91,Bloodhound,6,11,5146,8
6-2-2021,23.5,Lifeline,8,9,4935,20
9-11-2019,2.72,Mirage,5,7,3849,2
16-4-2020,17.29,Revenant,5,2,2158,3
27-3-2020,3.89,Wraith,6,3,1694,4
24-3-2022,11.57,Bangalore,4,4,2524,9
7-9-2022,19.58,Bloodhound,6,8,2560,20
20-10-2020,25.89,Lifeline,10,12,6213,17
25-9-2019,26.03,Gibraltar,3,4,1323,1
30-7-2022,24.32,Gibraltar,2,4,1124,15
2-7-2022,13.13,Wraith,3,4,1933,7
13-7-2022,15.19,Revenant,7,5,4158,15
22-9-2022,15.17,Bangalore,9,8,4035,6
15-1-2021,12.09,Lifeline,10,6,5443,19
3-5-2019,8.26,Lifeline,7,6,4231,3
1-10-2020,11.67,Mirage,2,2,1001,10
6-8-2022,22.04,Ash,2,8,2377,5
23-4-2019,8.76,Crypto,2,3,946,12
4-4-2019,26.89,Mirage,5,4,3055,8
13-8-2021,24.39,Mirage,6,6,2570,15
17-6-2021,3.74,Pathfinder,9,8,4222,2
10-12-2019,7.4,Bloodhound,9,9,4204,3
30-12-2019,19.09,Bloodhound,1,8,1841,16
2-1-2021,15.32,Mirage,5,1,1607,12
18-7-2020,7.19,Pathfinder,5,2,2056,20
26-7-2021,0.04,Pathfinder,6,6,2838,16
15-10-2021,24.34,Wraith,11,8,6303,17
19-8-2021,28.68,Revenant,5,10,4150,8
12-3-2019,0.68,Crypto,10,6,5470,9
11-1-2022,25.17,Pathfinder,7,1,3038,6
8-12-2021,16.92,Bloodhound,3,4,2229,7
28-6-2020,18.49,Mirage,11,6,6031,8
19-10-2019,25.53,Crypto,6,10,3872,10
26-2-2020,13.59,Gibraltar,4,5,2099,4
20-1-2021,29.04,Crypto,7,7,4227,13
18-2-2019,1.69,Bloodhound,13,7,4712,9
12-10-2019,3.78,Bangalore,3,0,1172,13
12-7-2019,16.8,Revenant,2,2,1330,14
13-11-2022,5.93,Ash,2,2,1354,3
11-10-2022,13.54,Pathfinder,4,9,4269,17
30-1-2021,19.65,Crypto,6,8,5083,3
18-12-2019,19.89,Revenant,12,12,8126,12
21-9-2020,18.64,Lifeline,11,9,6840,18
13-9-2019,18.36,Bangalore,1,0,259,5
20-12-2019,1.3,Mirage,3,4,2494,7
28-3-2020,5.09,Bangalore,4,3,1932,12
11-11-2022,14.34,Bloodhound,3,3,1877,16
28-6-2020,2.37,Crypto,4,4,2725,15
30-7-2022,0.79,Crypto,11,9,5451,12
5-11-2019,8.19,Lifeline,6,7,3068,8
11-11-2022,16.31,Bangalore,0,4,1048,16
8-8-2021,4.86,Mirage,5,2,2193,8
1-5-2022,2.78,Bloodhound,4,4,1973,10
17-5-2022,18.69,Revenant,3,11,5058,11
11-8-2022,10.9,Crypto,10,6,5922,1
31-3-2021,20.45,Revenant,6,7,3484,10
2-8-2019,23.71,Gibraltar,9,7,3864,18
29-5-2021,13.64,Gibraltar,5,1,1780,2
29-3-2022,0.79,Lifeline,1,8,3403,14
28-5-2019,13.1,Mirage,5,4,3534,4
24-6-2022,17.99,Bloodhound,11,3,5777,12
23-10-2021,14.76,Bangalore,4,9,4953,7
23-7-2020,23.98,Bangalore,10,13,7036,14
15-1-2020,16.11,Lifeline,6,10,5628,5
22-10-2019,23.69,Revenant,3,3,2408,8
11-12-2019,24.72,Wraith,6,2,2503,11
29-4-2020,26.55,Bloodhound,3,12,4955,7
24-7-2020,15.26,Revenant,3,3,2237,3
25-12-2021,3.57,Bangalore,9,5,5230,16
10-4-2019,3.7,Bloodhound,7,8,4016,9
1-1-2020,14.18,Mirage,10,7,4938,13
5-12-2021,18.54,Bloodhound,4,2,1839,18
4-2-2020,22.72,Pathfinder,1,2,741,17
7-5-2022,20.42,Gibraltar,6,5,2924,16
9-2-2020,25.98,Mirage,5,4,3147,2
10-6-2022,2.9,Crypto,5,10,4756,11
17-6-2021,26.01,Crypto,8,8,4731,20
12-9-2021,28.21,Gibraltar,8,8,2063,2
2-12-2021,7.1,Revenant,3,0,717,5
2-6-2022,5.32,Revenant,1,6,645,16
14-8-2022,28.5,Crypto,3,6,555,4
16-12-2020,8.77,Crypto,3,6,1317,20
8-11-2022,21.56,Crypto,4,8,1241,17
25-5-2022,28.48,Bloodhound,5,10,958,7
17-8-2022,14.45,Lifeline,11,6,3154,2
15-10-2020,24.1,Bangalore,10,3,875,16
13-3-2022,19.77,Bangalore,2,9,1151,5
23-1-2020,4.57,Ash,6,3,1554,11
16-12-2021,23.04,Bangalore,4,3,489,2
8-9-2020,24.17,Mirage,10,5,3381,5
30-12-2019,10.36,Mirage,6,5,1410,3
6-5-2021,10.57,Ash,11,8,1469,2
10-9-2022,9.01,Lifeline,5,3,974,6
1-12-2021,26.86,Gibraltar,2,2,679,13
7-11-2022,14.0,Gibraltar,3,5,1674,3
2-5-2019,28.39,Wraith,4,6,1239,12
7-4-2021,18.51,Lifeline,5,5,1785,4
2-9-2019,10.53,Bangalore,5,5,1534,1
19-8-2019,21.05,Bloodhound,7,8,2601,1
3-3-2021,23.94,Gibraltar,1,2,466,3
3-10-2021,5.42,Revenant,2,4,955,20
3-6-2019,8.56,Crypto,6,7,1835,6
18-2-2021,19.47,Wraith,4,3,1349,9
13-4-2019,22.99,Revenant,8,6,2145,3
6-5-2020,6.28,Gibraltar,5,5,2075,4
29-12-2021,8.11,Ash,8,9,1649,19
16-1-2022,23.28,Bloodhound,0,1,152,8
4-6-2019,23.83,Crypto,2,9,1017,18
17-10-2020,27.73,Bloodhound,4,6,1651,16
5-7-2019,2.66,Pathfinder,5,9,2134,17
19-10-2022,18.45,Mirage,4,5,1902,20
10-11-2020,6.91,Bangalore,7,7,2463,10
19-1-2021,8.84,Ash,7,6,1413,9
5-4-2022,23.34,Bloodhound,8,2,1634,2
11-3-2020,28.3,Gibraltar,3,5,719,10
16-11-2021,24.56,Ash,9,4,2993,8
9-8-2021,25.78,Wraith,3,6,2019,9
28-9-2019,19.52,Bangalore,5,9,1452,20
26-3-2021,11.47,Pathfinder,9,8,4073,8
8-2-2021,8.91,Lifeline,9,12,4767,18
11-12-2021,5.33,Bloodhound,0,3,333,12
26-12-2022,24.84,Bloodhound,2,2,890,20
24-1-2020,28.47,Wraith,5,5,1023,18
13-5-2020,4.15,Lifeline,6,7,2193,18
30-9-2019,5.91,Ash,4,4,1045,11
16-10-2021,18.17,Bangalore,12,10,3534,5
21-5-2019,19.17,Bangalore,7,9,3546,12
1-10-2021,2.98,Pathfinder,4,0,722,10
21-6-2022,28.13,Gibraltar,9,4,3518,8
23-8-2019,26.94,Ash,3,5,1036,16
18-10-2019,6.5,Pathfinder,3,3,1162,16
21-2-2021,6.79,Pathfinder,5,4,1973,16
29-3-2020,2.57,Bangalore,10,11,3920,13
2-7-2020,11.75,Ash,7,6,2120,20
26-6-2021,28.19,Ash,2,2,649,19
21-9-2022,23.5,Pathfinder,3,3,994,9
14-1-2020,25.19,Gibraltar,8,3,1435,3
9-1-2021,7.76,Gibraltar,5,3,1611,11
20-2-2019,12.08,Revenant,13,5,4752,17
9-12-2020,19.22,Ash,8,8,2817,12
1-1-2022,27.39,Wraith,12,10,2724,5
20-12-2020,24.09,Pathfinder,7,2,1566,16
23-4-2022,20.41,Crypto,3,6,1841,14
1-4-2020,7.92,Bangalore,5,2,1096,1
16-9-2020,17.07,Crypto,3,5,1188,12
18-1-2022,10.77,Crypto,5,4,1442,16
29-6-2020,17.14,Pathfinder,9,7,3348,8
22-4-2022,22.32,Mirage,10,7,2566,6
16-9-2022,22.84,Gibraltar,0,1,233,5
14-2-2020,29.82,Lifeline,3,4,1655,1
15-4-2020,2.92,Wraith,2,2,806,9
17-10-2020,7.24,Pathfinder,3,6,1614,1
30-12-2021,18.88,Lifeline,7,4,1570,14
23-5-2022,3.89,Gibraltar,6,6,3257,6
28-5-2021,28.25,Gibraltar,11,9,5167,11
26-10-2020,23.91,Revenant,7,3,1573,6
28-7-2020,20.38,Ash,3,1,1151,20
30-5-2022,16.04,Bloodhound,3,6,1730,15
21-6-2019,0.57,Lifeline,5,3,2256,7
4-7-2022,20.52,Lifeline,5,6,2660,5
3-4-2020,15.98,Bangalore,6,5,2074,15
13-2-2021,19.39,Wraith,11,8,3925,19
29-4-2021,0.75,Mirage,2,7,1923,8
6-12-2019,5.88,Ash,3,1,1056,3
14-5-2020,8.97,Wraith,2,3,722,12
11-1-2021,26.89,Pathfinder,8,4,3459,14
20-2-2021,24.91,Revenant,11,5,4460,2
9-11-2021,19.03,Wraith,15,8,4219,18
24-8-2019,21.99,Crypto,7,8,2422,5
20-6-2021,24.32,Lifeline,5,1,1921,4
23-1-2022,24.12,Ash,4,9,2409,17
25-9-2019,9.64,Lifeline,2,6,2211,2
9-3-2022,15.92,Crypto,9,5,2951,8
18-12-2022,19.44,Crypto,13,7,4047,8
23-3-2019,23.01,Pathfinder,11,12,4860,15
2-12-2022,2.22,Mirage,7,7,3875,8
7-4-2021,8.12,Ash,0,2,549,9
