18-1-2021,14.1,Pathfinder,9,1,1727,17
8-3-2021,22.89,Lifeline,9,4,2253,1
11-4-2019,16.47,Lifeline,3,4,795,5
21-2-2021,9.33,Lifeline,4,6,548,5
19-10-2021,21.63,Gibraltar,19,3,2676,14
30-8-2019,9.93,Wraith,5,1,853,16
20-3-2021,21.45,Bangalore,4,3,1210,6
2-10-2021,22.48,Pathfinder,2,6,1138,12
24-1-2022,26.58,Lifeline,5,4,1157,4
27-12-2020,16.42,Pathfinder,4,4,732,7
17-12-2021,10.19,Bloodhound,1,17,2212,4
17-6-2022,15.6,Pathfinder,1,9,1263,14
14-2-2020,6.62,Gibraltar,4,1,881,17
5-10-2019,11.13,Valkyrie,1,7,1071,6
17-10-2021,13.8,Wraith,3,3,969,12
14-9-2022,28.06,Pathfinder,7,9,2034,10
7-4-2021,23.52,Wraith,3,10,1676,15
7-11-2022,26.71,Bloodhound,3,6,1628,13
12-2-2021,9.54,Wraith,4,1,475,10
5-11-2020,10.85,Wraith,9,6,2083,5
18-9-2020,16.19,Bloodhound,13,1,1523,17
25-6-2022,24.39,Wraith,11,5,2575,13
13-9-2021,23.79,Gibraltar,3,17,3579,6
16-3-2022,11.96,Wraith,10,5,2525,9
14-9-2022,9.78,Wraith,0,7,969,4
7-10-2019,14.73,Lifeline,2,7,526,11
24-8-2019,10.78,Gibraltar,1,9,1685,20
19-11-2022,0.73,Gibraltar,1,11,1042,8
29-11-2019,18.94,Bloodhound,7,3,604,18
16-9-2022,12.87,Valkyrie,9,2,1464,16
18-12-2022,3.21,Bangalore,1,5,1042,16
21-5-2020,28.18,Valkyrie,6,10,1560,5
26-1-2022,11.58,Valkyrie,4,1,466,7
14-8-2021,14.05,Pathfinder,1,1,396,19
1-6-2021,15.39,Pathfinder,15,9,2079,10
12-4-2019,23.18,Wraith,2,13,956,6
4-8-2021,14.9,Bangalore,19,2,2409,8
3-2-2020,17.6,Bangalore,9,3,846,15
7-8-2022,20.6,Wraith,9,7,2409,17
10-3-2021,16.97,Gibraltar,4,4,956,13
5-9-2019,9.88,Wraith,6,0,1068,12
26-9-2020,0.05,Pathfinder,2,0,153,16
4-2-2022,11.29,Gibraltar,3,4,537,13
7-8-2020,13.06,Pathfinder,19,8,3398,9
20-5-2021,7.75,Bloodhound,9,5,1117,11
19-3-2019,12.78,Bloodhound,1,1,363,11
22-6-2020,28.63,Gibraltar,13,11,3527,14
5-5-2022,23.14,Wraith,4,4,1273,18
21-4-2021,18.77,Bangalore,4,1,1107,15
9-9-2021,18.7,Valkyrie,5,15,2272,11
13-6-2021,13.3,Bloodhound,5,4,1796,15
13-11-2019,10.41,Lifeline,1,5,1161,14
10-8-2021,19.05,Valkyrie,1,12,1293,9
5-7-2022,7.46,Bloodhound,2,6,1473,5
29-11-2022,8.35,Valkyrie,3,2,420,18
5-10-2022,24.49,Gibraltar,2,11,1788,15
30-10-2019,10.66,Gibraltar,7,17,2520,13
24-10-2019,20.99,Bangalore,5,10,2388,15
15-1-2020,29.85,Pathfinder,12,3,1648,7
16-11-2020,3.37,Gibraltar,5,0,882,9
29-7-2022,0.43,Wraith,2,14,1739,6
20-2-2020,11.49,Wraith,6,10,2041,6
23-8-2019,2.15,Bangalore,5,1,776,16
5-8-2022,28.59,Gibraltar,11,2,1915,7
28-11-2022,5.2,Wraith,7,1,1594,12
3-1-2020,29.38,Lifeline,2,2,793,9
14-10-2019,10.62,Bangalore,1,1,365,3
16-2-2022,11.45,Valkyrie,2,14,2823,3
2-9-2021,22.21,Valkyrie,4,6,2086,16
12-4-2019,7.62,Lifeline,3,3,697,9
28-10-2019,16.92,Pathfinder,8,9,1104,10
9-6-2019,8.15,Wraith,4,10,763,11
7-2-2022,13.05,Bangalore,3,7,1197,15
24-12-2019,22.23,Bangalore,3,3,1165,17
28-1-2022,12.76,Valkyrie,6,18,2939,12
18-7-2019,25.27,Bloodhound,11,2,2447,2
14-2-2019,0.42,Gibraltar,12,0,2094,10
31-7-2022,16.44,Bloodhound,5,4,1955,19
26-9-2019,7.64,Valkyrie,5,15,2119,16
10-3-2019,27.7,Bangalore,3,19,1209,11
1-3-2019,3.51,Lifeline,13,3,2662,4
30-8-2022,8.92,Bangalore,1,7,483,6
8-12-2020,0.33,Valkyrie,5,7,990,17
14-6-2022,4.68,Bloodhound,16,18,5240,2
5-3-2019,24.33,Valkyrie,9,4,1484,4
9-3-2021,1.92,Gibraltar,1,1,378,7
6-8-2022,5.81,Wraith,2,11,802,20
15-3-2020,14.95,Gibraltar,1,1,352,16
3-3-2022,1.65,Bangalore,11,1,1266,19
16-6-2021,14.22,Pathfinder,13,17,3982,13
1-2-2020,19.77,Gibraltar,13,7,2450,15
5-7-2019,7.6,Wraith,5,3,450,7
7-5-2021,28.8,Pathfinder,19,21,7125,6
11-3-2021,21.35,Wraith,14,3,1362,1
25-10-2019,15.49,Pathfinder,10,8,1223,9
3-10-2020,16.67,Valkyrie,8,8,2177,13
21-11-2021,21.16,Lifeline,8,11,2324,6
4-4-2022,4.87,Lifeline,3,7,815,17
7-9-2022,15.68,Valkyrie,3,2,279,6
29-6-2019,10.22,Valkyrie,9,8,2485,11
3-4-2019,19.68,Bloodhound,1,9,1749,6
3-8-2020,23.88,Wraith,13,17,5300,9
23-1-2020,4.86,Pathfinder,0,5,657,19
17-2-2019,28.71,Lifeline,10,2,1869,7
10-4-2019,3.52,Pathfinder,3,0,389,10
12-1-2022,29.14,Lifeline,5,5,1442,6
9-10-2021,2.7,Lifeline,4,9,1848,19
17-3-2019,16.09,Pathfinder,1,3,235,14
13-7-2021,9.32,Bloodhound,6,6,2085,15
27-2-2020,4.55,Pathfinder,1,14,835,17
1-10-2021,0.27,Pathfinder,7,11,2233,16
17-9-2021,18.56,Valkyrie,14,5,3377,19
21-12-2020,29.41,Gibraltar,11,3,1497,3
21-1-2021,28.05,Pathfinder,3,5,1303,16
21-12-2020,18.21,Pathfinder,7,7,1628,1
2-9-2022,4.97,Lifeline,3,4,1302,15
31-7-2019,19.81,Lifeline,1,10,2172,2
19-10-2022,15.73,Pathfinder,7,3,946,17
25-8-2022,23.83,Pathfinder,4,2,378,16
9-2-2021,8.46,Lifeline,4,4,1493,9
18-5-2022,9.47,Valkyrie,7,1,1114,15
5-11-2022,6.12,Pathfinder,1,11,1186,3
7-5-2021,29.64,Bangalore,19,11,4393,8
1-9-2020,24.91,Gibraltar,6,2,1772,3
16-4-2021,15.05,Pathfinder,16,2,3485,20
11-2-2019,11.86,Lifeline,11,10,2295,15
28-2-2021,28.09,Bloodhound,4,10,1029,13
13-8-2021,7.65,Pathfinder,10,13,2527,14
30-12-2021,3.36,Gibraltar,8,4,1229,2
4-9-2020,24.62,Valkyrie,2,12,981,18
3-10-2021,21.01,Gibraltar,9,6,1916,15
17-11-2021,20.89,Gibraltar,2,9,972,10
13-12-2019,16.79,Bangalore,6,1,819,13
16-11-2020,21.77,Pathfinder,3,2,928,4
23-4-2021,2.28,Gibraltar,0,0,0,7
21-2-2020,0.5,Pathfinder,0,0,0,6
8-11-2020,4.68,Pathfinder,3,10,857,1
15-11-2019,29.81,Gibraltar,14,7,3579,15
1-7-2022,22.07,Lifeline,9,6,1160,7
5-7-2019,27.68,Bangalore,10,5,3004,11
10-5-2022,14.42,Gibraltar,12,6,3910,11
8-5-2020,14.19,Lifeline,6,5,1724,19
4-5-2020,26.83,Pathfinder,2,6,997,12
13-5-2019,8.02,Wraith,0,6,594,19
19-6-2022,27.97,Bangalore,2,6,606,20
21-10-2021,6.26,Valkyrie,2,5,1269,13
27-5-2019,22.76,Lifeline,2,6,1457,16
7-10-2022,14.31,Bloodhound,5,11,1791,1
8-11-2021,17.68,Pathfinder,2,1,313,3
16-8-2021,24.55,Pathfinder,3,3,611,8
29-9-2019,6.5,Gibraltar,0,0,0,19
8-10-2022,5.34,Gibraltar,4,6,1074,15
5-4-2021,27.21,Pathfinder,9,17,4150,17
22-2-2019,16.29,Bangalore,1,5,899,8
27-7-2020,29.8,Pathfinder,15,3,2928,9
27-8-2021,21.59,Pathfinder,2,7,1503,7
27-3-2019,0.62,Bangalore,11,6,2119,7
1-12-2019,28.46,Gibraltar,3,4,941,7
31-7-2020,22.33,Lifeline,3,4,619,14
30-11-2020,13.3,Valkyrie,14,6,2167,19
30-10-2022,16.65,Bloodhound,1,1,314,12
6-2-2020,6.03,Gibraltar,8,2,2267,15
4-3-2020,18.11,Bangalore,5,15,1252,17
18-5-2020,13.07,Pathfinder,7,8,2597,18
6-6-2020,29.42,Wraith,8,15,2705,15
21-2-2020,3.03,Pathfinder,9,0,1316,3
17-2-2021,15.45,Gibraltar,1,5,1064,4
3-8-2019,28.59,Wraith,2,7,1067,16
14-10-2022,13.74,Lifeline,1,5,931,9
12-2-2020,5.62,Gibraltar,12,7,1069,14
26-7-2022,15.08,Gibraltar,1,3,658,8
17-6-2022,18.2,Valkyrie,17,2,2096,19
28-4-2021,10.78,Lifeline,1,1,193,7
8-7-2021,3.91,Valkyrie,9,1,1767,17
17-10-2021,29.83,Bangalore,11,10,4015,6
15-6-2022,13.92,Pathfinder,1,12,907,17
24-10-2022,2.47,Bloodhound,2,5,571,7
5-11-2020,6.67,Lifeline,0,4,600,4
8-12-2022,14.67,Bangalore,8,5,2745,4
12-11-2019,26.82,Lifeline,5,14,3309,6
3-3-2021,8.58,Bloodhound,13,10,2295,10
18-3-2022,14.86,Pathfinder,1,2,171,16
2-7-2022,17.2,Lifeline,4,11,1332,11
16-5-2022,27.01,Valkyrie,6,5,789,19
25-3-2022,12.62,Bloodhound,1,6,499,3
7-7-2020,15.68,Gibraltar,2,5,1400,19
2-7-2020,15.34,Wraith,2,3,376,14
11-6-2020,8.89,Lifeline,0,4,508,7
30-12-2019,2.3,Valkyrie,1,6,641,14
13-4-2022,13.52,Gibraltar,14,1,2402,7
19-1-2022,3.46,Bloodhound,14,0,2145,8
12-1-2020,7.01,Pathfinder,4,0,584,8
15-2-2022,26.74,Valkyrie,5,4,1522,6
2-3-2021,28.78,Bangalore,2,10,1914,12
3-2-2022,11.31,Wraith,9,5,2408,15
10-3-2019,10.37,Wraith,5,5,1429,7
19-3-2019,14.61,Pathfinder,5,3,1169,18
15-10-2019,9.73,Lifeline,4,16,1177,8
14-6-2021,27.96,Wraith,2,9,920,16
8-3-2019,5.11,Lifeline,16,0,1041,15
31-1-2022,13.2,Pathfinder,5,1,1094,7
22-6-2022,22.22,Gibraltar,2,4,808,8
18-4-2022,4.19,Wraith,15,10,3339,8
6-8-2022,29.93,Bangalore,3,3,912,3
6-12-2022,21.85,Pathfinder,2,8,1880,12
13-8-2019,9.47,Bloodhound,11,14,4657,8
11-1-2022,6.59,Bangalore,14,3,3145,19
3-7-2020,1.08,Gibraltar,5,5,1942,16
3-3-2020,15.36,Bloodhound,3,3,1151,10
26-6-2022,11.58,Wraith,7,7,2129,11
14-4-2020,12.89,Bangalore,8,2,1510,3
7-12-2020,5.12,Bloodhound,12,4,3533,10
6-11-2021,5.2,Gibraltar,1,8,1647,5
6-3-2019,15.5,Valkyrie,5,2,1195,18
29-11-2020,23.42,Wraith,3,2,912,13
29-8-2021,20.75,Bangalore,11,2,2269,16
3-12-2021,5.43,Bloodhound,6,5,1805,8
19-4-2019,23.92,Valkyrie,2,15,1199,16
20-12-2022,7.93,Wraith,6,2,1432,15
21-12-2021,4.56,Wraith,2,2,846,8
23-8-2021,15.32,Bloodhound,1,9,975,5
16-2-2021,12.59,Bloodhound,12,9,1226,12
3-12-2019,16.67,Lifeline,2,9,1986,20
30-7-2019,11.92,Bangalore,6,1,1340,8
26-6-2022,20.88,Bloodhound,9,2,1516,18
18-5-2022,11.78,Bangalore,1,6,1102,2
18-8-2022,13.51,Bloodhound,8,1,610,8
13-9-2021,21.97,Pathfinder,9,2,723,17
24-5-2020,0.05,Valkyrie,9,1,1038,14
3-6-2019,2.08,Bangalore,6,18,4294,3
11-2-2021,23.86,Lifeline,17,4,1592,16
14-11-2019,28.92,Gibraltar,3,2,935,19
2-5-2022,26.82,Gibraltar,6,9,1821,2
4-5-2022,29.22,Lifeline,2,5,526,4
26-8-2020,27.06,Bangalore,12,10,4018,5
7-7-2022,7.65,Bangalore,9,3,2265,10
29-4-2021,29.95,Lifeline,3,12,1474,14
22-1-2021,22.3,Bloodhound,2,9,1711,7
23-9-2020,6.72,Bangalore,8,2,1439,4
29-12-2020,26.84,Gibraltar,5,2,919,11
1-9-2020,14.17,Pathfinder,8,1,1094,3
5-3-2022,21.48,Bangalore,5,14,3509,15
16-5-2019,7.8,Bloodhound,11,3,2573,19
14-7-2022,22.26,Lifeline,5,3,1322,16
6-3-2021,15.32,Gibraltar,12,14,3191,10
17-7-2022,18.38,Lifeline,2,2,295,6
11-8-2019,3.14,Bangalore,3,4,707,3
15-11-2022,12.67,Gibraltar,4,1,375,7
13-2-2019,3.41,Bangalore,2,2,830,11
21-11-2022,28.15,Gibraltar,3,3,520,1
12-3-2021,7.49,Pathfinder,6,10,1456,10
1-2-2021,29.37,Pathfinder,18,6,1966,20
6-7-2020,1.13,Valkyrie,1,4,482,14
27-3-2020,16.9,Bangalore,4,1,1161,9
4-3-2020,8.55,Bangalore,1,1,421,17
4-12-2021,16.28,Bangalore,20,2,1873,4
15-9-2019,5.68,Wraith,0,10,571,13
2-7-2021,15.58,Gibraltar,2,12,754,4
4-1-2022,11.86,Valkyrie,7,5,1837,2
17-4-2020,23.93,Bloodhound,2,2,232,1
24-7-2022,24.31,Bangalore,2,5,888,3
26-9-2020,20.62,Pathfinder,5,9,1168,19
26-11-2019,21.1,Wraith,10,2,2339,2
19-10-2021,7.37,Wraith,0,3,212,7
15-7-2020,29.32,Wraith,2,9,603,13
25-12-2021,22.09,Wraith,4,4,905,12
30-7-2021,21.69,Lifeline,2,2,438,5
1-12-2020,4.45,Gibraltar,0,3,157,17
24-6-2019,9.35,Lifeline,5,14,1422,8
2-9-2019,18.3,Bloodhound,1,1,189,1
16-2-2021,19.23,Lifeline,4,14,2744,1
6-7-2022,15.1,Bangalore,15,2,1879,7
9-4-2021,17.9,Bloodhound,5,2,402,19
19-6-2021,26.1,Valkyrie,2,2,263,14
27-3-2022,13.39,Gibraltar,1,7,1464,19
24-3-2022,9.89,Wraith,5,0,1051,13
16-1-2021,10.48,Valkyrie,18,9,5828,9
12-3-2022,24.82,Bangalore,6,2,744,20
24-6-2019,28.82,Bloodhound,20,15,7180,14
3-9-2019,22.33,Valkyrie,7,3,1874,11
10-3-2019,10.45,Bloodhound,1,1,219,18
11-4-2020,23.38,Bloodhound,4,3,757,6
3-7-2021,28.02,Valkyrie,2,6,514,2
5-11-2020,1.25,Wraith,3,14,1756,14
8-3-2022,29.82,Bangalore,2,5,1023,11
28-11-2020,6.28,Bangalore,1,9,647,1
4-3-2021,0.83,Lifeline,6,12,1814,1
5-5-2022,19.71,Gibraltar,9,5,2323,8
2-6-2020,14.52,Bangalore,4,2,863,7
5-4-2019,5.6,Bangalore,3,1,689,6
28-12-2019,18.36,Wraith,2,18,3708,14
14-7-2019,9.47,Gibraltar,4,5,1846,17
26-7-2020,18.28,Lifeline,7,18,1749,17
16-5-2020,0.56,Gibraltar,3,0,680,17
26-3-2020,2.42,Pathfinder,3,2,264,9
4-8-2021,21.24,Wraith,7,14,3114,2
7-8-2020,13.92,Wraith,8,14,2666,20
25-6-2021,14.22,Gibraltar,12,17,1723,18
28-3-2019,13.69,Lifeline,4,3,1216,11
4-5-2019,26.83,Valkyrie,3,14,1730,14
6-10-2019,16.21,Valkyrie,2,1,236,13
25-6-2019,21.51,Wraith,6,2,1533,11
6-8-2022,13.5,Bloodhound,2,1,391,18
9-11-2019,22.15,Valkyrie,9,4,905,15
21-4-2022,10.95,Lifeline,4,3,377,12
21-5-2019,12.62,Lifeline,2,11,2065,15
22-12-2022,10.93,Lifeline,6,8,2985,16
17-2-2022,8.52,Pathfinder,8,3,997,10
20-10-2022,1.51,Lifeline,6,9,2765,5
12-4-2019,0.22,Valkyrie,2,6,1449,3
3-1-2021,8.87,Wraith,1,3,622,15
22-4-2019,2.85,Gibraltar,4,2,662,19
2-3-2022,18.83,Bangalore,16,1,3561,20
12-12-2021,21.82,Gibraltar,14,12,3129,5
17-7-2021,3.57,Bangalore,8,17,2267,6
24-6-2022,21.59,Bangalore,9,5,2224,17
4-7-2019,12.82,Wraith,5,1,545,17
24-12-2019,25.43,Bloodhound,5,5,755,19
17-3-2022,11.16,Wraith,2,2,425,5
17-9-2020,22.64,Bloodhound,11,6,2302,16
30-11-2020,1.93,Valkyrie,0,2,334,2
14-7-2019,29.52,Wraith,2,15,2628,3
16-8-2020,28.54,Valkyrie,12,7,1267,14
12-7-2020,5.61,Valkyrie,0,1,64,4
13-12-2022,15.41,Wraith,8,5,2018,6
20-10-2022,4.75,Pathfinder,0,0,0,11
11-6-2019,10.93,Lifeline,14,11,1719,17
7-11-2020,21.32,Lifeline,2,9,1681,9
1-4-2021,26.28,Wraith,2,10,1991,6
20-11-2021,25.94,Gibraltar,10,5,1658,13
15-3-2022,7.38,Bloodhound,10,11,3968,6
21-11-2020,3.05,Bloodhound,1,13,1253,7
15-5-2020,18.41,Bloodhound,3,6,1129,9
10-4-2020,27.58,Valkyrie,2,2,522,6
4-2-2022,7.26,Bangalore,8,0,1318,14
2-2-2021,23.41,Bangalore,2,3,595,14
2-10-2021,15.57,Bangalore,4,3,610,8
5-12-2020,8.67,Gibraltar,0,0,0,12
7-5-2021,6.58,Lifeline,1,10,1649,9
21-6-2019,18.2,Valkyrie,1,10,791,9
1-3-2021,14.93,Pathfinder,3,6,665,20
2-7-2022,12.39,Bloodhound,2,4,406,12
3-10-2021,10.02,Wraith,7,2,1180,15
10-5-2020,0.93,Lifeline,4,0,350,1
27-11-2019,20.91,Wraith,4,3,1305,20
14-1-2021,17.31,Valkyrie,2,16,2370,20
7-4-2020,5.31,Bangalore,13,15,1695,14
18-9-2022,1.37,Lifeline,15,6,3458,12
10-6-2022,28.01,Pathfinder,11,3,2342,17
6-1-2021,23.05,Lifeline,20,6,5454,14
24-12-2020,22.76,Gibraltar,17,15,2460,11
12-9-2021,2.94,Bloodhound,11,0,1409,20
16-7-2019,2.35,Bangalore,0,1,180,8
3-12-2020,27.35,Gibraltar,5,2,1394,8
18-1-2021,8.68,Lifeline,8,8,2993,18
22-6-2021,28.36,Valkyrie,16,4,4437,6
7-7-2021,6.98,Bangalore,2,0,152,13
11-9-2020,7.53,Valkyrie,4,6,1994,6
12-8-2021,16.95,Lifeline,2,10,1307,10
11-6-2020,29.95,Lifeline,2,15,1927,2
19-2-2020,13.87,Bangalore,12,6,3034,20
30-7-2022,23.64,Bangalore,7,3,738,16
22-8-2022,29.92,Lifeline,2,4,947,5
3-5-2021,8.88,Wraith,0,3,441,20
21-12-2020,20.06,Valkyrie,9,4,1765,1
25-3-2022,27.8,Valkyrie,8,4,1560,5
11-9-2019,15.35,Gibraltar,17,2,3622,5
17-1-2022,0.09,Bloodhound,2,0,175,13
7-12-2022,14.3,Wraith,9,2,1638,5
25-4-2022,28.66,Wraith,11,5,2182,3
18-8-2022,1.19,Lifeline,3,4,579,7
3-5-2020,20.43,Pathfinder,2,3,821,11
18-11-2019,10.02,Valkyrie,9,4,2734,2
20-1-2020,20.22,Valkyrie,5,5,1722,8
3-2-2022,6.29,Valkyrie,3,0,193,17
15-12-2019,15.47,Lifeline,5,13,2965,4
10-9-2022,18.66,Bloodhound,11,1,1716,18
28-2-2021,0.52,Valkyrie,0,1,76,18
19-11-2019,10.75,Valkyrie,18,1,2929,9
5-10-2022,9.75,Pathfinder,4,6,992,1
23-10-2021,24.08,Valkyrie,6,2,1213,19
4-7-2020,3.64,Pathfinder,4,3,826,20
22-3-2022,9.76,Valkyrie,11,1,1641,9
11-2-2019,10.12,Valkyrie,2,10,2152,7
25-9-2020,26.83,Wraith,7,3,1509,13
29-6-2021,2.87,Valkyrie,11,2,2208,18
12-9-2020,2.13,Wraith,0,8,1142,20
19-5-2020,26.18,Valkyrie,3,8,1909,6
12-6-2019,19.19,Wraith,8,12,2848,12
22-5-2019,0.4,Valkyrie,1,9,1713,9
29-4-2019,0.7,Valkyrie,0,4,755,9
22-1-2021,17.61,Lifeline,1,1,381,10
16-3-2022,27.23,Bangalore,4,3,1158,10
10-10-2019,10.83,Gibraltar,1,4,476,17
23-6-2022,8.26,Gibraltar,4,5,1127,17
3-5-2020,21.33,Valkyrie,3,15,2271,2
9-10-2021,19.23,Valkyrie,2,9,1082,13
5-12-2020,7.06,Pathfinder,9,7,3237,4
21-3-2019,10.92,Valkyrie,7,4,880,1
30-11-2021,11.09,Wraith,1,2,188,7
10-2-2020,13.49,Lifeline,15,4,3262,20
12-10-2019,28.29,Bangalore,4,9,1697,3
23-12-2021,12.65,Bangalore,5,5,580,19
28-6-2021,4.61,Valkyrie,1,6,741,4
18-6-2020,9.19,Bangalore,0,3,467,14
7-4-2021,25.14,Gibraltar,4,4,1280,6
8-9-2021,28.55,Pathfinder,8,13,3197,17
5-7-2019,3.33,Valkyrie,9,3,2606,9
7-3-2021,23.01,Wraith,12,10,4554,20
6-10-2021,29.3,Lifeline,5,3,1156,9
12-10-2019,7.72,Gibraltar,8,4,1903,20
29-9-2021,0.12,Wraith,13,0,2291,11
20-2-2020,9.19,Bloodhound,15,12,4058,12
27-3-2020,29.04,Pathfinder,5,2,1068,16
11-12-2020,15.32,Bangalore,1,9,1631,6
9-1-2020,0.51,Pathfinder,3,5,1383,6
2-2-2020,6.48,Bloodhound,4,1,847,7
20-4-2020,8.14,Bloodhound,16,4,1701,15
21-5-2022,7.28,Bloodhound,1,14,1916,8
15-4-2019,3.39,Bloodhound,13,5,3472,20
23-11-2019,9.3,Bangalore,6,6,1682,1
17-8-2020,0.71,Lifeline,0,14,2426,20
29-1-2020,29.59,Bangalore,5,5,1332,9
23-11-2019,24.22,Lifeline,14,13,2893,14
29-8-2020,10.26,Wraith,2,1,598,8
30-1-2021,26.42,Lifeline,7,15,2930,12
15-5-2019,29.87,Valkyrie,3,11,770,19
28-8-2022,13.42,Pathfinder,2,12,2062,18
2-8-2022,1.99,Gibraltar,0,7,1083,4
7-4-2021,8.63,Gibraltar,1,3,626,5
1-6-2022,20.01,Bangalore,2,11,671,16
12-2-2021,23.77,Bangalore,4,2,1193,4
24-10-2020,16.44,Wraith,3,2,287,3
15-9-2022,23.36,Bangalore,5,2,959,9
2-2-2020,29.7,Lifeline,6,17,3588,8
13-12-2022,7.63,Bangalore,0,1,44,7
24-9-2019,1.98,Valkyrie,6,4,1103,14
20-12-2019,21.85,Pathfinder,3,2,686,2
27-10-2021,4.34,Gibraltar,3,3,392,18
5-7-2020,9.86,Valkyrie,5,4,1834,16
9-5-2020,20.65,Bangalore,3,2,676,12
5-10-2021,4.67,Gibraltar,0,9,1081,6
6-12-2019,29.9,Bangalore,16,7,4913,5
7-4-2019,29.89,Bangalore,2,2,767,18
30-11-2021,26.28,Bangalore,4,2,422,5
23-3-2020,22.17,Pathfinder,5,2,1289,4
18-9-2019,29.58,Wraith,7,8,2427,6
2-7-2021,12.26,Wraith,9,5,2303,15
18-1-2022,12.93,Pathfinder,1,8,1587,13
15-11-2021,25.26,Bloodhound,7,13,1961,13
30-8-2022,0.78,Valkyrie,14,0,2094,6
12-4-2022,21.61,Bangalore,12,6,3856,20
30-7-2019,4.53,Gibraltar,2,4,348,12
28-6-2022,8.88,Wraith,5,0,865,3
20-5-2021,19.87,Gibraltar,1,2,311,7
17-11-2021,1.05,Bangalore,11,0,1294,10
21-1-2020,0.88,Lifeline,9,3,1600,16
15-1-2022,3.18,Wraith,9,0,941,5
19-1-2021,19.89,Pathfinder,1,12,1780,15
7-1-2020,6.31,Pathfinder,3,1,598,13
2-11-2022,13.53,Wraith,1,17,1972,10
31-3-2019,26.48,Valkyrie,2,2,276,5
7-3-2019,12.94,Lifeline,2,2,806,10
2-6-2020,25.02,Lifeline,2,2,621,4
18-1-2021,17.55,Bangalore,3,4,800,2
28-7-2019,28.14,Wraith,9,4,1753,19
14-1-2021,17.56,Wraith,5,6,1860,17
23-6-2019,18.33,Wraith,4,14,2611,13
9-3-2022,13.77,Bloodhound,12,3,3378,2
5-1-2021,28.87,Gibraltar,11,2,1864,13
9-10-2019,29.84,Valkyrie,9,2,2025,7
25-4-2020,4.95,Valkyrie,4,5,621,4
24-10-2019,23.06,Bloodhound,2,6,659,18
9-3-2021,10.94,Valkyrie,4,3,1122,8
18-8-2021,2.89,Valkyrie,12,9,3128,15
20-4-2022,26.72,Lifeline,2,4,1238,12
5-10-2019,19.18,Valkyrie,2,16,1225,19
3-10-2020,10.99,Lifeline,7,3,829,12
30-6-2022,8.45,Gibraltar,8,0,952,12
17-10-2020,3.25,Bangalore,9,2,2280,3
8-5-2020,28.9,Gibraltar,14,6,1952,7
14-11-2019,21.33,Valkyrie,9,3,2244,2
4-4-2019,29.21,Bangalore,2,12,760,12
13-7-2020,21.6,Bloodhound,12,9,1282,12
15-11-2019,14.42,Gibraltar,3,8,2034,1
7-2-2021,7.8,Lifeline,7,1,850,13
31-1-2021,15.32,Gibraltar,7,1,1259,14
7-8-2020,29.64,Pathfinder,3,3,378,15
28-10-2020,28.69,Bangalore,9,3,2270,16
2-3-2021,26.06,Bloodhound,15,5,1497,1
6-6-2021,11.68,Pathfinder,14,11,3233,14
18-10-2021,23.89,Bloodhound,2,12,1513,15
15-11-2022,18.16,Bangalore,7,1,872,9
22-7-2022,13.93,Pathfinder,10,9,2317,5
16-5-2019,11.51,Lifeline,5,1,744,19
30-3-2020,12.01,Pathfinder,12,3,3186,7
25-5-2021,27.78,Gibraltar,13,5,1106,20
4-3-2020,23.88,Bloodhound,2,2,667,16
16-4-2022,12.61,Valkyrie,1,5,610,7
26-1-2022,6.57,Wraith,4,10,1261,14
18-8-2019,24.24,Pathfinder,2,4,321,8
3-12-2022,18.24,Lifeline,11,10,3922,12
20-9-2021,13.21,Bloodhound,2,1,631,16
14-2-2021,29.39,Bloodhound,14,13,2892,2
26-5-2022,25.35,Gibraltar,8,13,2376,3
27-8-2020,20.27,Valkyrie,3,2,755,8
29-8-2022,16.76,Bloodhound,14,3,2556,3
6-6-2021,16.5,Gibraltar,4,11,1699,11
26-7-2021,2.16,Bloodhound,10,3,1296,10
30-8-2019,6.86,Bangalore,12,16,4747,16
9-1-2020,22.23,Lifeline,2,5,673,8
23-2-2020,6.7,Bloodhound,0,6,1117,11
25-7-2022,25.31,Gibraltar,2,5,918,19
10-2-2020,15.37,Lifeline,6,9,1610,19
20-7-2021,24.57,Wraith,10,12,1270,19
10-6-2019,3.42,Lifeline,1,7,431,1
16-12-2019,24.67,Lifeline,6,2,1026,2
25-12-2022,5.51,Wraith,4,3,1125,11
16-12-2020,24.14,Wraith,5,12,2746,1
29-9-2019,0.96,Lifeline,6,13,1390,13
19-2-2019,23.03,Lifeline,8,8,2700,13
17-11-2019,8.78,Lifeline,1,1,343,19
16-9-2020,4.27,Lifeline,14,0,1024,9
10-8-2021,9.36,Gibraltar,8,5,1900,5
12-12-2021,11.9,Bloodhound,5,12,1725,9
30-4-2020,1.57,Bangalore,7,10,1069,14
1-4-2022,11.95,Gibraltar,4,8,1208,1
15-6-2020,11.32,Lifeline,8,10,1089,6
20-4-2020,14.87,Gibraltar,2,1,243,16
9-1-2022,13.64,Bloodhound,2,4,951,15
5-2-2020,25.65,Valkyrie,13,8,3084,10
27-11-2021,5.67,Valkyrie,2,2,515,7
19-8-2021,23.74,Wraith,2,5,1370,6
14-12-2021,23.66,Valkyrie,3,6,1685,8
26-7-2022,28.43,Wraith,5,2,1043,2
16-7-2020,5.89,Bangalore,1,2,423,7
8-6-2022,7.26,Gibraltar,1,10,772,17
15-2-2022,14.81,Lifeline,2,9,1996,18
24-3-2021,24.97,Valkyrie,4,2,521,17
20-6-2021,26.04,Wraith,3,5,1538,18
3-8-2022,21.88,Pathfinder,13,14,4580,6
25-2-2022,24.96,Gibraltar,4,4,1034,9
6-3-2021,14.35,Pathfinder,4,2,946,13
20-7-2021,19.22,Lifeline,1,3,730,7
21-1-2020,4.39,Bangalore,2,1,613,19
30-10-2022,26.26,Wraith,8,3,970,13
21-12-2022,27.38,Valkyrie,8,6,1583,6
1-11-2021,28.85,Wraith,5,2,1119,13
6-8-2020,17.38,Lifeline,13,19,3512,20
26-6-2020,0.72,Bloodhound,0,0,0,2
2-9-2021,10.39,Wraith,3,1,259,7
7-1-2020,22.48,Pathfinder,9,5,2526,11
19-6-2020,4.36,Gibraltar,1,3,661,20
9-7-2019,22.12,Lifeline,7,8,2195,17
18-8-2019,28.98,Valkyrie,3,2,863,1
31-7-2020,26.17,Gibraltar,7,2,1132,17
22-11-2020,27.28,Gibraltar,3,2,796,11
2-10-2020,2.03,Bloodhound,5,0,1035,2
23-2-2021,9.5,Bangalore,10,3,2914,6
21-2-2022,2.52,Bloodhound,0,3,349,18
7-11-2020,24.43,Bangalore,4,6,1075,17
22-10-2021,2.6,Wraith,0,2,262,18
3-2-2020,8.6,Bangalore,2,5,1178,14
20-4-2021,19.05,Gibraltar,2,5,1221,2
3-1-2022,28.33,Gibraltar,20,16,7488,10
18-11-2022,12.74,Bloodhound,4,3,666,20
23-5-2021,24.45,Bloodhound,3,7,1131,19
24-4-2020,17.99,Bangalore,2,2,326,4
5-4-2019,17.35,Lifeline,2,2,712,4
13-8-2021,0.55,Lifeline,7,5,772,10
9-9-2020,16.2,Pathfinder,2,13,2804,19
9-2-2021,21.68,Pathfinder,13,10,2221,11
27-11-2019,15.12,Bloodhound,1,12,1000,3
5-12-2022,4.1,Pathfinder,3,18,2799,7
6-6-2022,4.51,Valkyrie,0,2,380,11
12-5-2021,7.71,Pathfinder,10,0,1785,17
9-10-2022,0.91,Valkyrie,0,4,739,18
24-11-2021,6.97,Bloodhound,2,4,871,11
23-11-2022,19.81,Gibraltar,13,2,2447,16
8-1-2021,17.47,Lifeline,5,3,829,1
1-1-2021,23.72,Gibraltar,6,7,1143,18
24-1-2020,28.48,Pathfinder,7,5,1479,12
26-12-2021,16.07,Bangalore,2,12,1429,5
13-6-2020,4.09,Pathfinder,12,9,4079,14
19-6-2020,1.6,Gibraltar,0,3,322,17
12-7-2020,24.67,Pathfinder,3,2,375,12
9-8-2021,16.58,Pathfinder,7,4,2375,5
7-9-2021,15.13,Bloodhound,1,2,379,16
15-8-2020,18.82,Bangalore,11,12,2219,8
7-4-2020,29.32,Lifeline,2,6,420,11
4-1-2021,1.64,Wraith,0,3,471,18
20-7-2022,4.29,Bloodhound,5,1,539,10
7-12-2021,4.09,Bangalore,6,5,1617,6
25-11-2020,18.34,Wraith,13,5,1969,1
24-12-2019,23.66,Gibraltar,3,2,468,19
1-3-2022,2.78,Lifeline,1,0,109,4
12-3-2019,28.73,Wraith,4,4,1679,19
23-1-2020,25.63,Lifeline,9,18,4692,19
12-5-2021,10.02,Wraith,2,8,949,12
19-7-2021,14.46,Valkyrie,1,1,380,14
4-10-2020,12.09,Pathfinder,9,5,1222,8
27-12-2021,11.0,Bangalore,8,16,2868,1
12-2-2021,1.77,Lifeline,4,0,307,14
7-8-2021,29.39,Pathfinder,2,2,220,3
19-4-2019,18.12,Bangalore,3,8,997,20
28-4-2019,16.36,Valkyrie,2,3,703,19
9-10-2020,3.77,Bloodhound,6,0,793,8
14-3-2020,12.13,Pathfinder,11,1,2195,2
13-10-2019,12.76,Lifeline,4,5,971,17
24-10-2020,16.54,Valkyrie,19,1,1457,5
5-7-2022,23.07,Wraith,6,3,1456,5
1-1-2022,17.5,Bangalore,3,6,1399,14
21-7-2019,8.89,Pathfinder,0,4,293,1
21-8-2019,20.4,Lifeline,7,5,2291,6
18-7-2022,14.97,Wraith,5,8,1605,13
5-12-2020,10.37,Wraith,1,13,1911,20
6-5-2020,2.84,Bangalore,2,11,2296,17
1-7-2022,22.43,Gibraltar,2,10,2183,4
29-1-2021,1.22,Pathfinder,13,19,4052,5
14-12-2020,1.54,Bloodhound,2,2,349,16
19-2-2021,12.6,Bloodhound,6,6,2475,9
16-1-2022,5.38,Valkyrie,13,0,2228,2
16-7-2022,3.34,Gibraltar,5,1,833,20
29-10-2021,8.28,Gibraltar,8,2,585,17
2-4-2019,19.51,Wraith,5,6,824,5
13-2-2021,15.93,Wraith,1,11,1753,15
27-11-2019,2.58,Pathfinder,7,8,1245,19
2-11-2019,29.91,Valkyrie,11,8,2307,11
19-12-2022,27.26,Lifeline,5,9,2071,14
29-5-2022,21.81,Valkyrie,6,2,732,10
4-3-2019,4.08,Bloodhound,4,16,3422,20
30-8-2019,27.54,Bangalore,3,2,349,6
5-10-2022,21.38,Pathfinder,12,8,3361,9
11-4-2021,14.08,Bloodhound,10,3,1650,7
14-9-2020,1.17,Gibraltar,0,10,664,8
22-9-2019,13.71,Gibraltar,5,6,1687,14
14-2-2019,14.96,Bloodhound,2,3,757,16
26-12-2019,15.7,Gibraltar,7,1,1541,16
3-8-2021,25.33,Pathfinder,4,14,2004,7
5-11-2021,19.72,Pathfinder,2,3,321,20
1-6-2022,13.8,Wraith,6,7,2440,10
26-10-2022,21.52,Valkyrie,5,9,1675,20
27-12-2020,5.06,Bangalore,13,0,2615,4
18-7-2020,27.33,Pathfinder,11,13,3190,1
2-12-2021,2.51,Bloodhound,1,0,205,11
23-7-2020,17.53,Pathfinder,2,6,1311,8
25-2-2022,27.41,Bloodhound,2,16,1056,16
28-10-2021,23.61,Wraith,11,5,1854,2
12-11-2021,3.65,Bloodhound,7,1,1809,20
15-3-2020,18.8,Lifeline,8,8,911,14
10-11-2021,19.88,Bangalore,14,7,4629,2
3-8-2019,23.23,Valkyrie,3,2,646,2
21-9-2020,5.87,Pathfinder,4,13,1071,19
14-6-2020,24.12,Lifeline,2,11,2603,5
22-1-2020,29.61,Bloodhound,3,2,654,5
8-8-2020,1.02,Gibraltar,1,8,1742,8
5-12-2020,15.49,Pathfinder,8,3,2192,12
23-9-2022,22.94,Bloodhound,2,4,846,20
27-4-2022,12.9,Lifeline,1,4,709,2
5-6-2022,19.21,Bloodhound,11,18,4600,16
10-3-2022,25.22,Gibraltar,2,2,500,1
5-4-2019,25.46,Valkyrie,2,7,1027,12
12-9-2020,8.23,Valkyrie,2,7,1545,14
22-6-2021,1.92,Wraith,0,1,57,19
21-3-2021,5.49,Pathfinder,14,9,3213,12
11-9-2019,18.77,Wraith,3,9,2098,10
26-6-2021,11.32,Wraith,8,17,3723,1
29-5-2019,29.75,Wraith,6,6,2478,6
9-3-2019,1.09,Wraith,9,16,4076,16
19-6-2020,11.58,Pathfinder,3,1,392,8
27-9-2022,5.42,Lifeline,3,1,343,3
22-6-2020,2.73,Valkyrie,6,3,1947,10
7-1-2020,5.42,Pathfinder,4,11,2206,13
14-1-2020,16.27,Valkyrie,10,3,2505,8
26-6-2020,15.52,Pathfinder,2,6,1438,10
24-12-2021,1.72,Gibraltar,5,3,565,20
17-2-2020,16.74,Gibraltar,11,14,3460,16
31-12-2021,26.81,Valkyrie,10,13,4528,11
30-11-2019,15.33,Valkyrie,2,3,544,19
26-11-2020,4.73,Bloodhound,14,8,2310,9
5-12-2022,13.32,Pathfinder,5,10,1915,20
20-10-2021,21.45,Bangalore,16,17,2044,14
20-5-2019,15.72,Pathfinder,3,7,1318,6
30-6-2021,8.36,Pathfinder,2,9,742,3
2-6-2019,23.09,Pathfinder,4,5,1093,7
15-7-2021,20.94,Bangalore,18,5,4366,9
6-9-2020,20.73,Valkyrie,6,7,2164,19
19-12-2020,22.22,Pathfinder,3,2,770,14
21-6-2020,12.09,Wraith,7,5,1220,4
10-1-2022,0.23,Pathfinder,7,0,1155,15
17-1-2022,18.51,Valkyrie,8,6,2432,9
4-12-2020,25.53,Wraith,2,4,955,20
27-10-2022,25.21,Bangalore,4,3,548,10
6-1-2021,13.88,Gibraltar,13,3,2438,9
24-3-2019,23.73,Bloodhound,6,3,1586,13
22-6-2019,27.97,Lifeline,11,2,968,17
3-12-2021,12.37,Bangalore,8,2,1535,7
2-6-2022,2.22,Bangalore,8,0,1887,8
24-9-2019,26.86,Bloodhound,17,12,2137,18
11-4-2020,13.34,Lifeline,4,2,1096,9
25-6-2021,3.21,Bloodhound,0,0,0,18
25-5-2022,10.5,Pathfinder,6,1,1063,4
22-2-2020,0.74,Lifeline,0,7,1276,8
10-2-2022,29.72,Wraith,5,19,4800,15
15-10-2019,4.78,Gibraltar,0,1,122,16
23-5-2020,4.69,Valkyrie,3,3,916,3
24-4-2022,27.28,Bloodhound,2,2,668,20
26-10-2021,20.3,Valkyrie,3,6,1728,4
30-3-2021,2.95,Bloodhound,4,13,2293,13
28-12-2021,24.36,Lifeline,5,18,2176,9
11-2-2022,13.2,Pathfinder,15,6,3431,7
5-7-2020,26.37,Bangalore,10,5,2105,15
18-6-2019,9.62,Gibraltar,3,14,2663,19
29-10-2019,9.93,Bangalore,1,17,1073,20
23-4-2022,1.54,Bangalore,14,3,2359,16
23-5-2022,6.91,Gibraltar,11,1,1581,19
19-6-2021,8.06,Bloodhound,6,8,1118,14
28-10-2019,18.33,Pathfinder,1,9,813,14
17-10-2022,14.2,Wraith,13,1,2688,15
19-3-2022,26.83,Bloodhound,2,3,635,7
3-11-2021,28.73,Lifeline,3,2,541,17
22-3-2020,3.79,Valkyrie,0,0,0,9
21-3-2022,9.68,Bloodhound,0,0,0,17
29-3-2022,23.44,Gibraltar,10,11,2737,15
8-5-2021,5.76,Valkyrie,3,0,212,19
2-3-2019,21.64,Wraith,2,4,313,11
7-11-2019,19.11,Lifeline,9,1,950,19
18-12-2021,27.16,Bloodhound,3,6,687,7
16-1-2020,22.77,Pathfinder,2,2,639,3
24-6-2021,11.35,Bangalore,10,12,4447,11
18-6-2019,21.45,Bloodhound,4,7,1365,5
29-7-2020,6.78,Gibraltar,14,0,2733,15
3-7-2020,1.08,Bangalore,12,7,4180,5
2-12-2019,18.41,Wraith,1,5,959,11
28-12-2021,20.14,Bloodhound,16,11,5214,6
18-1-2021,6.63,Wraith,1,2,293,19
6-8-2019,22.35,Bloodhound,2,16,3189,3
1-9-2021,1.81,Lifeline,1,10,646,20
18-2-2021,21.19,Gibraltar,2,3,933,14
30-6-2020,14.09,Bloodhound,13,7,2044,13
8-5-2021,25.88,Pathfinder,2,13,1741,18
16-4-2020,3.81,Gibraltar,5,8,2699,12
9-11-2021,11.3,Pathfinder,13,10,1821,8
29-1-2022,13.61,Valkyrie,1,3,478,14
5-6-2019,18.49,Bloodhound,12,6,2179,18
21-8-2021,12.62,Wraith,2,1,179,10
9-2-2019,22.52,Valkyrie,5,2,960,8
7-7-2020,25.49,Bangalore,3,4,637,7
8-7-2019,28.26,Wraith,14,18,3433,15
29-4-2021,27.42,Bangalore,5,15,3739,17
30-8-2019,27.18,Gibraltar,16,2,2824,17
15-11-2020,13.51,Lifeline,2,12,1116,10
1-4-2020,23.33,Valkyrie,4,12,2151,12
7-5-2019,9.21,Pathfinder,0,14,2267,5
26-8-2021,19.34,Bangalore,4,6,640,13
24-9-2020,6.68,Valkyrie,6,1,1084,2
28-2-2022,12.49,Pathfinder,6,7,1035,11
8-5-2019,19.12,Gibraltar,4,15,3236,15
2-1-2021,5.04,Wraith,0,2,340,19
3-3-2021,21.91,Bangalore,2,2,743,19
24-11-2021,27.58,Valkyrie,10,5,2689,19
15-9-2020,12.11,Gibraltar,5,1,874,5
23-11-2020,10.32,Bloodhound,10,9,3080,8
25-5-2022,29.79,Valkyrie,19,8,4661,15
13-5-2022,12.61,Wraith,4,20,1666,19
9-3-2020,17.97,Valkyrie,3,1,291,5
7-12-2022,8.64,Lifeline,1,3,561,3
19-9-2022,0.81,Pathfinder,12,5,3015,19
13-4-2019,8.8,Gibraltar,0,2,107,9
9-4-2021,18.61,Gibraltar,13,14,4570,12
27-3-2020,16.88,Wraith,7,2,1426,5
20-11-2022,3.43,Bangalore,11,10,2485,8
7-7-2020,13.05,Lifeline,3,9,2169,14
4-9-2020,2.46,Valkyrie,5,0,1107,6
10-11-2020,19.19,Gibraltar,5,1,527,16
2-1-2020,3.61,Bangalore,0,7,1067,11
3-11-2019,15.17,Valkyrie,4,5,906,19
15-11-2021,7.5,Lifeline,12,0,2659,10
11-5-2021,16.25,Pathfinder,3,4,1298,14
28-9-2022,17.42,Wraith,6,7,794,17
25-6-2021,9.56,Bangalore,11,3,2245,10
16-5-2021,12.74,Bloodhound,1,4,567,8
22-10-2022,15.78,Pathfinder,11,10,3256,14
19-10-2020,16.81,Valkyrie,1,3,191,1
16-10-2022,17.99,Bangalore,8,3,2299,17
16-12-2022,0.65,Wraith,3,3,731,16
24-4-2021,24.41,Gibraltar,3,6,1461,1
3-4-2021,13.64,Lifeline,3,10,2247,6
27-12-2021,9.22,Wraith,4,3,731,19
21-11-2020,27.07,Bloodhound,4,2,1331,9
30-7-2019,10.93,Wraith,3,6,583,9
25-7-2019,16.55,Gibraltar,4,7,1149,3
7-5-2020,3.15,Bloodhound,3,0,296,7
15-6-2021,7.65,Wraith,12,1,1131,12
17-6-2020,23.89,Bloodhound,11,4,2985,14
6-8-2019,22.03,Lifeline,5,3,496,14
9-4-2021,27.43,Pathfinder,2,3,611,2
23-11-2020,19.6,Lifeline,2,12,825,5
19-8-2022,29.77,Valkyrie,14,8,1784,9
13-1-2020,21.39,Bloodhound,11,4,2368,10
5-10-2021,15.42,Bloodhound,3,3,763,20
25-8-2022,11.12,Wraith,1,4,416,14
22-3-2019,4.54,Bloodhound,3,6,600,14
10-2-2021,22.63,Wraith,2,14,2189,6
30-12-2021,8.92,Gibraltar,2,7,1523,4
8-4-2022,22.96,Wraith,6,3,1599,20
13-5-2020,18.12,Bangalore,5,1,848,1
18-5-2019,19.92,Valkyrie,16,1,1370,13
21-12-2019,5.39,Valkyrie,6,7,973,3
29-11-2021,9.82,Valkyrie,0,16,2764,6
11-7-2019,17.29,Valkyrie,13,3,2936,12
30-8-2019,2.83,Bloodhound,10,7,2816,18
20-9-2020,17.93,Pathfinder,14,2,1928,12
3-1-2021,21.58,Lifeline,3,8,1811,13
25-7-2019,16.21,Valkyrie,2,4,590,20
19-6-2022,3.44,Bangalore,12,4,3395,18
14-12-2020,1.3,Bangalore,3,6,576,12
21-4-2021,1.97,Bloodhound,5,0,625,4
15-5-2020,26.78,Wraith,16,6,2893,19
21-8-2022,20.76,Valkyrie,4,4,1004,20
20-8-2022,11.73,Gibraltar,4,14,2590,20
21-6-2021,3.98,Bloodhound,7,6,2225,1
23-6-2022,16.98,Valkyrie,10,11,3744,10
16-3-2022,15.37,Wraith,5,2,952,10
13-5-2021,1.61,Pathfinder,17,2,1678,5
16-2-2021,16.34,Pathfinder,4,3,729,3
25-4-2019,26.31,Bloodhound,11,2,1113,19
12-8-2020,27.17,Gibraltar,5,3,810,19
22-6-2021,10.09,Bloodhound,1,7,1178,7
5-4-2022,0.49,Pathfinder,15,4,2559,14
18-11-2020,25.08,Lifeline,2,4,439,8
5-6-2019,17.27,Bloodhound,11,3,1264,17
20-9-2022,3.4,Valkyrie,1,3,722,3
18-10-2021,23.48,Wraith,4,11,2913,6
14-10-2021,27.12,Wraith,7,8,1551,2
25-3-2020,11.43,Lifeline,3,1,870,14
24-8-2021,25.75,Wraith,3,3,741,20
15-5-2021,25.44,Pathfinder,9,5,1323,20
7-4-2022,12.88,Wraith,2,1,241,18
9-6-2019,4.77,Bangalore,6,1,698,20
6-6-2020,3.59,Wraith,2,8,898,9
29-9-2021,14.3,Pathfinder,6,2,1116,6
5-9-2020,23.61,Bloodhound,7,2,1151,12
24-4-2021,26.05,Wraith,9,2,938,6
16-4-2022,12.23,Bangalore,19,1,2460,8
23-5-2022,1.83,Wraith,3,4,975,15
26-4-2020,27.21,Bloodhound,4,2,607,9
25-10-2020,14.5,Pathfinder,6,8,1209,11
10-5-2020,7.39,Gibraltar,10,0,1879,7
6-10-2019,17.78,Valkyrie,3,2,929,12
22-3-2021,19.85,Bangalore,11,4,2187,11
10-1-2020,4.52,Gibraltar,11,1,2457,2
12-3-2022,5.89,Pathfinder,2,7,943,1
2-10-2020,26.42,Valkyrie,3,8,1598,4
10-5-2022,22.81,Lifeline,3,9,814,1
17-1-2021,10.23,Wraith,10,5,1662,18
23-3-2021,17.15,Gibraltar,4,1,644,17
18-5-2021,25.17,Valkyrie,7,2,1088,3
16-9-2020,3.1,Wraith,0,3,524,20
15-8-2021,27.58,Valkyrie,2,2,730,7
14-6-2020,28.85,Gibraltar,9,6,2579,15
10-11-2020,4.8,Wraith,12,3,3124,18
9-6-2020,22.71,Wraith,2,2,455,9
6-7-2019,13.72,Bangalore,18,2,2751,10
7-4-2019,4.26,Wraith,4,4,1365,13
11-2-2021,10.09,Bangalore,7,2,1461,3
12-11-2019,2.09,Wraith,2,0,175,20
12-7-2020,16.08,Lifeline,1,18,1036,20
16-2-2020,29.71,Bangalore,3,5,873,20
31-10-2022,10.64,Gibraltar,6,3,1806,13
27-7-2020,3.16,Bloodhound,6,2,971,11
30-10-2019,10.13,Lifeline,1,1,308,19
5-12-2019,24.83,Lifeline,8,8,3049,3
17-8-2022,14.69,Lifeline,12,5,3356,13
28-7-2019,12.83,Bloodhound,12,11,3755,13
1-10-2022,15.15,Pathfinder,3,9,1887,16
15-6-2019,18.05,Gibraltar,1,8,864,14
20-9-2020,27.65,Valkyrie,12,4,2868,14
2-7-2022,29.82,Gibraltar,7,3,1836,20
4-3-2022,24.89,Gibraltar,2,2,519,14
10-12-2020,16.9,Gibraltar,3,4,532,7
17-9-2020,12.08,Valkyrie,1,2,165,2
12-7-2021,3.5,Gibraltar,16,5,3013,4
22-7-2020,3.89,Pathfinder,9,2,2375,7
25-1-2022,15.72,Lifeline,8,2,1190,4
14-12-2019,26.65,Valkyrie,11,2,2596,10
1-7-2019,27.38,Wraith,6,6,1981,13
27-6-2020,17.38,Lifeline,4,5,737,14
22-11-2021,8.95,Lifeline,2,14,1012,14
20-10-2021,27.23,Bloodhound,3,7,1722,3
4-6-2021,19.9,Valkyrie,2,14,2407,4
9-12-2022,18.73,Bloodhound,5,6,1527,10
25-3-2019,29.2,Lifeline,2,2,759,3
12-12-2022,2.4,Pathfinder,3,8,1755,9
12-10-2019,7.87,Gibraltar,2,4,959,7
13-7-2020,8.59,Bangalore,18,1,4335,7
27-12-2022,9.67,Lifeline,2,5,775,8
8-9-2020,4.84,Bangalore,2,3,912,20
11-4-2021,24.53,Lifeline,4,3,989,4
26-5-2021,24.92,Wraith,13,2,881,14
27-12-2022,25.02,Lifeline,15,9,2596,12
9-11-2022,22.42,Lifeline,8,3,2307,20
8-7-2021,15.1,Bangalore,2,3,865,15
7-8-2020,1.1,Pathfinder,2,3,697,4
7-12-2022,15.02,Valkyrie,9,8,3121,11
10-3-2021,9.82,Gibraltar,5,0,962,7
7-4-2019,6.28,Pathfinder,4,10,1662,3
10-12-2022,25.25,Lifeline,7,2,998,12
28-11-2019,21.16,Pathfinder,13,13,2478,4
12-4-2020,22.84,Wraith,7,2,1468,14
7-1-2022,2.86,Pathfinder,8,4,2666,12
17-8-2021,12.89,Gibraltar,4,3,618,5
5-6-2022,11.12,Gibraltar,2,13,1748,13
13-9-2020,16.84,Wraith,1,14,2288,10
22-3-2021,2.03,Pathfinder,0,7,774,18
21-6-2020,25.51,Bloodhound,5,8,1366,20
11-2-2021,8.38,Valkyrie,2,4,313,2
23-12-2019,5.16,Pathfinder,8,5,2195,3
10-7-2019,11.02,Lifeline,6,10,1225,17
29-9-2021,28.13,Pathfinder,2,15,2301,7
23-2-2020,7.75,Bloodhound,4,2,727,10
14-9-2022,8.18,Pathfinder,4,4,874,9
11-8-2022,0.1,Valkyrie,0,3,152,3
3-6-2022,9.13,Gibraltar,4,1,911,1
13-6-2020,1.95,Pathfinder,0,0,0,11
9-5-2019,3.16,Bloodhound,1,6,708,14
14-11-2021,24.26,Pathfinder,5,6,1198,10
9-11-2022,5.53,Bangalore,2,8,569,11
4-9-2021,21.84,Bloodhound,8,6,1873,15
20-12-2021,0.42,Pathfinder,9,1,1509,16
10-4-2019,27.33,Bangalore,2,3,718,9
21-8-2022,27.52,Lifeline,2,2,788,13
12-4-2021,23.86,Pathfinder,9,2,2279,11
29-6-2020,17.38,Bloodhound,15,4,3118,6
18-3-2019,13.06,Bangalore,12,5,1916,18
30-6-2021,21.58,Pathfinder,4,3,677,2
20-7-2022,9.33,Bloodhound,0,9,1127,17
7-4-2019,12.12,Valkyrie,18,4,3644,4
6-6-2022,17.42,Pathfinder,1,10,978,18
8-3-2020,12.39,Bangalore,7,1,1115,12
9-4-2020,6.45,Wraith,3,1,365,19
3-5-2022,10.67,Bangalore,14,4,3462,15
8-11-2020,13.54,Pathfinder,5,4,1592,17
31-1-2021,7.61,Lifeline,8,10,2087,3
1-12-2019,16.41,Bangalore,1,1,143,5
6-3-2019,5.61,Wraith,0,5,329,8
23-8-2020,10.21,Gibraltar,19,5,1511,17
1-12-2021,17.89,Gibraltar,1,5,326,11
13-7-2019,0.97,Valkyrie,3,7,686,11
18-1-2020,18.65,Bangalore,2,3,898,3
9-1-2020,18.38,Valkyrie,15,3,3802,15
13-3-2021,6.01,Bloodhound,6,12,3430,3
22-2-2019,21.64,Pathfinder,13,4,2313,12
14-6-2020,10.63,Lifeline,4,4,936,19
15-10-2022,12.58,Bangalore,1,14,1723,11
1-2-2020,22.53,Valkyrie,5,12,938,15
24-6-2019,8.0,Gibraltar,15,1,3023,4
26-1-2022,16.4,Lifeline,8,11,1615,5
28-8-2022,12.36,Wraith,3,15,2765,20
28-8-2020,26.47,Pathfinder,5,2,1399,1
26-9-2021,4.39,Bangalore,3,6,1298,14
1-3-2021,24.68,Wraith,6,5,1282,9
5-1-2020,8.06,Gibraltar,8,6,1331,11
8-12-2021,19.65,Valkyrie,9,1,1333,18
24-1-2021,23.86,Gibraltar,3,8,1469,16
16-11-2022,21.61,Lifeline,2,7,593,10
19-10-2021,25.08,Valkyrie,5,10,1807,19
21-10-2020,9.83,Wraith,0,0,0,19
28-10-2021,21.4,Gibraltar,2,7,1579,1
6-2-2022,10.42,Wraith,3,6,1025,11
27-3-2021,9.34,Valkyrie,9,2,1089,20
5-7-2021,1.31,Pathfinder,6,3,1683,4
18-8-2019,22.95,Wraith,16,15,4375,14
21-5-2022,9.56,Bloodhound,1,12,756,15
2-5-2022,23.99,Wraith,6,14,3189,13
28-8-2020,22.36,Lifeline,3,10,1451,14
29-3-2019,10.85,Bloodhound,16,7,4080,20
20-10-2021,6.83,Bangalore,2,10,901,14
14-1-2020,1.14,Valkyrie,11,6,1664,17
24-11-2021,24.38,Bloodhound,4,4,1279,11
10-10-2021,29.57,Wraith,13,10,3798,6
20-1-2022,27.92,Gibraltar,11,2,2735,11
20-10-2022,19.1,Lifeline,3,4,853,3
13-9-2020,28.69,Bangalore,4,13,1911,7
27-11-2021,29.23,Pathfinder,7,5,1361,9
28-12-2019,25.57,Gibraltar,2,5,1279,12
23-12-2022,3.56,Pathfinder,1,14,1030,9
20-6-2020,18.85,Wraith,6,1,808,15
11-11-2020,24.7,Lifeline,4,10,2491,17
5-3-2019,20.97,Wraith,16,2,3216,1
10-4-2021,16.01,Bangalore,20,4,5507,15
27-1-2020,27.86,Valkyrie,2,2,677,12
19-10-2022,1.51,Valkyrie,9,1,999,17
31-12-2019,10.28,Pathfinder,12,13,1827,19
25-1-2021,2.21,Pathfinder,7,18,4662,12
16-6-2021,9.39,Gibraltar,0,1,151,1
6-10-2021,17.58,Valkyrie,10,1,2159,2
15-12-2020,29.74,Gibraltar,2,2,434,13
1-5-2019,16.48,Bangalore,13,2,1341,13
19-2-2021,28.35,Valkyrie,3,2,573,17
7-4-2022,25.77,Bloodhound,4,3,793,19
2-6-2022,0.71,Lifeline,16,0,1823,18
13-7-2020,5.24,Lifeline,3,9,2016,7
10-3-2021,13.66,Pathfinder,2,7,1198,16
14-3-2019,17.2,Pathfinder,4,1,1065,16
14-2-2019,25.46,Bloodhound,5,2,739,17
24-12-2020,1.58,Lifeline,15,0,952,11
19-4-2019,13.94,Gibraltar,1,2,320,1
3-2-2021,28.37,Pathfinder,8,5,901,16
7-6-2022,4.07,Wraith,6,0,1102,19
6-4-2021,8.96,Bangalore,1,4,833,5
24-11-2019,17.0,Pathfinder,6,5,1777,10
4-8-2022,0.26,Bangalore,2,0,201,15
16-6-2022,24.27,Bangalore,5,5,735,8
31-5-2021,11.5,Bloodhound,1,8,1657,16
12-6-2021,8.72,Gibraltar,0,3,450,19
19-10-2019,15.17,Valkyrie,8,16,2557,3
26-9-2020,15.46,Bloodhound,2,11,1568,13
24-12-2021,16.01,Pathfinder,6,1,989,20
1-8-2022,22.38,Valkyrie,9,3,1223,16
24-2-2021,22.15,Bloodhound,2,4,1198,9
28-10-2021,21.79,Wraith,4,6,1063,8
14-6-2019,15.97,Bangalore,6,7,813,12
15-9-2020,5.54,Gibraltar,4,2,1301,17
27-4-2019,14.41,Lifeline,1,5,1055,19
15-4-2021,22.41,Bangalore,11,3,2293,6
8-6-2021,16.57,Gibraltar,8,5,812,12
25-7-2022,17.16,Gibraltar,3,2,927,6
26-3-2021,19.77,Bangalore,5,3,1091,19
24-8-2020,23.55,Lifeline,10,7,1735,6
17-2-2022,9.07,Lifeline,3,4,1071,13
24-12-2022,14.06,Bloodhound,2,4,899,10
26-4-2021,4.64,Pathfinder,2,2,406,17
28-8-2019,10.43,Pathfinder,11,2,1325,4
26-9-2021,3.48,Bloodhound,15,4,2224,3
19-11-2022,4.36,Pathfinder,6,4,1071,8
21-6-2020,16.51,Pathfinder,1,1,309,1
9-5-2022,22.08,Pathfinder,8,6,2597,16
9-5-2022,3.74,Wraith,5,0,615,15
20-4-2019,26.25,Valkyrie,4,2,914,2
7-3-2022,18.55,Pathfinder,1,4,450,8
27-8-2022,11.24,Valkyrie,2,1,523,9
14-11-2020,25.06,Lifeline,3,6,611,3
30-7-2019,24.34,Valkyrie,21,3,2093,16
2-6-2021,21.19,Lifeline,12,5,1573,8
3-10-2019,1.16,Bangalore,1,0,56,9
26-3-2021,27.08,Lifeline,7,10,1625,13
23-12-2022,4.2,Valkyrie,8,1,1557,10
22-12-2020,26.11,Bangalore,7,11,3753,10
30-7-2019,14.25,Wraith,5,8,2172,9
2-11-2020,15.72,Valkyrie,6,2,1611,7
4-3-2020,28.73,Valkyrie,2,4,409,15
7-3-2021,29.61,Valkyrie,2,2,807,3
19-10-2020,9.15,Bloodhound,6,1,1543,7
16-10-2021,16.64,Bloodhound,3,5,1554,20
2-7-2019,13.88,Bangalore,2,1,376,10
26-5-2021,6.92,Bangalore,4,3,1114,8
21-6-2022,24.38,Wraith,4,8,1965,20
31-12-2020,7.06,Gibraltar,15,6,1712,4
2-7-2021,3.42,Valkyrie,0,2,243,12
19-7-2021,17.85,Lifeline,2,4,507,18
15-1-2022,19.17,Bangalore,15,3,1443,1
13-3-2022,15.15,Gibraltar,1,9,848,5
15-4-2021,0.34,Valkyrie,3,7,1181,19
24-11-2020,3.15,Bloodhound,2,1,281,18
24-4-2020,11.43,Wraith,1,4,565,2
12-7-2019,10.59,Gibraltar,12,11,2672,19
21-8-2019,27.05,Valkyrie,11,18,4641,10
23-5-2022,23.46,Gibraltar,12,13,2363,12
27-8-2022,13.82,Wraith,6,2,1611,19
19-12-2019,16.01,Bloodhound,17,6,2660,1
25-6-2022,27.91,Gibraltar,8,13,2630,14
14-7-2021,15.39,Gibraltar,7,1,1823,15
6-9-2020,22.24,Bangalore,9,18,3753,5
1-7-2021,16.22,Valkyrie,9,1,1557,3
8-5-2022,16.98,Lifeline,4,2,342,7
16-8-2022,24.11,Lifeline,2,2,744,2
30-10-2020,14.67,Wraith,8,2,2035,14
23-12-2020,17.94,Valkyrie,3,8,643,13
18-11-2021,14.88,Lifeline,1,2,217,9
28-4-2022,12.17,Valkyrie,12,4,1536,14
27-11-2021,9.06,Wraith,5,7,2556,18
31-10-2020,28.55,Valkyrie,6,4,1174,5
27-12-2019,13.07,Pathfinder,4,3,1015,1
14-8-2019,28.62,Bloodhound,2,3,330,2
16-10-2020,17.39,Bangalore,11,6,3303,8
19-5-2020,28.06,Bangalore,7,2,1300,1
28-5-2020,1.28,Wraith,3,4,901,9
4-4-2019,12.99,Pathfinder,12,12,4680,11
6-8-2022,12.91,Bloodhound,1,1,399,8
10-5-2019,14.71,Lifeline,14,10,2561,10
27-1-2020,27.28,Bangalore,6,7,1186,18
25-6-2020,28.19,Bangalore,2,11,1961,8
21-7-2020,23.37,Valkyrie,3,8,1058,8
20-11-2019,17.7,Gibraltar,3,3,689,9
23-7-2019,23.11,Bloodhound,5,2,1283,5
17-2-2021,10.5,Valkyrie,1,1,411,18
23-8-2019,21.54,Pathfinder,5,15,3256,18
2-9-2020,4.96,Bloodhound,0,8,529,9
6-12-2022,11.19,Valkyrie,1,3,469,11
12-11-2019,26.64,Bloodhound,3,4,493,14
12-6-2019,2.14,Valkyrie,0,3,272,6
14-6-2019,4.53,Pathfinder,7,6,2558,8
21-7-2019,12.25,Bloodhound,7,1,1866,6
7-10-2019,28.56,Bangalore,15,8,3263,14
25-12-2021,18.18,Gibraltar,7,5,2115,17
22-1-2020,28.43,Wraith,8,4,1623,2
29-10-2020,14.05,Valkyrie,12,5,2147,17
9-11-2019,11.7,Valkyrie,2,11,1408,2
1-12-2020,23.98,Pathfinder,6,4,2071,18
29-3-2020,7.98,Pathfinder,0,3,520,3
24-9-2022,19.0,Lifeline,1,11,1374,20
30-12-2019,23.79,Wraith,8,11,1784,3
16-6-2021,14.59,Valkyrie,4,1,771,10
24-10-2019,3.23,Valkyrie,1,0,99,20
26-6-2020,24.57,Lifeline,2,3,831,6
16-1-2022,10.73,Gibraltar,2,2,296,20
29-7-2019,8.85,Lifeline,2,2,852,17
2-8-2020,11.29,Pathfinder,9,1,759,10
29-10-2019,2.59,Valkyrie,0,5,572,20
29-1-2021,14.54,Gibraltar,8,9,3057,17
16-9-2021,21.4,Bangalore,3,11,1895,10
12-11-2019,24.58,Valkyrie,10,3,1327,1
2-7-2022,23.42,Valkyrie,3,9,909,17
9-12-2019,18.01,Bangalore,7,4,1723,18
17-8-2022,8.76,Wraith,5,0,360,16
16-5-2022,1.48,Pathfinder,5,4,670,7
20-5-2021,25.26,Valkyrie,3,3,432,4
29-1-2020,11.06,Gibraltar,5,2,1103,4
11-4-2019,23.42,Bangalore,6,2,808,11
21-2-2019,24.52,Lifeline,2,11,1914,20
26-9-2022,26.87,Bloodhound,3,3,948,2
7-12-2022,10.09,Bloodhound,14,5,1826,6
6-5-2022,14.56,Lifeline,2,17,2376,3
17-2-2022,25.23,Bloodhound,4,4,1616,10
26-5-2022,8.5,Bangalore,1,6,770,10
28-5-2019,25.13,Pathfinder,10,5,3086,11
9-9-2022,20.72,Wraith,3,5,790,19
3-5-2021,0.32,Pathfinder,5,16,2418,11
6-7-2021,5.75,Wraith,0,8,597,7
12-8-2022,11.82,Pathfinder,15,1,2295,17
25-2-2019,5.55,Wraith,2,5,1032,6
2-7-2022,19.22,Lifeline,6,1,1337,11
29-8-2020,2.43,Bangalore,10,17,4169,2
26-9-2021,3.72,Bloodhound,5,3,1056,16
19-4-2022,1.32,Pathfinder,9,1,1526,17
22-5-2021,3.72,Bloodhound,8,2,1492,16
24-11-2019,13.46,Pathfinder,2,14,1131,12
5-1-2021,4.18,Bangalore,1,5,959,18
5-9-2019,23.69,Bloodhound,10,13,2820,2
7-10-2020,13.81,Pathfinder,5,7,912,9
5-4-2022,3.44,Gibraltar,0,0,0,2
2-3-2022,2.78,Bloodhound,0,17,1956,16
21-6-2022,13.25,Wraith,8,11,3796,5
23-9-2019,2.07,Pathfinder,11,10,2007,7
25-12-2019,11.58,Valkyrie,4,2,973,15
20-12-2019,17.64,Gibraltar,3,2,606,20
23-12-2020,6.24,Gibraltar,9,13,3051,16
23-11-2021,0.45,Wraith,8,0,769,19
24-1-2021,19.8,Gibraltar,11,3,1705,20
21-10-2021,7.49,Gibraltar,8,1,1292,8
6-9-2021,17.87,Bloodhound,6,6,1695,1
7-6-2020,8.54,Wraith,2,6,633,9
2-10-2019,19.14,Pathfinder,19,2,3972,17
18-1-2020,29.02,Lifeline,14,6,3741,1
17-3-2020,24.7,Valkyrie,2,3,832,7
11-11-2020,17.28,Pathfinder,13,8,3265,12
1-3-2022,23.43,Pathfinder,2,2,624,9
3-4-2019,28.14,Bangalore,4,2,864,13
1-8-2021,12.56,Lifeline,8,3,1048,7
13-12-2019,4.62,Valkyrie,1,1,141,2
5-10-2021,1.43,Bangalore,2,1,452,10
10-1-2020,10.03,Lifeline,3,2,1042,19
21-3-2022,7.03,Bangalore,9,7,2837,6
7-11-2019,18.78,Bangalore,8,3,1503,3
1-11-2019,8.34,Lifeline,0,7,645,4
19-7-2022,1.42,Bangalore,14,0,2877,14
9-3-2019,23.04,Lifeline,5,10,2602,15
27-6-2022,23.7,Gibraltar,3,9,734,3
29-9-2021,24.97,Wraith,7,3,996,12
22-4-2019,13.27,Gibraltar,8,9,2155,14
16-1-2021,19.3,Gibraltar,5,10,2493,3
28-9-2022,28.75,Bloodhound,3,2,651,5
31-5-2019,12.03,Lifeline,7,7,1945,11
25-3-2021,20.63,Pathfinder,7,2,651,13
13-11-2021,22.34,Lifeline,16,10,3341,11
26-10-2020,29.72,Bangalore,2,3,685,6
26-6-2020,15.72,Gibraltar,9,15,4440,16
19-4-2019,25.19,Lifeline,2,7,648,13
2-7-2020,21.68,Bloodhound,2,9,1636,16
23-4-2022,15.39,Lifeline,1,6,523,9
4-12-2022,9.3,Wraith,4,0,568,11
24-6-2020,19.56,Gibraltar,10,12,4346,9
4-5-2020,10.48,Valkyrie,10,5,848,16
13-7-2020,12.49,Pathfinder,5,7,1296,5
21-11-2019,6.45,Wraith,0,1,65,15
23-11-2020,3.99,Lifeline,0,8,666,8
15-5-2019,13.04,Bloodhound,7,9,1718,4
28-7-2021,11.15,Lifeline,9,6,2599,3
4-5-2019,6.93,Bloodhound,2,3,817,8
31-1-2020,0.39,Wraith,2,5,1178,18
8-8-2022,9.84,Wraith,0,0,0,15
24-8-2021,24.16,Valkyrie,4,3,553,1
10-2-2020,21.08,Bloodhound,7,9,3318,16
7-10-2019,23.28,Valkyrie,12,4,1273,13
30-4-2022,3.52,Valkyrie,11,9,1868,5
25-12-2020,29.71,Bloodhound,2,2,677,7
4-11-2022,13.65,Bloodhound,1,1,354,15
16-4-2020,19.5,Bangalore,1,5,602,18
24-9-2020,29.19,Pathfinder,3,2,998,9
22-3-2021,21.11,Bangalore,2,2,807,14
11-4-2022,7.65,Wraith,2,10,2065,15
20-6-2020,3.07,Valkyrie,5,8,2161,3
9-4-2021,29.24,Pathfinder,3,13,1959,13
15-9-2021,0.01,Valkyrie,0,14,793,18
28-1-2021,18.12,Gibraltar,5,2,697,4
25-6-2020,10.2,Wraith,5,6,1674,7
17-5-2022,4.63,Bangalore,0,3,567,16
28-8-2022,11.95,Bloodhound,1,13,1666,10
4-3-2019,26.95,Gibraltar,6,2,681,5
7-6-2019,23.5,Valkyrie,5,2,1615,20
12-7-2020,10.82,Pathfinder,10,4,1615,16
17-6-2022,9.98,Valkyrie,9,4,2288,16
21-1-2021,25.25,Gibraltar,5,3,1718,16
9-5-2019,0.37,Gibraltar,5,2,1341,11
26-10-2019,7.74,Bangalore,9,5,2329,18
25-11-2020,18.46,Valkyrie,9,1,1475,20
23-7-2021,0.99,Valkyrie,15,7,2939,20
10-7-2021,3.84,Wraith,3,7,1775,20
29-3-2020,1.59,Wraith,10,7,1229,15
9-4-2021,26.59,Wraith,7,3,2024,16
19-10-2019,5.64,Wraith,1,1,296,12
13-6-2020,22.17,Lifeline,2,2,436,13
5-6-2020,3.35,Valkyrie,3,9,1712,5
8-8-2022,29.25,Wraith,9,12,3165,9
21-5-2021,7.39,Pathfinder,2,1,314,8
16-12-2022,29.06,Pathfinder,14,17,4570,4
28-5-2022,2.05,Wraith,4,17,1162,12
15-1-2022,25.76,Pathfinder,10,3,1238,15
26-7-2020,25.82,Pathfinder,3,15,1465,19
27-9-2021,11.3,Valkyrie,12,1,1820,7
16-4-2022,14.41,Valkyrie,3,15,3362,13
23-7-2021,28.84,Bloodhound,6,9,2461,7
30-4-2019,3.45,Gibraltar,12,4,1429,16
27-3-2022,6.13,Pathfinder,14,4,3245,3
3-11-2020,9.69,Bloodhound,1,7,529,19
18-6-2020,26.39,Lifeline,6,8,2409,8
27-7-2020,3.4,Bloodhound,3,3,739,17
26-3-2021,9.47,Wraith,3,3,915,17
31-10-2021,27.12,Pathfinder,6,2,1722,2
9-6-2020,21.01,Wraith,4,8,2157,13
26-10-2022,15.14,Valkyrie,4,1,572,5
26-10-2021,11.13,Gibraltar,3,3,619,6
7-8-2020,17.12,Lifeline,17,5,1395,16
11-5-2020,1.62,Bloodhound,13,13,2998,3
18-11-2022,23.09,Bloodhound,6,16,1831,12
20-1-2022,4.58,Pathfinder,0,1,158,12
23-3-2022,2.8,Bloodhound,3,9,1690,18
17-7-2019,3.19,Valkyrie,0,11,1106,5
9-4-2019,28.1,Bangalore,5,5,1726,17
7-7-2020,5.19,Wraith,2,2,765,18
30-6-2022,13.42,Gibraltar,3,19,3662,18
22-12-2019,27.84,Wraith,5,2,835,6
28-3-2020,3.95,Bangalore,0,10,1771,8
7-2-2020,4.28,Gibraltar,5,3,1338,3
23-7-2022,2.07,Bangalore,15,1,2269,5
21-2-2022,24.92,Bloodhound,20,9,4741,18
28-5-2022,9.75,Valkyrie,11,5,3384,7
3-12-2019,6.22,Bloodhound,1,3,302,1
28-7-2021,1.39,Bloodhound,4,3,1306,11
24-2-2020,20.77,Valkyrie,2,4,519,3
18-6-2021,6.29,Pathfinder,3,0,320,5
12-8-2019,25.37,Lifeline,12,2,2001,16
23-3-2022,18.33,Wraith,14,7,3365,20
20-12-2022,6.04,Pathfinder,0,1,134,11
11-11-2020,0.81,Gibraltar,15,0,2541,14
11-9-2020,11.8,Lifeline,13,9,4453,5
6-3-2022,29.49,Gibraltar,10,18,3317,10
7-5-2022,6.99,Valkyrie,0,0,0,19
3-5-2021,22.91,Wraith,2,21,1259,9
23-2-2022,1.72,Gibraltar,14,9,2935,1
28-7-2022,15.59,Bangalore,14,9,1982,3
2-7-2019,20.4,Bangalore,12,6,2917,3
10-9-2022,10.95,Pathfinder,1,7,969,5
4-4-2022,10.02,Pathfinder,1,7,647,7
2-3-2020,14.42,Valkyrie,1,2,295,13
25-5-2022,14.7,Bloodhound,2,6,1483,7
3-11-2020,9.76,Pathfinder,2,0,148,8
13-5-2022,26.78,Valkyrie,5,14,2968,6
11-3-2022,21.82,Wraith,3,5,639,4
27-1-2022,2.41,Bangalore,0,3,334,16
25-1-2020,20.43,Bloodhound,2,6,645,2
30-10-2020,23.73,Bloodhound,4,4,485,12
3-5-2019,15.85,Gibraltar,2,1,565,8
16-10-2019,25.21,Bangalore,13,10,4908,14
11-4-2019,20.77,Valkyrie,4,2,748,3
19-10-2019,19.51,Wraith,5,14,1629,9
4-6-2021,3.19,Lifeline,0,0,0,20
3-9-2021,27.29,Valkyrie,14,2,1618,9
31-12-2020,19.46,Bangalore,10,19,2530,12
10-8-2019,6.2,Bloodhound,0,7,565,2
24-12-2022,0.19,Wraith,2,1,627,13
14-7-2022,27.03,Gibraltar,4,9,744,19
13-9-2022,2.92,Valkyrie,7,8,1142,7
3-1-2021,19.42,Gibraltar,3,15,2120,4
9-3-2019,23.75,Bangalore,2,6,1383,20
8-7-2021,25.92,Bangalore,4,12,2353,6
16-7-2021,19.59,Valkyrie,2,8,1699,15
12-9-2021,22.26,Bangalore,5,19,3596,18
17-7-2019,15.16,Valkyrie,3,2,619,13
23-7-2020,7.1,Wraith,7,1,830,13
27-1-2021,29.44,Valkyrie,9,4,1521,6
14-10-2020,25.75,Lifeline,7,4,2423,10
19-9-2019,11.17,Bloodhound,4,3,629,8
30-12-2020,16.47,Bangalore,7,3,658,5
3-12-2022,12.65,Bloodhound,4,1,1084,20
25-2-2021,8.06,Valkyrie,17,13,2281,7
17-3-2022,28.19,Bloodhound,6,2,450,17
6-10-2021,29.15,Lifeline,3,11,2099,9
2-3-2019,17.81,Gibraltar,5,4,1752,20
29-10-2022,28.87,Bangalore,8,10,3813,1
29-12-2021,10.37,Lifeline,7,1,1440,8
10-9-2019,4.57,Bangalore,2,1,470,14
10-12-2019,9.28,Bangalore,3,3,1222,16
27-3-2021,25.01,Gibraltar,3,10,2061,10
29-3-2019,10.85,Gibraltar,7,2,1448,13
8-10-2022,12.14,Valkyrie,9,5,1521,16
21-5-2019,1.68,Bangalore,0,1,77,8
15-11-2022,26.49,Gibraltar,5,7,1695,13
10-1-2021,14.87,Valkyrie,15,6,3243,19
26-2-2020,7.87,Lifeline,13,1,2707,11
20-6-2019,26.77,Gibraltar,4,13,2680,20
27-8-2019,5.57,Pathfinder,8,5,2670,18
27-4-2020,12.9,Bangalore,13,3,3300,17
10-1-2022,27.1,Valkyrie,3,8,1643,16
31-8-2021,23.96,Pathfinder,3,2,949,11
11-4-2022,2.99,Valkyrie,1,1,245,7
2-3-2021,24.41,Lifeline,3,5,1573,14
26-3-2020,12.13,Gibraltar,2,5,362,4
30-7-2020,23.81,Wraith,2,5,565,5
24-11-2019,13.1,Wraith,13,8,3825,9
21-11-2019,27.79,Lifeline,8,2,1813,4
22-11-2019,1.4,Valkyrie,3,7,1479,4
10-5-2019,18.5,Bloodhound,1,6,372,8
7-11-2022,2.85,Bangalore,6,0,658,10
8-6-2019,14.59,Bloodhound,7,5,656,2
16-5-2020,0.01,Bloodhound,5,4,1481,13
22-6-2021,12.94,Lifeline,5,8,1387,12
8-5-2022,16.53,Wraith,9,14,2576,8
1-9-2020,13.58,Wraith,3,16,2468,9
25-5-2022,14.89,Pathfinder,3,2,735,13
3-9-2019,4.49,Bangalore,0,10,1283,6
7-7-2020,13.54,Valkyrie,13,1,2675,11
5-12-2020,13.08,Bloodhound,1,5,870,5
24-8-2020,25.14,Wraith,9,7,2885,11
10-11-2020,27.73,Valkyrie,2,3,702,3
7-10-2020,6.42,Pathfinder,4,0,423,20
23-2-2019,14.61,Pathfinder,6,5,2016,4
14-8-2021,4.19,Pathfinder,11,6,2018,11
12-6-2020,20.46,Valkyrie,12,2,1430,10
2-1-2020,27.68,Pathfinder,2,5,1250,17
8-6-2020,11.42,Gibraltar,3,4,1188,12
7-2-2020,1.61,Bangalore,12,7,1735,15
21-2-2019,2.03,Valkyrie,3,5,1550,19
6-4-2021,27.54,Bloodhound,9,15,4065,6
4-5-2020,29.07,Valkyrie,11,2,2240,16
31-3-2021,0.38,Gibraltar,11,0,1221,7
16-8-2019,29.03,Gibraltar,2,2,366,6
19-1-2022,26.39,Wraith,14,2,3012,20
19-2-2020,24.59,Pathfinder,2,4,546,3
16-11-2022,16.53,Pathfinder,7,3,1622,6
24-2-2021,14.22,Pathfinder,6,1,888,7
2-12-2021,11.77,Bangalore,16,1,1638,15
17-4-2019,26.89,Wraith,2,4,1014,5
2-8-2021,10.99,Lifeline,3,2,425,11
21-7-2019,10.64,Gibraltar,9,3,1445,4
21-1-2020,12.98,Valkyrie,6,9,961,14
9-1-2022,13.89,Lifeline,1,1,349,10
19-6-2020,13.04,Gibraltar,7,1,874,11
11-12-2022,23.47,Valkyrie,7,6,717,8
1-4-2019,20.55,Pathfinder,3,3,1044,12
9-4-2021,14.37,Pathfinder,8,10,1370,9
23-6-2021,0.87,Lifeline,5,3,1094,7
3-10-2022,21.23,Pathfinder,2,5,727,16
7-8-2019,19.36,Pathfinder,2,9,2160,9
18-12-2022,8.1,Gibraltar,8,2,1737,3
2-9-2022,0.36,Bloodhound,0,2,111,3
27-11-2022,13.77,Wraith,13,3,2148,12
5-8-2019,18.38,Valkyrie,8,5,2062,3
6-2-2021,16.42,Lifeline,2,7,1126,15
23-9-2019,12.99,Bloodhound,4,10,2553,16
8-2-2020,8.75,Bloodhound,1,9,1502,10
24-5-2019,24.75,Valkyrie,5,2,443,17
18-5-2022,27.1,Valkyrie,8,7,2579,12
24-4-2020,12.53,Bangalore,6,3,1262,9
14-12-2022,3.2,Pathfinder,7,0,1418,18
17-1-2021,14.6,Lifeline,6,2,1096,20
26-10-2020,6.64,Gibraltar,8,0,1059,4
3-2-2020,3.54,Gibraltar,0,14,1407,19
22-5-2021,8.64,Wraith,9,14,2097,9
18-1-2020,4.31,Pathfinder,10,11,4113,3
7-6-2020,28.14,Wraith,5,5,1950,17
18-12-2022,11.03,Wraith,6,2,1623,1
4-12-2021,2.43,Lifeline,6,4,786,9
8-5-2019,26.69,Bloodhound,6,2,1424,14
11-2-2019,1.88,Lifeline,1,12,1272,20
26-12-2021,12.41,Bangalore,1,3,389,1
5-3-2019,20.27,Gibraltar,10,2,1700,6
22-3-2022,24.67,Wraith,4,4,1538,18
25-6-2019,3.76,Bangalore,3,6,809,1
4-4-2022,0.09,Pathfinder,7,4,945,3
15-9-2020,3.68,Bloodhound,11,13,4208,2
17-4-2022,4.6,Gibraltar,4,2,334,18
24-12-2022,1.01,Lifeline,3,10,908,16
30-3-2019,16.39,Bangalore,1,1,344,14
4-12-2020,26.71,Bangalore,6,9,1481,17
22-12-2022,1.12,Lifeline,7,5,1239,12
19-9-2020,23.18,Lifeline,8,18,2149,4
3-8-2021,14.76,Gibraltar,11,13,1518,7
11-2-2022,15.21,Lifeline,4,1,417,20
8-6-2019,6.38,Wraith,3,1,350,18
4-1-2020,5.32,Valkyrie,3,7,1774,7
20-6-2019,20.28,Bloodhound,2,4,357,5
20-11-2021,11.21,Bloodhound,14,3,3344,8
26-1-2022,7.49,Valkyrie,1,17,1554,7
17-3-2019,28.83,Bangalore,6,3,1043,5
25-8-2022,28.72,Wraith,8,4,2477,20
15-3-2020,4.6,Gibraltar,9,1,1093,14
23-8-2019,18.45,Pathfinder,9,12,4269,7
12-10-2019,22.73,Wraith,2,7,1329,14
26-6-2019,12.71,Bloodhound,6,16,3102,12
11-2-2020,26.32,Wraith,3,5,1162,6
21-11-2020,2.56,Wraith,2,18,1763,14
18-11-2021,22.32,Valkyrie,3,11,2288,2
25-9-2022,4.18,Pathfinder,5,16,3695,3
9-3-2020,12.25,Lifeline,3,10,1251,2
3-8-2022,0.74,Wraith,3,2,513,15
20-6-2020,16.84,Lifeline,12,8,1267,1
27-2-2021,0.54,Wraith,1,4,409,1
29-12-2020,5.55,Wraith,10,3,1021,18
4-10-2019,1.64,Bangalore,8,9,2335,17
3-4-2020,11.39,Lifeline,20,11,6323,15
25-5-2022,19.71,Bangalore,6,1,716,8
14-3-2020,27.73,Wraith,4,12,2404,12
7-2-2022,22.78,Bangalore,14,2,1623,4
16-1-2020,3.75,Valkyrie,2,5,1094,10
2-7-2020,27.01,Pathfinder,8,11,2707,5
18-5-2020,23.46,Pathfinder,3,2,796,6
27-3-2021,24.87,Valkyrie,2,5,977,19
7-4-2021,15.79,Pathfinder,4,1,1054,3
30-6-2019,13.29,Pathfinder,2,4,1187,3
10-5-2022,23.76,Lifeline,19,12,5253,18
21-9-2021,16.26,Bangalore,7,1,1513,20
16-3-2021,3.33,Pathfinder,4,0,442,8
20-4-2022,8.47,Valkyrie,12,0,2103,1
2-9-2019,8.18,Valkyrie,14,0,1945,1
23-11-2020,11.67,Valkyrie,5,11,2224,12
21-8-2021,4.61,Lifeline,0,0,0,18
2-5-2022,12.35,Gibraltar,2,2,716,14
22-4-2019,24.76,Wraith,15,2,2311,1
9-2-2020,24.04,Bangalore,9,10,4058,18
14-1-2020,7.93,Lifeline,6,6,1274,1
11-8-2021,24.34,Lifeline,2,13,1110,10
14-1-2021,0.63,Bloodhound,0,0,0,10
3-11-2019,18.5,Wraith,1,1,405,11
16-1-2020,5.87,Bangalore,8,8,2553,19
8-5-2020,15.76,Pathfinder,4,8,1986,18
20-1-2021,17.17,Pathfinder,13,2,974,12
7-5-2021,11.44,Bloodhound,4,2,1083,2
26-5-2021,27.44,Valkyrie,2,11,1721,2
22-9-2021,24.28,Lifeline,2,4,319,18
16-7-2020,24.62,Bangalore,11,4,2276,8
11-1-2022,29.69,Bangalore,2,10,2361,19
2-4-2022,5.42,Gibraltar,15,4,2808,9
9-7-2020,21.62,Lifeline,2,5,379,17
19-8-2022,21.89,Valkyrie,13,4,2961,19
22-5-2019,21.95,Bloodhound,9,2,694,1
8-1-2020,22.85,Valkyrie,3,8,1427,18
23-10-2019,2.55,Bangalore,4,7,1122,16
28-2-2019,26.54,Wraith,2,5,1406,2
2-2-2022,7.55,Gibraltar,0,8,634,10
26-6-2020,21.95,Gibraltar,5,10,2771,17
25-4-2022,15.92,Bangalore,4,2,1236,17
11-11-2020,27.97,Valkyrie,7,2,1466,6
5-1-2022,13.81,Bangalore,7,4,1463,11
3-9-2022,29.95,Gibraltar,6,14,2904,5
3-4-2020,2.8,Lifeline,4,0,308,7
28-3-2022,25.44,Lifeline,2,2,660,20
25-6-2022,7.39,Gibraltar,5,2,596,6
18-10-2019,10.77,Bloodhound,7,4,1346,11
1-8-2019,20.29,Lifeline,10,2,2258,16
20-8-2022,13.17,Wraith,4,2,958,9
11-2-2022,9.46,Lifeline,0,9,1280,14
10-11-2020,18.74,Valkyrie,10,14,1704,3
17-10-2021,24.92,Lifeline,7,2,1185,16
5-6-2020,29.92,Lifeline,5,11,2775,1
28-3-2022,2.97,Wraith,5,9,951,13
11-8-2022,28.58,Bloodhound,2,3,963,12
14-12-2019,16.48,Gibraltar,13,1,1149,5
11-2-2020,23.25,Wraith,4,9,1722,16
28-7-2020,7.02,Valkyrie,6,1,1275,1
27-9-2022,25.62,Bangalore,4,13,1878,5
6-4-2020,24.13,Bangalore,3,10,2598,19
21-10-2021,6.4,Bangalore,5,1,731,5
16-4-2020,28.36,Valkyrie,3,10,1584,14
14-10-2022,1.05,Bangalore,6,14,3200,14
26-8-2022,19.25,Gibraltar,1,7,624,2
19-4-2020,22.74,Gibraltar,13,6,2398,16
10-5-2022,27.07,Lifeline,3,10,1100,15
30-11-2022,21.68,Bloodhound,12,6,2232,14
10-5-2019,25.8,Wraith,5,4,1420,5
2-6-2020,7.37,Lifeline,5,7,773,17
25-1-2021,27.35,Valkyrie,11,9,2120,8
13-7-2019,27.0,Wraith,9,7,2056,4
15-7-2019,24.86,Lifeline,2,3,993,20
15-1-2020,24.47,Valkyrie,2,6,1246,2
25-5-2022,12.4,Valkyrie,10,2,1476,9
11-8-2021,9.8,Bangalore,1,0,157,20
13-11-2020,28.29,Wraith,6,11,1945,9
18-11-2022,23.98,Gibraltar,2,2,805,16
15-2-2020,2.81,Gibraltar,3,1,337,6
28-10-2022,12.81,Bloodhound,3,5,1393,4
18-3-2020,25.0,Pathfinder,3,2,595,16
11-10-2020,7.57,Wraith,1,1,225,4
28-9-2019,9.54,Bloodhound,2,5,985,18
10-1-2020,6.36,Bangalore,9,11,3678,8
22-6-2022,13.03,Gibraltar,1,7,508,1
28-7-2020,19.15,Bangalore,5,1,787,12
28-9-2021,13.42,Lifeline,17,2,2354,4
18-5-2020,19.81,Bloodhound,10,1,1022,6
31-10-2020,14.5,Pathfinder,1,3,229,7
15-7-2020,2.89,Valkyrie,14,3,3830,2
8-11-2019,10.46,Valkyrie,2,4,1006,3
25-6-2019,13.84,Bloodhound,9,5,3062,11
23-7-2021,12.36,Bloodhound,7,2,1274,15
26-2-2020,20.42,Pathfinder,3,2,362,3
9-3-2020,14.2,Valkyrie,5,1,1290,11
21-6-2022,23.6,Bangalore,6,16,2634,18
13-6-2022,5.1,Pathfinder,14,10,4438,7
7-10-2021,13.61,Lifeline,4,8,1183,4
9-9-2020,13.62,Pathfinder,6,2,1518,18
20-4-2020,8.38,Lifeline,3,3,680,3
1-7-2019,4.27,Lifeline,10,1,870,15
7-11-2020,22.32,Valkyrie,12,3,2114,6
6-10-2020,11.56,Gibraltar,10,9,3844,2
24-3-2019,17.33,Pathfinder,1,1,254,7
21-4-2022,7.95,Valkyrie,18,2,3329,16
21-8-2019,25.21,Gibraltar,2,2,856,1
21-1-2022,7.46,Valkyrie,2,3,786,19
6-9-2020,9.7,Wraith,1,8,1022,9
10-11-2021,23.35,Gibraltar,3,5,904,7
31-8-2022,27.9,Pathfinder,5,10,2624,8
15-5-2020,21.77,Gibraltar,2,15,1069,19
28-12-2021,26.62,Valkyrie,3,5,1245,6
23-10-2022,20.06,Bangalore,7,10,1257,8
18-3-2021,25.85,Wraith,6,4,1272,10
20-8-2020,24.5,Pathfinder,2,19,1246,1
17-8-2022,13.57,Pathfinder,6,4,1001,6
5-8-2021,3.69,Pathfinder,1,1,388,18
26-7-2020,10.16,Pathfinder,3,1,334,12
11-11-2022,29.4,Bangalore,5,2,904,13
27-10-2019,1.97,Bangalore,6,3,1677,3
1-10-2019,13.92,Pathfinder,10,10,1251,20
17-9-2022,12.61,Bangalore,8,6,2366,20
31-7-2022,3.89,Lifeline,3,10,843,9
15-1-2022,8.76,Valkyrie,4,5,1546,15
20-5-2022,27.17,Bangalore,2,2,499,2
5-5-2022,14.79,Bangalore,4,16,3905,11
24-9-2019,28.57,Pathfinder,17,18,4154,20
10-5-2020,18.26,Pathfinder,3,1,632,1
1-8-2022,7.69,Gibraltar,1,5,472,11
12-6-2019,9.69,Gibraltar,1,0,68,4
31-10-2020,19.22,Bloodhound,6,4,662,1
18-5-2020,12.68,Gibraltar,15,13,4017,11
3-7-2022,25.45,Valkyrie,8,5,2575,9
1-8-2019,13.12,Lifeline,5,7,1590,19
2-8-2022,28.21,Bangalore,9,8,2882,17
28-3-2020,9.09,Bangalore,0,8,1241,2
16-3-2021,12.97,Gibraltar,10,2,1488,11
11-5-2021,1.09,Pathfinder,3,0,435,17
13-1-2021,8.62,Bangalore,1,15,1075,2
12-8-2020,17.83,Wraith,4,4,665,3
10-9-2020,23.17,Valkyrie,5,10,1747,18
6-10-2020,4.89,Bangalore,9,3,2690,11
13-1-2022,0.63,Wraith,4,3,431,4
27-9-2020,2.15,Pathfinder,10,2,1170,19
25-12-2019,17.46,Lifeline,6,1,516,12
17-12-2020,5.97,Valkyrie,0,1,191,14
15-2-2020,18.45,Bangalore,1,12,2279,11
17-5-2022,8.99,Pathfinder,0,0,0,19
30-6-2019,5.86,Valkyrie,1,0,205,10
7-7-2020,25.15,Wraith,4,2,643,6
9-10-2020,7.47,Lifeline,2,1,367,12
17-2-2020,23.7,Pathfinder,5,7,2091,1
17-1-2021,24.05,Valkyrie,2,2,287,16
24-11-2021,10.46,Valkyrie,4,4,771,11
12-2-2020,15.25,Valkyrie,1,5,306,8
31-8-2021,0.3,Lifeline,1,1,220,18
3-1-2020,10.15,Pathfinder,3,4,1223,18
26-4-2021,2.3,Lifeline,0,0,0,5
25-8-2020,3.04,Wraith,0,0,0,5
15-12-2020,15.28,Wraith,1,5,1150,20
27-5-2021,4.16,Gibraltar,7,2,1278,7
31-1-2021,1.65,Bloodhound,5,9,2576,18
2-10-2022,26.11,Bangalore,2,11,1755,19
26-1-2022,23.76,Valkyrie,17,18,3315,14
17-10-2021,2.71,Lifeline,17,7,4769,13
10-3-2019,9.45,Wraith,14,4,1831,8
7-9-2022,20.77,Gibraltar,4,20,3854,2
27-1-2021,17.08,Gibraltar,12,1,2650,18
28-4-2020,26.04,Wraith,4,7,1663,14
27-4-2022,17.54,Bloodhound,6,2,1185,9
7-5-2019,18.54,Lifeline,4,1,873,14
31-7-2022,25.31,Valkyrie,6,12,1533,3
26-7-2022,21.78,Valkyrie,7,5,1668,20
22-9-2019,9.06,Wraith,7,3,1053,12
11-2-2021,29.05,Bangalore,4,7,2157,5
21-7-2022,5.91,Pathfinder,6,0,980,2
4-7-2022,24.26,Bloodhound,7,4,935,3
19-5-2021,10.91,Gibraltar,4,17,2808,3
11-12-2021,0.81,Bloodhound,9,3,2021,17
2-8-2022,5.33,Bloodhound,8,7,2820,13
27-11-2020,27.96,Bloodhound,8,2,776,10
25-12-2021,4.45,Gibraltar,16,6,1414,11
11-3-2022,25.97,Bloodhound,2,4,407,10
13-10-2020,18.39,Wraith,2,4,602,11
7-8-2020,28.37,Bangalore,17,4,1846,9
2-5-2020,7.7,Wraith,11,2,1475,4
16-6-2020,26.19,Bangalore,2,6,1270,10
25-10-2020,8.28,Wraith,4,3,1010,4
31-12-2022,7.07,Lifeline,6,8,1094,9
4-5-2021,10.91,Lifeline,3,18,2541,1
22-11-2022,25.53,Gibraltar,3,2,321,1
29-7-2021,28.83,Lifeline,11,7,2561,16
30-9-2020,22.07,Valkyrie,5,7,905,12
19-5-2022,3.74,Bangalore,4,2,705,20
12-11-2022,5.15,Bangalore,0,7,987,20
7-8-2020,16.22,Lifeline,1,3,676,18
23-10-2022,1.6,Bloodhound,0,9,449,7
17-12-2020,16.7,Pathfinder,10,2,2600,4
29-3-2019,28.25,Bangalore,8,5,1608,12
23-6-2022,5.66,Pathfinder,10,5,869,14
14-7-2020,18.76,Bangalore,2,1,216,6
16-2-2021,9.02,Wraith,1,13,742,12
8-11-2020,23.11,Gibraltar,9,7,2575,16
4-10-2020,13.81,Lifeline,3,17,2586,19
26-4-2022,3.31,Bangalore,2,8,789,8
7-10-2022,5.01,Gibraltar,9,7,3321,8
30-12-2022,15.41,Bangalore,3,8,1384,16
8-11-2019,17.06,Pathfinder,19,7,5606,11
18-4-2022,16.66,Bloodhound,3,2,857,7
3-8-2021,0.28,Lifeline,6,3,1061,9
8-1-2020,18.2,Gibraltar,1,9,1493,8
12-7-2019,18.99,Bloodhound,20,10,2313,16
11-4-2022,7.36,Bangalore,2,0,411,14
26-12-2022,16.03,Lifeline,1,2,325,18
3-2-2021,23.38,Bangalore,3,2,1024,7
29-10-2020,8.68,Wraith,5,2,849,7
17-2-2020,8.93,Bangalore,4,6,1508,2
11-12-2021,16.11,Lifeline,5,5,725,7
11-9-2021,0.92,Wraith,2,3,569,9
9-11-2021,24.68,Bangalore,8,9,1903,4
13-5-2020,29.14,Bloodhound,2,4,900,12
24-6-2020,2.18,Gibraltar,12,1,1283,20
27-12-2019,0.15,Gibraltar,1,15,1666,3
31-1-2022,0.12,Gibraltar,8,6,2858,14
1-10-2022,10.03,Bangalore,9,2,1881,14
19-10-2020,9.24,Wraith,15,12,2726,7
14-6-2021,19.65,Gibraltar,1,5,1140,13
14-6-2022,2.94,Pathfinder,4,1,481,12
9-9-2020,15.76,Lifeline,3,7,1464,9
8-2-2020,5.48,Wraith,10,9,2132,3
25-6-2022,6.5,Wraith,0,1,79,15
31-10-2019,0.29,Valkyrie,5,2,607,19
17-8-2019,15.54,Wraith,4,9,1245,3
17-2-2021,20.39,Bangalore,7,8,1889,18
25-1-2021,0.85,Valkyrie,0,15,2705,9
2-10-2019,22.37,Lifeline,3,17,2547,13
2-5-2020,9.83,Pathfinder,4,2,1070,18
14-9-2021,7.94,Bloodhound,6,4,749,11
7-12-2021,5.15,Pathfinder,3,8,692,19
6-9-2022,15.19,Bangalore,3,10,1641,14
6-11-2020,0.51,Valkyrie,2,7,1183,7
26-5-2021,22.93,Lifeline,2,16,2457,19
30-9-2021,24.35,Bloodhound,9,20,3348,3
28-10-2022,25.62,Lifeline,3,11,685,9
22-6-2019,17.58,Bangalore,6,3,1691,19
29-5-2020,0.08,Wraith,0,4,675,4
24-11-2019,27.23,Pathfinder,9,7,2399,5
19-4-2021,12.45,Valkyrie,8,5,769,10
19-2-2019,9.97,Valkyrie,3,3,941,19
2-8-2022,11.13,Bloodhound,4,5,1300,12
19-12-2020,29.3,Wraith,2,11,1983,10
4-12-2021,3.82,Lifeline,1,3,515,14
11-10-2022,14.81,Lifeline,5,2,1270,17
17-12-2021,12.48,Pathfinder,6,6,2427,6
24-12-2020,23.91,Wraith,5,3,735,1
27-8-2021,2.42,Pathfinder,18,6,4831,2
5-5-2020,19.91,Lifeline,8,3,2303,10
18-3-2019,9.84,Wraith,2,0,396,1
10-9-2022,29.14,Bloodhound,7,3,956,10
17-3-2019,18.14,Pathfinder,10,1,721,5
8-10-2021,10.27,Bloodhound,7,10,2154,10
2-1-2020,23.29,Bangalore,2,7,1009,12
7-5-2019,18.32,Gibraltar,5,5,1657,18
28-6-2022,11.13,Pathfinder,10,3,2065,2
26-2-2020,19.82,Valkyrie,5,1,1002,20
26-8-2019,3.27,Pathfinder,0,4,277,10
14-9-2021,2.1,Lifeline,3,4,731,6
18-6-2021,19.35,Wraith,2,8,887,20
14-11-2021,7.87,Wraith,1,10,1923,5
26-7-2021,1.25,Bloodhound,7,7,2095,18
2-12-2021,24.28,Lifeline,6,8,816,15
2-10-2019,15.83,Valkyrie,5,8,2600,16
21-3-2021,12.39,Pathfinder,4,3,1294,1
6-8-2020,15.09,Lifeline,15,10,3312,16
29-7-2021,27.12,Valkyrie,2,5,419,9
1-10-2020,27.86,Lifeline,9,4,1962,12
12-5-2020,14.29,Wraith,2,1,263,13
10-12-2019,15.86,Gibraltar,3,5,717,19
29-9-2019,13.94,Gibraltar,6,14,1615,14
26-3-2021,7.93,Lifeline,0,10,1171,16
23-1-2022,19.2,Valkyrie,3,7,874,10
17-2-2020,6.07,Wraith,18,10,5270,7
9-7-2021,29.48,Bloodhound,6,6,878,9
26-6-2022,22.79,Lifeline,12,3,1161,5
26-12-2021,11.6,Bangalore,1,3,749,14
5-8-2019,10.01,Gibraltar,2,3,589,11
23-7-2021,22.2,Gibraltar,6,10,2459,3
8-5-2022,6.93,Valkyrie,6,1,1032,3
8-7-2022,19.53,Bangalore,11,3,1853,13
15-7-2022,29.76,Pathfinder,6,6,1274,1
12-2-2020,7.62,Valkyrie,3,0,202,20
22-11-2019,25.61,Lifeline,9,8,1243,14
28-2-2022,19.47,Pathfinder,3,1,345,11
22-8-2019,2.2,Valkyrie,0,7,657,6
16-11-2019,26.89,Bloodhound,6,4,905,10
28-11-2020,8.01,Bangalore,5,3,714,15
17-6-2022,29.95,Lifeline,13,8,1660,3
9-7-2021,23.69,Lifeline,13,2,2317,6
23-2-2021,10.01,Bloodhound,9,3,1618,11
31-7-2019,13.68,Pathfinder,13,15,2580,15
16-1-2020,17.91,Wraith,9,1,2284,4
21-12-2019,14.0,Bangalore,6,16,2215,12
22-4-2019,27.8,Lifeline,6,2,893,15
29-6-2020,15.57,Lifeline,1,16,2621,16
8-11-2022,0.34,Wraith,1,3,378,8
15-9-2020,11.06,Gibraltar,8,2,1842,1
22-12-2021,10.26,Lifeline,1,7,1036,8
11-4-2022,16.42,Bangalore,6,3,1807,7
24-6-2021,24.89,Bangalore,2,16,1154,15
26-8-2020,18.87,Bloodhound,10,2,1600,15
14-5-2022,2.19,Bangalore,5,16,2200,8
22-10-2021,2.38,Bangalore,1,0,138,18
25-2-2021,0.98,Bangalore,1,1,209,13
3-5-2022,22.27,Pathfinder,4,6,1244,8
28-2-2022,19.21,Bangalore,6,13,1724,7
19-5-2020,15.2,Gibraltar,8,2,1421,2
28-2-2021,17.97,Lifeline,4,7,626,8
7-3-2019,26.14,Bangalore,8,17,2584,20
15-4-2019,29.08,Lifeline,7,8,2853,9
26-3-2021,15.65,Bloodhound,4,6,854,12
17-3-2022,26.35,Valkyrie,8,5,1687,13
27-4-2022,26.33,Wraith,10,5,1389,11
4-12-2020,26.97,Bangalore,3,18,1679,4
3-6-2019,11.73,Wraith,3,2,681,18
2-12-2020,25.89,Lifeline,5,5,668,14
23-1-2021,16.12,Lifeline,1,2,417,14
13-3-2022,25.22,Gibraltar,7,5,1499,6
24-1-2020,1.57,Gibraltar,0,10,1100,19
26-5-2021,7.38,Lifeline,4,5,1885,11
27-9-2019,6.4,Gibraltar,1,1,386,7
29-12-2021,16.04,Gibraltar,1,1,112,19
21-8-2021,0.77,Bloodhound,2,4,484,9
25-10-2019,8.59,Valkyrie,0,4,729,16
25-5-2022,22.3,Lifeline,6,3,1449,1
12-12-2020,20.57,Lifeline,2,6,937,11
24-2-2020,15.4,Gibraltar,2,10,989,16
14-1-2020,13.47,Gibraltar,2,10,730,9
11-2-2020,4.06,Pathfinder,8,0,837,12
13-3-2021,22.98,Pathfinder,14,8,3630,18
5-9-2022,12.48,Wraith,10,12,2712,18
8-3-2019,3.78,Wraith,1,5,643,11
24-11-2019,20.65,Lifeline,6,2,691,20
12-11-2020,23.37,Gibraltar,11,2,1559,4
21-2-2020,9.47,Gibraltar,3,8,1527,3
10-1-2020,8.6,Gibraltar,15,13,4208,13
24-7-2021,23.97,Valkyrie,3,4,1113,4
27-10-2019,20.95,Gibraltar,17,9,2513,17
25-10-2021,20.22,Lifeline,4,5,1736,20
3-11-2019,24.36,Pathfinder,2,7,1410,1
28-7-2021,5.6,Lifeline,0,1,203,16
22-10-2020,4.79,Pathfinder,0,1,119,18
26-11-2019,21.06,Gibraltar,3,13,1169,3
4-7-2019,4.97,Bloodhound,5,10,1639,14
27-3-2019,22.75,Wraith,3,5,441,19
22-3-2019,25.57,Bangalore,4,12,1720,5
1-4-2020,23.53,Gibraltar,8,2,718,14
15-11-2019,4.14,Pathfinder,2,2,436,1
28-1-2021,11.25,Bangalore,7,8,2043,13
14-6-2020,28.9,Gibraltar,2,6,911,5
9-4-2022,19.35,Bangalore,1,7,1215,16
31-10-2020,22.27,Valkyrie,13,10,3693,5
8-9-2020,18.27,Gibraltar,5,2,1468,4
7-5-2020,7.94,Wraith,5,1,861,1
26-10-2021,27.04,Bangalore,4,11,2886,9
18-12-2020,16.4,Pathfinder,19,5,4767,19
4-3-2019,26.43,Bloodhound,7,2,619,3
17-12-2019,11.15,Lifeline,1,1,361,3
10-6-2022,27.27,Lifeline,17,11,1895,4
3-8-2021,11.82,Pathfinder,5,2,943,13
24-12-2019,5.31,Gibraltar,7,0,573,9
23-12-2019,23.49,Pathfinder,10,4,2974,4
26-9-2019,24.67,Bangalore,2,18,2155,14
11-11-2020,20.15,Valkyrie,9,6,2486,13
4-5-2022,6.79,Gibraltar,2,5,1404,4
10-12-2022,21.57,Gibraltar,2,9,1921,20
5-6-2022,12.74,Bangalore,2,9,2166,4
10-1-2020,18.22,Valkyrie,2,12,966,10
16-3-2020,5.7,Bloodhound,8,8,863,8
20-10-2019,9.37,Bloodhound,1,0,109,10
14-12-2022,25.31,Valkyrie,5,3,1156,2
27-10-2019,21.91,Bangalore,7,3,1712,18
18-11-2019,13.48,Gibraltar,11,11,3253,1
13-5-2022,23.29,Lifeline,2,6,445,6
1-4-2020,2.9,Gibraltar,7,7,2645,11
17-8-2022,8.32,Bloodhound,1,8,997,20
2-11-2020,26.25,Wraith,5,18,1684,15
30-7-2021,23.19,Bangalore,7,8,1667,14
7-4-2021,12.17,Gibraltar,12,10,2892,16
19-7-2022,8.77,Wraith,3,2,608,20
16-12-2019,0.14,Pathfinder,9,5,729,5
8-2-2020,24.58,Pathfinder,4,4,1670,6
27-3-2021,13.69,Lifeline,6,3,806,3
12-3-2019,28.07,Gibraltar,11,2,2521,5
28-11-2022,26.06,Bangalore,5,11,2428,6
27-5-2020,29.75,Valkyrie,7,10,1415,8
21-5-2019,10.15,Wraith,6,5,1981,6
24-6-2019,6.05,Wraith,6,1,1089,11
22-10-2020,3.13,Pathfinder,1,0,214,13
14-1-2021,11.96,Wraith,13,2,2054,14
7-5-2019,4.99,Valkyrie,2,5,485,6
16-1-2020,5.68,Valkyrie,6,2,1614,8
4-3-2019,29.84,Bloodhound,9,7,3016,3
7-7-2021,6.84,Gibraltar,4,3,1377,13
4-12-2021,25.17,Wraith,3,6,1033,2
19-1-2021,19.47,Bangalore,2,1,664,1
21-2-2019,16.22,Pathfinder,2,1,644,5
25-5-2021,13.08,Bangalore,5,2,1328,2
11-6-2020,18.43,Bangalore,1,3,679,3
3-5-2021,22.02,Pathfinder,8,2,1110,13
31-8-2020,8.31,Bangalore,4,12,1505,3
26-10-2019,5.91,Bangalore,10,5,1220,3
25-11-2019,8.05,Valkyrie,12,0,1795,19
16-5-2021,25.83,Pathfinder,4,2,951,2
8-9-2019,27.65,Bloodhound,6,12,1379,8
20-9-2021,23.79,Bloodhound,14,8,1621,17
13-7-2021,28.37,Bloodhound,6,10,1300,2
16-5-2020,8.36,Pathfinder,14,6,3371,7
13-1-2022,21.41,Lifeline,3,18,3889,9
11-4-2020,13.12,Valkyrie,3,6,819,20
30-7-2020,28.94,Valkyrie,4,7,1374,15
17-3-2021,22.77,Lifeline,6,10,3042,7
18-4-2021,0.01,Lifeline,3,1,802,13
23-11-2021,19.38,Lifeline,2,1,509,18
13-9-2022,13.92,Pathfinder,1,14,2038,7
22-7-2022,19.49,Lifeline,11,4,1104,3
27-9-2022,20.31,Gibraltar,2,2,741,2
14-6-2022,2.7,Wraith,8,17,4078,8
18-3-2020,26.34,Bangalore,8,3,1239,19
13-12-2022,3.18,Bloodhound,10,5,3170,11
29-12-2021,0.53,Gibraltar,13,4,2787,15
27-2-2021,3.8,Bangalore,9,2,1693,15
4-10-2022,4.8,Valkyrie,1,11,1186,18
28-11-2020,26.2,Gibraltar,15,2,3428,10
4-6-2022,19.88,Gibraltar,8,1,1146,6
31-1-2020,10.12,Wraith,9,4,1605,10
2-12-2022,5.12,Gibraltar,3,2,366,14
2-1-2022,26.67,Bangalore,8,15,2723,17
27-6-2020,10.86,Bloodhound,6,6,1796,3
7-10-2020,29.52,Bloodhound,3,7,1999,7
25-5-2021,12.09,Bloodhound,4,1,670,2
17-9-2022,2.99,Bloodhound,7,8,1615,4
23-3-2022,24.42,Wraith,2,5,1326,5
6-2-2021,14.07,Bloodhound,2,4,1103,16
6-12-2019,13.05,Lifeline,1,5,1116,13
28-7-2019,18.01,Wraith,2,5,816,18
11-6-2021,2.06,Bangalore,5,0,393,20
16-12-2022,27.95,Bangalore,4,12,2033,1
24-1-2022,22.64,Gibraltar,14,3,1086,16
9-4-2022,12.0,Wraith,3,11,873,14
7-3-2021,11.34,Bloodhound,2,4,834,13
28-5-2021,14.77,Wraith,7,7,2591,3
9-10-2022,21.04,Valkyrie,4,9,1562,5
10-6-2020,1.98,Bangalore,0,3,488,19
2-10-2022,23.38,Gibraltar,3,6,1732,7
29-3-2021,28.32,Wraith,14,11,2559,19
31-7-2021,17.83,Bangalore,3,7,1324,17
11-7-2020,6.75,Lifeline,3,7,1439,9
24-9-2021,18.12,Pathfinder,2,5,444,2
24-1-2021,4.58,Pathfinder,5,2,1232,10
24-5-2021,3.52,Pathfinder,18,7,1981,17
31-7-2019,8.91,Pathfinder,0,12,1720,15
6-1-2020,1.25,Lifeline,1,2,400,5
12-11-2021,13.95,Lifeline,5,4,1760,17
22-4-2021,28.26,Wraith,9,5,2011,5
5-6-2020,8.41,Lifeline,14,7,3543,1
19-9-2020,8.25,Valkyrie,4,9,2341,14
18-4-2020,6.89,Bloodhound,1,14,2345,3
19-10-2022,24.18,Bloodhound,9,4,1566,10
21-12-2022,20.9,Valkyrie,10,10,3408,4
4-11-2022,4.6,Lifeline,9,1,1805,20
5-11-2020,12.76,Gibraltar,10,1,754,5
23-10-2019,13.25,Pathfinder,2,2,743,5
26-2-2020,17.01,Valkyrie,3,7,1379,1
1-2-2021,21.88,Bloodhound,9,3,1051,2
30-5-2021,24.46,Pathfinder,6,3,2042,12
20-8-2020,21.1,Pathfinder,2,2,351,2
11-9-2020,14.33,Bloodhound,7,1,1656,17
23-10-2022,29.23,Lifeline,14,15,6045,10
23-10-2022,3.58,Bangalore,1,3,785,4
26-1-2022,23.18,Bangalore,6,5,2252,4
25-12-2022,19.97,Valkyrie,7,2,1212,1
7-10-2022,9.2,Pathfinder,8,12,1680,16
9-1-2020,13.25,Wraith,11,7,1274,18
10-4-2022,11.67,Gibraltar,8,10,1203,7
27-11-2019,23.48,Wraith,10,7,993,3
28-4-2020,6.89,Lifeline,0,2,224,20
7-4-2022,0.3,Lifeline,4,9,1732,14
17-10-2019,22.18,Bangalore,7,4,2021,4
7-1-2020,26.56,Valkyrie,4,4,1225,16
18-11-2019,7.33,Wraith,5,12,2866,12
29-11-2022,5.27,Gibraltar,0,11,1586,12
3-4-2020,16.81,Pathfinder,14,1,2957,3
5-3-2019,15.46,Valkyrie,2,1,358,10
17-12-2019,11.02,Wraith,6,2,1699,11
26-3-2019,4.76,Lifeline,2,6,1373,8
17-11-2019,0.43,Pathfinder,10,13,3528,15
6-5-2021,6.66,Valkyrie,2,4,1167,19
17-12-2022,19.01,Gibraltar,3,7,1656,3
6-3-2019,21.71,Valkyrie,2,9,1394,1
16-12-2021,21.98,Lifeline,2,3,298,3
23-10-2020,5.04,Gibraltar,4,7,1783,14
10-2-2022,27.29,Bloodhound,2,10,712,10
24-9-2021,18.96,Valkyrie,3,7,1388,11
14-8-2019,17.17,Lifeline,10,4,3103,18
19-2-2019,9.31,Lifeline,7,2,2009,8
7-6-2019,11.26,Lifeline,2,10,1384,16
15-8-2019,9.01,Bloodhound,2,6,1296,11
6-10-2019,12.57,Gibraltar,7,3,1007,12
19-2-2019,13.26,Bloodhound,1,5,654,4
20-3-2019,13.98,Bloodhound,4,1,532,12
26-7-2019,8.06,Wraith,0,0,0,4
14-11-2022,25.19,Bangalore,3,4,716,17
9-12-2019,0.45,Valkyrie,17,0,1686,8
24-6-2021,25.38,Wraith,19,4,3591,16
21-12-2020,6.9,Gibraltar,8,5,2754,14
8-12-2021,26.94,Bloodhound,5,3,1472,4
7-1-2020,25.55,Lifeline,3,6,1360,11
20-10-2022,1.63,Bloodhound,0,4,207,8
1-5-2020,7.78,Gibraltar,14,7,3290,2
20-6-2022,11.31,Pathfinder,4,3,938,17
8-5-2021,5.09,Gibraltar,1,5,771,12
14-5-2021,5.53,Bangalore,14,2,3281,13
5-3-2020,9.56,Gibraltar,12,1,1384,20
31-10-2019,21.54,Pathfinder,13,3,2445,14
21-12-2019,26.54,Bloodhound,10,4,2081,11
19-6-2022,13.48,Gibraltar,5,4,1261,12
9-12-2020,21.39,Bangalore,2,3,816,2
20-1-2020,24.66,Valkyrie,14,3,2620,5
23-9-2020,17.31,Gibraltar,18,4,2374,13
20-2-2022,14.2,Lifeline,1,5,1193,6
14-11-2021,1.84,Bloodhound,4,14,1307,16
30-8-2019,3.53,Lifeline,16,0,1580,13
20-12-2021,12.61,Valkyrie,5,4,1700,1
21-5-2020,25.61,Valkyrie,2,7,1570,13
29-6-2019,15.77,Bangalore,4,1,420,15
15-10-2021,28.64,Wraith,2,6,1501,8
20-12-2020,13.18,Bangalore,10,3,2685,16
8-1-2021,29.95,Pathfinder,6,2,1387,13
24-2-2022,23.65,Wraith,6,2,1478,19
4-3-2019,4.0,Bloodhound,1,9,926,19
5-5-2022,14.12,Valkyrie,2,8,1880,17
9-3-2020,12.24,Lifeline,6,10,1081,17
28-2-2021,20.65,Wraith,3,4,369,5
9-8-2021,1.82,Bloodhound,0,2,365,10
21-7-2022,13.29,Pathfinder,12,9,3606,15
21-6-2019,8.34,Bangalore,10,0,854,6
12-11-2020,13.61,Bangalore,2,20,3685,10
16-11-2019,27.05,Valkyrie,5,5,980,3
5-10-2019,9.87,Bloodhound,3,4,1152,13
21-2-2019,19.86,Pathfinder,6,2,678,14
8-1-2020,27.6,Bloodhound,4,2,1176,14
17-1-2022,1.37,Lifeline,4,0,300,20
24-2-2020,29.18,Bangalore,12,2,3063,20
28-5-2022,6.69,Valkyrie,4,6,1547,2
18-4-2019,11.62,Valkyrie,6,2,1521,15
26-5-2021,13.47,Pathfinder,1,3,191,17
18-11-2019,29.7,Bloodhound,2,4,1020,13
5-11-2019,20.58,Valkyrie,10,2,1295,3
30-10-2020,6.85,Bangalore,0,7,1028,12
4-3-2021,20.83,Lifeline,5,7,2307,3
27-6-2020,5.5,Pathfinder,0,4,235,14
22-2-2022,8.0,Bangalore,1,3,431,14
17-3-2019,7.42,Bloodhound,6,0,857,16
9-12-2020,17.52,Valkyrie,2,13,1793,8
4-4-2021,19.52,Pathfinder,2,1,648,17
17-12-2021,6.39,Pathfinder,4,0,871,17
22-9-2021,16.25,Bangalore,1,2,163,4
18-4-2020,2.11,Lifeline,3,0,478,9
24-7-2021,19.83,Gibraltar,16,2,4092,4
26-8-2021,0.42,Wraith,0,1,123,19
17-5-2022,1.17,Pathfinder,2,0,420,11
17-12-2020,14.03,Bloodhound,1,2,431,3
22-9-2022,18.41,Bangalore,4,1,851,6
25-10-2021,14.8,Gibraltar,1,2,605,12
19-9-2022,10.03,Lifeline,1,3,457,16
20-7-2021,27.14,Pathfinder,6,10,1487,4
29-7-2021,29.64,Gibraltar,3,2,896,4
2-2-2021,29.9,Bangalore,3,2,1003,4
6-8-2021,25.19,Wraith,11,4,3360,4
13-4-2021,9.1,Lifeline,0,4,480,10
21-11-2021,12.66,Gibraltar,6,2,570,7
29-6-2022,16.58,Valkyrie,3,3,922,9
3-9-2021,19.45,Gibraltar,11,1,1665,4
22-4-2019,10.91,Wraith,8,9,3080,5
3-12-2021,13.47,Bloodhound,4,15,3478,19
11-4-2019,6.51,Lifeline,0,5,431,6
27-10-2021,9.33,Pathfinder,0,7,821,4
26-10-2019,11.33,Gibraltar,4,2,793,12
27-3-2019,26.6,Bloodhound,3,5,1014,18
19-8-2022,2.23,Gibraltar,4,0,318,19
15-11-2019,24.79,Bangalore,3,15,1338,11
4-9-2019,24.02,Pathfinder,6,20,3786,9
10-8-2021,11.03,Bangalore,4,2,352,16
16-2-2022,24.63,Lifeline,8,4,1534,13
27-6-2019,9.3,Pathfinder,0,2,119,17
23-10-2022,8.28,Bloodhound,4,16,1538,16
23-7-2019,14.69,Valkyrie,4,3,1114,17
9-11-2021,25.37,Valkyrie,2,5,1355,5
22-9-2022,5.49,Lifeline,4,8,2072,16
16-11-2020,12.56,Bangalore,2,4,1063,4
21-6-2020,25.69,Bangalore,7,3,865,12
23-5-2020,26.8,Valkyrie,2,16,887,9
3-1-2020,20.81,Valkyrie,3,4,818,10
10-4-2020,18.38,Wraith,5,15,1677,9
20-3-2021,6.89,Bloodhound,17,14,5673,7
17-3-2020,27.08,Valkyrie,10,14,4523,20
22-2-2019,13.59,Bloodhound,4,3,695,11
3-12-2020,5.12,Gibraltar,5,2,1298,2
2-6-2019,22.8,Wraith,2,12,1068,17
5-12-2019,2.48,Lifeline,1,3,536,16
25-7-2019,22.13,Bangalore,7,11,2799,10
28-5-2022,2.12,Pathfinder,12,3,1709,18
5-9-2020,2.03,Pathfinder,6,0,1032,19
4-9-2019,28.7,Bloodhound,11,3,1030,2
12-4-2021,9.14,Bloodhound,6,6,1379,17
2-5-2020,1.9,Wraith,15,6,2721,10
15-8-2021,23.26,Wraith,7,12,2984,12
18-11-2019,14.88,Valkyrie,7,2,604,2
13-10-2019,19.29,Gibraltar,1,18,2916,1
4-5-2019,7.34,Wraith,4,0,853,2
9-1-2021,24.88,Pathfinder,6,7,2417,11
31-8-2021,27.68,Pathfinder,11,9,1352,3
22-4-2022,0.44,Lifeline,0,3,448,7
28-3-2020,21.09,Bangalore,6,3,1292,17
26-4-2019,10.78,Valkyrie,6,1,603,3
7-1-2021,1.76,Bangalore,8,0,1285,7
15-6-2020,0.87,Bangalore,4,2,589,6
8-3-2021,13.68,Pathfinder,6,9,1703,16
16-3-2022,11.34,Bangalore,7,8,2380,2
6-12-2020,17.06,Lifeline,3,11,2385,9
25-2-2021,8.71,Wraith,7,3,974,9
29-9-2019,24.45,Wraith,2,14,3024,1
8-9-2022,17.24,Wraith,1,2,569,6
14-12-2022,22.57,Wraith,2,7,961,19
3-1-2020,26.49,Pathfinder,4,9,1999,19
28-10-2021,4.49,Pathfinder,1,16,1721,1
9-9-2019,11.95,Valkyrie,1,1,253,15
11-7-2022,24.57,Pathfinder,4,3,442,10
11-11-2021,19.8,Bangalore,6,6,703,7
29-9-2021,5.5,Valkyrie,0,1,83,13
17-6-2019,13.26,Gibraltar,1,6,1235,2
3-9-2020,8.32,Bangalore,7,9,1958,6
21-2-2021,1.77,Gibraltar,10,1,2436,4
7-12-2019,24.31,Wraith,8,9,1212,5
2-5-2022,15.33,Gibraltar,4,8,1620,13
1-10-2021,20.84,Gibraltar,6,3,1672,5
20-5-2020,11.68,Pathfinder,1,1,300,20
12-10-2022,20.13,Pathfinder,15,7,2297,19
30-3-2019,20.33,Pathfinder,7,4,2047,5
10-12-2020,14.48,Bangalore,12,1,2525,5
3-4-2019,1.67,Bloodhound,2,4,1092,13
5-5-2019,5.05,Gibraltar,18,1,4358,17
6-12-2020,23.35,Bloodhound,3,9,1030,15
23-12-2019,25.27,Bangalore,4,2,1283,15
21-4-2019,0.67,Pathfinder,2,4,1018,8
16-9-2019,22.25,Bloodhound,2,17,2903,16
30-4-2020,15.59,Lifeline,3,3,559,11
2-1-2021,2.86,Wraith,1,9,725,13
8-10-2022,28.53,Pathfinder,4,5,1400,15
12-4-2020,19.51,Lifeline,1,6,1067,2
10-12-2022,16.55,Valkyrie,2,1,503,8
15-12-2021,19.54,Pathfinder,8,6,2623,3
16-3-2021,25.41,Bloodhound,5,4,817,15
8-3-2019,11.31,Bangalore,15,4,1954,16
27-5-2022,24.83,Valkyrie,3,2,448,18
13-2-2019,21.31,Bloodhound,16,5,4320,7
27-5-2021,2.71,Pathfinder,6,8,743,16
11-4-2021,15.96,Wraith,3,1,446,2
3-8-2020,25.15,Wraith,8,7,3026,1
6-4-2019,24.27,Wraith,3,5,696,7
5-4-2020,26.67,Valkyrie,17,3,1279,16
17-11-2022,10.33,Bangalore,4,8,1112,11
17-1-2020,19.41,Gibraltar,13,7,3472,18
13-12-2019,13.0,Valkyrie,1,4,478,10
17-1-2020,29.65,Lifeline,4,7,2250,5
25-1-2021,13.47,Pathfinder,11,12,4529,12
15-12-2020,20.62,Wraith,2,3,986,10
12-3-2020,4.37,Pathfinder,7,0,623,2
15-2-2020,26.74,Pathfinder,6,2,1376,8
5-2-2022,23.82,Gibraltar,2,3,490,4
12-11-2020,5.43,Bloodhound,7,1,1092,5
11-10-2019,9.08,Wraith,14,9,3243,1
5-3-2021,5.16,Bloodhound,11,1,1341,2
13-6-2020,9.08,Wraith,0,0,0,5
18-10-2019,28.68,Bloodhound,6,4,2057,4
22-8-2019,11.55,Valkyrie,7,18,3826,12
28-9-2022,2.36,Gibraltar,4,15,3559,10
15-6-2021,8.28,Valkyrie,1,7,1175,4
22-12-2020,18.34,Pathfinder,16,4,3639,5
24-8-2021,24.86,Gibraltar,16,10,3094,11
29-11-2021,19.8,Bloodhound,13,12,4196,6
7-2-2020,0.82,Pathfinder,0,1,121,17
4-11-2022,9.45,Lifeline,6,0,1355,7
21-12-2020,18.4,Bangalore,2,12,2569,2
5-11-2022,27.07,Bangalore,3,4,1030,5
11-9-2019,6.14,Wraith,2,1,360,2
1-5-2019,28.59,Gibraltar,2,2,408,6
26-7-2019,13.4,Pathfinder,8,9,3258,12
26-12-2020,1.69,Wraith,4,2,883,4
13-5-2021,12.27,Lifeline,2,4,593,11
16-12-2020,17.39,Bloodhound,5,2,1117,5
10-11-2020,15.13,Wraith,1,3,341,14
25-3-2019,23.35,Wraith,4,20,1852,14
18-2-2019,20.01,Pathfinder,3,3,533,7
15-5-2019,2.64,Pathfinder,3,10,1005,10
11-4-2019,1.11,Lifeline,16,0,2603,18
4-2-2022,7.12,Bloodhound,2,5,1088,8
28-5-2019,9.87,Bloodhound,0,0,0,15
5-11-2020,13.58,Bangalore,4,6,752,8
19-1-2021,3.95,Bangalore,5,1,558,5
24-1-2020,28.91,Bloodhound,13,2,893,14
6-5-2021,18.63,Lifeline,3,17,1694,3
8-3-2020,7.94,Lifeline,16,1,1921,3
14-10-2022,21.02,Valkyrie,4,10,2661,13
12-4-2022,26.88,Valkyrie,11,9,1137,16
25-3-2022,24.6,Bangalore,8,15,3157,1
11-4-2019,24.73,Bangalore,2,2,758,8
7-9-2020,2.09,Wraith,11,2,2861,2
17-7-2020,0.37,Bangalore,15,0,2457,4
18-3-2019,18.76,Lifeline,1,1,354,6
19-5-2022,25.03,Bangalore,2,12,1309,9
5-12-2021,15.9,Pathfinder,10,1,2528,18
12-9-2020,7.94,Lifeline,5,0,447,16
2-6-2021,26.14,Wraith,17,8,2733,7
25-12-2021,15.48,Gibraltar,3,1,889,6
9-5-2022,24.32,Wraith,2,9,2083,14
7-7-2020,9.17,Lifeline,4,3,1486,13
17-10-2020,1.76,Valkyrie,16,3,3291,4
4-4-2021,3.54,Gibraltar,15,4,1545,5
11-3-2021,12.9,Lifeline,1,5,325,5
13-5-2020,18.23,Pathfinder,1,20,2111,15
21-9-2021,28.48,Gibraltar,10,18,2669,19
11-11-2020,28.22,Lifeline,8,8,2226,2
13-5-2019,20.64,Wraith,2,6,757,13
6-5-2021,25.18,Gibraltar,3,6,1080,4
10-6-2021,25.02,Pathfinder,5,5,978,3
3-12-2019,16.25,Valkyrie,9,2,1668,19
25-8-2021,25.85,Bloodhound,3,2,649,7
10-12-2019,20.06,Lifeline,5,9,2780,15
4-7-2020,12.55,Lifeline,6,5,743,6
6-3-2020,16.99,Valkyrie,2,4,1155,6
28-11-2021,9.3,Wraith,1,14,859,8
2-9-2020,4.79,Lifeline,7,3,1723,14
26-6-2021,0.85,Bangalore,1,2,564,18
15-8-2021,20.11,Valkyrie,10,7,1430,5
27-5-2021,20.55,Bloodhound,2,7,1717,1
21-4-2021,28.13,Pathfinder,4,8,1162,20
24-7-2022,25.37,Bangalore,2,2,651,17
24-1-2022,6.42,Valkyrie,6,14,3180,4
27-9-2021,0.52,Gibraltar,1,4,449,13
5-9-2021,2.22,Bangalore,5,0,915,19
24-3-2021,0.84,Valkyrie,5,1,733,9
7-7-2019,6.29,Valkyrie,1,0,86,10
25-3-2019,3.43,Valkyrie,0,4,648,2
3-9-2021,0.6,Bangalore,2,0,341,6
29-3-2022,0.98,Bloodhound,6,14,3472,9
8-7-2022,9.33,Bangalore,0,9,1281,15
9-9-2020,25.25,Lifeline,2,9,1772,6
5-9-2019,10.36,Gibraltar,5,6,896,1
23-2-2022,14.73,Valkyrie,14,4,2240,5
19-11-2022,21.53,Bloodhound,16,6,3748,12
16-11-2019,25.98,Gibraltar,2,3,842,5
17-5-2019,4.34,Gibraltar,8,2,1284,19
16-8-2022,25.81,Gibraltar,2,3,390,6
20-4-2021,19.56,Gibraltar,5,1,1179,9
27-2-2022,21.16,Wraith,11,8,3721,15
2-8-2020,11.16,Gibraltar,1,5,894,20
31-5-2022,2.66,Pathfinder,0,13,808,7
8-12-2022,2.6,Pathfinder,4,2,582,12
24-3-2019,18.78,Bangalore,6,13,1393,8
10-5-2022,24.48,Lifeline,2,2,727,16
5-9-2019,7.23,Valkyrie,2,6,731,20
5-11-2020,26.86,Lifeline,5,17,2970,7
5-5-2022,24.8,Bangalore,4,3,873,1
12-10-2022,15.27,Bangalore,9,10,3982,14
17-12-2022,20.83,Wraith,7,4,1882,14
25-3-2020,1.33,Wraith,4,0,616,19
21-2-2020,28.7,Bloodhound,7,4,1113,10
17-7-2019,11.64,Lifeline,7,1,1292,9
13-6-2020,29.62,Gibraltar,11,4,2233,7
31-5-2022,3.69,Wraith,8,8,1346,16
4-1-2021,29.91,Valkyrie,18,8,1997,11
5-10-2022,17.2,Pathfinder,4,4,1364,13
21-9-2021,9.6,Bloodhound,6,0,587,7
17-12-2021,22.75,Wraith,3,3,1224,13
12-6-2022,2.54,Valkyrie,2,2,488,18
24-1-2020,16.2,Pathfinder,2,4,930,7
24-2-2019,28.66,Valkyrie,9,4,1279,20
5-6-2019,0.47,Lifeline,2,8,1912,11
8-5-2019,0.68,Pathfinder,18,2,3843,1
4-2-2022,12.62,Bangalore,11,13,4600,10
1-6-2020,8.51,Valkyrie,12,6,3621,9
26-7-2020,8.85,Bloodhound,5,6,794,16
2-4-2021,28.44,Wraith,4,2,686,2
11-3-2021,15.87,Bloodhound,13,9,4205,17
24-11-2019,7.32,Valkyrie,0,7,921,18
14-8-2019,9.3,Wraith,15,17,3840,15
4-5-2021,21.42,Bangalore,9,6,3103,11
14-4-2019,20.39,Gibraltar,7,3,1111,16
9-5-2020,13.04,Bangalore,11,17,2759,13
27-2-2022,10.9,Valkyrie,16,1,1042,5
1-3-2019,22.83,Gibraltar,2,8,1018,4
17-1-2021,17.07,Valkyrie,4,6,1870,15
15-12-2022,6.78,Valkyrie,8,5,2130,16
5-10-2021,26.32,Gibraltar,12,6,2188,3
7-7-2022,20.89,Gibraltar,2,2,226,13
9-3-2022,5.09,Wraith,7,4,650,14
13-9-2022,19.87,Pathfinder,8,1,619,8
7-9-2022,16.49,Gibraltar,4,6,1527,3
7-6-2021,22.7,Lifeline,4,13,2235,1
16-2-2021,18.89,Valkyrie,9,2,2153,11
9-1-2020,16.75,Lifeline,9,2,2312,2
24-2-2019,2.71,Gibraltar,0,6,1024,9
5-6-2019,23.47,Gibraltar,3,8,1958,18
19-10-2022,5.76,Pathfinder,0,6,1059,1
28-8-2020,29.31,Bloodhound,19,4,1765,17
16-3-2021,20.22,Lifeline,9,2,1946,6
19-3-2020,1.21,Bloodhound,10,0,1065,13
20-11-2019,24.64,Wraith,12,3,2214,3
6-1-2021,22.26,Pathfinder,11,19,4580,6
8-1-2021,21.41,Bangalore,11,3,1560,9
7-5-2020,24.31,Gibraltar,6,8,1130,15
17-7-2022,3.49,Bangalore,0,4,425,12
4-12-2020,6.61,Lifeline,0,0,0,6
23-2-2022,29.93,Valkyrie,12,2,2462,15
28-3-2019,26.69,Bangalore,14,3,3042,1
12-2-2020,24.81,Bloodhound,2,6,538,19
23-4-2020,12.6,Gibraltar,2,10,1720,4
26-3-2019,4.77,Gibraltar,13,5,1182,13
25-3-2020,9.05,Lifeline,0,11,715,2
5-2-2021,15.09,Valkyrie,4,4,638,12
14-11-2020,10.87,Bloodhound,2,1,210,17
20-7-2019,16.24,Wraith,3,6,1067,1
19-6-2020,25.69,Pathfinder,8,6,2169,4
20-2-2021,2.81,Valkyrie,8,8,2380,10
17-1-2022,21.48,Bangalore,19,16,4446,13
3-12-2022,16.92,Wraith,2,2,819,9
26-3-2021,0.34,Pathfinder,3,5,1639,5
24-11-2021,0.44,Gibraltar,2,4,1228,2
13-4-2021,5.8,Wraith,14,11,4869,10
31-8-2021,2.25,Bangalore,6,3,629,14
3-3-2021,1.67,Pathfinder,5,10,2927,18
3-6-2021,8.72,Pathfinder,0,3,235,10
3-12-2022,29.25,Valkyrie,4,4,769,8
3-3-2019,2.18,Wraith,3,3,1117,11
18-10-2022,19.14,Bangalore,1,12,2303,9
26-4-2019,29.87,Pathfinder,2,8,906,8
26-6-2022,10.42,Bangalore,4,17,4094,17
21-1-2022,22.31,Valkyrie,12,3,2406,1
8-5-2022,29.39,Bloodhound,8,7,1604,11
10-10-2022,7.06,Bloodhound,0,11,716,12
12-2-2022,17.79,Valkyrie,5,3,1465,15
30-9-2021,23.36,Bloodhound,2,6,986,13
30-4-2021,7.46,Bloodhound,4,10,2707,15
11-12-2021,1.49,Lifeline,11,4,1174,7
6-3-2022,17.32,Wraith,10,7,1881,11
15-7-2019,3.27,Valkyrie,8,0,1888,6
22-3-2020,13.16,Bangalore,1,1,356,17
31-1-2022,4.55,Valkyrie,2,1,502,6
20-8-2021,4.84,Pathfinder,5,5,1595,4
10-3-2021,23.65,Gibraltar,3,8,1349,18
12-3-2019,2.1,Bloodhound,10,0,657,14
29-5-2020,24.02,Gibraltar,5,5,1528,20
7-4-2020,0.04,Gibraltar,7,0,784,18
21-2-2022,18.96,Lifeline,3,13,1317,6
26-9-2019,2.7,Lifeline,2,1,622,10
3-10-2021,5.78,Gibraltar,0,1,144,6
28-3-2022,13.67,Bangalore,8,3,1500,7
8-2-2021,11.59,Pathfinder,9,7,1091,6
29-3-2021,20.09,Bloodhound,7,5,2380,10
19-5-2019,29.12,Bloodhound,6,4,1027,16
18-8-2022,12.55,Valkyrie,9,7,1979,9
5-4-2019,17.92,Bangalore,6,2,1722,15
5-8-2022,4.29,Valkyrie,1,5,1071,1
18-6-2020,12.59,Valkyrie,12,3,2518,9
26-12-2021,11.39,Lifeline,2,1,374,18
26-3-2022,1.43,Valkyrie,0,3,562,1
12-11-2022,19.87,Pathfinder,2,4,381,12
13-5-2021,13.53,Pathfinder,1,12,2401,16
13-4-2022,21.34,Bangalore,2,2,527,13
3-6-2022,11.9,Bloodhound,3,1,247,18
11-9-2020,6.53,Lifeline,15,1,3418,1
9-11-2021,3.05,Wraith,4,0,522,9
10-11-2020,5.27,Bloodhound,0,12,865,11
8-6-2021,28.73,Pathfinder,5,7,1927,11
9-2-2020,28.58,Wraith,4,20,1960,19
3-6-2021,2.16,Bangalore,5,5,1447,8
27-4-2020,27.78,Bangalore,2,2,591,11
1-9-2019,19.0,Bloodhound,6,6,2478,13
20-5-2020,23.85,Pathfinder,3,4,1307,10
21-11-2019,18.17,Wraith,6,1,606,14
9-10-2022,27.08,Gibraltar,7,20,4079,8
28-10-2019,6.55,Pathfinder,8,13,1352,4
2-6-2020,10.55,Bangalore,11,2,2896,20
1-11-2022,19.28,Bloodhound,11,17,2395,5
26-4-2020,16.64,Bloodhound,1,8,1469,1
6-4-2021,6.6,Lifeline,0,2,208,11
5-5-2020,26.32,Valkyrie,8,4,2531,18
28-12-2021,29.62,Wraith,3,17,3588,8
19-8-2019,14.14,Gibraltar,3,6,1028,18
29-7-2019,2.46,Bloodhound,1,4,677,10
14-10-2021,27.86,Pathfinder,2,2,383,16
21-10-2020,22.2,Wraith,2,4,916,12
8-8-2022,29.35,Gibraltar,5,2,1233,20
7-7-2020,4.05,Pathfinder,10,4,1659,19
28-6-2021,13.87,Bloodhound,11,9,4278,5
1-1-2022,15.03,Gibraltar,7,7,2129,18
31-1-2020,8.87,Pathfinder,1,2,460,20
8-10-2019,25.51,Bangalore,3,6,797,4
28-11-2022,21.29,Bangalore,3,12,2096,5
27-5-2019,21.33,Wraith,5,3,1523,18
31-10-2022,4.39,Wraith,1,8,1139,18
17-10-2019,15.58,Valkyrie,16,6,2556,18
25-11-2022,13.52,Bloodhound,9,13,1177,10
30-1-2020,25.39,Wraith,14,8,4391,12
5-4-2019,7.76,Valkyrie,0,6,721,17
2-12-2022,23.51,Gibraltar,17,16,5542,19
29-5-2021,29.61,Bangalore,2,11,2356,13
4-1-2022,6.51,Bloodhound,1,7,788,10
7-5-2019,27.45,Gibraltar,13,2,1139,1
3-6-2019,22.8,Bangalore,5,5,1089,19
13-6-2020,13.22,Bloodhound,4,7,1609,13
28-8-2022,13.1,Bloodhound,3,6,703,1
10-11-2021,19.1,Bloodhound,8,5,2349,11
9-10-2021,15.14,Valkyrie,10,9,2723,4
10-12-2020,14.58,Lifeline,3,1,345,4
25-9-2019,8.03,Bloodhound,11,7,2131,9
20-7-2020,0.17,Bangalore,15,3,3217,20
21-4-2019,29.89,Bloodhound,7,4,896,9
11-7-2020,6.85,Lifeline,0,14,706,1
6-7-2021,28.2,Bangalore,2,12,2244,13
16-9-2019,24.78,Pathfinder,9,9,2295,10
29-10-2019,13.88,Gibraltar,2,4,375,8
6-4-2019,13.05,Bloodhound,4,1,486,17
26-11-2022,25.53,Wraith,2,3,283,4
21-8-2019,4.21,Wraith,0,0,0,6
5-3-2019,29.63,Bloodhound,5,4,1747,2
30-5-2021,19.65,Bangalore,10,10,3760,15
25-10-2022,25.62,Wraith,3,4,1206,5
14-5-2022,28.78,Bangalore,13,6,2465,3
25-9-2019,20.74,Wraith,2,7,929,8
10-9-2020,25.57,Valkyrie,6,11,1722,16
19-12-2022,11.99,Valkyrie,7,2,953,10
26-2-2019,16.17,Valkyrie,2,8,521,12
18-3-2020,3.2,Bloodhound,2,1,513,5
12-6-2022,9.13,Pathfinder,0,0,0,18
16-6-2021,4.44,Wraith,0,8,844,16
13-10-2019,18.79,Bloodhound,8,18,1477,20
25-4-2021,14.87,Gibraltar,6,1,625,14
5-12-2022,3.46,Pathfinder,15,0,2998,2
1-4-2019,16.57,Gibraltar,2,4,556,15
21-10-2019,18.11,Lifeline,10,11,3842,18
20-8-2020,7.31,Lifeline,2,9,572,15
7-8-2020,26.22,Pathfinder,3,11,1567,3
14-4-2019,24.47,Valkyrie,7,2,1949,18
20-8-2019,6.28,Bangalore,0,3,330,20
13-7-2022,22.08,Bloodhound,2,5,1213,9
11-8-2022,19.2,Bloodhound,2,8,546,7
9-7-2021,25.88,Bangalore,10,2,2227,5
24-1-2020,12.32,Gibraltar,2,4,782,8
11-3-2020,5.9,Pathfinder,7,3,803,17
22-1-2020,28.22,Wraith,8,3,955,9
2-2-2021,15.62,Wraith,11,2,2873,6
5-9-2019,1.59,Bangalore,14,2,1717,2
29-8-2022,21.31,Wraith,13,3,2735,10
29-8-2021,23.85,Bloodhound,10,8,2497,12
11-6-2019,13.11,Bangalore,11,12,3795,13
1-7-2021,9.98,Gibraltar,10,2,1042,11
26-4-2020,29.55,Pathfinder,6,3,1592,1
21-12-2021,11.33,Pathfinder,1,9,1320,5
22-4-2019,29.59,Valkyrie,3,2,791,17
14-3-2021,7.21,Gibraltar,0,3,297,13
12-2-2022,17.21,Pathfinder,1,4,948,7
19-7-2020,29.42,Bloodhound,10,3,1697,5
10-11-2021,25.52,Valkyrie,6,11,1094,15
11-4-2019,28.97,Pathfinder,9,18,1510,19
30-6-2019,8.92,Lifeline,12,7,1604,14
25-7-2019,9.43,Wraith,10,5,2652,14
2-11-2022,27.02,Bangalore,4,3,638,13
26-12-2019,9.09,Wraith,5,0,730,4
21-4-2022,28.18,Lifeline,4,13,1989,3
7-5-2019,16.36,Bangalore,7,6,2789,17
9-2-2020,8.63,Valkyrie,1,1,369,13
13-12-2021,22.74,Gibraltar,2,3,631,13
3-12-2020,22.91,Wraith,8,4,1805,20
12-8-2020,19.04,Wraith,2,9,1802,10
10-3-2019,17.1,Bangalore,2,7,1068,6
14-8-2020,24.84,Bangalore,9,3,2354,18
28-4-2019,21.29,Bloodhound,18,5,2437,19
17-9-2019,15.78,Pathfinder,5,9,1627,18
24-9-2021,17.56,Bloodhound,4,3,809,9
3-5-2020,23.03,Bloodhound,16,17,3691,13
17-9-2021,4.75,Valkyrie,7,0,1089,4
27-9-2020,25.27,Valkyrie,8,12,3925,2
17-2-2021,5.51,Wraith,0,1,82,3
21-8-2019,3.56,Valkyrie,2,7,1342,10
25-4-2020,6.4,Gibraltar,0,1,40,15
4-9-2020,12.8,Lifeline,10,7,1925,16
17-12-2022,5.55,Lifeline,5,2,1335,2
7-8-2021,3.22,Wraith,6,2,889,1
23-12-2019,11.74,Valkyrie,6,4,1157,14
6-12-2019,27.08,Wraith,6,14,3454,19
11-4-2022,15.02,Bloodhound,5,1,655,7
29-10-2019,4.93,Wraith,7,0,1146,17
6-5-2022,1.4,Pathfinder,11,0,1217,4
10-2-2020,0.05,Pathfinder,7,8,3024,17
3-1-2021,26.73,Bangalore,8,2,710,6
21-9-2021,8.35,Valkyrie,6,0,736,8
14-6-2021,11.31,Bloodhound,13,9,3416,14
2-7-2022,6.77,Lifeline,1,7,1575,18
13-3-2019,10.53,Valkyrie,1,4,761,19
14-11-2021,27.78,Wraith,7,8,2938,1
15-4-2022,18.12,Lifeline,9,2,1108,3
14-7-2022,20.71,Valkyrie,10,2,1065,1
19-7-2022,25.58,Bloodhound,12,4,2322,14
24-9-2021,9.88,Bangalore,7,0,802,13
16-7-2022,22.46,Wraith,3,2,1038,19
29-9-2020,9.3,Bloodhound,10,3,2937,4
9-3-2019,2.03,Bangalore,2,7,1466,20
22-7-2020,21.94,Bangalore,7,4,1361,14
4-1-2020,20.38,Valkyrie,8,4,1435,4
25-6-2022,28.84,Bloodhound,6,3,1757,19
26-4-2021,6.36,Lifeline,8,2,1804,3
16-2-2020,7.14,Lifeline,10,1,1329,8
24-9-2019,1.35,Bloodhound,12,0,2773,11
11-7-2021,13.99,Gibraltar,10,10,3025,13
27-9-2021,10.8,Pathfinder,3,6,1597,19
25-4-2020,0.27,Bangalore,1,7,799,7
16-4-2021,10.64,Bangalore,2,2,493,15
28-3-2020,4.87,Bangalore,13,5,1487,14
9-2-2020,3.31,Valkyrie,10,2,2074,20
30-4-2020,7.97,Valkyrie,9,2,1736,12
26-3-2022,17.99,Valkyrie,14,7,2050,4
16-7-2019,26.69,Wraith,8,3,2097,4
25-3-2019,24.5,Wraith,4,5,1740,16
23-5-2020,21.87,Valkyrie,5,21,1655,6
18-10-2021,8.18,Wraith,8,9,1655,9
7-11-2022,6.29,Bloodhound,0,7,1052,15
1-6-2019,13.36,Lifeline,1,13,2313,20
9-8-2019,19.14,Valkyrie,13,7,1588,16
3-12-2021,5.64,Valkyrie,7,2,701,2
25-10-2022,14.94,Wraith,3,3,476,16
28-6-2019,23.37,Wraith,3,9,1286,16
14-8-2022,8.41,Gibraltar,5,14,3836,6
18-3-2019,13.49,Valkyrie,1,1,337,19
25-5-2019,13.71,Bloodhound,1,1,111,5
26-11-2021,27.88,Bangalore,4,6,1163,19
29-5-2021,16.79,Valkyrie,1,3,386,15
1-7-2022,16.37,Valkyrie,4,5,1341,19
15-6-2021,27.41,Gibraltar,2,3,677,20
13-11-2020,20.99,Gibraltar,4,16,3530,15
13-3-2020,14.38,Pathfinder,7,4,2025,10
6-11-2020,28.31,Gibraltar,5,7,1688,20
4-9-2022,17.12,Bangalore,6,5,1584,13
3-9-2021,27.45,Gibraltar,3,3,1187,8
23-5-2022,2.46,Bloodhound,9,0,1339,9
7-11-2021,2.25,Bloodhound,13,0,1980,8
20-2-2020,6.96,Bloodhound,12,2,2200,15
