18-4-2021,25.73,Bangalore,4,6,1075,5
1-6-2021,18.71,Crypto,1,6,1005,4
7-11-2019,17.3,Ash,8,2,577,16
22-12-2020,24.47,Caustic,12,2,2005,15
17-1-2022,9.8,Pathfinder,0,0,0,2
29-12-2021,17.51,Caustic,3,7,796,1
20-6-2022,2.79,Octane,0,1,109,5
1-2-2022,14.86,Mad Maggie,5,4,1096,11
7-8-2022,13.53,Pathfinder,1,15,2066,4
3-11-2020,14.76,Rampart,10,10,1959,2
26-4-2021,12.59,Bangalore,13,3,2278,14
19-9-2020,8.25,Pathfinder,0,7,1306,15
17-3-2022,27.6,Caustic,7,10,1839,2
17-6-2019,10.37,Fuse,14,2,3703,16
31-12-2022,8.65,Octane,3,0,651,11
23-2-2022,3.11,Gibraltar,0,5,652,12
18-6-2022,17.94,Lifeline,2,5,959,16
2-8-2022,9.0,Horizon,13,14,4046,2
16-9-2019,12.23,Wattson,4,5,1318,2
16-4-2021,15.95,Revenant,9,1,2134,4
9-9-2022,0.2,Wattson,4,0,871,12
16-3-2020,4.23,Revenant,0,11,773,19
26-4-2022,19.01,Fuse,1,1,443,6
18-9-2019,11.43,Valkyrie,9,11,2414,17
14-7-2020,7.97,Rampart,0,3,451,18
3-3-2020,4.95,Ash,11,14,2035,16
29-4-2021,27.88,Octane,3,4,1318,6
10-10-2019,8.13,Horizon,4,14,2611,19
19-1-2021,29.55,Valkyrie,6,3,1872,3
27-12-2021,13.71,Gibraltar,4,9,1726,1
22-9-2019,19.57,Bangalore,4,2,479,1
14-2-2022,0.85,Bloodhound,9,6,2794,3
13-9-2019,5.26,Bangalore,0,14,742,13
5-7-2020,26.61,Wattson,3,13,2949,2
18-10-2020,14.33,Revenant,15,4,1341,18
16-8-2021,21.65,Wraith,12,2,1948,6
13-6-2019,14.56,Bangalore,18,2,1627,20
5-9-2020,1.67,Pathfinder,13,7,2761,7
17-1-2020,26.67,Bloodhound,13,5,2751,9
15-2-2019,29.39,Wraith,10,4,2418,1
19-12-2021,4.76,Pathfinder,0,1,129,2
18-2-2020,10.15,Ash,4,9,737,2
30-3-2020,14.25,Fuse,4,12,858,10
21-10-2020,20.25,Revenant,6,7,1814,11
15-10-2019,17.4,Valkyrie,3,7,794,9
9-1-2022,22.66,Revenant,2,10,1408,8
12-9-2020,9.42,Wraith,0,0,0,9
12-1-2022,0.73,Fuse,1,1,252,9
14-6-2022,8.43,Revenant,10,7,1476,2
20-7-2022,24.31,Crypto,12,7,3510,1
30-12-2020,5.56,Rampart,1,1,300,18
11-9-2022,22.81,Wraith,5,6,1761,3
7-8-2020,7.12,Bloodhound,0,12,2285,13
27-11-2021,28.31,Crypto,12,5,2688,20
28-12-2020,28.81,Rampart,7,4,1057,11
13-3-2020,1.73,Mirage,1,13,2322,16
18-4-2019,26.78,Wraith,11,2,2331,14
20-10-2022,17.92,Wattson,5,2,629,9
14-7-2020,13.24,Mirage,2,11,918,19
29-1-2021,10.72,Mad Maggie,1,2,149,14
2-9-2021,2.35,Valkyrie,18,3,3139,15
6-4-2020,23.22,Gibraltar,10,8,1877,16
3-3-2022,24.3,Octane,3,3,593,4
16-9-2021,23.73,Rampart,16,2,3439,4
15-5-2021,25.28,Horizon,5,5,2053,15
8-12-2019,8.01,Mad Maggie,7,0,1563,13
25-4-2022,14.72,Octane,2,2,325,1
2-3-2021,10.56,Bloodhound,4,5,1175,5
9-5-2021,7.09,Caustic,6,1,889,6
5-12-2020,12.07,Revenant,1,7,866,10
4-7-2020,15.87,Bloodhound,1,3,724,16
1-1-2020,22.16,Revenant,8,2,1268,13
10-4-2022,1.09,Pathfinder,7,9,875,4
30-7-2022,3.53,Valkyrie,19,15,2797,11
21-11-2020,10.62,Rampart,13,16,3989,2
15-4-2022,26.25,Bloodhound,6,7,2224,8
1-7-2021,25.68,Revenant,3,9,1438,16
4-9-2019,4.7,Revenant,5,0,555,3
9-12-2019,10.21,Bangalore,1,19,3287,14
20-3-2021,9.43,Lifeline,0,0,0,3
3-10-2020,11.31,Revenant,4,6,1316,6
27-3-2019,2.81,Fuse,1,11,1362,17
2-6-2020,12.37,Fuse,9,5,1840,5
23-8-2019,16.14,Gibraltar,1,5,348,7
24-11-2021,17.81,Gibraltar,3,17,2551,14
11-3-2022,1.61,Wattson,2,13,1937,15
18-9-2019,22.03,Wraith,8,16,3512,1
1-6-2020,19.3,Caustic,6,8,2467,15
3-9-2019,25.89,Octane,12,3,2906,15
10-10-2020,17.65,Pathfinder,2,16,2670,5
23-1-2020,2.32,Pathfinder,5,13,2996,1
6-3-2022,1.54,Octane,0,4,613,18
20-9-2019,15.87,Pathfinder,10,14,1292,13
4-9-2021,22.47,Crypto,5,10,2334,8
9-4-2020,28.1,Mad Maggie,3,7,990,7
5-7-2020,22.91,Valkyrie,9,5,1116,14
30-4-2019,17.12,Caustic,3,4,500,1
6-1-2021,17.96,Wraith,2,1,420,15
9-9-2022,25.48,Caustic,5,2,500,3
30-11-2020,5.78,Lifeline,0,1,52,12
13-2-2020,8.89,Valkyrie,1,3,378,4
20-12-2022,5.87,Gibraltar,14,8,4692,10
12-11-2021,8.56,Octane,0,13,2163,14
14-8-2019,17.07,Ash,1,1,254,16
9-2-2022,16.03,Rampart,4,6,751,3
16-2-2020,16.73,Lifeline,5,2,708,2
11-8-2021,8.21,Ash,4,10,1681,13
20-4-2021,18.61,Horizon,10,4,2972,20
25-10-2020,29.25,Wattson,3,4,678,6
17-11-2022,3.0,Revenant,1,3,366,12
25-11-2020,6.23,Fuse,0,14,2011,15
20-8-2020,10.07,Bloodhound,3,2,328,12
17-6-2022,9.26,Octane,8,6,2324,17
19-6-2019,27.27,Valkyrie,2,7,529,17
7-1-2022,14.02,Fuse,5,2,950,11
9-8-2020,25.86,Caustic,9,2,994,19
28-7-2020,19.63,Caustic,1,1,178,6
25-1-2020,4.73,Wattson,2,7,1433,18
3-9-2022,8.04,Mad Maggie,6,18,4222,14
16-7-2019,22.55,Bloodhound,16,5,2971,11
26-8-2019,29.06,Bangalore,3,13,1023,3
5-12-2020,6.49,Lifeline,7,7,1285,9
16-10-2022,11.88,Bloodhound,3,6,1561,6
4-7-2022,28.13,Pathfinder,2,11,1515,19
21-4-2019,8.37,Lifeline,3,13,1769,6
19-6-2019,0.27,Lifeline,1,1,328,5
9-8-2019,3.12,Gibraltar,2,0,395,16
26-7-2020,28.57,Fuse,7,15,3355,3
5-2-2021,12.86,Valkyrie,3,1,781,17
16-11-2020,14.14,Octane,4,3,1389,1
19-12-2021,20.45,Bloodhound,12,8,4017,8
10-11-2019,28.28,Pathfinder,12,3,3047,8
5-11-2022,3.13,Mad Maggie,11,0,1882,20
9-2-2021,1.54,Crypto,1,7,1449,20
14-8-2019,13.86,Revenant,2,4,937,19
19-8-2019,1.69,Wraith,10,7,2006,20
13-8-2021,9.7,Crypto,0,8,1121,19
15-8-2022,29.58,Horizon,10,6,3232,11
6-1-2020,28.02,Crypto,6,4,1247,20
2-6-2019,20.28,Octane,10,3,1745,3
3-2-2021,21.87,Ash,6,4,1350,4
13-10-2020,10.12,Caustic,5,3,660,14
4-10-2021,13.17,Pathfinder,9,2,1892,3
23-12-2020,6.79,Octane,9,3,2577,11
27-11-2022,26.32,Bangalore,2,3,741,7
26-12-2020,18.6,Caustic,7,13,2159,14
29-7-2022,3.0,Bangalore,16,3,2650,2
9-6-2019,11.25,Mad Maggie,1,18,1826,3
2-6-2019,6.78,Revenant,1,5,900,2
27-4-2021,18.33,Horizon,2,5,1291,4
12-1-2022,12.58,Crypto,12,3,3376,1
17-11-2020,6.44,Rampart,3,10,1401,19
22-7-2019,6.99,Bloodhound,7,17,1370,4
8-5-2020,19.37,Valkyrie,2,9,762,16
11-6-2022,27.87,Wattson,3,4,1244,11
20-1-2021,25.84,Octane,2,12,1122,6
29-12-2020,15.07,Ash,3,3,801,6
29-12-2022,26.78,Gibraltar,19,2,1241,9
19-4-2022,2.46,Caustic,1,1,379,11
6-11-2022,21.34,Mad Maggie,9,5,2453,1
2-5-2021,22.16,Horizon,12,4,1967,19
13-3-2020,12.78,Bloodhound,4,7,1488,4
25-2-2022,8.18,Bangalore,8,4,820,20
26-11-2020,20.36,Wraith,6,17,3654,14
6-9-2020,8.19,Octane,5,12,3258,5
24-2-2022,19.52,Rampart,4,1,715,15
23-7-2021,3.75,Wattson,8,2,1626,7
16-3-2021,25.4,Bloodhound,4,2,1132,1
7-11-2021,15.17,Mad Maggie,10,9,2572,12
7-10-2021,10.91,Horizon,1,10,1860,20
22-3-2020,8.42,Ash,6,6,2133,8
12-2-2020,5.69,Lifeline,1,3,706,20
19-10-2022,24.51,Gibraltar,10,2,2322,10
10-8-2019,9.77,Octane,4,0,261,14
12-5-2022,0.98,Mirage,1,1,225,13
11-6-2021,2.77,Ash,4,6,948,9
29-11-2022,26.17,Bloodhound,7,9,2596,13
26-8-2022,5.7,Fuse,1,0,215,4
30-7-2020,17.12,Rampart,10,9,3320,8
19-5-2019,13.41,Caustic,5,1,671,17
17-10-2019,0.61,Ash,4,12,2704,5
21-9-2019,22.56,Bloodhound,8,18,3887,10
2-7-2019,24.81,Valkyrie,5,12,1047,19
7-9-2022,20.95,Pathfinder,2,4,318,2
17-9-2019,13.52,Octane,6,2,1781,11
22-3-2019,11.34,Valkyrie,5,4,498,20
4-9-2022,22.05,Gibraltar,3,6,1804,2
18-2-2022,8.79,Revenant,3,1,590,3
14-5-2020,11.0,Ash,10,5,3040,4
10-2-2021,29.52,Valkyrie,4,4,815,6
7-7-2022,23.79,Caustic,12,3,2390,2
16-11-2020,26.74,Valkyrie,4,2,947,20
29-8-2022,18.58,Pathfinder,1,11,1876,10
26-5-2019,12.45,Gibraltar,1,2,577,15
23-5-2019,0.58,Bangalore,13,3,2214,12
14-3-2020,29.73,Horizon,4,5,1005,19
10-4-2020,24.26,Mad Maggie,9,9,3536,12
6-8-2021,4.57,Ash,2,2,748,17
29-7-2021,18.16,Mad Maggie,3,2,978,12
30-11-2020,4.5,Fuse,3,1,862,5
1-4-2019,8.15,Mad Maggie,4,3,669,18
8-12-2022,22.98,Wraith,2,11,1247,7
21-4-2021,7.83,Wraith,18,8,2659,17
16-3-2022,21.73,Revenant,19,5,3033,3
24-1-2021,15.04,Fuse,2,8,570,14
16-10-2022,4.53,Bloodhound,3,8,1901,10
30-3-2019,26.63,Wattson,4,2,648,1
24-7-2020,6.68,Bloodhound,0,4,225,1
8-10-2020,27.21,Fuse,3,7,1508,18
7-9-2020,17.04,Rampart,2,7,753,16
20-6-2020,13.64,Caustic,7,1,1511,4
12-4-2019,25.68,Bangalore,5,10,2812,2
12-1-2021,17.61,Fuse,1,8,1658,3
19-6-2022,24.83,Wattson,9,3,2088,19
22-12-2021,28.09,Horizon,2,8,739,13
18-9-2022,6.58,Mirage,0,1,153,2
27-9-2019,10.66,Bangalore,1,1,137,8
2-5-2020,28.08,Horizon,3,2,872,19
17-11-2022,22.9,Mirage,17,5,4971,10
19-7-2020,14.51,Bloodhound,7,3,1436,8
19-4-2020,9.67,Wattson,1,0,240,3
27-8-2020,4.03,Wattson,2,16,1018,5
9-3-2020,28.35,Pathfinder,2,5,610,2
10-2-2022,24.77,Ash,2,4,1031,12
9-11-2020,6.43,Valkyrie,6,0,381,1
2-10-2020,24.36,Fuse,6,6,992,2
7-7-2021,16.39,Fuse,3,1,247,15
31-5-2021,11.49,Octane,7,3,1447,2
20-9-2019,12.88,Gibraltar,3,8,1905,15
20-1-2022,24.13,Wraith,3,3,527,7
10-5-2021,20.85,Valkyrie,4,7,1592,12
18-1-2022,10.33,Crypto,10,2,1001,9
18-10-2021,2.77,Rampart,2,0,179,16
6-4-2019,26.0,Rampart,3,12,1723,4
19-8-2022,2.53,Rampart,1,4,923,9
16-6-2019,25.33,Lifeline,13,3,1883,19
19-7-2022,5.71,Mirage,0,0,0,13
25-12-2021,0.47,Horizon,1,4,439,20
7-6-2022,22.68,Gibraltar,9,8,3106,19
7-6-2019,8.23,Mad Maggie,7,0,718,14
16-3-2020,17.39,Wattson,9,16,3427,10
17-7-2022,27.44,Mirage,2,2,684,7
13-7-2019,2.64,Crypto,7,7,1576,7
1-7-2020,0.06,Valkyrie,0,0,0,13
18-1-2021,25.79,Bangalore,10,7,3407,11
13-8-2020,17.61,Bangalore,13,4,2985,2
24-4-2021,4.96,Caustic,1,0,73,18
29-4-2022,10.18,Wattson,1,3,565,19
20-10-2022,26.54,Valkyrie,9,3,742,17
5-10-2020,24.14,Valkyrie,6,15,1164,18
18-2-2019,16.59,Gibraltar,3,7,585,17
22-3-2019,26.43,Caustic,2,5,955,13
25-12-2021,23.28,Mad Maggie,4,13,1288,19
1-5-2021,21.88,Mad Maggie,6,4,648,5
18-2-2019,28.84,Octane,15,12,5756,10
20-2-2019,9.08,Revenant,0,5,872,9
9-6-2019,23.42,Crypto,7,5,1734,7
5-7-2021,7.98,Pathfinder,7,0,1400,1
4-1-2020,6.06,Ash,1,1,387,1
30-8-2021,11.87,Gibraltar,13,3,2354,12
2-3-2020,28.5,Bloodhound,2,6,1378,14
5-4-2021,27.88,Pathfinder,11,2,2827,7
10-8-2022,12.31,Horizon,2,3,401,5
10-4-2022,17.0,Gibraltar,6,5,2399,8
10-8-2019,10.85,Wattson,8,5,1904,3
19-5-2019,1.8,Pathfinder,15,4,2086,9
7-3-2020,9.09,Bloodhound,14,3,2554,14
22-7-2019,9.68,Horizon,2,6,1356,2
30-3-2019,19.17,Crypto,1,1,338,15
31-3-2021,27.01,Bangalore,2,20,3903,20
25-5-2022,0.26,Bloodhound,0,8,1231,15
15-12-2022,22.78,Bangalore,3,2,277,2
30-10-2019,27.38,Mad Maggie,19,5,1508,6
7-4-2019,10.09,Ash,2,13,2217,18
14-11-2020,5.85,Gibraltar,5,0,663,10
10-7-2019,11.91,Valkyrie,4,2,448,2
25-3-2022,19.5,Crypto,14,8,1826,19
22-1-2021,16.13,Mirage,4,2,905,11
15-12-2019,12.33,Wattson,2,2,328,5
4-11-2019,22.39,Caustic,16,2,3075,10
10-2-2022,1.4,Octane,0,3,447,11
21-1-2020,27.6,Ash,12,10,3525,16
2-11-2021,16.3,Bloodhound,2,16,2067,6
23-1-2022,14.41,Gibraltar,6,5,1404,20
9-4-2019,11.34,Fuse,2,1,543,15
17-12-2021,13.37,Valkyrie,1,9,999,7
20-8-2019,13.17,Revenant,5,3,1001,18
26-7-2022,2.92,Wraith,4,2,1102,14
21-3-2020,0.38,Fuse,1,8,993,17
7-1-2021,18.53,Fuse,1,11,1030,3
25-9-2020,16.25,Mad Maggie,12,11,3167,4
3-8-2020,22.76,Octane,2,6,1595,18
29-5-2022,22.59,Wraith,4,17,1552,10
13-6-2020,27.92,Mirage,4,13,2709,2
15-12-2020,10.78,Lifeline,4,20,2732,11
30-12-2022,23.7,Bloodhound,3,10,2084,20
25-9-2022,15.32,Octane,11,3,2818,7
18-2-2021,18.21,Fuse,4,2,1293,2
4-2-2021,17.16,Caustic,13,2,2765,1
6-7-2019,16.58,Valkyrie,2,2,249,10
26-3-2022,13.48,Rampart,4,4,702,18
6-9-2022,0.97,Octane,1,2,188,4
5-4-2022,21.49,Rampart,14,9,3801,5
7-4-2022,12.36,Crypto,10,9,2622,13
3-3-2019,21.99,Fuse,3,12,1187,4
25-8-2021,2.14,Pathfinder,4,0,404,9
23-8-2019,24.24,Gibraltar,3,15,1905,11
7-11-2021,28.25,Bloodhound,4,8,2217,16
4-1-2022,13.8,Valkyrie,1,1,235,17
22-9-2019,25.98,Mad Maggie,6,2,604,13
10-10-2021,17.5,Gibraltar,11,3,2005,20
25-11-2020,16.88,Octane,2,2,728,6
5-2-2020,12.0,Crypto,3,5,851,15
17-2-2022,29.86,Gibraltar,6,9,1472,11
25-6-2022,9.87,Bloodhound,0,2,277,10
1-4-2022,11.34,Ash,8,17,5029,10
2-11-2022,2.93,Crypto,13,1,1434,16
3-1-2022,17.46,Crypto,1,5,388,1
17-6-2021,0.79,Pathfinder,7,7,2351,6
23-1-2020,23.39,Fuse,19,3,2282,1
17-1-2021,29.01,Ash,4,11,2563,10
10-9-2019,12.65,Octane,9,4,2130,3
7-8-2020,8.89,Bangalore,17,4,3932,17
2-10-2020,10.12,Wraith,5,2,1149,6
25-1-2020,7.49,Caustic,19,2,3148,20
23-2-2022,15.35,Lifeline,13,2,3019,20
2-7-2022,3.01,Mad Maggie,1,0,156,12
25-8-2022,27.45,Ash,21,4,4238,5
13-10-2020,5.33,Mirage,0,6,1029,2
8-10-2021,19.23,Gibraltar,1,5,1079,19
27-12-2022,28.29,Ash,12,16,3540,11
16-3-2020,12.79,Lifeline,3,13,1689,5
29-9-2021,10.33,Caustic,4,2,1123,14
28-8-2019,29.05,Caustic,2,4,667,18
25-12-2022,16.96,Mirage,7,2,1948,20
25-10-2019,23.78,Wraith,3,2,923,8
15-8-2020,0.79,Horizon,0,0,0,11
16-8-2019,7.31,Lifeline,13,9,1964,5
25-11-2021,25.52,Mad Maggie,5,3,1310,20
29-8-2019,20.37,Pathfinder,3,5,1729,16
30-12-2022,21.8,Mad Maggie,2,4,450,17
13-6-2021,14.0,Bangalore,1,1,146,4
26-3-2021,9.15,Ash,5,1,429,2
15-9-2020,27.11,Octane,9,10,3888,1
4-11-2019,19.69,Valkyrie,2,3,949,3
30-4-2022,5.47,Bloodhound,0,7,1268,1
12-6-2019,23.21,Horizon,3,3,824,17
16-8-2021,20.77,Mirage,5,2,1108,3
16-3-2022,25.85,Crypto,8,2,2141,20
15-3-2020,13.22,Rampart,10,2,746,16
5-3-2021,14.17,Horizon,2,5,499,3
8-12-2019,19.88,Ash,2,4,762,2
9-7-2021,9.79,Revenant,9,7,1532,1
1-12-2021,21.16,Wattson,8,16,2628,19
27-6-2021,8.71,Wattson,7,1,1376,10
30-12-2021,15.36,Octane,14,3,2252,3
7-10-2019,5.59,Rampart,1,1,117,9
30-4-2021,5.19,Gibraltar,0,4,554,3
23-9-2019,6.1,Valkyrie,11,1,923,8
17-12-2021,2.06,Octane,8,4,2276,10
28-12-2019,6.07,Rampart,11,5,1492,7
12-4-2021,1.21,Pathfinder,9,1,1730,13
22-5-2022,5.09,Lifeline,1,11,1828,10
1-9-2021,18.29,Bloodhound,5,3,1075,12
2-4-2019,12.49,Mirage,8,16,2826,1
13-4-2019,15.08,Wraith,8,3,1918,18
14-1-2022,28.15,Ash,3,11,875,1
8-9-2020,14.62,Wraith,11,1,1166,14
4-3-2021,8.88,Crypto,3,0,600,18
22-8-2019,6.41,Ash,1,2,566,11
31-5-2020,3.01,Ash,8,4,2233,1
26-2-2019,22.68,Gibraltar,5,4,1247,13
24-5-2019,18.61,Ash,1,1,243,2
18-8-2022,0.81,Horizon,1,8,1447,2
22-5-2020,13.56,Revenant,3,4,1021,9
12-4-2020,0.87,Bloodhound,5,4,1560,4
28-5-2021,5.58,Valkyrie,15,8,2867,6
20-4-2020,23.94,Bangalore,17,4,3055,4
11-8-2019,0.5,Fuse,4,14,3227,13
18-2-2020,22.34,Octane,3,18,3142,13
21-11-2020,5.4,Crypto,3,4,1366,13
17-12-2019,22.74,Pathfinder,21,5,5433,1
11-7-2019,23.02,Bangalore,5,10,1735,4
1-4-2022,19.98,Caustic,3,5,577,12
3-8-2022,7.78,Wattson,1,12,854,16
3-10-2020,16.53,Wraith,1,9,675,11
6-11-2020,8.42,Bangalore,14,7,2882,11
4-3-2019,2.04,Revenant,3,0,593,3
26-11-2021,27.83,Wraith,3,5,456,8
26-2-2021,22.64,Caustic,2,2,430,10
4-4-2022,2.71,Lifeline,11,6,2041,9
30-7-2022,9.0,Valkyrie,2,1,376,13
17-6-2021,9.85,Revenant,1,9,713,13
19-4-2021,10.45,Mirage,10,3,2461,11
3-4-2022,28.49,Caustic,2,4,1068,9
22-3-2020,22.14,Valkyrie,3,3,319,6
2-10-2019,20.12,Pathfinder,10,4,2204,19
4-6-2022,17.35,Pathfinder,1,1,132,6
19-1-2021,18.28,Mad Maggie,8,2,2173,3
17-2-2019,3.91,Horizon,4,2,335,3
9-11-2021,1.13,Bangalore,5,5,765,5
12-8-2022,24.76,Gibraltar,4,6,1707,16
18-11-2019,3.93,Horizon,13,1,3252,4
28-4-2019,12.11,Gibraltar,1,4,929,6
8-8-2019,16.85,Mirage,9,2,892,3
16-2-2019,25.87,Ash,2,5,1235,16
13-10-2020,28.55,Lifeline,9,2,2008,9
10-5-2020,0.64,Bangalore,1,8,587,15
10-10-2019,10.1,Mad Maggie,9,16,3932,4
26-7-2019,27.89,Mirage,4,2,478,9
29-12-2020,12.79,Gibraltar,5,4,1799,12
4-11-2021,20.32,Valkyrie,8,7,2716,18
13-12-2022,12.98,Mad Maggie,9,4,851,19
5-12-2022,5.71,Octane,8,4,2418,10
9-6-2019,9.33,Gibraltar,8,0,1588,1
6-2-2021,22.53,Caustic,6,4,768,3
21-3-2020,23.4,Pathfinder,9,2,1770,17
4-12-2019,3.21,Valkyrie,0,1,97,9
26-5-2022,15.68,Octane,13,1,1352,4
19-3-2022,24.21,Rampart,5,3,1536,13
29-11-2021,23.92,Ash,3,4,1175,12
8-2-2022,12.41,Lifeline,2,14,1078,1
24-11-2021,14.08,Horizon,10,3,1289,14
4-7-2022,26.94,Mirage,2,6,1135,12
8-2-2022,23.17,Wattson,5,5,925,18
9-7-2020,2.9,Bangalore,7,8,2179,6
23-8-2020,4.15,Horizon,10,4,1926,11
7-8-2019,8.56,Gibraltar,1,8,617,15
15-7-2019,21.49,Bangalore,12,12,4677,16
4-11-2022,28.13,Horizon,8,2,1321,1
14-9-2019,18.86,Wattson,11,6,2795,8
28-7-2019,13.84,Fuse,3,2,367,13
27-9-2022,15.68,Pathfinder,13,14,5098,17
1-4-2020,11.92,Horizon,4,6,2037,1
26-9-2021,1.8,Rampart,7,0,578,2
22-3-2020,18.92,Rampart,6,7,1410,2
22-2-2021,3.81,Crypto,4,13,2172,12
24-12-2020,19.01,Bloodhound,4,2,472,11
28-9-2020,2.37,Pathfinder,11,4,1639,16
3-3-2019,2.13,Lifeline,0,11,1198,11
24-3-2020,21.18,Ash,9,4,1809,4
26-3-2020,27.16,Horizon,10,5,1883,14
9-7-2020,1.9,Wattson,4,0,397,7
12-5-2019,28.02,Mad Maggie,3,2,359,2
19-6-2022,22.03,Pathfinder,7,4,886,19
13-7-2019,10.51,Wraith,11,5,2134,20
9-9-2019,10.02,Lifeline,3,2,920,1
4-1-2021,22.02,Mirage,5,8,2466,18
6-10-2019,9.07,Lifeline,2,3,943,8
30-4-2022,10.81,Bangalore,1,7,798,6
14-1-2021,26.05,Mirage,4,4,1609,4
10-2-2021,7.72,Mirage,8,13,2110,15
30-6-2019,21.08,Octane,8,3,2043,7
23-8-2022,22.53,Caustic,7,5,1628,14
12-9-2019,29.05,Mirage,5,2,1160,9
27-1-2021,9.86,Lifeline,0,2,203,19
5-3-2022,23.19,Wraith,5,9,1389,14
8-2-2021,15.15,Revenant,2,6,1337,4
18-8-2022,24.79,Fuse,11,2,758,15
24-11-2021,5.22,Fuse,3,7,1236,18
7-4-2020,8.69,Horizon,11,4,3304,6
3-8-2022,25.93,Revenant,17,6,3909,1
15-2-2020,28.58,Ash,2,3,785,3
24-1-2022,25.29,Lifeline,2,2,302,14
26-11-2020,1.6,Valkyrie,1,0,129,3
7-3-2021,8.03,Octane,1,3,800,2
27-6-2020,21.86,Valkyrie,3,2,1102,17
25-6-2019,19.38,Rampart,3,13,2376,8
8-7-2022,10.96,Wattson,4,5,680,17
13-10-2020,10.3,Wattson,4,14,3622,18
23-10-2019,11.78,Wattson,7,10,1581,17
20-4-2019,4.96,Ash,2,3,968,12
16-11-2021,8.34,Bangalore,8,4,2698,17
25-5-2021,18.82,Mirage,3,2,620,10
9-4-2019,17.86,Octane,1,7,1095,1
29-4-2022,28.98,Pathfinder,3,5,1478,16
10-5-2020,7.54,Gibraltar,5,0,1014,18
7-7-2022,13.21,Lifeline,1,19,2092,6
2-10-2019,13.55,Octane,14,6,2884,1
17-10-2019,6.16,Valkyrie,11,2,817,2
11-12-2021,13.44,Bloodhound,1,10,2129,16
2-2-2020,12.87,Revenant,7,1,729,1
18-8-2020,6.77,Octane,0,7,632,14
16-3-2021,21.03,Gibraltar,4,3,582,4
25-7-2022,23.27,Horizon,2,21,3807,1
7-5-2019,20.79,Revenant,19,9,5695,2
11-9-2019,10.44,Revenant,8,9,3132,1
26-1-2022,0.48,Pathfinder,0,0,0,11
23-3-2022,22.53,Caustic,2,5,789,11
2-5-2019,21.56,Wattson,4,8,679,1
29-8-2020,20.25,Wattson,5,12,1854,9
10-4-2021,27.13,Wraith,2,6,614,12
3-4-2020,25.93,Rampart,9,5,1828,17
6-7-2021,24.59,Fuse,5,2,1131,13
10-4-2020,4.03,Mirage,10,0,1335,17
27-7-2022,11.08,Bangalore,1,15,2052,6
23-4-2019,2.49,Mirage,12,4,2645,12
22-3-2019,23.21,Bangalore,15,6,3335,14
5-3-2021,22.74,Mad Maggie,19,16,3052,2
29-6-2019,22.55,Lifeline,5,8,1795,14
6-9-2019,15.51,Bloodhound,2,19,3214,10
9-8-2021,28.72,Mirage,3,8,984,20
24-9-2021,18.75,Lifeline,3,2,373,7
5-10-2021,20.6,Mirage,3,6,812,16
12-7-2019,18.26,Valkyrie,2,5,1152,1
4-12-2020,23.95,Ash,6,3,1741,11
29-7-2021,18.23,Rampart,9,5,2538,15
13-4-2022,22.24,Gibraltar,6,3,1330,19
10-2-2021,1.97,Lifeline,7,3,2076,10
31-3-2019,2.32,Gibraltar,8,4,1372,20
16-2-2020,0.22,Octane,0,10,1674,16
28-5-2019,29.69,Fuse,8,2,1513,1
18-3-2021,0.98,Fuse,0,1,136,10
6-2-2021,3.36,Gibraltar,6,11,1062,14
1-12-2020,13.67,Ash,8,11,3915,17
27-8-2022,5.75,Revenant,3,4,493,1
20-6-2019,2.99,Lifeline,9,7,1287,10
13-10-2020,7.56,Wraith,12,3,2469,18
7-5-2020,14.79,Mirage,3,4,1241,15
15-2-2020,22.94,Caustic,4,16,3749,18
8-2-2022,23.38,Valkyrie,2,17,2752,1
7-7-2022,13.83,Rampart,1,5,980,17
23-2-2021,2.99,Rampart,6,1,864,3
26-4-2021,20.9,Lifeline,18,2,4399,4
21-3-2019,8.83,Caustic,7,2,1711,6
23-7-2020,3.84,Mad Maggie,8,0,571,17
26-6-2021,4.6,Fuse,9,2,1016,11
4-8-2019,27.05,Valkyrie,4,15,1422,2
27-1-2020,5.64,Octane,4,0,239,10
13-11-2020,5.27,Pathfinder,6,6,1165,10
28-10-2021,25.88,Pathfinder,10,8,1917,10
20-2-2022,1.13,Wraith,0,1,118,19
26-5-2020,16.58,Ash,2,5,515,4
24-10-2022,1.69,Pathfinder,1,4,899,11
6-2-2021,12.46,Bangalore,1,12,1507,11
15-12-2021,22.7,Bloodhound,3,9,2024,10
3-10-2021,17.74,Wattson,17,2,1875,4
30-5-2022,12.89,Ash,7,1,824,16
23-12-2021,11.86,Crypto,9,5,2259,4
28-3-2021,8.78,Horizon,5,6,918,3
9-10-2022,2.99,Wraith,1,1,170,11
3-12-2021,11.46,Fuse,6,14,1098,13
31-10-2021,29.61,Horizon,19,9,4197,1
25-2-2021,7.18,Mad Maggie,0,0,0,15
1-5-2021,29.79,Lifeline,2,2,557,10
12-3-2020,23.88,Ash,4,7,1391,14
14-2-2019,11.62,Mirage,3,1,224,13
25-12-2021,13.93,Pathfinder,3,7,551,13
15-2-2019,0.37,Revenant,5,1,1342,5
22-1-2022,26.76,Pathfinder,7,17,3305,9
29-3-2021,26.81,Mad Maggie,15,6,2229,17
19-2-2021,14.71,Wattson,8,7,2921,12
1-3-2020,2.76,Bloodhound,5,4,1634,2
9-1-2020,0.17,Bloodhound,1,0,124,5
15-2-2019,0.93,Wraith,14,1,2108,11
30-6-2020,15.19,Bloodhound,1,1,418,3
13-8-2021,16.42,Horizon,9,4,1837,10
22-11-2021,11.67,Valkyrie,3,1,364,2
20-9-2021,15.43,Valkyrie,14,4,3265,14
15-4-2021,23.26,Ash,3,8,1561,2
21-4-2020,25.37,Revenant,13,2,2835,2
18-3-2022,11.9,Mad Maggie,7,9,1187,3
14-3-2019,17.12,Bangalore,1,3,710,20
14-10-2022,13.95,Rampart,1,5,601,1
4-1-2020,24.58,Fuse,4,3,1394,18
22-2-2022,5.58,Gibraltar,1,2,606,14
27-9-2022,20.2,Octane,7,9,2620,2
18-9-2021,21.48,Gibraltar,3,11,2250,17
28-10-2022,21.72,Octane,2,4,1066,7
4-11-2019,14.46,Wattson,5,1,525,17
9-11-2020,14.19,Bangalore,5,4,1912,2
11-8-2019,12.77,Octane,6,3,1917,20
3-12-2020,5.79,Pathfinder,1,7,1246,4
3-8-2022,6.63,Bloodhound,2,4,1156,12
2-9-2022,27.74,Mirage,2,5,1076,13
30-8-2022,18.63,Gibraltar,2,11,1748,15
19-3-2020,9.2,Fuse,3,0,570,2
15-11-2020,0.06,Wattson,10,6,2262,9
16-4-2021,4.94,Bangalore,1,2,524,12
26-7-2019,29.38,Fuse,6,11,1739,16
30-3-2022,10.6,Lifeline,13,2,1966,16
13-11-2020,27.98,Lifeline,6,11,1342,7
2-12-2019,18.01,Bangalore,9,1,2083,2
11-8-2020,5.13,Mirage,2,0,176,14
17-6-2021,10.45,Rampart,1,15,2481,3
12-7-2022,21.82,Ash,2,6,1074,18
20-7-2021,10.89,Horizon,4,5,1196,17
21-8-2021,25.09,Valkyrie,7,5,1597,3
26-12-2019,27.5,Octane,2,18,1248,19
8-12-2020,28.26,Crypto,5,4,1345,2
19-11-2021,7.88,Horizon,14,16,2309,15
23-5-2019,10.53,Wattson,2,3,409,6
28-4-2019,6.71,Valkyrie,0,2,293,8
29-9-2020,10.01,Caustic,13,4,1384,17
22-10-2019,24.66,Mad Maggie,4,3,668,12
21-4-2020,9.04,Crypto,5,4,1909,15
15-10-2022,3.12,Octane,5,7,766,1
25-4-2021,13.07,Ash,1,7,1280,9
6-7-2019,21.57,Octane,6,14,1824,6
29-4-2022,17.42,Octane,4,8,1757,12
28-11-2020,10.29,Gibraltar,6,6,2239,3
10-12-2022,21.28,Rampart,2,15,957,9
17-3-2022,12.77,Bangalore,2,7,1203,7
16-7-2020,28.51,Caustic,5,12,1333,17
1-10-2022,12.94,Caustic,4,1,565,19
30-8-2019,4.11,Gibraltar,0,3,170,11
15-11-2020,29.57,Crypto,4,7,1799,4
13-7-2021,26.62,Valkyrie,2,9,1844,17
18-5-2021,24.29,Mad Maggie,2,6,1305,3
20-5-2020,1.76,Gibraltar,3,14,2167,8
30-5-2020,11.14,Crypto,11,7,2050,15
18-4-2019,29.23,Wattson,4,3,614,4
11-4-2020,26.66,Wattson,10,2,2256,15
13-1-2021,0.51,Revenant,5,12,1728,8
20-8-2020,6.38,Bangalore,2,6,1073,6
2-8-2020,6.41,Revenant,11,0,1924,6
9-3-2020,23.44,Mirage,12,3,3454,16
9-1-2020,4.5,Revenant,9,4,1088,20
3-12-2021,14.6,Bloodhound,4,12,2588,3
28-5-2019,19.86,Octane,3,1,687,9
19-1-2020,15.29,Ash,12,4,1860,18
11-11-2020,18.83,Bloodhound,3,8,1089,4
30-4-2021,5.42,Bloodhound,0,15,2432,7
27-7-2021,3.76,Fuse,1,0,68,9
12-2-2022,22.94,Crypto,6,15,3897,18
28-5-2020,26.87,Bangalore,13,2,2489,4
1-1-2022,14.72,Rampart,15,6,2616,20
12-6-2019,23.06,Rampart,2,2,430,10
4-3-2022,7.22,Ash,3,10,2177,12
1-5-2021,29.95,Pathfinder,7,2,1976,9
29-6-2021,13.87,Rampart,6,6,2030,13
16-5-2022,12.41,Mirage,4,19,1330,8
11-9-2021,25.05,Bloodhound,2,2,594,14
27-3-2021,2.88,Bangalore,7,8,907,15
11-9-2019,10.14,Gibraltar,6,1,1507,18
5-4-2019,18.77,Pathfinder,1,1,380,20
28-2-2021,10.19,Crypto,6,5,732,1
30-12-2022,12.61,Octane,4,9,1325,2
11-6-2019,9.28,Mad Maggie,0,9,1192,3
29-11-2022,26.28,Mad Maggie,11,15,2249,20
23-4-2019,14.1,Wraith,8,1,1123,15
25-10-2020,13.44,Octane,2,1,259,6
7-10-2021,19.57,Mad Maggie,16,1,2883,12
18-4-2020,28.92,Rampart,3,15,3518,15
21-12-2019,18.56,Fuse,1,10,998,17
25-3-2020,25.96,Gibraltar,3,4,1175,18
28-2-2022,6.45,Pathfinder,11,3,2265,17
4-9-2022,18.85,Wattson,4,6,1365,7
6-5-2019,2.82,Pathfinder,1,2,371,7
9-2-2021,10.84,Horizon,13,15,2665,2
10-5-2020,6.27,Valkyrie,1,8,1520,5
7-1-2020,24.13,Revenant,12,11,3608,6
20-11-2022,5.64,Gibraltar,6,0,692,4
6-11-2022,18.52,Mad Maggie,3,13,1048,13
17-2-2020,10.65,Caustic,13,2,3076,4
10-11-2020,28.92,Octane,5,2,1492,12
17-7-2021,0.42,Lifeline,10,2,2071,15
29-5-2022,14.67,Mad Maggie,11,1,2344,9
29-12-2022,24.5,Crypto,2,3,1074,15
14-12-2019,13.55,Octane,9,10,2447,12
23-11-2022,16.69,Pathfinder,5,5,1198,17
19-6-2019,29.53,Mad Maggie,9,3,918,3
25-3-2020,7.72,Ash,0,7,681,20
1-1-2020,9.02,Bangalore,0,7,374,2
13-9-2019,27.92,Octane,2,2,684,9
28-1-2022,2.73,Lifeline,16,0,2019,18
12-8-2020,3.79,Mirage,3,0,186,16
26-7-2019,23.75,Mirage,10,11,2138,20
12-8-2019,2.91,Horizon,12,18,2284,2
3-5-2021,9.08,Bloodhound,0,11,1229,1
16-6-2019,27.25,Bloodhound,2,4,675,18
28-10-2020,16.47,Mad Maggie,9,10,1743,5
8-10-2021,10.56,Rampart,1,2,455,20
5-4-2020,29.06,Mirage,3,6,544,4
18-9-2019,20.32,Bangalore,3,20,2506,19
24-12-2019,28.28,Valkyrie,3,13,2830,17
16-2-2020,20.07,Wattson,2,3,783,11
25-7-2019,0.79,Crypto,5,7,2299,7
23-4-2019,7.8,Mirage,4,3,391,12
12-7-2020,21.63,Wattson,3,15,1317,19
10-4-2019,29.34,Caustic,6,13,2292,14
4-11-2019,24.84,Mirage,9,4,2052,16
28-8-2020,22.26,Lifeline,4,12,2225,3
19-5-2022,17.32,Octane,1,4,466,15
11-6-2020,21.11,Crypto,13,8,2583,7
23-5-2019,18.4,Valkyrie,1,1,277,8
17-6-2019,3.78,Gibraltar,9,5,1135,5
19-8-2021,4.16,Mirage,4,11,809,14
15-3-2021,27.51,Bloodhound,6,2,491,10
22-2-2019,27.77,Fuse,2,5,881,18
2-12-2022,23.68,Caustic,7,11,3021,18
9-11-2022,21.69,Pathfinder,2,2,756,7
4-12-2022,13.62,Octane,14,14,3183,8
25-7-2021,23.43,Caustic,6,6,1259,10
11-12-2021,22.56,Octane,20,6,5096,3
5-2-2020,6.02,Pathfinder,0,5,843,6
27-4-2020,18.17,Mad Maggie,3,2,532,9
26-4-2020,1.71,Ash,10,1,2299,13
20-12-2022,12.88,Lifeline,6,14,3611,16
6-2-2020,13.55,Mad Maggie,3,1,460,8
13-8-2020,0.65,Pathfinder,7,7,2561,3
28-10-2021,6.79,Pathfinder,0,13,1469,18
18-6-2021,12.77,Ash,6,10,2051,16
25-1-2021,7.09,Lifeline,7,4,2143,1
8-2-2021,29.34,Fuse,2,5,545,20
14-3-2020,13.71,Revenant,6,2,1004,16
15-4-2020,17.54,Valkyrie,8,7,831,6
1-3-2022,14.42,Octane,2,3,996,12
19-3-2021,18.62,Octane,3,10,1980,19
1-12-2022,19.56,Octane,3,3,461,18
2-8-2021,25.55,Fuse,4,4,1013,14
5-12-2022,22.62,Pathfinder,2,7,773,9
5-2-2022,1.42,Mad Maggie,4,6,1021,18
12-6-2019,18.24,Bloodhound,13,16,3257,12
22-9-2019,22.73,Caustic,2,3,279,12
25-10-2021,24.07,Gibraltar,6,3,1130,12
10-7-2020,25.91,Caustic,3,8,1352,3
3-10-2020,8.13,Octane,5,7,2223,15
29-9-2022,9.8,Pathfinder,9,11,3420,20
6-5-2021,22.23,Bangalore,2,2,557,11
19-4-2019,2.17,Wraith,9,3,2458,9
3-6-2019,9.92,Crypto,5,2,810,3
28-3-2021,24.76,Mirage,11,9,3334,6
28-2-2021,5.86,Caustic,0,11,1652,14
11-2-2020,25.22,Wattson,6,8,2990,8
1-9-2022,5.21,Caustic,12,12,1761,6
7-12-2020,13.32,Horizon,2,6,698,17
25-6-2020,26.25,Wattson,9,10,2864,4
11-2-2019,11.94,Octane,10,6,965,9
15-4-2022,20.72,Lifeline,6,10,2434,14
8-6-2019,28.96,Octane,11,5,2567,17
21-5-2021,6.06,Revenant,2,8,1672,11
28-3-2021,19.2,Gibraltar,11,1,2038,4
16-4-2022,27.52,Wraith,2,15,2297,16
3-8-2021,17.14,Bloodhound,14,13,2725,10
1-1-2020,23.97,Pathfinder,5,4,1706,15
12-1-2022,18.1,Valkyrie,1,12,2146,10
21-2-2022,25.81,Ash,13,2,2779,14
30-4-2022,28.02,Fuse,3,2,306,8
26-6-2020,22.99,Wattson,5,2,1151,17
21-5-2019,10.78,Crypto,4,12,3078,5
23-11-2021,26.18,Caustic,16,5,2359,16
22-2-2019,13.05,Revenant,2,1,639,5
22-2-2020,24.88,Revenant,5,4,1555,9
3-3-2022,29.87,Mad Maggie,4,4,1430,3
11-10-2021,24.06,Valkyrie,3,4,1424,9
7-8-2022,11.69,Fuse,1,3,290,14
13-8-2020,16.68,Lifeline,4,5,1349,1
1-11-2021,5.94,Valkyrie,3,0,477,12
27-9-2022,8.58,Mad Maggie,2,3,291,19
29-9-2019,21.43,Bloodhound,6,2,1638,7
29-11-2021,27.74,Mad Maggie,5,5,1978,9
6-5-2022,13.33,Lifeline,8,12,3174,11
8-8-2022,0.55,Octane,12,0,915,20
1-8-2020,1.54,Mirage,1,2,610,14
31-10-2022,22.28,Lifeline,3,14,3125,5
7-11-2022,4.09,Mirage,2,4,1051,15
25-9-2021,28.63,Horizon,2,4,1179,15
8-5-2022,17.93,Mad Maggie,3,3,814,19
29-7-2019,17.15,Rampart,1,6,1243,10
3-1-2020,3.16,Gibraltar,4,10,2319,7
26-11-2022,27.04,Pathfinder,12,4,1909,19
30-11-2021,20.63,Caustic,8,9,2366,11
17-4-2021,15.15,Ash,12,2,1104,16
9-11-2021,7.79,Octane,0,4,602,1
3-9-2019,16.52,Fuse,2,1,310,5
20-5-2020,15.6,Ash,1,2,459,4
22-12-2020,28.32,Bloodhound,14,2,2687,19
14-12-2020,24.02,Wattson,13,13,2359,7
3-5-2019,17.6,Lifeline,11,6,1667,15
21-11-2019,18.6,Caustic,5,4,1628,16
27-6-2019,2.87,Rampart,4,8,1868,15
7-7-2019,1.35,Bloodhound,5,4,760,15
30-1-2021,13.6,Caustic,4,9,1407,2
4-4-2022,3.25,Horizon,9,3,1291,17
14-8-2021,13.68,Rampart,5,6,1361,7
6-8-2019,8.63,Rampart,0,1,180,9
25-6-2019,24.93,Pathfinder,8,6,888,2
4-2-2022,8.8,Wraith,3,0,406,10
2-5-2019,17.06,Caustic,5,9,809,11
24-3-2022,10.97,Pathfinder,5,3,488,10
22-9-2020,15.47,Fuse,1,1,415,7
6-6-2022,23.31,Bloodhound,5,4,1014,5
20-11-2020,24.22,Mirage,3,4,776,7
16-3-2020,2.21,Fuse,0,7,761,18
5-6-2022,11.8,Pathfinder,2,3,470,8
5-3-2020,29.06,Caustic,4,18,3154,12
18-9-2021,24.59,Wattson,2,14,2061,6
20-4-2020,6.42,Valkyrie,0,3,257,11
25-8-2020,14.45,Pathfinder,5,4,597,1
2-12-2022,1.59,Revenant,5,5,2104,1
20-10-2022,2.08,Wraith,2,5,745,7
23-8-2021,2.07,Mad Maggie,2,1,349,12
24-11-2021,1.09,Wraith,9,14,2988,12
16-2-2020,12.54,Crypto,11,2,2386,6
25-12-2022,22.95,Fuse,2,2,340,8
8-9-2020,4.11,Caustic,5,7,1123,19
1-1-2022,0.18,Bangalore,2,3,546,10
26-3-2019,26.79,Wattson,3,14,2983,13
15-7-2019,17.01,Octane,7,14,3358,8
17-12-2021,8.54,Horizon,11,3,2090,5
17-9-2020,18.94,Gibraltar,2,2,256,5
28-3-2021,22.7,Mad Maggie,10,6,2727,19
18-5-2022,18.33,Rampart,15,8,2441,2
11-9-2022,26.9,Gibraltar,11,9,1398,10
11-3-2022,13.57,Rampart,1,10,563,2
24-3-2021,28.87,Wattson,8,13,3970,5
12-12-2021,2.1,Fuse,8,9,3455,2
7-8-2022,22.16,Valkyrie,10,4,2774,5
21-5-2019,6.51,Ash,9,0,1707,8
13-8-2022,13.6,Wattson,1,5,800,5
31-8-2022,25.84,Mad Maggie,15,4,4086,12
19-2-2019,8.86,Bangalore,2,1,420,18
11-4-2019,9.28,Octane,4,3,975,19
29-7-2020,26.74,Valkyrie,3,15,3153,8
31-3-2022,24.88,Bangalore,2,3,787,12
19-7-2019,9.18,Octane,1,14,1067,1
1-10-2022,15.09,Mad Maggie,8,1,557,17
7-1-2022,22.94,Horizon,9,3,2094,8
28-10-2022,18.2,Crypto,3,3,1155,17
1-6-2020,9.42,Revenant,16,0,1320,7
14-10-2020,20.02,Horizon,2,11,1217,4
6-7-2020,23.98,Fuse,3,19,1792,18
12-10-2020,15.43,Lifeline,4,17,1198,14
12-11-2019,24.61,Valkyrie,16,5,1871,11
15-10-2020,3.25,Bloodhound,2,5,1046,5
8-2-2022,27.77,Pathfinder,14,3,2037,7
6-9-2021,2.06,Bloodhound,5,4,1488,8
12-4-2021,23.18,Lifeline,12,4,2001,20
19-1-2020,26.11,Gibraltar,7,11,2335,5
15-4-2020,24.43,Ash,2,2,818,16
22-3-2022,1.42,Valkyrie,10,5,1732,15
21-6-2019,5.3,Mad Maggie,4,5,1777,1
17-3-2020,22.07,Wattson,8,7,2747,14
29-6-2022,14.1,Wraith,10,2,1347,4
24-5-2019,24.06,Ash,9,2,1439,9
22-9-2020,26.89,Pathfinder,3,8,707,10
23-10-2019,22.82,Pathfinder,6,5,1796,13
18-7-2019,21.66,Caustic,15,8,1389,1
22-3-2019,16.56,Rampart,4,9,1094,20
4-9-2022,2.81,Mad Maggie,0,16,2486,9
9-6-2022,22.81,Pathfinder,14,6,1118,1
15-6-2022,20.04,Horizon,4,2,876,11
12-7-2021,10.49,Valkyrie,1,7,527,4
11-2-2019,5.37,Mirage,12,13,2107,6
17-6-2020,19.36,Valkyrie,5,1,874,6
5-4-2020,4.76,Valkyrie,4,7,928,16
10-9-2021,12.68,Octane,5,2,1009,3
3-3-2022,16.95,Gibraltar,8,5,2770,4
10-1-2022,7.23,Caustic,0,11,1662,15
25-3-2021,26.15,Ash,2,16,3367,8
7-2-2021,21.91,Lifeline,3,13,3024,1
2-3-2021,24.98,Wattson,3,13,2597,10
25-6-2022,10.99,Valkyrie,4,2,900,12
22-4-2020,18.74,Ash,5,14,1361,10
15-2-2019,18.49,Mirage,14,17,1748,11
3-3-2020,7.81,Crypto,7,5,1259,3
2-8-2020,7.41,Valkyrie,2,11,1401,16
16-1-2022,11.81,Horizon,5,8,2004,20
26-11-2019,15.19,Caustic,1,4,314,18
19-8-2021,24.42,Crypto,11,2,1465,18
14-7-2021,3.28,Wraith,5,13,3291,13
24-12-2021,16.58,Ash,13,1,1838,4
25-2-2022,5.39,Rampart,3,2,439,19
31-10-2021,27.52,Gibraltar,2,3,285,16
11-5-2021,15.51,Bangalore,5,10,2461,2
8-7-2021,29.57,Wattson,11,2,2115,14
5-3-2021,12.41,Fuse,2,1,258,7
29-3-2019,24.58,Octane,6,3,1641,17
8-9-2020,21.23,Bloodhound,6,18,2224,16
4-7-2019,24.91,Octane,11,6,2799,16
6-12-2021,1.4,Revenant,5,4,1658,15
3-1-2022,5.62,Valkyrie,3,2,697,1
9-7-2019,11.97,Wattson,3,4,1465,5
25-12-2020,17.03,Ash,3,11,875,17
3-5-2020,16.3,Horizon,5,5,1044,20
10-6-2022,24.45,Octane,9,2,762,3
20-4-2022,27.87,Mirage,5,3,684,1
27-7-2019,16.43,Revenant,14,2,2251,6
9-4-2022,2.93,Ash,1,5,637,7
17-2-2020,27.48,Wattson,2,10,646,15
14-5-2019,25.62,Wattson,2,14,1917,3
29-3-2019,28.71,Mad Maggie,9,3,2417,3
28-12-2022,25.15,Ash,4,10,2149,13
27-12-2022,5.24,Rampart,12,13,1869,1
16-11-2022,11.13,Mirage,19,3,3152,17
22-8-2022,18.12,Fuse,1,2,183,18
20-3-2022,4.48,Crypto,1,12,1392,8
26-6-2020,26.83,Revenant,4,3,821,16
3-7-2020,18.52,Fuse,2,2,606,14
2-7-2022,16.31,Revenant,1,4,541,10
17-8-2020,14.78,Pathfinder,1,5,1184,7
31-8-2020,19.12,Lifeline,6,4,1916,4
18-10-2021,22.23,Pathfinder,2,3,548,14
6-10-2019,2.39,Mad Maggie,11,0,2549,17
22-12-2021,17.35,Valkyrie,16,2,1294,20
12-2-2020,29.51,Mirage,12,8,2262,15
14-3-2021,28.05,Pathfinder,5,4,729,3
31-7-2022,26.03,Bloodhound,9,4,1099,10
4-5-2021,22.37,Bloodhound,6,7,1296,11
4-1-2020,8.28,Pathfinder,4,0,769,15
29-11-2022,8.67,Pathfinder,0,4,201,17
16-4-2019,29.49,Caustic,9,7,2336,20
11-8-2020,24.13,Mad Maggie,9,2,1399,18
8-10-2021,24.9,Mad Maggie,4,13,2060,17
3-12-2022,5.34,Bangalore,7,0,502,19
1-11-2020,9.41,Wraith,5,14,1292,14
19-2-2020,3.9,Bangalore,0,18,930,3
19-2-2019,22.14,Rampart,8,2,1635,9
3-7-2021,17.02,Revenant,4,12,3022,3
17-10-2022,25.08,Mirage,19,2,1861,3
18-10-2022,19.32,Bloodhound,11,6,2826,4
11-3-2019,29.34,Mad Maggie,3,10,1188,20
26-6-2021,10.44,Valkyrie,1,10,1943,16
7-12-2020,12.81,Pathfinder,9,4,1526,10
20-11-2019,0.74,Lifeline,1,2,240,9
21-3-2021,21.2,Fuse,4,3,968,18
20-11-2021,22.5,Wraith,11,7,2513,1
14-2-2020,19.61,Revenant,4,1,790,13
31-7-2020,14.38,Valkyrie,14,11,4872,15
21-8-2020,16.32,Bloodhound,6,6,1615,2
27-12-2019,13.8,Valkyrie,2,1,154,13
1-8-2022,13.91,Mad Maggie,14,5,4144,1
8-6-2022,26.79,Mirage,2,2,639,4
16-3-2021,5.0,Rampart,17,11,6060,13
24-4-2020,26.03,Lifeline,10,2,1167,11
25-12-2021,11.47,Wraith,5,5,1411,17
16-3-2020,17.38,Bloodhound,14,7,4639,6
28-10-2019,8.76,Octane,3,15,2048,7
14-10-2021,13.46,Crypto,3,1,516,1
17-11-2020,2.85,Mirage,6,7,1127,17
2-2-2022,27.54,Pathfinder,8,10,2724,9
27-2-2022,28.28,Valkyrie,11,9,3771,17
22-12-2020,13.18,Fuse,5,10,2915,13
27-7-2022,6.73,Mirage,6,11,3124,14
22-7-2021,25.19,Octane,4,3,1219,17
19-3-2022,10.64,Horizon,9,9,2652,5
6-12-2020,24.24,Wattson,2,7,1454,8
24-5-2021,8.83,Wattson,7,1,634,3
19-11-2020,23.52,Ash,7,8,1801,20
16-7-2022,2.77,Bangalore,4,3,804,17
22-5-2021,5.67,Octane,1,6,536,12
17-11-2019,3.04,Bloodhound,2,0,309,12
12-11-2020,1.61,Wraith,0,0,0,4
23-11-2019,1.36,Crypto,13,5,1194,3
14-1-2022,4.47,Caustic,0,0,0,1
24-5-2020,28.0,Revenant,16,4,1822,11
18-11-2021,17.21,Caustic,2,9,1552,1
9-3-2020,12.96,Valkyrie,2,1,632,16
4-8-2021,13.3,Bloodhound,7,1,825,2
20-3-2022,7.65,Wraith,5,9,1472,8
31-3-2022,13.73,Mirage,3,2,867,6
26-8-2020,28.36,Ash,2,6,1168,14
9-9-2020,28.2,Horizon,6,11,1940,6
4-10-2022,13.22,Mad Maggie,1,11,1362,7
12-8-2022,9.39,Bloodhound,4,4,872,12
2-10-2022,24.72,Pathfinder,2,3,577,8
22-4-2021,24.43,Mad Maggie,3,9,2023,8
1-4-2021,11.77,Fuse,15,3,3024,1
10-11-2020,18.57,Mirage,3,7,667,9
5-11-2019,18.41,Pathfinder,1,6,907,10
8-6-2019,28.39,Octane,9,14,1261,13
16-1-2021,22.89,Crypto,8,7,3060,12
14-3-2020,11.53,Caustic,10,5,1863,18
17-1-2021,28.22,Lifeline,3,7,1216,2
28-2-2021,8.84,Mirage,13,5,2479,17
30-9-2019,5.88,Horizon,10,11,4009,20
10-3-2022,2.22,Wattson,0,1,155,2
10-10-2019,23.22,Bangalore,12,2,1250,1
20-9-2019,17.42,Bloodhound,1,2,205,17
4-7-2021,11.22,Pathfinder,4,4,1318,4
16-1-2022,23.07,Revenant,15,2,3716,5
18-12-2022,0.18,Bloodhound,2,0,422,10
31-7-2019,3.87,Valkyrie,3,16,2807,13
19-5-2022,2.09,Mirage,5,0,1115,6
12-2-2022,17.83,Crypto,1,15,1461,4
21-9-2021,21.5,Gibraltar,8,15,1839,7
7-9-2021,13.2,Crypto,8,1,726,12
29-12-2020,22.96,Crypto,3,6,776,14
28-4-2019,18.37,Bloodhound,7,1,991,5
11-8-2019,16.81,Fuse,9,2,2289,20
29-9-2022,0.96,Octane,2,13,1940,4
26-2-2019,29.92,Horizon,9,3,1938,4
10-2-2022,25.14,Valkyrie,2,4,788,9
21-9-2022,18.55,Ash,1,1,220,18
24-11-2021,21.25,Rampart,2,10,920,18
2-2-2021,0.98,Wattson,2,5,542,12
28-5-2020,16.86,Lifeline,1,3,289,13
21-1-2021,18.27,Caustic,1,1,165,10
1-11-2020,27.1,Mad Maggie,15,7,2370,8
11-12-2019,1.32,Mirage,1,5,809,10
13-9-2020,21.62,Revenant,3,8,2104,14
7-5-2022,5.44,Valkyrie,2,2,390,20
11-7-2020,20.19,Ash,8,5,1812,3
9-9-2022,14.89,Revenant,3,7,848,9
3-12-2019,24.59,Mad Maggie,4,10,2099,19
23-2-2019,23.98,Pathfinder,3,5,1576,18
7-7-2019,9.44,Mirage,11,1,1453,4
3-5-2020,3.33,Ash,1,4,519,14
27-7-2019,9.64,Valkyrie,0,9,1374,19
15-12-2019,15.96,Fuse,8,2,927,2
2-12-2019,18.75,Octane,1,8,862,16
23-4-2021,11.97,Bloodhound,3,14,999,19
27-9-2021,19.96,Bloodhound,18,2,1191,9
31-10-2019,1.29,Rampart,0,15,2471,20
17-5-2019,6.75,Mad Maggie,2,13,1949,13
3-11-2021,22.13,Wraith,14,18,3223,10
9-7-2019,6.33,Gibraltar,15,0,2445,17
29-12-2022,9.42,Horizon,3,13,1411,17
11-11-2019,11.03,Crypto,1,1,268,7
6-1-2022,25.33,Bangalore,5,6,2144,1
19-9-2019,18.51,Gibraltar,14,5,3636,4
11-3-2020,20.94,Wattson,8,7,1104,20
26-11-2022,27.75,Fuse,9,11,3483,12
16-6-2019,20.27,Wraith,2,10,638,12
22-9-2021,25.61,Revenant,3,9,1142,3
3-2-2020,4.39,Horizon,1,2,188,14
26-5-2021,23.7,Caustic,17,4,3189,9
3-8-2019,25.64,Octane,6,10,2989,5
6-11-2022,19.21,Rampart,5,2,769,20
5-9-2020,1.98,Ash,2,5,1140,14
30-5-2019,8.3,Revenant,15,3,2389,3
14-1-2022,14.34,Fuse,8,1,789,13
30-9-2019,9.13,Bloodhound,3,11,1685,18
26-3-2022,15.12,Mirage,14,5,1678,8
1-7-2022,24.72,Caustic,3,8,838,6
5-5-2020,6.24,Horizon,7,0,1237,4
19-6-2020,16.35,Revenant,10,5,2684,5
15-7-2019,6.43,Wattson,11,4,1348,4
16-11-2020,3.76,Mad Maggie,10,1,1926,4
24-8-2022,28.37,Pathfinder,9,14,3633,18
13-8-2019,12.2,Lifeline,8,3,694,20
29-7-2020,21.99,Fuse,14,7,1578,17
24-5-2019,22.27,Revenant,11,6,3598,9
13-8-2021,13.25,Pathfinder,7,8,2294,9
6-9-2019,25.58,Wattson,2,6,893,1
18-9-2021,20.32,Revenant,6,13,2495,15
29-5-2020,9.21,Octane,10,1,2033,5
19-9-2020,20.71,Pathfinder,5,5,1487,20
26-6-2020,23.27,Octane,2,4,339,19
31-8-2019,25.13,Caustic,5,2,638,18
30-11-2020,20.95,Octane,2,7,1673,5
19-3-2020,20.75,Revenant,9,2,854,17
13-7-2021,2.93,Valkyrie,10,7,3328,12
5-11-2020,18.29,Caustic,6,9,1889,11
12-2-2019,19.92,Revenant,10,6,1388,9
1-3-2022,14.41,Rampart,2,10,945,13
31-12-2022,10.01,Wraith,4,4,1370,14
26-12-2021,28.22,Bloodhound,10,8,1352,4
31-12-2019,14.13,Pathfinder,12,5,3145,12
7-1-2021,17.76,Lifeline,4,5,1242,15
17-2-2020,20.31,Bangalore,6,12,2636,14
26-10-2020,23.47,Mad Maggie,4,12,1854,11
10-4-2022,15.07,Wattson,14,1,2830,14
16-7-2022,14.28,Lifeline,1,2,580,15
21-4-2019,22.32,Lifeline,6,12,1231,5
19-4-2019,5.77,Pathfinder,2,0,471,16
24-10-2022,12.89,Wraith,10,13,4586,11
22-12-2022,29.67,Fuse,3,14,1974,13
28-10-2020,27.23,Fuse,12,11,4755,14
12-10-2019,2.39,Mirage,5,9,932,19
16-3-2022,11.73,Octane,5,1,827,1
14-6-2020,3.08,Pathfinder,8,2,1798,14
29-11-2019,11.72,Rampart,6,9,2141,14
21-8-2022,17.89,Wraith,3,2,763,9
4-10-2020,5.03,Wraith,1,1,247,1
18-1-2020,17.93,Gibraltar,16,1,3105,9
10-12-2019,29.1,Horizon,3,4,852,18
16-10-2019,15.41,Valkyrie,1,1,405,19
31-12-2020,7.85,Pathfinder,15,2,1285,20
8-1-2020,0.2,Mad Maggie,18,4,2971,6
16-4-2019,8.3,Mirage,9,3,925,20
1-10-2019,23.22,Octane,7,8,2803,1
11-3-2022,26.53,Revenant,2,2,357,10
7-12-2020,27.08,Horizon,15,4,2535,20
25-4-2019,17.77,Mirage,9,9,2482,8
28-9-2021,11.83,Caustic,2,7,1758,5
28-11-2022,22.02,Ash,6,14,1902,4
2-3-2020,26.96,Bloodhound,3,12,2803,16
19-7-2020,2.19,Mad Maggie,1,10,1544,14
2-9-2019,17.61,Rampart,4,2,798,18
20-8-2020,17.84,Wattson,2,5,1334,2
26-9-2020,25.58,Fuse,2,6,1350,11
12-11-2022,11.86,Gibraltar,7,6,1941,12
12-6-2022,22.88,Lifeline,2,2,726,1
9-3-2022,8.81,Wattson,6,8,2611,10
10-8-2022,10.72,Horizon,18,12,3993,10
18-2-2022,25.13,Valkyrie,6,2,1505,2
6-2-2021,16.15,Revenant,4,4,786,5
7-12-2019,5.87,Rampart,5,0,808,7
30-12-2019,23.25,Crypto,6,4,1857,8
15-3-2021,4.99,Lifeline,11,0,2076,9
8-1-2020,15.17,Bloodhound,14,1,1015,3
18-8-2022,7.29,Octane,6,5,2188,3
2-10-2022,3.11,Mirage,2,4,916,20
10-2-2019,6.1,Wattson,3,1,276,13
5-12-2022,24.94,Mirage,4,3,504,12
19-9-2020,28.57,Wattson,10,15,2753,20
24-4-2022,23.66,Mirage,6,8,2442,7
12-12-2022,12.11,Caustic,7,3,1429,19
12-7-2019,20.84,Wattson,21,7,3157,3
11-2-2019,28.58,Rampart,7,3,978,18
24-5-2019,9.39,Bangalore,0,0,0,20
9-4-2021,27.08,Horizon,6,10,2004,20
3-2-2020,19.59,Rampart,4,1,687,16
21-11-2021,19.52,Gibraltar,1,17,1753,9
22-5-2021,10.97,Crypto,7,1,966,19
7-1-2020,6.28,Valkyrie,1,2,353,8
17-5-2019,6.5,Pathfinder,10,1,703,15
9-1-2020,17.36,Revenant,1,10,1396,7
31-3-2022,13.22,Mad Maggie,20,13,5705,19
16-9-2022,15.54,Pathfinder,12,19,5109,18
8-12-2019,12.95,Valkyrie,11,6,2568,20
29-3-2019,28.42,Horizon,6,11,1375,14
29-8-2020,0.39,Crypto,0,0,0,16
20-3-2021,23.81,Crypto,10,9,2892,15
8-7-2019,14.96,Lifeline,5,6,1286,14
2-3-2020,2.96,Horizon,16,4,1527,1
29-11-2022,23.02,Valkyrie,3,8,1381,1
27-9-2021,22.0,Octane,3,13,776,3
26-8-2020,23.89,Horizon,2,2,791,17
5-5-2020,4.37,Bangalore,13,1,1802,14
16-6-2019,25.3,Octane,4,11,2194,14
20-11-2021,4.51,Wraith,1,6,378,16
11-2-2019,12.39,Caustic,15,9,3391,5
29-6-2022,23.69,Rampart,8,14,3464,13
2-5-2019,20.04,Caustic,17,13,1784,9
14-8-2020,23.77,Bangalore,13,14,5363,12
17-3-2022,29.49,Mad Maggie,5,2,454,9
26-3-2022,14.71,Gibraltar,4,2,526,18
2-4-2022,24.8,Mad Maggie,2,5,403,8
23-10-2022,10.88,Valkyrie,10,8,3059,6
8-7-2021,15.93,Gibraltar,2,3,694,10
19-4-2019,21.93,Bangalore,2,2,318,16
12-12-2020,17.15,Gibraltar,2,9,1961,13
26-2-2020,8.73,Ash,0,10,1827,20
22-4-2022,7.67,Caustic,11,17,1485,8
19-8-2021,0.83,Fuse,8,1,884,6
27-1-2020,0.32,Octane,7,3,1345,16
1-10-2021,26.08,Crypto,4,19,2859,14
26-3-2019,6.5,Lifeline,6,11,2400,15
2-8-2020,2.23,Rampart,7,0,800,6
8-8-2019,6.71,Mad Maggie,13,17,2964,14
15-9-2022,21.43,Revenant,6,9,1199,1
31-7-2020,5.74,Gibraltar,5,13,1821,19
12-3-2022,9.7,Ash,0,0,0,5
16-5-2021,13.64,Bloodhound,8,15,3045,20
16-6-2022,12.38,Octane,5,11,2516,15
13-4-2020,10.16,Pathfinder,8,11,2579,2
25-6-2022,7.37,Horizon,12,11,3508,13
24-10-2021,11.6,Horizon,3,4,1143,4
13-7-2021,19.02,Mirage,1,2,624,16
19-8-2020,15.31,Lifeline,9,1,1111,2
19-12-2022,9.81,Bangalore,6,0,573,17
1-3-2020,21.28,Ash,6,6,2001,13
5-1-2020,2.39,Horizon,8,3,1745,4
19-7-2022,3.09,Valkyrie,5,3,1283,3
5-2-2022,17.62,Rampart,11,4,2869,3
22-9-2022,2.83,Fuse,11,0,1761,8
9-8-2022,9.7,Crypto,0,10,587,19
19-9-2020,5.26,Wattson,0,1,119,17
25-5-2019,20.2,Ash,9,14,1619,8
9-7-2022,11.2,Ash,3,6,650,18
5-10-2021,28.73,Rampart,2,13,2545,10
12-5-2019,27.95,Mad Maggie,2,2,598,5
3-1-2021,13.68,Crypto,7,4,945,17
19-12-2019,19.52,Pathfinder,14,4,1081,18
12-5-2021,0.89,Horizon,1,1,231,16
13-8-2021,11.88,Bloodhound,7,13,2681,3
25-4-2021,20.18,Gibraltar,7,9,1180,18
23-6-2021,25.75,Ash,13,12,3945,18
8-1-2021,28.13,Bloodhound,4,11,3040,15
16-2-2019,3.5,Octane,4,1,1157,9
20-8-2022,23.22,Pathfinder,4,17,2676,11
24-7-2021,15.99,Ash,19,4,4891,12
24-11-2019,6.1,Lifeline,2,2,554,13
1-2-2022,5.62,Gibraltar,1,0,160,18
20-1-2022,27.25,Wraith,2,11,965,7
1-5-2019,4.86,Wraith,17,7,2961,4
14-7-2022,22.89,Ash,9,4,1104,18
8-5-2022,16.18,Wraith,1,6,949,8
5-2-2020,11.08,Wraith,4,11,1862,16
31-3-2022,9.07,Lifeline,17,9,2256,4
29-7-2021,2.95,Mad Maggie,2,5,1183,11
9-5-2022,1.69,Pathfinder,8,6,2770,20
9-6-2022,8.53,Rampart,7,0,1150,20
20-1-2020,26.46,Crypto,6,13,1408,5
16-11-2019,0.29,Wattson,6,1,1481,18
6-8-2019,23.61,Wraith,7,11,1994,3
25-4-2022,27.93,Ash,10,17,3653,9
9-3-2021,23.87,Lifeline,13,2,2590,18
20-8-2021,12.87,Wattson,1,2,226,16
6-7-2019,14.31,Lifeline,3,2,544,6
24-1-2021,28.85,Wraith,4,2,1227,20
13-8-2022,9.45,Fuse,3,12,2515,4
9-7-2020,2.41,Rampart,0,15,765,14
26-2-2021,6.62,Wattson,18,9,3194,7
28-5-2019,15.95,Caustic,17,1,3188,7
10-2-2021,13.5,Horizon,5,1,1063,1
25-4-2020,29.4,Crypto,20,8,4866,9
26-12-2021,17.83,Valkyrie,10,1,1857,1
12-12-2021,6.74,Caustic,4,0,335,12
22-7-2020,23.49,Horizon,20,6,2747,9
3-4-2019,16.98,Octane,1,4,806,17
5-11-2019,6.47,Bloodhound,12,3,1205,11
14-12-2022,10.79,Fuse,10,4,1347,18
20-10-2022,29.45,Revenant,2,8,1809,19
22-2-2020,12.53,Revenant,5,16,2314,11
9-12-2022,26.68,Bloodhound,20,5,3288,4
28-10-2022,27.0,Mad Maggie,17,2,4266,15
6-7-2021,1.24,Revenant,10,1,780,16
9-12-2019,0.86,Wattson,6,8,1376,9
16-8-2020,13.64,Rampart,7,6,1944,12
23-8-2021,8.02,Bloodhound,2,5,927,7
15-12-2022,0.79,Gibraltar,11,9,2322,19
2-6-2020,8.56,Octane,7,3,1576,3
8-12-2019,28.54,Crypto,13,8,2489,4
5-8-2019,28.88,Crypto,10,2,1042,2
11-8-2019,28.89,Ash,20,6,1845,2
21-12-2019,1.83,Octane,4,1,540,9
16-7-2022,29.1,Octane,7,10,1536,15
8-11-2019,9.64,Gibraltar,0,0,0,16
15-12-2021,23.99,Lifeline,14,4,1992,6
6-11-2021,22.55,Caustic,3,5,1125,19
9-7-2020,28.89,Horizon,2,3,816,20
7-9-2021,26.0,Rampart,5,5,1646,12
12-6-2022,14.53,Lifeline,1,1,243,11
4-6-2022,0.92,Crypto,3,6,1262,6
17-11-2021,19.79,Horizon,9,16,3577,12
13-4-2021,3.34,Octane,3,1,601,14
5-8-2020,2.02,Revenant,7,0,1136,16
6-3-2022,7.7,Valkyrie,8,7,1838,4
8-6-2020,19.94,Revenant,2,13,1263,10
14-11-2020,14.34,Caustic,16,8,3904,5
2-4-2021,28.71,Mirage,6,4,1757,15
7-4-2022,9.53,Fuse,11,4,2173,3
6-4-2021,25.76,Crypto,2,8,1778,15
6-2-2020,7.5,Rampart,0,2,108,4
2-12-2022,6.73,Crypto,6,7,2583,1
6-8-2019,2.68,Gibraltar,7,0,1227,10
3-9-2020,22.24,Caustic,2,3,920,15
18-3-2020,12.46,Bloodhound,9,2,2075,11
21-1-2021,14.74,Lifeline,9,8,2103,9
19-12-2021,2.45,Gibraltar,0,14,2303,13
2-3-2019,1.09,Fuse,13,14,2849,14
11-7-2019,17.55,Revenant,8,1,1943,8
28-1-2021,20.77,Revenant,11,11,3725,12
18-8-2021,20.28,Pathfinder,9,8,1621,13
5-4-2020,23.77,Mad Maggie,2,10,2225,6
16-11-2019,5.9,Crypto,1,10,584,5
10-2-2021,7.48,Fuse,6,4,1392,11
12-2-2021,5.63,Bangalore,2,13,1672,11
22-6-2021,28.22,Pathfinder,11,2,1318,19
8-6-2021,16.28,Bloodhound,1,4,595,15
1-12-2019,18.61,Caustic,13,1,1861,1
17-12-2019,27.21,Revenant,8,8,2360,1
3-3-2021,11.87,Valkyrie,7,1,1070,17
10-12-2020,6.36,Valkyrie,9,15,3087,1
7-7-2019,6.99,Fuse,0,2,137,17
9-12-2021,12.84,Wraith,1,1,293,19
23-10-2019,9.22,Valkyrie,7,9,2824,4
25-3-2020,7.94,Valkyrie,5,2,776,20
6-8-2020,2.56,Wraith,16,1,1496,11
30-7-2020,28.56,Caustic,9,13,4671,19
22-8-2022,14.96,Fuse,5,2,650,18
23-4-2020,14.39,Pathfinder,3,7,1960,18
18-4-2020,12.03,Gibraltar,1,5,603,19
27-2-2020,20.45,Wraith,9,3,948,15
12-1-2022,24.88,Octane,3,2,409,11
30-11-2021,29.05,Wattson,8,7,2267,6
14-3-2022,23.95,Bangalore,6,8,2753,18
8-11-2019,28.49,Octane,12,9,2244,12
23-1-2020,23.99,Gibraltar,4,9,1727,16
29-12-2021,13.29,Mirage,5,3,1023,9
31-3-2021,2.41,Mirage,5,2,1207,15
29-6-2020,18.53,Lifeline,5,18,4606,14
28-3-2019,7.02,Caustic,7,1,811,6
8-12-2021,14.75,Mad Maggie,2,3,702,11
27-4-2019,7.94,Mad Maggie,6,8,2328,7
21-8-2019,7.73,Fuse,3,2,427,10
21-10-2020,18.01,Rampart,4,12,2134,13
24-11-2022,26.24,Wraith,6,4,1801,5
18-4-2021,25.66,Crypto,7,14,1495,2
5-11-2022,11.19,Ash,1,6,731,9
5-5-2022,15.34,Pathfinder,8,1,1887,18
12-3-2019,29.8,Revenant,10,5,2851,20
14-2-2019,13.32,Pathfinder,13,2,2781,13
28-7-2021,20.7,Revenant,10,2,2295,20
8-2-2020,0.13,Ash,6,6,1208,2
19-7-2021,14.39,Lifeline,1,5,504,12
27-11-2021,16.88,Lifeline,13,9,2750,7
18-11-2022,3.24,Bangalore,0,7,876,2
29-1-2020,7.83,Wraith,12,13,2425,5
27-6-2022,13.96,Gibraltar,10,3,1108,13
9-12-2019,3.98,Wattson,4,3,852,3
1-2-2022,12.68,Mad Maggie,1,7,953,16
2-12-2021,19.11,Mad Maggie,16,15,5857,10
19-11-2020,24.99,Mirage,4,15,2344,20
3-10-2021,2.43,Horizon,1,0,229,18
11-6-2021,13.92,Fuse,5,8,1135,15
15-5-2021,17.7,Pathfinder,3,9,843,7
7-10-2020,7.96,Caustic,0,3,405,17
16-2-2020,27.5,Valkyrie,12,2,1614,12
29-7-2020,3.53,Mirage,8,0,1147,13
20-4-2022,17.91,Bangalore,7,3,1532,1
22-10-2020,22.2,Bangalore,8,3,2303,2
1-12-2022,22.93,Pathfinder,4,8,1019,14
14-12-2019,23.92,Horizon,13,7,2719,10
12-10-2022,28.91,Caustic,3,6,834,8
5-10-2021,2.26,Horizon,11,0,1847,8
16-3-2022,7.44,Wraith,5,1,528,14
17-10-2021,25.3,Valkyrie,2,12,2357,19
21-9-2019,13.04,Bangalore,6,6,1599,15
14-10-2021,16.56,Gibraltar,3,2,914,14
12-4-2021,13.3,Crypto,1,1,282,19
2-4-2019,13.91,Gibraltar,10,6,2210,2
29-10-2021,5.98,Mirage,4,3,1014,6
27-10-2019,20.3,Horizon,14,11,2528,3
31-1-2022,22.22,Valkyrie,9,9,2361,1
24-1-2022,20.66,Wattson,4,9,934,11
15-8-2019,15.68,Mirage,6,1,709,17
4-10-2020,1.73,Fuse,14,15,3450,14
8-3-2022,20.93,Gibraltar,3,12,2972,19
15-7-2021,17.8,Mirage,8,5,1286,13
30-12-2022,4.84,Mirage,9,12,1230,20
24-3-2022,14.42,Mad Maggie,3,3,1110,7
30-12-2020,7.21,Bangalore,8,3,701,4
1-5-2022,5.5,Octane,3,6,940,12
13-1-2020,26.23,Wattson,4,6,1302,11
1-7-2020,3.07,Lifeline,3,16,2356,14
23-12-2019,10.67,Horizon,6,2,858,11
31-12-2022,3.06,Fuse,0,6,536,9
8-9-2021,29.07,Horizon,5,3,853,4
2-7-2022,19.16,Octane,11,9,3175,6
28-5-2019,22.39,Bloodhound,19,13,6119,13
3-5-2022,4.48,Wraith,11,3,1182,14
29-10-2022,29.58,Octane,3,4,782,17
4-4-2021,18.77,Crypto,9,4,1785,8
15-2-2021,27.19,Ash,12,3,1058,8
19-8-2019,24.33,Gibraltar,12,2,1026,3
23-3-2019,0.96,Pathfinder,5,0,321,5
11-10-2022,16.5,Wraith,10,1,758,7
3-8-2022,23.21,Ash,8,10,1232,7
13-7-2021,15.75,Caustic,8,2,936,17
10-2-2019,3.01,Caustic,5,1,578,12
27-9-2021,22.68,Lifeline,4,5,1738,14
18-8-2022,27.65,Mirage,6,3,1467,5
5-12-2020,0.35,Pathfinder,0,1,132,12
31-3-2021,1.07,Gibraltar,4,1,804,7
5-8-2021,15.58,Pathfinder,9,13,3484,15
17-10-2021,28.03,Pathfinder,7,4,1120,7
15-12-2020,9.83,Lifeline,3,3,1258,14
25-5-2020,27.75,Crypto,2,3,713,11
26-11-2022,11.61,Crypto,5,4,1445,12
24-8-2020,11.89,Fuse,2,3,442,2
14-1-2021,4.26,Pathfinder,2,2,604,11
8-12-2019,2.22,Bangalore,7,0,583,2
28-12-2019,16.79,Wraith,13,2,3316,20
31-8-2022,20.91,Mirage,4,8,875,8
10-7-2021,27.81,Bangalore,6,11,2476,15
9-6-2022,20.03,Wraith,8,5,982,11
14-3-2022,3.67,Gibraltar,5,2,1034,12
18-6-2022,2.0,Rampart,5,7,2392,2
8-11-2019,28.44,Mad Maggie,2,4,561,11
13-3-2020,11.61,Pathfinder,8,3,715,18
19-3-2020,26.15,Mirage,2,4,379,2
6-1-2020,1.93,Horizon,0,0,0,4
23-4-2022,28.45,Pathfinder,14,5,1436,8
22-12-2021,8.1,Crypto,13,0,2905,14
3-1-2020,17.51,Caustic,9,12,1664,12
11-3-2020,7.55,Ash,1,9,980,6
22-10-2019,0.19,Horizon,5,3,618,5
15-12-2022,6.81,Mad Maggie,5,1,1055,17
10-7-2019,22.88,Octane,7,8,2761,17
24-11-2022,25.36,Lifeline,2,5,479,3
20-4-2022,1.3,Ash,7,15,1931,8
16-3-2022,3.09,Gibraltar,15,6,4730,14
8-9-2020,14.49,Bangalore,16,1,1545,17
16-5-2019,5.49,Mirage,11,7,3907,10
1-7-2020,26.47,Lifeline,15,4,3595,9
4-8-2021,20.68,Mad Maggie,9,3,1425,3
18-1-2022,11.56,Gibraltar,7,1,880,11
5-10-2021,14.73,Lifeline,2,5,486,16
7-11-2020,11.85,Caustic,11,5,2921,15
6-9-2022,10.22,Octane,5,4,1550,10
6-6-2021,1.21,Pathfinder,12,3,2018,10
8-3-2021,26.06,Wattson,5,6,1714,9
30-9-2022,29.22,Valkyrie,7,8,3074,11
11-9-2021,10.13,Ash,5,4,986,10
21-11-2019,24.92,Gibraltar,3,5,1278,8
27-7-2021,5.42,Revenant,1,0,93,13
20-7-2019,11.27,Mad Maggie,2,13,1257,18
27-11-2022,9.88,Gibraltar,10,1,1585,9
27-3-2020,25.84,Pathfinder,5,12,2971,15
19-2-2022,0.02,Valkyrie,3,5,759,3
14-3-2021,17.87,Revenant,14,6,2113,9
27-5-2019,4.71,Horizon,0,17,1821,9
14-6-2019,17.31,Lifeline,4,13,1047,10
9-2-2022,9.83,Mad Maggie,4,8,2062,12
3-3-2020,24.9,Lifeline,2,7,1272,13
13-12-2020,6.19,Ash,8,4,1703,7
30-7-2019,9.86,Fuse,1,7,1246,15
12-11-2019,19.69,Fuse,5,7,1100,7
8-1-2021,13.13,Rampart,1,1,205,8
24-1-2021,23.24,Pathfinder,3,7,549,5
13-4-2021,11.65,Rampart,5,1,1069,16
6-5-2019,11.14,Fuse,14,3,1438,3
30-1-2021,29.32,Rampart,3,6,822,14
14-11-2021,0.13,Revenant,4,5,1824,19
9-10-2022,22.01,Ash,12,6,1787,18
19-4-2020,14.82,Wraith,2,2,741,5
4-4-2022,2.82,Horizon,0,1,84,3
17-11-2021,20.33,Mirage,8,3,2503,14
11-8-2020,9.43,Ash,0,2,151,8
4-1-2020,22.83,Rampart,4,3,1346,5
2-11-2022,4.12,Mirage,5,0,386,5
28-8-2020,8.32,Revenant,13,3,1093,10
24-9-2020,19.51,Bloodhound,2,2,415,18
11-5-2020,0.56,Horizon,0,0,0,3
16-5-2019,23.8,Fuse,2,9,2006,16
1-5-2021,27.73,Mad Maggie,4,10,2601,9
26-3-2019,17.2,Gibraltar,2,3,969,2
8-11-2020,12.81,Wraith,7,2,1496,2
24-1-2020,19.97,Valkyrie,13,8,1929,20
29-6-2021,14.45,Wattson,12,1,2985,15
9-1-2021,14.99,Mad Maggie,3,5,697,20
8-10-2020,7.84,Mirage,0,0,0,17
28-5-2020,0.27,Lifeline,3,15,1681,1
13-9-2019,12.84,Lifeline,2,4,899,7
24-4-2019,20.95,Horizon,17,14,4476,9
16-3-2021,3.42,Fuse,6,2,1244,14
1-3-2019,25.98,Gibraltar,2,3,717,12
19-10-2021,22.86,Horizon,9,8,3626,12
26-3-2022,15.49,Lifeline,5,4,1869,13
23-9-2020,5.0,Crypto,0,0,0,17
16-2-2021,6.89,Pathfinder,0,3,523,16
8-6-2020,2.3,Rampart,13,4,1015,14
25-7-2022,29.3,Valkyrie,6,3,1480,17
10-4-2019,3.81,Caustic,7,4,2436,17
3-7-2021,22.42,Bloodhound,12,8,1663,13
28-11-2022,25.05,Pathfinder,2,7,793,10
3-10-2019,27.61,Octane,2,4,882,7
27-3-2021,4.72,Mirage,2,1,246,18
27-12-2022,2.83,Fuse,2,11,1637,16
15-8-2021,10.5,Octane,3,3,871,17
28-2-2022,1.75,Octane,10,3,1596,16
26-2-2021,22.11,Horizon,2,14,822,15
15-11-2020,28.59,Pathfinder,6,3,1939,1
21-4-2022,28.31,Crypto,20,2,2385,1
26-6-2019,3.24,Mad Maggie,7,0,1272,12
22-5-2020,19.65,Rampart,15,1,2790,19
4-12-2019,7.46,Caustic,4,6,1938,20
18-5-2022,25.71,Caustic,3,2,1122,11
12-8-2021,18.88,Revenant,5,5,1826,12
28-5-2020,29.45,Wattson,7,7,1839,7
4-10-2021,6.44,Gibraltar,6,0,937,12
3-8-2022,16.3,Lifeline,5,11,935,16
30-9-2019,27.78,Wattson,3,4,1099,1
29-4-2020,22.94,Gibraltar,3,2,1064,5
28-7-2019,0.99,Rampart,5,1,380,18
14-5-2019,16.18,Mirage,2,1,560,9
4-5-2020,8.9,Wattson,11,5,1609,19
8-1-2020,6.25,Pathfinder,8,1,973,1
1-10-2019,3.04,Bangalore,9,8,2171,7
21-5-2019,5.2,Bloodhound,0,6,722,13
30-10-2020,29.57,Fuse,9,5,2630,10
29-12-2020,15.63,Mad Maggie,8,14,3899,13
1-9-2020,8.75,Rampart,9,17,4852,15
1-2-2022,9.71,Mad Maggie,7,2,1050,16
19-1-2022,28.54,Wraith,6,11,1190,7
16-1-2021,15.53,Mirage,4,3,599,2
7-6-2019,20.15,Rampart,10,2,950,1
8-7-2021,28.07,Lifeline,2,4,1015,4
28-2-2019,7.29,Lifeline,3,2,485,19
11-5-2020,21.94,Pathfinder,2,2,625,7
9-12-2022,15.47,Octane,13,12,3774,3
10-7-2019,0.17,Mad Maggie,10,11,1861,8
23-5-2019,25.7,Fuse,5,6,2381,11
12-3-2022,20.75,Bloodhound,9,15,4839,2
3-5-2021,12.51,Valkyrie,4,1,319,1
22-8-2020,24.9,Lifeline,18,15,2695,14
11-11-2020,25.07,Ash,2,4,817,10
6-9-2022,8.12,Mad Maggie,7,6,2048,11
24-3-2021,1.95,Fuse,1,9,1195,19
21-12-2021,6.75,Rampart,7,11,3510,14
3-4-2019,4.82,Lifeline,7,0,1685,19
4-6-2019,2.75,Wattson,8,3,1969,1
6-11-2019,27.25,Caustic,3,4,486,6
11-5-2022,23.63,Valkyrie,4,10,2652,3
28-10-2022,10.52,Caustic,15,3,2597,15
14-1-2020,8.32,Revenant,3,5,1632,8
4-12-2019,27.02,Ash,9,14,4243,17
19-7-2020,17.28,Gibraltar,6,3,1812,4
1-5-2022,22.47,Mad Maggie,3,8,1247,17
6-5-2022,3.01,Fuse,8,12,2577,14
28-5-2022,8.08,Octane,5,3,1696,12
24-9-2020,6.62,Valkyrie,16,4,3575,1
13-11-2021,24.39,Octane,9,15,4034,12
21-7-2022,22.37,Octane,2,3,567,17
30-3-2020,2.98,Bangalore,1,5,623,18
20-10-2022,7.7,Horizon,13,9,3443,3
18-2-2022,8.18,Caustic,5,3,1401,7
28-6-2021,1.67,Mad Maggie,12,0,946,16
3-9-2019,23.55,Crypto,7,15,4303,19
18-12-2020,27.93,Octane,5,3,1394,19
23-3-2022,23.87,Ash,11,12,2440,15
20-9-2022,9.2,Revenant,1,3,280,5
26-9-2022,28.61,Mad Maggie,2,5,464,1
8-8-2022,5.05,Bangalore,6,9,1843,10
25-5-2020,14.93,Wattson,5,3,596,8
18-9-2020,21.46,Crypto,2,12,2076,9
17-2-2019,1.72,Mad Maggie,1,0,91,1
4-1-2020,22.01,Revenant,8,12,2183,6
1-7-2019,1.92,Pathfinder,0,7,758,14
13-3-2020,20.34,Mad Maggie,9,19,5550,10
3-12-2019,8.61,Mirage,2,1,495,16
29-7-2020,25.98,Octane,4,3,1052,5
14-4-2019,3.1,Bangalore,4,0,922,10
17-1-2022,15.55,Rampart,3,15,2066,11
11-1-2021,22.22,Ash,2,2,753,1
5-5-2020,21.53,Revenant,13,2,924,1
6-9-2021,16.58,Caustic,15,1,3000,3
13-6-2019,13.75,Lifeline,14,4,1117,9
11-10-2022,23.97,Revenant,11,2,2959,15
24-5-2020,1.77,Mirage,3,0,672,17
10-6-2021,10.52,Lifeline,11,3,1175,5
13-10-2020,6.71,Crypto,4,0,380,3
17-6-2020,21.72,Fuse,14,8,2806,12
12-10-2021,28.33,Mirage,15,10,4127,13
2-7-2022,22.35,Wraith,13,4,1748,18
19-7-2022,19.7,Valkyrie,9,1,1755,2
24-6-2019,11.67,Ash,3,3,339,11
16-1-2022,27.4,Octane,7,2,1528,17
15-4-2019,18.94,Bloodhound,9,2,837,3
9-5-2020,14.16,Fuse,1,1,319,9
22-6-2022,3.42,Fuse,11,4,1953,14
14-4-2021,22.39,Ash,3,4,602,15
2-6-2021,1.89,Bloodhound,3,3,398,7
17-11-2019,9.14,Wattson,5,12,1120,7
5-8-2022,14.98,Bangalore,7,2,1912,17
7-9-2019,23.29,Mirage,4,2,844,16
27-12-2022,23.15,Caustic,12,4,1723,10
18-10-2019,2.55,Rampart,9,0,1145,8
17-1-2021,10.2,Gibraltar,9,1,1531,3
28-5-2020,9.25,Wattson,1,2,408,20
27-4-2020,20.55,Revenant,4,16,2470,17
6-8-2019,19.17,Fuse,1,10,2050,4
11-8-2022,18.25,Wraith,1,8,1542,18
17-3-2020,12.14,Rampart,10,4,2076,11
3-8-2021,10.0,Ash,1,1,129,18
23-3-2020,10.35,Bangalore,1,2,501,12
15-10-2021,3.81,Bangalore,1,3,745,5
23-11-2022,14.14,Valkyrie,1,2,351,2
10-9-2019,11.95,Valkyrie,4,10,1561,15
11-12-2020,20.1,Revenant,2,4,434,1
24-6-2021,29.95,Pathfinder,5,12,3064,10
24-6-2020,2.19,Octane,9,5,2752,5
18-8-2020,13.76,Crypto,7,13,4171,7
3-8-2021,13.97,Bangalore,8,1,1140,17
5-12-2019,4.39,Bangalore,13,4,1068,4
16-5-2021,21.61,Rampart,5,19,4004,15
18-11-2022,15.81,Wraith,15,16,2008,8
24-2-2022,11.19,Wraith,2,12,1779,13
14-10-2020,16.59,Bangalore,7,7,1149,18
19-5-2019,5.07,Mad Maggie,5,12,3119,13
1-5-2022,24.76,Pathfinder,12,9,4516,14
2-6-2022,6.63,Ash,3,0,316,5
4-10-2019,25.07,Fuse,8,8,900,19
28-4-2020,16.14,Bloodhound,4,5,623,4
28-10-2020,23.59,Wattson,15,3,2275,18
17-6-2022,21.02,Wattson,4,3,1136,16
22-4-2019,22.16,Valkyrie,2,3,274,11
26-2-2020,10.97,Fuse,14,3,1638,16
22-9-2022,9.47,Rampart,3,2,903,4
1-5-2020,13.72,Caustic,2,4,937,17
25-12-2022,5.77,Wattson,3,1,674,9
17-10-2022,18.38,Valkyrie,6,16,1876,20
22-12-2021,13.34,Valkyrie,12,8,2593,4
27-10-2022,1.81,Bangalore,1,6,649,18
20-12-2020,19.92,Horizon,11,6,1610,4
11-4-2021,2.88,Lifeline,0,7,1287,3
28-3-2021,12.5,Wraith,3,4,484,4
14-5-2021,28.29,Caustic,7,16,2996,8
29-11-2022,8.46,Bangalore,3,8,1176,2
18-5-2021,29.22,Rampart,6,6,2422,20
17-6-2021,15.52,Horizon,6,11,2679,16
21-3-2021,3.29,Lifeline,0,2,177,13
7-11-2021,1.3,Mirage,0,1,61,3
12-4-2022,28.02,Pathfinder,2,14,3161,3
23-8-2020,10.65,Fuse,1,2,631,2
27-2-2019,0.33,Revenant,1,7,1541,10
28-2-2020,26.13,Ash,7,3,1007,15
17-2-2020,28.02,Wattson,4,3,732,3
15-8-2019,14.04,Bloodhound,7,1,1576,2
14-11-2019,8.5,Wraith,1,2,484,19
7-2-2020,7.57,Octane,0,7,407,20
1-6-2022,19.83,Wraith,1,14,2094,1
1-2-2021,19.57,Bloodhound,6,13,1390,3
5-11-2020,18.46,Wraith,14,10,2930,13
2-3-2022,24.98,Gibraltar,7,6,1812,3
17-4-2021,0.16,Pathfinder,5,1,571,9
30-9-2021,17.87,Mad Maggie,3,3,484,12
22-5-2021,15.44,Mirage,1,1,252,1
18-9-2021,7.45,Valkyrie,8,4,725,1
18-8-2019,25.8,Mad Maggie,4,4,1374,5
27-10-2020,5.31,Horizon,2,5,516,18
12-2-2020,0.7,Revenant,11,1,1925,11
13-5-2022,28.45,Rampart,17,2,1465,19
26-8-2021,10.58,Pathfinder,6,11,2957,12
23-12-2020,4.37,Valkyrie,0,5,737,11
26-3-2022,13.58,Bloodhound,11,5,1652,8
3-4-2022,10.46,Revenant,3,13,3150,19
11-6-2019,26.21,Mirage,8,16,3479,9
12-1-2022,18.3,Wraith,20,1,3561,12
10-9-2020,13.54,Rampart,17,6,4087,9
20-4-2021,22.25,Mirage,6,8,2158,3
5-6-2021,21.16,Fuse,2,14,1278,1
11-3-2022,1.89,Ash,5,0,980,15
8-7-2021,12.74,Horizon,3,1,478,11
7-8-2020,13.89,Mirage,1,8,479,19
7-7-2021,9.43,Ash,2,0,363,14
23-5-2020,15.85,Bloodhound,13,13,3282,3
30-1-2022,7.65,Octane,2,8,1307,13
5-11-2022,26.43,Bangalore,6,10,1238,18
2-6-2021,1.41,Wraith,4,3,1179,18
27-9-2020,27.82,Rampart,4,2,802,13
31-7-2022,27.29,Fuse,12,7,2729,15
6-1-2020,3.19,Revenant,2,5,383,13
4-1-2022,5.88,Rampart,0,4,382,15
15-2-2019,20.92,Crypto,13,6,2867,19
5-7-2021,12.32,Wattson,9,5,1537,17
1-9-2020,6.69,Mirage,2,3,921,10
15-2-2022,6.77,Crypto,5,0,342,9
28-9-2021,12.27,Gibraltar,1,1,119,1
4-5-2022,7.17,Mirage,3,13,2983,7
9-6-2019,17.05,Octane,4,8,1327,6
29-7-2022,25.53,Rampart,5,7,731,12
19-11-2019,17.15,Wraith,9,14,4298,6
31-3-2021,25.98,Ash,5,5,1708,16
26-8-2022,22.83,Mirage,5,7,2227,16
23-4-2019,19.11,Gibraltar,2,5,909,4
4-2-2021,7.51,Bloodhound,3,5,629,11
27-8-2021,0.78,Pathfinder,4,1,646,16
8-2-2021,8.6,Gibraltar,0,12,2086,20
10-1-2021,21.84,Octane,7,13,1101,9
6-9-2022,14.01,Caustic,3,7,1127,18
11-10-2020,18.32,Mad Maggie,1,1,121,15
29-12-2021,6.72,Wattson,16,3,2583,20
20-11-2020,26.63,Wraith,2,4,890,4
29-5-2020,11.1,Mirage,4,15,3784,6
6-1-2021,12.17,Pathfinder,5,4,1927,2
5-12-2021,10.64,Crypto,17,3,1307,19
9-8-2021,8.19,Bloodhound,1,0,82,19
14-8-2020,3.67,Rampart,4,4,816,11
26-5-2022,17.8,Ash,2,1,261,2
29-8-2020,21.18,Bangalore,14,6,4268,20
14-9-2021,24.01,Ash,11,7,1157,11
2-8-2021,29.27,Wattson,9,6,2901,7
13-1-2020,2.38,Fuse,13,2,1949,16
16-5-2022,27.13,Crypto,3,8,2060,6
19-2-2021,9.53,Wattson,3,16,2683,20
4-1-2021,6.69,Mad Maggie,0,4,743,11
4-6-2022,7.5,Lifeline,0,0,0,16
10-12-2021,6.01,Valkyrie,2,14,1234,18
15-3-2019,6.9,Pathfinder,0,7,804,7
26-2-2021,21.5,Valkyrie,3,10,2146,6
3-4-2019,27.75,Revenant,2,11,1985,12
18-10-2021,29.68,Valkyrie,12,15,4685,6
5-7-2022,22.7,Pathfinder,11,10,1666,6
31-8-2022,12.09,Ash,8,9,2742,3
16-12-2020,25.63,Octane,4,3,764,12
23-11-2022,28.66,Bloodhound,2,4,1066,6
14-7-2020,25.48,Pathfinder,8,3,1131,9
14-11-2021,29.95,Crypto,2,2,591,3
16-6-2021,26.8,Revenant,4,7,2012,7
16-12-2019,19.43,Revenant,1,1,244,1
26-8-2019,19.03,Mirage,5,9,1465,15
17-1-2020,15.51,Mirage,14,10,2111,19
1-6-2021,12.28,Caustic,15,8,3126,3
9-6-2021,3.61,Lifeline,6,1,1358,16
1-5-2022,26.98,Rampart,2,3,688,14
21-7-2022,4.74,Octane,4,3,853,7
5-6-2021,18.62,Gibraltar,1,4,811,9
1-3-2021,16.06,Crypto,15,8,3909,13
16-3-2021,11.19,Rampart,6,1,1250,16
30-8-2020,6.92,Lifeline,8,2,920,8
26-1-2022,10.45,Horizon,12,4,1189,7
2-2-2020,15.26,Caustic,8,2,1837,6
11-1-2021,0.81,Caustic,17,3,3145,9
12-6-2021,20.32,Gibraltar,2,3,938,10
27-9-2019,19.53,Wattson,7,10,1284,17
6-12-2021,14.42,Mad Maggie,2,1,183,11
31-5-2022,23.14,Lifeline,4,19,2554,6
21-1-2021,10.75,Crypto,5,1,673,8
22-4-2022,15.8,Revenant,6,6,1223,11
23-6-2021,13.14,Caustic,13,4,3905,16
24-8-2019,5.78,Bangalore,9,3,2064,15
9-3-2020,19.75,Gibraltar,5,5,1798,6
8-11-2022,15.08,Crypto,3,1,825,19
14-11-2022,18.76,Valkyrie,4,1,1076,19
15-10-2019,3.18,Pathfinder,2,9,976,15
18-11-2022,27.96,Mad Maggie,21,6,3011,9
17-1-2020,19.57,Pathfinder,5,2,1164,10
1-10-2021,11.4,Octane,5,4,1031,16
23-11-2021,5.8,Horizon,7,1,805,1
24-2-2019,9.27,Caustic,1,5,594,4
31-10-2020,19.19,Gibraltar,4,13,3225,9
29-7-2021,21.35,Mad Maggie,6,2,1541,16
17-2-2021,13.03,Wattson,6,1,1443,3
16-6-2019,4.11,Bangalore,0,17,1813,8
7-4-2019,29.36,Octane,2,3,664,13
5-2-2020,4.46,Bloodhound,4,0,399,7
8-9-2019,2.37,Ash,5,9,2907,17
17-1-2020,18.98,Wattson,4,5,869,11
10-10-2022,26.05,Wraith,9,13,2062,3
27-5-2020,11.47,Gibraltar,9,4,2409,16
26-3-2022,26.92,Crypto,15,3,1245,17
2-12-2019,13.34,Fuse,1,1,304,14
25-8-2020,23.9,Lifeline,17,3,4175,10
19-4-2019,6.58,Rampart,9,0,1693,2
14-8-2022,2.95,Revenant,11,0,1797,18
27-6-2020,21.78,Bangalore,8,4,862,13
21-2-2021,24.56,Ash,3,9,1930,3
13-11-2020,20.4,Bloodhound,17,19,5332,14
18-1-2021,24.5,Bangalore,4,16,1843,18
12-9-2020,6.39,Rampart,4,0,241,15
19-11-2019,6.69,Valkyrie,14,0,1130,4
12-12-2019,22.31,Mad Maggie,8,6,1887,15
6-12-2020,16.03,Horizon,6,17,1659,18
31-10-2019,4.67,Octane,2,0,216,17
22-9-2020,0.47,Octane,3,2,626,19
11-11-2020,18.18,Revenant,7,2,1101,20
20-2-2022,14.83,Wattson,3,5,1040,20
7-2-2020,10.69,Caustic,9,8,983,3
12-7-2019,13.96,Wattson,4,2,752,11
27-6-2019,17.14,Wraith,8,1,1998,16
7-4-2019,2.99,Lifeline,1,12,2057,12
1-3-2019,4.25,Wattson,3,18,4128,3
25-7-2020,21.21,Lifeline,2,6,1575,10
10-5-2019,27.91,Mirage,3,17,3360,6
1-4-2020,20.93,Mirage,11,21,3580,5
13-1-2022,10.87,Fuse,2,9,1740,17
28-4-2019,9.24,Valkyrie,10,7,3449,19
23-7-2019,19.39,Gibraltar,5,5,1950,7
6-1-2021,9.53,Octane,1,5,910,6
25-5-2022,28.36,Octane,2,2,286,19
31-8-2021,1.51,Wraith,12,8,1751,9
1-11-2019,2.68,Ash,0,0,0,20
22-11-2022,23.82,Bangalore,3,20,1959,10
17-9-2020,16.1,Mad Maggie,1,1,384,15
24-12-2022,19.59,Pathfinder,1,1,259,5
22-12-2021,8.18,Fuse,1,4,787,4
6-2-2022,2.3,Caustic,4,15,3305,11
18-6-2019,2.57,Wattson,15,0,1796,19
6-8-2019,28.28,Gibraltar,7,3,1767,13
21-5-2021,22.94,Crypto,6,8,1843,18
7-2-2021,13.98,Mirage,1,2,438,5
20-11-2020,0.64,Caustic,0,6,468,19
4-5-2019,29.31,Crypto,2,14,2490,4
10-4-2020,13.39,Gibraltar,2,5,889,3
13-9-2022,15.9,Gibraltar,6,10,869,4
17-8-2019,5.78,Wraith,0,1,52,15
20-3-2019,17.24,Fuse,8,2,1312,15
9-1-2020,11.78,Octane,2,4,437,19
31-1-2021,8.45,Mad Maggie,8,4,1743,14
29-8-2019,8.86,Ash,14,1,1130,6
10-11-2022,1.15,Bangalore,0,1,78,14
23-2-2019,21.83,Bloodhound,4,8,2308,7
16-11-2022,5.97,Fuse,13,11,2811,1
10-8-2020,18.62,Lifeline,11,3,862,17
15-5-2019,2.12,Horizon,9,1,668,11
28-9-2021,0.32,Gibraltar,4,5,1387,1
7-1-2020,25.38,Gibraltar,4,6,1244,10
28-9-2022,5.95,Wraith,5,4,1078,9
3-7-2021,10.89,Mad Maggie,3,1,561,9
15-12-2021,3.54,Pathfinder,0,8,691,10
5-5-2021,11.38,Revenant,7,1,1051,1
14-12-2020,0.23,Bloodhound,7,6,1365,12
7-11-2021,19.67,Pathfinder,17,6,3898,10
1-6-2022,4.39,Crypto,7,5,2207,10
22-6-2019,12.94,Fuse,2,3,1040,10
5-3-2020,10.11,Mad Maggie,7,6,1652,6
28-10-2021,19.28,Bloodhound,18,3,4774,17
14-12-2021,1.26,Wattson,10,8,1553,11
8-12-2020,26.61,Mad Maggie,9,2,2005,11
22-12-2019,24.66,Ash,14,2,1083,6
8-1-2020,11.21,Octane,1,5,459,2
26-2-2022,4.41,Revenant,0,9,959,7
11-9-2019,27.06,Crypto,7,3,701,18
21-8-2021,11.7,Ash,9,5,1644,20
29-6-2022,15.32,Fuse,6,7,1538,8
20-7-2022,29.73,Mirage,16,5,3202,3
16-9-2021,6.23,Crypto,1,11,2238,5
1-9-2019,15.58,Pathfinder,16,2,3559,5
24-1-2022,16.57,Caustic,15,2,3241,4
9-1-2021,19.81,Rampart,1,20,2048,15
8-8-2019,1.65,Caustic,9,3,2309,1
31-3-2022,4.61,Gibraltar,11,7,1882,4
20-11-2021,19.9,Valkyrie,6,2,1677,6
11-12-2021,0.8,Fuse,6,0,1268,1
25-4-2020,22.42,Wattson,3,13,1689,14
10-3-2022,11.25,Valkyrie,6,6,833,19
21-12-2021,22.31,Mad Maggie,7,8,2998,17
25-7-2021,22.95,Octane,4,13,3267,17
25-8-2022,16.2,Crypto,5,2,692,6
27-2-2019,22.08,Ash,7,7,1433,3
4-8-2020,27.49,Crypto,4,15,2468,10
27-6-2019,20.2,Valkyrie,7,9,1308,8
19-6-2021,6.8,Mad Maggie,7,1,730,11
13-7-2020,15.79,Mad Maggie,10,7,1729,8
27-9-2020,17.53,Crypto,16,1,3658,1
20-12-2020,6.37,Ash,15,13,1786,14
26-6-2019,9.86,Revenant,5,0,821,20
20-9-2019,3.98,Mirage,14,6,2880,1
1-12-2019,16.0,Octane,8,1,1194,8
1-11-2022,25.17,Mirage,4,4,1158,6
8-9-2020,25.45,Wattson,2,4,383,1
26-4-2021,5.77,Valkyrie,2,1,426,13
13-6-2022,14.82,Crypto,8,14,3996,3
15-8-2019,8.27,Bloodhound,3,2,528,4
9-8-2022,14.94,Octane,11,8,2844,6
20-7-2019,24.64,Octane,2,18,3059,12
22-10-2020,4.24,Octane,0,6,756,16
27-5-2022,2.89,Ash,0,11,659,8
19-12-2020,6.69,Gibraltar,2,18,1678,19
18-6-2019,23.31,Horizon,18,4,4421,5
7-6-2020,7.56,Bangalore,0,0,0,18
26-4-2020,4.32,Revenant,10,0,1584,20
5-3-2021,23.31,Gibraltar,3,16,3496,19
14-3-2020,16.34,Wattson,17,1,2113,1
20-10-2020,21.13,Bloodhound,3,5,849,3
22-8-2021,1.87,Rampart,3,4,1172,11
30-12-2020,8.49,Wattson,7,15,3635,7
21-9-2019,0.92,Pathfinder,3,0,472,3
6-11-2022,1.42,Ash,9,14,1931,17
26-2-2021,4.88,Octane,9,1,2164,3
10-8-2021,15.38,Wattson,4,2,653,1
19-5-2020,26.16,Octane,5,4,1979,9
2-1-2021,15.56,Valkyrie,9,1,734,15
26-5-2019,3.47,Crypto,5,0,421,7
23-12-2020,17.73,Horizon,4,6,1289,10
20-10-2019,21.33,Pathfinder,2,7,1661,2
30-3-2021,18.84,Octane,3,1,733,6
8-7-2022,8.82,Wraith,3,5,1165,5
18-12-2021,28.6,Bangalore,9,2,1746,11
18-8-2021,11.24,Crypto,1,7,1394,20
2-6-2022,16.33,Revenant,6,3,1545,1
12-10-2020,17.36,Mirage,6,1,517,2
5-4-2020,28.21,Crypto,2,9,1845,7
10-5-2020,1.4,Wattson,6,8,2573,16
25-9-2022,19.26,Rampart,1,13,1242,17
7-8-2021,22.84,Pathfinder,3,7,1477,8
4-3-2020,9.63,Rampart,4,7,882,7
30-9-2022,26.4,Bangalore,5,7,1568,7
18-12-2022,8.2,Gibraltar,1,10,843,2
5-7-2020,25.38,Rampart,8,3,799,5
13-4-2019,7.78,Rampart,9,5,1844,5
16-4-2021,16.89,Octane,17,6,2132,11
26-1-2021,13.29,Horizon,7,5,1218,16
2-1-2022,2.84,Octane,8,4,2025,8
18-3-2022,16.08,Horizon,4,17,1083,17
4-6-2021,9.18,Crypto,1,2,526,7
17-9-2021,5.2,Horizon,5,5,580,1
18-2-2019,18.99,Rampart,5,6,1769,3
9-3-2019,7.58,Bloodhound,13,9,4248,10
27-4-2020,15.22,Caustic,2,15,1711,1
12-12-2020,10.61,Valkyrie,1,2,405,6
30-12-2021,7.85,Gibraltar,2,0,300,4
22-6-2022,18.57,Mad Maggie,10,8,3386,19
17-1-2022,11.43,Wattson,8,14,3838,15
8-5-2020,19.33,Valkyrie,3,1,594,15
18-7-2020,3.43,Wraith,0,5,895,4
14-11-2019,2.26,Valkyrie,0,11,689,8
9-4-2020,10.09,Mad Maggie,9,2,1067,16
5-3-2020,3.71,Bangalore,9,1,2312,16
14-2-2020,16.22,Crypto,14,4,3448,2
5-8-2020,20.46,Mirage,2,2,569,13
7-12-2020,13.09,Octane,2,4,355,9
14-7-2022,8.42,Octane,5,10,1279,6
13-6-2020,12.29,Horizon,5,3,757,3
11-11-2022,15.25,Wattson,18,10,4558,19
15-3-2019,9.55,Caustic,0,10,1182,14
11-3-2022,9.35,Octane,18,2,1404,14
28-1-2022,28.08,Bangalore,14,10,2993,7
27-12-2022,27.72,Wattson,6,19,4159,3
21-10-2020,11.85,Bloodhound,7,15,4169,8
27-12-2020,8.06,Bangalore,3,8,1135,11
9-8-2020,4.45,Ash,6,1,514,18
6-10-2022,27.99,Crypto,10,9,1057,4
17-1-2021,14.61,Horizon,1,13,2336,18
18-5-2021,8.16,Mirage,1,6,716,13
23-5-2022,20.39,Valkyrie,9,8,1887,13
15-10-2019,5.84,Octane,3,6,712,16
27-12-2021,20.64,Mad Maggie,7,6,823,3
28-5-2020,18.93,Wattson,6,8,1999,5
27-4-2020,25.6,Bangalore,2,4,580,13
25-6-2020,23.18,Gibraltar,2,10,743,14
16-11-2019,27.5,Wraith,19,3,4988,18
4-1-2022,6.66,Fuse,13,18,4048,5
11-1-2020,29.06,Mirage,11,3,1572,16
25-5-2020,7.97,Horizon,5,11,1592,16
27-5-2020,22.94,Rampart,4,6,995,19
14-6-2020,23.78,Mad Maggie,3,9,1522,20
1-3-2020,11.01,Wraith,2,6,898,12
29-11-2020,5.79,Revenant,0,7,394,18
13-8-2021,29.75,Bangalore,2,3,666,14
22-6-2019,19.42,Wattson,17,2,4184,15
20-10-2020,13.16,Pathfinder,13,13,3198,5
11-5-2019,20.11,Rampart,2,4,1178,5
7-2-2021,3.09,Bloodhound,7,11,3311,14
7-5-2019,23.67,Octane,2,3,361,19
19-6-2019,15.18,Fuse,7,9,1206,8
29-9-2021,3.87,Revenant,0,4,311,18
23-4-2021,9.43,Bangalore,0,2,238,4
16-12-2019,13.61,Valkyrie,14,6,1944,9
26-11-2019,0.09,Octane,1,4,490,5
29-7-2019,17.51,Octane,3,6,1335,6
15-2-2019,2.89,Octane,4,2,1165,11
5-5-2021,23.32,Crypto,4,9,730,7
30-8-2019,12.14,Octane,3,3,693,1
16-7-2019,6.76,Fuse,6,0,553,5
26-9-2019,13.84,Revenant,1,1,327,5
2-1-2021,17.03,Bloodhound,1,9,826,20
13-1-2022,4.08,Revenant,1,2,481,3
16-4-2022,6.19,Mirage,13,0,1537,16
17-5-2021,9.3,Bloodhound,2,2,406,9
12-6-2019,22.77,Ash,7,6,1481,1
26-2-2020,27.19,Caustic,6,5,1055,10
29-12-2020,28.42,Gibraltar,3,6,859,11
27-8-2022,17.04,Fuse,4,3,1288,5
4-12-2019,16.43,Wraith,5,12,966,4
8-6-2019,0.29,Wraith,6,0,638,1
20-4-2020,0.94,Wraith,2,10,1831,19
1-10-2022,24.28,Mad Maggie,3,2,924,17
12-6-2021,5.6,Pathfinder,1,2,235,13
6-1-2020,23.28,Horizon,2,5,876,4
20-2-2019,13.57,Horizon,6,2,744,5
30-10-2019,7.3,Wattson,1,7,1341,19
30-8-2022,23.75,Mad Maggie,4,8,1122,8
31-12-2019,9.35,Octane,2,7,1587,13
17-12-2020,4.96,Mad Maggie,5,0,1169,15
27-8-2022,0.87,Pathfinder,5,4,797,10
3-4-2022,22.3,Mad Maggie,2,7,1397,3
25-5-2021,17.81,Valkyrie,19,18,2028,2
1-10-2020,29.13,Octane,4,2,1058,6
20-2-2019,25.34,Rampart,3,11,2292,2
22-7-2021,4.8,Valkyrie,6,8,2037,19
31-7-2022,24.8,Wraith,6,2,1582,20
23-10-2022,17.03,Bangalore,1,3,244,1
24-2-2019,3.59,Caustic,2,4,360,14
19-6-2019,8.1,Octane,10,0,1975,17
5-10-2020,0.53,Bangalore,14,4,2115,9
18-2-2019,2.12,Wattson,6,1,581,9
29-5-2019,0.5,Lifeline,17,9,1872,8
24-8-2019,20.36,Ash,3,2,504,2
7-5-2022,15.94,Crypto,4,4,1607,8
5-1-2022,3.4,Mad Maggie,3,5,975,2
29-1-2022,17.5,Ash,3,2,592,12
31-1-2022,7.32,Ash,2,3,799,6
2-1-2021,10.78,Bangalore,5,12,1593,9
10-10-2019,4.14,Rampart,9,0,1918,10
15-12-2020,1.84,Crypto,0,8,501,20
11-12-2019,25.69,Ash,2,10,1500,6
22-9-2021,16.05,Wraith,3,7,614,16
13-11-2022,7.88,Valkyrie,2,7,835,3
6-2-2020,8.4,Ash,3,2,604,9
3-9-2022,28.85,Revenant,2,3,405,13
23-11-2022,15.79,Wraith,6,4,1109,9
12-9-2019,13.15,Lifeline,10,2,2531,8
19-7-2021,16.0,Mirage,8,8,1862,4
26-6-2021,17.51,Rampart,4,3,824,14
23-9-2019,25.69,Gibraltar,4,11,1327,3
19-5-2021,9.62,Fuse,12,1,1138,9
2-1-2022,29.66,Revenant,18,11,5068,3
28-3-2019,12.37,Mirage,1,2,265,16
24-4-2020,5.27,Bangalore,4,2,551,6
1-12-2020,9.84,Mad Maggie,9,5,2129,2
22-12-2020,0.43,Crypto,4,5,866,19
12-10-2022,0.67,Mad Maggie,1,5,1068,12
21-8-2020,21.16,Crypto,5,6,735,4
4-11-2020,13.75,Rampart,3,2,398,4
20-2-2019,18.26,Horizon,1,11,1255,20
14-7-2020,11.96,Mad Maggie,4,16,3864,7
31-12-2021,7.39,Wraith,8,0,486,10
4-5-2021,15.59,Horizon,8,2,1701,17
25-5-2021,2.82,Horizon,2,1,275,14
22-2-2019,21.27,Pathfinder,6,7,1457,19
19-10-2020,7.77,Wraith,2,7,1263,8
20-9-2020,26.13,Rampart,5,3,716,12
17-8-2020,3.3,Rampart,16,4,4198,5
19-10-2022,8.5,Wattson,11,4,2724,1
3-9-2021,27.65,Ash,2,4,889,20
10-11-2020,26.47,Fuse,10,6,1789,4
20-10-2020,20.33,Crypto,9,10,2985,1
2-7-2019,5.77,Fuse,3,11,828,19
21-1-2020,29.68,Rampart,13,11,3600,18
2-5-2019,9.19,Revenant,5,9,1702,13
30-4-2020,19.07,Lifeline,3,6,1053,12
28-5-2021,24.79,Wraith,6,13,2679,17
13-11-2021,13.46,Ash,4,2,586,3
30-5-2019,16.98,Fuse,16,14,2269,3
26-9-2019,11.37,Ash,3,6,1139,11
17-3-2022,1.71,Wattson,2,0,268,11
4-2-2021,8.16,Bangalore,0,3,506,15
21-11-2019,11.45,Fuse,6,7,732,13
9-8-2020,21.42,Ash,9,11,1383,3
20-1-2020,24.93,Horizon,4,5,860,8
12-9-2022,12.01,Wraith,9,1,975,11
20-7-2022,15.06,Mirage,12,9,1219,19
23-2-2019,16.92,Pathfinder,7,5,2149,10
8-2-2020,1.77,Fuse,6,2,1750,2
20-11-2020,8.93,Wattson,1,0,159,5
6-1-2022,15.01,Valkyrie,9,2,1032,17
23-5-2021,20.85,Gibraltar,3,11,2670,12
21-11-2022,17.5,Rampart,1,6,1261,16
20-1-2021,6.48,Bangalore,0,0,0,17
3-3-2019,6.2,Pathfinder,0,11,1669,4
9-12-2021,14.21,Fuse,7,8,2051,17
19-3-2019,1.69,Crypto,4,6,1401,4
29-10-2020,29.83,Mirage,3,4,1422,13
20-1-2022,28.79,Octane,16,2,2593,16
18-7-2022,20.04,Bangalore,2,9,1117,3
10-3-2022,17.83,Octane,16,4,3416,6
1-3-2021,3.85,Fuse,0,0,0,2
13-4-2019,4.06,Bangalore,16,15,4147,14
6-11-2020,26.97,Lifeline,2,2,450,6
29-1-2021,0.08,Bloodhound,4,15,2014,17
22-4-2020,19.12,Caustic,2,1,384,1
8-7-2019,15.15,Crypto,14,5,3400,7
9-12-2021,23.65,Lifeline,17,7,2726,14
18-3-2020,4.51,Bloodhound,14,4,1852,6
5-2-2022,1.9,Crypto,0,3,432,8
8-10-2020,1.53,Valkyrie,0,8,892,11
9-6-2022,12.35,Mirage,1,6,615,15
16-12-2021,1.59,Bangalore,5,5,827,6
27-4-2022,4.29,Crypto,6,3,1743,12
1-7-2022,23.13,Rampart,5,6,1944,8
18-6-2021,22.36,Wraith,4,3,830,16
19-4-2019,7.73,Valkyrie,14,13,2040,4
4-6-2020,26.56,Pathfinder,10,8,2237,2
30-11-2020,25.3,Fuse,8,2,1115,17
9-12-2022,7.26,Fuse,14,7,1260,4
2-8-2020,18.38,Gibraltar,7,1,1576,3
12-5-2022,27.24,Revenant,11,2,2081,7
10-4-2020,10.54,Gibraltar,9,12,3713,6
18-7-2020,0.88,Octane,9,0,1963,1
13-12-2019,13.69,Lifeline,6,3,1866,7
26-1-2022,22.04,Wraith,5,13,2499,6
6-6-2019,24.47,Wraith,2,2,309,10
15-4-2022,29.5,Fuse,4,3,702,15
9-11-2021,22.92,Horizon,4,20,1642,15
14-7-2021,0.4,Crypto,1,1,214,12
18-1-2021,27.43,Wraith,2,4,1220,16
24-1-2021,25.55,Valkyrie,5,5,1079,8
25-2-2019,7.82,Mad Maggie,1,5,796,1
16-3-2022,20.73,Valkyrie,2,6,446,14
24-3-2022,3.39,Bangalore,9,1,1844,17
18-8-2021,19.5,Rampart,1,2,622,6
16-10-2022,5.32,Valkyrie,0,0,0,7
14-6-2021,4.92,Mad Maggie,10,2,1468,6
18-5-2021,25.21,Pathfinder,4,2,1222,14
31-3-2020,26.89,Wattson,3,5,857,3
28-7-2022,14.17,Bloodhound,2,2,292,5
17-10-2019,2.87,Valkyrie,12,4,1080,12
2-11-2022,13.43,Caustic,11,10,2130,13
8-12-2021,3.66,Ash,10,7,3584,12
15-6-2019,12.07,Gibraltar,2,1,320,4
18-2-2019,13.43,Bloodhound,12,7,1919,6
18-8-2020,9.32,Bangalore,1,6,418,18
20-1-2021,25.09,Mad Maggie,2,7,1364,10
27-9-2022,15.56,Mirage,2,1,624,2
23-4-2020,14.58,Pathfinder,5,6,1701,19
17-10-2022,7.55,Pathfinder,9,18,2748,18
23-4-2019,0.04,Revenant,10,0,697,20
12-11-2022,19.09,Mirage,3,8,1734,5
19-11-2022,26.15,Bloodhound,7,2,944,2
3-4-2020,23.83,Rampart,8,6,2600,13
2-11-2019,14.86,Octane,3,1,622,19
14-9-2021,24.22,Mad Maggie,11,4,1168,17
17-2-2019,10.13,Mad Maggie,2,7,965,4
23-2-2021,2.19,Mad Maggie,1,7,555,5
1-5-2020,6.73,Wraith,6,10,3152,9
4-2-2020,1.21,Rampart,13,11,2992,12
11-11-2020,18.83,Mad Maggie,1,7,1199,2
18-7-2020,16.56,Revenant,2,4,377,13
20-3-2022,5.69,Mirage,0,8,1358,3
23-4-2021,17.93,Revenant,1,13,2287,18
8-10-2022,1.45,Wraith,3,5,604,7
22-3-2019,14.73,Mirage,1,4,363,5
1-10-2022,12.0,Horizon,2,15,2896,20
31-12-2019,4.56,Rampart,15,1,3279,9
8-12-2021,1.94,Fuse,0,0,0,20
27-12-2022,21.57,Octane,5,2,1400,17
7-11-2019,20.66,Bangalore,3,9,1575,13
16-8-2020,25.72,Valkyrie,8,2,983,8
3-4-2020,27.29,Bloodhound,9,6,1354,7
7-4-2022,7.2,Valkyrie,3,12,2815,20
29-5-2021,25.14,Crypto,9,5,943,7
9-4-2022,28.01,Bangalore,6,3,1363,17
17-6-2019,21.41,Caustic,3,5,635,12
1-3-2021,0.42,Lifeline,1,3,486,20
21-8-2020,18.92,Wraith,1,6,1336,3
10-3-2021,0.32,Fuse,2,2,735,12
11-7-2021,3.05,Lifeline,1,8,1284,17
24-8-2019,25.58,Bangalore,2,9,1602,3
1-8-2020,6.73,Wraith,0,3,426,6
15-4-2019,21.91,Octane,4,13,1194,16
11-6-2020,15.6,Revenant,2,8,1898,18
28-5-2022,14.29,Bangalore,10,10,2547,4
29-6-2020,24.77,Mad Maggie,10,2,724,14
15-4-2022,2.13,Bloodhound,3,0,469,2
6-12-2021,12.87,Octane,8,8,1096,10
13-10-2019,27.62,Ash,8,10,3468,6
18-6-2020,29.99,Bangalore,12,3,2663,19
6-11-2022,20.69,Pathfinder,9,6,1194,12
30-7-2021,29.92,Ash,5,5,1448,17
9-2-2019,15.79,Caustic,5,13,1904,20
22-10-2020,20.42,Wraith,5,7,2160,6
18-3-2019,10.44,Octane,2,3,311,12
1-8-2021,23.11,Pathfinder,4,4,1444,9
21-5-2022,17.13,Lifeline,11,15,2287,8
23-5-2021,8.59,Lifeline,9,4,2772,17
23-3-2019,27.05,Caustic,3,4,856,16
26-10-2021,28.11,Valkyrie,4,3,843,18
30-8-2019,19.52,Mirage,2,2,718,12
1-7-2022,1.81,Mirage,2,8,1314,6
17-8-2019,14.57,Wattson,7,3,1253,10
10-6-2020,25.02,Wattson,17,5,3536,17
24-9-2022,2.76,Gibraltar,15,2,1250,19
28-2-2019,10.97,Mad Maggie,9,1,2115,1
11-11-2019,1.15,Rampart,2,2,380,18
14-8-2022,23.85,Pathfinder,2,16,950,12
9-2-2019,11.25,Caustic,4,8,1854,9
20-5-2019,16.17,Gibraltar,5,5,1966,1
26-2-2020,4.78,Pathfinder,3,2,751,11
28-10-2020,29.75,Mirage,6,7,1228,15
20-6-2021,15.07,Valkyrie,2,6,484,15
22-7-2021,7.77,Mirage,4,0,252,18
30-3-2020,18.68,Revenant,17,5,1956,4
19-5-2021,2.76,Ash,6,4,877,11
7-2-2021,18.43,Bangalore,2,13,1392,1
9-4-2020,1.11,Pathfinder,10,0,1400,11
23-10-2021,9.84,Wraith,3,1,474,14
26-3-2020,25.68,Bangalore,16,2,1523,15
17-7-2019,22.79,Bangalore,15,11,4156,14
19-1-2021,26.04,Lifeline,2,18,3413,1
24-11-2021,13.32,Revenant,11,6,3644,5
21-6-2020,5.11,Fuse,6,10,2062,19
13-2-2020,1.43,Ash,1,0,94,1
20-5-2020,25.32,Revenant,6,2,1174,6
11-7-2019,25.39,Pathfinder,9,9,1772,14
9-10-2022,20.99,Caustic,2,3,487,16
9-10-2020,4.16,Fuse,3,1,606,4
30-1-2020,11.87,Ash,6,4,1521,9
16-11-2022,21.92,Lifeline,7,9,2118,4
24-9-2019,24.51,Revenant,6,4,615,3
10-7-2021,22.38,Revenant,9,2,2285,20
28-11-2020,29.24,Gibraltar,13,2,2095,18
22-11-2022,9.91,Crypto,18,15,2235,20
26-10-2022,8.75,Horizon,3,4,692,5
1-9-2022,12.22,Crypto,13,1,2290,16
23-9-2020,2.6,Lifeline,3,1,469,19
20-3-2022,26.43,Lifeline,2,2,474,10
21-5-2020,28.36,Pathfinder,2,3,716,8
13-10-2019,29.12,Octane,11,4,1007,2
27-10-2021,23.97,Wraith,11,2,1252,20
5-8-2022,6.12,Crypto,3,1,279,6
28-3-2022,14.06,Horizon,3,1,309,8
19-2-2022,18.14,Bangalore,2,6,1173,11
26-4-2022,3.04,Revenant,2,13,1610,20
31-5-2019,24.16,Fuse,2,4,638,19
13-8-2022,18.23,Pathfinder,4,5,497,18
13-8-2019,6.59,Wraith,3,5,467,8
15-1-2022,6.15,Pathfinder,14,1,1421,18
17-5-2021,1.17,Horizon,5,4,740,8
4-9-2021,22.05,Bloodhound,2,6,934,9
25-2-2022,13.87,Crypto,10,2,861,2
17-2-2020,17.39,Fuse,17,1,2700,4
3-9-2022,6.73,Rampart,1,0,218,15
11-8-2019,8.18,Horizon,9,0,1037,7
11-4-2022,2.04,Ash,3,5,1332,1
25-1-2020,7.32,Horizon,6,1,1497,19
18-2-2020,16.95,Revenant,7,2,1322,5
2-7-2020,26.36,Ash,2,17,2634,5
1-8-2021,4.32,Caustic,0,1,113,8
29-5-2021,1.79,Lifeline,4,1,504,10
18-3-2021,1.34,Octane,2,2,467,19
20-8-2021,18.81,Ash,2,3,405,7
6-9-2020,9.06,Gibraltar,1,6,473,10
6-10-2019,4.59,Valkyrie,8,0,1202,6
20-10-2020,12.87,Bloodhound,7,6,1092,11
9-10-2022,6.79,Pathfinder,0,2,144,16
8-3-2019,22.21,Lifeline,12,5,3466,3
17-12-2022,24.23,Mirage,6,2,1606,18
11-9-2020,28.2,Crypto,3,2,723,2
28-8-2022,10.82,Crypto,5,1,1040,18
4-10-2022,28.8,Bangalore,3,10,870,4
26-9-2022,21.73,Horizon,3,5,1290,17
15-4-2019,29.37,Gibraltar,2,2,306,6
21-6-2020,14.54,Fuse,1,14,833,3
10-11-2019,23.26,Horizon,5,5,1197,11
20-2-2019,13.34,Fuse,13,8,3144,9
19-4-2020,21.82,Rampart,2,5,786,10
3-7-2022,10.24,Bangalore,11,1,2402,11
11-11-2020,10.19,Mirage,1,14,2009,18
28-1-2022,19.83,Mad Maggie,4,12,2529,5
16-12-2020,7.43,Mirage,7,10,2113,9
20-3-2020,18.38,Octane,2,2,824,18
11-5-2021,2.52,Rampart,11,4,1331,4
7-9-2019,16.11,Pathfinder,5,3,1312,3
19-11-2021,22.83,Crypto,6,12,1516,19
18-6-2022,28.88,Valkyrie,2,7,1529,18
4-12-2021,22.66,Bangalore,3,3,1080,8
22-5-2019,17.06,Crypto,14,10,3343,15
3-7-2020,14.49,Revenant,1,7,823,5
28-2-2019,17.45,Pathfinder,2,11,1026,18
12-1-2021,12.98,Valkyrie,3,2,681,16
26-6-2020,7.8,Crypto,1,12,1298,5
25-4-2020,13.68,Gibraltar,5,8,802,6
14-11-2019,15.4,Bangalore,5,7,2173,17
16-8-2022,23.35,Fuse,2,12,1559,5
15-7-2020,27.23,Ash,2,15,1055,1
25-11-2020,0.15,Lifeline,8,5,1023,12
21-12-2020,4.63,Pathfinder,6,4,574,6
31-8-2019,3.99,Mirage,2,5,902,4
2-11-2019,21.77,Caustic,3,9,2236,20
22-9-2019,8.62,Mad Maggie,11,4,2932,11
31-5-2019,0.15,Caustic,1,6,1002,20
15-4-2020,25.99,Ash,3,5,1023,3
18-4-2019,11.25,Valkyrie,13,4,3703,2
16-11-2020,15.32,Mad Maggie,1,15,2126,10
4-2-2022,8.12,Octane,6,0,1099,11
29-11-2021,4.92,Mad Maggie,5,15,2373,5
19-7-2020,4.7,Revenant,0,8,1319,17
23-1-2020,28.82,Crypto,3,14,838,15
5-7-2021,24.66,Wattson,6,6,932,7
22-3-2020,21.79,Caustic,5,4,781,17
26-7-2022,22.81,Lifeline,2,7,875,9
10-12-2019,8.29,Ash,5,0,333,17
8-3-2021,13.95,Pathfinder,7,3,1998,15
14-8-2021,20.14,Caustic,19,8,5640,3
13-8-2020,17.19,Pathfinder,9,11,2287,2
2-11-2022,15.41,Octane,2,15,3232,20
25-12-2022,29.05,Valkyrie,2,8,1941,9
21-4-2020,26.57,Ash,5,2,736,2
12-12-2022,28.85,Octane,3,3,1077,15
20-2-2019,18.71,Pathfinder,13,2,3076,15
4-11-2019,24.1,Mirage,13,5,2784,15
12-12-2020,1.77,Mirage,0,1,83,14
19-7-2020,16.16,Pathfinder,2,7,1660,1
15-1-2020,19.62,Mirage,13,7,4259,15
22-3-2022,11.61,Bangalore,16,9,1950,12
5-10-2020,2.85,Rampart,0,4,723,4
2-11-2020,19.27,Bangalore,1,6,862,20
7-11-2022,9.85,Bangalore,2,1,557,17
5-12-2021,8.47,Mad Maggie,2,1,608,11
18-11-2020,13.75,Bloodhound,3,7,1303,1
25-8-2021,27.73,Wraith,4,2,1351,10
31-8-2019,1.04,Ash,4,0,550,8
9-12-2020,10.3,Revenant,2,1,376,5
10-5-2022,26.44,Wraith,13,3,2921,11
27-10-2022,20.72,Bloodhound,6,10,1073,6
25-7-2022,23.11,Mad Maggie,5,7,1795,18
4-10-2021,22.76,Ash,9,8,1228,16
25-11-2020,23.18,Revenant,3,14,3369,4
19-4-2020,2.57,Bloodhound,9,4,1773,16
18-7-2020,25.25,Wattson,4,5,1033,7
9-4-2020,20.94,Rampart,2,16,3391,7
26-5-2020,1.34,Bangalore,1,0,191,20
5-10-2020,26.08,Bloodhound,7,2,838,13
28-8-2019,26.83,Lifeline,6,4,598,17
13-11-2021,13.54,Lifeline,3,1,599,14
9-2-2019,18.37,Mirage,5,6,1920,12
25-7-2021,3.0,Mirage,6,6,1752,16
24-7-2019,25.46,Wraith,14,16,5657,17
4-5-2022,8.28,Caustic,0,5,781,20
18-9-2022,28.77,Wraith,5,10,2106,6
28-8-2019,29.34,Fuse,5,10,2641,7
29-9-2019,1.13,Mad Maggie,0,2,239,19
29-1-2020,20.6,Bangalore,2,2,758,10
11-12-2020,10.17,Bloodhound,1,5,779,4
1-9-2022,24.97,Horizon,2,2,694,3
24-7-2019,17.34,Caustic,4,6,1916,8
1-9-2019,10.17,Mad Maggie,3,1,704,12
18-3-2021,13.93,Fuse,2,9,601,14
3-6-2020,11.34,Wattson,8,3,722,11
1-5-2021,27.95,Fuse,7,7,1489,4
13-1-2022,26.11,Crypto,2,4,412,10
26-2-2019,17.37,Bloodhound,4,1,412,15
10-5-2020,13.6,Pathfinder,2,1,590,9
2-11-2019,26.36,Mirage,2,14,1409,7
7-5-2019,25.56,Gibraltar,11,12,2854,7
7-3-2019,6.83,Fuse,9,0,1324,14
19-6-2021,28.86,Mirage,2,3,658,19
12-9-2020,17.94,Wraith,17,7,2975,16
11-8-2020,17.8,Revenant,17,12,3699,13
4-4-2020,24.35,Revenant,2,8,887,4
19-10-2021,20.68,Rampart,17,7,2556,4
5-12-2020,6.81,Fuse,1,3,789,5
17-2-2019,26.81,Gibraltar,5,2,861,2
29-3-2020,12.58,Wraith,3,11,2323,17
28-11-2019,20.75,Pathfinder,6,10,1378,6
15-1-2020,15.79,Gibraltar,4,9,2246,13
28-7-2022,2.05,Octane,2,0,169,1
14-7-2021,9.33,Crypto,16,0,3307,20
11-4-2020,22.36,Horizon,8,4,1402,3
25-6-2021,14.48,Pathfinder,5,2,1470,6
22-12-2020,24.46,Caustic,12,15,4220,17
25-10-2020,24.53,Rampart,7,4,1306,11
10-1-2021,9.33,Lifeline,0,5,277,7
23-10-2022,8.98,Crypto,7,2,680,6
21-8-2022,1.35,Crypto,7,8,2451,16
27-8-2021,24.52,Crypto,5,3,908,8
9-5-2020,20.0,Lifeline,9,12,2584,6
24-8-2022,3.38,Lifeline,14,5,1649,2
5-8-2020,6.57,Ash,1,1,385,19
16-3-2021,12.47,Bloodhound,10,1,1056,1
16-10-2019,5.11,Lifeline,1,1,402,9
29-3-2020,27.75,Octane,6,14,3839,19
5-1-2020,12.63,Crypto,1,13,2647,10
26-3-2019,4.21,Crypto,10,6,2634,1
10-5-2021,13.3,Mad Maggie,1,17,2098,3
27-8-2021,18.93,Crypto,15,13,5475,18
18-7-2019,4.93,Octane,1,19,3585,19
27-11-2021,18.18,Rampart,12,2,2298,19
10-3-2021,13.34,Gibraltar,4,3,1007,1
24-3-2020,29.81,Octane,3,2,383,20
1-3-2020,8.57,Pathfinder,2,0,281,16
13-6-2020,9.08,Mad Maggie,0,13,677,10
11-3-2019,4.61,Crypto,2,1,218,19
20-4-2022,14.29,Lifeline,3,15,3218,16
2-11-2022,0.93,Wattson,0,8,1073,16
18-2-2020,21.95,Gibraltar,3,5,602,1
15-8-2022,23.81,Pathfinder,2,15,1595,10
5-3-2020,9.33,Valkyrie,1,1,423,7
6-10-2021,22.74,Rampart,5,5,1242,14
10-8-2022,28.15,Wraith,2,2,441,19
12-2-2022,2.77,Lifeline,13,3,3095,14
26-7-2022,15.18,Horizon,6,4,1752,18
18-1-2022,12.96,Ash,1,2,234,8
30-1-2021,16.65,Valkyrie,1,5,1177,9
21-1-2020,6.53,Mirage,0,9,1267,16
11-9-2020,3.3,Rampart,8,4,1297,8
4-9-2021,24.83,Rampart,12,2,2898,18
26-9-2021,21.2,Rampart,6,4,2033,6
4-5-2021,11.93,Bangalore,14,1,2430,17
31-10-2022,16.15,Fuse,6,7,2562,2
2-11-2021,29.55,Wattson,5,13,1290,2
13-9-2020,18.6,Valkyrie,1,3,227,4
24-4-2021,28.74,Mad Maggie,11,10,3125,12
19-6-2020,6.1,Fuse,0,0,0,12
29-5-2022,6.73,Wraith,15,11,2986,7
5-12-2020,6.4,Wraith,6,17,3010,2
20-10-2022,8.08,Wattson,3,2,951,3
11-3-2020,1.86,Gibraltar,1,0,86,15
17-10-2019,19.16,Bloodhound,5,5,1911,14
30-11-2020,14.6,Crypto,1,3,563,20
27-11-2020,7.12,Mirage,0,3,342,19
10-2-2022,29.37,Gibraltar,9,19,5584,7
9-3-2019,25.58,Revenant,3,15,1291,11
11-10-2021,6.46,Caustic,0,10,1083,17
10-12-2021,12.13,Valkyrie,7,1,1145,18
9-8-2021,5.03,Revenant,1,3,279,1
2-12-2019,14.2,Wattson,1,7,529,12
1-11-2022,27.55,Bangalore,9,2,920,13
23-2-2021,25.74,Octane,2,2,612,11
1-3-2021,17.0,Caustic,14,11,1969,20
20-4-2022,15.99,Pathfinder,12,6,3672,15
23-11-2019,28.89,Mad Maggie,11,10,4299,4
18-7-2021,25.39,Wraith,6,6,2228,4
23-12-2022,14.19,Mirage,6,1,1345,15
12-8-2020,6.45,Ash,11,0,2425,16
4-12-2019,27.11,Valkyrie,10,15,4819,18
15-3-2020,13.81,Wattson,12,5,2289,15
29-12-2019,23.61,Bangalore,3,6,1357,1
3-9-2021,14.85,Lifeline,11,8,1630,8
5-10-2019,26.24,Revenant,2,18,3575,13
27-11-2022,24.12,Valkyrie,15,4,4095,12
15-6-2020,27.15,Caustic,6,12,2049,9
31-12-2020,19.43,Wattson,2,19,1921,19
18-8-2019,23.94,Horizon,3,8,2155,4
6-3-2019,10.43,Revenant,2,12,764,16
26-12-2022,20.39,Bangalore,5,5,691,16
4-5-2020,14.11,Pathfinder,10,1,820,20
1-12-2020,4.55,Bloodhound,2,4,372,4
9-11-2021,28.27,Bloodhound,4,5,1138,17
15-11-2021,1.24,Gibraltar,0,1,154,8
1-3-2020,27.49,Wattson,20,8,5237,20
6-8-2019,28.72,Crypto,10,7,1164,6
2-6-2019,6.95,Caustic,17,0,1410,17
10-10-2020,15.62,Wraith,1,2,393,9
24-3-2020,25.28,Mad Maggie,7,2,635,7
21-7-2019,6.34,Gibraltar,11,2,1186,10
5-1-2022,27.73,Bloodhound,7,4,1053,5
25-9-2019,20.31,Lifeline,14,3,2208,11
8-1-2020,7.12,Rampart,0,3,448,16
18-7-2022,3.5,Horizon,8,2,1411,20
17-2-2021,16.43,Octane,1,3,311,4
4-6-2020,17.83,Crypto,1,1,120,6
4-1-2020,4.53,Lifeline,1,14,1034,9
29-11-2022,19.6,Crypto,5,5,2126,4
20-3-2022,5.02,Pathfinder,1,0,226,19
29-4-2021,15.61,Wraith,9,1,1309,2
24-8-2022,23.74,Fuse,2,4,479,20
20-8-2021,15.33,Gibraltar,4,12,1971,17
3-10-2020,29.79,Revenant,6,4,2069,4
6-11-2020,17.37,Mirage,8,1,1704,8
2-11-2020,0.11,Wattson,10,2,2009,13
9-9-2022,13.96,Rampart,5,12,1521,5
22-5-2021,14.84,Bangalore,5,8,927,15
7-4-2021,4.94,Wattson,0,3,232,12
30-10-2019,11.99,Gibraltar,1,6,946,20
20-2-2020,22.61,Mirage,7,2,735,4
9-11-2021,13.09,Pathfinder,9,2,2511,4
24-3-2019,16.49,Mirage,3,2,1054,5
7-10-2020,9.5,Bangalore,1,1,329,4
11-8-2022,22.52,Wattson,2,5,1178,1
10-5-2022,23.74,Revenant,10,6,1020,17
11-2-2019,9.38,Mirage,5,4,1151,3
3-12-2021,8.54,Mirage,0,5,714,12
22-2-2021,2.25,Horizon,8,4,1917,1
14-7-2019,4.23,Crypto,0,0,0,10
7-3-2022,20.38,Valkyrie,3,15,1292,19
3-4-2019,21.21,Mirage,5,4,1114,17
15-7-2021,27.79,Gibraltar,5,13,3006,17
25-1-2022,11.34,Gibraltar,1,3,621,8
4-1-2020,28.66,Mirage,4,13,2933,12
12-10-2022,12.01,Gibraltar,9,10,3639,20
19-4-2021,7.84,Gibraltar,8,1,1938,8
17-5-2019,24.47,Ash,2,5,574,18
14-6-2019,1.52,Crypto,5,1,939,3
27-6-2021,21.84,Horizon,2,2,789,11
31-1-2020,5.92,Bangalore,2,16,943,1
13-11-2022,29.53,Horizon,10,3,2621,15
23-11-2020,25.93,Wraith,4,11,2623,14
22-8-2020,3.34,Mirage,0,2,236,18
13-3-2022,0.14,Wattson,0,2,232,13
1-10-2022,22.67,Horizon,10,3,2897,1
14-11-2020,0.61,Crypto,1,12,1795,3
27-4-2020,0.25,Rampart,0,1,60,15
8-11-2019,13.65,Ash,2,9,2078,15
18-1-2020,26.45,Revenant,15,2,3581,4
16-7-2020,4.06,Valkyrie,2,6,730,9
12-7-2022,7.52,Octane,6,12,1445,12
14-6-2020,6.88,Ash,13,2,1771,3
2-8-2022,9.86,Valkyrie,5,4,1041,13
11-3-2019,18.65,Bloodhound,3,1,370,4
23-3-2022,8.2,Revenant,0,3,499,12
24-6-2022,13.87,Mirage,4,9,1880,18
29-11-2020,19.76,Fuse,1,4,868,1
12-9-2019,22.08,Mad Maggie,16,6,2814,16
28-4-2019,20.32,Mirage,9,7,1442,20
8-3-2020,3.69,Bangalore,13,0,830,12
26-6-2020,28.73,Wattson,2,2,411,14
18-3-2019,11.42,Rampart,2,1,399,6
27-11-2019,13.68,Valkyrie,4,17,1289,20
13-5-2022,0.51,Horizon,1,6,874,14
9-3-2020,24.78,Rampart,2,4,572,4
2-7-2020,2.77,Wraith,3,5,857,1
19-12-2022,1.42,Mad Maggie,3,0,286,1
4-8-2020,0.27,Lifeline,2,1,381,11
15-6-2021,21.94,Lifeline,4,4,1064,2
17-11-2021,10.38,Valkyrie,4,1,849,16
4-11-2020,10.21,Bloodhound,1,2,204,7
3-3-2022,10.43,Gibraltar,2,1,637,16
28-2-2019,20.82,Revenant,14,18,2175,15
26-9-2020,26.19,Bloodhound,8,2,720,3
7-9-2020,10.62,Pathfinder,1,2,562,20
9-11-2019,24.16,Valkyrie,7,2,871,10
18-11-2020,25.99,Wattson,2,11,1964,8
31-7-2021,2.47,Gibraltar,0,14,1795,1
1-8-2021,26.19,Revenant,8,6,2423,10
29-10-2019,22.01,Rampart,6,2,726,17
7-4-2021,25.05,Wraith,2,4,638,15
11-7-2019,10.61,Revenant,3,14,1575,18
2-5-2020,29.97,Pathfinder,7,4,931,8
15-4-2022,7.8,Ash,2,1,198,5
11-12-2022,29.45,Ash,17,3,1918,12
30-5-2019,23.32,Horizon,14,3,2147,20
2-10-2022,1.35,Ash,13,0,2621,6
30-12-2022,6.16,Lifeline,0,7,1099,9
2-6-2020,4.26,Bangalore,0,16,2255,11
20-10-2020,0.22,Crypto,0,16,2239,18
27-4-2020,26.2,Lifeline,3,14,3021,7
20-9-2019,13.55,Octane,3,1,480,16
2-12-2020,1.99,Revenant,3,0,185,4
23-11-2019,27.38,Wattson,6,2,852,11
15-3-2021,22.05,Octane,3,3,702,16
24-11-2022,17.95,Gibraltar,8,12,1905,5
9-9-2020,12.9,Wattson,1,10,1516,14
27-9-2021,13.17,Rampart,7,3,1046,17
15-10-2019,18.26,Mirage,3,3,878,3
7-9-2020,17.79,Mad Maggie,10,11,1483,5
5-6-2019,9.66,Revenant,0,7,667,1
28-12-2019,20.59,Horizon,3,7,657,1
19-3-2020,15.16,Wraith,4,1,935,8
22-10-2022,16.93,Caustic,1,4,308,17
14-11-2022,2.94,Mirage,7,0,1513,4
1-8-2020,25.03,Caustic,2,2,719,6
10-2-2020,12.26,Wattson,12,1,726,4
