13-2-2022,23.24,Gibraltar,7,2,599,2
26-12-2022,29.28,Wattson,2,4,1191,17
4-5-2019,19.24,Bangalore,3,1,429,16
12-12-2019,12.43,Fuse,1,8,1318,11
24-8-2021,7.75,Gibraltar,2,1,510,4
21-9-2022,29.37,Bangalore,3,12,1785,7
5-3-2019,3.18,Lifeline,3,8,1887,14
7-3-2022,17.71,Bangalore,1,1,272,19
29-6-2020,20.16,Wattson,4,2,805,15
6-1-2020,7.36,Bangalore,15,7,2514,1
26-12-2022,29.7,Gibraltar,14,6,1150,16
10-8-2022,9.08,Gibraltar,1,4,796,15
14-4-2019,9.16,Wraith,15,0,1682,1
24-6-2021,13.73,Gibraltar,4,4,1157,9
8-10-2022,11.83,Lifeline,12,3,2451,1
19-10-2022,9.01,Wattson,3,0,282,18
3-6-2019,1.03,Fuse,0,5,637,10
31-3-2021,16.64,Gibraltar,1,1,121,16
12-11-2022,6.08,Lifeline,11,1,1539,20
3-10-2022,1.22,Fuse,1,7,1380,19
19-6-2021,12.89,Fuse,4,2,505,17
26-11-2020,25.44,Wattson,3,2,746,7
26-10-2019,24.82,Revenant,3,5,538,8
20-12-2021,2.88,Pathfinder,10,3,2735,17
9-2-2019,25.85,Bloodhound,7,3,1701,1
23-8-2022,18.23,Wraith,6,2,1364,17
22-10-2019,23.6,Ash,2,3,975,20
25-9-2020,6.64,Wraith,1,1,333,11
15-9-2019,19.11,Fuse,9,2,1610,14
13-7-2021,16.2,Lifeline,5,1,1260,15
20-9-2019,3.7,Wattson,2,2,667,13
29-5-2020,5.91,Gibraltar,3,3,562,3
3-5-2020,2.54,Gibraltar,19,2,4491,11
10-3-2020,12.36,Revenant,2,8,536,13
4-6-2019,14.85,Revenant,13,19,5249,7
4-10-2019,10.11,Wraith,5,14,2914,12
14-12-2019,21.08,Wattson,15,3,1397,16
27-5-2021,10.89,Lifeline,12,7,1858,6
16-10-2020,9.06,Ash,5,8,2159,16
24-9-2021,19.83,Ash,14,5,3448,2
6-3-2022,15.06,Bangalore,7,8,1344,15
24-11-2019,5.19,Bangalore,1,2,543,9
16-9-2019,7.34,Revenant,15,0,950,18
14-8-2021,25.07,Fuse,6,6,2175,15
5-5-2021,2.45,Bloodhound,7,6,2048,16
23-1-2020,23.75,Bloodhound,2,4,744,11
30-4-2022,20.02,Bloodhound,14,11,3616,4
27-6-2022,20.48,Wattson,6,6,888,16
1-7-2020,18.17,Gibraltar,5,7,2151,2
8-8-2020,15.72,Wraith,3,6,656,3
1-8-2021,6.64,Lifeline,5,0,533,5
30-6-2020,28.71,Fuse,10,2,810,15
21-9-2020,11.02,Fuse,5,2,1290,2
26-9-2020,0.87,Fuse,1,16,1002,15
20-6-2020,10.87,Wraith,1,3,337,3
23-10-2022,20.83,Ash,5,5,1490,17
2-11-2020,3.29,Bangalore,11,5,2842,13
6-5-2022,10.53,Ash,2,11,2065,18
24-8-2021,7.63,Gibraltar,8,14,1494,5
23-1-2020,19.49,Pathfinder,4,3,431,3
14-12-2022,13.17,Gibraltar,11,17,3601,2
18-2-2022,6.96,Revenant,14,1,3131,5
24-7-2020,11.07,Bloodhound,9,16,3565,8
21-9-2021,13.7,Gibraltar,2,1,424,18
17-4-2021,28.15,Wraith,2,3,539,5
28-9-2021,7.03,Bloodhound,1,16,1546,17
26-10-2020,17.58,Lifeline,6,9,2412,8
5-3-2020,9.62,Bangalore,7,0,1556,20
7-12-2019,18.0,Fuse,1,9,1189,8
25-2-2021,18.42,Fuse,13,1,3034,18
27-3-2022,0.44,Wattson,17,0,3026,8
14-2-2021,16.54,Pathfinder,4,6,1494,16
18-4-2019,11.75,Pathfinder,14,7,2430,6
19-4-2019,6.96,Wraith,6,10,1440,8
27-3-2020,23.19,Gibraltar,6,9,1516,7
2-9-2022,17.21,Gibraltar,4,11,2006,6
12-9-2019,26.75,Bloodhound,8,8,1881,8
19-2-2019,9.57,Pathfinder,1,0,174,2
13-4-2019,5.47,Lifeline,18,4,1810,1
3-7-2022,7.95,Gibraltar,0,3,367,2
2-8-2019,26.49,Bloodhound,11,2,1794,16
26-9-2021,18.73,Bloodhound,1,6,1340,14
31-5-2019,2.1,Fuse,0,1,58,3
17-4-2021,19.08,Lifeline,1,4,412,18
7-11-2021,0.58,Gibraltar,12,0,2445,9
15-12-2019,14.21,Bangalore,1,4,561,12
26-7-2019,15.27,Pathfinder,5,1,895,10
16-12-2020,13.31,Wattson,10,12,1267,10
7-10-2020,5.14,Ash,12,9,1655,10
1-10-2021,16.06,Wraith,8,9,2630,1
24-6-2021,28.31,Fuse,14,17,6041,18
8-7-2019,17.98,Gibraltar,2,3,536,20
28-3-2021,11.03,Wraith,1,5,641,14
1-6-2022,5.97,Wraith,5,2,1071,3
2-10-2021,12.49,Gibraltar,1,1,153,6
28-3-2022,24.35,Revenant,6,14,3635,6
3-10-2022,8.65,Wattson,0,5,572,2
29-11-2022,4.36,Wattson,2,2,303,16
23-9-2022,3.02,Lifeline,6,2,1660,16
19-2-2020,8.94,Bloodhound,12,6,3196,17
29-4-2021,11.3,Gibraltar,1,10,791,13
22-2-2020,29.07,Pathfinder,15,4,2856,2
13-6-2019,19.55,Gibraltar,19,9,5450,15
2-4-2021,19.69,Wraith,6,7,1643,8
26-1-2020,4.18,Fuse,1,0,130,7
25-8-2021,8.07,Wattson,1,7,1505,18
8-10-2020,22.31,Pathfinder,4,4,753,13
25-2-2020,28.94,Pathfinder,10,3,2746,10
23-7-2022,23.39,Wattson,5,3,1123,7
15-8-2022,0.49,Gibraltar,4,0,513,12
13-11-2020,9.88,Lifeline,3,3,422,8
17-11-2022,28.19,Gibraltar,9,6,2377,12
8-9-2019,14.65,Fuse,1,5,997,15
1-5-2022,3.01,Pathfinder,6,0,994,9
14-11-2021,0.9,Pathfinder,5,17,3892,18
1-12-2022,9.33,Wattson,0,3,527,5
2-12-2019,20.75,Wattson,15,4,2753,18
17-5-2022,25.25,Bangalore,2,11,1847,17
19-12-2020,13.41,Wraith,3,19,4082,16
13-1-2022,21.26,Gibraltar,3,15,2866,13
10-4-2020,29.48,Wraith,6,15,1485,17
5-5-2020,24.83,Fuse,7,15,3648,12
7-6-2019,30.0,Revenant,11,13,4930,5
31-8-2022,9.48,Wattson,0,2,305,12
21-2-2021,24.09,Wattson,7,7,2564,9
17-3-2020,3.42,Bloodhound,4,3,1344,10
31-3-2020,29.15,Gibraltar,14,16,4073,6
8-11-2022,29.22,Fuse,2,11,1451,20
25-2-2020,19.42,Revenant,3,9,655,5
25-1-2020,8.96,Bangalore,1,1,173,7
23-5-2022,21.38,Wattson,7,6,1416,20
6-7-2022,7.81,Revenant,5,4,541,12
11-12-2022,26.21,Lifeline,7,5,781,19
11-10-2021,25.02,Revenant,12,16,4464,19
16-5-2020,19.9,Wattson,4,1,851,7
18-2-2019,27.67,Ash,6,2,1660,20
2-12-2022,7.31,Bloodhound,0,6,876,12
15-7-2022,22.73,Fuse,8,12,4139,8
11-5-2021,10.21,Bloodhound,10,11,2297,2
7-12-2019,17.26,Fuse,1,9,1494,14
30-8-2020,6.6,Wraith,0,5,594,14
28-2-2021,10.47,Bloodhound,16,2,3847,18
1-7-2019,21.72,Fuse,2,12,1910,12
22-12-2020,10.97,Ash,2,1,565,19
20-3-2020,8.31,Fuse,12,3,1253,11
21-5-2019,11.82,Wattson,8,5,1912,9
21-6-2022,2.22,Lifeline,1,0,94,10
15-11-2021,0.52,Wattson,5,9,2161,12
31-5-2020,9.8,Wattson,1,0,169,20
31-3-2022,0.98,Lifeline,0,1,172,1
13-3-2020,13.9,Fuse,2,3,560,4
22-5-2022,17.33,Wattson,1,17,3402,7
4-3-2019,16.77,Wraith,1,2,209,12
13-12-2020,2.47,Ash,3,14,2256,3
13-3-2019,6.11,Lifeline,6,6,1498,12
2-6-2021,0.51,Gibraltar,1,0,61,18
4-9-2021,5.23,Lifeline,0,2,303,5
17-3-2022,1.76,Bloodhound,7,0,1428,2
16-10-2022,29.68,Bloodhound,2,5,1233,3
11-3-2021,25.22,Revenant,13,4,1021,5
24-12-2019,17.29,Bloodhound,2,4,346,1
1-5-2021,23.99,Wraith,2,6,523,6
1-3-2021,23.51,Bangalore,3,2,404,19
18-6-2020,2.75,Gibraltar,1,1,179,17
21-7-2022,7.58,Fuse,11,0,1207,18
7-10-2022,12.94,Fuse,6,1,591,11
6-2-2020,24.46,Lifeline,4,5,1776,9
1-1-2021,20.3,Lifeline,8,14,3350,6
8-10-2020,24.82,Revenant,5,8,1230,1
25-7-2022,25.71,Bloodhound,3,8,1710,12
6-2-2022,3.5,Ash,2,0,450,16
15-2-2022,6.66,Ash,1,3,222,9
10-9-2019,0.69,Gibraltar,7,0,991,19
12-3-2021,0.75,Revenant,5,1,849,10
9-2-2022,12.83,Fuse,4,3,1439,11
30-3-2022,3.62,Wraith,1,4,487,14
22-3-2022,17.2,Wattson,6,2,602,15
13-1-2021,22.44,Revenant,10,2,1794,8
25-4-2022,11.87,Pathfinder,5,4,1724,10
28-8-2019,28.29,Ash,2,5,939,19
12-3-2022,25.96,Pathfinder,2,6,935,5
12-11-2020,23.86,Gibraltar,3,5,1395,9
2-8-2022,28.74,Gibraltar,16,4,4454,4
13-12-2021,24.5,Pathfinder,13,3,1486,14
20-7-2022,23.5,Pathfinder,4,2,907,15
27-11-2020,4.11,Revenant,8,14,2184,20
5-4-2022,8.89,Pathfinder,16,2,3712,20
11-5-2019,21.52,Wattson,14,15,1624,20
13-9-2022,13.37,Bangalore,10,1,2584,13
26-12-2022,28.33,Gibraltar,14,2,3636,3
29-1-2020,23.1,Lifeline,7,2,1703,1
23-3-2022,24.17,Wraith,7,3,1911,14
1-11-2019,4.72,Bangalore,0,9,1492,5
20-3-2019,13.32,Wraith,8,1,2087,4
26-2-2019,21.37,Ash,5,2,538,17
18-10-2020,29.39,Bloodhound,4,11,2226,1
3-6-2022,9.41,Ash,1,6,619,10
15-9-2020,24.3,Ash,10,14,3324,8
6-7-2021,2.69,Wraith,1,0,198,18
23-5-2021,4.8,Bangalore,11,3,1674,12
27-8-2022,3.42,Revenant,1,3,461,19
23-9-2020,24.32,Bangalore,2,20,2086,13
16-8-2019,10.32,Wraith,2,7,1399,9
13-7-2020,26.41,Revenant,2,3,806,20
30-5-2019,11.63,Fuse,8,3,1025,6
7-6-2020,9.03,Ash,8,2,1249,12
11-6-2020,3.63,Wraith,2,0,480,17
17-2-2022,19.01,Bangalore,2,1,378,3
1-7-2021,25.04,Lifeline,9,5,2609,20
17-4-2020,25.57,Fuse,3,6,755,20
26-7-2019,4.8,Lifeline,10,2,1170,15
13-5-2019,24.18,Bangalore,2,4,976,17
6-4-2021,9.92,Fuse,1,1,218,4
19-4-2019,29.59,Wraith,2,3,723,15
15-9-2019,14.36,Pathfinder,4,4,430,5
15-3-2020,8.81,Pathfinder,5,7,1181,9
7-8-2019,19.53,Revenant,1,5,1059,19
19-9-2022,12.58,Fuse,4,10,1994,14
21-12-2022,17.05,Pathfinder,7,13,3741,20
11-10-2022,18.12,Bloodhound,6,5,1024,5
23-1-2021,16.75,Fuse,13,3,1306,11
26-2-2020,21.07,Gibraltar,2,8,1614,15
19-11-2021,24.93,Fuse,14,2,1434,6
15-1-2022,8.31,Wraith,0,8,898,5
20-9-2021,26.17,Ash,10,2,2606,19
27-9-2020,21.14,Revenant,4,7,1515,6
12-6-2022,22.39,Wraith,13,13,4675,13
15-7-2020,22.44,Wraith,4,4,1617,2
11-4-2019,11.13,Lifeline,3,5,1401,3
28-7-2021,15.57,Ash,4,2,1160,16
14-7-2021,18.76,Ash,1,2,412,12
17-3-2020,2.69,Bloodhound,7,1,1273,2
3-8-2022,19.91,Fuse,11,1,2596,16
14-9-2021,7.93,Pathfinder,5,3,707,12
5-11-2020,19.01,Lifeline,3,8,574,19
30-3-2020,25.28,Bangalore,16,3,3870,14
8-6-2019,10.78,Lifeline,1,3,587,15
7-2-2020,2.02,Bangalore,1,6,1149,12
15-2-2022,24.59,Fuse,4,9,1647,14
22-12-2020,6.78,Wattson,11,7,3969,9
30-7-2020,8.75,Revenant,0,10,1159,9
13-5-2020,28.12,Revenant,2,6,919,5
15-9-2019,0.47,Gibraltar,0,3,417,11
3-5-2019,20.12,Ash,3,5,881,6
13-2-2020,10.47,Revenant,4,6,1814,12
13-4-2020,23.2,Wraith,3,8,1952,19
17-6-2020,25.66,Fuse,17,7,1940,6
10-6-2022,15.56,Ash,9,9,3268,18
19-1-2021,21.07,Revenant,14,15,2345,1
15-12-2021,11.99,Lifeline,3,4,1293,12
11-6-2019,5.45,Revenant,1,1,316,4
7-7-2021,16.04,Ash,2,3,775,3
26-5-2022,8.69,Lifeline,7,0,643,14
25-4-2022,23.39,Fuse,2,15,2034,19
23-5-2021,5.19,Gibraltar,14,1,1416,18
15-4-2020,26.78,Wattson,7,11,2569,7
20-11-2020,2.96,Wraith,12,4,2618,14
1-11-2022,22.93,Pathfinder,7,2,1140,18
16-11-2022,19.11,Revenant,2,5,625,4
27-6-2021,5.4,Bangalore,2,0,388,20
14-6-2022,19.17,Wraith,8,11,2167,2
27-7-2022,2.17,Wraith,0,3,508,13
16-12-2020,26.05,Wraith,9,2,1031,18
23-12-2019,28.99,Pathfinder,7,3,1366,9
12-5-2022,2.38,Wattson,1,7,1581,13
16-9-2022,15.59,Revenant,7,5,1168,19
14-12-2021,13.02,Ash,10,2,1427,7
24-9-2020,28.07,Wraith,18,5,2354,19
24-1-2022,28.59,Pathfinder,4,2,474,15
6-3-2020,29.5,Gibraltar,7,2,1585,20
30-11-2019,7.98,Wattson,4,5,662,10
30-10-2021,19.78,Gibraltar,7,6,1387,2
15-2-2021,16.56,Fuse,4,4,1088,12
7-8-2021,11.27,Gibraltar,4,3,787,8
8-4-2019,3.32,Revenant,0,1,154,2
30-1-2022,20.38,Pathfinder,8,6,2783,3
3-11-2020,14.98,Lifeline,1,4,708,11
27-5-2022,5.47,Wattson,1,11,1509,2
30-11-2019,21.54,Ash,7,4,1138,18
16-7-2019,3.56,Pathfinder,1,0,98,17
5-3-2021,28.86,Lifeline,8,7,3043,19
16-6-2019,5.53,Wraith,13,0,977,6
19-11-2021,25.73,Lifeline,2,2,520,12
20-5-2021,9.39,Bloodhound,0,1,112,6
6-12-2021,23.71,Ash,14,9,1802,8
20-4-2019,28.07,Gibraltar,18,12,3163,8
5-7-2020,13.78,Revenant,1,3,467,13
26-7-2021,24.74,Fuse,3,6,1418,7
26-3-2022,5.99,Pathfinder,5,0,842,11
1-1-2021,23.63,Revenant,10,12,4100,9
20-6-2021,20.74,Wattson,15,10,3254,7
21-4-2020,26.13,Pathfinder,12,18,5497,16
3-1-2021,14.27,Fuse,5,2,1242,13
24-12-2020,2.83,Revenant,1,0,209,19
22-9-2019,28.68,Bangalore,2,6,539,18
2-3-2021,29.97,Gibraltar,2,4,393,10
2-3-2020,3.57,Bangalore,0,4,226,13
24-3-2021,2.64,Fuse,11,6,1028,1
9-9-2020,11.09,Pathfinder,6,7,1341,16
22-12-2021,0.75,Fuse,15,0,1865,10
26-3-2019,7.14,Ash,2,10,950,3
27-11-2019,4.2,Lifeline,14,9,2941,19
3-5-2019,28.95,Lifeline,3,5,486,3
9-3-2020,1.79,Gibraltar,5,2,1328,9
30-9-2019,4.31,Fuse,8,5,909,7
12-9-2020,8.9,Gibraltar,17,3,2085,17
3-10-2019,11.09,Bloodhound,7,2,1137,17
4-11-2021,5.41,Gibraltar,1,3,276,8
28-6-2019,13.95,Wattson,9,1,1555,12
30-5-2020,16.68,Wattson,6,1,1317,2
27-7-2022,26.0,Wattson,5,5,1048,16
25-8-2022,0.57,Wraith,2,3,647,18
29-6-2022,13.32,Bangalore,3,9,792,11
18-1-2021,5.46,Pathfinder,2,1,396,9
7-2-2021,10.45,Lifeline,10,3,2718,10
19-11-2021,11.84,Ash,1,3,660,7
11-2-2020,18.98,Bangalore,1,3,700,20
3-9-2020,15.01,Bloodhound,16,6,1396,17
31-1-2020,22.18,Wattson,5,6,1142,2
28-5-2020,3.74,Bloodhound,4,1,1011,15
27-9-2019,13.65,Wattson,2,9,710,6
20-6-2021,12.1,Bangalore,5,3,1313,10
1-6-2021,8.46,Wattson,7,3,630,10
14-9-2021,27.46,Ash,4,10,1992,15
26-5-2020,12.95,Ash,3,6,1558,11
6-6-2021,28.1,Gibraltar,3,15,3423,20
23-9-2020,7.33,Ash,1,0,56,16
14-7-2021,12.94,Lifeline,6,8,2427,5
7-2-2022,14.99,Wattson,8,2,2125,19
6-7-2019,9.87,Bangalore,2,7,1463,17
23-2-2022,27.48,Ash,4,4,1074,7
1-7-2019,29.73,Lifeline,2,3,783,9
6-2-2021,15.4,Wattson,2,1,502,18
16-3-2022,13.47,Wraith,10,12,3551,11
2-5-2020,18.4,Ash,3,1,574,14
19-8-2020,23.1,Pathfinder,3,9,1931,18
21-5-2019,13.22,Wattson,2,5,641,1
6-6-2020,24.03,Fuse,16,2,2063,10
4-8-2019,20.56,Gibraltar,11,8,3676,13
11-9-2019,17.35,Pathfinder,1,5,617,9
27-5-2022,26.44,Revenant,2,4,614,1
7-4-2021,10.92,Wattson,4,6,1144,9
7-3-2021,11.34,Fuse,2,4,673,5
22-2-2022,20.63,Ash,9,12,1695,8
3-4-2021,27.15,Ash,5,2,579,11
27-11-2019,24.59,Bangalore,18,9,3962,11
8-9-2019,18.39,Bangalore,5,6,1957,9
6-9-2022,15.64,Bloodhound,6,1,495,9
6-9-2021,10.95,Ash,10,7,3224,12
26-4-2021,16.37,Revenant,8,13,4009,5
14-11-2019,0.68,Wattson,9,2,1535,12
20-1-2020,16.37,Lifeline,8,7,958,20
28-2-2020,4.7,Pathfinder,3,2,464,9
8-7-2019,7.38,Ash,8,2,1927,12
21-6-2019,26.34,Gibraltar,8,14,1693,12
1-5-2021,28.22,Wraith,3,4,417,8
3-9-2020,19.03,Ash,2,2,505,4
21-7-2020,13.43,Fuse,6,1,1545,19
20-2-2019,12.05,Ash,11,1,1959,12
31-3-2021,24.48,Pathfinder,13,4,3466,10
12-11-2019,17.05,Bloodhound,1,4,943,9
26-12-2021,1.28,Bloodhound,1,0,67,1
24-7-2022,11.17,Wattson,6,2,1054,11
24-9-2021,1.37,Bangalore,2,14,1570,16
30-12-2021,25.57,Bangalore,15,14,1821,9
26-9-2019,24.68,Pathfinder,3,2,503,16
11-5-2022,29.59,Gibraltar,9,16,1885,15
14-12-2021,13.86,Bloodhound,10,9,2650,11
27-3-2019,18.62,Wraith,1,5,565,2
1-6-2019,5.96,Ash,7,0,717,6
13-11-2019,4.46,Lifeline,1,3,734,16
17-11-2020,2.64,Ash,7,3,1816,14
13-2-2022,3.01,Ash,13,10,3452,16
25-2-2019,13.61,Lifeline,1,1,389,4
1-10-2022,14.51,Bloodhound,2,6,1560,5
29-6-2022,16.28,Wattson,14,2,1419,16
1-12-2019,10.91,Pathfinder,7,3,1758,7
4-9-2021,1.23,Wattson,0,6,606,9
28-2-2022,23.15,Bangalore,3,9,1813,7
23-10-2019,19.54,Wraith,16,2,1566,8
1-10-2022,16.53,Lifeline,1,2,490,19
8-5-2021,17.39,Wraith,6,1,1139,7
3-10-2020,18.0,Ash,1,4,479,13
13-4-2021,5.09,Fuse,14,4,2390,15
29-9-2020,20.27,Revenant,5,12,2489,7
18-10-2019,19.18,Pathfinder,3,1,260,14
3-12-2020,0.65,Wattson,5,5,1759,17
17-1-2020,12.23,Revenant,2,1,173,9
13-10-2020,27.57,Revenant,10,10,3770,16
23-11-2019,17.96,Gibraltar,2,3,289,15
17-8-2020,19.35,Gibraltar,9,17,2405,6
15-12-2020,10.89,Ash,2,10,1172,14
1-8-2020,26.67,Bloodhound,6,4,1259,10
7-8-2022,14.65,Bloodhound,4,3,591,3
24-8-2022,4.16,Pathfinder,5,9,2513,9
2-10-2022,8.69,Wattson,0,0,0,3
22-9-2022,20.56,Gibraltar,3,5,541,19
20-2-2021,21.69,Ash,10,7,2590,15
8-3-2019,10.35,Wattson,8,6,1836,20
27-1-2022,14.84,Pathfinder,10,8,1503,1
28-3-2021,19.29,Gibraltar,1,3,221,6
8-7-2019,24.13,Wattson,2,3,804,12
11-3-2021,22.97,Bangalore,10,8,2063,4
24-1-2022,8.89,Bloodhound,4,3,748,14
25-1-2021,16.81,Wattson,2,11,696,8
23-1-2021,25.46,Fuse,4,2,392,10
13-8-2019,24.9,Gibraltar,4,3,982,10
16-5-2020,4.42,Pathfinder,9,2,1993,13
27-6-2019,6.35,Fuse,18,8,3977,15
8-6-2021,13.52,Bloodhound,1,16,2918,8
12-8-2022,23.59,Pathfinder,9,5,859,17
16-4-2022,27.93,Bangalore,9,2,1777,5
7-10-2020,28.96,Bangalore,2,2,624,6
22-7-2022,12.64,Lifeline,5,1,1073,20
17-2-2022,18.75,Ash,2,13,2732,3
24-10-2022,28.42,Bangalore,8,9,2734,15
16-6-2022,5.3,Pathfinder,1,6,661,11
23-2-2019,25.58,Pathfinder,10,4,1260,13
26-3-2020,12.47,Wraith,1,1,361,9
7-3-2020,21.96,Fuse,2,4,507,4
25-10-2020,12.63,Wraith,1,2,392,14
7-2-2020,8.92,Bloodhound,7,1,1375,10
21-7-2019,16.0,Ash,10,1,1333,1
16-3-2022,21.48,Pathfinder,4,8,1879,2
16-5-2022,16.36,Bloodhound,1,2,407,3
4-2-2020,20.11,Wattson,3,4,646,17
8-7-2020,15.94,Bloodhound,2,1,504,7
29-9-2019,18.85,Wattson,1,3,473,7
21-9-2020,26.74,Revenant,9,4,2678,8
26-3-2020,27.92,Wraith,5,4,1547,15
14-10-2019,0.12,Revenant,5,0,380,17
10-2-2019,17.22,Bloodhound,1,1,378,12
22-10-2021,7.3,Wraith,0,8,734,18
26-11-2020,21.13,Fuse,7,3,1833,18
31-12-2020,21.13,Bangalore,2,8,689,20
13-3-2020,16.53,Revenant,4,1,1114,8
29-5-2020,5.78,Ash,0,2,176,10
5-6-2022,18.15,Fuse,10,12,3144,3
25-1-2022,4.25,Revenant,6,1,1495,12
4-3-2021,15.55,Lifeline,12,3,2251,13
14-11-2020,11.11,Gibraltar,17,5,3941,17
17-2-2022,11.58,Bloodhound,3,11,908,8
8-12-2019,9.02,Wraith,2,2,680,4
1-4-2021,5.05,Gibraltar,7,4,1702,15
28-10-2019,14.68,Lifeline,14,3,3763,5
18-1-2022,6.2,Revenant,0,5,604,1
22-9-2020,15.36,Ash,5,9,1874,10
9-11-2022,13.91,Wraith,1,4,813,5
19-6-2022,0.34,Bloodhound,7,1,1112,1
8-11-2022,7.94,Pathfinder,9,10,3812,4
24-6-2022,25.22,Pathfinder,4,2,572,8
9-11-2019,28.76,Lifeline,7,4,2102,13
25-3-2019,2.44,Wattson,6,3,1761,6
5-5-2022,1.12,Wraith,0,11,1173,16
7-6-2020,3.92,Lifeline,5,2,841,1
26-4-2019,1.95,Ash,2,8,1203,7
14-12-2020,16.51,Lifeline,8,11,2449,4
7-2-2022,2.82,Wattson,5,10,2874,19
1-6-2019,11.87,Ash,1,4,339,19
8-10-2021,4.74,Bloodhound,4,0,500,17
11-6-2019,11.71,Ash,1,16,3173,17
21-9-2022,0.04,Lifeline,8,1,756,6
28-2-2019,6.44,Fuse,1,0,59,11
30-6-2022,3.91,Ash,3,13,2628,17
18-11-2020,25.46,Revenant,9,12,1812,16
14-6-2020,15.32,Fuse,11,1,2403,8
27-11-2021,21.67,Ash,3,10,2018,15
4-8-2020,21.14,Wraith,2,3,780,19
15-3-2022,5.63,Bangalore,9,0,1919,16
4-9-2020,12.12,Bangalore,13,1,1100,2
2-8-2022,22.66,Gibraltar,9,4,875,20
14-3-2021,25.19,Bangalore,15,17,2606,17
19-5-2019,29.08,Revenant,5,5,632,5
17-1-2020,4.81,Gibraltar,1,2,564,9
12-5-2020,26.55,Fuse,7,2,1054,12
6-7-2019,12.53,Bloodhound,4,2,370,20
8-12-2022,6.89,Revenant,4,0,370,6
15-4-2019,10.5,Wattson,2,1,299,6
30-9-2019,7.55,Pathfinder,13,6,1085,9
2-5-2019,21.49,Pathfinder,7,9,3312,14
28-8-2021,5.12,Revenant,10,8,2294,11
3-9-2020,21.23,Lifeline,17,15,3441,10
31-7-2020,0.62,Bangalore,12,4,1228,14
8-6-2022,21.16,Bloodhound,4,16,1626,16
4-1-2022,9.01,Bloodhound,8,1,671,7
23-2-2020,26.35,Wattson,4,8,672,3
30-12-2020,25.48,Gibraltar,8,7,2880,9
26-5-2021,13.02,Bloodhound,2,9,2136,17
22-9-2019,11.2,Gibraltar,3,1,515,14
12-2-2019,28.27,Fuse,2,7,1152,18
8-5-2021,23.06,Fuse,6,5,1909,5
6-12-2019,9.7,Pathfinder,10,8,1517,1
18-6-2020,9.78,Lifeline,3,0,466,7
21-2-2021,11.95,Lifeline,8,1,797,13
29-11-2022,7.26,Revenant,1,2,233,11
25-7-2020,22.24,Ash,13,10,2770,7
4-3-2022,3.04,Gibraltar,0,2,373,2
3-10-2021,26.17,Wraith,4,3,476,7
26-2-2020,25.87,Lifeline,18,15,5445,16
17-9-2020,5.26,Ash,11,2,1343,16
1-7-2019,3.65,Pathfinder,10,2,1072,10
10-6-2021,22.91,Bloodhound,3,6,1255,13
27-11-2022,12.27,Revenant,4,4,1235,3
10-9-2021,11.33,Bloodhound,7,3,789,2
8-8-2019,13.88,Fuse,13,3,2158,19
2-5-2020,12.67,Bloodhound,9,8,1848,6
25-2-2019,15.36,Pathfinder,5,4,707,2
23-5-2022,0.19,Pathfinder,3,8,717,17
10-6-2020,6.96,Fuse,8,1,647,20
25-3-2022,27.61,Fuse,7,3,2106,15
1-7-2020,5.09,Bangalore,0,4,690,16
9-1-2022,11.37,Ash,2,1,435,14
9-7-2019,28.05,Revenant,2,13,1217,11
17-10-2021,18.6,Revenant,3,11,907,20
29-12-2022,7.85,Pathfinder,10,1,1930,16
25-10-2022,27.75,Wattson,6,9,2526,12
14-5-2019,27.68,Gibraltar,3,5,941,12
3-3-2020,28.89,Revenant,13,4,2703,3
11-11-2019,15.84,Wraith,6,13,1149,15
19-12-2022,29.36,Bloodhound,9,12,3036,5
29-3-2019,20.12,Bangalore,5,10,2019,17
25-2-2020,4.77,Bloodhound,5,3,999,14
17-3-2022,9.72,Wraith,2,1,481,19
14-4-2022,20.6,Revenant,3,3,441,6
8-4-2020,4.41,Fuse,0,1,159,3
24-4-2020,7.62,Bloodhound,1,6,699,15
18-12-2019,21.9,Ash,11,13,3122,20
17-6-2021,29.3,Lifeline,12,11,1635,11
1-6-2022,15.08,Revenant,11,13,3728,5
1-5-2022,23.34,Ash,5,11,1481,12
26-1-2020,7.76,Wattson,1,2,266,4
17-6-2021,12.64,Wattson,2,11,1085,6
11-10-2021,16.71,Bloodhound,1,12,2417,7
10-12-2019,12.51,Gibraltar,2,6,619,8
27-9-2019,12.89,Gibraltar,15,6,4489,4
4-9-2022,28.05,Wraith,5,6,2008,2
29-10-2020,6.86,Ash,4,0,945,7
21-7-2019,10.5,Ash,6,7,1544,13
21-6-2022,5.03,Lifeline,3,2,595,4
26-12-2021,5.49,Ash,1,0,239,5
8-12-2020,29.02,Bangalore,11,11,3032,1
2-6-2019,14.73,Gibraltar,1,3,573,20
29-5-2021,18.14,Ash,1,2,476,13
10-11-2020,19.21,Bloodhound,1,1,335,11
8-5-2021,10.64,Gibraltar,7,15,3516,2
27-12-2022,14.57,Ash,17,1,3989,15
20-1-2021,3.8,Bangalore,1,9,710,10
26-11-2020,28.88,Bloodhound,8,2,1513,19
9-1-2020,24.57,Gibraltar,5,20,3314,18
21-8-2019,8.24,Lifeline,3,4,1191,1
9-5-2021,18.04,Gibraltar,14,1,3300,13
8-6-2019,29.1,Bloodhound,12,2,2548,7
18-8-2021,15.97,Bloodhound,4,2,928,11
5-10-2019,14.75,Revenant,2,10,2282,4
4-5-2019,11.61,Bangalore,1,3,739,10
30-5-2019,23.83,Gibraltar,8,2,1121,4
19-8-2020,21.41,Wraith,13,12,4841,14
13-4-2022,10.71,Bloodhound,1,2,242,4
10-10-2020,6.7,Fuse,0,10,1818,16
10-7-2019,1.72,Wraith,15,7,4457,4
15-6-2021,5.4,Wraith,6,13,3023,20
24-12-2020,8.27,Lifeline,8,0,1825,12
24-10-2022,8.27,Bangalore,18,2,2916,20
14-12-2019,18.47,Lifeline,10,3,2245,10
31-1-2021,28.11,Lifeline,3,13,2332,17
27-8-2022,1.51,Bloodhound,2,0,158,15
2-2-2022,15.89,Revenant,5,9,1320,17
10-5-2021,1.12,Bloodhound,7,0,1109,3
21-11-2020,11.8,Fuse,4,2,852,8
3-11-2021,23.9,Fuse,6,9,1542,19
31-7-2019,8.99,Wraith,4,1,481,10
14-9-2020,16.5,Ash,15,1,1169,8
20-5-2021,14.14,Ash,14,10,2170,13
27-3-2021,26.02,Bangalore,17,3,2404,11
3-6-2019,5.44,Wraith,15,5,1688,16
19-2-2022,8.85,Pathfinder,10,10,3836,8
12-7-2019,28.32,Revenant,2,3,672,4
16-12-2020,28.99,Fuse,9,3,1920,9
29-11-2022,6.32,Bloodhound,2,2,603,17
4-11-2020,14.73,Bloodhound,2,6,1066,19
4-5-2022,26.82,Fuse,3,9,1385,18
28-4-2020,29.65,Fuse,3,2,495,20
8-8-2020,18.24,Wraith,1,1,234,15
11-3-2021,12.79,Bangalore,10,8,1654,5
21-7-2019,27.77,Lifeline,4,2,791,16
28-6-2022,20.05,Gibraltar,5,5,1766,7
18-10-2019,18.14,Bangalore,3,3,1089,20
23-3-2020,10.55,Bloodhound,15,1,1943,8
6-6-2020,9.52,Wattson,4,4,1454,19
1-6-2022,4.9,Wraith,6,1,529,9
16-10-2019,2.76,Pathfinder,7,4,1536,1
30-9-2022,25.69,Revenant,20,6,1659,5
18-1-2021,19.53,Bloodhound,1,6,612,1
26-5-2022,26.49,Bloodhound,3,5,406,20
24-8-2020,6.68,Revenant,1,9,710,3
23-8-2020,8.25,Revenant,2,2,499,10
20-3-2020,8.79,Fuse,6,14,2034,12
4-9-2021,22.93,Revenant,8,2,1191,13
27-4-2019,16.46,Bloodhound,4,2,372,4
14-5-2021,0.76,Revenant,8,0,1328,17
20-12-2022,17.18,Pathfinder,2,2,588,8
1-7-2021,7.48,Wraith,6,1,1414,19
13-1-2022,17.16,Wattson,3,2,721,14
16-7-2022,3.76,Wattson,12,9,3836,10
23-10-2019,10.14,Pathfinder,4,8,1524,4
22-8-2019,13.08,Lifeline,6,6,2519,15
27-12-2021,10.04,Fuse,3,9,1525,6
12-1-2020,29.39,Revenant,2,14,1613,2
27-9-2020,14.65,Wraith,19,1,3200,3
3-3-2020,10.15,Revenant,3,7,1350,14
15-7-2021,20.54,Ash,3,5,1425,19
29-4-2021,19.14,Fuse,4,15,2526,16
12-9-2021,6.7,Bloodhound,0,19,1097,2
5-3-2021,23.95,Bloodhound,3,4,1301,8
18-6-2022,8.13,Ash,1,4,534,1
3-6-2019,12.75,Revenant,10,10,3814,12
13-10-2020,23.76,Bangalore,5,12,1869,8
4-1-2021,3.3,Lifeline,3,5,1408,7
12-2-2019,7.78,Wattson,4,5,1227,10
10-9-2019,9.09,Pathfinder,10,10,1410,14
12-8-2022,25.39,Pathfinder,3,3,766,15
10-6-2021,23.18,Revenant,4,11,1842,4
16-7-2020,2.13,Bloodhound,14,11,4936,3
19-12-2020,22.26,Revenant,3,10,1877,17
10-5-2022,14.73,Wraith,6,11,1117,19
15-5-2019,15.35,Bangalore,2,9,1685,15
31-7-2019,19.7,Lifeline,17,2,2561,8
16-3-2022,8.09,Bloodhound,3,2,1056,2
6-7-2022,21.01,Bangalore,2,3,521,5
4-6-2019,22.59,Wraith,14,9,3262,5
22-2-2019,4.99,Ash,3,5,1613,17
6-7-2022,13.57,Revenant,2,15,2592,15
22-9-2021,12.41,Lifeline,1,4,515,17
10-11-2022,19.05,Bloodhound,12,3,3409,11
8-5-2020,12.37,Fuse,2,1,541,18
27-5-2019,9.63,Gibraltar,7,3,2081,17
21-11-2019,6.94,Ash,1,13,1314,17
5-2-2020,8.21,Lifeline,0,5,238,16
16-11-2022,13.2,Ash,18,14,3280,5
10-11-2022,9.53,Fuse,8,10,1575,11
10-11-2022,8.91,Bangalore,0,0,0,18
23-3-2020,6.65,Lifeline,0,3,570,15
29-6-2019,1.41,Wattson,12,9,2462,15
23-8-2022,23.31,Wraith,8,14,1885,13
30-5-2021,22.63,Wraith,6,8,1649,16
13-11-2021,24.91,Gibraltar,3,6,653,12
15-2-2022,11.74,Wraith,1,1,175,18
13-3-2022,9.14,Ash,10,1,2261,9
4-6-2022,23.61,Bloodhound,2,12,2494,2
17-5-2020,1.72,Ash,0,14,2633,4
30-5-2019,5.47,Fuse,3,8,948,3
7-12-2020,4.14,Gibraltar,12,17,3019,6
8-2-2021,11.44,Bangalore,12,5,2290,16
9-12-2019,10.28,Pathfinder,3,5,1428,1
7-5-2021,1.22,Bangalore,6,7,1125,3
14-12-2019,27.09,Wattson,4,15,2246,18
6-6-2019,8.82,Revenant,0,1,196,20
31-10-2020,27.87,Revenant,9,5,825,7
25-4-2021,17.65,Revenant,1,11,1617,8
24-7-2020,0.19,Lifeline,1,2,200,20
11-9-2019,13.75,Bloodhound,2,8,1386,11
31-3-2022,26.79,Revenant,14,8,1934,10
5-3-2020,11.75,Bloodhound,10,5,2685,4
24-8-2020,26.15,Bloodhound,5,3,563,14
9-4-2022,29.39,Gibraltar,3,3,895,2
24-7-2022,7.77,Ash,16,1,1753,16
14-7-2021,5.25,Bangalore,1,7,807,7
17-9-2019,22.6,Bangalore,3,9,1004,11
17-6-2019,27.68,Bangalore,3,8,1227,12
13-6-2019,7.21,Lifeline,5,3,877,14
21-6-2020,9.6,Pathfinder,7,16,2276,18
7-2-2021,8.18,Bloodhound,8,8,1652,9
19-11-2022,16.59,Bloodhound,9,1,1438,13
10-8-2022,23.88,Wattson,10,11,1474,13
11-4-2021,24.16,Fuse,6,10,2391,7
12-7-2021,5.36,Lifeline,6,0,1192,17
23-9-2022,28.12,Bangalore,5,10,2508,18
27-6-2022,15.03,Wraith,3,2,835,3
21-3-2019,15.77,Wraith,11,5,1893,4
6-1-2022,23.91,Wattson,15,4,1394,15
8-2-2022,18.01,Gibraltar,4,1,1009,9
29-12-2022,15.88,Revenant,1,3,611,4
9-7-2019,16.93,Bloodhound,4,5,1740,11
5-3-2022,14.65,Ash,3,2,631,20
26-5-2019,7.03,Wattson,10,9,2196,7
27-11-2019,13.03,Lifeline,4,1,408,11
31-7-2020,17.24,Ash,13,7,4080,17
11-8-2021,20.03,Gibraltar,3,7,1376,19
14-1-2022,26.84,Ash,2,15,2731,13
7-3-2019,0.95,Bangalore,12,18,3403,12
2-9-2021,4.03,Wraith,3,13,1665,12
19-8-2020,7.52,Wattson,2,6,1152,1
25-4-2020,10.83,Wraith,8,5,1830,2
9-3-2020,6.89,Ash,9,4,1792,12
9-10-2020,29.31,Pathfinder,2,10,1069,12
27-5-2020,29.4,Bangalore,5,3,1434,19
24-10-2019,7.48,Bangalore,7,1,651,5
21-1-2020,14.68,Pathfinder,11,3,871,19
20-12-2019,12.75,Pathfinder,2,1,561,16
25-4-2020,24.54,Wraith,14,17,5424,12
1-8-2019,22.42,Lifeline,6,7,2292,19
20-2-2021,13.28,Revenant,4,7,1905,3
27-6-2020,20.78,Wattson,11,6,2240,12
14-7-2021,21.1,Bloodhound,9,2,2349,7
15-7-2022,17.01,Bangalore,2,19,3873,6
14-2-2022,3.93,Fuse,15,0,2228,8
28-4-2019,14.55,Wattson,15,12,5691,17
27-11-2021,24.26,Bloodhound,14,20,4879,4
2-12-2022,21.22,Bangalore,6,13,3496,19
8-6-2020,27.63,Wattson,17,12,5592,14
24-3-2022,7.96,Bloodhound,9,1,1363,4
19-7-2019,20.05,Revenant,2,2,320,19
18-7-2022,27.81,Wattson,13,2,1907,5
2-4-2021,0.96,Bangalore,8,3,1570,5
25-12-2020,9.61,Ash,15,0,2499,20
20-2-2020,17.73,Fuse,8,16,3664,14
24-3-2021,13.45,Ash,7,11,2770,16
31-7-2020,22.42,Ash,3,5,1578,16
26-1-2022,11.3,Wraith,12,2,2964,11
23-2-2022,1.18,Wraith,4,11,1544,16
14-11-2020,18.15,Lifeline,4,1,502,4
13-7-2019,22.82,Wattson,5,2,1384,19
16-9-2019,21.58,Lifeline,9,5,2059,8
7-11-2019,3.26,Revenant,13,0,1794,3
2-3-2019,18.06,Lifeline,1,12,2527,15
13-12-2022,24.92,Pathfinder,2,2,473,12
21-6-2019,17.46,Ash,11,12,4785,15
3-11-2021,17.93,Bloodhound,1,15,2961,3
15-5-2020,13.2,Wattson,2,3,659,15
16-10-2021,20.86,Bloodhound,5,4,1325,16
22-3-2022,13.19,Wattson,1,2,567,18
10-1-2021,9.92,Lifeline,11,13,3533,17
25-7-2020,3.29,Ash,5,0,920,19
15-7-2021,7.2,Wattson,19,8,5741,19
21-8-2021,13.3,Revenant,3,3,320,2
9-5-2021,3.14,Wraith,6,4,2035,6
24-1-2022,13.53,Wraith,9,8,1404,18
24-5-2020,19.12,Pathfinder,6,1,1150,9
7-11-2020,11.83,Revenant,13,2,3239,6
7-9-2020,10.42,Fuse,5,2,605,20
29-8-2019,20.62,Wraith,13,3,3035,13
3-1-2020,16.57,Pathfinder,3,9,2287,4
29-3-2020,10.04,Wraith,13,4,1405,9
4-10-2019,14.06,Wraith,5,5,1418,20
10-5-2019,25.96,Lifeline,8,15,2581,10
2-2-2021,9.09,Wraith,0,9,1629,9
9-6-2022,9.52,Revenant,10,4,2258,3
15-4-2020,25.95,Fuse,2,12,1084,4
21-10-2020,29.0,Gibraltar,17,13,3905,12
24-12-2021,6.78,Ash,11,1,1688,12
7-1-2021,6.67,Lifeline,1,0,234,17
22-6-2021,4.9,Ash,5,1,666,1
1-6-2020,2.79,Bloodhound,3,0,228,12
8-10-2022,15.69,Ash,12,17,4619,19
6-6-2021,7.95,Ash,3,11,1510,7
15-6-2022,3.28,Ash,5,5,1210,8
22-1-2021,1.67,Pathfinder,6,3,1498,3
3-2-2020,18.98,Lifeline,1,1,317,14
18-2-2020,11.6,Lifeline,4,2,900,20
17-3-2021,25.35,Wraith,13,10,3108,7
8-12-2022,25.67,Bloodhound,7,12,3598,8
22-12-2021,25.96,Wattson,3,2,639,14
16-8-2020,5.1,Pathfinder,2,2,451,10
16-6-2019,21.93,Fuse,10,6,3329,12
2-11-2019,8.58,Wraith,3,5,480,13
2-2-2022,9.15,Pathfinder,11,2,2504,1
13-10-2020,18.77,Pathfinder,5,2,1432,16
3-4-2019,7.44,Revenant,0,0,0,12
14-10-2021,13.93,Revenant,2,4,446,18
3-12-2020,17.54,Bangalore,19,1,1738,3
3-7-2022,6.58,Pathfinder,3,4,963,8
18-5-2022,13.8,Revenant,2,4,301,6
4-3-2022,21.74,Wattson,11,9,3291,6
29-5-2020,15.39,Wraith,3,3,1158,13
2-10-2020,16.64,Wraith,1,11,998,1
3-5-2021,13.96,Pathfinder,13,5,3460,9
10-5-2020,7.54,Lifeline,0,6,946,11
21-4-2022,15.02,Gibraltar,4,12,2999,8
24-3-2022,27.84,Fuse,2,5,1283,11
25-8-2021,2.7,Wattson,3,15,1544,3
14-8-2020,10.0,Wraith,7,10,1061,9
2-10-2020,22.69,Ash,9,12,2100,9
17-7-2020,15.67,Lifeline,1,5,1131,12
23-7-2020,25.13,Bloodhound,7,7,2052,8
8-10-2022,13.76,Bloodhound,2,5,1099,10
24-5-2022,11.84,Ash,13,3,1588,20
31-10-2021,18.37,Lifeline,2,7,1096,10
28-11-2022,23.76,Fuse,10,7,1767,15
30-10-2022,1.03,Lifeline,0,9,662,3
24-9-2022,21.55,Pathfinder,3,14,1950,16
27-3-2019,20.6,Bangalore,14,2,2802,19
14-11-2021,17.51,Revenant,4,1,820,6
28-5-2022,2.25,Gibraltar,9,0,1693,2
31-10-2020,29.91,Bloodhound,7,3,1642,13
14-3-2020,5.77,Fuse,13,3,3382,18
7-5-2019,11.12,Bangalore,8,1,1438,10
8-3-2020,16.06,Revenant,6,14,3593,3
8-11-2020,0.16,Ash,3,1,817,18
15-10-2019,26.6,Ash,2,3,653,2
29-11-2022,2.12,Bangalore,6,11,2292,2
3-11-2020,1.11,Bloodhound,0,0,0,3
15-9-2019,12.14,Wraith,1,2,269,6
6-10-2021,27.03,Gibraltar,13,2,2087,2
20-7-2022,28.91,Lifeline,15,2,3123,12
25-8-2022,27.41,Bloodhound,3,14,1777,19
14-5-2020,6.98,Revenant,7,1,1166,20
23-9-2020,28.28,Wraith,3,4,383,6
24-5-2021,6.71,Wattson,9,6,891,5
15-1-2020,16.56,Lifeline,10,1,2193,15
24-2-2022,6.87,Fuse,16,18,6862,6
7-5-2019,6.83,Ash,9,10,2204,13
3-11-2022,2.92,Revenant,8,3,781,6
9-1-2021,22.16,Wraith,4,6,1357,6
19-1-2020,20.75,Revenant,3,4,648,8
15-7-2021,12.98,Pathfinder,1,10,1450,14
19-8-2022,26.73,Gibraltar,9,19,4028,2
15-5-2020,13.96,Revenant,3,3,470,18
3-10-2022,14.93,Wraith,1,8,1456,4
27-6-2022,12.35,Fuse,13,7,3681,2
23-6-2020,27.0,Bangalore,15,15,4224,3
16-5-2020,11.95,Wraith,4,9,2479,9
16-11-2019,25.4,Lifeline,10,14,4794,16
10-5-2021,0.49,Wraith,0,2,140,17
28-10-2022,21.23,Lifeline,11,9,2780,16
7-2-2020,1.19,Fuse,4,3,614,10
15-11-2020,0.13,Bloodhound,2,15,1428,2
31-3-2021,27.3,Pathfinder,3,4,803,9
23-1-2022,9.53,Revenant,11,7,1047,13
17-10-2019,15.38,Revenant,6,2,1345,17
20-4-2020,10.68,Ash,2,3,740,6
6-1-2021,27.71,Revenant,14,6,3446,2
17-1-2020,29.08,Pathfinder,5,8,2376,12
17-10-2020,27.4,Bangalore,8,2,1323,8
21-11-2020,28.03,Ash,2,5,885,11
17-5-2020,27.46,Bangalore,14,2,2869,6
20-4-2019,14.73,Gibraltar,4,2,627,2
16-12-2019,21.99,Bangalore,8,10,1416,8
7-7-2020,18.65,Gibraltar,1,9,888,6
18-11-2022,23.95,Bloodhound,15,2,3962,18
27-6-2019,18.69,Revenant,17,2,2905,7
18-5-2021,21.64,Wattson,7,2,1082,19
1-6-2021,29.29,Fuse,2,5,591,12
20-12-2019,29.43,Wattson,2,19,2746,7
8-11-2019,23.98,Revenant,2,7,1005,3
28-10-2019,28.81,Bloodhound,7,4,1284,12
17-9-2021,17.56,Bangalore,2,7,812,20
3-5-2020,15.93,Ash,7,1,1741,18
17-12-2021,26.17,Wattson,8,2,1669,16
26-2-2020,8.21,Lifeline,13,8,3761,5
2-8-2019,18.95,Bloodhound,3,2,1017,12
20-2-2021,29.46,Bloodhound,6,7,2008,16
15-4-2021,7.5,Ash,0,4,492,8
12-7-2019,2.13,Wraith,14,0,3084,5
25-4-2022,12.02,Bangalore,6,7,1590,9
18-11-2020,29.26,Ash,13,3,1397,7
27-3-2022,7.38,Lifeline,7,11,3345,6
17-1-2021,7.11,Gibraltar,7,2,1213,15
27-6-2020,12.6,Bloodhound,7,4,814,16
1-9-2019,14.62,Bloodhound,11,3,2147,11
9-6-2019,29.02,Ash,5,2,966,2
16-2-2020,25.9,Wraith,6,8,2462,4
5-10-2022,3.21,Fuse,5,2,429,3
9-12-2020,20.35,Revenant,8,3,1224,2
18-3-2021,16.01,Bangalore,5,6,733,1
31-8-2019,1.79,Fuse,7,6,1876,20
29-5-2022,11.7,Bloodhound,2,4,895,8
11-10-2020,25.04,Bloodhound,3,8,1203,20
10-9-2022,26.65,Revenant,9,13,2015,1
10-12-2020,10.21,Bangalore,15,6,4200,2
31-10-2021,28.86,Pathfinder,3,9,1565,17
9-10-2020,21.22,Lifeline,5,3,846,2
22-3-2020,21.99,Wraith,2,10,1678,14
20-8-2020,13.95,Fuse,4,3,1393,16
22-5-2022,0.04,Lifeline,0,1,63,9
30-3-2021,28.18,Fuse,6,6,2423,13
5-11-2019,28.37,Bangalore,5,2,1434,10
17-1-2022,26.68,Wattson,8,3,2472,18
18-8-2021,21.89,Wattson,2,5,1378,17
1-12-2020,9.99,Pathfinder,1,0,152,8
2-6-2019,11.5,Revenant,18,1,4094,8
24-10-2022,7.16,Bangalore,2,5,1362,8
14-1-2021,0.99,Ash,1,2,245,8
30-1-2022,26.32,Wattson,11,4,2123,2
9-9-2022,20.4,Bloodhound,9,4,781,9
28-4-2020,14.34,Pathfinder,2,12,2497,12
23-6-2020,23.96,Lifeline,10,17,5590,4
12-4-2020,23.25,Ash,5,2,396,13
19-10-2021,9.59,Fuse,0,15,2415,11
21-2-2019,18.83,Lifeline,5,2,428,12
11-11-2022,9.07,Revenant,2,1,529,3
14-12-2019,27.1,Revenant,5,3,1392,12
9-5-2022,28.76,Bloodhound,7,10,3380,16
6-6-2019,24.34,Pathfinder,8,3,1789,5
14-5-2019,19.66,Pathfinder,2,6,1371,8
30-5-2022,21.59,Revenant,3,12,2011,4
5-2-2020,8.36,Pathfinder,3,5,462,17
29-8-2019,27.26,Fuse,8,3,2084,2
21-3-2022,23.88,Gibraltar,5,15,2517,8
2-3-2019,16.29,Ash,9,4,2253,16
21-12-2021,16.24,Gibraltar,2,10,1717,11
23-2-2020,18.36,Fuse,1,4,613,12
20-10-2019,3.47,Ash,2,2,346,7
9-5-2022,2.89,Gibraltar,3,1,450,12
22-8-2022,26.17,Bloodhound,3,7,1160,6
3-3-2021,1.45,Bloodhound,0,3,463,19
29-9-2021,12.54,Bangalore,5,2,1050,12
27-3-2020,23.5,Pathfinder,7,2,1326,10
1-7-2022,25.7,Wraith,9,2,1185,19
15-9-2021,2.65,Pathfinder,8,2,1562,10
6-2-2022,20.07,Wraith,13,10,3545,11
8-3-2020,2.75,Gibraltar,1,13,828,18
10-5-2021,28.26,Bloodhound,11,8,2966,19
18-11-2021,26.46,Bloodhound,3,9,641,10
21-10-2019,0.86,Pathfinder,2,0,267,5
20-2-2021,28.32,Wattson,7,2,1684,18
21-10-2020,24.26,Ash,15,11,1568,9
27-9-2020,19.0,Revenant,4,1,433,14
20-9-2019,4.56,Fuse,9,16,4032,8
14-4-2022,14.3,Bloodhound,5,4,1958,11
7-11-2021,20.77,Bloodhound,2,2,807,11
9-11-2021,10.68,Wattson,6,7,1044,19
30-9-2021,5.88,Gibraltar,5,1,764,13
10-8-2022,1.49,Gibraltar,2,9,990,14
23-12-2022,5.75,Gibraltar,7,10,1996,12
19-3-2020,27.78,Lifeline,9,2,2298,8
5-10-2020,22.64,Lifeline,2,3,855,5
18-5-2021,10.23,Bangalore,10,12,1895,17
14-8-2019,8.95,Bangalore,17,8,2808,13
5-8-2020,13.1,Wraith,4,4,880,1
11-5-2019,9.94,Bloodhound,0,6,848,20
2-2-2022,28.31,Ash,4,9,1565,1
19-12-2020,11.08,Lifeline,3,13,2232,19
19-6-2022,3.71,Lifeline,1,2,571,5
26-8-2019,2.19,Fuse,0,6,317,10
10-7-2019,5.69,Pathfinder,13,0,1697,16
7-9-2020,6.94,Lifeline,5,4,1009,11
12-1-2020,10.62,Ash,18,15,6375,12
8-1-2020,27.94,Wraith,5,10,1703,18
24-3-2019,14.59,Fuse,8,1,1817,8
4-11-2020,9.39,Bangalore,4,4,753,16
1-5-2022,25.51,Bloodhound,10,3,2781,16
11-5-2022,23.73,Wattson,6,5,2310,10
17-8-2022,11.88,Bloodhound,1,7,1432,5
28-8-2020,14.73,Revenant,4,1,1097,13
23-4-2022,19.57,Pathfinder,4,2,975,10
27-12-2021,2.88,Gibraltar,5,2,1553,9
26-7-2019,5.2,Bangalore,1,6,755,12
26-7-2019,11.03,Pathfinder,15,6,1439,1
27-3-2021,4.12,Revenant,1,5,390,17
2-5-2021,22.65,Fuse,11,3,1570,15
25-7-2022,10.59,Wattson,5,3,1017,11
23-10-2019,19.08,Fuse,14,7,3957,6
5-11-2021,19.22,Wraith,4,1,294,19
13-12-2019,25.11,Pathfinder,2,10,2172,14
5-6-2021,7.28,Wraith,4,0,553,2
7-8-2020,21.18,Wraith,2,12,948,17
9-11-2021,11.69,Wraith,9,2,1579,14
8-3-2021,11.1,Gibraltar,1,4,473,16
29-12-2019,12.59,Ash,10,10,4077,17
10-8-2019,13.83,Ash,15,17,3219,11
20-9-2019,26.83,Ash,5,2,637,13
16-8-2022,28.62,Bloodhound,5,10,1091,8
27-5-2020,20.52,Pathfinder,3,3,1206,12
7-12-2019,0.26,Ash,1,10,1328,9
5-4-2020,17.26,Revenant,1,4,543,15
3-5-2022,24.43,Bloodhound,2,12,1811,2
12-7-2019,7.14,Bangalore,12,12,3567,19
3-4-2022,1.92,Gibraltar,1,13,1161,1
10-2-2019,28.97,Pathfinder,10,8,2646,8
27-4-2020,9.2,Bloodhound,15,0,2516,16
4-4-2019,16.87,Bloodhound,5,2,696,19
8-3-2022,5.73,Ash,12,3,1770,11
5-11-2019,11.14,Pathfinder,13,1,2397,6
11-8-2021,18.45,Bloodhound,8,5,849,2
5-8-2021,1.39,Lifeline,5,17,3199,12
3-12-2019,26.75,Revenant,2,13,1551,12
11-12-2021,3.89,Pathfinder,0,0,0,13
27-3-2020,27.57,Ash,5,9,2020,17
20-6-2022,22.46,Pathfinder,18,20,4320,5
22-1-2020,18.19,Ash,5,3,971,9
13-9-2021,4.72,Bloodhound,6,0,377,6
28-8-2022,10.44,Ash,11,18,5213,9
6-1-2022,1.55,Fuse,11,5,1645,16
20-11-2020,9.91,Gibraltar,8,10,3316,2
4-9-2020,8.17,Bloodhound,3,7,806,1
10-2-2019,5.01,Bangalore,6,4,837,3
18-7-2022,4.07,Lifeline,7,0,482,9
14-2-2019,8.16,Wraith,0,6,689,20
11-12-2022,0.67,Pathfinder,2,5,392,4
18-11-2022,15.23,Bangalore,3,3,758,13
19-10-2021,7.7,Pathfinder,2,4,626,14
27-9-2019,24.41,Bangalore,11,12,1643,9
4-12-2020,9.44,Ash,4,2,456,12
18-1-2020,20.81,Ash,19,7,5837,8
27-9-2019,12.15,Fuse,1,11,1606,1
6-5-2019,13.9,Revenant,13,5,3344,2
14-12-2019,18.73,Fuse,3,7,658,16
16-10-2019,12.19,Wraith,3,18,2335,17
12-8-2019,28.79,Revenant,18,11,3324,5
6-3-2020,17.97,Gibraltar,7,7,2255,8
22-11-2020,11.92,Bangalore,9,1,2013,7
23-5-2019,4.66,Ash,0,1,150,6
14-1-2021,8.09,Wattson,7,11,1257,3
15-9-2020,15.25,Lifeline,14,7,2067,9
26-12-2020,6.44,Ash,8,1,1804,2
10-11-2019,2.01,Bangalore,5,18,2379,5
18-2-2022,2.76,Gibraltar,0,4,533,3
14-4-2022,10.22,Pathfinder,8,1,1409,20
12-3-2020,19.08,Lifeline,4,2,1216,9
16-2-2021,10.82,Lifeline,14,1,3349,20
19-4-2022,15.67,Gibraltar,4,1,769,3
1-5-2022,15.8,Fuse,8,5,1628,11
23-11-2021,13.6,Revenant,6,6,2542,11
22-11-2021,17.13,Bangalore,11,6,3654,5
7-12-2020,20.36,Gibraltar,2,14,869,16
21-5-2020,13.79,Pathfinder,5,8,1922,6
19-10-2020,9.63,Pathfinder,7,0,916,7
13-9-2022,26.84,Bangalore,9,6,1274,19
30-7-2021,0.21,Revenant,0,14,2314,4
7-5-2020,16.28,Fuse,3,6,1148,13
14-5-2020,22.35,Pathfinder,2,10,1759,20
7-12-2022,16.31,Gibraltar,5,1,1233,2
30-4-2022,5.51,Wattson,1,0,141,9
18-6-2020,9.53,Lifeline,8,12,2955,15
26-4-2020,1.09,Pathfinder,13,9,3088,9
6-10-2022,2.23,Wattson,2,15,2751,3
28-5-2020,5.59,Bangalore,5,1,1158,1
21-1-2022,10.66,Gibraltar,6,2,477,17
20-6-2019,5.67,Pathfinder,5,7,1740,6
18-7-2020,19.58,Wattson,3,6,1522,13
1-3-2021,9.73,Revenant,0,1,101,3
8-6-2019,2.46,Fuse,16,0,1775,5
12-12-2022,18.45,Wraith,1,13,1972,3
12-1-2020,21.21,Wattson,6,4,1322,17
8-12-2022,7.23,Bloodhound,0,3,440,8
15-9-2019,7.37,Wraith,1,7,461,3
22-11-2021,28.27,Revenant,12,16,4028,19
26-11-2019,27.56,Bloodhound,5,3,1583,9
6-12-2021,1.75,Pathfinder,2,6,748,4
3-9-2020,24.81,Wraith,3,10,2225,20
17-5-2020,26.81,Fuse,2,4,698,7
27-6-2021,10.13,Fuse,2,2,373,3
22-8-2020,27.73,Bangalore,15,9,4080,1
20-11-2020,20.98,Fuse,12,3,1319,3
16-7-2019,15.16,Wattson,14,11,4449,10
8-4-2019,3.19,Wattson,3,12,1701,5
23-5-2021,3.37,Wraith,3,6,1480,16
23-2-2021,8.99,Bangalore,2,2,214,9
27-4-2020,7.91,Gibraltar,5,3,563,15
6-1-2020,12.21,Lifeline,12,2,2918,8
11-7-2022,10.38,Ash,2,4,1050,8
15-11-2021,20.33,Ash,2,11,833,18
15-6-2019,25.14,Ash,3,13,3136,1
27-12-2020,25.05,Wraith,6,8,849,19
12-2-2021,13.76,Fuse,19,17,4059,5
23-4-2021,1.95,Revenant,6,5,1769,14
19-2-2022,19.94,Bloodhound,7,7,1635,1
15-6-2019,24.6,Lifeline,2,3,679,17
1-1-2021,15.2,Revenant,11,2,2881,19
8-7-2020,14.41,Lifeline,1,2,539,15
20-2-2022,21.06,Revenant,11,2,1676,20
17-3-2019,19.62,Gibraltar,1,8,1321,16
26-3-2022,8.08,Bloodhound,17,4,4022,4
31-5-2019,14.34,Bangalore,1,5,593,5
13-1-2022,29.62,Wraith,3,10,1499,16
12-8-2020,0.55,Revenant,14,13,3040,16
19-5-2021,17.79,Ash,2,3,535,17
28-7-2021,19.22,Fuse,2,1,206,1
9-8-2020,0.56,Ash,18,4,2373,14
30-9-2020,12.34,Wattson,10,1,665,7
13-6-2020,6.33,Fuse,12,1,1895,18
25-11-2019,7.92,Gibraltar,2,7,1767,19
11-8-2022,22.21,Bangalore,17,2,2150,9
17-12-2019,19.98,Pathfinder,13,5,3497,1
13-2-2021,13.99,Bangalore,5,8,1337,9
17-8-2022,29.96,Wraith,10,10,3317,15
24-11-2020,18.57,Wattson,5,14,1334,8
8-5-2019,28.7,Bloodhound,12,3,2518,1
28-7-2020,28.69,Revenant,7,4,1486,16
8-10-2021,7.43,Fuse,1,1,320,2
14-5-2022,5.28,Fuse,0,13,2230,18
17-10-2022,18.68,Wraith,10,4,2515,18
21-5-2021,0.04,Ash,3,10,2391,6
16-9-2021,12.64,Ash,8,1,712,4
19-3-2020,25.89,Bloodhound,3,6,1899,1
25-9-2019,12.95,Lifeline,5,11,2394,11
28-7-2020,10.12,Lifeline,3,2,857,13
24-6-2021,20.88,Revenant,2,17,1217,1
2-5-2022,23.97,Gibraltar,6,4,1834,13
30-8-2022,4.46,Revenant,2,0,327,17
20-12-2019,16.09,Bangalore,8,17,3323,4
14-11-2020,23.3,Bangalore,8,4,1156,10
27-2-2021,8.45,Gibraltar,8,0,1222,14
7-5-2022,3.85,Gibraltar,2,1,185,2
12-5-2021,9.82,Ash,0,1,131,15
30-12-2021,12.29,Gibraltar,5,3,1027,4
31-10-2020,12.02,Lifeline,15,3,2356,12
29-3-2020,15.99,Pathfinder,1,8,727,15
15-8-2019,13.96,Revenant,8,3,1433,2
3-12-2022,17.49,Lifeline,20,2,1664,18
3-4-2020,3.13,Wattson,12,6,2157,17
10-12-2021,9.68,Pathfinder,10,9,3068,17
17-10-2021,6.44,Lifeline,1,7,1242,16
25-3-2019,5.75,Revenant,0,12,1563,4
25-2-2022,2.39,Fuse,2,1,244,13
25-12-2021,25.78,Pathfinder,4,15,1740,14
11-1-2020,19.1,Gibraltar,2,11,2107,7
20-5-2019,22.62,Revenant,4,12,2517,9
19-10-2019,24.44,Bangalore,3,2,444,14
14-9-2021,1.64,Pathfinder,9,0,1382,9
10-7-2020,27.27,Wraith,3,3,482,3
28-4-2021,1.19,Revenant,15,0,2070,13
13-12-2019,28.67,Fuse,5,4,903,2
14-3-2020,4.8,Wattson,5,3,983,17
19-3-2022,19.79,Wattson,1,5,634,9
12-3-2019,21.9,Wraith,8,7,981,18
31-1-2021,25.07,Wraith,5,7,1791,6
22-4-2019,27.42,Gibraltar,9,9,1283,17
2-2-2021,15.84,Gibraltar,12,6,3090,6
14-5-2021,28.71,Bloodhound,2,5,1074,16
7-3-2021,19.38,Lifeline,4,8,2253,15
7-1-2022,2.48,Bloodhound,2,0,304,5
1-8-2022,3.99,Gibraltar,4,3,875,7
8-4-2019,0.46,Bangalore,7,11,2007,7
31-1-2020,2.8,Gibraltar,8,12,4129,13
13-11-2022,5.65,Lifeline,0,0,0,15
16-7-2021,2.15,Pathfinder,2,12,1043,2
10-12-2020,6.24,Revenant,10,1,1607,2
6-4-2019,13.24,Wraith,1,6,662,8
14-3-2019,1.59,Wattson,9,2,2048,13
29-9-2020,12.44,Wattson,1,10,1805,8
19-8-2021,13.47,Bloodhound,4,4,650,19
19-9-2020,15.8,Pathfinder,5,6,1641,2
8-7-2021,9.3,Lifeline,3,8,1542,5
19-2-2021,19.72,Wraith,17,4,1617,18
10-8-2020,20.99,Revenant,17,8,4498,9
20-11-2020,28.65,Bloodhound,6,2,1780,10
16-5-2022,23.37,Ash,10,4,1018,11
28-11-2020,27.7,Bloodhound,15,6,2651,10
6-4-2019,13.1,Wattson,2,6,1374,17
1-4-2019,14.22,Ash,5,14,2918,18
23-11-2019,17.22,Wattson,14,1,1486,10
29-11-2022,25.97,Gibraltar,6,4,1919,3
10-2-2020,16.09,Fuse,11,8,3531,12
28-10-2022,0.43,Fuse,12,0,1089,1
28-4-2022,22.93,Wattson,11,14,2899,1
15-11-2019,17.07,Revenant,1,12,1177,11
29-5-2020,25.06,Gibraltar,11,8,1649,17
19-3-2020,13.8,Wattson,12,8,2496,19
3-9-2020,10.2,Lifeline,17,3,4599,10
15-5-2022,12.57,Lifeline,7,1,1123,19
16-9-2021,23.95,Wattson,12,16,5636,3
7-8-2019,2.48,Wattson,7,1,939,14
17-4-2020,9.64,Gibraltar,0,0,0,9
30-5-2019,13.74,Wraith,3,2,1046,8
13-10-2022,15.9,Revenant,15,1,1758,17
21-2-2022,9.94,Bangalore,0,2,344,12
25-6-2022,29.46,Wraith,14,2,1945,13
8-4-2022,0.87,Bloodhound,0,15,2185,8
23-2-2019,2.53,Lifeline,1,9,1618,1
9-7-2022,21.57,Gibraltar,2,3,949,13
14-8-2019,15.39,Gibraltar,11,2,1573,20
5-9-2020,17.3,Revenant,5,2,494,14
16-8-2020,7.71,Lifeline,6,14,1901,15
15-4-2019,17.88,Lifeline,11,2,1688,14
15-5-2019,20.14,Revenant,14,2,1873,2
6-10-2022,13.23,Bloodhound,3,5,1541,15
16-8-2022,8.61,Wraith,0,1,79,8
14-5-2019,24.26,Bangalore,8,6,1243,8
18-6-2021,9.63,Gibraltar,0,1,120,14
30-3-2019,25.7,Pathfinder,2,9,1761,12
9-5-2020,18.82,Fuse,3,1,305,2
11-6-2019,15.74,Lifeline,3,6,997,12
19-7-2022,16.8,Revenant,2,1,297,5
27-4-2021,12.04,Lifeline,16,3,1500,13
19-11-2022,4.25,Gibraltar,4,2,469,1
24-2-2020,0.7,Lifeline,4,1,1051,15
18-10-2020,17.83,Fuse,11,4,1725,2
6-10-2021,25.52,Wattson,15,2,3131,6
19-11-2022,2.25,Bloodhound,7,2,855,14
13-4-2021,13.47,Pathfinder,6,2,1516,16
1-12-2021,7.88,Wattson,1,7,702,10
25-3-2022,29.71,Wattson,11,4,1162,16
31-5-2020,16.97,Bangalore,4,3,1273,14
31-10-2022,13.99,Pathfinder,13,7,3736,18
24-4-2022,29.39,Gibraltar,7,2,691,5
9-4-2020,16.36,Lifeline,12,4,3104,9
22-7-2021,29.81,Wraith,21,2,4837,3
11-1-2020,9.65,Ash,4,7,963,7
22-9-2021,28.94,Wraith,4,3,1031,5
10-3-2021,12.07,Gibraltar,4,1,604,17
9-1-2022,22.46,Gibraltar,17,14,4913,6
19-1-2020,6.22,Bangalore,1,1,378,12
4-2-2021,8.57,Lifeline,2,2,227,10
15-1-2021,12.84,Bloodhound,5,13,2598,6
27-10-2021,22.99,Bloodhound,4,10,1491,5
23-6-2019,14.81,Gibraltar,4,3,748,1
27-7-2021,19.17,Gibraltar,15,4,2297,1
2-12-2022,16.85,Lifeline,5,1,686,4
14-1-2022,12.69,Gibraltar,16,4,4389,4
14-4-2021,8.98,Revenant,15,4,3390,9
8-8-2019,3.47,Gibraltar,4,1,796,2
9-5-2020,6.14,Lifeline,5,1,445,1
24-6-2022,25.65,Ash,6,3,1710,10
9-10-2020,23.04,Fuse,5,5,1083,3
27-10-2021,27.22,Wattson,14,2,3155,20
20-10-2021,26.12,Ash,14,8,2947,16
9-3-2021,20.43,Wattson,2,12,1431,18
19-8-2022,3.04,Wattson,4,9,1252,5
5-7-2021,16.22,Lifeline,13,17,6190,4
18-9-2020,25.73,Wattson,4,12,2750,5
5-12-2021,12.27,Gibraltar,4,3,534,1
27-7-2021,15.5,Lifeline,7,2,1317,8
22-9-2020,7.64,Revenant,0,5,757,9
9-5-2020,10.6,Bangalore,4,1,620,18
21-2-2021,3.56,Revenant,11,6,3130,1
2-6-2019,27.71,Lifeline,5,17,2998,11
29-9-2022,9.85,Lifeline,1,5,1118,18
31-8-2021,26.57,Wraith,2,12,2665,3
10-11-2020,8.79,Fuse,1,2,352,15
23-9-2022,15.71,Pathfinder,3,3,554,6
11-5-2020,8.73,Bangalore,7,0,1657,7
17-4-2020,0.09,Wattson,5,3,1674,16
25-4-2022,4.0,Bangalore,0,0,0,20
27-4-2021,17.65,Gibraltar,12,8,3420,20
3-12-2021,18.98,Fuse,8,1,1991,20
4-12-2021,13.67,Bloodhound,4,9,1510,10
23-3-2022,24.38,Wraith,5,15,3223,6
15-5-2022,15.39,Bloodhound,5,10,3041,12
4-9-2020,2.11,Wattson,1,0,108,14
29-11-2019,4.14,Revenant,3,2,573,5
10-11-2020,16.27,Pathfinder,1,3,385,2
12-8-2021,26.3,Bangalore,2,13,1467,9
14-11-2020,14.05,Bloodhound,13,1,1275,5
16-4-2021,12.77,Wattson,4,7,616,11
19-12-2022,1.52,Wattson,0,4,666,7
24-5-2020,27.56,Bloodhound,6,2,1738,2
6-8-2022,13.41,Wattson,8,5,2553,17
24-1-2021,13.22,Fuse,6,10,2824,8
18-1-2022,1.17,Ash,6,2,1106,9
26-5-2019,25.85,Ash,7,7,1850,16
21-4-2020,13.98,Ash,8,5,1085,14
16-2-2022,6.96,Wraith,4,0,259,18
17-6-2021,14.41,Revenant,7,9,2247,19
6-3-2020,1.51,Fuse,3,3,697,8
2-5-2022,27.24,Gibraltar,9,2,2170,15
27-7-2019,9.56,Wraith,0,0,0,14
26-10-2022,29.63,Revenant,9,3,1151,2
17-3-2021,18.68,Lifeline,11,9,2800,18
2-7-2019,3.57,Bloodhound,7,4,878,8
28-11-2021,6.07,Pathfinder,3,6,872,3
17-12-2022,7.78,Lifeline,4,1,762,18
31-10-2021,29.96,Pathfinder,15,2,1528,14
10-3-2020,17.92,Wattson,16,1,1438,14
8-11-2022,16.47,Gibraltar,1,8,551,13
21-6-2020,24.3,Revenant,2,10,689,19
28-4-2022,9.84,Revenant,0,7,921,17
9-7-2022,28.42,Ash,6,3,1060,1
27-4-2020,25.6,Revenant,3,5,831,11
8-9-2020,15.96,Wraith,4,2,1256,16
5-4-2022,20.91,Lifeline,2,3,320,18
2-7-2019,11.04,Ash,4,2,487,6
8-6-2020,29.28,Pathfinder,12,10,3928,13
5-9-2022,11.13,Wattson,3,11,2665,18
27-4-2022,24.86,Lifeline,2,6,1528,10
2-1-2020,9.47,Pathfinder,2,1,558,4
8-2-2020,2.68,Fuse,15,1,1880,11
19-5-2021,21.98,Gibraltar,2,6,802,1
14-4-2019,2.34,Bloodhound,0,6,454,3
6-2-2020,18.67,Ash,7,4,1110,9
30-12-2022,12.25,Lifeline,5,1,1009,4
11-5-2022,22.29,Wraith,2,4,770,7
19-11-2022,24.1,Pathfinder,13,2,2068,16
30-7-2022,14.48,Wraith,2,5,1349,16
6-7-2022,22.75,Bloodhound,8,7,2036,9
9-9-2022,9.26,Ash,11,2,2915,11
27-1-2021,20.52,Pathfinder,3,14,2888,7
20-11-2021,8.61,Fuse,0,10,1849,18
28-7-2022,11.37,Pathfinder,3,3,546,4
21-10-2020,19.71,Pathfinder,5,8,698,8
17-7-2020,3.26,Bloodhound,0,16,2284,4
28-4-2019,3.97,Fuse,2,7,1618,9
3-4-2020,14.24,Ash,9,2,1891,2
21-12-2022,29.14,Revenant,13,2,3045,1
27-1-2021,3.6,Bangalore,9,15,2029,1
1-12-2021,17.45,Gibraltar,2,2,337,13
11-7-2019,4.55,Bangalore,4,7,1610,18
20-10-2020,27.14,Revenant,11,3,2038,1
21-10-2021,25.0,Gibraltar,4,9,2464,3
31-8-2022,8.35,Lifeline,2,15,2231,2
31-10-2019,19.21,Gibraltar,9,2,2383,6
28-12-2022,7.34,Fuse,0,5,863,9
18-3-2021,21.62,Bangalore,3,6,1029,11
26-8-2022,25.88,Revenant,6,3,1493,7
27-6-2020,20.2,Bangalore,5,3,1247,1
11-5-2022,25.18,Ash,9,9,1424,15
25-8-2019,26.26,Gibraltar,2,6,1367,8
25-9-2021,15.18,Wraith,12,3,1221,19
23-8-2020,5.7,Wattson,0,1,79,12
5-12-2021,2.57,Fuse,2,4,319,1
3-10-2020,6.52,Lifeline,2,10,2283,3
13-7-2021,16.66,Fuse,12,1,1761,18
6-7-2020,2.47,Wraith,7,4,1411,11
24-7-2022,24.21,Bangalore,8,5,2192,4
8-5-2019,15.53,Gibraltar,6,18,3955,13
2-7-2022,21.05,Bangalore,6,8,1819,7
25-10-2019,6.67,Wattson,0,11,975,9
20-11-2022,9.62,Bloodhound,6,1,1067,20
25-6-2022,12.44,Pathfinder,4,1,346,14
14-9-2021,29.26,Wraith,12,4,1935,4
26-3-2021,11.07,Bloodhound,5,1,1296,1
14-12-2019,15.52,Pathfinder,5,4,1426,13
10-5-2019,9.91,Wraith,12,2,3105,20
15-10-2022,3.84,Fuse,7,2,1353,16
6-11-2022,13.94,Lifeline,5,1,615,5
11-6-2020,4.08,Bangalore,3,2,332,18
1-3-2021,18.95,Gibraltar,10,5,3162,15
30-6-2021,23.98,Fuse,6,2,1504,1
13-6-2020,29.96,Lifeline,2,10,1692,1
27-12-2020,26.79,Pathfinder,20,10,3955,8
31-7-2020,25.51,Ash,2,3,713,15
16-7-2022,7.42,Revenant,0,15,2656,14
16-7-2021,17.45,Gibraltar,7,11,1460,20
10-10-2020,24.23,Wraith,6,2,1421,6
10-4-2020,14.0,Ash,7,1,614,16
23-10-2020,18.01,Wattson,3,7,668,11
16-6-2022,24.9,Wraith,5,8,1375,19
9-9-2019,6.5,Bangalore,3,7,1601,11
2-8-2020,10.73,Wraith,5,19,2686,5
25-8-2022,25.28,Bangalore,11,9,1244,12
29-12-2022,29.33,Revenant,2,6,878,1
19-12-2020,25.45,Bloodhound,5,4,888,1
16-9-2020,21.02,Wraith,4,5,1035,20
16-12-2022,21.04,Fuse,3,3,1045,15
31-10-2022,11.0,Wattson,9,1,1925,3
16-3-2022,1.66,Ash,0,5,397,5
30-9-2019,14.57,Ash,2,16,1127,11
15-4-2021,4.49,Bloodhound,3,6,1601,4
17-9-2020,11.56,Wattson,3,5,699,6
2-3-2019,20.41,Wattson,5,11,1450,20
14-9-2021,14.8,Gibraltar,2,6,693,13
31-5-2022,19.09,Wraith,3,12,1563,3
2-3-2019,13.72,Bangalore,12,1,1896,12
23-6-2021,20.54,Gibraltar,8,2,901,2
13-9-2021,23.02,Bloodhound,13,2,2809,10
18-4-2020,25.06,Wraith,7,11,2896,17
3-2-2021,18.59,Bloodhound,1,1,180,7
10-11-2019,2.0,Pathfinder,2,3,1023,20
23-11-2020,13.31,Bloodhound,1,1,312,8
19-8-2020,5.76,Ash,10,1,2222,2
6-10-2021,25.14,Lifeline,7,18,3987,11
2-4-2020,15.09,Fuse,3,17,2226,7
2-2-2021,22.76,Gibraltar,13,3,3383,11
10-5-2022,0.58,Wraith,13,14,2486,20
7-9-2021,14.71,Bloodhound,7,2,905,8
29-5-2022,4.06,Bangalore,8,3,1350,12
22-6-2022,8.43,Ash,0,11,1030,11
4-10-2021,7.92,Fuse,2,1,571,7
9-9-2020,4.42,Gibraltar,1,2,579,16
15-10-2021,17.33,Fuse,2,9,1681,14
28-8-2020,8.69,Gibraltar,7,7,1303,7
25-10-2022,8.25,Wraith,10,16,2106,2
19-9-2022,5.02,Lifeline,1,6,608,20
1-12-2019,11.71,Gibraltar,9,6,2083,10
15-7-2020,1.22,Pathfinder,9,1,1813,10
17-4-2021,2.66,Bloodhound,0,1,123,1
18-12-2020,22.64,Pathfinder,2,11,1603,2
5-2-2020,0.15,Wattson,1,0,74,17
5-11-2020,18.49,Ash,9,8,3014,15
22-3-2020,3.27,Bangalore,0,7,1234,11
15-11-2020,17.98,Lifeline,17,13,5562,19
21-7-2022,19.74,Gibraltar,16,1,1649,3
15-1-2020,21.81,Gibraltar,7,6,1208,1
5-4-2021,25.47,Ash,2,2,641,3
15-7-2019,28.16,Bangalore,2,9,649,4
29-3-2019,15.05,Wattson,1,7,566,8
26-3-2022,29.76,Ash,7,4,1332,4
15-10-2022,28.73,Wattson,4,18,3301,16
5-8-2022,29.83,Gibraltar,2,20,3562,3
19-12-2022,1.82,Pathfinder,1,0,218,2
29-8-2021,19.39,Ash,2,15,2321,4
19-6-2021,0.36,Revenant,0,6,915,16
28-8-2019,0.61,Lifeline,13,6,2325,1
15-2-2020,13.49,Pathfinder,1,1,333,20
15-11-2019,11.57,Fuse,2,5,1203,11
21-11-2022,6.41,Lifeline,2,3,580,14
21-2-2020,19.96,Wattson,4,4,707,20
21-3-2022,25.46,Bloodhound,2,4,1037,17
29-7-2019,1.25,Wattson,2,2,683,2
14-3-2020,16.83,Ash,2,12,2400,2
21-11-2020,3.91,Wattson,5,4,860,19
16-2-2021,23.1,Bangalore,2,12,849,6
7-3-2022,23.39,Wraith,4,8,2342,15
18-8-2020,25.45,Lifeline,8,8,3289,16
14-5-2020,7.04,Wraith,2,4,508,4
14-12-2021,11.21,Lifeline,4,2,384,14
20-4-2022,7.93,Wraith,0,0,0,1
12-5-2020,28.66,Lifeline,13,2,2344,16
30-12-2021,16.2,Revenant,4,3,816,8
13-9-2020,29.88,Lifeline,3,6,823,9
11-4-2020,14.85,Lifeline,1,14,2043,5
5-1-2021,16.48,Pathfinder,5,1,1197,20
25-7-2021,10.6,Ash,2,4,702,11
1-3-2020,25.91,Revenant,5,4,1154,5
25-11-2022,19.53,Ash,11,12,2571,12
19-5-2021,1.14,Bangalore,3,9,1626,12
2-7-2022,14.97,Pathfinder,15,1,2778,5
24-7-2022,22.26,Revenant,9,5,2161,19
22-3-2019,17.5,Wattson,17,13,5253,16
1-10-2022,22.86,Fuse,3,10,1292,10
29-8-2019,27.11,Pathfinder,2,4,1079,9
10-3-2020,10.13,Wraith,13,8,1653,15
26-11-2020,3.35,Bloodhound,0,3,300,5
25-11-2020,3.25,Ash,3,2,647,16
10-8-2019,13.61,Pathfinder,6,3,647,15
17-7-2022,28.1,Fuse,2,6,827,6
16-1-2021,7.62,Lifeline,7,0,853,11
8-8-2021,13.46,Fuse,8,12,2942,12
19-6-2019,20.45,Revenant,7,4,873,11
11-6-2019,24.65,Bloodhound,2,2,380,18
26-11-2020,8.0,Revenant,2,10,1508,2
22-3-2022,22.52,Ash,9,6,2118,9
10-11-2021,6.13,Lifeline,1,13,1373,8
18-11-2019,26.02,Bloodhound,11,4,2413,6
8-4-2021,29.25,Wraith,7,2,577,13
7-7-2021,21.24,Gibraltar,11,3,2418,2
11-1-2021,0.43,Ash,1,14,1522,16
19-9-2022,2.18,Ash,1,11,710,8
26-8-2020,1.11,Bangalore,8,3,1860,16
17-6-2019,22.52,Ash,9,5,2062,13
18-2-2020,12.71,Revenant,9,3,2185,10
3-4-2021,17.82,Bangalore,3,3,641,7
4-1-2021,22.19,Wattson,12,2,2737,3
13-1-2020,7.45,Gibraltar,10,2,1644,5
6-1-2022,26.27,Wraith,2,2,598,10
30-8-2020,15.51,Bangalore,4,3,519,18
16-6-2022,8.47,Wraith,5,13,2719,11
21-5-2019,19.5,Wraith,5,2,694,9
26-5-2020,12.7,Bangalore,5,8,2670,2
22-4-2021,28.25,Bangalore,4,8,871,12
4-12-2021,13.77,Gibraltar,6,12,2417,19
26-5-2019,24.09,Revenant,4,8,1009,4
24-5-2020,4.78,Gibraltar,5,8,671,6
15-9-2022,2.51,Bangalore,6,0,1324,1
29-11-2020,9.54,Lifeline,7,9,3350,3
22-6-2021,10.79,Gibraltar,10,1,1466,13
4-6-2019,24.67,Bangalore,5,9,894,19
23-6-2019,6.55,Bloodhound,0,3,440,12
26-11-2020,10.28,Fuse,8,1,1384,9
8-4-2022,3.92,Revenant,6,14,3478,2
29-9-2022,6.81,Wattson,0,8,1227,1
16-8-2019,8.6,Pathfinder,10,2,1799,18
23-7-2021,24.27,Bangalore,2,5,1344,8
27-12-2022,2.35,Gibraltar,12,0,2334,7
28-9-2022,15.83,Lifeline,7,9,2328,10
17-10-2020,21.34,Ash,2,7,1267,14
7-3-2021,18.8,Bangalore,2,2,679,18
16-10-2019,13.61,Bloodhound,7,3,2072,18
27-2-2021,7.26,Pathfinder,0,6,378,15
10-7-2022,28.47,Fuse,8,2,1314,7
4-1-2022,11.46,Revenant,1,13,2104,18
5-9-2022,26.04,Wraith,6,2,643,7
17-6-2020,24.57,Gibraltar,2,4,994,7
29-6-2020,29.96,Ash,4,2,1126,8
7-1-2021,29.95,Pathfinder,4,4,758,5
26-12-2021,19.91,Fuse,4,8,1779,5
30-8-2019,11.01,Lifeline,7,3,1313,8
24-8-2019,29.58,Fuse,3,5,894,14
22-5-2021,10.99,Lifeline,12,8,2150,4
29-8-2021,3.17,Gibraltar,11,6,3563,3
21-7-2021,25.39,Bloodhound,9,8,1157,4
28-2-2020,8.21,Bloodhound,13,9,1533,5
19-3-2021,15.73,Gibraltar,14,2,1136,19
4-3-2020,23.88,Wraith,3,2,600,8
8-8-2019,15.63,Lifeline,2,4,381,4
4-8-2021,21.71,Revenant,3,4,849,3
3-10-2022,22.24,Lifeline,10,3,1441,11
22-8-2022,5.8,Fuse,1,3,564,7
21-10-2022,18.19,Fuse,12,2,2609,6
25-3-2022,2.46,Lifeline,2,11,2409,14
8-10-2019,17.79,Pathfinder,2,11,704,10
27-1-2021,22.59,Bangalore,12,6,1840,10
1-11-2022,4.75,Wraith,0,5,270,17
30-3-2019,24.34,Pathfinder,7,14,4203,11
16-7-2021,3.48,Pathfinder,11,0,1258,19
7-4-2020,17.24,Wattson,2,12,2391,19
9-8-2020,14.2,Ash,15,18,3119,11
19-5-2020,5.07,Ash,1,7,408,8
15-3-2020,8.99,Wraith,0,0,0,3
22-2-2020,10.65,Fuse,5,3,1268,8
17-11-2022,1.26,Gibraltar,14,0,900,2
25-1-2020,15.3,Gibraltar,1,3,371,6
25-8-2019,3.35,Wattson,10,5,899,8
25-3-2020,7.6,Gibraltar,7,4,2323,2
13-4-2022,0.74,Lifeline,1,1,354,8
25-12-2021,26.22,Bangalore,6,16,3935,4
5-3-2021,5.32,Bangalore,0,1,96,3
18-12-2019,2.94,Bangalore,13,1,3302,3
10-8-2021,15.47,Bangalore,13,7,3511,19
26-9-2022,16.8,Wattson,2,5,1022,10
12-7-2022,5.86,Bloodhound,0,0,0,10
16-5-2021,13.26,Wraith,1,1,355,4
19-7-2021,7.28,Wattson,7,12,1190,3
21-12-2022,0.74,Wraith,0,1,89,15
23-7-2021,27.41,Wraith,4,14,3106,8
4-2-2022,23.67,Fuse,4,2,1280,10
18-5-2020,1.99,Bangalore,4,1,684,12
8-6-2022,27.34,Lifeline,9,11,3805,15
16-7-2021,20.4,Bangalore,3,3,382,5
5-6-2019,9.03,Wattson,1,4,388,11
13-3-2022,13.52,Wraith,1,6,1264,13
26-3-2021,9.68,Wraith,3,3,986,8
31-12-2019,8.91,Ash,6,0,563,1
28-6-2020,1.3,Bloodhound,2,12,1930,7
23-4-2022,17.72,Bloodhound,2,10,2144,18
17-3-2019,1.37,Bloodhound,7,3,639,12
15-12-2021,16.74,Fuse,12,4,1441,13
16-3-2021,27.84,Lifeline,5,11,2761,1
9-10-2021,14.81,Ash,1,5,306,19
11-9-2022,29.74,Gibraltar,6,4,1575,18
1-5-2021,10.47,Bangalore,13,2,2344,6
11-12-2019,3.79,Lifeline,8,0,1894,3
17-9-2022,21.76,Pathfinder,12,12,3876,14
28-7-2019,17.56,Pathfinder,13,1,863,16
7-3-2020,28.05,Gibraltar,12,7,4119,11
17-8-2021,2.53,Revenant,1,10,1760,1
21-7-2021,8.54,Wraith,2,11,1191,17
23-3-2020,24.61,Wraith,6,8,2826,5
27-6-2021,22.32,Bangalore,11,4,2903,20
4-9-2021,4.52,Bangalore,4,16,3180,9
8-9-2019,25.97,Revenant,2,8,1863,15
19-3-2019,22.71,Bangalore,2,6,500,10
6-4-2020,14.42,Bangalore,1,12,837,9
21-8-2019,14.88,Pathfinder,5,2,1134,16
14-9-2020,19.62,Lifeline,3,2,1012,5
4-7-2021,11.99,Bangalore,6,6,2236,2
24-9-2021,25.53,Lifeline,9,12,4081,6
26-11-2021,12.06,Ash,7,3,1345,17
4-7-2021,25.07,Fuse,7,4,1295,8
30-8-2022,4.69,Revenant,0,8,1191,15
8-8-2019,8.44,Wattson,0,1,56,8
19-4-2021,9.73,Ash,12,6,1256,15
9-12-2022,21.0,Wattson,7,10,3168,11
21-3-2019,16.36,Revenant,2,12,1252,2
5-7-2019,12.8,Pathfinder,1,10,929,9
7-11-2020,19.9,Bloodhound,2,8,1022,18
27-8-2020,3.27,Gibraltar,15,7,4133,16
19-2-2019,20.67,Fuse,6,3,1100,19
7-7-2020,28.51,Bloodhound,5,2,1396,20
23-12-2021,27.94,Bangalore,2,4,928,19
14-10-2022,4.59,Bangalore,5,2,877,16
24-11-2022,21.45,Bloodhound,7,6,1514,13
4-1-2021,18.12,Wattson,13,1,2052,11
5-12-2020,23.17,Lifeline,2,2,721,7
24-2-2022,0.16,Lifeline,7,5,2405,13
8-8-2020,6.57,Revenant,7,4,1736,5
20-9-2020,16.53,Revenant,3,2,958,14
2-3-2022,5.3,Wraith,0,17,853,8
30-7-2019,15.44,Lifeline,11,5,3100,8
28-5-2019,12.84,Ash,3,11,2390,10
11-1-2021,26.01,Wraith,8,14,1615,11
22-7-2021,5.4,Fuse,9,8,2258,4
22-4-2019,26.14,Wattson,2,6,423,15
9-4-2022,11.01,Revenant,4,4,647,16
11-2-2022,10.36,Bangalore,8,1,860,1
7-11-2020,9.36,Wraith,12,7,3610,14
24-11-2020,15.96,Pathfinder,2,6,494,1
30-7-2020,13.88,Revenant,5,1,572,14
2-11-2020,15.09,Fuse,7,3,1209,11
24-7-2019,22.72,Bangalore,4,3,1041,5
4-5-2019,26.05,Wraith,9,2,988,11
24-6-2019,13.43,Pathfinder,5,15,3318,9
12-5-2019,7.76,Lifeline,0,7,420,4
1-3-2019,7.8,Lifeline,0,5,365,11
20-11-2021,4.4,Ash,4,2,1223,11
9-9-2019,19.78,Wattson,1,2,438,14
8-6-2022,2.14,Revenant,8,5,881,18
27-7-2020,23.57,Bangalore,6,9,1613,12
8-4-2021,10.62,Bloodhound,9,16,2899,8
20-10-2022,9.25,Revenant,7,1,1695,5
3-9-2019,10.6,Fuse,5,9,2689,18
11-12-2022,7.4,Bangalore,2,18,3716,12
7-2-2020,4.95,Ash,2,5,783,13
16-5-2021,10.53,Pathfinder,4,4,1311,10
4-4-2021,8.58,Wraith,0,13,2134,14
17-1-2022,18.9,Bloodhound,8,2,1690,1
24-7-2022,1.86,Wraith,2,0,321,9
23-1-2022,1.46,Revenant,0,0,0,1
25-3-2021,13.37,Pathfinder,3,7,798,7
2-5-2019,27.13,Revenant,6,9,964,5
26-8-2019,2.34,Fuse,12,0,1901,17
1-5-2020,1.79,Bloodhound,8,0,1130,1
2-11-2019,2.41,Fuse,3,3,598,2
13-9-2019,16.57,Ash,1,5,899,3
26-5-2020,11.41,Wraith,7,7,1369,6
15-11-2021,4.86,Gibraltar,1,5,1107,17
1-1-2020,17.98,Wraith,3,15,2699,19
31-12-2020,23.13,Pathfinder,19,2,3953,20
6-6-2020,21.14,Ash,4,5,1411,4
28-10-2019,14.37,Bloodhound,11,2,2372,8
27-11-2020,15.07,Bloodhound,2,2,438,16
8-11-2021,0.84,Bloodhound,2,0,288,14
8-8-2019,27.24,Fuse,8,2,1825,10
20-4-2021,25.19,Lifeline,13,2,2610,9
3-12-2022,13.69,Lifeline,19,9,4860,1
9-2-2022,23.21,Wraith,8,7,3143,18
24-6-2022,14.82,Wattson,5,4,1559,18
26-10-2022,8.14,Bloodhound,5,7,1929,15
14-12-2019,7.58,Bloodhound,2,5,795,19
30-1-2022,7.98,Ash,2,0,312,10
3-6-2020,21.97,Bloodhound,11,10,2453,8
20-1-2020,13.13,Gibraltar,4,7,2093,11
23-7-2019,6.82,Lifeline,16,8,3881,4
15-10-2021,25.27,Gibraltar,3,15,1056,16
1-6-2019,11.45,Lifeline,8,8,1977,10
17-4-2022,14.28,Fuse,1,3,773,7
5-9-2022,9.93,Ash,1,3,375,4
14-4-2019,12.58,Wattson,13,4,1100,3
28-12-2020,16.79,Pathfinder,8,4,1809,16
29-9-2021,21.45,Revenant,11,3,825,8
9-7-2019,23.31,Lifeline,5,7,747,8
17-12-2021,23.2,Revenant,2,17,2381,13
11-4-2020,21.52,Pathfinder,4,2,1066,8
17-5-2021,10.73,Bloodhound,6,4,1112,15
8-7-2019,15.45,Bloodhound,2,1,619,6
2-11-2019,20.19,Lifeline,4,3,1479,3
20-11-2021,18.78,Revenant,3,2,551,7
6-1-2022,28.87,Fuse,7,2,1590,16
6-7-2022,18.71,Bloodhound,11,6,3112,14
30-9-2019,16.97,Pathfinder,11,16,3351,4
24-9-2020,25.19,Pathfinder,6,4,915,7
18-3-2022,14.79,Bangalore,2,14,2537,1
2-6-2021,0.84,Revenant,9,4,1185,11
6-6-2022,21.74,Wattson,13,10,2387,1
17-5-2019,5.64,Pathfinder,11,15,2965,2
1-5-2020,25.45,Wraith,3,4,754,6
12-9-2020,13.46,Bangalore,8,11,1993,8
28-6-2022,19.99,Pathfinder,5,3,1595,18
4-10-2019,2.25,Ash,0,13,1872,19
4-12-2022,11.37,Bloodhound,6,12,2741,20
11-11-2022,26.23,Pathfinder,3,12,2379,20
1-10-2021,0.24,Fuse,17,7,1665,11
1-6-2019,12.13,Revenant,4,2,669,12
18-7-2022,12.09,Fuse,2,15,1397,17
29-10-2021,10.9,Fuse,3,9,1837,19
14-5-2021,22.01,Bangalore,9,14,2371,15
7-10-2022,10.05,Bloodhound,6,2,1710,20
23-5-2022,5.12,Gibraltar,1,0,117,16
23-2-2022,13.25,Gibraltar,3,1,637,19
4-9-2022,25.63,Revenant,10,2,2558,16
9-9-2019,9.13,Gibraltar,0,1,113,17
19-7-2021,0.45,Fuse,1,6,757,9
16-2-2020,1.44,Bangalore,0,8,539,18
12-2-2021,12.81,Revenant,9,2,1338,13
3-11-2019,20.3,Fuse,16,11,3104,14
29-7-2019,28.16,Lifeline,8,2,2186,9
7-9-2021,18.05,Revenant,2,3,370,4
28-10-2022,28.12,Wraith,2,20,1702,5
27-3-2019,18.81,Wraith,2,5,1240,13
28-2-2020,10.49,Lifeline,4,16,3283,15
4-6-2020,29.53,Pathfinder,2,16,1598,4
18-4-2020,12.6,Fuse,9,1,1047,20
25-11-2022,12.36,Fuse,4,3,1447,12
11-10-2019,2.79,Bangalore,1,5,798,19
24-7-2021,22.99,Wattson,2,2,507,11
13-2-2021,20.73,Revenant,4,3,699,9
19-2-2021,4.56,Fuse,1,12,2194,7
25-11-2021,8.77,Pathfinder,15,19,3062,3
30-10-2020,17.61,Bloodhound,10,8,1713,20
30-8-2020,5.12,Bangalore,0,0,0,2
21-6-2021,14.01,Fuse,2,6,1620,12
3-9-2021,24.53,Ash,14,2,1989,8
21-1-2020,15.02,Bangalore,6,1,1032,9
11-10-2020,2.28,Gibraltar,7,2,814,3
16-12-2022,18.18,Wattson,6,3,686,10
24-7-2022,20.2,Pathfinder,4,2,917,2
8-8-2019,9.9,Ash,6,5,680,5
14-7-2020,11.9,Wattson,5,3,1635,15
5-3-2019,25.07,Wraith,2,9,1620,13
29-8-2019,8.38,Lifeline,16,0,3356,2
30-3-2021,5.19,Revenant,8,5,2756,7
1-12-2019,17.02,Gibraltar,9,5,995,9
11-10-2022,11.45,Bangalore,2,6,1441,19
16-6-2020,18.18,Lifeline,7,2,2058,5
6-12-2020,2.59,Revenant,0,2,120,11
14-9-2021,28.88,Pathfinder,7,2,1863,11
28-12-2020,17.46,Ash,8,6,784,8
1-10-2019,28.89,Bangalore,7,2,1724,4
23-1-2020,27.53,Lifeline,2,2,295,3
16-11-2021,0.27,Fuse,17,0,2625,13
12-3-2019,28.81,Ash,2,7,1194,19
17-6-2020,14.33,Revenant,5,1,1229,14
11-9-2020,15.6,Bloodhound,1,1,321,6
15-3-2021,20.25,Ash,2,2,292,11
15-10-2021,17.53,Revenant,4,11,1984,1
1-12-2020,26.39,Lifeline,4,4,1728,6
3-12-2021,28.01,Bangalore,13,3,3639,2
9-1-2021,12.91,Pathfinder,6,4,2051,3
12-6-2020,1.52,Bangalore,0,9,785,12
12-10-2021,20.13,Bangalore,3,4,822,8
4-8-2019,24.41,Bloodhound,2,12,1260,5
22-8-2020,2.6,Pathfinder,4,0,980,16
14-10-2019,28.52,Revenant,2,3,718,10
13-4-2019,16.07,Gibraltar,7,5,1630,11
18-2-2022,28.45,Gibraltar,3,2,462,2
31-8-2020,16.52,Pathfinder,11,1,812,17
3-11-2020,22.17,Fuse,7,7,2559,10
3-6-2021,7.65,Wraith,15,2,2360,4
3-3-2019,1.28,Wattson,0,0,0,18
4-8-2021,13.16,Wraith,4,6,772,6
23-4-2022,26.42,Bloodhound,2,4,1093,20
25-1-2020,2.24,Gibraltar,2,0,445,5
4-11-2021,10.55,Lifeline,17,4,3772,12
7-6-2022,11.2,Pathfinder,9,3,1687,20
20-11-2019,16.87,Bloodhound,9,10,1910,12
11-5-2019,29.68,Gibraltar,3,5,891,16
9-12-2020,28.89,Pathfinder,6,8,1568,8
1-8-2020,12.89,Wraith,2,10,1419,4
6-11-2021,9.29,Lifeline,0,0,0,7
19-3-2019,27.15,Wattson,6,10,2503,4
30-1-2022,5.73,Wattson,3,7,1868,8
31-12-2022,18.46,Bangalore,2,3,864,18
24-6-2021,3.53,Fuse,5,4,582,2
6-5-2022,20.3,Revenant,2,9,574,5
22-5-2022,5.31,Pathfinder,1,2,200,14
7-2-2021,21.02,Bangalore,20,17,5227,20
8-8-2021,22.84,Pathfinder,9,2,1600,15
23-11-2022,21.59,Revenant,6,9,2739,3
9-10-2019,10.53,Wattson,6,1,837,13
7-6-2020,3.17,Fuse,14,0,3177,17
1-10-2022,13.18,Fuse,8,2,636,12
1-8-2022,0.11,Lifeline,0,9,994,16
17-9-2022,15.84,Bloodhound,7,7,2025,2
22-2-2020,1.09,Bloodhound,6,1,1558,18
12-10-2021,0.1,Bloodhound,0,5,834,3
7-12-2020,17.77,Gibraltar,12,12,4135,13
23-7-2022,27.67,Wraith,13,8,2077,20
29-7-2020,11.92,Revenant,1,3,475,12
26-10-2019,22.14,Ash,4,3,809,13
19-6-2022,19.41,Gibraltar,9,12,3104,8
24-3-2021,1.19,Wraith,1,1,268,19
18-9-2020,10.28,Bangalore,2,4,1218,1
14-8-2021,25.23,Ash,3,4,1364,9
26-8-2022,18.76,Bloodhound,2,10,2245,18
23-12-2019,19.54,Wraith,3,2,848,9
13-2-2022,29.86,Bloodhound,3,4,1090,14
23-9-2019,21.52,Bangalore,9,2,1182,11
23-2-2021,4.75,Wraith,1,4,403,16
28-2-2020,5.91,Fuse,1,8,456,2
23-2-2021,27.07,Bloodhound,6,19,2107,8
21-2-2022,21.48,Revenant,5,10,1709,9
6-1-2020,8.23,Wattson,7,0,473,3
30-12-2020,5.14,Wattson,1,5,539,2
11-4-2020,6.72,Bangalore,11,3,1657,7
26-10-2022,0.91,Lifeline,5,2,667,1
15-3-2022,16.01,Gibraltar,1,1,261,14
18-5-2021,28.68,Bloodhound,9,4,1102,11
12-12-2021,21.11,Gibraltar,9,2,1398,14
29-1-2022,26.9,Bangalore,7,15,2581,18
21-1-2022,4.06,Wattson,0,0,0,9
19-6-2019,7.66,Gibraltar,1,0,119,13
26-12-2019,18.21,Wattson,2,11,1534,18
11-7-2020,7.1,Bloodhound,3,14,2052,17
17-10-2022,23.29,Bangalore,3,3,1208,10
29-8-2022,0.27,Wattson,0,6,850,10
30-5-2022,18.05,Bloodhound,7,13,1876,10
6-5-2021,19.83,Wraith,8,1,1154,13
25-6-2022,28.56,Wraith,2,4,359,19
8-3-2022,26.42,Lifeline,2,2,691,17
18-5-2019,15.41,Pathfinder,3,7,1707,2
10-6-2019,0.24,Lifeline,1,3,326,8
29-12-2022,0.13,Revenant,0,0,0,19
10-6-2019,23.06,Fuse,4,14,1454,18
15-5-2019,9.76,Bloodhound,1,14,2684,13
19-8-2022,0.27,Wattson,4,2,1305,9
1-11-2019,15.13,Lifeline,1,14,1687,16
17-3-2022,25.78,Revenant,15,2,2113,3
1-10-2020,14.09,Ash,17,3,3099,18
11-5-2021,24.96,Pathfinder,6,12,2509,3
21-10-2020,28.24,Lifeline,14,8,1476,3
16-6-2021,29.94,Fuse,19,10,2728,16
14-8-2020,11.96,Fuse,2,6,858,18
28-12-2021,17.46,Wattson,1,4,750,4
5-1-2022,14.65,Revenant,6,6,1662,11
6-12-2022,0.95,Bloodhound,1,5,653,3
5-9-2020,23.17,Pathfinder,8,4,1159,17
4-4-2022,7.75,Ash,1,1,314,17
24-1-2022,15.24,Wattson,2,6,1299,16
9-1-2022,23.67,Bangalore,2,9,2127,6
29-4-2021,22.08,Revenant,2,9,1147,17
9-3-2019,7.01,Ash,0,13,1677,13
29-8-2020,19.13,Lifeline,12,1,2883,15
7-2-2021,18.3,Revenant,6,7,1903,1
14-9-2022,12.97,Gibraltar,2,6,1159,17
10-5-2020,3.22,Fuse,8,1,1774,9
8-9-2021,15.02,Pathfinder,4,12,2423,18
26-9-2022,17.51,Fuse,7,4,1738,11
15-5-2019,15.83,Ash,4,3,626,12
13-9-2020,20.01,Bloodhound,4,6,1144,11
13-5-2022,18.88,Bangalore,4,1,787,20
24-5-2020,0.88,Pathfinder,2,9,643,5
17-9-2020,29.85,Fuse,7,4,1600,13
1-1-2021,5.72,Ash,4,1,605,5
13-12-2022,6.11,Ash,10,3,2564,6
29-11-2020,27.24,Wraith,4,3,1518,6
24-5-2020,5.56,Wattson,0,9,765,16
7-2-2020,10.8,Bangalore,18,7,2745,18
7-6-2019,26.0,Bloodhound,10,4,2534,13
5-1-2022,18.07,Wattson,5,5,1459,4
18-11-2022,1.86,Revenant,7,4,1588,13
28-11-2022,14.17,Fuse,6,4,2158,6
6-6-2021,29.78,Bloodhound,11,21,4789,20
9-4-2022,29.95,Bangalore,4,14,2783,18
20-11-2021,27.25,Lifeline,11,2,1881,5
7-7-2020,0.83,Pathfinder,0,16,1816,19
1-11-2019,19.48,Wattson,1,19,2009,11
1-3-2021,1.51,Revenant,0,17,2230,8
8-8-2019,22.03,Fuse,3,2,695,18
15-10-2022,1.02,Gibraltar,4,3,1472,15
15-11-2020,24.8,Wraith,5,9,2728,8
18-10-2019,17.59,Bloodhound,1,8,707,9
6-4-2022,24.85,Lifeline,2,11,1893,5
19-10-2021,13.33,Fuse,9,1,2007,5
12-6-2020,20.74,Fuse,16,7,3024,7
19-8-2020,20.31,Wraith,5,6,1826,14
16-1-2022,3.18,Pathfinder,3,3,845,16
26-2-2020,13.75,Lifeline,1,1,295,9
9-8-2019,8.0,Bloodhound,3,0,296,9
30-5-2020,15.3,Gibraltar,12,9,3740,4
16-2-2021,4.93,Wraith,6,0,359,1
10-6-2019,16.33,Lifeline,2,6,1595,3
19-5-2019,18.76,Ash,6,3,1759,6
19-12-2022,18.73,Gibraltar,6,3,695,2
3-2-2022,17.38,Revenant,9,5,2808,19
15-5-2022,15.33,Bloodhound,3,8,2039,2
19-5-2021,16.41,Bangalore,9,8,2888,11
24-7-2020,27.35,Pathfinder,5,2,443,19
15-3-2022,11.54,Wraith,2,5,899,6
23-7-2022,28.41,Lifeline,5,7,2302,8
18-4-2021,12.99,Pathfinder,11,2,1741,17
18-6-2019,7.44,Wattson,0,5,895,7
10-3-2022,3.91,Lifeline,0,13,1556,17
20-3-2021,13.35,Gibraltar,5,3,704,10
2-3-2019,24.09,Wattson,7,11,2214,7
25-10-2022,7.6,Revenant,10,10,1759,6
18-11-2021,0.05,Ash,0,0,0,15
20-7-2019,29.88,Bangalore,7,14,1935,11
11-11-2021,8.43,Bangalore,8,1,1221,19
4-6-2022,6.32,Wattson,0,15,2596,20
17-5-2021,11.93,Bangalore,5,6,1634,20
30-1-2021,4.91,Wattson,4,9,1144,20
1-10-2021,5.84,Fuse,3,2,672,14
20-4-2021,4.53,Fuse,9,10,3538,7
18-12-2021,9.46,Gibraltar,0,1,152,1
8-5-2021,24.0,Pathfinder,3,6,1453,4
21-1-2020,12.27,Wattson,4,9,1187,19
13-12-2022,6.08,Pathfinder,6,2,1737,10
25-8-2022,3.06,Gibraltar,7,10,3532,1
26-1-2020,5.71,Pathfinder,1,7,572,3
7-12-2019,9.39,Wraith,4,0,495,20
11-4-2022,7.59,Fuse,3,12,958,16
20-10-2021,8.01,Bangalore,16,3,3371,17
21-11-2020,28.14,Bloodhound,5,2,813,5
12-10-2022,28.64,Wattson,11,6,1845,20
27-8-2022,5.17,Wattson,3,2,283,6
27-5-2021,18.83,Bangalore,7,5,1182,6
8-4-2019,22.57,Pathfinder,2,5,423,17
12-3-2022,2.9,Bangalore,0,6,399,15
14-11-2019,27.28,Lifeline,5,2,473,6
6-12-2021,6.0,Lifeline,15,4,1616,1
1-10-2022,0.67,Fuse,2,5,420,11
10-9-2020,29.58,Ash,8,14,2698,3
29-9-2022,12.62,Revenant,2,16,1107,12
5-4-2019,8.42,Lifeline,0,8,849,19
26-4-2021,9.76,Lifeline,12,2,1382,16
25-4-2022,17.29,Bloodhound,4,6,1021,2
23-8-2020,23.02,Gibraltar,11,7,1266,10
5-7-2021,0.08,Fuse,2,2,521,11
1-5-2020,9.48,Pathfinder,8,7,1947,17
22-7-2019,7.19,Wattson,6,12,1728,4
17-3-2021,9.0,Lifeline,5,4,1692,1
31-1-2021,19.4,Pathfinder,1,2,324,18
23-6-2020,27.45,Wraith,2,11,1780,2
4-6-2020,12.0,Wattson,4,3,1217,5
28-2-2022,12.23,Wraith,4,1,946,18
24-5-2019,2.48,Wattson,4,1,579,4
3-4-2021,0.78,Pathfinder,10,1,1299,14
12-5-2020,22.93,Bloodhound,12,5,3686,15
27-8-2021,17.57,Bloodhound,12,2,1650,3
22-3-2020,1.4,Bloodhound,2,9,2166,5
13-2-2022,5.82,Wraith,3,2,866,17
14-8-2021,16.01,Wattson,1,3,281,17
5-4-2022,24.26,Gibraltar,5,16,2273,12
1-2-2020,17.44,Fuse,5,13,1093,14
23-11-2022,27.25,Gibraltar,2,16,2556,14
11-3-2021,27.93,Bangalore,4,4,779,6
22-8-2022,14.18,Ash,19,4,1851,3
7-10-2021,10.1,Bangalore,2,8,1647,12
23-8-2019,11.51,Pathfinder,12,7,2731,11
8-11-2019,17.65,Wraith,1,16,2106,3
30-8-2020,22.14,Wraith,11,2,2670,12
22-5-2020,8.05,Bangalore,1,3,248,19
22-2-2022,26.87,Bangalore,8,10,1827,1
23-11-2021,20.62,Bangalore,14,2,1741,19
20-5-2019,4.73,Wraith,0,4,727,9
17-6-2020,25.52,Bloodhound,6,9,3109,3
25-2-2021,19.65,Bangalore,3,6,1172,19
28-6-2020,12.42,Bangalore,15,2,3627,18
25-5-2022,4.79,Pathfinder,18,4,2707,5
23-6-2020,11.96,Bangalore,2,2,542,16
26-7-2019,25.59,Bloodhound,10,4,3188,5
8-7-2020,18.66,Fuse,15,5,3669,8
20-5-2019,27.06,Bangalore,2,10,1093,9
23-7-2022,23.62,Bangalore,3,9,2152,16
1-2-2022,23.1,Gibraltar,2,2,296,13
10-4-2022,16.31,Pathfinder,19,18,4218,10
18-4-2019,17.78,Bloodhound,10,9,1130,17
8-7-2019,22.29,Fuse,7,5,1901,3
4-5-2022,18.75,Lifeline,8,3,1859,13
11-12-2021,16.06,Bangalore,2,2,722,18
24-6-2021,19.52,Wraith,1,9,1886,6
3-4-2020,17.97,Gibraltar,1,3,794,4
10-5-2022,4.64,Ash,4,7,2184,11
9-11-2019,15.12,Revenant,17,4,4125,6
18-2-2021,3.13,Bloodhound,1,4,1001,5
12-2-2019,25.08,Revenant,5,6,1433,13
9-3-2021,18.48,Wattson,2,4,1212,4
16-12-2020,17.68,Wraith,6,3,1422,18
27-6-2022,6.59,Ash,3,7,1022,17
6-4-2019,26.67,Wattson,18,6,2067,3
6-12-2020,14.6,Gibraltar,4,3,855,8
14-12-2020,16.15,Pathfinder,3,8,1823,5
26-8-2021,18.41,Pathfinder,8,4,1242,14
8-10-2022,14.89,Bangalore,2,1,293,17
20-8-2019,28.32,Gibraltar,7,11,2223,1
14-2-2021,12.31,Wattson,9,5,2465,9
13-8-2022,13.6,Bangalore,2,4,1114,5
18-8-2019,24.38,Lifeline,14,4,2802,17
13-8-2019,20.07,Lifeline,4,3,446,10
7-10-2020,17.64,Bloodhound,4,7,1429,10
18-6-2019,5.35,Bangalore,16,8,4247,18
17-8-2022,1.55,Bloodhound,7,10,1911,14
17-6-2022,13.33,Bloodhound,3,2,558,1
7-6-2021,3.47,Bangalore,8,5,1830,8
10-7-2021,1.53,Lifeline,1,6,700,19
2-11-2021,5.36,Wattson,0,0,0,19
27-5-2022,16.65,Revenant,2,7,1163,13
21-9-2022,0.23,Bloodhound,11,2,2127,17
31-8-2019,0.8,Gibraltar,1,0,79,13
25-7-2022,12.48,Fuse,1,3,676,8
30-1-2020,16.08,Fuse,8,1,830,6
18-2-2020,22.35,Lifeline,13,3,1629,17
5-3-2022,6.63,Fuse,0,11,1213,5
6-5-2019,1.31,Bangalore,16,0,1506,18
16-1-2021,20.14,Pathfinder,6,3,838,12
18-3-2022,2.06,Pathfinder,10,13,2337,9
23-10-2019,13.57,Bloodhound,2,3,472,5
30-10-2021,27.3,Fuse,3,7,1298,12
7-9-2020,10.61,Ash,5,6,977,19
1-10-2020,14.67,Gibraltar,4,8,1742,18
19-12-2021,27.2,Ash,13,3,2102,4
27-10-2020,10.63,Ash,5,11,2095,5
23-9-2022,12.73,Bangalore,5,2,562,13
18-5-2020,11.15,Pathfinder,3,11,1383,6
7-9-2021,0.51,Revenant,7,9,1200,11
6-11-2022,29.03,Wattson,2,2,862,4
23-1-2020,5.61,Lifeline,3,2,729,1
24-6-2019,22.96,Lifeline,5,15,1861,12
5-4-2020,25.3,Wattson,8,4,2400,9
15-6-2021,17.18,Pathfinder,1,2,490,12
12-1-2020,0.02,Lifeline,1,0,247,7
3-9-2021,21.42,Pathfinder,3,11,721,16
25-1-2022,6.02,Fuse,13,6,4102,15
11-2-2020,29.23,Revenant,2,7,1379,7
18-3-2019,10.3,Wraith,10,19,3400,4
30-11-2020,1.14,Lifeline,0,5,738,12
17-2-2019,15.7,Wraith,13,1,929,6
16-6-2019,1.97,Wraith,0,6,931,16
13-3-2019,11.25,Gibraltar,14,1,1814,12
30-1-2020,18.41,Wattson,7,7,2293,5
18-8-2021,7.06,Revenant,0,14,1910,8
23-3-2020,12.05,Fuse,7,13,3900,8
28-8-2021,23.25,Ash,7,2,1692,18
22-10-2019,14.39,Lifeline,3,5,1044,15
18-10-2020,12.71,Wattson,4,12,1912,20
7-3-2020,6.53,Bangalore,4,2,450,16
15-1-2022,29.76,Lifeline,5,7,1180,13
30-3-2021,21.43,Wattson,8,11,2546,10
31-7-2019,20.33,Revenant,6,2,670,9
13-8-2022,29.01,Bangalore,2,16,3245,10
9-1-2022,14.38,Wattson,15,1,2007,1
19-6-2021,19.17,Lifeline,3,5,1621,2
5-12-2022,6.0,Ash,8,10,1832,10
7-10-2020,7.7,Pathfinder,1,0,199,19
13-6-2021,4.68,Bloodhound,16,3,2188,7
17-2-2022,6.1,Pathfinder,8,2,1160,3
11-9-2022,12.32,Lifeline,7,16,1629,10
10-6-2021,25.39,Ash,3,6,1657,16
19-7-2020,8.24,Fuse,2,1,301,5
17-9-2020,6.71,Wraith,1,6,708,15
13-5-2021,14.77,Pathfinder,4,5,1338,3
26-6-2022,12.59,Ash,7,2,1040,9
23-8-2021,13.27,Ash,12,2,1716,14
11-7-2021,28.32,Wattson,6,15,3824,10
5-6-2019,19.66,Pathfinder,10,10,3736,6
30-12-2021,17.76,Bangalore,1,15,833,10
10-2-2019,2.25,Gibraltar,5,1,704,2
15-5-2021,21.97,Revenant,11,2,1335,12
5-12-2019,18.18,Bloodhound,6,2,532,17
6-12-2021,17.9,Wraith,5,8,905,16
4-3-2020,2.25,Revenant,7,16,2328,5
26-12-2022,12.27,Fuse,1,1,377,11
30-7-2019,10.41,Lifeline,7,1,1602,8
20-4-2020,18.0,Bangalore,9,5,1688,19
12-3-2020,2.53,Bangalore,10,0,604,14
4-9-2020,3.89,Wraith,0,8,827,7
9-8-2020,7.61,Wattson,10,3,1349,5
17-11-2022,10.38,Lifeline,9,6,2048,3
27-8-2022,7.7,Ash,16,9,3463,17
13-6-2022,22.97,Gibraltar,2,16,1969,3
29-7-2019,26.22,Ash,15,15,1731,6
16-10-2019,5.75,Wraith,2,3,674,14
24-6-2021,16.93,Bangalore,20,4,4665,17
6-5-2020,14.38,Wraith,3,10,2341,6
24-9-2019,18.23,Bloodhound,2,1,465,2
10-8-2022,20.56,Fuse,2,13,1548,19
5-5-2022,13.85,Lifeline,12,5,1627,6
5-4-2021,1.68,Lifeline,5,8,1419,19
6-6-2019,23.38,Wraith,6,3,962,7
28-12-2019,8.43,Revenant,9,1,1528,4
24-3-2019,28.55,Pathfinder,4,2,392,13
18-2-2020,2.23,Pathfinder,0,0,0,15
20-4-2022,27.64,Ash,2,8,528,15
9-3-2022,14.06,Fuse,1,4,753,11
13-10-2019,7.92,Bangalore,7,13,1475,20
30-11-2021,10.13,Pathfinder,3,7,1221,17
26-3-2019,23.75,Revenant,16,17,4077,14
23-3-2022,24.47,Bloodhound,7,2,948,9
22-3-2019,16.23,Fuse,7,4,2347,9
3-7-2022,8.68,Fuse,10,10,3104,13
26-4-2022,20.52,Lifeline,2,12,1566,9
28-5-2022,0.22,Wattson,5,0,842,6
3-9-2020,2.83,Wraith,4,8,2350,19
29-5-2019,28.03,Revenant,5,4,1548,14
17-6-2019,9.45,Revenant,1,1,376,12
7-12-2019,11.14,Bangalore,18,4,1714,15
11-7-2022,7.58,Wraith,1,3,475,15
16-11-2021,8.74,Lifeline,4,4,435,19
24-4-2022,11.8,Bangalore,5,6,1962,6
20-12-2022,7.88,Lifeline,0,0,0,7
20-6-2021,20.89,Revenant,16,2,3005,6
6-3-2022,4.98,Ash,0,0,0,11
25-4-2019,29.32,Wraith,6,3,1164,8
29-7-2019,19.12,Pathfinder,16,8,1883,13
13-6-2019,8.26,Lifeline,1,8,1577,10
29-5-2022,10.14,Fuse,9,8,2640,16
5-10-2020,24.27,Lifeline,3,3,492,11
23-11-2019,5.3,Revenant,3,6,1239,6
5-6-2022,13.0,Ash,1,5,1073,7
16-4-2021,13.21,Gibraltar,9,2,2132,17
16-1-2022,18.01,Bangalore,14,16,2798,1
3-5-2022,22.12,Fuse,6,5,1942,10
2-5-2022,29.25,Wattson,6,16,2038,17
11-7-2022,27.69,Bloodhound,3,5,976,17
6-5-2022,29.39,Revenant,2,2,462,20
9-5-2021,27.08,Fuse,6,4,580,10
13-1-2022,20.92,Wattson,2,8,1738,4
3-10-2022,29.7,Bangalore,2,11,1703,7
16-6-2020,19.07,Wattson,19,1,1960,4
11-8-2020,9.31,Pathfinder,12,16,4576,7
4-10-2021,13.28,Wattson,5,5,835,19
2-3-2022,22.7,Wraith,10,3,1116,10
3-8-2020,24.07,Ash,11,15,1851,11
26-10-2020,8.72,Lifeline,0,7,956,5
12-9-2022,5.23,Bloodhound,16,1,3830,20
27-6-2022,26.95,Revenant,10,8,2056,2
17-11-2021,8.51,Bangalore,5,6,1436,20
2-8-2021,3.44,Pathfinder,4,3,657,18
10-4-2020,24.98,Lifeline,12,6,3293,13
1-6-2019,16.13,Fuse,11,14,1592,10
15-11-2020,3.57,Bangalore,4,4,796,20
9-6-2019,2.96,Lifeline,0,10,1220,5
26-3-2021,2.52,Pathfinder,17,0,2757,2
6-5-2020,10.03,Fuse,5,2,1302,8
6-6-2022,4.41,Gibraltar,1,0,144,4
16-3-2019,2.04,Gibraltar,1,5,650,19
26-11-2019,10.04,Wraith,6,3,1338,9
29-7-2022,15.33,Gibraltar,2,16,1181,8
14-5-2020,10.58,Pathfinder,4,1,625,1
2-11-2022,13.9,Wattson,9,10,2922,12
3-8-2019,12.93,Bloodhound,9,1,1971,17
22-5-2021,19.28,Revenant,3,1,688,8
15-9-2019,4.14,Wraith,1,0,152,17
7-4-2021,9.38,Wattson,0,2,265,8
18-10-2021,29.63,Pathfinder,2,2,648,5
20-9-2021,20.65,Wraith,3,2,531,18
22-7-2022,16.94,Bangalore,1,2,388,1
10-8-2022,1.17,Bloodhound,0,0,0,1
31-7-2022,25.87,Bangalore,5,13,3240,3
9-7-2021,22.2,Wattson,3,15,3306,14
13-12-2020,22.29,Lifeline,6,8,2554,14
6-6-2020,24.8,Bloodhound,10,10,3671,19
1-6-2020,0.84,Lifeline,4,0,441,17
31-7-2019,13.56,Wraith,10,4,996,15
11-1-2020,24.32,Fuse,5,4,840,7
19-7-2020,29.01,Lifeline,3,7,985,4
16-2-2022,20.55,Fuse,18,6,2635,19
13-9-2019,8.43,Bangalore,0,3,313,20
14-2-2021,7.63,Gibraltar,12,6,1924,14
3-10-2021,19.35,Fuse,3,11,2310,15
22-6-2022,25.9,Wattson,15,8,1374,5
10-8-2021,3.24,Gibraltar,3,5,723,16
21-2-2021,15.42,Bloodhound,7,3,1056,5
4-2-2022,0.7,Ash,3,10,2533,11
4-6-2021,2.47,Bangalore,0,1,66,11
13-2-2022,7.46,Lifeline,12,3,2681,6
9-4-2020,8.38,Bangalore,4,1,597,18
2-5-2019,22.03,Gibraltar,2,2,408,7
2-7-2019,4.66,Fuse,4,0,639,13
4-11-2021,12.99,Wraith,11,1,896,4
23-4-2021,8.22,Bangalore,1,7,856,11
1-12-2019,12.29,Bloodhound,2,1,359,10
13-3-2019,23.85,Gibraltar,2,4,555,14
25-11-2021,11.22,Lifeline,9,16,4907,14
14-10-2020,25.07,Pathfinder,2,2,772,11
16-12-2022,22.21,Ash,7,13,3759,16
19-7-2020,9.32,Pathfinder,3,0,682,4
12-10-2019,25.19,Wattson,4,16,2138,5
10-12-2019,28.41,Revenant,2,11,2435,18
13-9-2021,17.24,Ash,11,14,3933,1
4-9-2021,3.78,Fuse,7,0,777,2
24-9-2020,12.39,Ash,9,5,1796,9
13-7-2020,13.31,Bangalore,6,2,1267,14
8-9-2022,4.75,Fuse,1,1,207,5
1-3-2020,8.02,Ash,0,6,433,5
21-7-2020,4.2,Lifeline,12,14,1574,6
20-3-2021,0.86,Pathfinder,3,14,937,12
8-10-2021,20.97,Wraith,2,4,645,14
3-5-2021,28.63,Bangalore,16,12,4233,5
15-5-2022,4.4,Bangalore,13,11,2004,18
15-4-2019,25.55,Ash,6,14,3080,9
16-12-2020,0.96,Lifeline,1,2,229,17
14-1-2022,8.48,Gibraltar,0,1,121,5
3-2-2022,25.56,Pathfinder,21,18,3446,14
17-3-2019,5.05,Wattson,3,3,1176,12
14-3-2020,1.72,Bangalore,3,0,602,16
17-4-2021,26.1,Wattson,10,2,1404,18
1-3-2019,20.31,Ash,4,17,3591,12
21-7-2021,23.27,Wraith,8,3,640,4
12-7-2019,18.49,Ash,2,5,1133,18
28-8-2020,1.26,Revenant,10,2,726,20
8-4-2021,2.85,Revenant,1,0,189,19
31-12-2021,26.73,Bloodhound,9,11,3738,15
28-11-2020,13.69,Wraith,11,4,1676,8
31-7-2022,17.54,Revenant,1,4,440,4
9-4-2021,25.09,Wattson,14,2,3137,13
30-4-2020,4.47,Wattson,0,0,0,17
17-11-2019,29.93,Ash,13,6,3186,18
2-7-2022,16.75,Ash,4,6,1080,3
21-8-2022,9.09,Fuse,11,9,1573,13
16-12-2020,8.67,Lifeline,0,0,0,9
22-2-2022,10.12,Ash,6,4,1106,9
14-8-2022,4.85,Lifeline,1,5,654,4
26-8-2020,25.61,Wraith,11,13,4639,3
1-10-2022,22.98,Wraith,9,5,1963,14
23-4-2019,22.42,Lifeline,10,17,2302,1
26-5-2022,8.57,Lifeline,2,0,259,10
22-3-2019,29.32,Wraith,4,3,1166,6
25-2-2019,28.71,Revenant,6,16,1230,9
4-3-2021,2.09,Revenant,5,6,1146,13
24-7-2020,22.35,Revenant,2,9,796,6
3-10-2021,3.89,Bangalore,7,3,1516,11
23-6-2020,28.13,Wraith,15,6,3767,10
30-9-2021,12.86,Revenant,13,2,2612,12
28-6-2019,2.52,Bangalore,3,12,1834,1
26-11-2021,10.52,Pathfinder,2,7,489,10
18-2-2022,25.15,Wattson,8,6,2349,14
28-6-2019,28.58,Wattson,7,3,1403,1
15-9-2022,7.24,Wraith,3,2,994,19
8-9-2020,15.09,Pathfinder,6,2,940,19
13-2-2021,18.98,Pathfinder,1,3,243,11
18-3-2022,23.95,Pathfinder,9,6,2079,1
12-7-2022,19.15,Bloodhound,5,13,2932,2
16-8-2021,20.72,Bangalore,2,20,2481,5
13-12-2020,8.4,Revenant,1,1,155,10
8-10-2019,6.31,Lifeline,5,5,1806,18
3-8-2022,17.77,Ash,3,6,1652,1
22-4-2019,12.22,Gibraltar,1,3,791,14
22-3-2019,14.4,Wraith,4,11,1909,6
29-3-2021,29.93,Revenant,2,15,1567,19
28-3-2022,24.11,Lifeline,3,9,1035,20
26-2-2021,10.28,Ash,2,14,1684,17
14-6-2021,5.66,Ash,2,12,2665,4
11-2-2019,24.46,Revenant,17,8,2212,20
14-11-2021,0.27,Ash,1,6,659,14
2-6-2020,14.03,Wattson,10,2,2567,13
22-6-2021,22.8,Ash,6,7,2108,13
20-12-2020,3.84,Bangalore,8,0,1717,8
25-7-2019,27.72,Revenant,2,7,730,6
16-12-2020,14.14,Lifeline,10,18,4947,10
30-9-2019,6.87,Wraith,16,0,1968,14
25-12-2021,22.72,Lifeline,3,3,722,15
16-11-2019,12.68,Gibraltar,10,13,2034,10
13-3-2020,10.0,Gibraltar,2,8,1228,20
8-6-2021,16.88,Ash,3,12,2417,17
11-11-2022,5.72,Wattson,13,2,1381,11
8-11-2019,26.31,Fuse,5,2,449,18
4-6-2020,0.64,Bangalore,0,9,907,4
23-4-2021,1.07,Pathfinder,5,0,1079,8
10-10-2019,24.02,Fuse,5,14,1096,10
13-7-2020,10.19,Lifeline,2,4,548,6
16-5-2019,19.55,Pathfinder,5,1,467,2
16-7-2022,16.64,Bloodhound,2,1,403,6
6-8-2020,0.46,Bloodhound,3,12,1882,6
20-1-2021,19.7,Bangalore,6,11,1792,20
11-2-2020,1.76,Wraith,0,6,343,1
13-8-2020,10.26,Revenant,11,5,2638,6
12-2-2019,9.06,Wraith,0,4,532,10
25-7-2021,21.11,Revenant,4,6,1103,6
4-3-2020,14.53,Pathfinder,6,1,880,19
14-1-2022,8.82,Bloodhound,0,4,520,12
15-8-2022,14.24,Revenant,7,5,2102,16
1-4-2022,23.44,Pathfinder,2,2,424,17
17-4-2019,11.05,Ash,7,2,1923,2
31-5-2020,25.69,Gibraltar,8,9,2333,5
19-12-2021,5.14,Lifeline,14,4,1815,7
15-9-2022,21.8,Bangalore,2,3,914,13
2-9-2019,12.43,Wraith,6,5,1003,15
21-12-2020,7.14,Bangalore,10,0,1421,18
29-5-2020,25.79,Lifeline,6,13,2397,1
9-5-2019,5.29,Ash,0,6,599,20
21-12-2022,2.81,Wattson,7,3,701,7
5-11-2020,23.39,Bloodhound,11,11,4293,1
18-11-2022,9.57,Ash,5,4,662,19
25-12-2020,19.12,Gibraltar,2,1,243,2
20-1-2021,14.44,Bangalore,8,1,699,19
11-12-2019,26.72,Ash,6,2,1614,12
11-7-2022,25.13,Wraith,11,5,1554,9
2-8-2021,27.09,Wraith,3,7,1610,10
10-1-2020,10.42,Wattson,6,3,672,9
15-5-2019,19.4,Bangalore,6,3,648,7
27-7-2019,10.49,Bangalore,14,3,3820,6
26-12-2019,11.12,Bloodhound,7,5,2021,16
30-8-2019,20.04,Pathfinder,15,7,2124,14
21-11-2021,27.39,Ash,16,18,3764,7
2-3-2019,21.79,Pathfinder,6,10,2116,17
23-7-2020,2.26,Pathfinder,14,0,1146,8
21-4-2020,15.21,Gibraltar,9,3,1197,10
29-11-2019,21.69,Fuse,2,12,1263,17
6-3-2021,13.21,Fuse,10,1,634,1
19-10-2020,5.8,Lifeline,3,6,784,18
22-8-2020,26.86,Fuse,2,13,1656,13
18-6-2021,13.24,Lifeline,5,1,918,3
31-10-2020,2.17,Pathfinder,10,1,877,10
13-7-2019,3.89,Lifeline,2,4,1070,16
30-5-2020,20.58,Bangalore,3,4,406,8
26-4-2022,11.6,Wraith,11,6,3067,17
9-3-2022,2.57,Wraith,0,3,172,8
31-3-2022,24.34,Fuse,15,7,2586,3
14-12-2020,11.11,Lifeline,7,10,975,3
23-11-2020,9.98,Ash,0,2,221,2
6-10-2019,4.65,Fuse,3,6,488,11
8-3-2020,13.41,Bloodhound,2,5,481,8
21-7-2022,9.21,Bloodhound,4,6,857,1
14-3-2019,13.62,Gibraltar,8,6,2579,12
13-10-2022,22.74,Fuse,4,4,819,15
16-8-2021,13.24,Wattson,3,1,630,5
15-11-2022,19.41,Wraith,3,5,1643,3
10-6-2019,14.08,Bloodhound,16,1,1883,8
13-5-2020,3.66,Fuse,14,9,3737,6
26-9-2019,7.94,Bloodhound,7,0,657,13
19-5-2020,23.17,Wattson,7,5,1359,2
27-8-2019,26.31,Wraith,8,2,805,2
6-11-2020,14.22,Gibraltar,3,8,1443,4
18-12-2021,28.18,Wraith,5,6,2249,15
16-8-2019,26.4,Bangalore,13,7,4325,10
28-8-2022,6.66,Bloodhound,2,0,481,10
29-3-2019,12.07,Pathfinder,2,7,795,4
16-10-2022,4.58,Bangalore,5,3,1504,8
3-11-2021,18.32,Revenant,4,6,766,11
4-8-2021,3.3,Wattson,3,5,1029,20
28-5-2020,9.45,Ash,7,12,2445,17
11-1-2020,28.59,Bangalore,13,5,3142,2
16-7-2019,15.21,Revenant,1,1,129,4
5-8-2022,22.66,Gibraltar,16,3,2739,6
7-11-2020,6.71,Fuse,4,4,775,11
24-5-2021,22.15,Wraith,11,11,2036,9
25-12-2021,29.93,Ash,3,9,1742,14
5-9-2020,1.57,Revenant,5,19,1217,8
30-8-2019,27.99,Gibraltar,3,6,1362,4
24-11-2021,10.46,Bangalore,9,10,2821,4
3-4-2020,6.05,Gibraltar,0,1,67,2
20-12-2019,14.12,Fuse,4,4,741,14
26-9-2020,14.58,Pathfinder,3,2,641,10
19-4-2021,4.77,Lifeline,11,12,3607,4
7-8-2020,13.04,Bangalore,1,6,1113,19
17-7-2021,8.02,Gibraltar,0,13,871,19
2-9-2022,14.46,Bangalore,1,16,2220,5
14-9-2020,25.11,Pathfinder,12,3,2328,20
17-5-2021,2.89,Gibraltar,4,4,850,4
31-7-2019,5.62,Pathfinder,2,2,669,20
16-11-2022,3.38,Lifeline,0,8,814,11
18-5-2020,4.68,Pathfinder,8,2,1071,16
1-10-2022,25.35,Lifeline,6,2,1542,20
24-11-2019,26.21,Pathfinder,9,5,2620,5
20-1-2022,7.62,Bloodhound,7,1,487,20
17-7-2021,22.2,Lifeline,9,11,1921,19
6-12-2020,10.62,Wattson,2,5,1233,11
20-3-2022,11.56,Pathfinder,18,5,3480,10
17-1-2022,11.64,Fuse,9,10,2984,19
6-8-2021,3.38,Wattson,13,6,4062,17
17-3-2022,24.31,Revenant,14,2,2656,13
13-1-2020,15.56,Revenant,5,17,3296,15
12-3-2021,6.49,Fuse,14,1,1913,4
27-6-2022,24.65,Lifeline,4,15,1962,14
6-9-2021,27.59,Gibraltar,3,4,1222,9
26-5-2022,4.93,Ash,0,2,311,19
13-4-2020,12.58,Lifeline,19,13,4513,4
12-2-2020,4.37,Ash,11,0,2191,18
3-10-2022,25.4,Wraith,2,4,727,3
30-7-2019,17.38,Pathfinder,4,3,1259,1
19-7-2019,16.35,Pathfinder,1,1,285,1
13-6-2020,0.63,Wattson,19,14,4800,4
26-12-2019,24.97,Lifeline,9,14,3360,3
2-9-2021,24.85,Ash,7,12,3801,6
10-11-2019,13.75,Lifeline,1,1,315,11
3-12-2020,19.01,Bangalore,7,3,1058,10
20-6-2020,27.08,Wattson,4,7,1251,12
10-11-2019,16.46,Pathfinder,3,6,1766,5
1-11-2021,7.26,Bangalore,0,4,473,4
20-8-2020,19.99,Lifeline,2,3,285,2
11-7-2022,9.67,Bangalore,4,1,541,1
23-1-2022,4.34,Ash,3,5,478,5
26-2-2022,23.13,Lifeline,8,4,1464,7
26-12-2020,20.18,Bloodhound,3,19,2016,7
1-9-2022,25.74,Wattson,17,6,1522,6
18-1-2020,5.52,Bloodhound,9,6,3090,3
24-1-2021,26.28,Fuse,6,10,1947,14
2-3-2020,11.74,Wattson,6,9,2531,15
7-6-2022,13.06,Pathfinder,1,2,236,10
16-10-2021,24.77,Revenant,18,4,2179,3
5-1-2021,13.79,Gibraltar,1,1,316,20
15-4-2020,26.91,Ash,5,3,774,16
19-12-2021,29.18,Fuse,7,11,1437,9
30-5-2021,20.52,Wraith,4,6,903,14
22-5-2022,29.56,Revenant,2,11,1381,5
7-12-2022,8.4,Wattson,5,1,894,20
10-2-2020,17.58,Wattson,3,4,924,17
24-6-2021,25.22,Revenant,4,9,2221,4
6-9-2019,5.43,Ash,0,0,0,2
19-12-2019,14.98,Revenant,2,1,436,15
23-11-2019,26.43,Ash,11,2,1428,2
31-8-2019,8.85,Gibraltar,2,3,853,18
18-12-2020,6.26,Lifeline,1,11,1035,6
22-5-2022,1.85,Revenant,16,1,3264,3
21-8-2021,26.53,Lifeline,3,2,825,2
19-4-2022,19.71,Wraith,1,4,746,9
26-8-2022,17.67,Pathfinder,3,5,1609,4
12-2-2021,28.16,Gibraltar,6,2,978,13
8-7-2021,18.28,Wattson,8,3,1452,17
28-4-2022,24.63,Fuse,2,2,653,10
13-6-2022,17.95,Fuse,3,1,370,9
25-11-2019,10.69,Lifeline,4,1,288,8
15-12-2021,28.93,Revenant,2,4,544,17
26-8-2021,6.58,Ash,3,2,338,14
9-8-2020,16.48,Ash,8,16,3769,19
19-10-2021,12.24,Bloodhound,6,7,2358,3
21-1-2020,11.88,Pathfinder,2,2,467,3
4-10-2021,10.8,Wattson,2,6,1232,5
14-8-2021,5.63,Bangalore,7,5,2518,15
21-6-2022,28.08,Wraith,9,11,1605,15
14-1-2021,22.24,Bloodhound,8,10,3052,2
29-4-2021,1.4,Gibraltar,7,4,2352,3
17-9-2019,27.97,Bangalore,2,3,452,13
26-7-2022,19.05,Gibraltar,6,6,1758,4
23-5-2021,18.54,Bloodhound,3,5,499,2
25-1-2021,10.02,Pathfinder,4,4,1018,4
14-8-2019,5.09,Gibraltar,8,3,1959,15
28-11-2022,11.2,Gibraltar,2,1,414,4
15-9-2019,24.11,Bangalore,6,8,2007,4
16-12-2021,0.41,Gibraltar,8,8,2167,12
2-1-2022,23.98,Gibraltar,14,18,4573,7
28-8-2022,6.92,Fuse,10,5,2582,18
4-3-2022,10.63,Pathfinder,1,1,190,11
5-1-2021,3.3,Bangalore,1,3,771,7
15-1-2022,7.16,Bloodhound,2,2,658,16
1-11-2020,7.11,Ash,3,1,846,18
19-12-2019,24.72,Lifeline,2,2,810,3
16-3-2019,9.17,Wraith,4,14,3435,19
2-7-2022,5.97,Pathfinder,13,4,3869,6
3-3-2020,10.95,Fuse,8,12,3830,8
19-4-2021,1.88,Gibraltar,3,1,440,15
18-5-2019,10.64,Ash,6,4,1266,13
30-9-2020,25.61,Bangalore,3,2,1078,10
26-3-2019,0.69,Bloodhound,0,7,606,5
11-7-2022,24.3,Wraith,2,5,383,3
29-5-2021,25.68,Revenant,7,5,783,8
7-6-2020,5.22,Wraith,9,6,3206,10
15-10-2020,17.79,Wraith,6,3,1622,17
4-8-2020,12.05,Lifeline,2,5,1384,8
24-12-2021,24.45,Ash,13,3,1153,20
4-10-2021,28.17,Lifeline,8,5,2343,15
1-3-2021,19.67,Wattson,8,2,1998,6
4-12-2021,1.27,Bangalore,5,9,1011,13
25-10-2020,20.0,Pathfinder,3,2,596,14
27-9-2021,15.9,Ash,4,2,325,7
19-12-2019,3.09,Wraith,10,2,1526,4
5-11-2021,7.84,Pathfinder,3,14,1716,18
1-11-2019,0.79,Wraith,1,10,1123,17
8-12-2020,24.22,Lifeline,9,17,5327,11
16-3-2019,5.57,Bloodhound,2,10,1803,2
28-6-2021,2.34,Ash,2,2,438,7
5-5-2022,27.9,Revenant,6,6,1758,9
8-3-2020,10.91,Wattson,2,4,782,10
24-11-2021,0.53,Fuse,0,0,0,10
21-4-2021,15.24,Wattson,3,7,845,19
10-12-2022,0.81,Ash,8,19,2923,16
9-10-2020,25.35,Bloodhound,2,9,1266,14
8-9-2021,0.08,Bloodhound,5,0,1183,18
4-8-2019,24.92,Lifeline,10,3,773,13
16-11-2020,20.58,Ash,2,2,778,20
11-3-2020,19.66,Fuse,10,5,1203,4
11-1-2021,25.42,Ash,3,11,1859,19
18-7-2022,15.54,Lifeline,19,2,3397,2
20-4-2020,24.41,Gibraltar,2,6,1588,14
2-7-2022,22.99,Ash,2,2,626,13
1-10-2020,15.51,Revenant,2,18,3725,13
20-6-2021,19.45,Pathfinder,6,9,3170,17
30-12-2021,11.27,Fuse,1,4,619,5
11-4-2022,24.03,Gibraltar,3,8,1469,7
5-11-2019,20.11,Fuse,3,5,1560,12
10-2-2021,23.45,Lifeline,4,10,1306,18
14-11-2020,16.82,Bloodhound,18,3,3940,14
17-6-2022,21.07,Wattson,9,4,1017,3
2-11-2019,8.96,Revenant,6,3,1101,15
13-7-2022,15.93,Revenant,1,1,387,3
3-3-2022,11.55,Fuse,1,4,378,5
13-9-2020,28.57,Wattson,9,2,1597,13
24-4-2021,10.61,Ash,2,3,456,14
19-10-2019,18.38,Lifeline,1,2,563,3
1-2-2020,23.6,Pathfinder,9,4,717,8
27-8-2021,24.83,Wattson,3,6,1723,9
19-7-2019,13.13,Fuse,2,3,808,18
28-3-2020,26.09,Wattson,3,12,2367,3
5-6-2019,26.02,Bloodhound,10,4,1817,2
12-6-2022,4.04,Revenant,4,3,571,10
26-7-2019,29.56,Wraith,10,17,4927,12
19-12-2022,27.97,Bangalore,10,2,809,9
28-7-2021,6.27,Bangalore,4,1,542,17
14-12-2021,6.89,Fuse,9,5,2791,15
21-1-2022,21.52,Wattson,6,3,1116,15
3-8-2022,26.83,Lifeline,7,2,1314,8
4-6-2020,17.1,Bangalore,7,5,2170,13
1-8-2021,11.73,Wattson,3,7,980,6
5-7-2021,5.95,Gibraltar,0,4,714,4
10-6-2020,10.38,Pathfinder,7,3,1304,7
29-9-2021,9.74,Ash,11,3,1703,20
28-2-2019,28.37,Wattson,2,10,2310,2
22-11-2021,10.36,Wattson,2,7,775,1
4-12-2019,5.99,Bangalore,1,1,198,18
6-11-2021,12.57,Wraith,8,6,1314,8
27-2-2021,20.25,Wraith,2,3,962,18
7-6-2022,27.29,Bangalore,12,7,2826,9
15-4-2019,9.12,Wraith,7,0,613,12
26-5-2022,21.23,Lifeline,4,3,480,14
4-11-2020,20.85,Lifeline,4,4,660,1
14-5-2021,0.08,Gibraltar,7,5,2003,6
10-12-2022,6.15,Lifeline,4,10,934,14
21-11-2021,11.67,Fuse,4,6,1366,19
9-5-2019,13.38,Gibraltar,7,2,633,2
2-11-2020,27.26,Bloodhound,4,6,692,20
21-2-2020,21.21,Gibraltar,6,10,2840,11
9-12-2021,21.14,Bloodhound,10,18,5012,11
12-12-2021,20.58,Bloodhound,5,2,779,19
7-4-2022,13.7,Lifeline,1,1,199,12
31-12-2019,20.65,Wattson,8,2,2025,11
26-2-2022,13.86,Fuse,3,9,1815,10
12-4-2019,16.95,Revenant,3,2,917,4
18-2-2022,5.68,Fuse,3,13,1514,9
21-9-2019,25.2,Bangalore,2,12,997,15
4-3-2022,14.68,Gibraltar,1,8,1779,14
24-1-2020,10.24,Wraith,1,1,235,13
10-2-2019,16.13,Pathfinder,2,7,1572,6
5-11-2020,16.06,Lifeline,3,8,2156,6
24-5-2020,14.58,Gibraltar,2,5,538,14
17-11-2021,1.18,Ash,1,10,1318,7
24-11-2019,23.49,Pathfinder,6,5,2188,4
7-5-2019,21.72,Bloodhound,6,12,1351,6
24-9-2019,3.29,Bloodhound,3,7,1481,5
1-7-2021,5.48,Fuse,0,2,329,9
8-5-2019,5.63,Wraith,9,2,1610,12
10-2-2022,4.32,Ash,1,4,489,7
30-12-2020,25.7,Revenant,4,3,1286,17
31-12-2022,28.32,Pathfinder,5,4,939,13
18-6-2020,3.45,Bangalore,8,3,1626,14
20-4-2021,10.66,Fuse,3,3,979,8
22-4-2021,15.54,Revenant,6,2,963,8
27-2-2021,3.3,Wraith,7,12,3000,7
1-12-2021,27.05,Ash,11,2,2778,15
16-10-2022,19.82,Pathfinder,6,18,3191,14
