15-10-2022,18.2,Mad Maggie,4,2,363,17
1-9-2020,17.0,Bangalore,6,3,1640,8
10-10-2022,13.2,Ash,5,4,1006,3
5-5-2019,17.82,Ash,7,6,2711,7
2-11-2020,18.65,Bangalore,10,4,2722,18
11-2-2021,25.37,Bloodhound,10,13,1378,4
1-10-2021,24.9,Lifeline,13,8,3418,19
8-5-2019,11.48,Fuse,1,1,151,13
29-1-2021,7.11,Mad Maggie,2,3,730,14
12-3-2019,29.12,Pathfinder,5,6,1898,5
11-12-2021,5.26,Wattson,3,7,1263,11
21-2-2019,18.4,Pathfinder,4,4,1453,15
15-9-2019,18.62,Fuse,10,6,1934,10
3-3-2022,1.19,Gibraltar,6,9,2087,18
21-10-2020,11.33,Ash,0,1,85,4
7-7-2021,13.56,Crypto,7,3,2338,3
17-2-2020,5.49,Gibraltar,2,5,886,20
11-9-2020,11.31,Bangalore,5,3,655,15
16-8-2019,8.92,Mad Maggie,4,5,1420,3
18-7-2020,19.39,Fuse,11,6,1964,14
21-6-2021,27.15,Pathfinder,10,11,4135,8
20-11-2021,19.26,Wraith,2,0,423,9
13-7-2021,3.45,Lifeline,2,3,713,12
27-11-2019,0.45,Revenant,2,3,585,19
30-3-2022,6.86,Mad Maggie,6,3,898,19
27-6-2019,10.73,Bloodhound,8,10,2150,17
27-2-2021,12.25,Ash,6,8,2358,14
16-11-2022,28.76,Revenant,7,9,2575,2
6-9-2020,13.87,Bloodhound,2,4,742,12
25-2-2022,17.0,Ash,1,1,472,13
13-8-2019,0.27,Wraith,4,3,1518,4
24-9-2019,16.22,Gibraltar,10,3,2895,16
28-2-2020,2.37,Bloodhound,8,10,4027,15
11-4-2019,1.01,Bloodhound,5,5,1988,16
17-5-2020,28.57,Pathfinder,7,8,2121,17
20-7-2019,10.73,Bloodhound,6,0,1124,15
17-5-2022,8.43,Caustic,5,6,2031,10
20-11-2021,4.75,Ash,4,6,1536,14
13-11-2019,4.73,Fuse,5,6,1233,15
17-11-2019,18.74,Pathfinder,6,7,3059,10
23-2-2019,9.83,Wraith,14,5,4996,12
28-2-2020,2.55,Mad Maggie,8,12,3485,20
24-5-2020,25.91,Caustic,6,2,1710,17
22-6-2022,11.08,Fuse,3,5,902,1
24-5-2019,20.06,Ash,7,2,1286,10
26-7-2022,22.53,Bloodhound,6,5,2107,2
10-1-2022,10.61,Pathfinder,5,6,2032,18
28-6-2019,1.61,Pathfinder,8,7,2121,3
22-12-2021,26.58,Crypto,8,13,5143,8
2-1-2020,28.24,Fuse,1,2,536,18
2-12-2020,25.5,Lifeline,2,3,670,15
9-5-2020,4.11,Pathfinder,3,2,1187,8
18-11-2022,8.37,Wraith,3,4,1354,19
24-12-2019,23.94,Wattson,7,13,3380,4
21-2-2019,25.82,Revenant,6,6,1430,2
11-8-2020,21.54,Bangalore,12,8,2434,10
14-4-2020,0.76,Caustic,4,2,835,3
9-2-2021,15.14,Revenant,3,1,895,10
28-3-2021,0.52,Caustic,3,2,1202,5
25-8-2020,0.22,Revenant,4,5,1998,12
24-9-2019,4.9,Pathfinder,5,9,2480,16
5-11-2020,12.24,Fuse,5,9,1992,2
28-9-2021,6.73,Mad Maggie,12,6,3575,4
7-10-2020,7.67,Crypto,0,0,0,20
23-4-2019,19.68,Gibraltar,2,4,1442,20
3-8-2022,21.51,Mad Maggie,5,2,1548,11
11-8-2020,15.2,Pathfinder,4,4,1174,9
19-12-2022,5.34,Bangalore,4,4,1346,17
22-1-2022,29.52,Caustic,9,6,3235,18
21-3-2020,13.31,Caustic,7,10,2283,1
25-2-2021,25.44,Gibraltar,7,1,1407,13
5-9-2021,25.82,Gibraltar,9,4,1859,19
3-3-2020,16.23,Bangalore,6,2,1717,5
31-12-2021,18.62,Bloodhound,4,5,1785,15
23-9-2021,1.78,Mad Maggie,7,5,1723,17
6-3-2019,14.13,Revenant,5,5,1551,3
16-12-2021,4.78,Crypto,8,10,4829,11
24-5-2021,8.56,Wattson,1,0,298,7
11-9-2022,25.43,Mad Maggie,3,2,1141,18
4-6-2019,24.56,Lifeline,2,7,1429,12
20-5-2021,27.24,Lifeline,5,7,3065,18
14-12-2019,1.86,Wattson,7,4,1676,8
15-2-2019,8.67,Caustic,10,7,4697,9
19-5-2019,9.21,Mad Maggie,11,7,4884,5
25-1-2021,18.41,Revenant,4,1,844,17
17-12-2022,2.25,Pathfinder,10,2,2714,18
15-1-2022,9.04,Wraith,3,8,3061,11
7-4-2020,28.01,Gibraltar,4,8,3206,19
18-5-2020,23.12,Revenant,7,5,1813,7
30-9-2019,7.72,Revenant,7,5,3079,18
21-12-2020,26.57,Ash,8,10,3039,16
11-2-2019,25.04,Mad Maggie,4,2,1393,9
9-6-2021,19.37,Bangalore,4,7,2159,11
2-5-2020,11.01,Lifeline,8,3,2581,14
10-12-2020,15.32,Wattson,4,7,3320,8
11-8-2021,12.62,Revenant,7,9,3631,14
3-1-2022,10.05,Revenant,11,6,2653,11
4-10-2019,26.86,Caustic,7,11,2697,9
18-6-2020,28.15,Bloodhound,4,2,1598,17
22-9-2020,9.95,Revenant,3,6,1882,13
25-4-2021,12.97,Caustic,3,7,2986,5
3-9-2020,3.32,Fuse,3,3,1409,9
8-6-2021,8.07,Crypto,8,9,3687,8
12-1-2020,25.25,Wattson,7,6,3055,17
29-7-2019,16.54,Mad Maggie,13,7,5067,10
28-8-2020,29.98,Caustic,1,0,333,2
1-1-2022,22.05,Crypto,3,8,1958,19
19-7-2021,17.22,Gibraltar,6,4,1646,1
19-10-2020,29.75,Wraith,4,10,3571,6
6-9-2021,28.93,Fuse,7,11,3926,5
29-10-2021,0.12,Pathfinder,7,6,3927,3
21-4-2021,5.87,Pathfinder,6,9,4699,14
30-11-2021,28.97,Bloodhound,2,6,1336,1
30-9-2020,4.77,Wattson,3,7,2537,10
2-12-2020,6.17,Lifeline,9,2,1997,17
15-11-2019,10.44,Pathfinder,3,3,1243,20
5-10-2021,8.41,Crypto,9,5,3729,1
2-7-2020,26.0,Pathfinder,6,12,5047,6
17-8-2019,14.69,Pathfinder,6,11,4874,14
6-6-2019,21.73,Pathfinder,7,2,2795,9
31-10-2020,27.89,Wattson,2,4,1066,1
12-7-2021,16.13,Wraith,4,3,1645,17
29-1-2021,15.78,Gibraltar,9,5,2540,14
3-5-2019,27.76,Wattson,11,8,4221,6
25-3-2021,21.02,Caustic,5,7,2666,5
5-9-2019,6.74,Pathfinder,10,6,3154,7
10-8-2020,3.05,Wattson,0,0,0,11
2-8-2019,20.02,Fuse,5,3,1666,6
30-12-2019,27.0,Lifeline,6,7,4390,14
8-10-2021,21.31,Revenant,4,5,2123,14
17-9-2022,6.07,Bangalore,6,5,2926,3
21-9-2019,29.01,Mad Maggie,8,11,4356,18
30-5-2021,5.83,Fuse,6,10,5349,2
18-11-2020,14.93,Bloodhound,3,1,1241,18
8-5-2019,10.44,Wattson,7,4,2809,11
10-4-2019,20.63,Caustic,3,7,2272,13
20-2-2022,5.19,Lifeline,11,6,5682,15
3-1-2022,8.64,Bangalore,5,8,3245,11
14-5-2020,0.6,Wraith,11,6,3256,11
26-7-2021,15.16,Gibraltar,13,7,5475,20
14-1-2021,25.0,Fuse,5,1,1361,9
5-5-2020,9.54,Fuse,1,5,1923,3
9-11-2022,0.5,Wattson,2,11,2559,15
8-12-2019,2.53,Caustic,9,3,4129,11
25-7-2021,20.96,Caustic,7,6,3639,5
12-5-2019,20.59,Fuse,7,8,3769,10
16-10-2022,27.74,Fuse,9,7,5400,5
15-10-2022,24.58,Caustic,1,2,727,16
17-11-2019,5.73,Caustic,3,4,2329,15
29-10-2020,15.69,Pathfinder,4,7,3750,18
27-2-2021,22.09,Wraith,6,5,3327,19
26-6-2019,6.69,Mad Maggie,7,4,2825,5
24-8-2020,22.61,Wraith,6,6,3702,16
19-7-2020,14.82,Wattson,15,11,9297,9
17-10-2021,17.19,Gibraltar,0,4,1029,15
14-5-2020,26.89,Wraith,7,5,2628,12
30-9-2022,22.4,Mad Maggie,2,5,1577,2
26-8-2022,8.78,Mad Maggie,3,5,1820,13
1-10-2021,7.53,Gibraltar,4,5,2704,8
4-12-2019,0.64,Mad Maggie,5,13,4056,7
1-11-2022,9.62,Revenant,7,8,4700,18
11-3-2019,24.19,Revenant,2,1,663,14
8-2-2020,22.89,Gibraltar,8,5,4739,19
13-10-2020,6.9,Mad Maggie,11,2,3184,19
12-6-2020,27.73,Wraith,10,3,3373,16
13-3-2022,10.02,Pathfinder,4,5,2945,13
11-12-2019,21.47,Lifeline,7,8,5073,12
4-7-2022,2.49,Fuse,10,6,4745,16
28-7-2021,16.7,Bangalore,3,1,1121,4
9-3-2019,15.9,Wraith,1,1,665,11
7-3-2021,11.55,Ash,2,3,1561,7
22-9-2022,3.14,Ash,10,3,4115,19
6-12-2019,13.48,Caustic,6,5,2923,12
5-3-2021,21.84,Lifeline,11,14,9619,19
5-5-2020,29.26,Pathfinder,7,10,5690,2
2-7-2022,27.64,Mad Maggie,6,6,3346,15
24-11-2019,27.86,Ash,1,3,1172,20
20-11-2021,8.21,Pathfinder,4,3,1900,14
22-7-2021,5.07,Fuse,7,4,2908,4
13-4-2019,11.44,Bangalore,7,6,3680,1
27-5-2022,7.85,Wattson,5,6,3621,8
13-5-2022,13.06,Revenant,6,9,4061,16
27-9-2021,16.9,Revenant,4,1,1294,7
1-4-2020,29.76,Mad Maggie,8,4,3289,14
17-2-2021,1.39,Wraith,2,2,1538,3
28-1-2021,10.85,Ash,4,3,1690,11
16-5-2022,26.21,Wattson,10,11,5405,8
23-8-2022,22.7,Wraith,11,9,6999,11
31-12-2022,2.21,Lifeline,6,8,3935,12
7-1-2020,24.23,Crypto,2,4,2192,18
9-8-2020,19.65,Revenant,7,6,5255,18
19-10-2021,8.96,Bangalore,4,4,2935,16
14-3-2019,4.28,Gibraltar,4,4,3171,8
6-8-2022,18.94,Wraith,10,12,5586,15
22-5-2021,15.98,Bloodhound,6,10,4900,11
19-9-2020,16.38,Fuse,10,6,6559,13
30-3-2021,28.54,Lifeline,1,2,960,12
1-9-2019,1.17,Caustic,1,1,568,9
19-12-2021,19.9,Wraith,4,2,1804,12
24-10-2021,14.23,Ash,13,7,5500,17
8-9-2020,21.54,Mad Maggie,11,8,2160,16
20-1-2021,9.83,Wattson,5,5,941,13
12-8-2020,16.96,Ash,6,11,1951,6
15-4-2020,19.11,Pathfinder,1,4,307,20
5-12-2021,13.28,Revenant,6,3,1653,16
21-11-2022,5.88,Bangalore,4,7,1261,7
19-7-2019,25.46,Crypto,4,9,896,16
12-2-2021,24.37,Caustic,4,4,1315,9
8-6-2020,12.87,Bangalore,5,11,2513,20
1-4-2022,17.53,Fuse,6,6,1365,8
22-12-2022,24.48,Crypto,1,5,883,18
28-10-2021,21.01,Mad Maggie,2,5,1525,9
12-5-2022,17.34,Fuse,4,11,3073,8
18-5-2020,20.01,Bangalore,5,5,676,5
3-6-2019,6.61,Mad Maggie,5,4,1003,17
12-2-2020,2.95,Crypto,8,5,2956,12
16-3-2019,14.65,Gibraltar,13,8,2921,16
22-12-2022,3.12,Lifeline,3,1,504,17
15-12-2019,18.79,Lifeline,1,2,669,5
6-3-2020,26.17,Crypto,10,4,2811,1
18-6-2022,20.14,Fuse,4,6,1780,5
4-12-2022,28.92,Wattson,8,5,1614,14
5-6-2019,11.69,Gibraltar,12,6,2657,4
6-1-2021,15.85,Crypto,7,11,3729,20
21-6-2022,18.05,Lifeline,8,1,1944,2
7-10-2020,9.88,Revenant,1,3,410,14
20-11-2021,15.65,Crypto,5,3,1826,5
18-11-2020,7.08,Wattson,3,3,975,4
20-11-2019,5.29,Gibraltar,4,6,2229,5
18-1-2021,15.42,Ash,8,8,2743,11
13-6-2021,23.0,Bloodhound,8,9,3998,2
22-7-2019,0.72,Bangalore,5,0,743,12
5-11-2022,21.53,Pathfinder,2,1,680,5
22-1-2020,9.84,Bangalore,5,2,1221,6
27-5-2021,16.49,Lifeline,6,5,2609,20
16-7-2019,16.61,Ash,6,6,2684,13
14-8-2020,26.48,Gibraltar,10,7,3400,8
19-11-2021,27.06,Gibraltar,10,7,2668,4
17-3-2020,22.98,Gibraltar,3,4,875,20
24-8-2022,6.22,Wraith,4,1,671,13
1-4-2022,24.7,Lifeline,7,6,1950,13
9-1-2021,14.7,Bloodhound,3,3,1381,18
17-5-2022,14.51,Crypto,7,4,2327,9
7-10-2020,3.28,Revenant,7,12,3317,13
20-4-2021,21.87,Fuse,9,8,2783,7
3-9-2020,12.99,Crypto,4,1,1005,8
9-5-2022,25.6,Bangalore,8,5,2002,10
14-6-2021,12.49,Mad Maggie,2,3,1276,4
22-11-2019,19.64,Mad Maggie,4,4,1907,19
3-5-2022,10.43,Pathfinder,6,5,1505,6
11-1-2021,9.61,Lifeline,6,8,2917,16
9-7-2021,21.53,Pathfinder,12,15,6965,2
1-11-2021,0.47,Fuse,2,0,539,12
16-6-2019,9.84,Wraith,1,3,994,16
19-9-2022,15.18,Bloodhound,4,6,1101,1
5-8-2020,23.7,Ash,6,3,1750,8
2-5-2020,2.04,Wraith,6,4,1766,16
30-6-2019,21.31,Bangalore,8,10,4579,19
7-4-2021,16.14,Wraith,11,12,4762,2
20-8-2022,14.98,Lifeline,0,3,665,7
15-6-2021,26.21,Mad Maggie,3,6,1444,4
12-12-2022,1.71,Ash,8,8,3927,9
1-12-2022,28.98,Fuse,8,5,2140,5
12-8-2022,11.17,Ash,7,4,2858,20
13-11-2022,13.57,Gibraltar,11,9,4843,14
4-4-2020,12.87,Bangalore,11,8,4392,7
2-5-2022,16.43,Ash,2,7,2097,20
16-5-2019,13.54,Crypto,3,1,774,16
22-5-2022,19.65,Crypto,5,6,2043,9
13-8-2021,18.03,Lifeline,7,4,2107,15
13-9-2021,22.71,Ash,6,7,2345,8
30-1-2021,9.47,Lifeline,5,6,1549,15
28-9-2020,1.36,Mad Maggie,14,8,4474,2
6-10-2022,1.01,Caustic,0,3,681,8
19-8-2022,1.2,Lifeline,3,9,3028,1
31-10-2019,17.15,Revenant,8,5,3440,2
26-3-2019,20.54,Bangalore,7,4,2278,8
1-11-2019,4.92,Mad Maggie,4,8,3404,14
12-8-2022,13.84,Ash,6,5,1825,9
15-8-2019,28.32,Fuse,8,8,3393,3
16-12-2019,20.38,Crypto,1,2,561,1
19-11-2019,7.61,Caustic,5,3,1825,13
26-6-2022,23.61,Caustic,2,10,2125,14
10-1-2020,16.71,Crypto,4,7,2746,8
12-12-2020,12.25,Ash,6,4,2970,8
31-8-2022,20.2,Bloodhound,8,7,2552,14
1-8-2020,0.54,Caustic,6,6,2171,5
28-9-2020,4.0,Caustic,2,0,358,16
2-12-2022,27.51,Bloodhound,6,4,2214,4
26-12-2021,5.97,Crypto,5,2,1515,19
24-11-2022,1.66,Mad Maggie,4,4,2125,4
3-7-2021,8.36,Bangalore,4,6,2333,1
21-10-2022,5.74,Revenant,6,6,2213,13
6-3-2022,3.11,Caustic,6,8,3141,20
24-11-2019,9.3,Pathfinder,1,0,309,18
3-5-2022,29.46,Lifeline,3,5,1670,13
20-3-2020,9.29,Crypto,3,2,1350,13
4-8-2022,3.59,Crypto,3,6,2661,1
13-1-2022,22.01,Ash,6,7,3639,7
23-10-2021,14.7,Revenant,9,5,3678,1
30-11-2019,14.36,Fuse,9,11,5983,6
26-4-2019,20.4,Lifeline,7,2,2241,7
30-12-2022,8.18,Wraith,5,4,2745,15
11-2-2019,9.27,Wraith,3,4,1357,13
30-9-2022,5.28,Ash,7,6,4090,5
24-12-2021,19.89,Revenant,7,5,3049,19
14-9-2020,5.52,Wattson,5,6,2421,12
22-7-2020,23.14,Wraith,10,8,5269,13
15-8-2019,10.01,Crypto,4,2,1022,1
15-1-2021,29.8,Lifeline,5,7,3118,9
30-10-2021,16.24,Pathfinder,3,3,1674,18
14-9-2021,14.63,Fuse,8,5,2973,14
26-7-2020,11.04,Crypto,10,4,4652,3
15-9-2021,15.65,Bangalore,8,7,4177,17
21-5-2019,5.33,Crypto,11,6,4932,13
24-3-2021,16.38,Wattson,2,5,2203,15
14-6-2021,9.56,Ash,2,1,653,11
23-6-2019,4.64,Mad Maggie,4,5,2590,15
7-9-2019,10.41,Wraith,4,5,1721,3
21-2-2020,27.12,Ash,8,5,3173,20
24-3-2020,11.17,Ash,10,8,3217,16
27-3-2022,1.6,Wraith,9,6,2674,14
23-11-2019,17.95,Ash,1,1,620,1
25-4-2022,12.24,Mad Maggie,1,3,741,12
29-4-2021,2.64,Wraith,4,3,1547,17
14-3-2019,8.91,Wraith,4,4,1692,15
7-10-2022,5.22,Bangalore,5,4,2670,12
8-5-2020,10.39,Wattson,11,10,4132,17
19-11-2022,16.15,Wattson,10,11,4265,8
19-5-2022,21.03,Ash,2,6,1865,13
17-8-2020,10.32,Wattson,1,6,1608,6
9-7-2019,3.45,Wraith,6,7,3763,5
18-4-2021,23.91,Bloodhound,9,5,4000,19
6-1-2022,25.25,Caustic,5,5,3166,5
5-4-2020,27.42,Fuse,12,12,4861,6
24-6-2019,25.78,Gibraltar,7,7,3065,10
3-4-2019,3.61,Wraith,5,0,1750,13
17-11-2020,14.53,Revenant,5,5,2680,5
19-5-2021,16.57,Wattson,6,6,2829,1
19-5-2019,9.44,Revenant,3,4,2402,2
11-11-2019,29.81,Revenant,11,6,5281,4
8-3-2022,26.49,Caustic,7,6,3435,18
13-10-2020,9.49,Wraith,7,10,5118,16
23-3-2019,7.5,Wraith,1,2,669,3
30-3-2020,20.33,Revenant,1,3,1215,17
31-3-2021,9.89,Crypto,3,2,1103,9
18-3-2022,28.84,Lifeline,5,4,2232,20
27-4-2020,3.4,Wattson,4,5,2377,1
2-2-2021,17.5,Wattson,12,12,8145,14
18-4-2022,27.09,Lifeline,12,6,6429,5
18-9-2022,10.76,Wattson,1,0,339,4
10-6-2019,8.76,Bangalore,6,2,2389,11
16-11-2022,27.44,Ash,5,8,3912,7
18-3-2020,15.18,Wraith,7,5,3936,13
11-2-2022,4.19,Bloodhound,4,6,2085,19
15-4-2022,1.73,Crypto,5,5,3551,13
3-7-2022,21.39,Wraith,11,7,6614,9
14-9-2019,19.79,Wattson,1,4,1710,8
15-11-2019,14.51,Fuse,1,3,1199,18
7-9-2022,4.88,Pathfinder,4,2,1741,16
22-9-2019,26.19,Crypto,4,8,2766,3
10-12-2021,24.37,Fuse,4,6,2260,16
2-3-2022,5.24,Gibraltar,5,5,2565,5
17-5-2021,1.19,Bloodhound,7,7,3234,9
8-9-2021,14.7,Wraith,0,3,665,8
14-9-2022,18.56,Bangalore,6,6,4285,9
4-1-2021,3.05,Bangalore,3,2,1264,8
23-2-2022,12.64,Ash,8,5,4872,14
15-11-2022,7.19,Crypto,9,4,3139,10
19-3-2022,20.18,Wattson,6,7,3784,17
13-2-2019,0.28,Crypto,7,10,5997,9
21-6-2021,19.24,Revenant,1,2,685,12
14-1-2022,17.6,Ash,2,7,2502,2
25-4-2022,9.22,Wattson,5,3,2308,6
3-6-2020,18.56,Gibraltar,3,5,2677,3
28-9-2020,13.67,Bangalore,6,5,4021,14
22-12-2021,24.01,Fuse,5,8,3170,18
2-4-2021,20.38,Bloodhound,10,6,4617,1
30-9-2022,8.32,Wattson,1,0,309,9
26-8-2022,22.67,Bangalore,1,4,1690,17
26-4-2021,24.59,Fuse,5,2,2798,19
20-5-2021,10.09,Revenant,10,11,5584,10
28-4-2022,9.76,Gibraltar,8,6,4753,7
1-12-2022,0.98,Ash,12,6,4557,5
7-10-2022,23.45,Lifeline,8,6,3698,8
28-8-2020,11.07,Pathfinder,1,2,923,11
26-9-2020,5.97,Pathfinder,3,1,1110,12
8-3-2019,26.12,Caustic,4,4,2559,20
27-5-2020,25.93,Bloodhound,7,8,5490,15
10-5-2022,10.44,Lifeline,5,5,3965,7
28-2-2021,24.72,Bangalore,6,8,3876,6
16-5-2021,23.06,Gibraltar,6,9,5090,7
30-4-2019,3.46,Bangalore,7,5,4342,10
6-3-2022,19.23,Wattson,9,1,4234,9
14-5-2019,13.17,Wattson,8,8,4681,13
24-1-2022,22.44,Fuse,4,4,2233,19
26-5-2022,3.53,Gibraltar,8,4,4009,3
30-3-2022,1.96,Fuse,13,5,5350,18
14-11-2021,27.35,Bloodhound,13,11,9022,17
19-12-2019,15.77,Wraith,8,4,3707,14
14-11-2019,4.14,Mad Maggie,4,1,750,15
11-11-2020,3.39,Ash,4,5,1864,9
21-4-2020,1.63,Wraith,7,4,1664,18
22-1-2022,23.78,Pathfinder,7,10,2554,15
12-5-2019,22.02,Bloodhound,7,8,2883,14
27-3-2020,6.26,Fuse,7,8,1768,2
18-1-2022,22.3,Revenant,3,4,1466,4
18-9-2019,29.07,Wraith,1,3,770,18
3-10-2020,14.91,Caustic,6,3,777,17
24-8-2020,29.98,Fuse,6,6,1791,20
19-2-2022,8.77,Lifeline,5,9,1143,1
16-12-2022,29.37,Ash,6,9,2190,7
10-6-2021,5.15,Pathfinder,7,9,3439,9
4-2-2021,9.68,Bangalore,0,2,197,8
10-11-2019,4.52,Revenant,2,2,378,1
20-7-2020,22.8,Crypto,2,4,1171,1
28-12-2019,28.75,Fuse,13,4,2176,7
7-3-2022,7.19,Wraith,6,8,1513,11
18-3-2020,27.92,Lifeline,9,14,3216,19
10-4-2022,8.19,Crypto,7,6,2045,8
24-3-2022,10.11,Revenant,1,2,502,4
12-3-2022,7.95,Wraith,2,3,575,10
18-12-2021,3.3,Pathfinder,3,4,1098,15
3-4-2020,14.87,Lifeline,6,6,2793,16
18-6-2022,0.32,Bloodhound,10,7,3058,12
31-7-2019,7.13,Revenant,8,5,1515,1
31-7-2022,6.58,Lifeline,8,7,3504,15
31-8-2020,18.3,Pathfinder,1,2,341,4
8-3-2022,4.03,Ash,3,1,848,5
17-5-2019,14.58,Fuse,4,3,1398,14
22-2-2020,16.38,Lifeline,5,9,1816,6
11-2-2020,24.26,Wattson,5,4,1437,17
12-11-2021,1.61,Ash,12,6,2669,13
6-9-2019,23.49,Crypto,12,8,1837,4
27-7-2020,20.21,Bangalore,8,1,2309,15
9-2-2021,21.1,Bloodhound,2,4,1389,10
10-8-2021,17.66,Wattson,4,6,2093,13
10-2-2022,1.66,Wattson,4,3,1515,14
20-9-2020,26.69,Gibraltar,8,9,3790,14
3-9-2020,0.62,Pathfinder,7,5,2332,4
9-5-2020,26.58,Pathfinder,8,12,4188,19
23-2-2021,1.03,Bangalore,2,3,940,15
7-11-2022,8.37,Lifeline,7,4,1464,2
10-6-2021,29.11,Bloodhound,3,2,832,9
15-12-2021,27.52,Wattson,7,10,2538,13
21-9-2019,5.1,Gibraltar,4,4,1197,9
2-9-2019,23.17,Pathfinder,6,7,3073,15
18-1-2021,27.48,Wattson,11,9,4397,19
27-12-2022,16.45,Wattson,3,1,608,15
30-7-2022,13.27,Bangalore,4,6,1026,5
27-11-2020,29.49,Bloodhound,6,2,1117,1
18-2-2019,8.03,Caustic,4,8,2554,14
18-4-2019,15.77,Ash,12,6,3957,13
4-4-2019,14.51,Crypto,8,9,3761,4
18-7-2021,1.95,Revenant,8,8,2252,11
3-7-2020,20.61,Gibraltar,1,4,904,9
28-12-2020,13.43,Revenant,2,2,448,15
4-2-2020,12.51,Crypto,2,3,704,19
30-12-2021,29.79,Pathfinder,6,6,1640,5
28-3-2021,16.5,Fuse,6,9,1749,7
20-5-2021,8.81,Gibraltar,12,6,3656,3
19-10-2019,15.3,Mad Maggie,6,7,2411,5
4-11-2020,19.31,Bloodhound,6,1,1771,7
5-4-2019,5.8,Crypto,1,1,396,18
7-12-2020,19.33,Bangalore,6,7,3248,14
24-4-2021,12.88,Revenant,6,4,1864,19
12-11-2019,15.42,Bloodhound,5,11,3991,12
12-2-2021,4.94,Revenant,5,10,3274,20
24-12-2019,22.99,Revenant,8,7,3224,17
25-3-2019,18.64,Crypto,7,6,3524,2
15-12-2019,29.55,Pathfinder,6,3,1696,7
9-2-2021,22.05,Wattson,4,3,1377,20
2-12-2021,14.32,Wraith,3,3,1129,4
4-5-2019,19.47,Wattson,4,7,1426,4
2-5-2019,7.56,Bloodhound,7,9,4620,14
16-8-2019,20.15,Revenant,9,8,2731,13
6-7-2021,2.16,Revenant,0,2,478,5
27-9-2019,29.57,Caustic,2,5,1002,18
17-12-2022,2.56,Revenant,2,2,1147,2
3-1-2020,28.7,Wraith,13,5,4821,16
10-11-2021,16.32,Fuse,5,7,2153,10
24-7-2021,2.86,Mad Maggie,7,7,2437,9
8-6-2021,1.53,Revenant,6,9,2700,10
14-7-2020,9.47,Bloodhound,0,3,563,3
15-6-2021,10.15,Lifeline,1,3,872,8
28-2-2021,6.62,Crypto,2,2,737,13
15-1-2020,5.11,Revenant,3,3,1648,16
18-8-2020,5.93,Revenant,6,10,4068,15
29-1-2021,22.81,Caustic,8,13,4100,5
30-12-2019,0.82,Fuse,9,6,4321,9
1-6-2021,27.46,Bangalore,3,2,758,5
22-3-2021,1.61,Crypto,1,4,1049,10
2-7-2019,0.59,Lifeline,2,2,685,5
13-9-2019,19.7,Bangalore,4,5,1963,6
25-10-2019,1.71,Mad Maggie,5,10,2357,7
27-2-2019,1.44,Mad Maggie,8,5,4151,17
18-2-2021,28.38,Bangalore,12,15,4555,7
28-3-2021,11.25,Pathfinder,0,3,649,3
29-8-2022,25.97,Lifeline,2,6,1441,18
3-8-2022,13.3,Bangalore,3,3,1331,18
25-8-2021,6.98,Wraith,5,10,3910,6
10-10-2020,12.8,Revenant,5,7,2570,14
10-6-2022,21.2,Bangalore,8,10,4973,12
2-7-2019,27.07,Ash,8,7,3548,17
10-3-2022,25.55,Wattson,7,0,1960,9
28-7-2022,15.86,Wattson,3,5,1500,3
26-3-2022,12.48,Ash,4,3,1967,19
25-8-2020,27.01,Gibraltar,5,4,2055,1
13-9-2019,14.58,Fuse,5,5,2371,12
4-7-2022,20.99,Bloodhound,9,7,4299,8
6-6-2021,13.41,Pathfinder,6,13,4001,9
6-9-2022,29.74,Wattson,2,3,993,2
5-11-2022,10.81,Ash,2,6,1342,9
31-12-2021,21.01,Wattson,8,3,2522,2
19-8-2019,21.84,Gibraltar,11,6,4463,13
30-12-2022,16.4,Revenant,9,6,2825,2
14-5-2021,22.79,Caustic,6,10,3585,19
13-4-2020,12.41,Lifeline,8,7,3512,9
9-12-2021,26.67,Crypto,7,4,3342,10
10-4-2022,1.18,Caustic,1,3,681,11
22-11-2022,24.78,Crypto,5,3,1570,14
19-7-2019,5.17,Bloodhound,4,7,2580,13
23-6-2022,24.07,Lifeline,9,4,4017,13
21-7-2019,24.74,Fuse,6,8,3888,20
8-10-2021,3.73,Wattson,9,6,4495,9
22-4-2020,28.98,Mad Maggie,6,4,2871,13
2-2-2021,18.14,Caustic,2,5,2238,9
6-1-2021,23.37,Crypto,3,4,2285,19
3-9-2021,18.56,Crypto,3,10,3860,15
8-12-2020,13.5,Fuse,5,5,2122,12
2-9-2019,5.37,Caustic,6,5,3041,4
24-8-2021,6.03,Crypto,8,7,5082,3
22-4-2022,27.08,Crypto,5,7,4098,4
7-11-2021,4.64,Revenant,3,2,1021,16
18-1-2022,15.66,Revenant,3,3,1993,14
27-9-2020,9.11,Wattson,4,3,1548,19
6-4-2022,28.29,Wattson,8,7,4373,8
16-7-2019,24.8,Wattson,9,7,3105,4
21-9-2022,23.93,Bangalore,13,8,5930,20
17-8-2020,26.2,Fuse,2,3,1160,10
4-6-2020,20.35,Fuse,6,3,2181,14
13-2-2020,25.98,Ash,5,3,2224,1
16-9-2021,12.3,Wraith,10,5,3458,16
28-9-2019,24.26,Caustic,6,8,3280,15
16-10-2019,6.23,Ash,6,6,2789,10
12-3-2020,14.39,Wraith,7,10,5952,17
10-11-2019,22.82,Wattson,6,0,2011,6
19-7-2019,8.99,Caustic,4,5,2704,10
2-6-2022,25.39,Bangalore,3,3,1787,3
27-9-2021,0.08,Caustic,7,3,2540,3
1-4-2022,22.68,Wraith,5,13,5371,1
25-11-2020,11.46,Ash,14,5,7062,18
4-4-2020,8.99,Wattson,9,8,4804,18
1-3-2020,11.61,Bloodhound,0,3,653,10
9-5-2020,2.6,Fuse,2,4,1426,4
15-8-2020,25.78,Ash,9,2,3051,11
10-5-2019,0.16,Wattson,3,6,2449,5
5-5-2019,29.66,Lifeline,8,4,3818,18
17-11-2022,13.57,Bangalore,6,13,6389,9
9-4-2021,16.62,Mad Maggie,7,7,4253,19
23-11-2019,4.57,Wraith,0,6,1768,16
6-5-2021,20.37,Bangalore,4,2,2188,2
29-4-2020,28.33,Mad Maggie,3,2,1190,9
16-12-2022,19.74,Pathfinder,10,4,4490,15
26-11-2021,22.54,Fuse,9,5,4195,13
4-10-2020,28.12,Wraith,9,6,5413,12
28-3-2021,16.23,Gibraltar,9,9,4140,10
18-9-2019,19.65,Gibraltar,3,1,1147,1
29-3-2019,13.55,Caustic,3,5,1936,9
3-11-2021,17.17,Bangalore,3,4,1962,20
26-9-2021,25.42,Lifeline,5,6,3340,20
7-1-2022,3.49,Caustic,4,4,2892,7
18-4-2020,9.37,Revenant,12,8,5863,1
20-3-2022,27.0,Caustic,11,9,4710,3
14-4-2022,4.96,Gibraltar,2,4,2044,15
16-11-2021,8.77,Lifeline,1,1,639,8
17-5-2019,0.85,Crypto,3,3,1976,5
9-8-2022,8.59,Ash,4,5,3114,8
7-8-2021,7.53,Caustic,4,4,2092,17
2-4-2019,27.29,Gibraltar,5,7,3592,2
7-6-2019,14.77,Wraith,7,12,4959,20
3-10-2021,1.32,Revenant,0,0,0,12
22-12-2021,26.88,Pathfinder,5,2,2788,13
27-12-2020,8.26,Bangalore,3,2,1862,17
8-3-2022,0.59,Lifeline,5,10,5187,9
10-9-2022,27.78,Wraith,13,6,6099,2
19-2-2020,23.59,Bangalore,13,7,5633,4
30-7-2019,3.78,Fuse,7,8,4148,9
14-11-2020,7.6,Crypto,2,0,605,15
1-8-2019,12.28,Bloodhound,7,2,3349,16
29-4-2021,11.74,Wraith,4,3,2120,12
5-8-2022,6.44,Fuse,3,9,3066,2
7-5-2021,0.76,Bangalore,5,7,4059,17
22-10-2022,10.65,Pathfinder,5,9,5565,17
10-12-2020,16.06,Crypto,6,7,5148,7
19-7-2020,21.53,Crypto,5,1,2509,19
10-2-2021,23.89,Ash,6,3,3104,4
4-1-2020,25.32,Lifeline,7,5,4566,20
1-1-2020,29.76,Gibraltar,6,5,3004,10
4-11-2022,23.5,Crypto,8,9,5782,8
1-5-2019,6.76,Wraith,5,9,2360,7
16-9-2021,21.34,Ash,9,7,3076,9
3-7-2021,8.54,Mad Maggie,2,3,452,4
24-12-2019,25.75,Fuse,9,5,1760,16
2-10-2020,10.48,Mad Maggie,6,3,1332,12
28-7-2022,17.83,Pathfinder,4,4,1463,18
19-11-2020,5.44,Bangalore,6,4,1011,3
21-8-2019,20.9,Bloodhound,6,7,2198,14
25-10-2021,24.76,Revenant,13,9,3025,10
30-7-2021,28.6,Pathfinder,4,8,784,17
13-11-2020,16.21,Pathfinder,7,1,1301,10
22-2-2020,25.0,Bloodhound,3,11,1908,17
20-6-2020,14.59,Bloodhound,5,6,1712,10
24-2-2022,29.64,Lifeline,6,6,1029,11
2-5-2020,24.79,Wraith,7,10,1633,16
4-3-2020,15.08,Revenant,7,9,2766,1
20-4-2020,22.34,Ash,6,5,969,13
15-12-2019,25.26,Wraith,8,2,2374,10
3-8-2019,10.5,Caustic,3,6,1082,2
1-12-2022,9.59,Pathfinder,7,7,1237,2
8-7-2019,23.93,Crypto,7,11,2346,5
20-10-2022,0.65,Pathfinder,8,13,2092,20
25-11-2019,10.04,Wraith,8,9,1797,14
18-5-2022,28.92,Lifeline,2,0,211,6
5-7-2021,15.86,Pathfinder,1,1,168,6
22-7-2020,4.69,Wattson,6,5,2334,3
30-7-2019,9.17,Fuse,5,4,2136,12
31-1-2022,1.07,Wattson,4,11,1575,7
17-2-2022,19.64,Revenant,6,6,2581,15
20-3-2020,16.35,Crypto,6,10,3505,7
13-8-2021,21.13,Bloodhound,1,1,336,2
15-9-2021,4.16,Ash,2,4,844,2
31-3-2020,28.32,Pathfinder,4,10,1932,19
27-10-2019,27.86,Revenant,7,3,2271,13
18-6-2021,14.3,Ash,9,5,3298,6
10-12-2019,26.68,Bangalore,7,6,2709,2
29-10-2022,16.07,Lifeline,11,6,2933,1
2-4-2019,28.6,Lifeline,6,2,1307,6
10-12-2020,27.25,Revenant,3,1,957,6
12-10-2022,25.93,Lifeline,5,5,1540,3
14-2-2022,14.08,Lifeline,8,6,3463,15
27-10-2022,12.82,Pathfinder,5,10,3374,13
13-7-2019,5.99,Caustic,9,7,2265,11
13-12-2022,20.04,Caustic,6,6,2411,16
1-2-2020,21.84,Crypto,2,4,1207,5
11-4-2020,13.54,Bangalore,3,1,754,2
11-5-2020,21.9,Crypto,7,4,2101,11
23-1-2020,3.18,Lifeline,5,10,2953,20
21-12-2022,28.55,Bloodhound,14,4,3246,11
29-9-2019,20.96,Pathfinder,5,5,1126,14
31-12-2020,21.04,Crypto,9,14,5541,20
27-12-2022,27.75,Bangalore,2,0,305,20
15-4-2019,11.75,Bangalore,3,1,1046,15
18-5-2021,29.81,Caustic,3,6,2141,12
4-8-2020,19.34,Crypto,5,7,1391,14
19-5-2022,14.31,Ash,5,8,3120,14
7-9-2019,14.96,Gibraltar,10,5,2256,4
22-9-2022,27.14,Crypto,8,8,1964,13
16-8-2022,23.78,Crypto,6,5,1731,9
8-2-2022,5.23,Bangalore,2,6,1108,14
9-9-2022,12.87,Crypto,9,6,3326,1
28-1-2021,28.19,Wattson,6,6,1928,4
5-11-2019,3.58,Fuse,5,7,1866,18
4-6-2022,23.42,Bloodhound,8,5,1519,18
26-4-2019,11.1,Pathfinder,8,6,2461,10
7-5-2021,8.48,Revenant,0,2,455,19
27-5-2022,8.78,Lifeline,6,1,1051,19
20-9-2021,13.53,Bangalore,2,4,1081,17
1-7-2020,24.65,Gibraltar,9,5,3370,8
15-2-2021,24.8,Wattson,5,5,2405,7
2-1-2020,15.53,Bloodhound,5,13,4299,14
27-1-2020,8.21,Wraith,9,10,4003,6
28-8-2020,7.06,Fuse,1,0,196,16
27-10-2020,13.39,Lifeline,3,9,2529,16
15-11-2021,15.78,Bloodhound,3,3,1198,19
7-10-2021,27.96,Ash,13,3,3836,12
19-3-2019,9.16,Bangalore,4,6,2162,5
15-7-2019,19.62,Bangalore,7,6,3406,14
11-7-2019,15.71,Bangalore,8,10,3854,14
14-3-2019,12.83,Revenant,0,0,0,11
18-11-2021,19.13,Ash,4,9,3283,6
23-5-2021,18.64,Bloodhound,8,2,1665,14
30-5-2019,12.4,Fuse,3,7,2133,11
4-7-2022,6.37,Bloodhound,7,4,2116,20
16-2-2021,23.24,Caustic,7,10,3608,4
15-3-2019,10.03,Gibraltar,8,9,2912,12
15-8-2022,21.1,Pathfinder,1,2,490,1
1-3-2020,13.33,Lifeline,3,1,1153,5
6-2-2022,6.84,Lifeline,4,2,943,8
12-12-2021,20.61,Gibraltar,11,8,5455,10
24-8-2020,27.55,Gibraltar,10,7,4156,10
4-3-2021,27.88,Mad Maggie,5,8,3467,16
18-2-2020,22.24,Caustic,7,9,4123,20
11-5-2022,22.89,Bloodhound,3,3,1375,17
30-8-2020,29.08,Wattson,6,7,2583,10
13-6-2021,1.43,Gibraltar,2,4,1391,3
28-1-2022,28.55,Gibraltar,9,5,3514,17
27-10-2020,19.49,Pathfinder,8,7,3327,1
2-9-2021,16.11,Crypto,8,10,3534,3
9-3-2022,23.65,Ash,14,11,5346,14
20-11-2020,2.89,Fuse,2,0,529,12
23-2-2019,4.32,Wraith,4,8,2241,6
27-4-2019,2.08,Gibraltar,3,7,2098,11
22-3-2020,27.79,Bloodhound,11,8,4032,10
13-12-2020,15.38,Lifeline,6,5,2809,16
23-2-2019,1.33,Bloodhound,5,10,3875,14
4-2-2021,24.8,Pathfinder,8,7,4046,20
13-2-2020,9.19,Bloodhound,3,3,1312,4
24-9-2022,0.18,Crypto,1,2,856,12
13-2-2022,2.34,Revenant,3,2,1320,11
21-4-2020,13.41,Pathfinder,5,6,3485,17
28-5-2020,4.38,Ash,11,10,3832,17
9-12-2022,15.79,Caustic,6,10,3999,20
1-9-2021,4.38,Mad Maggie,8,6,2376,8
7-2-2022,13.51,Revenant,4,6,3024,6
23-11-2019,10.48,Caustic,1,2,603,7
15-11-2022,13.59,Bloodhound,3,3,1923,19
8-8-2022,25.72,Caustic,6,10,3132,6
11-11-2022,1.2,Ash,7,6,3787,6
6-12-2020,14.27,Mad Maggie,7,5,3516,11
15-11-2020,19.84,Wattson,8,11,5755,14
20-7-2020,6.01,Fuse,5,1,1939,12
12-7-2019,6.5,Mad Maggie,3,2,1313,15
26-5-2021,4.11,Pathfinder,3,2,1253,12
28-3-2022,19.45,Lifeline,5,6,2654,14
23-7-2021,29.19,Wraith,7,7,2797,10
25-11-2019,12.91,Caustic,6,9,4665,18
15-9-2021,11.02,Ash,7,8,3104,4
1-8-2019,16.9,Fuse,0,1,250,13
6-1-2020,5.96,Lifeline,2,3,1443,8
17-6-2019,18.66,Mad Maggie,4,4,1823,17
8-2-2022,27.61,Wraith,4,4,2135,4
16-6-2021,19.84,Gibraltar,7,5,3782,8
18-1-2020,25.29,Fuse,12,8,3965,4
19-10-2019,18.29,Gibraltar,8,8,4510,3
20-11-2020,26.26,Revenant,3,0,643,7
24-2-2021,26.65,Gibraltar,6,3,3004,4
2-2-2022,25.07,Ash,5,7,3725,9
9-4-2021,14.05,Fuse,10,9,6669,6
9-11-2020,19.96,Pathfinder,7,5,2941,2
27-3-2020,5.04,Revenant,10,13,5293,20
1-5-2021,25.91,Ash,6,9,4779,6
13-2-2020,16.56,Caustic,1,0,273,4
20-12-2020,25.11,Bloodhound,4,5,2186,20
25-4-2019,25.1,Pathfinder,7,5,2594,2
17-3-2019,12.24,Mad Maggie,4,3,2217,18
15-6-2019,26.99,Gibraltar,7,4,2847,6
5-2-2021,9.34,Ash,5,5,2381,19
13-8-2022,25.87,Revenant,11,9,7059,17
27-4-2020,7.86,Bangalore,5,1,1939,19
25-8-2021,11.42,Lifeline,1,2,1030,5
14-3-2020,9.18,Wattson,10,6,3537,16
2-4-2022,11.9,Bloodhound,5,7,4173,1
30-3-2020,20.08,Wraith,5,5,3043,7
28-5-2020,27.35,Mad Maggie,7,9,4104,6
12-4-2019,26.39,Revenant,7,8,5361,7
26-4-2021,10.16,Bangalore,1,6,2425,10
29-1-2022,21.74,Ash,5,3,2654,10
16-7-2019,10.82,Lifeline,2,3,1169,6
18-2-2019,6.1,Ash,4,3,1628,7
29-11-2021,22.95,Revenant,5,5,2655,5
22-8-2019,24.41,Wraith,5,11,5884,12
10-11-2022,25.76,Lifeline,9,10,5845,6
30-5-2020,23.39,Wraith,0,3,644,11
25-10-2022,11.01,Ash,2,8,2432,12
19-6-2021,20.53,Wattson,2,9,2752,7
11-1-2022,27.56,Lifeline,8,9,6014,14
28-10-2021,23.29,Fuse,5,12,4963,2
18-2-2021,18.34,Mad Maggie,12,12,6681,17
28-5-2022,1.9,Crypto,6,7,4043,5
14-4-2020,15.39,Crypto,1,4,1272,10
28-3-2022,0.89,Bangalore,4,7,3819,17
16-9-2019,1.78,Mad Maggie,2,2,1013,1
23-7-2020,21.97,Ash,3,8,3695,19
23-10-2022,6.95,Mad Maggie,11,4,3822,18
2-2-2022,28.69,Lifeline,8,6,4722,13
24-5-2021,20.13,Lifeline,8,12,5944,4
21-11-2020,21.07,Crypto,8,1,2973,5
9-4-2020,8.74,Ash,9,3,3437,8
11-4-2022,9.87,Wattson,2,3,1876,17
15-12-2022,25.1,Bloodhound,11,9,6695,9
17-7-2020,12.05,Wattson,6,9,3802,20
17-11-2021,27.59,Lifeline,6,9,4766,20
16-11-2021,7.29,Ash,6,6,3335,1
3-8-2020,18.58,Crypto,0,4,1232,17
5-2-2021,25.15,Gibraltar,3,6,2609,9
24-3-2019,23.09,Mad Maggie,7,6,3475,19
24-9-2021,27.0,Wraith,11,6,6662,3
13-10-2020,8.99,Pathfinder,4,5,2809,20
19-9-2021,25.52,Bloodhound,6,6,4814,10
22-9-2022,3.14,Caustic,7,7,4461,18
4-12-2021,15.47,Pathfinder,1,6,2065,11
30-9-2022,3.85,Crypto,3,2,1875,16
31-12-2020,27.13,Revenant,4,10,4992,12
13-6-2019,16.55,Ash,8,5,3459,6
15-1-2022,10.39,Bloodhound,7,5,3635,17
20-7-2022,16.4,Bangalore,8,7,5212,18
14-4-2019,0.54,Gibraltar,15,9,7775,9
7-9-2019,6.07,Mad Maggie,0,0,0,18
31-3-2021,17.91,Bangalore,3,4,2499,1
26-5-2021,23.52,Ash,6,8,970,6
7-4-2020,24.21,Gibraltar,3,3,381,13
29-6-2019,3.69,Bangalore,4,4,496,11
2-10-2019,24.63,Pathfinder,6,6,796,10
9-10-2020,19.19,Bloodhound,8,7,1983,19
7-7-2019,18.01,Bangalore,2,1,360,12
3-4-2022,6.23,Bloodhound,1,2,256,14
8-3-2022,12.26,Mad Maggie,4,2,1020,16
3-3-2019,27.51,Bloodhound,5,7,774,13
18-6-2019,6.62,Wattson,6,4,672,5
26-1-2020,3.18,Lifeline,8,9,2279,8
5-2-2021,28.88,Gibraltar,7,7,1136,19
31-12-2020,11.07,Revenant,0,1,191,2
13-8-2020,25.18,Crypto,4,4,1015,18
24-11-2020,1.34,Pathfinder,4,2,802,4
23-12-2019,15.91,Lifeline,3,7,1128,14
6-2-2020,3.97,Ash,8,5,2223,11
13-2-2021,24.75,Bloodhound,12,11,3587,14
9-7-2019,21.34,Bloodhound,16,8,3677,16
21-5-2020,28.29,Lifeline,4,4,1070,3
8-6-2020,22.99,Ash,6,2,708,13
21-5-2021,11.24,Ash,8,8,2772,10
24-3-2021,3.23,Crypto,5,6,2370,18
7-1-2020,24.88,Bloodhound,7,13,1571,5
16-10-2021,19.43,Bloodhound,6,6,1096,1
26-9-2020,11.13,Gibraltar,6,8,1669,10
23-10-2022,5.5,Wraith,4,1,1220,11
11-2-2022,21.39,Bangalore,4,3,1110,17
4-4-2022,0.8,Ash,3,2,600,6
23-5-2021,15.41,Lifeline,4,4,1225,15
21-12-2022,8.86,Fuse,6,11,1729,1
8-3-2020,16.94,Ash,5,5,1538,14
13-12-2021,12.32,Lifeline,6,11,2174,12
20-8-2022,28.26,Mad Maggie,0,1,120,3
3-6-2021,17.47,Pathfinder,2,3,824,17
13-1-2022,17.55,Gibraltar,2,3,528,7
24-2-2022,20.93,Fuse,3,5,1308,10
2-3-2019,8.71,Pathfinder,6,7,1441,14
8-11-2021,22.39,Wraith,12,6,4068,16
30-1-2022,22.77,Gibraltar,11,9,4468,9
3-12-2021,14.65,Lifeline,4,2,645,3
15-7-2021,7.63,Wattson,6,1,1104,2
9-10-2020,21.51,Pathfinder,5,3,2015,4
16-4-2019,23.34,Lifeline,8,4,1859,20
20-1-2022,10.87,Crypto,5,9,1865,2
22-9-2019,18.08,Mad Maggie,5,10,2607,6
20-3-2022,11.51,Wraith,12,8,2588,4
23-5-2019,7.18,Mad Maggie,1,4,675,15
20-10-2019,23.94,Revenant,9,2,1951,13
27-1-2020,24.71,Gibraltar,2,4,733,5
16-8-2021,19.28,Lifeline,5,4,1118,20
16-7-2020,12.82,Fuse,6,11,2484,8
6-11-2022,24.93,Wraith,15,9,4182,6
20-5-2022,24.88,Mad Maggie,8,9,2799,8
22-9-2019,19.92,Pathfinder,0,0,0,17
9-3-2021,15.17,Mad Maggie,1,9,1178,1
7-6-2021,18.94,Ash,7,4,2097,4
28-5-2019,4.52,Gibraltar,3,7,1138,11
17-10-2019,22.46,Revenant,9,5,3282,13
21-3-2020,3.56,Mad Maggie,7,7,1926,4
23-12-2021,19.16,Revenant,9,12,4680,5
14-7-2022,9.39,Ash,0,6,1264,17
29-7-2020,24.31,Mad Maggie,2,4,999,10
18-7-2022,26.35,Bloodhound,4,4,2285,16
16-11-2020,24.84,Lifeline,3,5,1334,1
3-3-2019,2.91,Wraith,5,6,2421,17
8-1-2021,19.69,Mad Maggie,8,8,3522,4
1-1-2022,15.61,Wraith,11,9,2939,15
4-11-2022,1.74,Mad Maggie,1,1,455,2
24-12-2021,9.68,Mad Maggie,5,4,1633,15
10-3-2019,25.85,Ash,2,2,767,16
12-5-2020,29.47,Mad Maggie,8,5,2965,13
15-5-2019,3.66,Fuse,9,5,1786,2
30-10-2019,2.66,Wattson,8,6,2239,3
11-6-2021,15.56,Ash,13,7,4367,20
14-9-2019,23.18,Ash,4,10,3639,8
4-4-2021,15.01,Crypto,8,5,3531,9
10-4-2020,25.8,Wattson,7,3,2534,3
29-11-2020,8.0,Crypto,5,3,1652,11
9-12-2019,16.05,Ash,5,4,1617,3
21-5-2021,5.79,Ash,8,10,3956,4
5-9-2020,12.68,Mad Maggie,12,6,5403,3
23-3-2020,10.05,Ash,5,2,1865,8
9-11-2021,21.19,Crypto,1,3,1137,15
19-6-2020,20.53,Caustic,3,3,979,16
16-2-2020,25.49,Pathfinder,8,4,1993,8
7-4-2019,27.84,Gibraltar,7,13,5592,13
20-3-2019,28.42,Bloodhound,8,8,2448,4
20-8-2021,5.92,Crypto,7,6,3834,18
20-6-2022,12.52,Crypto,2,0,434,13
12-6-2020,7.71,Crypto,3,5,1629,19
5-11-2019,29.3,Lifeline,7,3,3054,2
1-8-2021,19.58,Revenant,7,4,2395,8
22-8-2020,3.35,Caustic,4,5,1927,3
7-6-2020,7.15,Lifeline,7,7,4075,13
23-6-2019,0.56,Fuse,11,11,6259,20
14-1-2022,11.97,Wraith,7,0,1244,13
24-4-2020,9.24,Fuse,5,5,1627,1
14-11-2020,20.51,Pathfinder,4,2,963,19
26-2-2022,16.69,Bloodhound,4,8,2328,2
25-4-2022,8.39,Mad Maggie,4,7,2402,15
27-2-2022,3.07,Revenant,6,6,3032,5
17-10-2020,11.62,Crypto,10,8,4488,9
30-8-2020,9.07,Fuse,6,2,1406,6
16-11-2019,25.16,Mad Maggie,6,5,1823,11
25-2-2019,4.65,Wraith,11,3,2986,7
21-10-2021,29.47,Fuse,6,3,2869,16
23-12-2019,12.13,Caustic,7,5,3354,17
25-10-2021,10.43,Crypto,11,6,4340,14
30-9-2019,1.54,Pathfinder,10,7,3503,17
1-6-2020,21.65,Caustic,5,3,1838,14
26-5-2021,28.8,Bloodhound,7,4,1966,16
11-8-2021,15.18,Gibraltar,3,6,2574,7
8-2-2021,2.65,Caustic,4,3,1488,19
14-8-2020,9.15,Bloodhound,4,5,2708,4
21-9-2020,10.84,Wattson,5,6,3017,19
9-6-2021,11.31,Caustic,7,8,3565,18
19-6-2022,17.65,Wattson,0,4,1054,17
9-8-2022,16.23,Caustic,5,2,1888,14
20-8-2022,26.07,Wattson,8,2,2116,13
4-8-2022,10.54,Pathfinder,6,4,2236,2
5-3-2021,2.82,Fuse,11,4,3262,20
10-3-2021,28.1,Lifeline,11,10,6131,3
11-3-2022,21.35,Fuse,9,12,5644,6
13-6-2022,2.73,Wraith,0,6,1161,18
2-9-2020,15.57,Ash,6,1,2305,8
12-1-2020,16.77,Pathfinder,8,6,3512,11
25-9-2019,5.72,Wraith,6,6,2344,7
4-7-2022,16.22,Revenant,4,4,2661,14
25-1-2021,5.53,Lifeline,6,7,4244,3
29-6-2022,16.0,Bangalore,6,13,3731,8
23-2-2022,25.97,Crypto,6,1,1493,5
27-7-2020,22.0,Crypto,5,6,3057,7
7-3-2020,17.26,Fuse,3,4,1950,11
5-7-2021,0.94,Ash,5,5,2800,1
28-11-2021,3.3,Bloodhound,6,5,3100,18
4-6-2020,9.03,Mad Maggie,5,8,3074,9
9-9-2022,17.3,Caustic,7,7,3510,13
7-6-2022,3.04,Bloodhound,3,3,1913,7
29-12-2019,7.62,Wattson,4,2,1604,12
2-6-2020,22.63,Pathfinder,8,3,3741,9
6-7-2022,22.04,Lifeline,9,6,3068,10
20-5-2022,20.89,Lifeline,5,5,2468,6
23-3-2019,9.88,Wraith,5,5,2557,11
11-2-2021,29.62,Ash,11,9,4093,16
30-10-2022,3.42,Lifeline,3,4,1444,2
6-5-2021,25.84,Wattson,8,3,2434,12
28-1-2021,22.61,Bloodhound,3,3,1800,14
3-9-2021,1.81,Bangalore,6,3,2953,8
7-5-2022,11.01,Bloodhound,5,4,2668,15
19-3-2021,25.3,Ash,12,6,5750,18
19-7-2020,7.89,Fuse,7,7,3752,3
8-9-2019,14.58,Lifeline,4,5,2394,2
15-9-2022,14.71,Caustic,6,4,2986,7
23-3-2022,25.32,Bloodhound,6,6,2973,19
17-3-2021,16.78,Crypto,5,9,4381,5
24-2-2019,29.7,Ash,6,5,3389,6
20-5-2020,1.18,Fuse,9,6,4212,19
5-8-2020,8.79,Bloodhound,11,7,4759,1
15-6-2020,25.95,Caustic,5,1,1753,4
1-11-2022,3.69,Bangalore,3,7,2205,4
16-11-2020,5.81,Wraith,5,3,2898,1
28-8-2022,12.15,Lifeline,7,9,4900,12
23-8-2022,12.88,Gibraltar,12,5,3790,3
25-10-2019,15.13,Caustic,5,15,7189,13
5-11-2022,10.88,Caustic,9,9,5882,4
4-8-2019,7.05,Ash,6,0,1776,7
6-11-2020,2.26,Wattson,4,6,3735,14
7-10-2019,4.51,Revenant,6,3,3411,6
23-6-2022,28.0,Fuse,5,7,3716,15
12-6-2019,9.49,Gibraltar,5,6,4093,4
2-11-2021,3.65,Bloodhound,6,8,4433,6
24-9-2019,21.01,Bangalore,8,8,4046,2
9-6-2019,11.0,Crypto,8,6,4053,14
2-9-2020,8.12,Wattson,3,2,1152,13
10-6-2021,5.95,Lifeline,4,3,2440,10
6-10-2020,7.18,Gibraltar,7,8,5050,11
18-3-2021,10.45,Wraith,8,5,4793,6
13-10-2022,10.14,Bloodhound,5,5,2634,6
23-6-2021,12.79,Bangalore,7,10,5182,17
12-2-2020,27.87,Bloodhound,2,6,2735,6
22-9-2019,24.07,Pathfinder,1,4,1453,2
5-12-2020,24.15,Pathfinder,10,2,4537,15
29-9-2019,9.98,Lifeline,4,7,2702,6
10-1-2022,28.95,Revenant,7,6,4401,2
13-8-2019,21.25,Revenant,8,7,4935,1
11-7-2019,3.7,Bangalore,7,11,4402,7
2-6-2022,11.73,Revenant,4,3,1762,9
20-8-2019,18.87,Caustic,5,3,2140,10
31-10-2020,5.61,Bangalore,2,2,1466,1
31-12-2020,11.39,Ash,5,4,2788,2
18-12-2020,8.29,Ash,4,10,3688,4
6-4-2019,26.88,Bangalore,7,9,6287,11
1-3-2021,15.29,Crypto,6,7,3767,10
11-5-2021,15.03,Lifeline,4,4,2500,12
16-9-2021,23.53,Revenant,3,6,2254,3
3-8-2019,9.65,Wattson,7,4,4490,18
12-8-2021,3.24,Pathfinder,7,6,3966,8
14-9-2021,27.86,Fuse,4,9,3572,18
18-11-2021,8.54,Caustic,6,6,4831,3
30-5-2021,24.83,Wraith,8,15,3656,16
20-1-2022,21.7,Bloodhound,1,4,306,14
10-1-2020,5.34,Wraith,1,3,401,4
17-9-2019,20.88,Bloodhound,3,4,749,6
13-12-2022,13.56,Gibraltar,7,5,2526,4
11-6-2020,19.64,Gibraltar,5,4,950,4
17-12-2021,12.28,Pathfinder,5,10,3094,7
31-7-2021,15.63,Bloodhound,8,9,3459,10
13-6-2019,25.94,Caustic,9,0,1310,5
8-4-2020,16.55,Wraith,5,4,1588,19
15-12-2022,28.27,Wattson,12,4,1439,20
13-9-2022,21.01,Pathfinder,4,3,1131,9
14-9-2021,15.58,Bloodhound,6,5,2071,9
16-7-2022,2.58,Crypto,7,12,3024,20
17-5-2020,8.24,Crypto,9,8,1450,8
24-2-2020,1.24,Bangalore,2,0,267,5
25-12-2022,0.71,Revenant,3,1,528,15
15-9-2019,28.68,Caustic,5,4,1423,7
14-9-2022,13.71,Pathfinder,4,3,878,18
10-5-2021,26.54,Wraith,6,9,1293,16
18-6-2021,4.96,Mad Maggie,7,5,1830,5
5-10-2020,10.82,Bangalore,7,6,2670,17
14-3-2022,5.2,Bloodhound,3,0,710,11
30-4-2021,2.23,Wraith,1,1,257,18
22-12-2022,17.29,Wraith,2,5,891,5
4-7-2019,28.84,Gibraltar,6,10,1870,5
27-6-2022,3.62,Revenant,6,8,2920,17
14-11-2019,14.43,Pathfinder,7,8,2175,7
18-8-2021,28.09,Bloodhound,9,12,4552,9
26-3-2022,3.04,Lifeline,3,2,978,2
16-10-2022,17.21,Wraith,3,5,1098,19
28-8-2022,19.25,Pathfinder,5,2,1347,19
15-8-2020,8.37,Revenant,5,5,2138,17
13-8-2020,6.3,Revenant,8,11,4077,15
4-9-2019,3.16,Bloodhound,5,5,1633,20
6-5-2019,22.47,Bloodhound,9,10,1711,4
18-10-2022,29.78,Wattson,0,5,883,8
4-4-2021,6.95,Crypto,6,1,723,17
3-10-2020,15.32,Bangalore,3,5,947,14
7-12-2020,3.35,Lifeline,9,5,3568,2
21-1-2022,2.08,Lifeline,7,7,3034,19
30-8-2019,5.97,Wattson,12,5,2418,12
19-9-2019,27.38,Revenant,13,8,3984,1
17-5-2022,11.6,Bangalore,1,3,453,13
28-9-2019,28.77,Revenant,3,4,905,7
4-2-2022,15.47,Bangalore,3,3,653,3
28-5-2021,14.21,Wraith,7,3,1854,10
7-7-2022,6.06,Pathfinder,5,5,1043,1
4-7-2019,16.34,Ash,6,6,2394,19
28-6-2022,11.35,Bangalore,15,10,6347,13
28-9-2022,0.92,Wraith,0,2,376,2
24-12-2022,9.38,Lifeline,3,3,1363,3
21-4-2021,11.55,Gibraltar,4,5,1765,19
12-12-2021,24.07,Lifeline,9,3,1414,4
3-1-2021,23.52,Bangalore,7,10,4424,6
12-12-2020,20.92,Crypto,6,9,3234,5
27-8-2019,24.15,Revenant,14,10,6387,10
7-9-2019,15.84,Bangalore,3,4,823,2
24-9-2022,27.78,Wraith,1,5,1038,2
22-1-2022,2.01,Ash,2,3,1187,19
28-2-2019,20.86,Bloodhound,9,5,2438,18
26-10-2022,24.56,Ash,5,9,3177,13
21-6-2020,29.6,Revenant,6,7,2605,5
11-4-2021,5.22,Lifeline,8,6,2655,9
17-2-2019,19.78,Lifeline,2,5,1769,6
10-10-2020,27.45,Crypto,2,10,2658,13
29-6-2019,28.83,Crypto,6,9,3692,18
7-12-2022,23.27,Crypto,9,4,3720,15
25-11-2021,0.26,Ash,7,4,2611,15
2-8-2021,12.96,Wattson,6,10,4167,2
7-6-2021,25.74,Lifeline,12,8,2739,10
22-2-2021,6.39,Pathfinder,0,1,192,3
28-11-2021,7.64,Crypto,2,5,1682,5
20-10-2020,15.6,Wattson,3,2,1368,2
13-4-2020,4.16,Wraith,3,6,1698,9
21-10-2019,20.62,Bangalore,6,4,2700,10
21-8-2019,23.38,Lifeline,6,7,2754,12
1-9-2020,23.09,Pathfinder,7,7,2980,14
26-5-2021,12.92,Bangalore,5,4,2413,9
5-4-2021,7.68,Bloodhound,1,1,278,16
9-6-2022,1.39,Gibraltar,6,5,1703,20
6-8-2021,14.76,Wattson,6,12,3142,13
2-11-2022,10.45,Gibraltar,5,7,2242,13
27-12-2022,0.9,Crypto,5,5,2476,12
29-12-2020,21.08,Bloodhound,6,7,2742,20
23-6-2020,7.28,Fuse,2,0,601,6
9-9-2022,24.44,Ash,2,8,1767,18
21-11-2022,5.84,Gibraltar,3,5,1377,9
5-9-2022,17.81,Wraith,4,6,1894,7
31-7-2019,24.0,Pathfinder,8,8,3853,3
30-12-2019,5.89,Bloodhound,9,8,3756,16
17-4-2021,29.15,Gibraltar,8,8,2384,4
12-4-2019,10.31,Bangalore,0,5,705,9
18-6-2021,17.11,Caustic,5,5,2728,19
3-1-2020,20.0,Crypto,2,3,1316,1
31-10-2020,18.91,Ash,10,4,2774,16
13-12-2019,29.44,Revenant,5,6,3307,7
2-4-2021,11.32,Pathfinder,12,8,5403,3
30-6-2021,0.7,Wattson,7,10,3645,16
20-7-2022,11.76,Ash,6,5,3067,19
12-7-2022,8.24,Wraith,4,2,1739,10
14-1-2021,13.0,Gibraltar,4,6,1972,5
30-1-2020,10.83,Revenant,3,6,2402,4
25-8-2019,20.3,Pathfinder,8,7,4584,1
20-4-2021,13.38,Wraith,6,9,3288,14
17-12-2020,20.39,Caustic,7,7,2249,2
26-10-2021,14.7,Caustic,7,4,3155,7
12-1-2022,27.09,Bloodhound,4,3,1820,16
25-2-2019,8.16,Gibraltar,5,2,1491,3
8-2-2021,28.83,Bangalore,5,8,3848,5
30-4-2020,14.65,Wraith,5,6,1798,17
29-3-2021,4.34,Gibraltar,7,6,4037,4
14-2-2019,10.06,Gibraltar,8,13,5409,18
2-12-2020,20.6,Fuse,0,1,221,1
30-4-2019,2.57,Gibraltar,4,1,832,19
27-5-2019,3.35,Mad Maggie,3,8,3527,16
2-5-2019,12.34,Wraith,7,4,2075,1
22-4-2021,22.07,Gibraltar,13,5,3254,5
5-2-2020,3.66,Caustic,10,5,4325,8
28-7-2019,20.78,Mad Maggie,9,10,4862,20
26-3-2019,16.95,Bloodhound,4,3,1526,2
9-8-2021,17.42,Bloodhound,8,2,2045,4
1-7-2020,28.86,Gibraltar,9,6,4470,9
2-3-2019,2.86,Bangalore,3,4,1692,7
23-7-2019,8.01,Pathfinder,8,5,4414,8
21-7-2019,7.21,Wraith,9,5,4640,20
1-9-2022,23.6,Wattson,8,11,6219,20
20-9-2022,3.81,Crypto,8,6,3772,14
26-6-2022,3.37,Wraith,5,10,3275,12
24-3-2019,22.39,Revenant,2,8,1963,2
14-9-2021,22.92,Caustic,5,4,2150,19
24-6-2019,18.57,Bangalore,11,7,4064,19
5-5-2020,15.34,Gibraltar,13,7,4526,16
19-9-2021,5.28,Crypto,6,10,4496,15
3-11-2022,15.64,Crypto,5,3,1762,5
18-1-2021,23.0,Lifeline,5,9,2953,13
4-6-2019,16.27,Caustic,3,11,2895,19
8-4-2020,2.35,Mad Maggie,5,3,2035,17
23-8-2020,8.07,Wraith,9,13,6809,4
1-8-2022,11.97,Caustic,6,6,3637,1
16-6-2019,0.63,Wattson,10,7,3979,1
23-3-2019,7.14,Lifeline,0,6,1651,6
4-9-2022,21.62,Caustic,2,8,3027,12
5-12-2022,26.54,Crypto,10,7,5512,13
8-9-2020,26.7,Ash,5,5,2797,10
9-12-2020,3.62,Lifeline,5,9,3762,1
30-11-2021,12.38,Bangalore,9,9,3969,11
14-11-2022,25.16,Pathfinder,7,6,4660,5
10-5-2019,1.66,Revenant,0,0,0,13
19-9-2020,27.03,Wraith,3,3,1946,5
23-11-2020,8.89,Fuse,9,4,4005,4
27-1-2022,19.01,Bloodhound,3,7,3283,16
9-3-2019,16.02,Crypto,9,6,5299,2
27-2-2021,7.31,Wattson,5,5,2316,10
3-12-2019,21.84,Fuse,13,11,7719,14
28-11-2019,13.81,Gibraltar,4,2,1359,3
8-1-2021,24.6,Bangalore,3,5,1846,13
22-7-2021,6.25,Fuse,3,2,1205,2
21-8-2022,20.62,Bangalore,7,6,4431,2
16-4-2022,23.0,Caustic,4,5,2744,20
17-3-2022,22.53,Bloodhound,6,14,4696,4
24-4-2021,13.5,Caustic,12,11,7954,18
15-1-2022,6.03,Bangalore,8,5,4795,17
23-3-2019,10.47,Revenant,1,5,1737,1
25-2-2020,13.39,Gibraltar,10,5,4218,13
1-8-2022,7.49,Lifeline,7,4,2968,9
21-11-2019,7.56,Wattson,9,4,3609,4
6-10-2020,4.25,Wattson,7,11,5770,14
10-5-2021,9.35,Fuse,8,8,4013,6
7-4-2019,13.07,Revenant,4,2,2333,4
15-3-2019,2.15,Wattson,1,1,556,15
25-2-2019,8.92,Wraith,2,3,1220,19
21-12-2022,21.14,Caustic,3,4,2530,2
16-12-2020,27.58,Caustic,5,4,2804,4
27-9-2021,14.44,Wraith,8,7,5114,11
15-2-2019,8.75,Fuse,7,11,5758,13
16-7-2019,16.23,Bloodhound,1,3,1148,19
11-8-2020,5.36,Mad Maggie,1,5,1435,5
16-8-2022,3.99,Mad Maggie,4,8,2928,18
26-9-2019,13.12,Gibraltar,6,5,3656,2
3-2-2022,2.01,Wraith,8,7,5351,18
18-8-2020,22.68,Bangalore,7,11,4385,4
31-8-2020,4.23,Mad Maggie,6,6,4011,5
26-6-2021,16.73,Gibraltar,1,1,621,2
11-2-2022,20.26,Bangalore,1,1,564,18
4-5-2020,4.41,Caustic,3,6,3510,10
27-9-2022,15.49,Fuse,4,3,1961,1
2-6-2022,15.06,Wraith,6,6,4698,18
8-7-2020,8.05,Wattson,9,7,4163,19
28-3-2019,14.4,Ash,11,12,6479,2
2-10-2020,0.14,Gibraltar,1,2,848,12
6-3-2021,14.07,Lifeline,1,8,3163,4
15-1-2022,20.84,Revenant,3,2,1909,7
2-9-2021,24.65,Ash,6,7,3733,16
21-9-2021,20.89,Wraith,9,12,8095,4
2-3-2021,19.12,Ash,5,6,3717,15
25-8-2022,29.13,Lifeline,8,9,4811,13
4-6-2019,16.41,Bloodhound,4,4,2081,11
15-11-2020,2.42,Ash,1,1,593,15
27-9-2021,8.64,Pathfinder,2,4,1863,9
10-7-2020,24.39,Lifeline,11,3,2996,12
26-12-2022,6.85,Revenant,10,8,2316,9
5-6-2022,13.19,Wattson,7,5,853,9
9-10-2019,16.15,Bloodhound,11,12,3358,8
9-3-2021,3.75,Fuse,4,1,687,15
20-9-2020,21.49,Pathfinder,2,5,1044,2
5-7-2019,12.73,Bangalore,2,3,1019,20
12-1-2021,14.23,Caustic,13,5,3182,14
31-5-2020,5.36,Pathfinder,4,5,803,19
22-12-2019,29.31,Crypto,10,10,2547,11
20-4-2022,9.21,Pathfinder,9,6,1868,1
29-10-2020,28.69,Wattson,5,1,1235,14
10-12-2022,24.63,Gibraltar,2,3,747,19
18-4-2022,29.62,Fuse,4,5,1644,8
8-8-2019,21.64,Mad Maggie,4,7,815,18
30-8-2022,3.23,Caustic,5,4,1827,3
11-10-2019,11.43,Caustic,9,14,4188,12
14-7-2022,7.37,Crypto,6,8,3047,18
14-2-2021,14.55,Lifeline,2,0,403,2
5-4-2019,4.7,Bangalore,4,4,1443,4
21-8-2019,15.45,Wraith,3,3,726,17
15-5-2021,0.76,Ash,3,7,1942,16
26-12-2022,13.43,Wattson,4,4,1766,8
11-4-2019,16.79,Bangalore,6,10,3433,11
24-9-2022,14.01,Crypto,8,9,1608,6
9-10-2020,13.62,Crypto,2,7,968,2
4-8-2022,19.11,Wraith,1,6,1216,16
25-2-2022,20.3,Caustic,4,3,910,18
21-2-2022,1.62,Mad Maggie,3,3,575,20
29-9-2020,28.8,Crypto,6,7,1138,3
20-9-2021,20.24,Pathfinder,9,9,1778,18
14-5-2022,20.68,Mad Maggie,11,10,3084,10
12-4-2021,24.07,Fuse,1,0,177,15
30-4-2019,3.32,Crypto,8,1,1080,4
29-10-2019,22.75,Revenant,4,4,1117,10
25-6-2020,0.24,Gibraltar,5,3,2046,10
20-12-2020,22.6,Bloodhound,13,6,4204,9
1-8-2021,13.77,Lifeline,7,9,3513,18
18-1-2021,19.66,Revenant,14,8,5523,11
26-10-2020,29.35,Revenant,5,2,1688,19
2-3-2022,12.89,Crypto,1,3,546,3
24-6-2022,4.74,Bloodhound,3,10,2546,14
23-7-2019,6.14,Mad Maggie,6,5,2765,4
30-4-2022,19.98,Caustic,9,9,2123,18
13-6-2021,29.65,Wraith,12,5,2936,3
4-5-2020,25.55,Bangalore,10,7,2254,2
31-12-2019,9.43,Ash,1,1,296,1
20-7-2021,0.46,Gibraltar,1,4,1203,8
12-10-2021,15.93,Fuse,5,2,1189,11
25-9-2019,3.05,Bloodhound,5,7,2595,14
23-11-2022,29.4,Wattson,4,6,2473,15
6-10-2021,4.62,Pathfinder,5,5,2470,15
31-1-2022,26.97,Ash,9,10,2278,13
22-7-2020,1.84,Pathfinder,0,0,0,17
19-3-2022,21.41,Mad Maggie,4,2,1220,9
14-12-2020,16.59,Ash,9,2,1561,16
15-5-2021,8.43,Caustic,7,4,2401,2
4-12-2021,18.73,Pathfinder,9,5,3438,15
22-11-2022,15.3,Bloodhound,5,8,2192,3
23-11-2019,10.52,Fuse,6,13,2784,9
1-8-2020,0.46,Ash,0,2,333,5
30-3-2022,13.11,Lifeline,3,1,778,4
27-8-2019,27.63,Lifeline,10,7,3811,16
4-10-2022,6.29,Gibraltar,8,5,2689,18
5-3-2019,17.05,Lifeline,8,5,1914,11
5-1-2021,4.8,Fuse,10,5,1987,16
10-5-2022,6.71,Bangalore,12,6,4405,7
11-11-2019,28.86,Bloodhound,4,1,679,17
11-9-2019,15.49,Gibraltar,1,2,395,6
13-7-2022,20.78,Gibraltar,5,4,1452,13
31-1-2021,8.68,Lifeline,3,3,759,19
8-7-2020,19.82,Lifeline,6,5,2024,11
21-4-2019,9.05,Crypto,10,6,2539,1
15-10-2022,1.92,Mad Maggie,7,8,2192,3
13-3-2020,13.6,Ash,8,3,3439,13
17-4-2020,0.54,Crypto,3,7,2538,4
22-2-2019,10.91,Pathfinder,2,7,2109,12
1-4-2022,9.64,Revenant,3,3,1693,12
12-2-2021,24.28,Crypto,5,5,2158,5
9-8-2020,28.17,Bloodhound,9,8,4831,19
2-12-2022,13.42,Crypto,7,7,2749,5
11-5-2022,26.81,Fuse,1,10,1570,5
29-6-2020,25.03,Caustic,1,4,857,17
30-4-2022,19.82,Ash,2,5,1001,18
4-6-2019,15.77,Crypto,6,4,1742,20
19-3-2020,10.46,Wattson,4,7,1913,15
16-1-2021,7.69,Fuse,7,6,2242,19
18-11-2022,18.51,Wraith,8,8,3864,12
12-3-2022,6.61,Revenant,5,1,1144,7
14-12-2022,7.68,Caustic,5,3,1823,15
22-5-2019,3.62,Mad Maggie,2,8,2417,8
23-4-2020,27.37,Crypto,6,6,3481,5
7-12-2019,14.3,Wraith,4,10,4048,5
6-2-2020,26.39,Revenant,9,14,4153,19
2-3-2019,21.47,Fuse,14,12,7580,13
12-10-2021,19.99,Fuse,1,1,396,7
21-12-2020,9.23,Bangalore,1,2,669,18
30-8-2019,11.51,Crypto,2,3,795,2
20-8-2021,17.14,Revenant,9,6,3876,10
24-8-2021,26.59,Crypto,8,6,3912,18
16-2-2019,1.26,Ash,5,7,2163,15
31-10-2022,7.71,Crypto,6,11,3038,5
2-7-2022,19.42,Caustic,1,0,202,5
31-10-2020,0.52,Mad Maggie,1,1,525,17
2-11-2019,14.01,Wattson,4,2,1748,15
9-5-2019,11.02,Bloodhound,7,4,3557,7
23-4-2022,23.13,Wraith,4,7,1946,13
14-12-2021,9.1,Caustic,7,5,2246,5
15-11-2022,11.74,Wattson,9,6,4919,12
7-1-2022,0.85,Bangalore,1,0,314,11
28-2-2020,8.95,Crypto,2,2,1137,5
2-7-2021,7.82,Caustic,5,5,3154,20
18-5-2019,7.86,Wraith,5,6,3523,19
13-2-2021,6.44,Ash,8,10,3475,5
15-11-2022,16.49,Pathfinder,7,6,2535,13
30-10-2019,16.61,Pathfinder,7,10,5330,6
17-8-2019,23.92,Caustic,2,6,1796,6
4-2-2021,11.56,Revenant,3,2,1520,8
20-9-2022,5.72,Ash,2,2,1107,16
29-3-2022,2.81,Gibraltar,5,3,2577,19
12-7-2022,16.46,Gibraltar,7,11,5520,3
16-9-2021,22.73,Wraith,7,6,4121,15
9-3-2020,3.21,Crypto,12,6,3820,12
1-9-2020,5.5,Lifeline,0,0,0,20
8-10-2019,8.39,Gibraltar,4,4,2122,11
19-11-2022,6.46,Gibraltar,8,5,3296,6
29-3-2019,18.36,Fuse,3,9,3065,5
14-12-2019,5.82,Gibraltar,9,6,4757,11
22-10-2021,26.91,Revenant,7,6,2767,11
19-12-2021,8.05,Revenant,8,15,5972,10
9-1-2021,1.86,Ash,1,4,1181,9
14-9-2019,21.03,Crypto,6,2,1614,12
14-8-2022,18.96,Revenant,8,3,3899,9
23-5-2022,20.25,Fuse,5,3,2447,3
30-8-2020,21.12,Wraith,7,5,2548,15
18-3-2019,5.54,Bloodhound,5,6,2642,8
3-11-2019,25.94,Wattson,11,12,5516,13
31-12-2021,7.34,Wattson,0,2,565,6
26-5-2021,25.99,Bloodhound,5,8,3064,18
3-5-2022,6.71,Bangalore,3,2,1464,4
5-11-2022,24.08,Bloodhound,7,3,3440,1
6-6-2020,0.49,Mad Maggie,10,11,6631,10
22-11-2022,8.98,Bloodhound,12,7,6820,6
17-10-2019,12.47,Fuse,7,6,3311,3
30-6-2020,14.09,Revenant,0,2,628,17
4-4-2022,24.66,Bloodhound,2,2,1036,3
5-4-2020,8.05,Pathfinder,4,9,3777,3
13-6-2019,17.36,Mad Maggie,5,4,2768,10
6-7-2022,2.18,Bloodhound,8,11,4832,12
2-5-2019,15.39,Ash,9,7,5370,1
25-2-2022,6.91,Lifeline,6,6,3624,14
20-5-2020,27.96,Ash,2,0,598,7
17-8-2022,24.95,Revenant,1,4,1586,13
3-12-2020,25.39,Gibraltar,4,6,3548,15
15-6-2022,12.62,Crypto,7,5,4188,16
14-7-2020,27.22,Wraith,10,11,5780,2
22-1-2020,26.36,Fuse,5,5,2814,20
3-10-2022,2.81,Fuse,7,6,4740,13
8-5-2019,17.89,Caustic,7,0,2591,12
15-1-2021,16.46,Gibraltar,2,2,969,20
6-10-2020,4.21,Bangalore,3,7,2490,11
15-2-2022,14.64,Caustic,9,5,4097,9
20-8-2020,22.35,Wraith,4,5,3275,1
21-3-2022,4.28,Gibraltar,7,9,5880,3
12-3-2021,24.42,Wraith,11,12,5200,9
10-12-2019,4.61,Crypto,1,0,390,11
17-7-2022,29.64,Wraith,3,6,2010,6
27-3-2020,1.86,Pathfinder,3,3,1538,5
11-5-2022,9.88,Pathfinder,4,9,4632,11
18-6-2021,27.84,Gibraltar,9,7,5748,8
18-10-2020,18.06,Wraith,6,5,4153,6
19-9-2019,25.11,Pathfinder,9,9,4284,10
13-5-2020,6.76,Caustic,1,3,977,2
24-4-2020,0.36,Bangalore,2,4,1607,9
1-6-2019,28.33,Wraith,8,12,7236,18
23-7-2021,25.08,Pathfinder,6,4,2743,12
3-8-2022,6.15,Wattson,5,4,2722,5
14-3-2021,26.41,Revenant,7,9,4903,17
2-4-2020,8.3,Revenant,12,12,7478,11
16-8-2022,0.46,Wattson,4,0,1635,2
7-11-2019,9.66,Wraith,3,5,1915,3
15-7-2022,2.3,Caustic,3,11,4466,13
6-11-2021,27.14,Crypto,7,12,6152,8
4-7-2020,14.56,Caustic,5,5,3062,6
31-12-2020,3.46,Bloodhound,10,6,4179,2
5-12-2022,27.92,Wattson,7,12,5960,10
12-2-2020,5.92,Ash,7,0,2752,6
22-4-2021,7.05,Gibraltar,9,5,4054,14
29-8-2022,17.3,Bangalore,3,7,2698,10
4-6-2022,5.75,Wraith,3,7,3236,4
11-5-2019,19.75,Ash,11,6,6045,12
9-10-2021,4.6,Wraith,6,9,4437,10
26-11-2021,13.02,Wraith,9,6,5744,6
15-4-2021,23.82,Fuse,2,0,534,10
5-5-2022,5.63,Bloodhound,2,4,1868,5
12-9-2020,12.8,Crypto,8,6,4592,8
27-3-2021,29.27,Wattson,8,7,5212,19
6-9-2022,6.18,Bangalore,10,8,6558,7
4-5-2021,13.17,Fuse,11,5,6361,1
18-11-2022,20.27,Lifeline,14,13,9391,6
2-5-2019,24.64,Lifeline,3,9,764,14
17-2-2022,17.84,Mad Maggie,6,2,1372,5
15-12-2021,12.51,Bangalore,3,11,1207,13
28-2-2021,23.21,Wraith,3,3,963,19
29-1-2022,8.56,Gibraltar,4,7,1958,18
23-11-2022,6.58,Caustic,9,8,2119,18
10-2-2019,17.74,Bangalore,7,10,3251,8
23-5-2022,8.44,Mad Maggie,0,3,286,18
10-7-2022,1.74,Caustic,5,4,993,6
31-1-2021,21.7,Fuse,9,3,1764,16
19-9-2022,4.31,Mad Maggie,3,4,737,16
20-12-2022,8.83,Revenant,4,12,1275,16
8-10-2021,9.6,Bangalore,7,11,3195,16
3-10-2019,24.01,Lifeline,6,10,2004,9
17-2-2022,0.81,Pathfinder,2,6,964,18
24-12-2021,21.93,Fuse,10,3,2842,3
22-7-2021,10.4,Bloodhound,2,2,801,19
6-1-2021,16.07,Pathfinder,7,3,857,12
26-2-2021,4.03,Revenant,4,4,1395,4
28-6-2022,6.98,Revenant,5,12,3017,13
13-10-2021,6.15,Revenant,7,12,2090,19
15-9-2019,9.81,Revenant,0,2,194,19
31-10-2021,27.34,Wattson,2,3,404,2
25-6-2019,29.08,Bloodhound,3,4,632,1
5-1-2022,9.88,Ash,9,4,1250,1
30-5-2022,1.3,Pathfinder,4,4,1877,11
18-3-2021,25.72,Gibraltar,7,8,3020,9
2-10-2020,28.29,Ash,8,7,3203,12
19-2-2019,23.19,Crypto,1,0,102,5
8-9-2022,24.41,Pathfinder,5,4,1467,12
31-5-2019,28.01,Gibraltar,4,4,988,15
19-7-2019,14.37,Fuse,4,3,648,14
25-3-2022,8.62,Lifeline,11,7,4113,10
24-11-2020,10.61,Crypto,5,5,2354,9
20-2-2021,20.97,Fuse,7,6,2582,7
12-11-2022,29.8,Crypto,4,5,1849,11
20-11-2021,3.51,Wraith,2,6,1857,3
19-1-2021,11.01,Gibraltar,4,8,2068,8
20-6-2019,3.48,Bangalore,8,5,2640,5
29-6-2020,10.5,Bangalore,4,5,1512,5
7-11-2021,15.29,Fuse,5,9,2295,17
5-7-2019,16.42,Fuse,8,6,1474,20
23-5-2022,25.5,Caustic,0,3,340,1
11-4-2019,25.59,Bloodhound,6,4,2127,7
27-7-2022,0.56,Revenant,7,10,2556,16
29-10-2020,23.95,Wraith,8,7,2084,7
8-3-2022,25.18,Crypto,13,4,4411,1
15-11-2021,8.05,Gibraltar,5,7,2444,13
14-6-2021,20.17,Pathfinder,9,7,2161,18
21-4-2021,21.03,Crypto,1,5,1307,3
9-5-2020,9.07,Wraith,3,5,1276,4
10-12-2020,18.94,Revenant,8,3,1889,8
25-6-2019,0.76,Wattson,3,6,2110,7
20-9-2022,5.7,Wraith,7,7,3172,9
27-8-2022,29.93,Wraith,7,5,2963,5
12-10-2019,20.79,Lifeline,7,6,2743,20
29-11-2019,16.51,Bloodhound,1,0,128,14
22-6-2019,25.34,Pathfinder,9,5,2244,17
8-5-2020,3.65,Mad Maggie,2,2,762,19
11-7-2020,2.84,Pathfinder,4,4,1887,12
13-3-2020,0.88,Gibraltar,5,7,2636,13
13-10-2019,15.85,Wattson,6,6,3173,7
26-2-2020,0.63,Gibraltar,8,6,1784,6
23-8-2021,21.38,Mad Maggie,2,1,600,11
5-4-2020,6.21,Mad Maggie,10,3,3033,3
17-9-2021,24.6,Fuse,6,6,2082,3
28-5-2019,29.0,Gibraltar,5,4,1696,6
26-1-2022,13.78,Bloodhound,8,4,2818,3
16-9-2019,8.06,Pathfinder,12,5,3304,1
27-12-2020,18.76,Wraith,12,7,3230,17
26-12-2019,12.46,Crypto,1,3,786,15
16-11-2020,9.74,Wraith,1,5,1052,7
19-12-2021,16.75,Revenant,7,4,3065,9
29-3-2021,9.5,Gibraltar,8,3,3297,5
28-4-2019,13.51,Caustic,8,6,2969,4
23-9-2019,24.17,Wattson,12,9,5749,8
18-6-2022,17.92,Lifeline,12,7,4599,10
12-3-2020,16.26,Lifeline,1,4,999,4
5-11-2021,24.69,Bloodhound,4,7,1579,6
23-10-2019,6.97,Revenant,4,4,1902,2
11-6-2020,14.07,Bangalore,3,5,2075,17
25-7-2021,21.01,Bloodhound,14,8,3032,15
21-8-2020,4.22,Gibraltar,11,5,2487,6
26-9-2021,3.59,Wraith,6,10,2218,8
28-7-2020,0.48,Pathfinder,5,6,2051,4
13-10-2019,2.12,Bloodhound,2,1,669,13
8-9-2019,19.72,Wattson,3,6,1464,19
27-3-2021,17.92,Crypto,8,6,3372,17
3-5-2022,18.92,Wattson,11,5,2413,19
27-2-2019,20.29,Fuse,6,8,2658,9
27-2-2022,26.2,Caustic,6,8,3270,18
4-6-2020,8.87,Bangalore,4,1,1116,19
17-1-2020,11.61,Wattson,5,3,2055,20
5-8-2021,21.11,Wattson,3,3,1583,1
13-3-2022,23.84,Ash,8,7,4663,11
12-7-2020,13.05,Crypto,7,6,2309,6
20-2-2020,28.63,Ash,6,5,2397,6
11-9-2019,5.96,Lifeline,8,6,3944,17
22-11-2022,4.9,Wattson,0,3,719,14
3-10-2022,2.28,Fuse,1,1,623,13
18-4-2022,9.63,Gibraltar,3,2,916,5
10-7-2021,8.63,Gibraltar,4,6,2058,3
16-1-2022,23.17,Crypto,9,6,3118,2
3-7-2019,29.48,Pathfinder,10,5,4094,5
14-8-2022,26.65,Fuse,12,9,5731,10
26-12-2020,26.0,Wattson,3,7,3016,18
28-2-2020,9.92,Wraith,2,7,2022,10
12-8-2019,27.46,Bangalore,4,3,2060,20
3-12-2022,3.29,Wattson,11,3,4576,4
8-12-2020,18.62,Pathfinder,9,11,4788,12
2-6-2022,4.92,Fuse,5,7,3099,15
18-8-2021,25.99,Bloodhound,7,7,3878,3
12-6-2021,28.29,Bangalore,2,6,1618,17
8-3-2020,25.23,Bangalore,4,2,1942,2
21-2-2022,26.82,Gibraltar,5,3,1915,5
22-6-2021,6.94,Crypto,3,10,3383,17
26-12-2019,26.23,Fuse,5,7,2220,8
10-9-2022,18.27,Bloodhound,8,10,5435,12
2-8-2022,9.02,Mad Maggie,6,10,2741,5
15-3-2021,12.87,Gibraltar,3,2,943,10
29-10-2022,7.63,Bloodhound,1,3,1066,2
8-10-2019,10.09,Mad Maggie,8,3,2475,5
28-11-2020,0.85,Ash,9,10,5319,11
9-6-2020,10.42,Pathfinder,4,4,1783,15
2-8-2022,22.5,Bloodhound,5,6,2005,9
24-2-2020,21.74,Bangalore,6,9,3614,7
7-3-2021,24.69,Pathfinder,1,5,1936,6
8-6-2019,11.58,Ash,1,9,2865,9
24-3-2019,12.84,Pathfinder,8,2,2802,16
24-7-2020,28.32,Revenant,4,4,1892,6
23-10-2021,13.05,Gibraltar,9,7,3434,18
3-7-2022,6.37,Bloodhound,10,6,5437,19
29-4-2021,11.06,Revenant,6,9,3537,17
8-10-2022,10.02,Gibraltar,0,2,395,20
25-12-2021,22.44,Revenant,8,6,4078,10
14-4-2021,17.63,Bloodhound,4,3,2079,1
12-1-2022,18.96,Revenant,3,3,1349,14
18-8-2019,10.52,Bloodhound,5,7,2489,5
1-10-2019,1.95,Bloodhound,7,13,4535,7
20-2-2022,21.47,Revenant,10,6,4059,11
25-11-2020,22.15,Lifeline,3,0,1062,9
11-8-2019,5.07,Bangalore,3,8,3220,16
30-12-2022,12.49,Lifeline,4,2,1897,2
11-2-2019,18.97,Caustic,6,4,2116,7
10-7-2020,17.9,Fuse,7,9,3718,19
7-11-2021,0.2,Bloodhound,5,7,2838,13
27-10-2022,29.08,Lifeline,14,7,5356,2
1-5-2020,8.24,Bloodhound,1,1,465,17
25-8-2022,2.78,Fuse,1,8,2843,8
21-6-2022,4.24,Lifeline,3,5,2677,17
26-8-2022,5.75,Wraith,3,3,1927,2
10-9-2022,23.84,Ash,6,9,4586,5
16-3-2019,8.51,Mad Maggie,5,6,3593,1
14-1-2022,21.14,Caustic,10,10,6781,13
29-1-2021,6.99,Ash,1,0,339,8
22-12-2019,24.28,Bangalore,7,8,3518,17
12-3-2020,6.29,Caustic,2,2,1179,19
11-8-2019,7.11,Bangalore,3,3,2216,8
25-10-2020,7.53,Fuse,5,7,2642,17
4-1-2022,10.07,Gibraltar,6,7,2913,7
30-12-2020,25.05,Lifeline,10,9,5473,6
8-9-2019,20.5,Fuse,0,3,855,4
6-2-2022,20.48,Bangalore,2,3,1274,17
3-2-2020,4.2,Fuse,4,3,2030,16
23-3-2021,18.08,Pathfinder,7,6,4517,9
5-10-2022,4.67,Mad Maggie,4,4,2951,13
8-12-2019,2.86,Mad Maggie,7,5,4152,5
28-1-2021,14.84,Revenant,8,13,5591,2
7-5-2020,28.71,Crypto,2,0,580,2
25-4-2021,15.23,Crypto,4,1,1544,9
23-12-2022,0.74,Mad Maggie,9,4,3743,18
9-9-2019,27.44,Caustic,6,5,2703,16
13-2-2019,16.27,Crypto,4,6,3231,3
23-9-2019,18.54,Bloodhound,5,7,4014,16
28-2-2019,13.87,Mad Maggie,13,7,5173,14
12-2-2021,19.03,Fuse,2,2,1156,9
26-9-2021,18.87,Fuse,2,3,1640,17
3-4-2019,11.95,Caustic,4,5,2305,17
13-5-2020,15.97,Wraith,8,12,6206,9
20-11-2020,16.78,Gibraltar,5,5,3442,7
21-4-2021,26.5,Wraith,14,8,7172,18
18-11-2020,5.66,Caustic,9,15,7653,13
29-10-2022,8.25,Mad Maggie,3,6,3141,10
7-6-2022,10.19,Lifeline,6,7,3664,18
5-5-2022,17.93,Bangalore,4,2,2012,15
20-11-2022,4.27,Caustic,8,3,3906,3
26-12-2021,5.53,Fuse,4,4,2332,17
26-4-2020,26.69,Gibraltar,7,12,5155,4
20-12-2020,11.27,Wraith,6,9,5622,11
11-2-2019,18.67,Gibraltar,2,2,1359,5
23-7-2019,24.0,Lifeline,4,3,2666,18
29-4-2020,7.49,Pathfinder,4,3,2015,6
11-2-2020,25.5,Ash,4,3,2841,7
9-8-2019,26.33,Wraith,4,5,3595,18
14-6-2020,22.59,Lifeline,7,9,5724,15
7-6-2019,25.69,Crypto,10,10,5093,14
27-4-2019,21.87,Mad Maggie,2,3,1914,14
1-12-2021,14.59,Pathfinder,5,9,5097,7
24-8-2019,28.01,Pathfinder,4,6,3819,8
28-4-2019,29.95,Ash,9,7,5596,4
10-5-2020,28.04,Pathfinder,9,11,1689,4
10-2-2022,17.77,Bangalore,6,11,3286,4
30-10-2021,5.64,Pathfinder,6,6,2016,10
10-1-2022,2.64,Ash,4,1,1100,2
19-7-2021,29.2,Ash,5,1,853,18
3-3-2019,20.45,Fuse,11,3,2703,15
8-8-2020,21.59,Pathfinder,6,5,685,17
21-2-2020,16.7,Revenant,5,8,1629,5
6-11-2022,15.26,Bangalore,5,11,1890,17
6-12-2022,14.6,Gibraltar,7,12,3197,9
28-7-2021,2.72,Caustic,1,6,1103,14
5-6-2022,6.7,Caustic,1,5,1140,11
14-8-2020,13.77,Pathfinder,2,3,353,8
8-12-2021,9.6,Wattson,8,3,2068,12
31-3-2019,0.04,Wattson,5,12,1388,17
15-5-2021,1.13,Mad Maggie,9,13,1784,18
5-6-2019,24.75,Fuse,6,15,1694,18
11-12-2021,29.84,Caustic,2,0,313,9
21-6-2021,16.52,Wraith,1,2,571,18
18-9-2019,11.86,Crypto,2,7,1852,10
14-9-2022,14.53,Bloodhound,5,4,2122,17
23-3-2019,23.89,Gibraltar,5,6,910,19
20-3-2019,16.47,Crypto,5,5,1536,15
21-9-2020,8.48,Wattson,6,6,1059,1
3-1-2021,15.01,Fuse,4,1,521,5
24-7-2021,24.05,Wattson,2,5,706,20
28-12-2022,20.67,Wattson,2,7,2056,18
1-3-2021,27.1,Mad Maggie,3,5,1320,18
11-7-2021,28.2,Ash,9,5,3397,20
25-3-2020,19.1,Ash,5,5,2123,18
22-8-2022,23.64,Crypto,8,12,2635,9
25-5-2021,26.02,Gibraltar,1,1,208,6
18-11-2021,19.96,Caustic,2,4,781,8
12-6-2020,21.48,Bloodhound,4,2,1254,11
17-8-2019,9.9,Caustic,6,4,1362,10
22-9-2021,20.96,Fuse,10,5,3461,12
15-11-2019,28.21,Crypto,5,9,1386,17
23-10-2022,20.82,Crypto,7,7,2243,11
27-8-2021,12.0,Wraith,4,3,1326,4
30-3-2021,9.33,Wattson,1,1,467,14
23-8-2019,6.26,Pathfinder,4,2,1287,11
7-7-2020,23.32,Ash,10,5,3504,7
9-10-2020,21.78,Pathfinder,9,5,3657,7
19-1-2022,26.49,Ash,7,13,2785,19
20-2-2021,1.44,Ash,9,7,3264,5
15-11-2022,19.44,Lifeline,1,0,214,9
20-12-2020,25.04,Lifeline,6,1,1199,17
20-7-2022,13.3,Gibraltar,4,5,2187,18
14-9-2021,24.28,Bangalore,6,3,1635,10
24-1-2020,15.21,Revenant,8,4,2208,2
8-8-2021,0.52,Fuse,5,7,3041,17
29-9-2019,27.8,Caustic,11,9,4866,11
14-12-2019,22.38,Revenant,1,5,901,1
4-3-2022,22.61,Wraith,6,1,1220,19
19-12-2019,8.78,Gibraltar,2,2,765,11
22-10-2022,17.32,Lifeline,5,4,1536,14
5-12-2019,17.98,Bangalore,5,9,2310,16
10-4-2021,9.94,Bangalore,5,6,2904,12
21-2-2022,21.18,Bloodhound,6,9,1699,2
10-11-2019,8.61,Fuse,2,7,1630,14
11-3-2022,11.12,Crypto,2,4,1195,2
25-6-2019,11.14,Crypto,2,5,1072,19
8-8-2021,22.23,Caustic,4,6,1925,7
31-1-2021,1.02,Bloodhound,7,10,2229,15
24-2-2021,7.62,Crypto,8,9,2833,9
31-12-2019,15.5,Mad Maggie,12,9,2653,2
6-4-2021,18.98,Bloodhound,1,2,448,10
27-7-2020,12.87,Revenant,2,4,1040,16
9-1-2020,13.84,Bangalore,6,9,3440,13
25-9-2022,3.66,Revenant,6,10,3234,18
17-9-2019,7.42,Pathfinder,8,6,3100,13
15-5-2020,22.16,Bangalore,5,5,2099,6
12-6-2022,14.73,Gibraltar,10,13,4612,1
14-10-2022,8.64,Crypto,0,5,963,15
24-8-2021,14.06,Ash,2,4,1598,6
23-3-2019,19.22,Crypto,5,3,1877,5
9-7-2019,18.69,Revenant,4,4,2094,10
7-12-2020,24.53,Mad Maggie,8,6,3815,18
3-4-2021,2.16,Lifeline,8,8,3946,3
10-7-2022,2.8,Wraith,8,7,4078,11
2-12-2022,1.14,Caustic,6,3,2278,15
14-10-2019,6.68,Mad Maggie,1,5,1282,9
20-5-2020,14.0,Lifeline,6,3,2178,19
11-2-2021,0.32,Wattson,6,3,1334,6
8-12-2020,10.5,Mad Maggie,6,8,3129,15
7-3-2022,13.84,Crypto,8,10,2779,11
30-5-2019,23.21,Crypto,10,6,3370,13
14-9-2020,7.37,Lifeline,3,8,2596,14
15-5-2019,15.29,Wraith,1,3,689,9
9-10-2020,7.97,Fuse,2,8,2471,20
27-1-2020,19.85,Wraith,4,5,2412,15
14-9-2021,5.1,Mad Maggie,9,6,3181,7
3-12-2020,2.17,Crypto,11,5,4718,9
30-10-2021,23.89,Bangalore,9,6,4046,12
19-6-2021,7.87,Ash,3,7,1607,4
14-5-2019,27.01,Lifeline,8,2,3168,2
14-12-2021,4.38,Gibraltar,3,5,1368,19
17-5-2020,21.9,Bloodhound,6,4,1652,17
4-6-2019,16.37,Mad Maggie,6,6,2592,6
31-3-2019,20.32,Wattson,7,8,3651,8
26-7-2020,22.51,Revenant,7,8,4291,5
30-4-2019,0.38,Revenant,4,4,2388,9
26-5-2019,15.33,Mad Maggie,2,2,793,12
28-6-2020,23.72,Pathfinder,6,4,2908,5
15-1-2021,21.56,Revenant,11,6,5059,3
14-2-2020,9.6,Fuse,8,4,3642,2
14-7-2019,15.25,Pathfinder,6,9,3160,6
6-6-2020,15.48,Gibraltar,7,14,4317,10
7-3-2021,5.22,Bangalore,4,0,800,1
22-6-2022,13.2,Revenant,5,2,1922,20
18-4-2021,24.19,Bloodhound,2,6,2089,2
5-5-2019,20.39,Caustic,4,4,1653,20
8-4-2022,9.58,Lifeline,7,4,2645,19
5-6-2022,7.49,Pathfinder,7,6,3620,12
24-11-2021,25.18,Wraith,8,10,5586,3
9-7-2019,6.61,Bloodhound,6,0,1804,20
21-11-2021,27.56,Mad Maggie,3,2,1480,16
15-4-2021,12.17,Crypto,8,10,4534,11
31-1-2020,10.48,Revenant,3,6,1675,2
18-3-2019,20.39,Lifeline,5,5,2615,1
20-4-2020,19.93,Revenant,9,6,4897,18
4-9-2021,16.58,Gibraltar,6,8,2434,4
18-6-2021,23.83,Mad Maggie,1,2,937,12
1-7-2019,27.66,Caustic,3,4,2032,12
17-10-2022,2.69,Ash,2,7,2518,18
6-6-2019,27.56,Wraith,4,8,2839,18
25-12-2022,19.84,Revenant,12,7,3577,15
5-9-2021,4.24,Bangalore,5,6,2080,15
21-5-2019,23.96,Crypto,7,8,3091,15
12-5-2020,2.35,Lifeline,4,8,3781,5
10-11-2020,22.64,Bloodhound,8,3,3187,20
17-12-2020,3.61,Revenant,3,5,2556,11
7-1-2021,15.15,Gibraltar,10,3,4290,6
17-10-2022,2.58,Lifeline,6,8,2933,13
17-12-2021,26.04,Gibraltar,5,6,2862,10
30-11-2022,26.13,Wraith,7,8,4282,1
10-6-2020,27.74,Ash,3,1,883,7
2-10-2021,14.28,Bangalore,1,1,585,17
17-1-2020,16.6,Gibraltar,3,2,1407,12
23-12-2019,0.34,Wattson,6,11,3993,1
25-9-2022,16.44,Pathfinder,7,5,2882,12
5-8-2020,22.63,Gibraltar,12,7,5763,10
27-1-2021,19.19,Wattson,7,9,3264,13
31-3-2020,11.34,Pathfinder,0,2,512,11
12-3-2021,29.0,Revenant,3,5,2260,18
3-2-2020,19.75,Bangalore,10,2,3012,18
24-8-2019,27.5,Caustic,7,9,4045,16
21-10-2021,4.57,Mad Maggie,4,12,4560,17
10-7-2021,27.38,Caustic,6,6,3936,17
20-2-2019,9.36,Crypto,8,6,2861,11
13-6-2022,13.62,Pathfinder,1,6,2377,20
14-3-2019,25.6,Ash,9,6,4912,4
3-4-2021,3.21,Gibraltar,5,2,1792,7
7-9-2021,2.05,Fuse,3,6,2962,9
5-9-2022,22.53,Ash,7,6,4504,20
14-5-2022,20.0,Caustic,6,9,3961,20
22-10-2019,9.51,Lifeline,11,6,3897,3
10-6-2019,9.63,Pathfinder,4,5,2833,12
2-4-2022,15.11,Ash,2,2,993,12
2-12-2020,5.94,Wraith,2,6,2096,13
15-1-2022,13.44,Fuse,4,3,1536,20
29-7-2021,4.02,Wattson,4,4,1728,4
25-7-2021,15.59,Gibraltar,6,6,3951,16
3-11-2022,12.04,Mad Maggie,6,10,5302,20
30-9-2019,24.31,Mad Maggie,0,1,313,9
11-8-2021,16.18,Gibraltar,1,2,856,8
3-3-2019,27.26,Bloodhound,4,4,2487,12
16-5-2019,20.54,Revenant,3,8,3602,3
15-9-2021,17.92,Crypto,9,5,3163,19
30-11-2019,26.14,Fuse,7,11,4701,3
8-4-2019,25.79,Fuse,11,9,7659,15
17-9-2021,0.07,Fuse,1,1,743,15
30-10-2020,25.09,Bangalore,4,3,1629,7
5-12-2020,7.43,Revenant,2,3,1417,6
2-12-2021,4.8,Bloodhound,5,3,3105,19
6-7-2022,23.02,Caustic,5,8,4201,4
7-10-2021,17.4,Fuse,9,8,4422,12
1-11-2022,4.04,Caustic,11,8,4827,12
3-10-2022,12.7,Mad Maggie,0,3,695,5
30-11-2020,21.68,Bloodhound,8,4,3158,12
24-12-2022,23.22,Pathfinder,6,4,3455,9
26-6-2019,7.27,Lifeline,4,5,3166,6
31-3-2019,18.86,Wattson,6,9,5113,12
19-2-2021,5.92,Bangalore,5,5,3604,12
28-6-2021,15.66,Pathfinder,8,12,5668,3
5-12-2020,11.36,Caustic,0,0,0,10
20-1-2020,23.08,Caustic,4,3,1697,5
6-4-2022,25.15,Fuse,4,3,1975,18
20-2-2021,27.1,Crypto,6,5,3494,8
17-10-2020,19.26,Mad Maggie,9,5,4564,16
19-3-2022,13.69,Lifeline,10,6,5925,17
18-4-2020,12.91,Revenant,7,6,4785,20
16-7-2020,27.43,Ash,0,7,2156,12
1-7-2020,7.2,Gibraltar,1,6,2492,11
29-11-2021,29.39,Bloodhound,10,2,4943,6
2-10-2020,9.31,Lifeline,5,4,2726,20
16-2-2019,23.5,Bangalore,5,12,5531,12
13-2-2021,19.91,Caustic,11,5,4768,14
11-3-2020,27.74,Wattson,12,8,5624,3
19-4-2021,20.48,Fuse,2,4,1690,10
20-10-2021,2.82,Pathfinder,6,9,2709,6
31-10-2022,4.65,Wraith,6,8,2869,2
28-4-2019,18.68,Crypto,8,6,2526,6
17-5-2021,13.14,Caustic,6,12,2999,15
16-5-2019,6.54,Lifeline,9,6,1633,11
10-11-2020,25.56,Wraith,9,9,1336,10
13-4-2020,27.81,Fuse,1,3,732,16
8-1-2020,3.12,Wraith,1,1,366,7
15-2-2022,6.04,Revenant,4,3,1332,19
29-12-2021,18.63,Pathfinder,7,3,1355,20
27-11-2021,16.12,Wattson,11,9,4025,4
26-6-2019,8.27,Revenant,6,5,2098,3
9-3-2022,19.35,Ash,8,7,2227,7
9-3-2022,27.9,Revenant,4,6,2069,6
28-6-2019,27.61,Mad Maggie,4,2,610,3
13-11-2022,9.47,Ash,2,3,1006,15
14-7-2020,0.85,Revenant,4,3,1416,11
11-9-2022,29.43,Revenant,10,7,2681,3
15-7-2020,0.54,Bloodhound,5,9,2384,8
9-1-2020,23.44,Lifeline,10,7,2371,17
11-6-2019,25.69,Crypto,1,1,295,18
20-3-2022,3.14,Ash,5,2,665,9
27-6-2020,9.88,Lifeline,4,4,1493,9
3-3-2020,12.25,Ash,12,4,1803,3
11-8-2022,25.59,Ash,4,6,1083,12
23-10-2022,25.42,Revenant,7,7,2382,16
13-5-2022,0.24,Wattson,9,6,1638,12
18-9-2021,22.19,Gibraltar,1,5,1150,20
18-8-2019,0.48,Caustic,7,5,2438,4
9-3-2020,22.17,Gibraltar,7,2,2021,2
31-1-2022,0.7,Pathfinder,4,7,2394,15
28-2-2020,8.77,Gibraltar,5,8,1137,16
6-11-2019,29.96,Caustic,5,7,1373,18
7-12-2021,24.05,Bloodhound,7,10,2207,20
13-8-2020,12.66,Wattson,2,1,407,4
7-4-2021,12.79,Fuse,4,1,959,4
15-8-2019,1.31,Wraith,4,3,1320,14
25-7-2022,14.31,Wraith,3,5,1157,5
21-6-2020,25.99,Wattson,8,12,2788,10
2-7-2020,27.49,Bloodhound,8,9,4072,18
21-4-2021,0.46,Crypto,14,14,3650,3
9-3-2022,8.73,Ash,0,9,1318,2
20-8-2020,20.69,Bangalore,3,6,1607,13
18-2-2021,25.6,Fuse,3,2,1186,12
15-2-2022,14.38,Caustic,3,11,2633,7
3-12-2022,29.29,Pathfinder,5,4,1902,17
31-1-2020,3.31,Wattson,10,9,2490,3
15-10-2019,9.48,Wattson,10,7,1773,12
15-4-2022,26.11,Bangalore,5,0,1100,13
3-10-2020,23.54,Pathfinder,2,5,723,4
15-3-2021,20.47,Crypto,4,11,2216,10
29-6-2021,12.5,Mad Maggie,5,8,3376,16
10-3-2020,29.07,Caustic,8,9,3306,6
1-6-2022,19.38,Lifeline,8,5,2533,13
19-4-2021,23.47,Crypto,9,6,1932,19
12-2-2020,22.23,Crypto,1,0,239,2
13-1-2020,5.82,Wattson,3,4,1762,18
29-1-2021,24.63,Ash,6,3,1284,6
15-2-2022,15.07,Crypto,5,4,1175,2
30-7-2022,20.72,Caustic,10,4,3075,2
30-1-2020,9.61,Fuse,10,11,3772,19
28-10-2022,22.14,Wattson,10,8,2445,9
3-6-2021,23.84,Wattson,11,1,1830,6
10-11-2020,15.19,Gibraltar,3,1,589,12
14-12-2021,19.03,Fuse,2,9,2452,2
13-9-2021,10.93,Crypto,9,3,1532,16
19-9-2019,15.32,Gibraltar,8,4,2285,17
23-11-2019,19.83,Lifeline,6,11,3080,15
18-5-2019,8.24,Pathfinder,8,12,3593,9
13-2-2020,12.63,Lifeline,2,4,1585,9
11-4-2022,2.33,Mad Maggie,1,8,1288,13
6-8-2022,17.51,Ash,2,4,1592,13
26-8-2021,10.93,Revenant,3,3,1629,10
24-11-2021,3.83,Revenant,5,6,2951,5
26-10-2019,16.9,Fuse,9,6,3323,5
11-2-2022,12.81,Mad Maggie,10,10,4980,19
29-10-2019,9.64,Bloodhound,2,0,531,8
26-12-2020,22.64,Wattson,3,7,1722,7
27-10-2022,14.27,Gibraltar,5,8,2359,1
2-11-2020,5.06,Caustic,7,5,3324,17
28-3-2019,22.31,Crypto,4,7,2023,8
11-8-2020,22.72,Ash,7,9,2198,4
28-6-2020,3.9,Lifeline,12,9,3487,10
21-10-2022,1.75,Wattson,1,0,273,19
16-4-2021,11.86,Fuse,5,2,1991,9
2-2-2020,7.22,Bloodhound,2,4,838,12
7-10-2022,4.05,Mad Maggie,6,5,3110,10
18-3-2019,5.21,Wattson,10,4,3790,15
7-5-2020,14.63,Bloodhound,7,8,3074,14
7-5-2022,4.49,Pathfinder,6,8,2842,13
31-10-2022,21.26,Revenant,0,5,962,11
12-1-2021,4.95,Wraith,6,5,2848,16
15-8-2019,16.54,Mad Maggie,5,2,1304,17
11-3-2019,0.94,Wraith,10,3,3520,4
15-2-2020,13.7,Wattson,4,7,1928,4
20-7-2021,3.39,Bloodhound,7,9,4840,1
16-3-2020,14.6,Gibraltar,8,6,3453,5
12-11-2022,6.28,Bangalore,1,5,1108,13
18-5-2019,25.55,Mad Maggie,6,10,2627,8
9-8-2021,16.82,Revenant,4,2,1388,7
21-2-2022,2.22,Ash,5,11,3512,19
14-1-2021,9.52,Gibraltar,7,5,2937,6
22-8-2019,22.46,Bangalore,9,8,4899,19
6-3-2019,11.52,Mad Maggie,9,11,3788,4
4-1-2022,22.35,Bloodhound,5,1,1326,8
20-4-2020,21.01,Fuse,2,4,1446,15
18-10-2020,19.23,Bangalore,4,7,2457,19
3-6-2021,26.39,Ash,10,5,4118,3
16-6-2020,12.48,Crypto,4,6,2669,18
4-8-2019,3.92,Lifeline,6,7,2351,5
30-9-2021,23.83,Crypto,13,6,3436,12
2-4-2020,9.58,Pathfinder,4,0,916,15
19-11-2020,5.77,Ash,1,4,1149,9
12-3-2020,28.13,Bangalore,3,3,1113,11
29-5-2020,24.04,Fuse,4,4,2240,8
30-3-2021,19.07,Gibraltar,8,6,4577,18
10-7-2022,26.63,Crypto,7,9,4727,5
14-11-2019,8.5,Pathfinder,10,10,6502,7
13-2-2021,0.0,Wattson,2,2,740,9
26-9-2021,29.08,Fuse,2,5,1622,16
27-6-2019,1.75,Crypto,2,6,2532,11
5-3-2021,15.78,Pathfinder,8,3,2330,3
31-7-2020,20.4,Wraith,11,4,5004,2
8-11-2022,17.93,Wattson,6,6,2786,13
27-9-2021,9.16,Crypto,7,6,3712,15
17-10-2021,4.82,Revenant,0,6,1377,1
19-7-2020,6.42,Wattson,2,2,842,5
3-9-2019,11.88,Mad Maggie,7,3,2790,2
1-6-2022,1.96,Wattson,6,8,3652,20
21-12-2022,7.02,Pathfinder,6,10,3518,17
2-3-2021,0.5,Mad Maggie,6,8,4706,14
8-5-2022,10.62,Revenant,7,6,3305,19
18-7-2020,27.97,Wraith,2,4,1491,6
16-12-2020,18.82,Wattson,3,4,2199,15
6-6-2020,22.61,Wattson,4,7,2204,10
3-3-2019,5.12,Revenant,12,3,3956,4
11-1-2021,24.27,Fuse,8,6,2891,14
9-2-2021,23.72,Gibraltar,5,11,3019,1
21-3-2019,3.4,Lifeline,11,6,5704,4
14-8-2022,12.04,Caustic,5,0,1099,1
12-8-2021,17.35,Gibraltar,1,5,1699,20
25-2-2021,0.05,Ash,5,3,2278,6
30-1-2020,17.91,Revenant,4,8,3045,7
5-6-2021,7.87,Caustic,5,6,3650,10
16-7-2022,9.36,Pathfinder,8,8,4529,2
11-2-2022,23.53,Revenant,9,8,4100,16
24-1-2022,4.33,Wraith,0,2,642,20
20-11-2021,16.16,Caustic,1,3,1366,8
27-12-2020,9.52,Bangalore,3,2,1450,15
8-12-2019,11.32,Lifeline,3,3,1972,8
5-9-2019,8.05,Wattson,4,4,2259,4
26-4-2020,17.41,Wattson,7,7,2925,20
6-2-2020,9.89,Fuse,9,7,5294,20
24-4-2022,11.71,Ash,2,0,724,4
12-8-2021,16.58,Revenant,5,6,2552,8
24-5-2020,5.19,Gibraltar,2,2,849,17
17-10-2021,3.42,Wraith,10,7,6128,13
10-9-2020,19.34,Bangalore,4,4,2370,18
24-1-2022,17.22,Wraith,10,7,6026,1
6-5-2019,13.31,Bloodhound,9,8,4865,12
23-6-2022,14.84,Revenant,3,4,2505,10
2-11-2019,22.75,Wattson,1,3,983,19
21-6-2019,22.19,Bloodhound,9,6,5193,1
10-12-2020,26.3,Pathfinder,3,7,3474,11
6-11-2022,11.02,Lifeline,5,7,4239,11
14-2-2019,25.43,Wattson,11,7,5407,6
7-2-2020,15.22,Bangalore,9,11,5059,7
22-10-2021,5.39,Pathfinder,0,0,0,13
31-8-2021,17.88,Gibraltar,3,1,1206,4
25-6-2022,16.22,Ash,3,2,1168,11
6-12-2021,29.2,Wattson,5,4,3203,14
26-12-2022,27.67,Ash,7,5,3807,8
12-6-2021,29.58,Mad Maggie,9,13,7121,7
9-1-2022,14.67,Revenant,11,9,5072,7
31-12-2022,21.75,Bloodhound,0,5,1270,17
10-3-2019,7.44,Lifeline,2,3,1796,4
6-7-2020,12.48,Revenant,2,3,1801,14
4-12-2019,2.99,Ash,3,5,2929,8
16-5-2019,5.44,Mad Maggie,6,8,4668,7
29-4-2019,21.98,Fuse,5,6,2593,13
16-10-2021,6.99,Caustic,6,6,4117,6
7-2-2022,21.31,Wattson,3,4,2257,6
1-7-2020,10.54,Ash,4,7,2789,2
10-6-2020,15.83,Revenant,6,3,3147,5
1-4-2020,21.59,Pathfinder,3,5,2512,20
22-9-2021,22.33,Ash,8,4,4422,7
28-10-2020,13.42,Ash,8,6,4582,11
8-10-2021,4.87,Caustic,8,6,4114,9
4-11-2021,8.69,Wattson,0,2,535,2
14-10-2022,20.29,Wattson,1,2,1085,5
28-2-2022,3.18,Bangalore,6,4,3495,12
21-3-2022,7.77,Revenant,4,10,5394,12
27-9-2021,13.41,Bangalore,5,6,3670,16
31-8-2022,8.92,Bloodhound,10,9,5279,4
5-5-2019,9.39,Revenant,8,8,5338,17
4-12-2019,21.3,Pathfinder,5,2,2369,16
4-3-2021,15.99,Gibraltar,5,3,3115,19
12-2-2022,8.3,Ash,4,7,3216,13
23-6-2019,24.63,Revenant,3,4,1774,11
9-2-2021,25.16,Bloodhound,7,4,3220,20
22-2-2021,5.47,Wraith,5,5,860,6
14-3-2021,17.13,Revenant,11,6,2172,14
17-5-2021,20.29,Gibraltar,2,4,744,15
4-1-2022,0.76,Mad Maggie,2,2,651,18
31-7-2020,21.16,Crypto,5,6,910,20
12-11-2022,23.17,Mad Maggie,4,3,502,19
1-3-2022,28.58,Revenant,5,4,1094,18
20-3-2022,21.18,Wraith,6,7,1368,12
18-3-2022,2.63,Revenant,15,7,3281,17
19-4-2020,0.69,Lifeline,1,3,518,3
14-7-2019,21.74,Revenant,1,4,552,4
20-8-2019,6.45,Lifeline,2,2,734,8
28-9-2019,26.44,Fuse,5,6,1757,18
10-3-2022,15.78,Gibraltar,5,7,1596,17
20-7-2021,7.21,Bangalore,6,6,1213,19
18-2-2020,29.33,Bangalore,6,13,2300,14
15-10-2021,26.22,Caustic,3,3,1187,9
17-6-2021,15.76,Ash,2,2,538,13
29-10-2019,25.08,Fuse,7,3,1581,13
29-8-2019,4.11,Bloodhound,9,3,1917,8
14-2-2020,9.89,Bangalore,6,6,941,13
22-3-2020,28.93,Pathfinder,8,11,3606,13
19-7-2020,15.06,Bangalore,9,11,4009,11
27-10-2022,25.21,Wattson,1,1,350,20
25-6-2019,26.01,Bloodhound,3,2,1145,15
7-11-2021,19.13,Ash,4,6,2247,10
8-12-2021,2.36,Bangalore,4,5,954,15
6-7-2019,12.82,Crypto,8,8,1865,6
19-9-2019,25.32,Ash,7,7,1546,6
13-9-2021,24.55,Revenant,11,12,2747,7
9-2-2020,0.11,Gibraltar,4,4,1589,6
23-5-2019,3.43,Caustic,5,2,1104,1
30-6-2020,1.79,Ash,7,2,1252,8
2-4-2019,10.69,Caustic,4,3,1273,19
1-7-2019,6.3,Crypto,8,4,1617,7
23-11-2021,21.34,Bangalore,6,10,2154,3
21-7-2021,24.2,Ash,6,10,2958,20
14-1-2020,3.9,Wraith,5,4,1042,18
10-9-2022,18.98,Crypto,5,2,1411,13
16-3-2020,8.56,Gibraltar,7,5,2859,2
19-2-2020,11.83,Wattson,7,10,3142,16
17-6-2019,21.72,Lifeline,8,11,4644,1
22-5-2019,16.92,Ash,7,8,2672,3
29-10-2021,25.26,Revenant,7,6,1954,10
29-12-2019,25.76,Bloodhound,3,4,1597,7
27-9-2020,10.08,Wraith,3,6,2057,6
3-5-2022,24.93,Bloodhound,6,7,1540,15
2-5-2019,5.76,Pathfinder,5,4,1476,15
18-9-2019,10.45,Lifeline,5,7,1874,15
6-10-2022,19.08,Lifeline,5,7,2799,18
27-5-2021,9.55,Gibraltar,6,7,1347,6
30-8-2020,21.86,Pathfinder,5,5,2348,1
8-2-2022,14.35,Fuse,1,1,275,15
4-3-2019,10.81,Ash,2,10,1847,7
1-8-2019,1.2,Wattson,3,3,1519,12
22-6-2021,17.72,Bloodhound,6,5,2351,6
5-9-2020,9.71,Pathfinder,7,12,4089,3
18-10-2020,15.2,Wraith,10,12,2680,11
2-4-2022,23.19,Caustic,5,7,2492,13
2-9-2020,5.1,Gibraltar,8,5,1497,10
16-12-2019,4.41,Wraith,2,3,1291,1
9-6-2019,22.8,Ash,8,6,3072,12
10-10-2020,26.22,Fuse,11,5,2201,9
19-7-2021,6.91,Bloodhound,5,13,4070,9
6-5-2021,23.53,Pathfinder,9,9,2926,18
8-10-2022,17.9,Mad Maggie,6,0,1105,7
5-10-2020,9.48,Crypto,8,1,1472,14
4-2-2022,3.6,Bloodhound,5,5,2008,13
8-12-2022,23.1,Mad Maggie,9,6,4350,17
31-1-2020,12.03,Crypto,10,4,3524,6
27-4-2020,5.96,Ash,5,5,1807,2
14-5-2021,1.31,Lifeline,8,6,2676,11
14-1-2021,5.98,Caustic,1,1,515,3
25-2-2019,24.98,Wraith,3,2,1019,12
8-1-2021,6.32,Fuse,5,2,1746,7
20-3-2022,16.26,Gibraltar,5,8,2246,16
31-7-2019,6.89,Pathfinder,6,4,2595,10
28-12-2020,26.15,Caustic,7,8,3493,4
13-10-2019,0.68,Bloodhound,9,7,2605,9
16-11-2021,25.92,Bangalore,8,1,1451,20
13-8-2019,17.23,Ash,2,5,994,3
24-12-2020,2.32,Lifeline,2,2,953,17
2-12-2019,27.51,Bangalore,9,7,4254,19
3-11-2019,16.42,Revenant,5,13,4056,3
14-8-2021,4.06,Ash,5,5,2176,11
13-3-2019,23.83,Ash,9,10,4305,19
7-6-2022,9.03,Crypto,3,2,1418,13
22-11-2020,14.4,Wattson,1,2,803,2
14-2-2020,20.3,Wattson,4,6,2359,5
1-11-2019,7.96,Crypto,3,8,2470,2
15-5-2022,10.3,Crypto,4,7,2496,8
5-1-2022,2.42,Crypto,10,13,6160,18
20-12-2021,28.43,Ash,8,7,3770,11
3-9-2022,29.08,Revenant,3,2,1043,11
9-5-2022,17.6,Revenant,5,6,3059,17
12-4-2019,18.69,Caustic,5,8,3689,14
5-10-2021,11.1,Lifeline,4,5,1977,11
6-9-2020,18.31,Lifeline,4,4,2381,4
9-10-2022,19.03,Ash,13,12,5337,9
12-10-2022,9.01,Bangalore,7,8,4210,3
13-6-2021,14.06,Pathfinder,2,3,1215,2
2-2-2020,2.16,Caustic,5,7,3039,6
26-8-2020,23.24,Lifeline,8,4,3536,17
16-2-2022,20.85,Wattson,10,7,3726,6
20-12-2022,19.33,Crypto,6,5,1867,9
28-4-2020,25.98,Lifeline,8,10,5608,4
26-5-2022,11.4,Crypto,7,6,4053,10
23-12-2021,18.6,Lifeline,2,3,863,14
13-3-2020,21.96,Bangalore,3,4,2098,13
10-2-2022,18.99,Crypto,3,3,1217,3
21-6-2022,16.92,Fuse,9,4,3377,1
21-2-2020,1.99,Revenant,11,6,3138,14
27-10-2020,22.65,Mad Maggie,11,8,5479,20
28-2-2019,0.62,Gibraltar,7,6,2821,20
1-7-2022,9.58,Caustic,3,1,1040,1
14-4-2019,15.77,Ash,3,3,1772,10
29-3-2019,15.69,Ash,5,4,2374,1
19-11-2019,16.32,Crypto,3,6,1927,9
21-3-2019,24.87,Gibraltar,4,5,2257,5
20-5-2022,14.8,Lifeline,13,6,5422,10
2-6-2022,19.43,Lifeline,8,7,3347,6
27-2-2019,13.76,Wraith,0,3,621,12
17-1-2020,2.6,Pathfinder,2,6,2544,14
7-1-2020,23.08,Revenant,4,2,1885,5
27-2-2022,18.6,Wraith,6,4,2793,19
21-1-2021,28.66,Crypto,6,8,3954,15
9-8-2021,28.12,Bloodhound,6,10,4380,9
15-5-2019,15.79,Bangalore,6,11,4740,8
4-6-2021,8.41,Ash,0,1,202,8
23-8-2021,6.84,Crypto,3,3,1828,6
1-9-2020,13.01,Crypto,10,2,3238,2
17-6-2019,9.65,Revenant,12,3,4754,6
29-10-2022,18.13,Wattson,5,5,3245,20
10-12-2021,12.39,Pathfinder,11,6,4587,17
16-3-2021,18.61,Wraith,7,8,4652,4
26-3-2021,24.12,Lifeline,1,0,377,11
22-4-2021,17.8,Bangalore,7,3,3237,8
21-10-2021,28.4,Caustic,3,4,2178,8
19-6-2021,13.86,Wattson,3,3,1374,2
22-1-2020,10.21,Wattson,5,4,2891,4
21-10-2021,5.32,Fuse,8,9,3963,9
3-7-2019,26.8,Fuse,10,6,5029,11
23-1-2022,17.24,Bloodhound,6,1,2203,13
27-4-2020,2.19,Crypto,1,4,1589,19
30-3-2019,1.65,Bloodhound,6,3,3214,16
12-11-2019,20.2,Wraith,9,10,4382,15
24-7-2021,19.55,Bloodhound,5,5,2034,16
11-10-2019,18.08,Bloodhound,5,11,4115,12
15-12-2019,24.98,Revenant,11,11,7436,7
6-7-2021,9.64,Gibraltar,0,4,889,16
20-10-2019,3.55,Gibraltar,1,1,623,10
26-10-2020,15.6,Fuse,11,5,4847,13
5-12-2020,12.43,Bloodhound,9,4,4066,11
23-9-2020,3.49,Crypto,7,5,4380,4
27-12-2022,0.91,Fuse,5,7,2896,15
11-8-2022,0.04,Pathfinder,9,11,6248,1
6-9-2021,19.49,Revenant,2,1,722,14
13-5-2022,2.29,Lifeline,1,8,3128,10
12-6-2020,8.22,Mad Maggie,7,3,3179,9
23-8-2021,26.38,Revenant,8,3,3989,20
6-12-2019,10.87,Gibraltar,5,5,2376,10
17-5-2022,13.5,Bloodhound,5,5,2190,3
1-8-2021,4.45,Mad Maggie,6,9,3279,12
20-3-2021,5.54,Ash,0,1,256,16
4-9-2021,0.02,Lifeline,2,2,1374,16
3-5-2021,6.3,Wraith,4,11,5376,19
7-7-2021,13.98,Bloodhound,5,4,2122,13
14-5-2022,6.84,Crypto,4,9,4156,15
29-12-2021,21.9,Lifeline,6,6,3374,4
9-6-2020,2.05,Bloodhound,7,7,4219,13
7-7-2022,21.41,Revenant,5,1,1644,1
21-1-2020,9.42,Ash,1,1,504,11
9-7-2021,22.45,Lifeline,4,5,3003,17
20-1-2022,17.12,Bloodhound,3,5,2293,19
21-6-2022,12.33,Bangalore,5,10,4774,20
28-6-2022,15.33,Wraith,7,5,3661,17
25-2-2021,1.91,Lifeline,7,6,3875,3
2-2-2020,3.5,Wattson,3,2,1598,17
6-2-2022,29.6,Revenant,4,10,5288,20
1-9-2022,23.74,Caustic,3,5,2898,3
19-4-2019,28.21,Fuse,5,6,3481,4
11-9-2020,26.77,Mad Maggie,5,6,4256,3
2-12-2021,25.53,Gibraltar,11,9,7707,18
3-3-2020,11.98,Caustic,10,8,5913,8
31-8-2020,20.06,Crypto,6,3,3268,4
31-8-2021,28.23,Wraith,1,3,1003,19
9-3-2020,6.71,Lifeline,4,2,2020,10
13-12-2021,26.07,Caustic,3,3,1463,3
18-5-2019,29.05,Mad Maggie,4,12,4683,2
18-4-2020,28.28,Caustic,6,9,4167,7
25-9-2019,26.02,Mad Maggie,11,8,5762,3
25-10-2020,26.85,Caustic,1,5,1526,16
5-4-2021,21.41,Revenant,1,6,2071,10
24-2-2022,26.24,Lifeline,3,3,1810,7
11-11-2020,12.96,Ash,3,5,2218,16
11-5-2021,17.42,Crypto,7,7,3976,9
7-6-2020,27.52,Bangalore,6,6,4824,18
29-11-2021,16.21,Wraith,8,6,4654,1
23-1-2022,22.89,Wattson,6,5,4248,1
18-2-2019,24.1,Bangalore,3,1,1384,9
28-4-2022,13.74,Bangalore,8,8,2576,3
5-4-2020,1.53,Lifeline,5,5,1482,7
30-6-2019,29.6,Fuse,4,6,1071,6
2-5-2020,27.54,Gibraltar,11,6,2658,5
18-8-2021,24.77,Mad Maggie,12,8,1880,19
9-7-2022,1.6,Bloodhound,0,0,0,13
25-9-2019,7.07,Mad Maggie,3,2,653,19
15-3-2020,20.55,Bangalore,9,2,2509,10
25-8-2019,21.11,Ash,4,4,718,1
26-11-2021,13.7,Wraith,6,8,1647,20
13-6-2020,14.67,Fuse,7,8,3331,8
21-12-2022,23.98,Lifeline,10,6,1051,20
24-5-2019,16.18,Wraith,1,1,221,11
18-4-2020,23.21,Mad Maggie,3,7,863,18
23-12-2020,20.52,Caustic,6,3,1293,1
14-11-2022,1.7,Fuse,3,3,410,4
2-10-2022,8.08,Mad Maggie,5,10,1102,5
14-8-2019,22.96,Mad Maggie,6,5,1440,1
11-11-2019,25.63,Wraith,10,8,2856,10
7-9-2020,13.41,Pathfinder,3,4,1275,5
30-1-2022,23.71,Mad Maggie,3,5,1884,19
1-8-2019,28.36,Mad Maggie,3,4,1408,7
21-4-2019,12.49,Bangalore,3,6,1851,10
10-3-2022,9.67,Crypto,5,5,1497,3
22-2-2020,12.79,Ash,12,6,1696,6
4-7-2020,12.28,Mad Maggie,7,6,2424,3
13-6-2021,8.25,Wraith,0,1,108,13
27-3-2022,5.41,Mad Maggie,3,2,838,14
26-12-2020,10.53,Bangalore,7,8,1278,3
4-2-2022,5.79,Lifeline,4,4,1382,8
29-10-2019,22.14,Mad Maggie,4,7,2496,3
31-7-2020,0.1,Revenant,6,6,1694,15
8-9-2019,25.23,Revenant,9,11,4585,3
15-2-2022,15.43,Wattson,4,0,745,8
16-9-2019,20.74,Fuse,1,1,381,11
21-5-2021,2.31,Bangalore,2,9,2353,11
21-5-2021,9.53,Bangalore,3,3,1437,17
21-7-2020,12.2,Mad Maggie,12,7,3915,13
16-7-2022,22.3,Crypto,7,7,1413,7
23-1-2020,28.21,Fuse,8,9,2800,7
18-1-2021,19.62,Revenant,7,9,1697,13
24-9-2021,22.29,Gibraltar,3,1,673,19
30-10-2021,12.0,Ash,3,7,2071,15
21-10-2020,15.78,Crypto,5,3,992,7
17-4-2022,3.1,Revenant,4,4,1790,6
14-3-2019,10.84,Revenant,5,14,2261,2
7-2-2022,3.07,Wattson,11,6,2472,3
1-6-2022,6.74,Fuse,3,0,700,12
10-4-2019,2.53,Pathfinder,1,4,981,4
31-7-2020,9.06,Pathfinder,2,10,1695,1
3-8-2019,4.31,Caustic,9,3,3045,15
7-4-2020,23.56,Wattson,12,11,2843,12
19-12-2019,20.48,Gibraltar,6,5,1195,7
25-10-2021,29.42,Wattson,10,9,2246,9
1-1-2020,28.86,Gibraltar,2,6,1458,4
1-8-2021,12.21,Caustic,7,2,1896,18
26-2-2019,26.44,Ash,8,11,4231,19
20-11-2021,18.16,Revenant,7,5,2832,15
5-7-2021,22.17,Bangalore,10,10,4666,7
1-11-2021,8.01,Wattson,7,7,2773,5
17-5-2021,2.43,Revenant,12,9,3051,10
31-5-2021,3.03,Wattson,3,0,794,4
27-7-2022,9.18,Wattson,9,7,2591,14
23-2-2021,16.9,Pathfinder,6,2,990,15
8-10-2021,12.67,Wattson,5,7,1865,10
21-5-2019,23.33,Ash,5,9,2178,7
6-3-2021,18.54,Revenant,7,10,2972,12
22-1-2020,27.57,Revenant,7,8,1906,1
24-7-2020,22.15,Wraith,2,1,393,4
24-11-2021,20.12,Mad Maggie,2,3,1003,9
4-8-2021,2.47,Bangalore,2,3,828,9
7-12-2020,22.06,Wraith,8,4,2875,6
16-11-2022,5.24,Ash,5,8,2950,1
27-7-2021,10.86,Bloodhound,11,5,3728,1
27-4-2022,22.67,Pathfinder,7,8,3030,19
9-12-2020,24.18,Caustic,5,4,1278,17
4-3-2019,29.1,Crypto,6,7,2100,15
2-12-2021,0.97,Ash,3,5,1347,12
20-4-2021,8.32,Pathfinder,3,3,1698,10
5-7-2019,14.44,Gibraltar,4,5,2463,6
27-9-2019,5.7,Bloodhound,6,5,1789,3
7-8-2021,22.93,Mad Maggie,6,8,3334,12
24-10-2019,22.75,Revenant,8,3,3160,2
17-1-2021,2.82,Bangalore,1,1,570,16
20-2-2020,18.49,Fuse,3,6,1965,8
25-5-2020,28.12,Mad Maggie,9,9,2852,9
11-10-2021,16.59,Crypto,10,10,4720,18
7-4-2022,0.52,Wattson,7,13,3506,3
20-10-2019,22.95,Lifeline,9,15,5692,16
4-6-2020,16.24,Wattson,5,2,1286,2
26-8-2020,24.58,Crypto,1,4,1313,17
31-12-2022,14.69,Fuse,6,2,2287,13
5-8-2021,6.33,Wraith,7,3,2827,5
24-12-2022,19.48,Crypto,5,9,2789,1
4-3-2019,8.28,Wraith,8,10,5451,15
21-1-2020,29.86,Pathfinder,14,7,4630,20
7-9-2021,2.6,Caustic,0,1,172,5
5-6-2019,9.28,Gibraltar,2,5,1325,11
30-4-2019,19.05,Crypto,11,12,4757,10
6-8-2020,8.46,Bangalore,6,5,2631,17
9-4-2020,22.04,Ash,7,5,2484,2
21-10-2020,17.58,Wraith,10,5,2409,2
18-4-2019,9.63,Wraith,8,7,3533,18
14-9-2020,7.28,Ash,1,5,1172,11
1-6-2021,1.02,Pathfinder,1,6,1184,16
3-6-2021,18.48,Pathfinder,4,2,1616,5
22-5-2021,19.11,Bangalore,10,3,3014,16
25-4-2019,22.97,Revenant,6,4,2279,5
9-7-2021,26.94,Pathfinder,11,6,5550,14
5-3-2019,1.71,Crypto,9,11,4931,1
4-12-2022,29.29,Wattson,3,5,2321,9
25-5-2022,24.81,Wraith,9,2,2643,3
5-3-2020,19.52,Caustic,5,3,1947,18
2-5-2019,5.79,Gibraltar,9,3,3420,5
21-1-2021,7.9,Revenant,10,4,3294,1
20-3-2021,21.25,Gibraltar,5,13,3138,11
26-6-2020,24.46,Caustic,11,7,5225,5
15-9-2020,6.02,Ash,0,0,0,4
15-11-2022,1.47,Pathfinder,4,9,3593,12
2-11-2019,20.21,Caustic,6,7,3713,7
19-3-2021,13.52,Bloodhound,5,6,3255,7
19-11-2022,28.28,Wattson,6,5,2680,16
3-1-2021,11.67,Lifeline,6,5,2787,10
26-2-2020,19.31,Crypto,9,7,4854,10
25-12-2019,1.57,Lifeline,0,0,0,17
27-7-2019,22.34,Caustic,4,2,1323,13
10-9-2020,17.06,Crypto,5,5,2317,1
31-5-2019,5.35,Ash,7,5,3360,16
6-11-2022,13.41,Gibraltar,5,11,5228,12
14-4-2020,20.31,Mad Maggie,9,5,2601,8
2-7-2022,19.31,Bloodhound,7,7,2936,5
27-8-2020,24.6,Caustic,1,9,3184,1
12-8-2021,9.99,Bloodhound,2,6,1502,9
19-7-2021,23.8,Ash,4,3,1722,7
27-8-2019,4.44,Bloodhound,6,6,3922,5
26-6-2019,20.26,Caustic,4,5,2271,1
24-12-2020,21.22,Revenant,6,6,2590,19
7-11-2022,27.76,Crypto,6,17,5696,1
24-11-2022,20.5,Wattson,2,2,874,10
22-5-2020,26.92,Caustic,2,3,1114,16
17-11-2020,11.93,Bloodhound,2,3,1414,12
21-5-2019,3.38,Fuse,4,3,2312,9
25-7-2019,25.74,Gibraltar,9,8,3601,10
28-10-2019,11.73,Lifeline,12,7,5985,9
11-3-2019,10.05,Mad Maggie,6,7,3796,12
31-8-2021,0.01,Fuse,3,0,928,2
13-10-2021,20.14,Fuse,2,2,1315,7
30-1-2021,13.59,Caustic,9,9,5090,11
17-12-2021,12.39,Pathfinder,6,6,4284,5
16-7-2022,4.02,Bangalore,6,4,3112,3
25-7-2019,19.45,Pathfinder,12,6,3978,2
31-1-2022,28.7,Gibraltar,9,8,4741,17
22-10-2020,7.8,Fuse,1,2,805,4
5-10-2021,10.11,Lifeline,1,2,1040,5
26-8-2019,5.23,Fuse,2,5,2146,19
23-1-2022,20.99,Pathfinder,5,3,1799,18
14-9-2022,4.36,Bloodhound,4,8,3556,17
11-8-2020,24.08,Bangalore,8,8,5082,5
17-12-2019,26.52,Wattson,12,13,5495,1
24-6-2020,1.17,Fuse,1,5,1387,1
16-9-2020,15.02,Wattson,5,2,2347,18
16-4-2020,24.63,Bloodhound,6,4,3129,4
25-5-2020,15.7,Revenant,4,3,1555,11
20-6-2020,23.74,Bangalore,6,5,4161,4
22-8-2019,10.96,Bloodhound,5,7,3039,8
25-9-2021,24.44,Gibraltar,7,8,5445,3
28-6-2019,3.96,Caustic,5,0,1806,3
25-3-2022,6.93,Crypto,2,2,1472,11
8-7-2019,26.31,Pathfinder,5,4,3143,10
21-5-2019,6.84,Mad Maggie,3,5,2108,10
19-7-2022,22.03,Gibraltar,7,5,3164,8
20-9-2022,22.4,Wattson,5,5,3327,4
31-5-2022,11.42,Caustic,7,8,3737,2
27-9-2020,25.29,Lifeline,1,4,1638,13
31-12-2021,15.75,Ash,9,4,3685,8
13-7-2019,26.67,Wraith,5,2,1718,4
23-6-2020,4.99,Pathfinder,3,3,1742,4
19-4-2019,10.22,Gibraltar,6,9,5043,7
21-10-2021,6.62,Lifeline,8,10,5164,11
30-6-2019,4.85,Wattson,8,6,4244,3
28-8-2020,5.52,Pathfinder,0,7,2589,12
2-10-2019,3.04,Mad Maggie,1,5,1746,4
19-2-2022,3.61,Ash,3,2,1234,19
6-5-2021,25.24,Bangalore,4,3,2438,12
12-11-2019,1.06,Fuse,6,6,3960,18
18-8-2019,3.55,Caustic,6,5,3792,19
27-12-2021,1.44,Bangalore,6,13,4768,10
2-7-2020,4.87,Wattson,5,0,1903,4
31-3-2022,7.42,Bloodhound,8,4,4177,20
12-1-2022,3.11,Gibraltar,7,7,4474,2
2-5-2022,6.46,Gibraltar,11,5,4066,16
27-7-2021,16.42,Fuse,10,6,6325,6
12-2-2019,19.78,Wraith,5,5,2735,9
14-5-2019,21.68,Ash,8,11,4940,11
16-10-2019,14.55,Lifeline,2,3,1447,10
19-5-2022,21.61,Caustic,4,4,2461,6
21-7-2020,8.75,Mad Maggie,4,2,1927,5
27-7-2021,19.53,Mad Maggie,3,9,3634,19
2-10-2020,19.87,Wattson,10,10,6923,7
15-5-2021,13.01,Revenant,6,5,3680,10
3-3-2019,23.18,Mad Maggie,7,8,2832,12
11-8-2019,6.56,Lifeline,2,1,454,15
28-8-2020,0.46,Revenant,4,1,871,2
21-5-2019,23.43,Wattson,9,5,1751,20
23-12-2020,26.12,Wraith,8,4,1477,14
19-5-2022,5.91,Bloodhound,6,9,1999,2
24-6-2021,19.58,Wraith,12,6,3846,7
9-5-2019,14.82,Fuse,7,12,3267,9
15-10-2020,9.44,Bloodhound,3,0,702,8
12-5-2022,20.01,Pathfinder,4,1,788,16
13-12-2022,3.71,Crypto,4,3,1570,17
1-10-2022,0.79,Bloodhound,11,4,3232,8
4-3-2022,20.91,Wattson,6,6,1801,3
11-9-2019,6.86,Revenant,11,7,3649,20
19-9-2021,8.26,Fuse,9,6,3481,9
11-3-2022,15.82,Crypto,5,7,2044,9
20-12-2021,17.61,Mad Maggie,2,2,375,2
25-12-2021,5.49,Gibraltar,2,7,1542,12
18-5-2021,25.62,Revenant,7,6,2802,19
24-12-2021,10.07,Mad Maggie,8,8,2337,8
16-11-2021,13.51,Caustic,6,5,2238,3
2-2-2020,4.05,Bangalore,14,11,2407,19
11-7-2022,9.37,Gibraltar,2,2,762,5
20-10-2021,4.75,Lifeline,1,5,696,17
5-4-2020,1.76,Lifeline,6,3,1046,14
15-9-2020,9.49,Bloodhound,3,3,1105,11
10-3-2022,17.17,Caustic,10,6,2042,20
14-2-2021,13.42,Ash,6,7,1256,17
26-7-2020,4.53,Revenant,6,6,1104,13
3-11-2022,19.01,Caustic,1,3,862,9
30-4-2020,5.92,Revenant,2,8,1411,2
17-1-2021,0.6,Lifeline,4,3,736,7
1-3-2022,14.38,Lifeline,3,4,1142,12
18-4-2020,26.97,Revenant,4,10,3079,4
26-1-2021,19.18,Wraith,6,8,2986,11
21-4-2020,16.19,Crypto,8,12,4661,14
10-8-2019,15.71,Lifeline,3,4,827,8
27-8-2020,27.93,Crypto,5,3,899,15
18-3-2021,19.63,Lifeline,2,3,896,2
26-8-2020,0.3,Bangalore,3,7,1636,7
22-11-2021,24.05,Pathfinder,5,10,2072,18
25-3-2021,29.66,Pathfinder,12,6,1862,18
1-7-2021,4.99,Crypto,12,6,2664,15
1-1-2021,24.8,Caustic,4,1,1257,20
14-5-2019,14.68,Wattson,2,1,734,6
4-11-2022,16.56,Gibraltar,3,2,719,2
12-12-2022,16.04,Wattson,4,6,2210,7
27-3-2019,28.62,Fuse,5,6,2244,19
26-6-2019,26.96,Revenant,6,11,2917,14
25-1-2020,24.06,Lifeline,9,10,3950,4
30-1-2021,5.75,Wraith,5,1,1478,20
26-8-2022,29.67,Pathfinder,7,2,1518,19
5-6-2021,9.58,Revenant,3,7,2315,4
7-9-2022,11.77,Bloodhound,3,4,1803,2
1-7-2019,14.71,Caustic,5,6,1471,16
22-4-2021,24.89,Gibraltar,5,6,1302,13
20-5-2020,4.42,Lifeline,9,13,5491,5
28-12-2021,5.17,Wraith,1,0,132,2
7-9-2019,25.03,Gibraltar,2,8,2324,15
31-3-2022,20.49,Wattson,3,3,1122,2
31-1-2021,7.7,Mad Maggie,3,3,1553,17
27-1-2021,21.26,Mad Maggie,5,6,1464,5
2-5-2020,15.19,Fuse,6,5,1874,18
15-8-2021,6.04,Pathfinder,6,7,2221,7
27-3-2022,11.57,Lifeline,4,0,964,7
23-9-2022,19.11,Bangalore,7,1,1028,17
6-9-2021,23.71,Pathfinder,2,7,1857,6
20-3-2019,28.33,Caustic,4,8,1926,10
1-9-2019,18.73,Wraith,6,5,2750,9
4-12-2020,11.62,Lifeline,11,6,3202,14
24-8-2019,8.3,Bloodhound,7,7,1876,10
7-12-2019,24.74,Revenant,5,2,1809,3
27-8-2021,2.49,Revenant,2,3,1192,3
23-6-2021,5.48,Crypto,3,6,2441,17
6-12-2021,0.16,Gibraltar,4,4,1602,20
24-9-2022,11.21,Ash,4,5,1508,1
2-3-2019,7.96,Wattson,5,5,2200,20
5-1-2021,27.08,Caustic,11,9,2722,18
23-12-2022,4.77,Mad Maggie,0,3,672,9
23-2-2020,9.73,Lifeline,2,1,770,20
27-11-2022,8.5,Lifeline,3,2,1263,20
2-10-2022,8.54,Pathfinder,4,6,2545,8
13-11-2022,3.56,Mad Maggie,7,4,2318,9
28-6-2020,15.05,Ash,8,6,2827,3
26-9-2022,6.56,Lifeline,10,9,4568,1
3-10-2021,13.51,Mad Maggie,2,1,674,4
21-11-2019,11.87,Fuse,2,4,1208,2
5-7-2020,9.37,Ash,6,6,3154,8
21-9-2022,24.1,Ash,4,7,1839,11
27-3-2019,19.92,Bangalore,5,6,2576,12
20-1-2021,29.75,Pathfinder,13,7,4920,10
30-6-2019,14.91,Mad Maggie,6,6,2708,6
27-1-2021,6.69,Bangalore,0,5,1277,14
26-9-2020,18.49,Bangalore,6,2,1309,6
7-3-2019,11.97,Crypto,5,11,4196,11
23-10-2021,4.15,Pathfinder,7,3,2250,14
10-6-2020,10.55,Pathfinder,6,4,2310,2
6-6-2019,20.22,Revenant,6,10,2505,6
11-6-2021,21.98,Revenant,7,6,3673,5
12-10-2021,19.93,Mad Maggie,2,7,2386,5
