28-7-2020,4.11,Fuse,0,6,591,10
4-8-2021,6.72,Caustic,4,3,632,12
13-3-2021,0.09,Pathfinder,5,7,1313,9
2-11-2021,9.63,Revenant,18,6,3732,20
12-4-2019,17.95,Pathfinder,1,7,1520,6
6-11-2020,1.99,Pathfinder,2,1,610,20
26-11-2019,12.27,Revenant,3,13,1317,11
26-5-2022,25.88,Ash,12,14,2724,2
4-12-2022,13.37,Pathfinder,6,5,2197,15
9-2-2022,5.42,Rampart,10,0,2340,7
24-8-2022,23.48,Valkyrie,6,3,1775,14
26-2-2019,6.66,Bloodhound,10,1,2148,3
13-10-2020,15.45,Gibraltar,1,7,642,13
31-10-2020,29.14,Mad Maggie,7,10,1012,6
3-1-2021,18.11,Horizon,10,10,2836,3
9-3-2020,16.16,Fuse,2,10,1842,3
23-6-2019,1.88,Bangalore,8,3,2059,13
9-3-2019,0.7,Ash,2,4,365,10
19-4-2022,26.78,Fuse,11,2,2960,19
28-12-2022,9.42,Octane,0,3,282,12
2-12-2020,16.96,Caustic,12,4,1393,14
11-3-2021,19.13,Octane,6,3,1701,19
24-3-2022,12.86,Lifeline,3,11,1742,17
11-11-2021,7.33,Mad Maggie,1,18,1426,16
9-5-2020,25.23,Mad Maggie,5,13,2856,13
31-8-2021,0.24,Revenant,3,7,1383,14
9-12-2019,8.03,Bangalore,5,7,1435,19
2-11-2022,5.27,Bloodhound,0,8,1318,17
27-10-2020,25.68,Fuse,4,16,3626,4
13-9-2022,21.04,Fuse,21,2,3533,18
25-2-2019,19.71,Ash,2,4,1000,16
19-6-2019,19.28,Caustic,3,8,1127,6
3-10-2021,12.83,Mirage,2,5,865,10
20-10-2019,0.77,Rampart,10,1,2432,7
12-2-2019,23.7,Bloodhound,14,5,1580,2
22-5-2019,2.01,Valkyrie,4,9,1463,19
10-10-2019,25.35,Bloodhound,11,2,1477,1
13-8-2019,1.11,Bloodhound,0,7,893,11
21-9-2022,15.18,Lifeline,1,1,316,19
9-1-2022,4.49,Revenant,10,6,1719,6
29-7-2022,4.42,Bloodhound,4,7,1401,2
19-1-2022,9.81,Fuse,6,1,601,8
30-3-2020,23.36,Bangalore,3,8,1599,10
23-8-2022,12.83,Fuse,3,2,931,15
2-6-2020,23.34,Wattson,4,9,2016,9
29-9-2020,12.96,Bloodhound,10,4,2586,17
9-7-2022,19.8,Mad Maggie,3,8,1676,7
3-3-2021,14.03,Valkyrie,1,1,143,18
19-1-2022,22.84,Octane,8,3,1198,3
6-11-2021,25.11,Wattson,8,2,2143,18
30-5-2020,7.58,Rampart,0,7,601,12
1-10-2022,19.34,Fuse,1,8,754,9
25-11-2021,11.46,Fuse,1,3,671,1
16-8-2020,27.36,Ash,14,4,2650,13
13-7-2021,21.6,Lifeline,4,5,776,16
11-9-2021,18.7,Bangalore,17,1,3451,9
28-10-2021,0.52,Wattson,3,4,1366,19
15-5-2021,14.06,Gibraltar,1,5,1157,16
6-6-2021,17.89,Mirage,3,1,388,9
2-8-2022,17.42,Octane,4,9,2007,9
25-10-2022,4.41,Fuse,1,0,170,11
20-3-2022,25.16,Octane,9,5,2809,5
26-4-2019,10.19,Revenant,3,1,573,12
22-2-2019,17.69,Caustic,2,17,3519,5
7-2-2022,22.52,Valkyrie,5,9,1035,3
7-6-2021,5.46,Caustic,19,0,3376,6
6-6-2022,22.49,Valkyrie,10,2,1481,20
17-5-2022,14.63,Valkyrie,10,4,1323,18
23-9-2019,10.57,Octane,5,1,980,20
5-2-2022,9.09,Rampart,6,12,1760,13
20-4-2022,13.5,Pathfinder,2,2,749,13
27-1-2022,19.39,Pathfinder,17,3,4406,3
10-2-2021,15.13,Octane,1,2,565,2
26-12-2019,10.26,Ash,4,12,2734,19
26-3-2022,1.99,Mirage,0,5,902,4
3-5-2020,28.01,Fuse,6,6,887,7
13-7-2021,21.18,Bloodhound,13,5,3132,20
30-7-2021,1.74,Bangalore,2,5,1280,13
26-12-2022,16.16,Caustic,2,10,947,11
26-8-2021,11.72,Caustic,8,1,1627,16
24-7-2022,17.09,Lifeline,4,2,1065,14
30-3-2022,3.96,Lifeline,0,2,159,6
31-3-2019,22.14,Revenant,5,7,2216,4
11-7-2019,25.9,Mirage,2,12,2040,9
26-12-2021,11.36,Horizon,2,16,3462,12
12-10-2020,16.45,Caustic,15,1,1471,13
23-12-2019,16.16,Bangalore,5,11,1743,6
29-7-2021,29.14,Bloodhound,12,5,3741,17
26-4-2020,9.95,Revenant,3,11,1424,9
17-11-2021,26.69,Horizon,9,16,5006,7
8-5-2022,26.25,Caustic,3,2,842,5
27-2-2019,9.61,Gibraltar,10,5,1045,14
21-6-2021,20.5,Wattson,11,6,2009,9
15-3-2019,14.0,Bangalore,6,1,1505,1
1-3-2019,8.99,Gibraltar,9,11,4073,15
17-3-2022,16.06,Caustic,14,8,2179,10
21-5-2019,20.49,Octane,3,6,1375,17
30-1-2021,17.06,Fuse,5,7,2132,18
18-2-2019,14.47,Mad Maggie,12,7,2826,14
21-12-2019,12.88,Mirage,2,3,412,6
15-8-2021,12.75,Wattson,10,7,1229,16
1-11-2020,27.83,Pathfinder,2,16,3273,10
4-6-2022,29.31,Horizon,2,3,771,17
24-3-2022,1.61,Revenant,3,13,1268,17
15-5-2022,0.97,Ash,11,0,2434,19
31-3-2021,12.95,Caustic,3,3,1190,3
2-6-2020,21.75,Mirage,16,14,1844,7
25-3-2022,2.34,Revenant,2,6,1216,15
2-3-2021,25.61,Revenant,4,5,551,5
15-11-2022,28.26,Horizon,2,4,853,19
11-2-2019,28.29,Mirage,2,2,600,15
30-7-2021,15.75,Wattson,2,3,328,3
15-6-2022,27.86,Gibraltar,2,2,595,15
8-8-2020,21.07,Caustic,7,3,1100,12
13-5-2019,11.95,Gibraltar,3,12,997,3
17-3-2019,27.41,Octane,7,3,697,7
20-12-2021,5.11,Pathfinder,2,0,207,12
8-2-2022,22.12,Ash,5,17,2252,6
24-3-2022,20.35,Ash,3,2,1100,17
2-2-2021,10.99,Gibraltar,9,11,3949,1
23-10-2019,26.03,Wraith,3,18,2054,5
30-3-2019,14.79,Rampart,3,8,1348,18
17-7-2021,1.84,Caustic,6,10,958,19
25-8-2020,27.88,Mad Maggie,3,2,539,1
10-5-2021,17.74,Ash,1,12,1753,12
30-4-2021,0.69,Octane,0,6,751,9
24-5-2020,17.29,Pathfinder,2,3,473,8
31-5-2020,1.9,Wraith,0,4,434,5
12-10-2019,6.82,Caustic,9,1,1385,12
9-5-2021,3.6,Pathfinder,7,11,1611,10
17-1-2020,29.17,Octane,4,4,1288,1
4-3-2020,5.69,Ash,14,0,2467,1
19-6-2020,18.38,Pathfinder,2,4,707,7
25-9-2021,24.7,Horizon,12,4,3062,9
2-9-2021,7.57,Ash,6,2,1718,15
26-2-2021,23.34,Pathfinder,11,11,2538,18
5-7-2021,28.28,Bloodhound,3,5,1033,10
6-10-2022,1.78,Octane,1,1,160,18
10-10-2020,4.17,Valkyrie,7,0,755,17
20-12-2020,27.14,Lifeline,3,15,1208,5
30-8-2021,3.28,Gibraltar,9,9,3160,6
7-6-2020,23.17,Rampart,4,3,472,11
12-12-2020,9.62,Bangalore,4,1,512,2
21-3-2020,7.98,Wraith,4,4,621,5
23-4-2020,24.97,Wattson,3,5,640,1
6-12-2022,23.68,Octane,10,14,4735,10
30-9-2020,13.64,Wraith,13,4,2349,5
12-7-2021,0.64,Bloodhound,0,0,0,10
1-12-2020,12.41,Horizon,2,5,1394,19
27-7-2019,21.87,Horizon,8,9,2197,14
11-10-2019,11.75,Octane,13,11,4451,10
24-6-2020,1.04,Caustic,3,2,1061,20
8-8-2019,24.27,Caustic,3,10,2483,10
12-3-2019,10.29,Fuse,7,7,1343,17
6-11-2022,12.26,Wattson,13,15,3690,3
27-5-2022,27.0,Horizon,7,8,2212,12
18-5-2020,14.07,Mad Maggie,14,14,5341,19
13-3-2022,19.46,Valkyrie,13,10,3894,2
13-4-2019,3.67,Pathfinder,1,0,118,17
14-5-2022,18.72,Bangalore,12,3,1364,1
22-8-2020,12.86,Lifeline,16,3,3507,5
20-7-2020,11.19,Octane,11,2,1004,2
21-3-2021,21.63,Ash,8,3,1732,1
24-11-2020,21.84,Gibraltar,6,3,1568,7
2-4-2022,25.01,Fuse,12,11,2951,19
11-12-2021,13.84,Bangalore,5,7,2188,14
14-12-2022,23.87,Caustic,6,6,1787,14
19-4-2020,22.49,Horizon,10,10,2053,12
10-4-2020,24.04,Octane,4,3,776,12
19-9-2022,20.31,Rampart,17,4,2472,16
8-6-2022,5.6,Wraith,12,0,1571,19
12-2-2022,5.76,Bangalore,6,3,944,1
18-7-2020,14.73,Bloodhound,6,4,977,4
26-1-2021,20.83,Bangalore,3,2,653,6
22-8-2019,11.17,Ash,4,14,1384,3
25-3-2019,1.07,Lifeline,16,0,2087,12
30-3-2022,8.12,Octane,10,0,2094,2
11-3-2020,24.64,Caustic,10,3,2313,7
8-1-2020,29.01,Bloodhound,6,12,3193,13
17-8-2019,24.76,Caustic,19,7,2051,17
18-6-2020,16.06,Wattson,5,14,2575,5
11-5-2020,22.33,Horizon,6,3,565,8
12-3-2022,18.33,Mad Maggie,3,14,2451,18
24-5-2020,23.86,Horizon,3,4,1201,17
20-3-2022,28.36,Bloodhound,11,4,1053,9
18-8-2021,24.38,Gibraltar,3,2,860,17
6-2-2021,26.97,Octane,5,11,833,5
1-8-2019,3.9,Wattson,3,4,504,19
1-1-2020,9.98,Bangalore,2,2,785,20
25-6-2019,11.19,Wraith,9,7,1367,20
2-9-2019,14.11,Ash,9,16,4267,14
8-11-2019,4.35,Caustic,8,2,2092,1
22-11-2022,1.76,Lifeline,12,0,2408,8
23-8-2019,24.74,Revenant,4,4,990,11
29-7-2020,11.18,Mirage,4,10,1272,8
2-10-2019,1.67,Lifeline,1,4,926,2
3-6-2020,6.78,Wraith,2,5,1223,6
27-4-2021,22.31,Ash,3,6,1243,6
29-10-2020,4.76,Valkyrie,0,7,720,13
15-4-2022,13.22,Mirage,10,2,2707,7
14-8-2019,27.71,Revenant,13,2,1237,19
29-1-2020,9.48,Octane,14,17,1662,18
25-7-2022,10.67,Lifeline,3,3,467,8
6-5-2020,19.35,Pathfinder,5,6,2060,6
14-10-2020,21.22,Bangalore,3,3,583,3
29-9-2021,29.44,Horizon,12,11,2304,12
30-9-2019,2.44,Valkyrie,1,0,145,14
14-3-2021,3.58,Fuse,15,11,3646,10
20-6-2021,4.19,Bangalore,3,2,875,18
18-9-2020,29.28,Mirage,12,6,3381,1
26-6-2021,17.64,Mirage,3,18,2050,14
28-9-2021,12.92,Wraith,13,9,2984,20
14-2-2019,24.38,Valkyrie,5,15,2530,17
13-5-2020,14.36,Wraith,4,4,1432,10
8-11-2021,20.08,Revenant,6,4,790,17
15-3-2020,28.57,Wraith,2,2,551,13
23-11-2020,6.28,Fuse,13,15,3390,2
4-6-2020,16.28,Gibraltar,1,7,540,14
10-10-2022,3.35,Wraith,0,4,217,11
26-6-2021,11.91,Octane,8,4,2265,13
12-9-2022,18.03,Gibraltar,19,7,4311,12
28-2-2019,8.96,Caustic,9,7,2003,10
11-9-2019,19.43,Mad Maggie,6,1,771,12
11-11-2022,9.85,Bangalore,0,2,266,7
8-6-2019,25.94,Wraith,4,6,1894,15
9-7-2020,21.93,Fuse,6,2,1111,9
25-8-2022,28.21,Octane,12,7,3132,13
18-7-2022,12.61,Mad Maggie,1,1,217,11
16-12-2019,2.63,Fuse,2,8,1045,8
20-8-2022,6.16,Wraith,6,8,2119,15
2-10-2022,2.74,Lifeline,1,0,216,9
3-7-2020,27.84,Valkyrie,12,7,3753,4
28-10-2019,17.41,Bloodhound,5,4,607,1
20-8-2022,13.82,Horizon,3,10,1147,9
27-7-2019,5.69,Octane,4,0,411,4
10-7-2021,4.18,Wraith,3,1,821,6
27-10-2022,1.08,Lifeline,9,12,3130,10
17-5-2022,7.71,Fuse,4,10,2205,4
14-12-2019,24.92,Mad Maggie,9,7,1738,1
24-1-2022,0.32,Octane,1,10,631,7
30-1-2020,21.59,Mad Maggie,4,14,2262,2
5-6-2022,24.49,Gibraltar,15,6,1222,13
25-4-2020,6.36,Rampart,12,2,2931,17
19-2-2019,28.49,Valkyrie,3,2,1012,10
31-8-2020,14.38,Lifeline,5,2,1297,11
11-4-2021,25.58,Lifeline,16,2,3096,15
28-1-2022,22.43,Mirage,10,6,1868,3
9-4-2019,12.74,Wattson,4,13,2370,11
5-4-2019,5.4,Rampart,1,5,836,7
8-6-2020,20.14,Bloodhound,2,9,1034,12
30-1-2021,29.59,Revenant,15,14,1726,4
15-4-2019,22.05,Lifeline,8,2,1013,10
12-6-2021,29.82,Valkyrie,16,11,2097,18
18-1-2020,12.6,Bloodhound,8,2,1692,3
14-2-2021,23.16,Wraith,2,2,814,20
16-6-2019,28.07,Revenant,4,15,3468,13
31-8-2020,28.44,Octane,7,4,794,20
4-1-2020,27.34,Bangalore,2,4,387,13
29-8-2019,1.1,Fuse,11,2,984,11
6-4-2021,29.28,Bloodhound,4,14,2733,6
26-4-2021,14.46,Bloodhound,8,3,811,15
21-2-2021,29.51,Valkyrie,2,5,1407,2
14-8-2022,8.05,Rampart,5,2,593,5
2-9-2020,27.41,Wattson,10,3,1443,1
14-8-2019,2.09,Wattson,4,3,1579,14
21-4-2021,21.73,Octane,4,6,1571,20
24-12-2019,24.31,Wattson,4,21,3329,18
31-1-2021,7.64,Fuse,10,0,1553,2
26-10-2021,0.32,Octane,4,4,1027,18
15-5-2020,17.92,Octane,9,1,669,3
3-10-2022,6.87,Rampart,1,0,82,4
17-11-2020,23.61,Ash,2,14,1172,2
19-10-2021,17.2,Bangalore,2,2,461,11
19-5-2020,10.59,Ash,4,10,1942,20
28-2-2021,26.42,Lifeline,3,15,1153,15
2-10-2021,29.93,Bloodhound,2,8,1458,9
27-12-2020,3.56,Octane,6,12,2789,4
12-1-2022,16.62,Horizon,8,16,3850,3
9-9-2021,29.7,Gibraltar,4,12,1700,2
14-8-2020,0.55,Lifeline,7,4,894,8
30-4-2019,1.59,Lifeline,7,2,1883,10
3-1-2021,27.89,Valkyrie,4,4,911,4
15-6-2021,1.37,Mad Maggie,0,0,0,8
7-11-2019,26.24,Lifeline,5,2,1060,15
11-8-2021,16.45,Mirage,5,9,1638,18
4-6-2022,13.02,Bloodhound,9,1,756,2
27-1-2022,23.04,Ash,2,2,713,3
29-11-2019,15.37,Mad Maggie,5,12,1750,10
31-5-2020,11.89,Caustic,3,8,1343,12
4-3-2019,2.9,Bangalore,1,7,1429,7
22-2-2021,18.35,Mirage,12,4,3567,7
28-12-2022,15.31,Bloodhound,10,15,2570,19
3-1-2022,9.89,Rampart,3,0,303,9
27-5-2022,11.26,Lifeline,1,14,924,20
18-7-2021,15.43,Gibraltar,18,9,4769,13
31-7-2020,10.25,Lifeline,1,2,330,5
12-6-2022,17.83,Caustic,7,1,1044,6
30-6-2022,28.14,Revenant,18,5,2539,18
6-2-2020,15.3,Caustic,6,2,757,19
6-2-2020,7.49,Pathfinder,1,10,762,20
19-8-2021,22.2,Gibraltar,3,3,392,13
23-4-2022,25.54,Rampart,8,8,2401,7
18-10-2022,17.53,Rampart,1,1,325,19
22-4-2021,21.33,Fuse,8,13,4191,20
5-9-2020,11.98,Gibraltar,5,1,354,10
14-6-2022,25.67,Revenant,5,3,533,2
5-9-2020,25.32,Wattson,4,5,1232,7
26-7-2021,14.63,Octane,6,9,2456,11
29-5-2022,23.49,Bangalore,5,17,1756,3
25-9-2019,1.6,Mirage,0,1,131,17
15-8-2022,8.51,Ash,13,6,3373,9
21-3-2020,16.02,Wattson,4,10,2758,8
9-2-2020,4.77,Wraith,8,4,701,8
29-9-2019,13.22,Lifeline,1,16,1282,15
11-7-2020,7.33,Bloodhound,1,0,135,15
25-4-2019,13.1,Valkyrie,1,8,772,1
4-5-2022,11.74,Bangalore,2,5,620,7
3-9-2021,28.15,Revenant,8,11,2232,10
2-11-2021,1.0,Wattson,1,2,424,18
24-1-2021,15.76,Gibraltar,7,13,3620,20
11-5-2021,5.98,Pathfinder,3,12,1110,10
8-10-2022,24.3,Caustic,9,4,1794,4
3-5-2022,24.91,Rampart,2,10,1043,18
17-11-2019,11.3,Mirage,6,2,1292,14
27-5-2020,26.75,Caustic,15,2,3849,6
21-3-2021,13.6,Valkyrie,16,12,4576,16
14-4-2022,17.85,Caustic,5,1,1022,7
6-11-2022,5.77,Octane,7,9,1971,14
11-12-2019,17.66,Mad Maggie,2,2,767,14
1-2-2021,25.75,Valkyrie,15,12,3827,2
30-1-2022,2.14,Pathfinder,1,14,1309,12
30-9-2022,17.9,Caustic,9,2,2223,7
29-4-2020,28.14,Wattson,7,2,950,4
12-7-2021,15.57,Mirage,7,5,2264,18
4-3-2021,19.92,Valkyrie,15,16,2417,1
23-6-2019,23.83,Mad Maggie,4,3,1369,15
27-4-2019,26.53,Bangalore,2,4,689,16
1-3-2020,7.12,Mirage,0,8,626,8
12-9-2022,13.16,Wattson,11,4,2817,15
6-9-2019,5.3,Bangalore,2,5,911,4
15-2-2020,6.97,Bloodhound,2,5,379,11
7-10-2021,13.47,Lifeline,18,2,2178,5
9-7-2021,21.03,Revenant,3,2,897,14
24-11-2022,24.04,Rampart,10,6,2227,16
17-6-2019,18.37,Caustic,18,3,2042,1
31-8-2019,18.08,Bloodhound,11,13,3801,13
3-1-2020,28.36,Horizon,4,15,2716,20
16-12-2019,19.03,Octane,7,10,2367,4
24-7-2022,4.63,Gibraltar,14,9,1417,20
1-3-2020,17.65,Mad Maggie,1,1,435,15
18-6-2021,27.58,Valkyrie,13,3,3162,2
17-6-2020,22.86,Octane,6,9,1848,19
20-12-2019,16.96,Caustic,1,4,641,2
14-7-2020,21.49,Horizon,13,10,3618,10
1-5-2022,9.26,Octane,4,1,855,11
11-5-2019,24.39,Pathfinder,15,4,4086,9
1-3-2019,16.06,Bangalore,3,3,1110,1
18-9-2020,13.09,Valkyrie,10,17,5549,5
23-5-2022,17.76,Pathfinder,2,10,1802,8
4-3-2019,9.16,Octane,3,2,949,15
4-12-2020,22.98,Horizon,3,5,1022,9
30-6-2020,29.31,Rampart,9,4,1552,1
30-10-2019,5.94,Horizon,8,7,1941,7
10-9-2020,21.12,Wraith,10,6,3282,13
13-4-2019,27.18,Lifeline,9,11,3508,16
4-5-2022,25.75,Rampart,2,2,291,4
27-1-2020,23.38,Fuse,20,8,3558,4
23-5-2022,22.97,Bangalore,14,3,1093,3
9-6-2022,22.19,Wraith,4,3,893,13
19-1-2021,19.36,Valkyrie,1,1,413,1
11-11-2022,6.18,Bangalore,2,10,1082,7
20-8-2021,14.05,Wraith,1,1,192,10
30-12-2019,20.95,Fuse,4,4,813,9
31-12-2022,29.76,Bloodhound,6,3,673,1
16-4-2022,11.83,Wraith,1,2,408,7
27-2-2020,5.95,Wattson,5,5,893,8
5-2-2021,23.67,Mad Maggie,12,2,3265,5
20-11-2021,3.93,Valkyrie,6,1,914,3
12-3-2022,0.29,Caustic,2,0,127,3
11-2-2021,4.26,Mirage,0,6,396,1
28-11-2020,23.52,Bangalore,3,2,399,4
4-8-2022,4.39,Ash,2,0,233,5
13-3-2020,25.1,Wraith,13,6,3720,2
16-11-2021,27.71,Gibraltar,5,3,1404,4
30-7-2019,5.46,Fuse,0,11,1591,15
27-9-2019,19.33,Mirage,15,7,1770,10
16-12-2019,16.45,Fuse,11,4,896,5
20-8-2019,0.29,Ash,4,3,1444,8
4-11-2019,14.24,Bloodhound,4,7,971,8
12-3-2021,25.75,Gibraltar,10,3,2286,12
2-1-2020,23.31,Gibraltar,3,2,843,12
3-9-2022,28.2,Caustic,5,12,976,19
1-2-2021,22.14,Wraith,11,7,2879,15
15-9-2022,0.38,Octane,0,14,2600,20
29-6-2020,6.16,Mirage,6,12,1873,11
26-8-2020,10.51,Gibraltar,5,2,515,3
23-7-2021,9.68,Revenant,2,1,469,8
20-8-2019,13.57,Pathfinder,1,4,979,17
25-4-2020,22.83,Lifeline,2,2,424,6
20-11-2020,11.94,Lifeline,2,11,1096,7
24-11-2020,21.49,Gibraltar,4,10,2331,12
1-2-2020,24.68,Rampart,3,10,1621,19
23-3-2022,0.98,Caustic,4,0,634,20
25-4-2020,4.83,Octane,7,1,845,1
14-2-2022,28.15,Wraith,16,6,4349,17
20-3-2019,25.74,Horizon,8,9,1187,10
8-3-2019,0.12,Bloodhound,9,4,1255,2
8-12-2021,26.99,Gibraltar,2,7,1609,11
28-9-2020,29.79,Valkyrie,10,12,3698,4
10-3-2021,19.63,Valkyrie,3,17,1944,13
1-2-2021,27.07,Valkyrie,3,15,3095,15
14-3-2019,29.21,Octane,8,5,1215,13
26-8-2022,17.76,Gibraltar,3,7,635,4
2-1-2020,8.76,Wraith,4,9,758,18
19-1-2022,6.44,Revenant,7,0,1038,4
26-1-2020,3.41,Mad Maggie,10,7,1658,4
25-12-2021,0.02,Bloodhound,4,6,787,14
16-12-2020,20.06,Lifeline,12,5,3663,1
16-7-2022,26.22,Mirage,7,9,3325,20
14-11-2022,25.68,Wattson,2,4,404,20
29-6-2019,28.73,Gibraltar,15,17,2456,11
3-7-2022,30.0,Lifeline,5,5,2031,5
31-1-2022,0.17,Rampart,5,2,1559,6
10-4-2019,7.67,Bloodhound,0,5,342,9
16-7-2019,15.76,Valkyrie,4,4,715,2
26-1-2022,14.17,Valkyrie,1,1,389,5
24-3-2022,20.29,Valkyrie,6,4,1903,5
7-10-2020,5.29,Mad Maggie,1,17,1736,20
9-10-2019,5.04,Revenant,0,3,450,4
1-9-2022,22.37,Mad Maggie,5,9,1943,13
26-1-2022,12.1,Pathfinder,4,5,711,18
20-5-2021,22.06,Ash,5,3,1488,5
28-5-2019,10.79,Wraith,1,2,168,19
11-11-2019,17.57,Gibraltar,2,1,620,15
9-2-2021,2.15,Gibraltar,10,0,1895,10
20-2-2021,29.64,Mirage,4,3,452,13
15-9-2022,9.68,Wraith,6,14,3474,3
4-9-2022,10.97,Rampart,7,8,1312,7
17-10-2020,9.24,Valkyrie,0,13,2001,9
15-8-2021,13.95,Ash,6,11,2594,17
29-7-2020,7.72,Pathfinder,5,9,2504,6
20-6-2022,19.78,Bloodhound,8,3,998,14
23-4-2021,19.91,Valkyrie,4,2,736,14
17-11-2020,25.58,Wraith,6,7,1736,11
4-8-2022,0.84,Horizon,0,2,162,7
20-12-2020,24.51,Revenant,3,2,840,6
18-1-2020,20.65,Bangalore,3,2,819,9
30-11-2021,19.32,Bangalore,5,10,1991,7
12-4-2020,23.31,Mad Maggie,9,12,2879,1
9-2-2021,9.38,Mirage,5,1,1034,7
25-5-2019,22.8,Mad Maggie,6,2,1316,6
15-11-2021,22.44,Bangalore,10,4,2134,6
5-2-2022,29.13,Bloodhound,3,15,1380,16
30-11-2021,15.75,Mad Maggie,1,11,632,5
18-8-2019,11.18,Rampart,6,2,643,15
30-6-2019,0.16,Horizon,1,5,1046,17
30-5-2020,20.14,Wraith,3,3,724,16
27-4-2019,23.55,Pathfinder,8,11,2210,6
21-6-2021,24.94,Wattson,15,2,1331,16
26-2-2022,6.31,Bangalore,0,1,167,8
27-4-2019,27.87,Wraith,7,8,1308,6
6-8-2020,27.83,Mad Maggie,2,6,1457,2
28-11-2019,26.59,Pathfinder,10,2,2132,6
31-8-2020,19.35,Revenant,8,9,1133,2
29-7-2020,5.64,Rampart,1,1,152,4
25-4-2020,21.52,Wattson,2,8,861,1
23-10-2022,12.77,Wraith,2,4,985,5
31-3-2021,23.88,Fuse,2,2,388,15
18-10-2021,16.43,Valkyrie,13,7,2993,4
3-10-2022,26.55,Valkyrie,6,2,1050,12
28-3-2021,3.99,Lifeline,1,1,226,20
28-10-2022,28.79,Valkyrie,5,4,834,8
6-7-2021,21.06,Valkyrie,2,2,703,7
20-2-2019,23.16,Lifeline,2,11,1484,14
18-5-2021,11.36,Gibraltar,12,6,1083,5
1-7-2020,9.71,Mad Maggie,0,4,707,10
19-10-2021,27.98,Wattson,4,12,836,16
16-6-2020,11.0,Mirage,1,6,1035,15
27-6-2019,9.45,Mirage,0,2,208,15
1-1-2020,3.24,Pathfinder,6,3,1303,19
26-5-2019,14.69,Pathfinder,2,16,997,16
30-3-2019,23.77,Caustic,11,2,1369,17
15-3-2019,22.09,Ash,7,2,784,17
1-8-2019,2.18,Mad Maggie,4,1,502,16
16-9-2021,18.13,Ash,4,7,2134,10
13-10-2020,28.8,Bloodhound,2,3,952,6
17-9-2020,9.29,Lifeline,6,1,1559,18
29-5-2022,25.95,Fuse,3,10,1484,11
31-12-2022,1.49,Mirage,4,9,1741,18
14-9-2019,28.45,Mad Maggie,4,2,990,7
15-8-2021,7.96,Pathfinder,0,1,60,12
28-4-2019,12.64,Horizon,5,3,902,7
28-3-2022,21.68,Caustic,4,4,992,12
25-2-2022,25.14,Ash,2,3,676,14
18-9-2019,13.51,Fuse,4,1,305,8
14-3-2021,13.1,Valkyrie,3,2,836,4
11-12-2021,29.31,Fuse,9,12,2912,13
3-7-2021,8.24,Wraith,1,4,498,2
15-11-2021,22.65,Valkyrie,2,9,571,19
28-5-2019,24.69,Mad Maggie,5,4,1196,1
28-6-2019,4.26,Bloodhound,8,0,1130,8
11-6-2019,5.87,Lifeline,0,8,1279,6
9-8-2019,5.17,Rampart,0,4,251,3
5-3-2022,10.04,Mad Maggie,1,4,937,3
26-11-2019,27.91,Bangalore,8,16,3266,10
19-9-2019,15.73,Gibraltar,1,1,182,6
8-10-2019,1.12,Horizon,4,2,920,7
17-2-2019,25.61,Rampart,2,10,1141,9
24-12-2022,10.37,Mirage,6,1,854,15
12-8-2022,17.23,Wattson,5,5,1366,17
14-5-2022,22.19,Mirage,4,2,524,19
9-7-2021,10.48,Pathfinder,11,11,2676,19
25-10-2020,22.33,Gibraltar,4,8,1789,14
30-3-2021,26.29,Valkyrie,2,6,928,15
7-4-2019,2.35,Bloodhound,4,0,718,12
6-9-2021,28.93,Mirage,4,2,1123,1
31-8-2022,24.39,Lifeline,4,3,924,10
12-6-2019,9.18,Lifeline,2,7,745,5
12-2-2021,19.96,Horizon,3,2,531,5
19-10-2021,18.48,Wattson,8,6,2920,16
10-12-2019,1.17,Pathfinder,0,0,0,15
22-11-2021,19.27,Horizon,1,10,1606,16
18-11-2021,18.62,Wraith,3,5,1010,8
25-6-2019,27.21,Gibraltar,7,8,1100,16
23-5-2022,22.93,Caustic,21,2,1525,2
24-12-2022,3.29,Wattson,5,0,1092,1
24-6-2020,27.74,Wattson,4,12,2957,2
22-8-2022,15.85,Gibraltar,3,7,1380,18
6-7-2021,2.83,Lifeline,2,0,234,6
12-9-2020,25.67,Bloodhound,13,2,3165,14
6-1-2022,15.25,Bloodhound,14,9,4963,10
19-1-2022,9.78,Revenant,5,1,682,20
5-1-2021,9.47,Octane,1,7,1438,13
16-4-2021,19.35,Lifeline,1,3,662,7
24-4-2022,12.77,Horizon,16,8,1647,7
1-11-2019,8.55,Wattson,0,9,1360,12
21-5-2021,10.0,Wraith,11,3,2671,2
27-6-2022,0.68,Rampart,3,1,714,7
19-5-2019,25.22,Rampart,8,12,3233,2
19-11-2021,5.69,Valkyrie,3,2,779,14
6-12-2022,19.07,Octane,1,6,1160,1
27-8-2020,24.15,Wattson,2,5,996,15
26-9-2021,5.63,Caustic,14,19,1862,3
21-12-2019,14.14,Fuse,3,12,2941,17
3-12-2021,24.31,Octane,3,11,2579,4
15-7-2020,26.83,Mirage,2,9,939,3
16-11-2019,5.59,Bloodhound,0,0,0,18
26-7-2019,15.32,Lifeline,5,15,2297,14
12-11-2019,6.79,Bloodhound,10,9,3231,17
14-9-2019,9.6,Gibraltar,2,9,2161,4
3-7-2022,19.48,Caustic,5,2,383,12
15-6-2019,29.7,Lifeline,11,14,1797,13
17-7-2021,13.51,Mad Maggie,5,10,1873,17
5-11-2019,9.99,Gibraltar,0,5,951,5
13-7-2021,1.55,Horizon,10,5,2697,20
18-6-2021,16.45,Caustic,2,7,1461,13
12-11-2020,22.05,Ash,9,4,1364,7
16-10-2022,6.63,Caustic,2,0,317,1
25-1-2020,9.74,Pathfinder,7,0,1100,6
22-4-2020,11.93,Horizon,10,2,1038,15
27-5-2021,27.74,Mirage,2,9,728,1
28-2-2021,29.94,Caustic,6,9,957,7
25-6-2021,25.95,Octane,2,5,938,9
4-3-2021,25.5,Wattson,5,7,2177,4
25-3-2020,4.07,Bangalore,8,4,719,15
19-7-2022,18.59,Revenant,1,3,413,1
27-4-2019,19.92,Fuse,5,5,1092,10
3-4-2019,9.56,Revenant,4,0,908,4
11-10-2020,29.91,Lifeline,14,3,1030,20
1-9-2020,15.47,Wraith,11,10,3096,14
1-11-2020,11.92,Bangalore,4,13,2810,11
20-12-2020,23.41,Gibraltar,8,2,1061,9
30-1-2022,9.01,Pathfinder,8,0,1420,13
13-7-2022,14.56,Bangalore,19,1,4246,15
12-5-2019,3.09,Gibraltar,13,3,3473,12
30-11-2022,19.83,Revenant,4,1,921,16
10-8-2022,5.29,Bloodhound,4,3,548,17
16-3-2021,3.15,Ash,0,1,97,7
25-9-2021,3.04,Fuse,0,0,0,10
26-8-2021,13.06,Mad Maggie,6,3,1427,6
3-3-2020,4.99,Revenant,6,2,1221,19
21-2-2020,28.59,Ash,12,2,2620,4
22-11-2021,13.86,Bangalore,1,11,1476,7
17-11-2021,29.22,Ash,4,3,1006,2
13-6-2021,4.91,Bloodhound,2,5,1382,15
28-9-2020,10.62,Caustic,10,7,1024,15
5-8-2019,5.51,Ash,10,2,2457,13
18-4-2022,17.84,Caustic,8,1,1533,17
7-7-2021,8.8,Rampart,4,4,600,18
7-6-2022,27.22,Revenant,2,3,456,8
7-4-2021,24.93,Ash,18,7,3520,2
22-3-2020,11.73,Rampart,1,1,382,8
17-7-2022,20.75,Valkyrie,3,8,589,5
9-3-2019,25.8,Octane,2,8,734,10
10-6-2020,21.39,Horizon,2,4,475,17
12-1-2022,1.93,Mad Maggie,0,10,1582,15
20-9-2019,19.13,Gibraltar,10,5,2900,18
1-1-2020,23.17,Ash,6,4,1983,6
26-2-2021,9.79,Mirage,6,2,1235,3
12-11-2022,24.77,Fuse,2,6,1580,12
27-6-2021,18.75,Horizon,2,1,467,20
27-5-2020,8.85,Lifeline,10,11,2438,7
21-3-2020,6.42,Octane,0,0,0,3
7-4-2022,14.41,Revenant,5,4,1674,17
20-1-2021,13.42,Ash,4,4,1652,17
16-11-2019,9.3,Lifeline,8,0,1564,2
30-7-2021,2.49,Pathfinder,4,0,489,16
1-12-2020,17.27,Fuse,4,7,937,3
15-8-2020,7.0,Horizon,2,4,1148,8
30-8-2020,1.48,Pathfinder,10,1,2436,19
23-2-2022,3.42,Caustic,3,0,405,1
7-4-2021,5.86,Caustic,2,6,1141,19
20-7-2020,15.02,Pathfinder,1,4,871,1
22-11-2021,13.23,Mirage,1,6,880,16
23-10-2022,23.96,Mirage,8,3,2012,20
8-4-2020,3.14,Valkyrie,7,5,2261,13
24-12-2019,9.17,Gibraltar,0,0,0,4
23-10-2022,2.25,Revenant,0,6,529,11
29-12-2019,21.99,Bloodhound,15,4,3312,9
15-9-2021,29.88,Lifeline,4,2,1234,14
23-8-2021,26.93,Valkyrie,9,2,1784,15
18-7-2021,6.12,Horizon,8,0,1178,4
1-6-2022,7.59,Octane,4,1,370,14
11-9-2019,27.3,Pathfinder,2,9,1402,14
16-11-2020,22.66,Valkyrie,13,5,3594,19
23-2-2019,0.04,Pathfinder,0,13,2352,14
5-5-2022,0.1,Octane,0,1,149,5
1-12-2022,16.03,Mirage,1,2,622,2
1-3-2022,20.17,Fuse,4,21,3581,8
21-9-2022,3.11,Caustic,17,3,4064,20
4-5-2020,12.28,Wraith,1,1,344,18
25-1-2021,3.66,Ash,1,1,404,7
23-4-2021,9.14,Caustic,2,3,561,17
8-7-2022,25.27,Wraith,2,2,482,16
14-4-2021,23.44,Gibraltar,8,2,1557,2
30-12-2020,15.54,Caustic,1,1,157,17
4-5-2019,15.85,Caustic,1,6,804,3
9-7-2020,19.6,Ash,1,4,999,6
8-5-2022,27.67,Horizon,3,8,1665,18
2-9-2022,22.22,Ash,17,2,2932,7
18-2-2022,25.9,Bloodhound,8,13,2124,13
14-7-2019,2.7,Ash,0,3,243,5
17-12-2021,8.12,Lifeline,0,1,67,12
11-8-2019,12.05,Lifeline,13,4,3012,4
29-6-2021,27.62,Fuse,2,8,705,2
3-11-2020,21.06,Bangalore,5,3,874,3
18-12-2021,25.04,Gibraltar,3,3,1151,2
5-3-2021,9.34,Fuse,0,0,0,4
7-10-2020,21.13,Mad Maggie,5,12,2274,2
7-3-2019,29.56,Caustic,2,8,591,19
20-2-2019,18.54,Rampart,19,5,3665,1
23-2-2022,19.52,Lifeline,11,1,2438,17
3-10-2019,23.27,Bloodhound,11,5,1870,6
17-1-2021,10.72,Octane,3,3,547,4
15-6-2019,9.74,Mirage,5,4,659,18
1-7-2022,2.51,Rampart,2,0,458,6
26-10-2020,7.48,Revenant,2,10,2262,7
1-9-2022,15.09,Rampart,9,3,2338,3
17-10-2020,0.58,Pathfinder,4,0,900,6
11-9-2022,25.6,Valkyrie,3,14,2046,9
2-2-2022,26.16,Mad Maggie,5,11,2533,15
22-1-2021,3.76,Revenant,0,1,110,12
14-1-2020,13.11,Ash,5,7,1835,14
25-12-2020,24.11,Wattson,5,15,1459,7
10-5-2019,15.28,Lifeline,4,1,754,14
13-4-2021,3.82,Caustic,12,3,1596,16
13-4-2021,25.1,Gibraltar,20,2,1493,15
20-1-2022,29.7,Caustic,2,4,1108,19
28-11-2020,20.84,Valkyrie,3,2,919,15
23-10-2020,5.23,Lifeline,1,5,477,8
22-9-2020,0.41,Fuse,7,0,1117,12
5-4-2022,20.43,Mirage,8,2,1358,2
6-7-2021,23.27,Rampart,2,11,1285,14
7-8-2020,25.0,Bloodhound,6,12,3019,14
9-8-2021,28.92,Fuse,5,5,1030,15
15-8-2021,16.99,Mad Maggie,1,1,437,11
19-2-2022,1.62,Mirage,5,3,1548,3
9-4-2022,24.47,Caustic,2,9,1262,7
2-5-2019,17.04,Wraith,1,14,2575,14
9-6-2021,22.99,Wraith,2,4,791,10
24-4-2019,24.17,Horizon,11,7,3931,9
1-10-2020,19.47,Mirage,4,1,825,18
11-1-2020,8.47,Wattson,1,3,498,9
11-11-2022,15.59,Caustic,14,5,2110,1
28-11-2019,25.71,Pathfinder,8,16,1815,19
17-6-2019,5.75,Bangalore,0,0,0,8
16-8-2021,8.87,Lifeline,1,2,600,10
2-6-2020,5.0,Wattson,11,4,853,18
20-4-2019,20.24,Mad Maggie,2,3,462,16
2-1-2020,14.62,Bloodhound,4,6,1307,14
13-11-2019,23.39,Wraith,6,2,552,17
7-12-2022,22.66,Wraith,14,5,2889,12
22-6-2021,22.38,Horizon,3,17,2538,12
20-10-2019,19.95,Mad Maggie,7,3,1270,19
14-11-2021,24.54,Rampart,13,3,3627,11
11-3-2019,11.89,Lifeline,14,2,2705,4
30-8-2021,5.96,Gibraltar,3,7,1146,14
27-1-2022,26.67,Valkyrie,8,17,2249,4
25-7-2021,27.67,Pathfinder,16,10,1959,5
17-2-2020,19.95,Lifeline,1,3,474,2
21-11-2019,0.8,Bloodhound,1,4,570,2
9-7-2020,0.13,Rampart,2,1,557,7
31-1-2022,9.92,Octane,0,3,494,3
28-3-2022,9.26,Valkyrie,8,3,906,4
28-8-2020,27.62,Octane,11,2,1542,14
9-11-2022,18.52,Octane,5,6,1619,16
4-9-2022,29.26,Caustic,7,5,1413,2
13-8-2021,7.1,Wattson,2,2,239,18
9-3-2019,16.65,Valkyrie,4,1,585,1
25-9-2021,16.79,Bloodhound,2,1,212,12
10-8-2021,21.24,Revenant,9,3,1992,11
26-7-2022,25.06,Gibraltar,3,2,1022,11
3-5-2022,19.98,Caustic,14,1,2699,1
22-5-2020,18.93,Mad Maggie,9,2,680,14
12-7-2022,14.4,Bloodhound,2,5,648,3
16-11-2022,2.67,Wraith,5,2,471,8
25-3-2021,14.86,Wattson,17,4,1251,2
23-5-2022,24.53,Octane,3,8,1947,17
20-7-2022,5.43,Pathfinder,0,11,1630,6
5-3-2022,19.66,Revenant,2,6,591,17
14-1-2021,11.56,Fuse,11,4,1126,1
25-5-2021,29.35,Bangalore,11,13,4454,17
1-8-2020,17.79,Rampart,2,1,467,2
10-2-2021,18.87,Wattson,7,2,1722,3
18-12-2021,9.52,Valkyrie,7,1,736,3
10-3-2020,10.15,Fuse,14,5,1565,8
11-5-2021,27.0,Ash,13,4,2322,7
2-10-2019,24.32,Valkyrie,4,5,1575,10
27-2-2019,7.38,Fuse,0,1,135,16
11-7-2021,29.83,Revenant,4,11,1298,5
8-1-2021,19.14,Octane,5,1,775,11
16-10-2021,20.67,Wraith,7,5,2000,8
18-7-2020,3.83,Mirage,1,0,193,6
19-3-2022,24.08,Wraith,12,7,2742,7
14-5-2019,21.88,Gibraltar,3,21,1747,9
5-1-2022,18.09,Fuse,6,10,3340,1
5-7-2021,25.2,Rampart,4,4,1490,4
30-11-2020,26.29,Octane,13,2,1803,17
21-7-2019,20.47,Gibraltar,17,14,6586,5
27-3-2019,10.03,Rampart,4,6,1078,12
17-2-2021,22.72,Wraith,2,7,1254,18
15-9-2019,27.09,Gibraltar,2,3,951,13
24-11-2019,0.48,Caustic,0,2,251,19
17-2-2021,8.75,Ash,5,2,1122,9
26-1-2022,16.9,Pathfinder,1,10,763,4
30-3-2022,16.92,Gibraltar,4,11,1656,2
26-1-2021,23.59,Bangalore,6,11,2226,12
8-3-2021,23.91,Ash,3,14,1606,18
16-10-2020,28.51,Bangalore,20,7,1999,5
25-3-2021,15.75,Gibraltar,11,1,2272,11
20-6-2020,2.06,Bangalore,4,5,1075,9
24-2-2020,21.99,Bloodhound,5,4,614,13
30-1-2020,29.69,Octane,2,5,1314,5
16-11-2021,3.46,Pathfinder,4,16,1845,18
29-9-2021,11.77,Horizon,5,2,933,15
18-8-2019,23.8,Pathfinder,2,2,408,19
2-9-2022,16.04,Ash,10,4,2222,2
8-6-2022,12.22,Revenant,1,2,442,7
16-1-2020,20.18,Lifeline,4,2,1287,19
25-8-2021,8.7,Bangalore,8,6,1140,20
23-1-2022,12.07,Bloodhound,1,2,357,2
29-6-2020,16.8,Bangalore,13,4,2431,1
13-11-2020,11.76,Caustic,8,3,2460,3
16-1-2020,6.92,Fuse,7,1,1776,16
22-2-2021,24.27,Revenant,4,11,2838,5
10-3-2022,9.39,Valkyrie,6,6,1681,14
12-7-2021,26.15,Octane,4,4,822,17
3-10-2021,27.96,Ash,4,6,1065,12
27-5-2022,12.69,Wattson,2,1,187,2
6-1-2020,14.85,Valkyrie,3,3,1063,2
10-7-2020,26.37,Pathfinder,10,4,1758,3
27-11-2019,16.25,Mirage,10,7,2727,6
25-10-2019,5.35,Rampart,4,0,780,3
3-10-2021,0.72,Ash,2,6,1208,18
4-8-2022,24.73,Octane,2,7,1119,3
24-2-2021,14.2,Wattson,2,16,1412,11
25-3-2022,8.17,Ash,5,0,637,10
17-11-2019,13.64,Bloodhound,1,4,516,4
16-7-2020,23.99,Octane,5,2,1265,19
20-12-2020,3.59,Fuse,2,16,3283,11
11-3-2022,24.65,Mad Maggie,13,4,3024,4
8-10-2021,22.13,Bangalore,6,7,1531,20
13-12-2022,29.32,Mad Maggie,16,3,3504,18
29-3-2019,14.18,Wattson,2,2,342,20
8-4-2022,20.89,Bangalore,9,5,1239,13
16-5-2022,28.89,Wattson,9,3,1111,6
7-4-2019,19.71,Gibraltar,1,1,424,20
30-5-2020,25.34,Valkyrie,12,5,1219,11
15-12-2021,5.82,Wattson,0,11,2054,19
20-5-2020,22.05,Gibraltar,3,5,1080,20
14-4-2019,17.92,Fuse,3,2,610,10
9-7-2022,29.63,Revenant,10,2,1755,8
7-6-2020,26.95,Caustic,2,2,662,8
30-12-2020,21.33,Ash,7,6,1366,18
22-10-2022,16.45,Rampart,7,14,1758,11
2-5-2022,18.92,Gibraltar,10,4,3157,14
5-6-2022,27.1,Valkyrie,7,12,2975,10
30-12-2019,19.27,Lifeline,8,1,686,19
29-7-2019,5.62,Rampart,12,2,3243,11
27-9-2019,12.27,Rampart,10,15,2186,10
15-5-2019,7.47,Caustic,7,8,1390,15
5-4-2021,9.64,Wattson,1,2,624,7
22-7-2020,1.54,Ash,10,0,1530,8
31-12-2019,5.04,Rampart,1,4,432,14
7-9-2021,20.43,Caustic,6,11,2045,17
4-1-2020,0.74,Lifeline,0,7,385,15
18-5-2020,16.69,Bangalore,4,11,2984,9
6-12-2020,28.17,Bangalore,9,3,2333,12
18-11-2021,20.15,Rampart,5,12,2099,12
8-12-2020,7.21,Wraith,4,7,1975,18
26-6-2019,24.96,Lifeline,3,4,534,19
22-8-2019,25.98,Revenant,4,8,750,13
14-11-2021,11.73,Revenant,3,3,812,11
30-7-2020,20.99,Mad Maggie,11,4,1390,20
19-2-2020,21.73,Mad Maggie,2,6,1545,12
31-7-2020,14.8,Wraith,10,1,2017,11
28-7-2020,22.22,Ash,4,14,1394,5
9-11-2021,22.59,Octane,20,19,3516,11
7-5-2019,20.29,Revenant,3,3,827,5
20-4-2021,22.12,Bloodhound,3,7,1421,9
1-3-2021,23.36,Bloodhound,5,7,2446,19
7-11-2020,8.41,Rampart,1,11,1997,1
28-10-2021,9.09,Ash,3,7,1568,20
26-7-2019,20.12,Pathfinder,14,5,2975,2
4-12-2020,25.68,Fuse,13,5,1685,5
10-4-2022,6.6,Lifeline,1,0,98,17
7-4-2022,14.13,Ash,4,4,782,11
12-2-2019,16.59,Octane,1,3,600,6
25-4-2021,11.05,Revenant,10,8,1303,8
20-2-2019,24.57,Lifeline,5,2,639,15
7-2-2022,29.87,Wattson,11,8,1694,4
28-5-2019,18.4,Horizon,1,1,135,13
13-3-2019,8.87,Caustic,9,0,1769,11
17-9-2022,1.92,Valkyrie,17,1,3891,10
28-3-2022,8.76,Gibraltar,0,16,2416,15
24-7-2021,27.83,Fuse,14,16,5231,2
21-4-2020,20.42,Pathfinder,20,3,3248,3
24-4-2019,27.78,Rampart,14,5,2606,11
6-2-2022,25.53,Octane,6,15,1585,20
9-7-2021,7.48,Lifeline,1,4,684,7
27-8-2019,14.36,Lifeline,2,3,710,15
20-8-2020,20.29,Pathfinder,4,10,972,8
4-9-2020,11.18,Mirage,3,6,1492,6
23-8-2020,23.97,Wraith,12,16,2120,20
13-5-2019,29.24,Mirage,2,10,785,9
25-11-2019,22.3,Horizon,10,3,1845,19
10-10-2021,4.72,Fuse,5,8,2633,3
8-10-2020,23.48,Bangalore,5,3,927,2
27-2-2019,13.17,Octane,5,5,1903,10
19-11-2021,5.91,Wattson,14,10,2419,14
23-7-2021,4.47,Mad Maggie,1,7,641,4
8-9-2022,25.21,Caustic,8,3,918,19
7-10-2021,0.44,Caustic,2,2,327,15
10-12-2021,13.2,Horizon,9,9,3173,9
8-7-2021,10.59,Pathfinder,2,5,921,7
2-4-2020,3.53,Gibraltar,4,3,1231,9
11-9-2019,13.04,Mirage,6,10,934,7
14-10-2020,5.24,Wattson,1,18,2836,16
9-4-2021,15.1,Ash,2,7,513,4
31-3-2020,13.35,Rampart,10,10,1219,6
13-9-2020,27.69,Octane,5,5,1901,18
11-7-2022,21.57,Caustic,8,8,2818,12
18-12-2022,10.98,Mad Maggie,10,2,2545,7
22-2-2020,12.2,Wraith,10,4,2223,19
28-6-2020,11.37,Fuse,7,10,1669,3
18-2-2020,23.54,Octane,2,3,694,12
19-4-2020,22.8,Horizon,5,16,3152,11
21-6-2022,20.0,Mad Maggie,3,3,482,13
18-10-2021,10.15,Fuse,6,9,1559,6
11-6-2020,25.81,Horizon,4,3,982,18
9-6-2019,22.55,Caustic,14,3,3924,12
28-6-2020,4.56,Wattson,2,3,827,5
10-12-2021,3.72,Mad Maggie,3,11,1542,15
6-5-2021,0.92,Gibraltar,1,4,495,9
2-6-2021,24.46,Bloodhound,16,6,3076,13
29-8-2020,12.1,Lifeline,1,3,618,15
24-2-2022,12.5,Wraith,11,10,2606,13
16-8-2021,26.88,Wraith,2,2,869,15
28-1-2022,3.24,Rampart,3,6,515,14
28-7-2022,12.93,Rampart,2,3,962,14
26-7-2022,23.18,Fuse,6,3,1318,4
10-12-2022,3.39,Gibraltar,7,0,1192,7
22-11-2022,3.26,Lifeline,10,6,1104,18
5-2-2020,0.73,Rampart,2,2,674,20
19-2-2022,15.78,Bloodhound,2,1,212,2
6-3-2019,8.61,Fuse,7,0,1202,12
18-8-2020,19.86,Mad Maggie,2,5,413,8
10-2-2020,17.08,Lifeline,11,19,4434,3
28-8-2021,27.86,Valkyrie,16,2,1416,12
20-11-2021,11.32,Mad Maggie,3,8,2144,5
19-8-2020,8.11,Pathfinder,2,2,432,17
14-2-2020,8.78,Gibraltar,2,1,689,9
30-6-2022,24.59,Wraith,12,2,3041,17
8-9-2022,7.66,Bloodhound,4,0,850,2
7-7-2019,27.67,Fuse,7,4,923,6
29-12-2021,28.95,Caustic,4,5,629,18
21-3-2021,3.17,Ash,4,2,534,3
10-9-2022,8.92,Mirage,18,5,4674,4
24-2-2022,5.81,Revenant,1,4,585,17
31-3-2021,5.98,Valkyrie,7,9,2159,10
21-1-2022,12.78,Revenant,1,1,310,12
26-5-2019,3.47,Fuse,10,1,803,20
30-4-2022,22.72,Bloodhound,12,5,2108,11
29-6-2022,19.13,Revenant,10,2,1272,8
30-8-2020,26.83,Fuse,4,10,1838,11
15-10-2021,13.43,Pathfinder,1,1,335,6
14-9-2022,5.73,Fuse,12,4,1135,14
10-3-2021,6.01,Fuse,13,1,2957,14
17-3-2022,27.16,Lifeline,2,5,622,7
1-10-2019,7.11,Wraith,3,7,824,18
10-8-2022,19.18,Rampart,9,1,725,6
7-6-2021,24.14,Lifeline,4,17,1282,14
28-8-2021,5.09,Horizon,2,4,627,18
17-6-2020,19.91,Wraith,10,5,2237,17
18-8-2020,3.38,Octane,0,4,204,5
9-12-2020,4.53,Rampart,7,8,1369,16
22-10-2022,22.69,Ash,2,8,1341,9
10-5-2021,18.86,Caustic,9,13,3631,17
4-1-2022,4.0,Bloodhound,16,0,3096,5
13-12-2021,24.91,Wattson,11,2,2020,13
23-10-2021,9.74,Pathfinder,7,5,2568,17
31-8-2020,0.04,Octane,14,17,3688,8
6-10-2021,25.65,Revenant,2,6,1096,12
23-4-2020,25.4,Fuse,2,15,2315,6
14-10-2021,27.59,Revenant,2,11,854,2
28-12-2022,7.01,Rampart,0,3,437,15
27-12-2022,23.31,Pathfinder,4,6,1626,1
8-2-2020,12.51,Revenant,7,9,2117,7
29-12-2021,3.4,Gibraltar,3,4,420,4
14-6-2022,6.28,Ash,0,14,960,2
4-6-2020,22.42,Wraith,3,5,1364,4
11-11-2021,28.12,Horizon,7,4,2429,17
2-4-2019,7.61,Fuse,4,0,536,2
13-9-2022,14.44,Octane,1,3,809,18
14-11-2022,18.86,Mirage,1,2,616,12
29-10-2020,1.08,Lifeline,0,6,757,11
17-11-2022,13.27,Valkyrie,4,1,558,17
24-5-2021,10.78,Valkyrie,2,9,1445,15
22-5-2021,19.02,Mirage,1,1,195,1
22-4-2022,29.14,Gibraltar,7,7,2617,15
22-10-2019,5.98,Lifeline,8,4,2628,5
24-12-2020,12.55,Gibraltar,3,7,1343,8
2-7-2021,0.77,Fuse,3,7,1103,1
29-8-2021,3.97,Bloodhound,5,5,1223,16
22-6-2021,5.63,Wraith,0,16,1963,8
18-2-2021,1.98,Revenant,1,14,1069,14
8-6-2020,12.44,Valkyrie,13,4,1559,5
7-5-2022,17.47,Mad Maggie,1,3,342,1
3-7-2022,1.31,Lifeline,1,7,438,3
25-8-2022,6.08,Rampart,8,1,743,11
25-10-2020,15.28,Ash,2,9,1917,2
29-1-2022,25.82,Ash,8,14,3468,4
18-12-2020,0.93,Wattson,6,12,3496,1
18-6-2019,13.27,Horizon,2,7,866,9
11-11-2021,16.75,Fuse,1,1,209,13
20-1-2020,7.12,Horizon,2,5,753,16
7-8-2022,27.91,Caustic,8,6,1336,5
21-8-2020,2.09,Lifeline,14,7,1293,1
13-1-2022,9.84,Pathfinder,10,5,2005,11
11-9-2019,1.45,Mad Maggie,0,1,161,17
2-3-2020,7.24,Wraith,19,4,2853,9
28-1-2022,23.94,Bangalore,5,2,907,9
28-2-2022,7.04,Valkyrie,7,3,1334,10
10-3-2020,1.23,Fuse,1,0,83,12
27-5-2020,23.26,Lifeline,9,5,2354,16
20-4-2021,5.29,Gibraltar,11,1,1413,15
7-7-2021,8.86,Valkyrie,1,4,801,13
8-11-2022,22.68,Lifeline,4,4,1373,5
8-2-2022,21.45,Fuse,3,3,303,5
24-4-2021,27.59,Fuse,3,2,602,7
30-4-2021,21.37,Ash,12,8,3763,20
1-10-2019,13.04,Wattson,5,6,1470,6
30-11-2020,12.6,Mirage,9,3,1500,20
25-7-2021,15.39,Lifeline,12,4,1536,18
22-10-2021,11.31,Valkyrie,12,6,1895,18
15-12-2020,4.56,Caustic,0,10,1564,6
29-8-2020,19.16,Bloodhound,15,15,3748,19
22-12-2019,29.79,Rampart,17,18,2892,2
14-2-2020,14.5,Horizon,13,13,3698,15
26-11-2022,11.48,Wraith,1,13,748,12
21-7-2021,12.0,Pathfinder,11,2,1232,5
3-4-2022,11.04,Ash,2,5,1152,2
7-3-2022,18.49,Rampart,8,1,947,9
13-1-2021,22.65,Octane,16,12,2223,19
12-6-2022,9.49,Gibraltar,5,5,929,19
13-7-2021,23.75,Horizon,17,10,4809,19
24-10-2019,9.64,Gibraltar,0,6,1139,15
28-9-2020,24.68,Bloodhound,5,5,558,4
27-9-2020,16.17,Pathfinder,6,10,1069,11
21-10-2021,22.46,Fuse,2,4,739,1
19-3-2019,19.13,Lifeline,6,6,1506,17
8-2-2021,2.39,Valkyrie,12,5,1629,1
30-4-2021,2.12,Bangalore,1,0,171,6
4-3-2022,5.95,Lifeline,4,4,1318,18
28-8-2021,25.02,Mad Maggie,6,2,1744,11
9-7-2019,13.28,Mad Maggie,1,4,351,15
6-3-2020,23.23,Wattson,4,8,2073,7
3-11-2019,22.83,Caustic,13,2,3379,15
21-4-2022,29.17,Caustic,14,4,3092,14
13-10-2019,9.06,Valkyrie,4,10,1928,1
30-3-2021,27.12,Fuse,2,10,2135,18
15-2-2022,6.85,Mad Maggie,7,6,2591,2
30-9-2020,25.15,Wraith,18,4,3317,3
18-8-2022,4.57,Caustic,5,7,1010,13
12-9-2020,3.55,Gibraltar,8,2,2215,11
31-12-2021,7.32,Rampart,7,2,1424,8
16-3-2019,6.35,Lifeline,0,0,0,5
6-4-2022,14.57,Horizon,2,10,2004,3
15-9-2019,0.84,Octane,1,6,399,11
13-5-2021,12.67,Mirage,7,6,2361,9
31-1-2021,25.21,Mirage,13,7,1424,13
29-9-2022,1.7,Gibraltar,1,2,418,18
28-5-2020,11.83,Revenant,2,7,1781,10
9-12-2019,2.48,Rampart,0,2,365,17
18-9-2021,9.08,Revenant,11,6,2836,15
20-6-2021,20.34,Fuse,13,2,1183,15
22-4-2019,25.27,Pathfinder,3,10,2344,18
18-12-2020,20.05,Mirage,7,13,2389,10
1-11-2022,1.04,Rampart,2,7,910,1
14-5-2022,12.34,Caustic,16,2,3601,3
20-7-2021,15.85,Caustic,5,3,1752,10
28-4-2021,7.44,Mirage,6,3,528,10
9-2-2020,15.96,Bloodhound,6,9,2897,1
28-6-2021,28.44,Bloodhound,8,5,1174,17
18-11-2022,19.3,Valkyrie,17,1,1411,17
3-6-2019,19.57,Horizon,1,2,342,6
3-12-2020,3.98,Bloodhound,10,0,2301,6
10-5-2022,11.62,Ash,3,13,1662,15
31-12-2021,23.39,Fuse,4,9,744,8
4-11-2020,1.43,Bloodhound,0,0,0,15
10-8-2022,0.15,Valkyrie,1,12,899,19
1-6-2019,16.39,Horizon,1,4,566,14
14-5-2020,15.06,Gibraltar,1,3,788,13
22-3-2020,23.54,Valkyrie,2,13,1793,8
2-6-2022,3.38,Caustic,0,4,215,14
7-7-2020,16.69,Fuse,1,7,1147,18
8-1-2020,6.41,Horizon,3,4,680,12
3-9-2019,13.82,Valkyrie,14,15,5046,4
13-12-2020,18.7,Rampart,12,8,1815,3
23-2-2019,12.77,Mad Maggie,11,6,2566,5
9-12-2020,16.96,Mad Maggie,2,4,613,4
11-9-2020,9.11,Wraith,0,10,1741,20
14-9-2020,3.62,Wattson,6,4,1239,16
14-7-2021,28.29,Pathfinder,6,9,1199,6
15-6-2020,24.59,Rampart,19,15,4814,2
14-1-2022,20.95,Pathfinder,12,11,3599,5
23-9-2021,26.12,Caustic,10,9,2793,2
6-10-2022,28.81,Horizon,5,14,1374,11
18-11-2021,17.33,Rampart,2,13,1596,16
12-12-2020,4.89,Fuse,9,4,1147,10
24-9-2022,8.7,Octane,10,1,846,2
10-6-2020,4.51,Caustic,8,0,527,18
13-12-2021,12.69,Gibraltar,1,3,587,15
24-4-2019,8.18,Mirage,7,11,2498,14
4-6-2019,11.88,Lifeline,11,1,2648,12
10-5-2020,20.09,Octane,4,8,680,5
18-10-2022,22.94,Revenant,6,2,794,11
28-5-2021,2.2,Rampart,16,2,3469,16
26-3-2019,5.13,Rampart,0,6,1065,20
22-10-2019,0.24,Mad Maggie,4,2,1223,3
19-12-2021,25.12,Lifeline,4,11,2010,11
18-1-2022,15.61,Mirage,13,1,2772,4
3-8-2021,3.62,Caustic,0,0,0,7
17-10-2020,6.43,Wattson,1,9,1252,13
21-2-2022,26.87,Wattson,6,2,725,4
28-5-2019,15.7,Lifeline,7,10,1514,20
4-12-2020,25.32,Revenant,2,6,414,8
5-3-2019,4.89,Mad Maggie,3,9,1295,11
9-7-2020,0.8,Caustic,0,2,217,7
14-3-2019,8.57,Mad Maggie,0,13,1509,8
9-3-2021,5.99,Mad Maggie,10,9,2013,10
1-1-2021,25.47,Fuse,9,4,1072,17
31-12-2022,6.22,Bloodhound,0,9,1385,7
7-8-2021,15.23,Wraith,3,2,632,4
18-8-2020,1.96,Bangalore,0,4,213,8
24-5-2022,18.37,Mad Maggie,1,3,467,17
21-5-2020,29.68,Wraith,6,14,1313,3
11-7-2020,9.25,Wraith,2,3,298,20
24-8-2019,20.75,Wraith,8,9,3308,17
27-4-2021,2.02,Rampart,1,10,1479,11
31-3-2021,12.81,Bloodhound,5,1,782,13
17-5-2019,17.42,Lifeline,16,3,3085,1
24-1-2020,3.47,Octane,0,1,130,18
3-10-2022,23.84,Lifeline,8,5,1129,6
5-2-2020,26.7,Ash,6,17,1785,18
7-1-2022,21.53,Horizon,4,11,1134,17
9-10-2021,14.85,Ash,12,3,1973,6
24-12-2020,25.65,Revenant,2,10,1912,11
6-7-2022,23.18,Horizon,3,12,2626,18
24-8-2019,7.89,Pathfinder,7,2,609,7
26-4-2019,13.65,Wraith,10,10,4207,15
24-6-2020,0.6,Rampart,0,4,701,19
19-5-2022,12.63,Valkyrie,6,2,1601,1
19-12-2021,6.01,Caustic,3,3,1097,5
17-5-2022,7.46,Rampart,14,1,2992,6
9-12-2022,18.22,Pathfinder,4,6,736,16
20-10-2020,18.84,Lifeline,1,7,910,12
3-8-2022,28.86,Gibraltar,3,3,705,15
27-1-2020,3.24,Ash,6,2,418,16
27-5-2021,2.06,Caustic,0,1,157,18
8-3-2021,17.63,Wraith,1,14,2037,18
30-11-2020,7.4,Valkyrie,0,3,439,2
19-10-2019,22.08,Pathfinder,4,10,1658,14
13-7-2019,26.14,Valkyrie,7,5,1772,7
14-1-2020,26.01,Wattson,3,4,1220,6
15-4-2022,13.17,Fuse,1,9,1787,2
3-1-2021,17.49,Lifeline,4,1,392,15
2-11-2021,6.81,Wraith,4,12,1911,3
12-3-2019,2.79,Bangalore,9,8,1601,16
22-8-2021,10.45,Pathfinder,4,1,556,20
1-11-2019,29.91,Caustic,13,6,2511,6
15-2-2022,8.49,Valkyrie,6,0,1213,7
18-11-2020,3.71,Mad Maggie,0,2,129,11
11-12-2021,4.58,Gibraltar,0,0,0,5
9-4-2022,21.13,Mad Maggie,3,13,1765,18
13-1-2021,27.65,Valkyrie,7,4,951,12
13-12-2020,15.75,Bloodhound,10,7,1132,16
25-11-2019,15.1,Ash,12,3,2228,8
6-11-2022,17.87,Pathfinder,1,1,246,18
16-2-2021,8.09,Caustic,3,3,1270,20
19-8-2022,19.99,Revenant,6,15,3120,5
23-11-2020,10.1,Bangalore,8,1,1779,20
16-10-2021,26.92,Valkyrie,7,18,4092,1
21-9-2020,29.92,Bloodhound,2,2,462,1
18-6-2022,21.37,Mad Maggie,13,2,1889,8
26-6-2022,17.57,Caustic,8,6,2376,10
10-10-2021,19.3,Mad Maggie,3,4,356,11
8-11-2020,19.05,Horizon,7,2,1159,4
28-2-2021,18.41,Fuse,1,3,656,12
4-2-2022,1.64,Pathfinder,3,3,1137,15
6-11-2022,9.15,Octane,7,1,569,13
19-9-2021,14.27,Lifeline,5,2,813,18
31-3-2022,18.01,Ash,1,11,588,7
15-3-2020,0.21,Bangalore,3,11,910,20
31-8-2022,12.37,Rampart,12,2,2629,9
7-5-2020,16.8,Pathfinder,1,4,636,11
23-6-2020,27.79,Gibraltar,13,3,2239,20
21-5-2019,9.32,Pathfinder,8,8,2379,20
26-3-2019,1.69,Horizon,12,8,4242,19
11-3-2021,8.34,Lifeline,3,18,2362,13
22-12-2021,29.11,Gibraltar,5,12,1991,7
23-6-2020,10.23,Fuse,8,10,1284,6
23-9-2019,0.65,Wraith,6,4,745,1
2-6-2019,24.4,Octane,2,3,700,18
16-10-2022,24.4,Fuse,4,3,928,4
24-5-2020,10.49,Mad Maggie,6,3,587,7
29-10-2020,7.95,Bloodhound,8,8,1076,3
12-7-2022,19.34,Mad Maggie,14,3,2000,19
14-8-2022,29.68,Valkyrie,10,5,1875,18
21-1-2022,28.03,Revenant,5,4,1077,9
23-5-2020,4.43,Horizon,5,3,680,6
8-8-2021,23.58,Valkyrie,9,10,1049,10
17-12-2022,9.95,Ash,0,12,1878,10
4-12-2021,0.25,Mad Maggie,6,6,828,14
14-2-2022,14.4,Horizon,5,2,1244,7
22-9-2020,10.15,Bangalore,15,13,5318,14
9-11-2019,25.86,Fuse,3,2,1019,2
19-9-2021,13.0,Octane,1,3,349,18
8-6-2019,12.95,Pathfinder,7,1,744,19
13-5-2022,28.28,Wraith,6,6,1393,20
7-2-2022,2.38,Fuse,0,10,1800,19
22-7-2020,17.89,Pathfinder,1,1,193,3
31-3-2021,13.01,Ash,1,9,1445,19
10-1-2022,10.27,Wattson,8,3,2024,18
19-12-2022,21.15,Wattson,5,4,524,2
11-7-2021,10.43,Rampart,1,16,3212,2
11-5-2020,0.86,Horizon,0,5,873,19
17-7-2020,5.0,Octane,5,2,1024,9
26-5-2019,13.43,Bangalore,10,6,2755,6
20-1-2022,0.01,Lifeline,0,11,1757,19
23-6-2019,12.36,Horizon,8,2,1801,19
28-4-2022,16.34,Wraith,1,6,1087,7
23-11-2022,14.23,Revenant,1,15,2752,17
1-1-2021,1.38,Fuse,13,8,2632,15
20-7-2020,7.35,Mirage,7,2,1097,10
10-2-2019,18.77,Gibraltar,12,13,2855,2
3-3-2019,7.42,Octane,3,8,1787,5
24-4-2021,15.6,Bloodhound,4,2,925,10
5-12-2020,19.45,Bangalore,15,6,1205,3
11-8-2021,27.14,Bangalore,2,2,831,13
6-6-2020,16.5,Wattson,3,4,550,16
3-9-2021,13.09,Ash,9,3,1890,9
10-5-2020,22.1,Bloodhound,4,9,737,7
26-2-2022,1.98,Bangalore,3,1,444,14
8-1-2021,24.81,Caustic,2,14,1429,6
22-9-2021,28.0,Bloodhound,7,5,2282,11
27-11-2019,21.1,Bangalore,2,2,560,6
27-3-2022,13.72,Bloodhound,3,1,338,7
28-2-2019,27.21,Valkyrie,18,5,5016,10
26-12-2021,8.05,Wraith,9,6,1361,12
15-8-2022,7.49,Fuse,6,0,946,14
5-10-2019,21.59,Octane,2,7,1086,12
27-12-2022,16.77,Horizon,10,7,1049,3
26-4-2019,21.17,Bloodhound,3,2,859,12
2-4-2020,12.42,Revenant,1,2,414,2
16-5-2022,2.71,Mirage,6,2,606,18
27-6-2020,1.14,Fuse,11,5,1257,7
21-8-2022,1.57,Octane,0,1,128,17
14-10-2020,17.94,Fuse,8,2,1128,8
16-8-2021,16.38,Gibraltar,1,14,1682,14
30-10-2022,1.13,Pathfinder,7,2,504,18
5-10-2019,7.07,Rampart,4,12,1337,12
12-5-2020,5.21,Bloodhound,5,0,825,14
25-12-2021,26.85,Rampart,12,3,2193,1
20-8-2022,18.28,Bangalore,16,4,2416,15
21-1-2021,15.05,Wraith,1,3,267,5
20-9-2019,24.18,Rampart,7,5,1855,4
1-3-2021,25.51,Mad Maggie,7,2,744,9
3-2-2022,13.92,Ash,9,1,1799,10
30-10-2021,13.24,Caustic,6,2,569,7
28-9-2021,3.34,Mad Maggie,1,10,895,15
10-7-2019,19.13,Revenant,7,3,1859,9
7-4-2021,25.5,Fuse,2,14,3103,17
4-4-2020,3.1,Revenant,0,12,699,2
2-5-2020,7.26,Horizon,3,3,709,17
29-7-2022,14.12,Rampart,10,4,855,14
21-2-2021,26.01,Horizon,4,5,1415,6
27-9-2022,10.42,Fuse,5,2,1227,3
11-5-2019,26.33,Mad Maggie,10,5,3051,14
18-2-2022,2.72,Horizon,1,4,580,1
21-7-2020,8.47,Horizon,1,5,854,12
28-6-2021,10.13,Caustic,12,7,1820,16
12-8-2021,6.95,Ash,13,7,3920,18
6-8-2019,14.77,Wraith,1,2,213,19
9-7-2019,11.31,Mad Maggie,1,1,371,17
20-5-2020,5.26,Ash,5,0,1174,15
1-12-2020,2.73,Rampart,7,3,1793,15
31-7-2020,3.71,Octane,0,3,499,5
17-5-2020,4.02,Octane,6,0,1212,16
14-10-2019,3.14,Mad Maggie,2,2,589,11
1-7-2021,11.72,Ash,13,1,1807,1
3-5-2021,21.12,Lifeline,2,3,328,20
25-11-2021,13.99,Wattson,13,1,1811,17
19-7-2022,27.89,Mad Maggie,3,3,941,18
21-11-2020,23.63,Caustic,5,2,467,18
20-6-2019,27.0,Bangalore,7,3,2174,8
26-5-2020,12.85,Pathfinder,11,4,3102,19
29-9-2022,19.6,Valkyrie,7,4,1494,18
22-1-2020,11.53,Pathfinder,9,10,2944,4
7-7-2020,5.07,Valkyrie,16,11,5466,12
6-6-2022,27.28,Valkyrie,4,9,1979,7
7-10-2019,27.85,Caustic,2,3,545,14
13-2-2019,21.54,Wattson,4,8,1481,15
11-10-2022,0.33,Bloodhound,0,1,115,19
5-12-2021,22.39,Horizon,19,2,1659,5
27-5-2021,25.29,Fuse,5,12,1298,19
23-1-2022,24.03,Pathfinder,13,8,4519,19
21-5-2020,22.27,Lifeline,20,8,4421,1
8-8-2020,2.41,Bloodhound,3,5,1384,1
11-9-2022,11.66,Rampart,2,4,993,15
16-12-2022,3.26,Bloodhound,10,0,1713,20
12-9-2019,7.96,Mirage,5,1,1320,12
11-1-2020,24.36,Revenant,7,15,4234,15
3-3-2020,23.17,Fuse,9,3,869,16
14-8-2021,0.48,Caustic,3,6,893,9
11-4-2021,21.53,Pathfinder,12,6,3944,7
29-11-2020,27.17,Pathfinder,16,9,1654,12
7-12-2022,4.29,Lifeline,0,11,1816,13
9-7-2020,15.22,Bangalore,3,2,573,6
13-2-2020,23.93,Fuse,4,4,559,9
25-7-2019,26.96,Pathfinder,5,7,1419,18
13-5-2020,14.72,Pathfinder,7,14,2137,8
6-6-2019,28.82,Gibraltar,2,4,641,3
1-12-2022,12.53,Caustic,12,13,5170,19
7-6-2021,4.58,Mad Maggie,17,3,1794,13
9-7-2020,25.27,Valkyrie,4,4,1645,3
17-6-2020,10.17,Bloodhound,4,2,646,3
28-1-2021,10.32,Bloodhound,3,1,860,15
25-4-2019,8.36,Octane,3,4,1075,10
18-4-2019,28.95,Revenant,10,2,2539,20
13-6-2022,18.58,Lifeline,1,7,1135,16
17-6-2022,5.88,Rampart,9,2,1485,9
21-11-2021,21.78,Horizon,5,3,942,11
29-1-2021,16.24,Wraith,4,4,1572,16
24-5-2019,20.52,Revenant,4,2,538,18
1-2-2021,25.25,Valkyrie,8,6,1412,12
17-3-2021,13.64,Rampart,1,2,560,14
10-10-2021,17.64,Caustic,3,13,865,6
22-3-2020,14.51,Caustic,1,6,460,4
11-11-2022,23.23,Valkyrie,5,11,1185,6
14-10-2022,27.55,Caustic,2,11,2023,14
19-3-2019,6.01,Ash,12,1,1003,15
13-12-2022,4.98,Gibraltar,13,11,3993,9
19-2-2022,14.16,Valkyrie,1,7,674,13
10-3-2020,2.77,Wraith,1,3,277,11
22-5-2019,4.08,Pathfinder,4,2,694,7
15-9-2020,23.62,Wattson,2,2,737,17
17-9-2020,28.42,Mad Maggie,2,4,898,17
20-2-2019,6.88,Ash,0,2,340,10
24-8-2022,12.33,Caustic,4,3,1117,9
30-12-2019,20.11,Revenant,16,3,2859,10
8-6-2020,11.34,Pathfinder,4,7,1376,9
21-8-2022,14.0,Ash,6,14,1937,6
15-1-2020,11.94,Fuse,9,10,3806,19
22-6-2022,15.02,Horizon,8,1,838,10
28-7-2022,22.1,Octane,15,3,2657,18
26-8-2022,2.4,Rampart,1,3,540,15
11-2-2020,14.87,Revenant,2,8,1160,2
7-8-2019,18.09,Horizon,4,17,1700,2
12-8-2021,18.18,Wattson,3,8,1401,12
26-7-2019,25.69,Fuse,15,8,1448,19
26-9-2020,18.8,Bangalore,13,2,1159,5
11-5-2022,19.53,Valkyrie,1,13,1572,17
25-2-2019,22.51,Revenant,9,3,2531,14
3-8-2020,4.23,Caustic,1,2,537,11
30-7-2022,16.37,Horizon,7,11,3540,12
6-6-2019,22.81,Bloodhound,2,4,878,14
19-10-2019,26.7,Mirage,7,3,1037,9
3-12-2019,0.31,Bloodhound,4,2,1137,7
2-10-2021,26.65,Revenant,9,5,1921,17
2-3-2020,3.58,Mad Maggie,4,2,1279,15
8-5-2022,22.8,Gibraltar,3,12,1968,4
28-8-2020,27.56,Valkyrie,4,12,1514,2
22-1-2021,20.54,Mirage,2,13,1140,8
30-11-2022,8.18,Octane,14,0,1873,16
15-3-2019,16.29,Wattson,3,7,1561,5
5-10-2020,25.05,Octane,7,2,542,11
16-1-2020,14.19,Horizon,7,5,2102,17
12-2-2020,26.57,Fuse,8,2,2057,3
7-8-2022,6.2,Mirage,12,11,3717,2
5-1-2022,23.82,Pathfinder,12,2,1760,6
4-9-2021,14.84,Mirage,12,2,2805,19
23-9-2020,7.79,Fuse,6,11,1544,18
10-8-2021,2.53,Revenant,6,4,1020,5
25-1-2020,25.22,Rampart,13,2,1856,17
2-6-2019,9.12,Ash,9,14,3726,8
2-9-2020,18.39,Wraith,9,2,2260,6
14-4-2022,23.11,Caustic,3,6,1170,17
18-5-2020,24.95,Bangalore,2,9,1795,5
13-4-2020,12.46,Pathfinder,5,1,752,18
21-5-2019,27.41,Valkyrie,8,4,2707,4
18-4-2022,10.16,Wraith,1,2,496,4
2-8-2022,6.74,Octane,4,8,1969,2
13-3-2022,14.26,Mad Maggie,4,12,2987,15
13-2-2020,17.01,Mad Maggie,8,5,1619,2
28-6-2019,17.28,Mad Maggie,1,3,518,8
23-8-2020,17.37,Mad Maggie,12,9,4001,10
23-11-2021,1.35,Bangalore,3,4,718,17
28-6-2022,9.93,Valkyrie,1,1,330,7
9-6-2019,25.4,Fuse,5,5,1306,10
18-1-2021,12.15,Fuse,2,15,2243,20
10-2-2022,4.27,Ash,14,1,2039,3
19-10-2020,9.02,Valkyrie,2,0,451,18
18-2-2019,21.08,Ash,2,3,417,5
8-3-2019,24.17,Bloodhound,16,3,1581,9
5-10-2020,0.75,Fuse,9,10,3819,7
24-11-2020,15.15,Pathfinder,7,9,2861,12
21-8-2020,3.47,Valkyrie,5,4,663,3
5-2-2022,0.41,Lifeline,5,0,295,8
16-9-2020,3.64,Gibraltar,3,11,1752,14
2-12-2019,1.24,Caustic,6,8,2251,9
22-9-2019,5.42,Revenant,3,5,1477,4
3-6-2022,3.9,Bangalore,17,9,3484,6
25-7-2020,15.02,Mad Maggie,2,3,1006,2
6-12-2022,26.08,Gibraltar,12,7,2377,18
3-3-2020,28.39,Pathfinder,8,8,2928,5
10-8-2021,6.85,Horizon,2,0,326,11
13-10-2022,22.14,Rampart,2,8,690,13
8-9-2020,16.11,Lifeline,11,1,961,2
1-10-2020,28.45,Gibraltar,7,9,1047,15
2-8-2022,22.16,Octane,11,2,1207,4
6-11-2021,13.95,Wraith,8,13,4322,20
9-4-2022,3.65,Caustic,8,0,881,16
23-6-2019,6.67,Wraith,2,3,699,13
30-12-2022,22.81,Horizon,2,2,677,5
5-12-2022,14.58,Octane,7,9,850,17
20-12-2019,1.46,Lifeline,4,1,1162,15
11-4-2020,0.62,Lifeline,6,0,573,3
18-6-2019,9.1,Caustic,1,14,1280,17
7-7-2019,7.37,Mirage,3,3,722,5
18-11-2022,3.41,Caustic,11,6,1429,16
1-8-2019,0.8,Revenant,10,3,2018,13
10-1-2021,9.98,Mad Maggie,3,13,899,12
18-11-2020,29.23,Wattson,14,6,2709,18
21-4-2022,12.01,Fuse,4,11,2066,2
8-2-2022,2.24,Pathfinder,0,9,494,1
22-10-2021,14.16,Horizon,7,6,2365,5
2-9-2021,4.23,Pathfinder,15,0,2761,15
9-4-2022,21.33,Bangalore,6,8,1134,20
23-9-2020,10.93,Fuse,3,2,905,2
6-7-2020,0.18,Bangalore,4,5,1560,7
26-11-2022,12.8,Lifeline,1,13,2103,18
9-10-2019,13.63,Bangalore,8,2,993,19
11-4-2022,15.51,Mad Maggie,3,15,1174,3
16-4-2021,29.73,Valkyrie,5,12,3220,10
21-11-2020,20.5,Octane,3,7,644,16
25-11-2022,3.47,Caustic,8,5,2159,10
30-11-2020,22.8,Valkyrie,6,4,755,13
10-11-2019,7.79,Valkyrie,1,0,159,11
1-3-2019,11.0,Pathfinder,2,1,547,9
8-9-2019,6.36,Revenant,18,7,2732,12
20-10-2021,19.92,Revenant,5,15,1251,11
23-3-2019,18.78,Bloodhound,1,8,1413,11
10-7-2021,16.24,Caustic,7,7,2181,7
3-11-2022,0.91,Fuse,12,1,827,1
27-12-2019,4.65,Octane,2,0,163,3
23-10-2019,14.15,Wraith,1,11,636,6
10-5-2020,20.01,Bangalore,19,9,3880,7
4-9-2022,10.64,Ash,10,1,2105,13
25-4-2019,14.85,Gibraltar,10,2,1661,11
6-12-2019,27.87,Pathfinder,8,5,1417,5
22-5-2021,16.28,Mad Maggie,8,1,1279,4
14-2-2020,8.11,Horizon,0,0,0,8
14-6-2022,26.5,Revenant,2,4,340,13
20-10-2019,7.76,Valkyrie,14,14,4388,9
19-12-2021,16.2,Fuse,6,1,1441,10
14-12-2020,18.67,Ash,1,3,656,13
9-9-2020,1.11,Wraith,11,12,2195,9
14-10-2019,9.14,Wraith,2,5,482,18
14-9-2021,17.04,Valkyrie,3,1,308,4
3-3-2019,8.33,Octane,19,2,4716,6
21-12-2021,14.56,Bangalore,2,3,678,14
2-9-2022,4.2,Fuse,1,2,453,4
2-9-2022,2.65,Gibraltar,0,2,187,3
8-6-2021,3.09,Gibraltar,4,11,1096,20
26-2-2019,24.76,Lifeline,3,15,1131,9
9-12-2021,12.73,Mad Maggie,6,4,2102,5
22-8-2022,11.75,Revenant,11,1,2322,2
13-7-2021,11.83,Wraith,2,13,2283,13
31-10-2020,0.52,Lifeline,0,12,762,10
26-8-2019,24.62,Horizon,2,7,1016,16
14-3-2020,1.11,Mad Maggie,17,1,2032,15
8-10-2021,0.15,Valkyrie,2,2,455,10
22-4-2021,7.15,Rampart,4,5,1204,11
25-1-2021,23.85,Octane,4,2,1292,3
10-9-2020,9.72,Bloodhound,1,5,385,6
29-7-2021,6.61,Pathfinder,1,0,209,19
9-12-2022,17.23,Bangalore,2,2,778,9
13-2-2020,11.21,Rampart,10,5,1949,8
15-11-2019,26.45,Ash,2,7,1170,2
4-8-2020,7.05,Wraith,2,5,603,5
28-7-2020,26.14,Revenant,3,3,834,3
13-1-2021,17.62,Mirage,1,2,291,3
15-12-2019,19.7,Wattson,2,2,334,9
1-7-2019,26.37,Pathfinder,4,2,1063,18
16-3-2021,2.9,Valkyrie,1,0,153,5
26-9-2022,13.93,Wraith,1,1,145,16
13-6-2022,17.99,Wraith,14,6,2497,14
29-6-2020,27.26,Wraith,6,13,3296,20
6-5-2020,28.2,Ash,20,6,3309,6
26-10-2021,4.42,Horizon,0,1,131,20
4-4-2022,23.22,Caustic,8,9,3232,2
10-7-2021,17.17,Gibraltar,2,6,823,12
19-3-2021,18.99,Caustic,9,8,1198,1
17-10-2022,4.7,Octane,2,4,1128,1
30-12-2019,9.52,Octane,6,2,1538,18
5-8-2022,26.54,Caustic,8,18,2241,16
9-7-2022,27.36,Bangalore,5,4,1726,3
13-6-2022,8.09,Mirage,0,2,361,19
17-9-2019,24.12,Wattson,2,2,538,20
27-5-2021,24.14,Mirage,11,5,2368,10
25-5-2021,8.47,Gibraltar,5,0,1060,10
19-8-2019,10.48,Horizon,7,1,1487,3
9-1-2021,4.55,Mirage,7,0,1117,10
15-8-2019,1.67,Mirage,11,0,1248,4
5-10-2022,18.23,Fuse,3,7,1653,19
25-2-2021,27.88,Fuse,3,16,1864,14
18-3-2022,0.48,Ash,0,2,348,17
4-9-2022,25.45,Octane,3,14,3156,10
20-6-2019,21.64,Wattson,3,10,2520,5
19-9-2021,19.44,Pathfinder,1,1,316,7
15-4-2021,23.06,Octane,3,20,2234,10
26-7-2019,16.62,Ash,6,4,696,5
9-8-2020,25.67,Caustic,3,12,1671,15
28-2-2022,16.78,Bangalore,1,1,260,4
16-1-2021,24.09,Pathfinder,7,7,861,5
23-9-2022,24.39,Caustic,3,11,1491,18
20-8-2020,29.22,Wraith,5,4,1905,11
22-8-2020,0.45,Rampart,8,2,1450,18
25-7-2020,5.36,Bloodhound,0,1,137,4
20-7-2020,21.09,Octane,2,7,497,6
2-4-2019,18.93,Wattson,1,2,486,17
24-8-2021,16.89,Gibraltar,14,4,3267,17
29-6-2021,25.73,Rampart,15,2,2839,14
11-10-2021,27.62,Bangalore,6,5,1863,10
23-8-2021,26.4,Caustic,8,5,2758,4
13-5-2020,4.99,Ash,2,6,867,8
16-9-2021,29.83,Bloodhound,2,2,794,17
30-1-2021,21.0,Revenant,2,9,2107,5
14-12-2019,10.0,Ash,4,2,446,6
24-10-2022,17.31,Pathfinder,1,9,1486,8
20-6-2021,7.9,Fuse,12,4,1829,5
23-9-2022,8.74,Mad Maggie,0,0,0,20
1-11-2020,20.71,Mad Maggie,2,6,1130,16
8-11-2019,11.24,Pathfinder,3,15,2064,18
23-10-2020,7.82,Wattson,15,1,2654,14
9-11-2022,14.71,Gibraltar,15,5,3746,15
26-6-2020,1.24,Bangalore,6,3,1087,13
13-2-2022,25.36,Wattson,11,5,2393,18
3-6-2019,22.38,Mirage,3,2,608,18
27-3-2021,29.76,Lifeline,13,12,4266,14
14-5-2020,10.39,Ash,1,9,561,16
24-4-2022,13.79,Gibraltar,20,4,4790,8
7-4-2019,9.59,Wattson,2,11,1573,3
9-8-2019,12.73,Octane,7,1,1608,9
3-5-2021,23.63,Valkyrie,4,2,842,19
10-11-2020,22.74,Mirage,6,2,547,8
29-5-2020,8.94,Bangalore,3,0,586,2
1-11-2022,12.95,Revenant,7,12,3119,15
26-8-2020,4.51,Bangalore,6,4,717,5
15-5-2021,21.86,Caustic,2,12,1140,1
28-5-2021,16.98,Caustic,8,6,1085,7
16-11-2019,10.13,Ash,9,13,2818,15
28-4-2019,29.37,Pathfinder,4,14,2299,11
16-12-2020,7.19,Bloodhound,12,3,1614,6
22-8-2021,0.59,Gibraltar,10,3,759,10
7-2-2021,9.85,Bloodhound,0,2,343,3
16-6-2021,4.38,Valkyrie,1,0,71,4
21-8-2022,3.56,Bangalore,0,5,470,4
16-8-2021,7.76,Mad Maggie,15,4,1258,4
9-5-2020,16.41,Mad Maggie,5,6,1276,6
3-10-2019,27.74,Bloodhound,7,16,1764,2
8-6-2022,18.0,Octane,4,9,934,2
5-3-2019,24.43,Bloodhound,5,13,2669,5
26-7-2019,29.63,Octane,3,12,970,3
8-5-2021,29.49,Fuse,12,9,1735,8
13-11-2022,19.03,Bloodhound,15,12,3790,20
26-3-2020,4.02,Bangalore,2,6,1575,15
6-5-2019,25.91,Pathfinder,3,2,716,17
28-9-2021,0.31,Wraith,18,2,2116,3
22-7-2021,4.95,Horizon,6,2,735,6
15-4-2022,22.5,Mirage,3,4,1248,10
1-3-2021,25.15,Pathfinder,11,8,1797,19
9-6-2022,2.57,Rampart,0,14,1428,20
31-1-2020,21.05,Bangalore,6,2,1098,6
21-1-2020,25.37,Fuse,5,2,579,16
15-6-2022,19.46,Revenant,11,4,1934,1
12-2-2022,9.86,Horizon,11,2,798,11
28-12-2019,26.47,Wraith,12,14,3987,6
7-7-2022,20.27,Octane,2,7,1791,8
19-2-2019,22.03,Lifeline,2,3,280,5
13-6-2022,15.06,Bloodhound,11,1,1476,9
18-8-2022,10.84,Revenant,5,1,431,1
8-12-2022,5.85,Lifeline,1,1,202,16
19-3-2019,12.49,Lifeline,3,5,685,8
7-4-2020,21.95,Wattson,5,2,1456,6
25-2-2019,21.96,Wattson,16,4,4336,9
22-9-2020,1.19,Pathfinder,8,0,1935,8
12-11-2020,14.53,Mirage,1,1,304,15
15-4-2020,17.43,Revenant,1,1,172,10
14-7-2020,17.56,Bangalore,5,13,1983,4
25-12-2021,9.63,Rampart,14,6,3304,4
11-3-2019,20.21,Octane,5,11,2325,14
16-5-2020,21.09,Mirage,6,2,1076,13
3-9-2021,11.65,Ash,1,4,659,6
28-1-2020,13.31,Mad Maggie,1,3,688,19
18-9-2020,6.42,Ash,9,3,948,20
15-8-2019,27.75,Pathfinder,8,4,1512,20
2-2-2022,8.7,Horizon,10,1,1600,14
12-12-2022,5.79,Rampart,5,8,1325,7
14-10-2021,3.97,Fuse,2,0,476,6
20-9-2020,29.13,Mad Maggie,7,2,1635,6
13-7-2019,20.47,Mad Maggie,2,6,860,10
17-2-2019,25.66,Gibraltar,11,7,1967,19
2-5-2022,24.89,Wraith,6,9,1546,8
6-3-2022,1.82,Wraith,0,0,0,20
22-10-2022,21.28,Rampart,11,11,1799,16
6-6-2019,9.06,Caustic,2,4,1063,8
23-1-2021,8.48,Gibraltar,12,8,3804,11
20-9-2020,6.64,Fuse,11,9,3154,19
8-2-2021,13.51,Rampart,3,10,1276,6
5-6-2020,2.14,Horizon,4,2,1067,19
1-12-2020,15.65,Valkyrie,3,2,705,5
22-11-2019,0.84,Wraith,1,4,692,16
31-8-2022,2.19,Revenant,15,2,3090,10
29-8-2020,2.24,Bangalore,8,0,1647,5
23-5-2020,29.95,Mirage,8,10,3183,7
17-7-2020,12.79,Lifeline,8,7,2384,6
26-5-2021,26.66,Octane,7,8,1889,9
3-12-2020,23.06,Bloodhound,12,11,2373,15
26-10-2019,26.54,Bloodhound,2,4,676,20
26-11-2022,24.75,Wattson,11,7,1684,16
2-12-2021,23.22,Wraith,2,12,1069,14
8-12-2021,15.94,Wattson,17,4,2350,1
10-10-2019,17.31,Ash,2,8,1771,10
16-8-2019,3.25,Gibraltar,3,0,682,6
10-2-2021,13.84,Caustic,1,3,397,9
27-4-2019,17.89,Revenant,6,1,886,3
8-6-2022,17.22,Wattson,8,2,1732,16
24-11-2022,15.45,Mad Maggie,8,16,4503,16
8-12-2022,29.98,Octane,8,16,2451,13
3-8-2020,3.37,Lifeline,1,9,1896,1
2-11-2022,23.76,Pathfinder,4,4,1045,8
7-5-2022,4.74,Bangalore,5,1,555,18
18-4-2019,0.7,Bloodhound,3,3,1258,6
22-2-2021,18.26,Valkyrie,4,1,775,13
14-9-2021,23.39,Mirage,5,6,1409,17
2-4-2022,29.09,Valkyrie,10,4,2973,19
8-12-2022,8.11,Pathfinder,6,0,1262,7
25-7-2020,3.28,Horizon,5,3,967,15
17-1-2021,6.92,Octane,1,8,1020,7
11-6-2019,0.09,Revenant,7,6,2160,7
15-8-2019,28.48,Ash,13,3,1147,3
17-11-2019,20.86,Fuse,2,7,1136,18
4-6-2022,25.74,Ash,2,17,2120,5
4-2-2020,21.27,Bangalore,2,8,1605,17
22-9-2022,0.43,Lifeline,3,4,533,1
12-2-2021,20.39,Wraith,3,4,1432,14
5-10-2022,11.85,Bloodhound,9,14,3057,12
4-8-2021,24.94,Bloodhound,3,8,1771,18
8-5-2019,11.69,Gibraltar,10,8,2180,5
24-3-2022,6.02,Fuse,19,0,1871,12
14-2-2019,2.06,Rampart,4,5,1114,4
15-9-2022,3.28,Bloodhound,0,8,1366,11
28-4-2019,10.0,Caustic,9,5,854,6
13-9-2022,29.84,Rampart,4,2,1246,13
12-8-2020,15.18,Octane,3,1,926,4
30-1-2022,1.89,Fuse,4,5,584,10
27-3-2020,17.13,Gibraltar,8,8,2395,4
2-10-2022,26.68,Caustic,3,7,993,17
5-3-2021,11.78,Bangalore,6,6,1525,18
1-8-2021,28.9,Wraith,11,13,1724,19
25-1-2021,21.44,Lifeline,8,4,2398,9
6-9-2022,24.23,Octane,4,7,1959,6
9-4-2019,20.38,Bangalore,3,12,1479,6
22-7-2020,21.41,Wraith,8,2,1099,12
10-9-2022,17.57,Bangalore,13,4,1694,8
24-11-2022,4.73,Octane,7,0,1234,17
19-1-2021,13.51,Rampart,2,13,2574,4
16-7-2022,14.22,Rampart,11,1,1878,12
4-8-2021,27.59,Ash,19,3,3052,15
1-8-2021,4.3,Bloodhound,2,2,579,3
16-5-2022,12.88,Wraith,10,14,2962,4
25-8-2022,17.44,Mad Maggie,11,3,1638,10
2-11-2020,11.0,Revenant,2,6,1627,2
26-8-2019,8.13,Fuse,5,0,429,16
11-1-2021,7.98,Wattson,3,6,1810,9
23-1-2022,5.73,Mirage,1,0,69,10
29-5-2022,20.01,Lifeline,6,5,1030,7
2-9-2022,5.37,Rampart,2,10,1907,4
22-12-2020,24.48,Bloodhound,5,2,904,14
20-2-2021,8.39,Revenant,0,11,1473,14
21-2-2020,21.53,Horizon,11,10,3952,13
27-2-2019,3.88,Wattson,3,0,407,14
11-5-2020,18.6,Lifeline,18,2,1786,1
7-4-2020,8.83,Wraith,3,1,603,12
28-9-2022,27.34,Mad Maggie,2,19,1496,14
8-11-2020,15.34,Caustic,13,1,1302,20
2-4-2020,13.61,Horizon,12,3,1409,19
25-11-2019,20.53,Wattson,5,9,1540,16
29-11-2019,9.48,Caustic,7,12,3721,5
14-5-2021,14.12,Gibraltar,13,5,3881,15
31-5-2021,2.29,Pathfinder,3,10,752,19
2-10-2021,28.47,Pathfinder,6,4,1847,16
25-4-2019,4.1,Rampart,0,1,144,8
11-4-2020,21.75,Mirage,5,7,2031,14
24-12-2019,8.83,Caustic,6,8,2820,11
21-8-2020,20.75,Ash,9,4,1972,3
16-12-2021,18.86,Fuse,1,4,834,11
1-2-2020,22.41,Mirage,3,7,1982,1
15-12-2022,17.53,Pathfinder,12,1,2791,4
25-2-2020,29.78,Gibraltar,16,5,1735,16
25-8-2021,16.75,Valkyrie,2,2,719,14
10-6-2022,15.83,Bloodhound,9,1,2220,18
15-9-2020,7.46,Pathfinder,0,4,189,14
26-7-2020,12.22,Rampart,8,3,1981,14
4-2-2021,10.28,Wraith,10,5,3255,11
2-5-2019,7.91,Pathfinder,10,4,1549,13
10-11-2020,7.26,Gibraltar,0,4,201,16
30-3-2022,22.66,Lifeline,14,6,2707,3
13-6-2021,16.94,Lifeline,5,2,1331,6
7-5-2019,2.64,Gibraltar,3,6,1253,12
25-2-2022,3.59,Caustic,11,0,1905,14
5-2-2020,19.05,Bloodhound,5,3,1705,15
3-12-2022,20.68,Horizon,5,4,1124,12
30-3-2020,21.97,Gibraltar,2,3,615,13
25-12-2021,29.42,Bangalore,2,8,1937,12
27-1-2021,19.41,Horizon,8,5,1573,17
26-7-2020,8.97,Pathfinder,0,10,1216,20
10-5-2020,12.91,Wattson,4,8,1796,11
16-9-2019,27.89,Valkyrie,2,8,1581,17
17-11-2022,15.18,Valkyrie,16,3,1547,14
18-10-2019,6.42,Bloodhound,16,9,3771,4
18-7-2022,27.52,Wraith,13,2,3254,3
3-10-2022,19.04,Valkyrie,3,3,413,6
12-2-2021,9.42,Gibraltar,4,12,2892,10
19-4-2022,3.86,Fuse,5,6,1396,12
20-8-2021,29.46,Wraith,3,10,2393,9
22-9-2021,15.09,Pathfinder,2,7,1687,1
8-5-2019,27.91,Mad Maggie,18,3,3592,10
20-4-2021,21.92,Rampart,12,11,3810,1
15-1-2022,14.97,Revenant,3,13,1395,4
27-11-2020,2.6,Lifeline,1,7,1096,3
24-5-2020,2.01,Octane,3,1,817,14
1-4-2022,0.97,Bloodhound,7,10,1459,6
6-4-2020,14.57,Bloodhound,2,6,1251,6
30-11-2021,16.83,Bloodhound,2,3,518,4
26-4-2019,25.81,Bloodhound,13,2,927,1
5-7-2020,18.57,Fuse,7,7,2264,8
17-3-2021,4.77,Wraith,5,1,933,20
5-4-2019,3.31,Rampart,10,3,1244,3
1-5-2020,20.35,Bloodhound,2,18,1952,10
23-11-2022,13.34,Octane,6,16,3060,12
11-7-2019,16.88,Lifeline,1,5,831,12
1-3-2021,19.72,Mad Maggie,9,11,1743,19
9-5-2022,6.51,Gibraltar,1,2,504,4
17-12-2020,29.38,Octane,4,13,2392,9
6-7-2020,17.39,Horizon,2,13,1032,4
16-9-2022,27.79,Pathfinder,10,4,1457,10
16-2-2019,28.45,Mad Maggie,9,2,2511,12
19-4-2020,8.14,Valkyrie,10,16,2237,13
2-9-2019,18.91,Revenant,2,3,457,9
12-4-2019,7.64,Octane,0,0,0,1
14-6-2021,2.55,Bangalore,2,0,473,2
24-10-2021,21.39,Rampart,5,7,2048,14
26-8-2022,13.45,Octane,10,8,1982,12
8-8-2021,14.36,Mad Maggie,6,4,1446,3
24-1-2021,15.4,Wraith,2,4,361,16
11-6-2020,8.18,Gibraltar,1,3,582,16
20-1-2022,21.0,Lifeline,2,7,892,19
5-2-2020,25.8,Rampart,2,6,824,2
11-9-2021,29.01,Mirage,16,10,2476,19
15-4-2021,2.93,Pathfinder,0,3,242,3
12-8-2021,20.65,Revenant,7,2,1073,20
23-12-2021,19.07,Fuse,2,16,2913,19
6-6-2022,0.16,Wattson,9,2,1252,17
23-3-2020,13.08,Bangalore,5,1,1355,8
4-3-2020,27.79,Wraith,19,3,1787,18
5-10-2021,25.29,Caustic,2,5,1183,17
14-10-2021,28.28,Ash,6,4,2216,14
23-4-2022,25.84,Wattson,5,4,1549,9
27-1-2021,27.34,Pathfinder,10,4,2775,17
31-5-2021,21.34,Wraith,3,12,920,16
15-1-2021,17.5,Pathfinder,5,12,2905,17
25-5-2022,10.18,Caustic,2,3,667,8
24-10-2021,20.85,Bloodhound,5,4,1431,3
26-9-2019,1.03,Wraith,0,3,395,17
14-12-2019,4.05,Bloodhound,16,10,2998,8
15-10-2020,16.3,Octane,18,17,6336,11
4-8-2021,10.96,Valkyrie,2,3,1007,18
29-1-2022,3.44,Fuse,0,2,102,16
8-6-2021,18.77,Rampart,2,2,344,19
10-12-2020,4.43,Wraith,10,1,1462,20
23-8-2020,10.01,Valkyrie,12,4,2630,13
27-5-2022,13.14,Horizon,11,13,2229,20
3-11-2021,3.78,Horizon,2,1,381,3
17-5-2021,25.62,Bloodhound,13,11,5021,6
27-9-2019,2.43,Bangalore,5,2,1212,10
15-1-2022,3.06,Gibraltar,7,14,1114,14
4-7-2022,27.16,Ash,4,5,1316,15
20-12-2019,24.52,Valkyrie,2,12,2041,18
2-9-2020,15.32,Horizon,2,6,1021,14
24-2-2022,8.42,Valkyrie,1,3,597,15
30-12-2022,28.31,Mad Maggie,6,9,2672,3
24-3-2022,25.21,Lifeline,3,2,346,3
7-6-2022,27.8,Rampart,5,6,1369,15
24-9-2019,17.27,Fuse,6,1,1499,5
9-6-2021,12.27,Pathfinder,1,2,444,16
31-3-2021,28.87,Bloodhound,14,13,3285,12
9-11-2019,24.67,Mad Maggie,4,4,1642,15
17-12-2021,8.92,Gibraltar,3,0,505,17
4-9-2022,17.85,Bangalore,18,2,2065,15
14-7-2020,12.79,Gibraltar,6,2,473,19
12-11-2019,26.75,Bloodhound,3,6,1555,15
8-12-2020,17.31,Gibraltar,1,5,541,9
16-11-2019,27.14,Octane,4,5,650,9
5-4-2020,23.27,Mirage,3,15,3144,17
17-6-2020,10.16,Wattson,7,6,1797,12
30-9-2019,24.43,Fuse,7,3,687,11
18-6-2021,24.27,Revenant,14,4,2445,5
15-1-2020,1.95,Ash,7,2,1394,14
27-1-2020,12.85,Horizon,11,11,2530,16
4-11-2019,22.04,Pathfinder,2,8,1362,10
10-12-2022,20.56,Ash,2,11,2104,15
11-7-2022,14.36,Pathfinder,8,14,2303,10
13-12-2021,10.75,Horizon,3,1,586,15
19-10-2019,15.19,Lifeline,7,5,1856,19
9-9-2022,16.31,Pathfinder,4,9,2456,9
30-4-2020,29.02,Horizon,5,10,1190,18
4-7-2019,29.44,Wraith,17,7,2322,17
21-2-2020,5.04,Mad Maggie,2,12,1805,9
3-12-2019,17.36,Mad Maggie,1,2,538,1
21-12-2021,24.45,Valkyrie,2,3,511,3
15-2-2020,24.72,Mad Maggie,5,9,2314,3
8-2-2020,11.79,Caustic,10,16,5095,16
12-4-2019,24.03,Caustic,7,4,2052,20
22-1-2022,25.56,Octane,3,10,2343,11
6-5-2022,6.67,Revenant,2,0,127,14
11-11-2019,1.64,Mad Maggie,1,4,861,8
22-1-2021,1.55,Valkyrie,3,1,670,13
2-1-2020,3.93,Horizon,5,9,2275,10
28-10-2022,9.15,Revenant,13,2,2831,17
9-10-2021,14.52,Valkyrie,10,8,1851,18
20-5-2022,4.36,Ash,1,4,767,3
14-10-2020,21.88,Mirage,3,7,1277,3
11-5-2022,22.22,Mirage,2,2,724,20
28-2-2020,12.73,Octane,3,2,558,12
23-12-2019,16.19,Horizon,11,1,1262,9
14-7-2019,2.7,Gibraltar,1,0,238,11
31-7-2022,11.43,Wattson,1,1,194,12
26-9-2019,21.59,Lifeline,2,11,917,18
13-8-2021,9.43,Fuse,8,10,1567,10
28-6-2020,21.11,Gibraltar,4,4,1691,19
12-11-2020,14.01,Fuse,3,12,1632,10
21-4-2022,11.51,Valkyrie,13,11,4629,20
11-2-2021,16.78,Caustic,1,5,1100,10
11-5-2020,20.54,Wraith,3,8,894,8
10-12-2019,19.34,Pathfinder,6,1,1156,20
10-1-2020,4.5,Pathfinder,2,4,1019,4
2-4-2022,17.49,Gibraltar,1,1,424,17
14-4-2019,26.07,Valkyrie,3,13,2830,7
9-1-2022,24.39,Octane,17,2,3573,1
7-11-2019,7.07,Octane,12,2,1098,16
12-12-2021,9.22,Revenant,0,1,152,13
3-10-2021,17.03,Mirage,7,6,1211,18
9-9-2021,26.27,Wattson,3,14,861,17
7-5-2019,0.3,Caustic,6,4,875,14
10-6-2022,21.87,Lifeline,8,4,1653,4
7-8-2019,22.66,Lifeline,8,4,965,14
24-5-2020,3.83,Valkyrie,0,10,1420,10
7-9-2019,16.72,Horizon,11,2,2001,14
6-3-2019,2.9,Caustic,3,3,349,16
24-10-2021,3.99,Wraith,4,1,516,6
9-11-2020,1.37,Pathfinder,0,2,385,7
13-6-2020,7.91,Mirage,7,1,1189,20
19-4-2021,2.13,Wattson,7,0,1503,8
8-1-2020,20.92,Pathfinder,14,6,3756,13
14-6-2019,26.56,Horizon,8,10,2056,14
17-11-2022,22.12,Lifeline,15,2,1487,3
15-4-2020,17.1,Bloodhound,10,1,1784,3
8-3-2019,14.23,Fuse,2,7,668,16
9-11-2021,27.64,Valkyrie,2,5,1152,6
24-8-2019,10.9,Valkyrie,8,2,899,20
18-12-2022,3.37,Lifeline,9,3,2348,10
18-3-2019,9.32,Bangalore,0,8,764,2
17-11-2019,0.72,Rampart,1,10,1541,12
30-6-2021,13.67,Octane,20,3,1908,15
20-7-2019,11.83,Rampart,8,5,2251,20
13-7-2020,11.89,Pathfinder,2,10,1247,20
8-7-2022,27.66,Rampart,6,10,3176,1
20-5-2022,28.87,Valkyrie,4,2,726,7
30-4-2022,13.88,Rampart,1,1,369,11
21-12-2020,0.39,Rampart,2,13,2823,5
13-6-2019,23.18,Lifeline,11,7,2557,8
10-8-2020,17.74,Octane,7,1,595,5
21-7-2021,24.85,Gibraltar,3,2,405,18
5-11-2020,10.94,Bloodhound,1,2,217,2
2-12-2022,29.99,Fuse,6,12,1026,3
15-8-2021,28.6,Lifeline,2,5,629,17
1-2-2021,13.99,Fuse,2,12,2358,7
10-8-2019,8.46,Ash,5,1,602,10
19-9-2022,25.12,Octane,6,6,1798,6
9-10-2022,24.05,Horizon,4,4,1260,15
12-3-2020,23.5,Ash,2,2,429,15
22-2-2020,8.0,Wraith,11,1,2499,3
6-3-2021,8.42,Rampart,0,2,280,4
27-12-2020,25.1,Lifeline,8,3,2328,9
18-9-2020,21.4,Rampart,11,5,2440,4
28-5-2022,28.66,Mad Maggie,10,9,2941,16
19-5-2021,19.31,Lifeline,2,8,1680,10
5-6-2022,6.69,Wattson,11,11,2699,5
4-9-2022,8.61,Wraith,6,15,2431,7
20-4-2022,4.24,Rampart,4,6,1506,4
7-6-2022,19.25,Wraith,1,7,1001,6
23-9-2019,0.34,Revenant,5,0,725,10
15-5-2021,26.27,Wraith,2,3,608,2
15-9-2020,11.64,Rampart,5,6,735,11
29-3-2022,24.34,Mirage,13,2,2626,16
30-12-2021,14.05,Ash,1,1,338,2
14-8-2020,24.48,Bloodhound,2,12,972,6
23-7-2020,25.71,Caustic,13,7,3298,2
2-3-2020,5.35,Rampart,4,4,866,17
12-2-2020,17.82,Caustic,5,4,1788,18
10-4-2019,20.74,Wattson,3,10,1891,3
12-9-2019,7.57,Rampart,4,10,1633,12
10-3-2021,11.38,Mirage,4,11,2482,2
13-2-2021,25.7,Valkyrie,5,5,2021,17
28-8-2022,14.43,Caustic,2,10,2242,2
16-2-2020,7.81,Mad Maggie,15,0,1592,18
21-1-2022,23.8,Bangalore,3,7,1219,3
26-4-2022,24.84,Fuse,7,3,1009,2
14-7-2022,2.26,Fuse,1,2,550,12
15-10-2019,3.21,Bloodhound,5,1,988,18
7-10-2021,15.7,Bloodhound,1,1,218,15
26-5-2022,10.72,Rampart,7,1,1304,7
24-5-2021,19.31,Bloodhound,8,11,2808,4
15-4-2022,12.78,Fuse,1,4,918,15
29-9-2020,14.53,Valkyrie,2,13,776,1
2-5-2022,29.44,Mad Maggie,9,5,2823,14
26-2-2020,11.19,Wraith,6,2,968,6
21-6-2019,6.47,Ash,0,2,140,16
7-12-2020,19.81,Valkyrie,7,3,1086,16
29-5-2019,24.77,Bloodhound,15,8,1736,2
1-10-2022,24.95,Mad Maggie,4,3,968,1
15-1-2020,6.0,Mirage,0,2,269,14
14-2-2020,15.17,Fuse,1,15,834,13
19-7-2020,10.2,Bangalore,6,7,2440,6
25-3-2020,10.58,Rampart,5,1,662,17
20-5-2022,26.13,Wraith,11,5,1830,8
28-9-2022,2.21,Ash,8,0,1044,11
3-4-2021,17.32,Wraith,1,1,280,17
18-3-2020,0.98,Mirage,0,2,352,15
7-1-2022,6.57,Horizon,3,1,508,2
7-7-2022,5.27,Fuse,2,1,282,19
30-4-2022,28.29,Ash,6,2,983,7
24-8-2020,24.46,Bangalore,2,5,1337,18
9-5-2020,27.94,Rampart,3,2,1020,20
27-10-2021,15.99,Bloodhound,2,3,1047,17
3-8-2021,18.1,Wraith,12,5,1321,11
26-3-2019,13.41,Gibraltar,6,4,1381,4
9-4-2022,9.7,Revenant,16,0,3837,3
28-8-2021,4.1,Octane,3,8,1928,13
20-9-2021,29.21,Bloodhound,3,6,1339,15
6-4-2020,27.0,Horizon,11,3,1431,9
12-2-2022,25.94,Horizon,8,2,1088,1
13-5-2022,29.98,Wraith,11,5,3106,17
10-11-2019,27.39,Pathfinder,3,5,1211,1
17-7-2020,2.72,Wattson,1,8,522,14
30-10-2020,6.01,Mirage,2,6,1546,10
30-11-2021,22.09,Gibraltar,6,10,1356,15
5-11-2019,22.15,Bangalore,19,15,2416,2
15-1-2020,11.85,Lifeline,2,3,600,2
3-3-2022,10.1,Pathfinder,3,10,1949,2
6-5-2021,27.94,Bangalore,6,6,1417,3
5-12-2021,14.18,Mad Maggie,3,9,1601,1
26-8-2019,6.98,Octane,5,1,736,8
25-9-2021,22.19,Bangalore,8,3,1229,4
9-5-2022,26.31,Rampart,3,5,1444,17
5-2-2020,19.09,Valkyrie,6,4,1088,2
24-3-2021,10.77,Bloodhound,8,8,1973,18
31-5-2021,2.58,Wattson,0,4,457,19
9-12-2019,13.26,Gibraltar,1,6,1290,4
10-2-2021,10.32,Fuse,8,10,2130,14
13-3-2022,6.5,Lifeline,2,4,836,8
10-12-2022,1.96,Valkyrie,0,4,430,17
21-10-2019,12.96,Mad Maggie,4,6,1565,5
18-8-2021,9.74,Valkyrie,7,9,927,8
28-6-2022,3.2,Mirage,9,5,3031,9
10-10-2020,12.17,Octane,13,14,5568,7
25-12-2021,7.39,Rampart,1,3,347,20
2-3-2019,17.99,Mirage,2,2,664,14
25-5-2019,27.55,Octane,10,8,1338,20
20-7-2020,11.41,Bloodhound,15,5,3765,16
5-4-2021,10.91,Caustic,9,3,1956,5
21-10-2022,29.33,Mirage,7,9,3140,8
24-6-2021,19.06,Bangalore,3,7,653,9
28-11-2021,28.71,Valkyrie,3,2,1025,10
16-8-2021,11.47,Gibraltar,2,2,582,18
6-6-2019,16.82,Wattson,7,16,3400,1
9-8-2021,1.9,Gibraltar,4,0,847,3
19-2-2021,11.21,Bangalore,3,5,1314,7
2-3-2020,27.57,Bangalore,5,8,2578,4
15-5-2020,1.56,Mirage,0,0,0,20
1-4-2022,1.63,Fuse,13,5,3999,15
29-12-2020,16.46,Rampart,9,7,942,9
22-3-2021,7.13,Bloodhound,0,4,195,13
4-2-2022,18.72,Wraith,4,13,2070,4
16-8-2021,23.01,Bangalore,13,16,4586,3
29-12-2021,10.8,Pathfinder,18,1,2097,10
15-5-2022,24.57,Bloodhound,9,2,1041,20
25-9-2021,20.71,Caustic,10,9,1899,4
3-10-2022,23.55,Bangalore,3,4,521,5
15-6-2021,18.31,Octane,2,6,727,2
16-6-2022,17.85,Bangalore,13,6,3134,5
21-5-2021,27.73,Horizon,8,4,696,8
13-8-2019,21.44,Horizon,3,17,2249,16
7-1-2022,23.26,Pathfinder,2,7,912,1
22-1-2020,11.24,Fuse,4,4,690,4
3-1-2021,14.59,Fuse,5,3,907,16
7-5-2020,3.37,Wattson,0,2,340,9
15-8-2021,22.91,Caustic,11,8,1780,9
28-11-2021,23.16,Bloodhound,2,13,2871,15
28-7-2021,12.64,Valkyrie,15,1,1878,13
5-8-2021,4.0,Ash,14,10,4383,20
25-11-2021,14.25,Mad Maggie,8,6,1060,19
16-4-2020,7.61,Valkyrie,6,7,813,12
4-6-2021,1.37,Wattson,1,6,749,20
12-4-2022,11.39,Mirage,14,9,2679,8
28-12-2020,0.54,Pathfinder,9,6,2120,2
17-3-2021,2.87,Rampart,5,0,764,15
13-2-2020,0.13,Valkyrie,6,7,2382,20
5-3-2020,9.58,Mad Maggie,6,3,1416,13
29-4-2022,9.52,Bangalore,8,5,1371,5
18-10-2019,3.56,Pathfinder,2,13,1697,3
23-6-2019,18.82,Mirage,1,6,1056,11
18-4-2020,3.88,Mad Maggie,12,4,1083,20
13-6-2019,2.22,Mirage,1,1,320,15
15-7-2020,12.48,Gibraltar,5,4,1222,17
20-11-2022,15.37,Rampart,10,5,1211,6
9-3-2021,25.53,Ash,6,16,3721,12
5-12-2019,11.3,Horizon,3,4,615,6
7-2-2021,21.55,Fuse,8,2,1142,11
19-12-2020,0.3,Bangalore,7,8,1392,13
29-1-2022,23.03,Wraith,8,4,2504,16
26-2-2020,0.43,Gibraltar,5,1,596,10
23-10-2021,27.04,Gibraltar,3,2,417,1
28-9-2020,3.48,Wraith,0,2,207,9
14-12-2020,12.52,Pathfinder,9,10,3475,20
28-8-2019,22.66,Revenant,2,2,222,14
9-4-2020,22.54,Mad Maggie,2,9,1291,3
10-4-2021,15.31,Octane,7,3,1907,20
22-5-2022,14.85,Pathfinder,2,14,1792,10
19-4-2019,8.59,Lifeline,5,0,553,14
28-11-2021,20.02,Wraith,3,7,1028,2
26-9-2019,24.54,Wraith,3,5,1465,10
14-5-2019,17.77,Fuse,5,2,1523,11
2-3-2022,9.24,Mirage,1,11,1258,7
15-6-2022,28.07,Bloodhound,2,7,727,2
1-3-2021,6.87,Lifeline,3,7,1166,6
8-2-2020,9.65,Lifeline,9,3,1894,14
31-1-2021,27.01,Gibraltar,13,12,2023,7
27-6-2021,26.34,Horizon,3,9,1197,2
29-1-2021,26.08,Bloodhound,15,3,2057,10
26-6-2021,12.97,Caustic,12,4,1967,8
3-3-2020,3.58,Horizon,2,2,509,18
21-5-2022,3.39,Mad Maggie,12,2,1869,5
14-5-2021,24.56,Mirage,10,9,1536,8
3-7-2020,27.17,Ash,6,2,617,6
3-8-2020,18.0,Bangalore,1,9,593,7
9-11-2022,21.99,Gibraltar,16,2,1545,19
24-11-2022,23.36,Rampart,2,7,879,19
17-8-2022,6.28,Revenant,3,0,269,10
18-12-2022,21.76,Pathfinder,10,6,1784,16
4-5-2020,14.11,Mad Maggie,4,2,701,2
15-10-2021,18.13,Bangalore,4,2,750,9
15-12-2020,2.19,Rampart,0,0,0,7
21-6-2021,26.5,Caustic,9,6,1617,13
13-2-2019,11.9,Lifeline,2,3,977,12
5-11-2019,9.26,Pathfinder,1,13,1540,4
28-11-2022,20.14,Caustic,10,13,4086,7
2-11-2019,11.2,Gibraltar,11,12,4613,2
14-6-2020,11.83,Pathfinder,3,15,1830,19
31-7-2021,18.18,Valkyrie,1,2,624,11
26-11-2020,5.57,Caustic,1,0,165,20
3-1-2022,11.68,Mirage,7,13,2271,2
13-8-2021,24.46,Mirage,2,2,399,20
28-2-2020,0.52,Lifeline,0,5,782,18
28-8-2020,10.05,Horizon,1,8,743,15
23-3-2020,4.81,Gibraltar,0,1,87,12
18-3-2019,12.96,Bloodhound,1,1,393,16
8-8-2022,13.93,Wraith,17,1,3788,12
9-2-2019,10.96,Revenant,1,8,1347,5
15-12-2022,27.74,Wattson,3,2,665,7
2-7-2021,25.67,Mirage,14,9,1481,16
3-6-2021,10.43,Mirage,6,1,1339,3
30-9-2021,19.41,Horizon,3,10,942,19
30-3-2019,2.64,Caustic,1,4,670,2
15-11-2019,26.85,Gibraltar,2,7,1154,14
1-12-2019,24.45,Bloodhound,6,6,1699,6
21-10-2019,3.79,Mad Maggie,9,8,2909,5
3-4-2019,11.22,Fuse,2,2,450,12
12-8-2021,8.06,Caustic,6,2,1198,7
25-3-2020,4.66,Revenant,6,3,1772,14
13-6-2020,1.56,Mad Maggie,0,3,169,11
28-11-2020,0.23,Revenant,0,0,0,2
1-12-2020,29.43,Valkyrie,15,6,4036,11
11-10-2021,16.13,Mad Maggie,5,2,487,8
8-11-2020,19.34,Pathfinder,2,4,827,7
30-1-2021,26.65,Caustic,4,6,1035,16
4-8-2019,8.79,Wraith,6,2,1396,6
12-9-2021,14.56,Gibraltar,1,9,1029,17
24-10-2022,27.58,Valkyrie,12,4,3469,1
3-7-2022,17.11,Valkyrie,3,2,691,4
31-10-2022,13.66,Valkyrie,4,6,554,9
7-12-2020,22.89,Revenant,5,2,738,1
10-4-2022,0.28,Bloodhound,4,9,2017,1
12-9-2021,1.98,Bloodhound,9,1,2136,19
3-2-2021,8.3,Ash,3,0,482,10
26-2-2020,5.1,Revenant,2,1,283,18
2-8-2020,10.02,Pathfinder,1,1,359,6
19-4-2019,2.43,Fuse,1,2,450,7
19-8-2022,0.19,Lifeline,0,4,350,12
24-6-2020,2.7,Caustic,0,2,149,8
31-10-2019,10.36,Lifeline,14,5,3015,5
22-9-2019,4.34,Octane,6,0,674,11
3-6-2019,0.65,Bloodhound,13,3,1618,12
24-3-2020,11.07,Lifeline,1,13,1594,16
21-10-2021,4.5,Ash,0,10,1440,18
8-3-2020,22.37,Mirage,2,3,805,12
3-8-2020,13.07,Rampart,13,6,1890,19
19-10-2022,23.22,Octane,2,2,277,1
15-2-2020,4.01,Pathfinder,0,11,1391,1
11-6-2021,9.66,Mad Maggie,0,8,1429,13
18-10-2019,10.7,Bangalore,10,3,1263,3
8-12-2019,24.91,Bloodhound,9,2,1677,14
9-12-2021,6.48,Revenant,9,0,651,17
8-1-2021,14.79,Wattson,1,5,895,7
26-12-2021,0.11,Rampart,5,7,749,1
22-9-2019,27.69,Lifeline,14,3,1661,7
14-3-2022,22.64,Pathfinder,6,14,3530,20
7-12-2022,13.0,Horizon,7,4,877,1
24-4-2021,16.4,Bloodhound,7,3,801,12
16-4-2019,27.28,Rampart,10,8,2581,12
25-6-2021,15.59,Mad Maggie,6,5,1564,2
3-7-2019,1.39,Bangalore,6,4,1709,8
22-12-2022,16.1,Octane,13,4,1050,17
2-3-2020,12.72,Pathfinder,2,4,702,5
12-4-2020,1.18,Lifeline,5,4,1698,8
29-7-2022,26.38,Bangalore,11,9,3126,12
28-3-2020,22.29,Horizon,9,2,1323,3
11-5-2021,12.8,Rampart,19,1,4506,16
29-9-2022,4.96,Wraith,2,4,1203,20
7-6-2021,15.43,Rampart,7,7,1468,13
22-11-2022,26.0,Mad Maggie,7,8,2154,15
3-7-2019,11.6,Fuse,3,2,365,7
28-7-2022,29.32,Lifeline,9,9,3556,15
4-2-2022,17.57,Caustic,1,2,476,15
6-5-2021,7.79,Lifeline,7,3,1147,2
19-1-2021,20.64,Wraith,9,8,3282,7
6-11-2020,19.17,Valkyrie,3,12,1621,7
11-9-2022,29.08,Caustic,5,6,2364,4
19-5-2022,2.82,Horizon,7,8,1383,20
1-9-2019,19.83,Revenant,8,4,1244,12
15-7-2021,13.81,Valkyrie,7,11,3776,11
26-4-2020,18.37,Caustic,6,4,1321,16
17-11-2022,3.09,Fuse,0,7,1090,19
14-10-2019,28.08,Horizon,11,3,2110,5
2-12-2022,0.84,Mirage,3,7,1340,8
23-1-2020,10.21,Bangalore,3,9,1275,2
21-2-2020,18.6,Lifeline,3,1,593,8
9-6-2022,9.85,Mad Maggie,3,4,1385,13
6-9-2020,5.18,Wraith,5,2,677,11
27-3-2021,7.64,Fuse,0,7,365,14
15-9-2021,5.83,Fuse,12,2,2352,18
7-5-2020,19.8,Horizon,13,7,2615,8
11-4-2022,0.2,Ash,1,15,2147,18
26-11-2022,27.61,Bangalore,6,2,848,10
20-11-2021,10.41,Ash,3,14,2137,13
3-3-2019,24.64,Wraith,13,10,4588,6
11-5-2020,4.21,Valkyrie,15,0,1801,6
19-5-2020,17.93,Mirage,1,1,185,14
5-12-2021,23.53,Octane,10,2,2108,11
9-10-2022,26.06,Pathfinder,5,7,585,17
19-12-2020,27.09,Caustic,5,14,3094,19
15-10-2020,29.49,Lifeline,3,2,952,20
2-7-2019,4.69,Pathfinder,5,2,1455,4
27-2-2022,16.68,Mirage,7,3,1492,18
19-2-2022,18.61,Rampart,15,4,2546,19
15-8-2019,24.26,Bangalore,3,2,951,3
4-8-2019,13.4,Caustic,1,4,463,8
10-10-2020,6.88,Fuse,10,5,1608,17
5-7-2020,17.09,Rampart,9,5,2647,4
19-4-2019,10.18,Wattson,11,12,4128,6
5-4-2019,4.37,Mirage,1,8,1014,11
19-2-2022,23.6,Bloodhound,13,6,2720,13
7-8-2020,26.54,Wattson,9,3,2522,20
22-8-2022,24.76,Lifeline,12,5,2805,3
1-9-2022,7.46,Mad Maggie,13,6,1672,12
23-12-2021,12.64,Lifeline,2,3,880,5
12-10-2020,2.78,Valkyrie,4,0,299,17
10-2-2020,1.2,Wraith,9,4,1426,9
17-3-2022,28.76,Bloodhound,6,6,2037,7
14-10-2022,29.14,Mirage,5,2,849,5
3-11-2019,21.85,Fuse,2,3,997,13
13-4-2022,13.91,Horizon,17,4,3557,11
4-10-2021,8.84,Pathfinder,5,4,1249,4
22-1-2020,0.75,Gibraltar,2,9,1836,12
4-4-2020,29.64,Ash,4,13,2934,20
18-8-2021,7.47,Valkyrie,7,4,881,12
28-11-2022,15.53,Wattson,4,8,1072,20
28-3-2021,2.73,Mirage,9,0,1824,4
2-7-2021,2.69,Fuse,0,0,0,15
16-4-2022,0.26,Wraith,9,4,1839,17
16-11-2020,4.07,Caustic,12,9,2130,19
19-12-2022,7.71,Wattson,5,15,3364,3
24-7-2020,10.77,Mirage,10,4,1464,1
19-12-2022,23.91,Caustic,6,4,581,20
29-9-2022,26.02,Wattson,10,4,2215,16
7-8-2019,17.4,Gibraltar,6,1,945,20
27-9-2020,11.6,Bloodhound,1,3,524,11
17-1-2021,7.76,Mad Maggie,18,1,3566,19
21-11-2019,1.82,Octane,0,2,278,19
22-4-2019,9.09,Ash,3,0,277,11
20-1-2020,19.7,Mad Maggie,4,4,1059,7
14-12-2022,1.22,Wraith,6,6,2429,12
14-4-2020,12.8,Lifeline,1,2,362,1
25-10-2020,18.24,Mirage,1,7,985,3
9-2-2021,27.7,Caustic,9,3,1116,13
27-2-2022,5.92,Lifeline,10,13,1761,14
17-6-2021,7.8,Caustic,2,14,1040,4
9-6-2022,16.0,Gibraltar,1,1,237,14
25-6-2020,2.35,Valkyrie,3,9,2421,11
12-9-2021,1.72,Mirage,0,5,393,1
19-3-2020,7.25,Ash,0,10,574,9
12-11-2019,11.2,Octane,3,1,501,3
25-9-2021,2.74,Bangalore,0,4,610,7
14-5-2021,28.24,Bloodhound,3,6,745,2
15-12-2019,24.25,Bloodhound,5,13,1929,16
27-1-2020,19.07,Rampart,15,1,2212,8
17-9-2021,28.2,Gibraltar,11,2,1613,4
13-2-2022,26.05,Ash,2,2,283,18
10-2-2020,4.66,Fuse,2,5,1200,3
21-6-2021,12.01,Wattson,1,3,506,9
22-9-2019,28.22,Bloodhound,4,12,1092,8
29-9-2022,20.58,Gibraltar,5,14,1057,3
9-7-2019,3.64,Rampart,11,3,3010,20
31-7-2021,28.02,Caustic,12,9,1965,13
27-4-2022,2.01,Fuse,9,8,3121,11
29-12-2019,24.38,Mad Maggie,2,3,787,3
11-4-2020,1.77,Rampart,9,3,2161,1
6-2-2020,27.09,Ash,9,12,2840,5
2-1-2022,11.81,Pathfinder,2,11,2323,15
21-12-2019,13.17,Mirage,2,12,1318,14
1-8-2020,2.85,Mad Maggie,0,1,116,7
18-3-2019,20.33,Ash,2,5,1215,12
13-2-2021,9.7,Pathfinder,1,7,1042,5
29-7-2019,21.58,Fuse,4,2,1121,1
8-5-2021,17.36,Pathfinder,13,9,1754,20
15-5-2020,26.38,Mirage,5,8,2118,13
30-6-2022,0.12,Ash,12,0,2448,1
4-8-2019,15.42,Horizon,1,15,850,6
23-9-2021,22.26,Bloodhound,10,2,1159,11
15-4-2021,26.97,Horizon,4,16,2472,11
5-3-2019,13.47,Rampart,7,17,4850,19
12-10-2020,11.38,Caustic,5,10,1001,19
3-5-2022,7.57,Lifeline,8,0,1863,2
18-5-2020,29.71,Rampart,12,3,1880,8
27-10-2021,21.1,Wraith,5,3,1186,18
14-1-2020,15.6,Caustic,8,11,2013,8
8-10-2019,6.64,Octane,0,3,144,6
30-5-2019,13.11,Pathfinder,11,1,2023,4
1-9-2022,17.14,Octane,1,1,174,12
5-2-2021,13.66,Gibraltar,2,2,384,1
29-1-2022,19.19,Bangalore,2,6,502,1
15-6-2021,9.69,Octane,7,4,1286,3
23-11-2020,24.61,Octane,3,11,1337,17
16-9-2020,22.46,Valkyrie,8,10,3079,7
21-3-2020,19.11,Gibraltar,1,1,219,10
5-8-2019,4.82,Bangalore,6,0,518,18
8-11-2021,15.05,Mirage,9,1,1055,3
5-5-2020,1.37,Wattson,0,2,315,4
1-12-2021,11.59,Rampart,6,6,1038,5
27-9-2021,12.34,Pathfinder,4,3,1121,13
30-1-2022,6.21,Valkyrie,2,0,224,5
17-3-2021,7.7,Pathfinder,10,7,1416,5
16-9-2019,3.39,Gibraltar,15,5,2300,12
22-8-2021,18.98,Octane,4,1,532,7
1-4-2021,10.34,Ash,2,4,608,10
28-8-2021,26.41,Mirage,13,9,4284,16
29-3-2019,15.22,Lifeline,3,5,1217,6
14-6-2021,5.6,Lifeline,0,14,854,8
6-7-2022,29.4,Mad Maggie,5,9,2631,9
4-3-2019,12.95,Revenant,6,15,1361,13
25-11-2022,14.62,Mirage,4,1,465,18
26-5-2019,21.88,Bloodhound,5,3,977,2
2-1-2020,25.04,Lifeline,13,3,3440,7
2-3-2019,15.92,Valkyrie,7,6,2424,5
25-7-2021,27.46,Bangalore,8,4,2097,3
16-6-2021,14.11,Pathfinder,7,11,2695,18
22-1-2022,18.27,Rampart,1,1,285,13
31-12-2019,27.2,Wattson,3,5,1623,18
27-11-2021,16.76,Lifeline,1,4,575,14
25-9-2020,1.7,Mad Maggie,10,2,724,14
19-10-2022,22.95,Rampart,14,3,1420,14
27-9-2019,11.61,Lifeline,13,6,2887,7
7-3-2019,20.89,Fuse,2,3,327,3
20-12-2022,2.71,Ash,1,1,138,7
4-12-2020,2.83,Pathfinder,2,1,413,10
22-9-2022,1.88,Lifeline,5,3,1212,1
21-11-2021,1.71,Gibraltar,9,3,2007,9
16-10-2021,16.13,Rampart,1,10,1058,5
7-4-2022,9.11,Ash,5,8,979,12
27-9-2021,19.07,Mirage,1,11,1710,19
9-7-2020,8.6,Octane,0,17,1511,5
15-8-2020,17.21,Gibraltar,18,14,3603,16
25-7-2020,5.24,Caustic,0,9,855,15
13-2-2021,2.67,Rampart,11,14,4842,13
20-12-2019,24.55,Lifeline,16,3,2276,3
15-10-2022,20.84,Wraith,3,4,700,16
1-2-2021,16.43,Revenant,12,5,3023,17
8-3-2022,11.31,Valkyrie,4,1,909,7
2-7-2022,10.76,Octane,2,5,539,10
13-2-2020,13.53,Wraith,12,4,1759,9
7-5-2022,12.66,Rampart,12,6,3873,11
13-4-2019,23.91,Mirage,2,6,545,17
13-9-2021,18.49,Caustic,9,3,1276,14
11-9-2020,11.78,Valkyrie,2,4,1024,10
21-9-2019,2.19,Horizon,10,9,2268,5
7-4-2019,11.95,Wattson,7,14,2143,7
23-8-2021,15.42,Fuse,7,4,1857,14
28-10-2019,0.48,Caustic,1,0,168,4
6-4-2019,6.12,Revenant,9,0,2138,7
7-1-2021,16.81,Mad Maggie,1,16,1670,13
18-10-2021,3.8,Bloodhound,3,4,1063,13
18-12-2019,13.82,Horizon,10,3,2042,7
17-8-2022,9.95,Valkyrie,8,1,1481,20
19-6-2020,0.73,Revenant,4,6,1303,18
1-7-2020,1.73,Fuse,10,1,1212,10
14-7-2021,8.46,Rampart,2,6,696,20
10-11-2021,21.73,Ash,7,5,2270,3
27-2-2019,11.01,Caustic,3,2,714,1
30-7-2020,20.38,Mirage,12,6,1930,9
24-4-2021,20.59,Wattson,4,3,1444,1
3-4-2020,11.03,Rampart,4,3,675,13
5-6-2020,2.98,Fuse,2,4,1309,2
2-9-2020,12.55,Pathfinder,1,7,1545,6
10-5-2021,8.83,Gibraltar,8,0,1378,19
26-9-2020,3.54,Horizon,1,6,715,11
30-8-2020,23.73,Ash,2,2,769,5
21-3-2019,24.96,Valkyrie,3,3,834,5
1-1-2022,28.62,Caustic,10,9,2154,18
28-5-2020,14.87,Fuse,11,8,2089,8
14-7-2020,22.5,Valkyrie,13,3,1492,5
3-12-2021,22.91,Caustic,2,13,1905,6
10-4-2022,16.18,Bangalore,2,1,531,10
27-3-2019,11.47,Lifeline,1,13,1392,5
8-12-2020,8.1,Mirage,1,18,1108,3
22-7-2019,25.19,Fuse,9,5,2265,9
15-11-2019,18.46,Bloodhound,12,5,3297,14
12-2-2020,1.45,Mirage,7,14,2986,17
25-12-2022,11.16,Fuse,8,5,1855,17
4-3-2019,11.4,Mad Maggie,1,12,2513,12
25-9-2021,2.4,Mad Maggie,5,2,987,12
11-11-2019,8.44,Revenant,10,2,2748,18
3-2-2020,27.47,Gibraltar,4,3,538,14
9-7-2020,12.0,Lifeline,1,10,1548,14
17-9-2019,16.68,Octane,9,3,1037,14
20-2-2022,22.43,Ash,4,12,1526,1
27-2-2022,8.82,Rampart,3,9,1399,17
7-6-2022,25.47,Horizon,2,3,580,17
6-3-2022,1.25,Mad Maggie,2,7,1241,14
3-8-2022,5.51,Fuse,3,1,910,6
6-12-2019,8.5,Lifeline,3,8,1603,1
3-4-2022,16.2,Horizon,3,4,1375,12
20-9-2021,26.25,Pathfinder,3,2,821,1
3-3-2020,18.53,Mad Maggie,13,8,2285,3
22-6-2022,16.53,Bloodhound,14,2,2589,4
26-8-2019,8.93,Wattson,0,0,0,1
29-11-2019,19.21,Pathfinder,7,5,2024,1
12-6-2022,11.63,Valkyrie,11,11,3402,18
20-5-2020,8.78,Bloodhound,7,9,1831,3
23-6-2021,25.06,Bangalore,4,13,1871,1
5-2-2022,26.43,Lifeline,4,3,560,20
29-10-2020,16.15,Rampart,5,1,677,10
7-4-2021,29.6,Mad Maggie,4,10,2408,12
31-7-2020,14.21,Lifeline,9,10,3643,10
9-7-2021,4.43,Bangalore,8,8,1969,1
11-8-2019,5.21,Mad Maggie,1,14,1479,19
10-6-2022,9.11,Ash,5,0,1081,7
13-8-2022,20.08,Revenant,6,3,784,8
3-8-2022,20.01,Valkyrie,8,3,2188,12
8-9-2019,2.81,Valkyrie,1,0,128,9
22-1-2020,8.4,Revenant,2,10,2182,11
18-7-2019,15.21,Valkyrie,10,10,2043,6
30-10-2022,5.75,Pathfinder,10,6,3193,17
4-2-2022,3.81,Wraith,8,6,1847,18
7-3-2020,2.1,Pathfinder,10,0,790,13
23-5-2022,5.79,Horizon,4,1,891,15
11-1-2021,1.26,Mirage,2,3,372,8
4-1-2022,23.28,Octane,12,6,3411,13
19-6-2022,28.92,Bloodhound,6,5,953,4
15-11-2020,20.55,Ash,5,2,1265,14
17-12-2021,2.68,Fuse,1,11,858,20
10-2-2020,25.7,Revenant,6,13,3618,16
19-8-2020,1.0,Valkyrie,3,2,738,10
14-2-2022,10.01,Bangalore,14,12,4394,8
24-2-2022,3.9,Gibraltar,0,8,1136,8
28-6-2019,12.76,Wraith,2,2,331,4
14-11-2020,18.77,Ash,2,13,1310,10
10-12-2021,15.66,Revenant,2,2,280,4
20-2-2022,17.92,Mirage,12,6,1589,8
27-7-2022,17.02,Wraith,6,5,750,18
18-10-2020,26.05,Mad Maggie,10,5,2446,1
31-1-2020,24.85,Mad Maggie,13,4,3396,13
17-2-2020,1.83,Pathfinder,3,15,2626,13
21-10-2021,28.77,Fuse,9,8,2449,15
24-9-2022,2.04,Fuse,6,0,376,18
6-12-2021,14.78,Wraith,2,3,812,7
19-12-2022,11.47,Rampart,6,13,3588,11
3-7-2022,24.74,Lifeline,6,13,3017,15
6-1-2020,11.33,Fuse,6,6,707,5
7-2-2022,5.28,Wattson,1,3,398,9
4-8-2022,24.99,Octane,3,3,1130,14
4-4-2020,9.25,Bangalore,0,2,250,4
22-2-2021,19.01,Fuse,7,11,1873,3
19-5-2022,16.22,Bloodhound,1,7,816,19
8-4-2021,23.43,Lifeline,8,15,2480,14
31-7-2020,21.31,Valkyrie,5,2,785,19
20-5-2020,1.8,Mad Maggie,1,3,681,17
21-9-2020,7.82,Wraith,7,0,541,11
15-10-2020,26.73,Mad Maggie,5,8,1660,3
23-9-2021,17.54,Revenant,13,11,3485,17
14-11-2021,26.4,Fuse,12,3,1490,17
27-5-2019,15.31,Bangalore,3,7,1251,17
16-8-2021,29.43,Lifeline,11,14,4560,3
3-12-2021,1.26,Pathfinder,1,9,899,18
21-9-2022,17.38,Wraith,12,12,3349,12
14-5-2021,26.25,Valkyrie,2,7,1051,14
6-1-2021,10.82,Fuse,3,1,822,8
12-9-2021,23.27,Bangalore,5,4,1668,14
10-2-2022,8.03,Lifeline,8,0,1226,2
2-2-2020,25.86,Caustic,4,2,375,20
28-10-2021,16.74,Horizon,8,1,2023,15
29-3-2020,12.26,Pathfinder,1,9,1567,4
23-2-2020,17.41,Lifeline,17,6,4006,8
14-4-2019,16.13,Pathfinder,4,7,1203,8
19-12-2021,21.55,Wraith,6,5,1454,9
7-6-2020,6.57,Octane,5,3,941,9
22-5-2019,0.15,Horizon,4,2,931,15
29-6-2022,26.56,Octane,10,2,1909,5
2-1-2020,9.44,Mad Maggie,7,3,683,15
16-6-2022,1.19,Mad Maggie,9,8,3065,1
23-6-2020,19.25,Caustic,4,10,2651,6
22-5-2021,11.15,Lifeline,7,11,2341,11
6-10-2020,15.38,Bloodhound,13,1,2420,17
23-8-2020,8.43,Pathfinder,10,0,2230,10
26-1-2020,4.46,Lifeline,3,1,473,3
17-8-2019,24.03,Caustic,4,3,528,18
18-1-2020,16.61,Ash,4,8,1876,5
30-12-2021,11.83,Revenant,2,11,1419,7
28-3-2021,27.9,Bloodhound,3,3,367,6
19-10-2021,10.74,Horizon,6,2,502,20
21-7-2021,5.5,Horizon,10,0,1681,16
22-4-2020,20.82,Mirage,17,6,1674,5
13-6-2020,4.57,Bangalore,13,4,2116,5
15-8-2019,14.29,Fuse,1,4,380,16
17-2-2021,23.58,Octane,7,11,2585,2
30-1-2022,11.13,Fuse,7,9,2607,11
1-6-2022,3.0,Caustic,13,1,3225,20
26-11-2019,22.26,Wraith,3,11,1200,8
10-7-2021,17.45,Lifeline,2,1,207,8
5-2-2022,9.42,Wraith,6,3,1003,18
2-12-2021,22.32,Ash,14,6,4483,11
20-8-2021,27.29,Pathfinder,6,6,1371,16
26-1-2021,17.94,Wattson,2,2,358,2
25-12-2021,3.23,Gibraltar,0,2,349,14
9-5-2019,27.32,Gibraltar,15,5,2553,1
23-2-2020,15.84,Caustic,9,3,2294,19
2-7-2022,7.43,Mirage,6,1,541,18
20-11-2021,24.02,Rampart,7,3,1999,6
13-8-2019,3.84,Ash,6,3,1173,8
27-7-2021,13.58,Gibraltar,13,9,2504,12
2-7-2021,23.25,Caustic,12,3,1400,2
2-8-2021,11.13,Gibraltar,3,4,576,16
15-5-2022,23.22,Pathfinder,7,5,1573,9
8-5-2021,25.86,Valkyrie,5,6,1131,8
18-8-2021,14.93,Rampart,3,6,1261,6
16-11-2021,4.08,Lifeline,10,9,3723,13
7-2-2020,22.87,Fuse,8,2,814,20
15-7-2020,26.93,Bloodhound,2,3,485,16
11-9-2022,8.89,Bangalore,4,3,1457,8
28-9-2019,14.78,Mirage,11,6,1389,12
19-12-2019,7.79,Wraith,0,1,132,10
5-4-2022,13.34,Mad Maggie,1,8,566,19
20-7-2020,13.99,Lifeline,10,8,2377,15
11-6-2021,17.4,Fuse,4,2,1251,1
8-12-2021,14.44,Wraith,1,7,414,19
13-6-2022,10.56,Wattson,5,3,1090,5
8-4-2020,21.43,Bangalore,7,3,1834,6
3-2-2020,24.98,Octane,7,10,1294,19
13-7-2020,29.57,Revenant,4,6,1520,4
13-3-2022,10.83,Gibraltar,12,2,3110,13
18-9-2022,13.96,Gibraltar,4,4,1364,1
19-1-2022,10.24,Bloodhound,4,1,987,3
1-4-2019,6.1,Octane,8,5,899,9
5-2-2020,6.76,Pathfinder,3,0,510,10
19-8-2022,7.69,Bloodhound,11,5,1758,2
10-5-2022,0.01,Gibraltar,0,4,765,19
23-7-2019,20.94,Pathfinder,5,9,1543,6
29-8-2019,0.02,Wraith,6,1,1061,11
18-5-2020,0.48,Wattson,10,16,4062,20
7-7-2020,17.19,Gibraltar,4,2,1026,4
12-6-2020,16.39,Horizon,1,4,707,8
4-7-2019,3.73,Valkyrie,4,12,1631,14
6-6-2020,27.85,Bloodhound,13,6,1758,2
13-6-2021,2.82,Gibraltar,1,0,167,16
5-6-2021,28.24,Ash,5,2,1081,15
20-4-2019,25.27,Valkyrie,3,6,1777,4
5-3-2022,5.56,Ash,11,7,3596,11
7-12-2019,25.28,Lifeline,21,10,2434,8
6-12-2021,10.59,Ash,4,2,915,7
22-8-2022,6.49,Ash,2,4,1020,15
7-12-2022,10.87,Pathfinder,4,4,1620,9
17-7-2019,1.28,Ash,0,4,274,12
30-5-2022,12.31,Revenant,4,8,1772,14
11-1-2020,2.88,Lifeline,8,0,1102,12
3-1-2022,7.75,Valkyrie,12,3,2076,18
31-1-2021,16.38,Wraith,10,18,5402,7
21-8-2021,18.69,Bangalore,2,2,424,7
11-5-2020,12.58,Octane,1,9,1656,4
19-8-2020,28.45,Horizon,13,16,2870,8
10-8-2020,18.54,Lifeline,10,7,2267,13
21-5-2019,2.98,Revenant,2,5,1144,1
14-5-2020,7.74,Wattson,13,2,1038,10
12-4-2022,16.14,Wraith,1,9,1063,7
16-12-2021,21.22,Ash,7,3,1464,10
12-12-2022,15.68,Mirage,11,13,2349,6
31-8-2022,25.79,Horizon,16,3,3674,10
6-6-2019,21.13,Caustic,2,4,1130,17
29-1-2021,10.18,Fuse,11,11,2362,8
18-8-2020,3.24,Valkyrie,2,0,328,8
11-5-2022,3.52,Octane,3,4,927,1
6-3-2020,20.14,Gibraltar,5,2,635,17
11-12-2022,13.46,Fuse,2,9,2154,2
11-12-2022,8.8,Wraith,5,7,2171,6
6-12-2021,5.5,Bangalore,9,5,2215,19
2-9-2021,20.31,Fuse,6,3,1351,3
3-7-2020,14.28,Valkyrie,3,2,474,12
22-5-2022,15.15,Wattson,4,6,1878,14
4-11-2019,21.66,Wraith,2,6,1361,2
11-3-2021,25.25,Fuse,10,11,2941,13
9-4-2021,22.83,Pathfinder,11,2,1791,16
6-9-2020,5.72,Caustic,2,3,735,20
15-8-2022,15.86,Pathfinder,7,8,1120,7
19-12-2020,7.75,Valkyrie,3,0,386,8
22-7-2021,20.18,Pathfinder,2,19,2152,16
31-5-2020,19.05,Revenant,6,1,1031,12
26-2-2019,20.8,Wattson,4,8,1562,8
18-3-2021,17.98,Mad Maggie,3,5,1519,12
17-2-2019,25.43,Revenant,13,5,3681,8
