29-10-2019,27.42,Octane,15,3,1850,7
5-2-2020,15.2,Gibraltar,1,6,463,17
8-1-2020,1.26,Pathfinder,12,0,1500,8
24-2-2019,23.27,Crypto,9,6,1111,18
11-7-2021,0.11,Gibraltar,2,6,644,7
12-1-2022,22.11,Lifeline,2,5,408,11
1-10-2020,14.36,Lifeline,9,13,2623,13
9-5-2019,14.03,Octane,2,1,381,20
30-4-2019,15.11,Fuse,10,3,1927,7
11-3-2019,6.57,Horizon,8,8,2857,17
20-8-2020,0.5,Octane,4,1,364,13
18-1-2021,22.08,Gibraltar,12,2,2056,16
18-1-2021,4.71,Horizon,0,0,0,2
4-8-2022,1.9,Gibraltar,13,11,3498,9
19-2-2022,6.17,Gibraltar,4,14,2065,2
16-7-2020,23.0,Octane,4,14,3215,6
30-6-2022,4.58,Ash,4,11,2360,2
20-5-2019,3.0,Lifeline,3,2,689,17
15-1-2020,2.77,Gibraltar,1,8,940,6
7-1-2021,10.82,Gibraltar,11,6,3108,16
4-6-2021,18.72,Caustic,17,1,2240,20
13-11-2022,13.25,Pathfinder,1,5,583,19
16-6-2019,15.74,Lifeline,2,15,1111,11
23-10-2019,19.09,Octane,17,6,4466,6
16-10-2021,6.83,Wraith,0,6,1003,13
29-3-2021,28.55,Ash,2,8,722,17
13-4-2020,24.35,Horizon,2,5,944,7
8-7-2021,21.64,Octane,10,2,1143,15
25-4-2020,19.36,Crypto,16,1,3099,20
20-12-2021,6.94,Horizon,11,2,1679,3
2-3-2022,27.6,Horizon,6,3,1510,4
7-12-2020,3.12,Bangalore,10,1,1336,7
7-2-2022,11.67,Bangalore,11,1,2204,7
11-10-2019,25.19,Pathfinder,3,6,908,16
20-6-2021,3.16,Fuse,6,2,863,13
3-7-2020,2.79,Gibraltar,0,4,252,6
25-2-2022,25.89,Fuse,5,3,821,4
6-2-2022,29.42,Gibraltar,7,10,2686,19
11-9-2021,20.41,Bangalore,18,2,4630,1
22-2-2022,4.04,Crypto,3,6,1309,13
9-7-2019,15.55,Mirage,11,6,2828,18
18-11-2022,0.21,Mirage,11,1,958,2
25-7-2022,22.88,Ash,19,2,2168,12
15-4-2021,25.46,Mirage,15,3,2892,3
3-1-2021,2.38,Bloodhound,4,3,1171,3
24-2-2022,25.08,Gibraltar,3,17,2443,6
20-6-2020,11.71,Octane,10,1,2042,8
5-5-2022,27.01,Crypto,4,4,805,17
15-1-2020,8.54,Ash,0,2,374,10
7-6-2021,26.99,Wraith,2,13,951,1
29-10-2019,22.48,Bangalore,2,2,468,16
23-8-2022,16.52,Horizon,2,4,594,8
13-2-2019,14.21,Gibraltar,1,1,408,15
2-11-2019,16.11,Ash,14,5,3263,15
28-2-2020,29.23,Mirage,10,10,2828,19
21-4-2019,11.2,Caustic,1,13,2220,15
25-3-2019,3.82,Gibraltar,4,0,767,16
24-8-2022,14.91,Pathfinder,9,15,1947,16
2-5-2022,19.55,Ash,8,2,1789,17
6-11-2021,12.66,Bangalore,6,5,1559,3
3-6-2021,11.13,Wraith,12,8,2411,5
26-10-2021,24.89,Octane,11,5,984,19
24-5-2022,26.43,Fuse,2,3,255,13
6-10-2022,20.32,Octane,5,4,1418,11
13-5-2020,12.86,Crypto,1,5,326,4
23-10-2022,27.5,Horizon,11,3,1879,13
18-12-2021,16.43,Lifeline,1,3,313,20
29-1-2020,3.04,Bangalore,1,5,492,11
6-1-2020,14.72,Mirage,1,13,2278,11
28-7-2020,20.88,Ash,2,7,581,18
25-1-2021,24.12,Caustic,9,11,2780,18
11-1-2020,29.32,Mirage,4,4,1592,9
4-12-2020,22.39,Horizon,18,6,4069,20
22-7-2021,21.14,Bloodhound,5,9,1396,11
16-7-2021,27.16,Wraith,10,3,1968,4
23-12-2021,3.74,Ash,0,0,0,3
24-10-2019,20.56,Crypto,3,8,2144,1
18-3-2019,21.8,Horizon,6,7,2276,12
15-2-2021,27.28,Caustic,9,8,3457,12
20-11-2019,8.5,Horizon,13,3,3581,10
26-7-2021,0.43,Caustic,3,0,667,3
17-6-2020,28.33,Wraith,4,2,433,5
9-12-2020,14.79,Wraith,3,1,373,5
29-8-2020,10.7,Mirage,1,5,992,4
24-4-2021,17.12,Caustic,2,6,1268,14
5-9-2019,2.14,Bloodhound,2,2,825,8
4-7-2021,9.64,Lifeline,8,12,2599,20
16-3-2022,24.98,Lifeline,19,2,1661,4
3-6-2022,28.98,Bloodhound,12,10,3452,20
7-7-2022,7.71,Ash,10,0,1031,6
17-3-2021,9.24,Ash,5,2,1485,8
12-4-2021,17.99,Mirage,1,3,821,5
19-6-2019,24.32,Horizon,4,18,1788,12
15-11-2021,6.42,Crypto,7,0,631,9
8-4-2022,19.64,Bangalore,1,10,791,19
29-6-2019,26.79,Bangalore,2,9,1318,4
29-3-2022,9.33,Ash,2,0,263,4
24-3-2022,22.59,Caustic,7,7,1083,2
17-2-2022,12.06,Horizon,1,1,307,12
27-3-2020,25.97,Ash,14,8,1961,12
4-5-2022,25.22,Crypto,5,16,3149,10
9-5-2020,23.23,Fuse,8,6,1028,14
25-10-2020,15.07,Gibraltar,7,8,904,9
18-12-2020,15.51,Horizon,3,3,1160,5
3-3-2019,12.02,Ash,2,5,936,10
27-1-2020,11.23,Pathfinder,2,16,1081,2
22-3-2022,29.73,Wraith,6,2,1287,13
17-2-2022,11.5,Horizon,5,4,600,8
8-8-2019,19.33,Caustic,6,4,2191,6
21-6-2021,22.3,Crypto,8,14,2848,10
28-6-2021,2.39,Caustic,8,0,572,20
18-2-2020,6.08,Ash,2,2,664,10
29-8-2020,29.66,Caustic,2,12,1650,13
14-10-2019,28.12,Pathfinder,11,7,2103,6
8-10-2021,17.73,Lifeline,17,12,3692,10
14-11-2022,26.85,Fuse,4,6,1243,17
24-1-2022,23.06,Bloodhound,8,14,3506,3
12-1-2022,16.56,Gibraltar,5,2,1164,7
26-5-2020,19.86,Gibraltar,3,5,632,4
5-6-2021,14.36,Crypto,4,4,615,20
25-4-2019,17.82,Wraith,1,5,424,20
25-6-2021,3.33,Pathfinder,0,2,315,19
3-4-2020,27.3,Horizon,8,2,926,15
30-4-2022,4.59,Ash,4,11,1384,5
15-10-2019,27.47,Ash,10,6,2490,11
20-10-2019,16.31,Crypto,10,5,2086,10
9-4-2022,18.59,Fuse,1,12,2057,7
8-7-2019,14.75,Fuse,2,1,630,5
16-10-2022,0.78,Crypto,6,1,691,2
5-2-2022,19.43,Fuse,2,1,345,12
8-9-2021,24.36,Ash,9,18,4425,6
14-2-2022,26.56,Caustic,8,7,1898,10
25-6-2019,12.13,Crypto,3,5,1223,15
3-6-2022,20.72,Fuse,3,3,636,10
9-1-2020,24.71,Bangalore,4,7,1061,4
16-11-2020,6.22,Caustic,3,0,712,4
30-11-2020,27.35,Fuse,2,9,1494,18
23-5-2020,18.96,Lifeline,9,8,2947,10
10-3-2021,25.26,Caustic,8,4,2227,12
24-10-2022,23.77,Ash,10,2,1650,2
25-3-2022,5.78,Mirage,0,0,0,4
11-12-2022,21.9,Mirage,4,21,1714,20
18-4-2019,14.88,Ash,6,6,2378,2
2-7-2022,21.95,Gibraltar,9,2,1054,15
17-9-2021,19.51,Bloodhound,4,1,443,9
9-4-2021,24.87,Lifeline,10,2,2159,3
19-9-2019,28.98,Octane,7,2,973,13
8-12-2022,1.95,Gibraltar,5,0,620,5
11-8-2021,8.89,Crypto,2,2,214,4
3-5-2019,3.94,Lifeline,13,2,2209,17
30-7-2022,15.75,Caustic,6,3,2002,7
1-9-2020,2.29,Mirage,9,0,1956,6
15-4-2020,3.12,Horizon,8,0,1659,19
28-5-2022,11.08,Pathfinder,15,1,3135,20
12-9-2022,2.13,Bloodhound,11,15,2943,16
15-6-2020,1.53,Crypto,1,6,503,13
7-3-2019,1.57,Ash,13,8,3360,15
21-1-2022,21.98,Lifeline,10,3,1610,19
30-7-2021,4.63,Wraith,2,1,270,2
26-11-2021,5.29,Bangalore,10,5,2159,18
7-4-2020,7.01,Fuse,4,3,442,11
16-11-2019,1.94,Ash,1,5,570,9
26-9-2020,7.22,Horizon,14,4,1914,7
27-2-2019,23.19,Crypto,5,2,668,4
19-5-2020,7.87,Fuse,5,0,1143,17
27-11-2019,16.1,Caustic,9,16,4303,10
7-8-2019,8.29,Mirage,10,0,620,10
6-5-2020,25.61,Bangalore,9,14,1787,18
21-6-2021,28.69,Wraith,4,5,480,4
11-2-2021,20.65,Gibraltar,3,13,3061,20
13-5-2019,19.6,Wraith,10,4,2941,1
10-12-2022,7.66,Octane,3,8,2218,11
13-6-2022,27.0,Mirage,8,11,3202,20
22-11-2021,9.48,Pathfinder,19,0,2801,1
30-6-2021,9.87,Bloodhound,0,4,245,16
5-6-2022,29.65,Bangalore,2,7,1390,6
10-8-2020,14.78,Bloodhound,1,3,795,6
16-4-2019,25.07,Pathfinder,4,2,1098,6
6-6-2020,1.65,Crypto,4,3,1379,2
5-4-2020,25.43,Wraith,12,4,997,9
20-8-2019,14.24,Bangalore,8,6,887,6
11-12-2020,16.75,Caustic,16,3,3190,16
21-6-2019,21.51,Pathfinder,7,2,1140,9
21-9-2020,14.2,Lifeline,5,1,1277,18
27-12-2019,7.17,Mirage,14,11,4987,14
14-5-2021,23.88,Fuse,13,6,1118,14
30-1-2020,6.79,Lifeline,2,0,341,1
6-2-2021,18.4,Octane,4,4,999,1
27-5-2021,16.16,Octane,1,11,1949,2
16-10-2022,17.19,Ash,2,1,184,2
25-7-2021,26.21,Gibraltar,2,2,325,18
25-6-2022,29.19,Horizon,20,16,3069,5
22-6-2019,15.21,Mirage,9,3,1180,13
23-9-2020,21.4,Fuse,14,6,3176,8
6-7-2020,24.85,Bangalore,4,4,820,12
19-7-2020,23.07,Octane,5,3,996,13
5-3-2020,25.83,Bloodhound,2,9,2127,2
19-6-2020,11.48,Gibraltar,2,7,933,2
4-2-2022,26.75,Ash,3,14,1525,18
4-1-2021,8.66,Wraith,0,8,1155,15
1-11-2019,8.38,Wraith,18,1,3068,19
30-10-2019,25.15,Octane,9,2,2362,7
29-6-2022,8.44,Caustic,8,4,1141,5
4-7-2022,16.29,Bloodhound,3,1,399,13
24-3-2022,0.09,Fuse,6,1,1254,4
8-8-2019,3.08,Ash,11,11,2396,7
11-4-2021,7.21,Mirage,2,4,1068,1
24-9-2022,3.83,Bangalore,4,0,290,20
9-12-2019,3.03,Octane,3,10,882,3
8-2-2020,3.9,Lifeline,13,10,3591,9
5-3-2020,15.82,Crypto,2,1,178,18
11-12-2021,23.41,Horizon,4,3,1072,15
7-3-2019,17.43,Horizon,15,2,2433,11
10-5-2022,24.41,Fuse,3,2,379,18
20-11-2020,29.64,Bangalore,15,11,5558,11
2-11-2020,11.61,Fuse,1,9,1024,19
27-9-2021,27.79,Mirage,3,16,3215,15
24-9-2022,12.92,Gibraltar,11,6,1654,17
29-10-2021,9.98,Crypto,10,11,2883,6
30-4-2019,28.49,Bloodhound,16,19,2467,14
18-11-2019,3.61,Gibraltar,5,5,1032,3
15-12-2020,12.13,Caustic,8,2,1864,15
17-5-2021,22.39,Caustic,3,18,2547,5
28-1-2022,29.71,Crypto,9,12,2134,6
28-6-2021,9.76,Octane,0,3,419,11
11-4-2020,5.97,Fuse,7,1,1744,5
5-10-2021,14.78,Horizon,9,1,1098,5
8-1-2022,6.09,Horizon,5,13,1967,15
7-7-2020,22.63,Horizon,2,8,989,11
6-3-2021,8.66,Bangalore,0,1,145,5
19-12-2019,6.73,Horizon,0,5,497,20
14-6-2019,27.99,Fuse,3,3,699,20
28-5-2020,27.13,Bloodhound,14,5,3958,7
19-3-2021,0.94,Ash,5,3,820,2
21-12-2020,0.49,Caustic,0,1,151,5
1-9-2021,29.79,Ash,9,6,2974,14
6-9-2020,17.37,Ash,1,18,1676,7
21-12-2021,26.78,Mirage,5,12,1664,20
23-2-2022,21.9,Bangalore,13,3,3205,7
6-1-2020,8.44,Mirage,4,9,2540,19
16-12-2021,7.59,Octane,0,13,1342,11
15-5-2021,3.02,Octane,10,1,1183,20
14-8-2020,13.14,Mirage,2,3,520,10
31-5-2020,7.84,Fuse,0,12,1053,10
27-10-2021,23.77,Ash,4,3,412,3
13-8-2021,10.29,Horizon,6,9,1892,20
7-11-2022,25.7,Mirage,2,2,329,17
11-8-2021,1.58,Caustic,5,4,1322,18
29-8-2021,21.71,Crypto,4,7,1467,20
16-2-2020,12.11,Horizon,1,1,398,1
9-12-2022,27.93,Fuse,3,6,1780,17
8-3-2020,12.79,Ash,5,9,1899,17
12-10-2022,10.8,Pathfinder,9,16,3976,19
9-2-2022,10.76,Caustic,8,8,2093,16
22-8-2020,7.32,Pathfinder,1,6,1322,3
12-11-2022,12.24,Pathfinder,2,12,1959,20
17-10-2020,17.13,Bangalore,12,6,2399,18
7-10-2019,15.0,Fuse,11,1,2113,9
4-12-2022,15.51,Crypto,3,4,881,12
16-11-2022,0.71,Horizon,4,1,672,2
12-11-2021,24.76,Horizon,2,8,715,10
21-8-2019,29.39,Caustic,6,15,1830,7
19-12-2022,9.2,Bangalore,10,1,802,2
11-5-2022,27.34,Fuse,4,6,1659,18
30-1-2020,24.68,Fuse,2,2,624,6
28-9-2022,15.29,Bloodhound,2,1,209,2
31-7-2021,7.61,Horizon,3,1,513,10
2-1-2022,8.68,Mirage,8,5,1440,13
16-9-2019,21.94,Caustic,6,4,1807,2
13-8-2019,11.63,Bangalore,4,2,1214,5
14-9-2020,5.85,Ash,12,14,4029,6
24-10-2020,4.51,Wraith,4,4,1688,1
29-7-2022,21.45,Fuse,3,2,667,12
26-7-2019,24.88,Lifeline,5,17,2092,20
23-7-2019,14.71,Pathfinder,9,4,1181,16
4-1-2022,17.34,Wraith,10,2,1877,18
4-1-2020,26.31,Crypto,11,6,2069,6
4-6-2022,0.03,Lifeline,7,13,3747,3
16-8-2021,11.85,Caustic,5,1,419,14
1-3-2020,18.93,Bloodhound,2,9,1868,8
25-4-2022,4.56,Wraith,1,3,784,19
23-12-2019,0.03,Lifeline,0,4,500,1
12-4-2021,23.23,Horizon,2,7,1087,19
4-10-2020,25.77,Gibraltar,2,2,679,12
17-12-2019,26.46,Horizon,5,7,2064,12
22-9-2020,5.04,Fuse,4,12,2629,10
2-1-2022,1.92,Bloodhound,2,2,426,11
1-4-2019,4.48,Crypto,0,12,2092,10
26-6-2019,3.03,Wraith,6,16,4206,18
1-1-2021,23.29,Crypto,2,2,744,10
24-2-2021,14.54,Crypto,8,8,1480,10
6-4-2020,18.0,Horizon,2,4,511,4
13-5-2019,26.88,Wraith,3,6,1058,11
1-6-2021,10.62,Fuse,3,1,489,16
10-11-2021,5.46,Pathfinder,2,1,326,6
18-7-2021,23.84,Gibraltar,3,9,2221,16
13-5-2021,11.94,Crypto,2,3,550,19
30-4-2022,10.96,Ash,2,1,426,19
31-5-2019,12.7,Bangalore,8,10,2598,9
3-1-2022,5.3,Ash,12,8,4076,4
3-5-2021,29.46,Lifeline,3,8,1141,12
8-8-2019,8.48,Gibraltar,0,0,0,7
4-4-2022,26.77,Octane,7,11,3755,1
15-5-2022,7.14,Pathfinder,3,10,1385,16
17-4-2020,3.13,Horizon,1,6,455,6
6-5-2020,21.07,Gibraltar,7,12,1811,17
18-2-2021,18.07,Ash,12,7,1719,12
4-5-2020,29.25,Octane,4,2,1261,20
10-5-2021,28.67,Lifeline,2,5,1045,2
25-3-2019,18.53,Mirage,6,2,897,19
16-6-2020,6.67,Gibraltar,2,16,2499,8
19-4-2022,14.77,Bangalore,6,3,617,5
1-12-2021,23.58,Bangalore,9,13,2696,9
5-4-2019,25.96,Caustic,3,6,1549,6
25-1-2022,5.51,Crypto,2,13,1409,13
5-3-2022,15.59,Wraith,1,1,350,17
18-9-2019,7.59,Octane,10,0,2163,6
21-5-2019,25.22,Lifeline,5,2,1055,1
14-7-2019,7.32,Mirage,9,0,1895,17
24-11-2021,22.43,Ash,9,4,960,18
21-5-2020,26.05,Horizon,9,11,3516,8
27-1-2021,29.4,Pathfinder,4,2,808,2
7-5-2021,25.11,Fuse,2,13,1142,8
27-2-2022,24.48,Horizon,14,10,2737,4
28-4-2020,21.29,Ash,2,4,556,2
12-11-2020,4.64,Lifeline,4,0,677,6
20-9-2021,29.43,Mirage,7,6,2631,13
30-5-2022,2.6,Crypto,4,2,390,11
16-6-2022,15.18,Octane,14,8,1917,9
14-10-2021,21.72,Caustic,3,5,829,5
15-7-2020,5.06,Octane,1,13,1398,12
7-8-2021,27.82,Bloodhound,2,17,2078,12
1-6-2020,27.74,Bloodhound,2,2,553,16
11-3-2022,5.97,Fuse,8,2,2209,3
30-8-2020,28.16,Ash,2,3,522,5
2-10-2020,11.85,Lifeline,6,15,2408,14
11-9-2019,20.51,Gibraltar,9,13,2538,16
21-8-2022,11.55,Horizon,7,3,2214,2
14-9-2022,17.41,Horizon,1,13,1100,12
29-10-2022,3.1,Octane,1,1,280,3
4-4-2019,10.58,Gibraltar,2,2,398,13
26-8-2020,13.03,Lifeline,1,2,206,13
8-5-2019,23.33,Octane,5,2,764,7
28-2-2022,19.09,Horizon,5,2,1465,17
11-9-2019,28.14,Crypto,2,3,648,15
11-1-2020,3.51,Ash,9,10,3371,16
7-11-2020,16.63,Crypto,10,13,3055,15
31-12-2019,3.56,Crypto,9,9,3232,8
27-8-2019,24.49,Caustic,2,2,426,1
24-10-2022,22.52,Horizon,3,12,1528,11
21-3-2019,16.97,Octane,3,5,1452,14
22-5-2021,13.48,Octane,12,2,1756,13
27-1-2020,21.91,Bloodhound,7,17,2484,4
17-8-2020,15.3,Crypto,8,1,1343,18
7-3-2020,18.39,Mirage,9,1,1814,19
16-12-2022,24.48,Caustic,6,2,641,20
4-11-2020,0.15,Lifeline,2,5,880,19
7-6-2019,19.42,Ash,1,2,386,5
27-10-2021,14.58,Ash,2,3,469,2
6-1-2021,23.63,Fuse,10,14,1750,3
20-9-2020,26.13,Ash,3,12,1088,5
24-12-2022,6.16,Pathfinder,11,5,2156,9
18-5-2019,11.23,Ash,6,1,953,19
20-7-2021,5.45,Ash,5,1,337,7
30-10-2020,21.11,Bangalore,11,5,1945,17
12-3-2020,23.04,Bloodhound,3,3,1203,1
15-8-2022,16.83,Caustic,3,1,555,12
30-8-2021,24.12,Ash,19,3,1905,14
3-1-2022,29.31,Bloodhound,2,19,3727,8
9-8-2022,1.68,Caustic,12,5,1469,16
21-2-2021,26.18,Horizon,14,2,2210,8
26-12-2019,17.02,Lifeline,10,1,2405,10
2-1-2021,5.86,Pathfinder,3,0,239,17
16-5-2021,23.72,Pathfinder,15,3,1882,4
10-6-2022,11.69,Pathfinder,5,10,2846,8
18-4-2021,12.23,Caustic,1,2,356,7
2-7-2022,23.3,Crypto,12,10,1996,18
21-1-2021,3.86,Caustic,0,2,396,20
16-6-2021,16.23,Ash,2,3,796,9
11-5-2020,13.36,Gibraltar,4,1,726,9
2-1-2020,20.73,Bangalore,3,4,457,19
15-6-2020,1.06,Bloodhound,7,5,1102,5
16-7-2021,29.19,Fuse,4,16,1197,4
9-1-2021,15.6,Wraith,10,9,2075,16
5-3-2020,22.69,Bangalore,5,9,748,4
27-1-2022,27.31,Wraith,3,12,2278,6
29-12-2019,10.3,Pathfinder,2,12,1953,20
14-10-2022,1.82,Lifeline,0,0,0,13
1-7-2019,23.86,Caustic,2,4,865,5
20-9-2019,3.03,Horizon,0,10,845,5
13-3-2020,4.21,Octane,3,3,998,2
9-6-2019,10.03,Bangalore,5,4,1339,11
24-1-2021,24.14,Lifeline,5,4,511,12
18-6-2021,1.46,Fuse,1,5,345,8
17-8-2022,18.11,Ash,10,2,1668,16
9-10-2019,1.66,Octane,0,12,680,1
7-12-2022,6.77,Caustic,3,0,607,19
20-11-2022,18.76,Horizon,4,8,1219,7
16-5-2021,28.7,Horizon,5,4,958,6
24-3-2019,5.31,Mirage,2,1,584,19
15-9-2022,19.0,Wraith,7,2,499,12
21-10-2022,5.41,Horizon,0,0,0,4
14-7-2021,1.58,Crypto,3,0,499,13
2-5-2019,9.03,Caustic,6,6,1068,17
21-6-2021,15.16,Wraith,11,1,2232,9
26-9-2020,13.92,Mirage,7,3,629,12
6-3-2020,12.47,Lifeline,1,3,611,9
16-6-2021,6.26,Fuse,16,15,4680,10
15-2-2021,24.04,Mirage,6,10,1671,13
25-5-2020,4.76,Gibraltar,0,2,181,20
25-5-2020,9.98,Fuse,0,1,174,16
22-8-2019,5.95,Bloodhound,3,0,706,10
7-9-2021,29.46,Mirage,4,4,570,11
24-4-2020,2.88,Crypto,12,0,1846,16
31-1-2021,27.82,Gibraltar,6,3,959,17
15-9-2021,8.78,Horizon,0,0,0,20
2-10-2021,0.29,Caustic,3,6,1811,5
6-4-2020,25.79,Fuse,2,7,679,5
18-12-2020,2.76,Caustic,0,12,2272,18
21-12-2022,20.89,Gibraltar,4,14,2434,10
11-11-2021,1.38,Ash,9,2,2053,6
14-3-2022,28.36,Wraith,8,2,1823,17
29-6-2022,26.93,Ash,13,7,1893,9
18-3-2021,19.57,Ash,8,2,1622,20
16-6-2021,24.31,Ash,8,7,1747,7
7-6-2020,16.92,Caustic,2,2,732,15
15-11-2022,3.22,Lifeline,2,7,611,12
25-10-2019,4.93,Crypto,0,8,674,6
7-11-2022,1.37,Mirage,13,2,2479,15
29-6-2022,10.08,Crypto,4,14,3020,18
4-8-2019,0.27,Bloodhound,0,1,158,13
22-9-2019,20.5,Pathfinder,9,4,1341,8
6-5-2021,27.52,Pathfinder,11,16,2855,9
24-2-2020,5.46,Pathfinder,3,8,1841,20
6-7-2020,8.08,Pathfinder,1,1,182,4
30-3-2021,24.17,Gibraltar,7,3,1068,13
27-3-2020,7.25,Octane,0,2,139,9
19-3-2020,10.43,Fuse,1,4,271,4
24-11-2022,19.08,Octane,3,3,852,17
5-8-2020,19.09,Mirage,6,16,2661,19
18-4-2020,5.02,Caustic,0,4,234,13
29-6-2019,2.72,Horizon,1,0,220,8
16-7-2022,5.15,Ash,1,1,346,18
22-3-2020,21.22,Ash,8,12,4036,16
31-8-2021,6.78,Horizon,13,9,4626,19
31-10-2022,5.05,Crypto,0,2,221,12
1-5-2019,19.7,Pathfinder,16,12,4101,19
5-7-2019,22.23,Gibraltar,14,9,3469,5
12-5-2022,9.98,Ash,9,0,1773,4
6-8-2022,24.98,Caustic,2,7,1425,12
18-11-2022,10.08,Wraith,6,11,1443,14
13-5-2022,21.63,Crypto,15,2,2789,7
15-11-2019,4.68,Lifeline,4,8,2336,15
2-3-2022,28.49,Pathfinder,2,15,2347,14
30-11-2021,29.48,Fuse,9,6,3000,19
8-10-2020,14.8,Crypto,3,14,3282,9
29-10-2019,3.16,Mirage,0,4,499,9
26-12-2019,25.21,Octane,2,8,1862,5
25-5-2020,11.24,Lifeline,7,4,1715,6
17-11-2021,9.74,Fuse,7,15,3851,7
3-11-2019,12.56,Caustic,1,1,251,6
22-6-2020,13.93,Octane,9,7,1445,12
2-4-2022,2.22,Ash,7,15,4216,14
24-11-2022,27.35,Lifeline,3,3,1080,16
28-2-2020,20.94,Ash,2,7,497,9
8-7-2020,18.71,Horizon,20,7,1929,11
9-12-2022,27.3,Ash,13,14,2355,20
29-9-2022,13.88,Mirage,2,1,672,1
22-4-2022,2.67,Horizon,2,3,362,4
20-6-2020,24.7,Horizon,12,3,2216,9
10-1-2020,7.17,Pathfinder,9,1,632,6
25-12-2022,9.41,Ash,6,0,582,13
15-6-2022,16.92,Mirage,3,10,1577,20
26-8-2021,28.74,Octane,2,2,830,10
27-9-2021,26.96,Crypto,13,5,1684,16
5-8-2020,14.04,Caustic,5,3,1377,15
8-4-2019,3.39,Mirage,5,5,1200,17
27-6-2020,22.46,Ash,7,11,3444,14
28-10-2019,0.53,Mirage,0,2,243,11
3-11-2022,11.07,Mirage,3,5,665,2
11-2-2021,10.27,Bloodhound,6,4,1164,11
10-6-2019,20.98,Ash,4,10,2497,18
8-8-2019,2.19,Crypto,13,0,2615,1
23-7-2020,7.18,Lifeline,4,15,2574,15
1-8-2021,14.95,Wraith,2,6,1104,1
4-4-2021,5.14,Caustic,1,4,701,1
1-9-2021,23.64,Caustic,3,6,1415,10
20-3-2022,11.7,Bangalore,5,8,2558,13
22-1-2020,27.32,Caustic,2,5,626,19
2-4-2022,14.56,Bloodhound,1,2,399,19
6-3-2019,5.85,Bloodhound,6,3,543,13
26-6-2022,3.71,Fuse,1,5,870,18
5-6-2020,10.7,Crypto,14,17,6007,17
17-12-2019,13.37,Fuse,12,10,2609,16
17-9-2022,8.2,Lifeline,14,11,3234,11
11-11-2022,4.45,Bangalore,0,6,464,14
6-11-2021,28.69,Horizon,7,4,1818,5
12-5-2021,13.33,Caustic,7,2,1710,1
4-10-2019,8.56,Gibraltar,4,4,973,5
26-9-2019,1.24,Wraith,4,0,601,14
1-12-2022,3.39,Crypto,0,7,544,4
23-4-2019,6.87,Crypto,2,5,606,18
24-7-2019,18.53,Ash,5,6,628,18
3-3-2022,27.03,Ash,10,4,2567,15
24-10-2019,19.06,Gibraltar,5,6,1797,9
23-1-2021,0.4,Gibraltar,2,1,414,5
13-8-2022,22.41,Caustic,3,13,1013,20
11-6-2021,22.34,Lifeline,5,14,2931,6
7-5-2021,29.86,Wraith,2,14,3185,10
2-8-2021,19.42,Pathfinder,9,8,2161,16
18-8-2019,25.88,Mirage,11,2,1889,14
15-5-2022,25.88,Pathfinder,5,2,422,1
13-6-2021,3.75,Crypto,2,3,556,3
2-10-2022,5.58,Mirage,9,9,1537,10
28-9-2022,20.17,Pathfinder,2,2,677,10
22-4-2020,27.99,Bangalore,4,6,566,11
3-8-2020,28.32,Wraith,3,5,1117,19
20-5-2022,7.47,Wraith,9,14,3114,12
2-6-2021,13.73,Ash,5,2,1539,9
20-12-2022,14.07,Horizon,1,1,154,2
2-4-2021,29.03,Pathfinder,17,8,4202,8
16-7-2020,12.13,Wraith,10,2,1446,6
9-7-2020,28.96,Ash,3,7,2031,17
25-5-2019,20.38,Mirage,7,5,1354,13
29-9-2022,29.3,Horizon,11,11,1536,19
23-10-2020,16.98,Horizon,11,1,2346,7
29-6-2019,21.66,Caustic,2,3,683,18
3-1-2020,2.47,Ash,0,16,1362,5
9-11-2019,6.95,Crypto,9,5,2041,19
9-2-2019,23.97,Lifeline,11,2,2414,20
11-4-2019,4.23,Crypto,13,3,3287,20
14-4-2020,26.84,Ash,6,7,708,16
10-1-2020,14.25,Bangalore,4,10,1027,12
26-3-2020,1.86,Octane,13,7,1905,10
31-7-2019,29.19,Octane,2,2,542,20
29-9-2021,27.95,Mirage,11,4,3387,18
19-7-2019,0.81,Mirage,0,1,137,5
29-6-2021,5.36,Lifeline,6,1,825,18
31-8-2021,15.84,Wraith,1,11,2020,17
27-2-2019,4.32,Gibraltar,1,11,1323,2
17-6-2022,16.13,Ash,3,3,1203,15
19-6-2022,1.47,Caustic,2,10,1923,5
20-12-2019,3.07,Bangalore,5,0,867,6
13-10-2019,4.7,Mirage,7,3,1469,2
7-8-2022,1.1,Fuse,7,5,1284,17
2-9-2022,20.9,Crypto,8,9,1159,7
22-9-2021,21.03,Bloodhound,8,4,1912,16
28-2-2019,14.9,Caustic,2,8,1702,1
5-8-2019,20.19,Octane,15,2,3761,6
20-5-2019,5.89,Octane,7,0,1470,1
25-6-2020,21.25,Crypto,2,9,2078,17
28-5-2022,27.45,Crypto,2,4,528,3
13-3-2021,8.0,Mirage,0,1,164,1
20-1-2020,12.64,Fuse,1,3,607,10
6-4-2020,11.8,Bangalore,2,4,1193,15
17-10-2020,14.43,Bloodhound,2,11,1082,15
25-12-2022,26.04,Wraith,5,2,1054,16
15-5-2022,11.56,Lifeline,2,2,608,2
12-11-2020,21.75,Caustic,2,16,2440,9
15-8-2020,17.22,Pathfinder,2,2,593,14
12-1-2020,27.16,Fuse,2,13,1938,3
2-10-2019,22.82,Bloodhound,9,4,1761,7
25-8-2020,5.7,Mirage,5,2,1122,4
1-5-2019,14.01,Caustic,10,1,1865,14
18-12-2021,13.07,Ash,15,5,1939,5
24-7-2019,3.96,Fuse,2,8,1140,16
12-11-2022,20.0,Pathfinder,7,10,1591,17
28-11-2022,3.42,Lifeline,8,3,1662,10
22-6-2021,13.42,Gibraltar,3,3,1079,13
18-4-2021,4.22,Mirage,1,6,1382,14
15-2-2022,14.8,Bangalore,2,7,1289,14
6-11-2019,3.54,Caustic,0,7,385,13
23-1-2022,14.14,Wraith,2,3,386,18
17-5-2020,28.33,Crypto,13,19,4507,20
13-12-2022,27.47,Gibraltar,8,5,1052,3
18-11-2019,12.92,Octane,1,1,327,12
23-12-2022,4.34,Octane,3,12,874,2
18-4-2019,21.91,Pathfinder,3,4,461,10
29-10-2021,27.05,Lifeline,4,3,795,5
4-9-2022,0.83,Horizon,12,0,2695,13
1-3-2022,2.15,Octane,0,12,1685,5
11-11-2019,20.94,Caustic,2,5,893,10
11-12-2020,0.95,Horizon,0,7,348,20
17-2-2022,11.93,Bangalore,6,1,984,14
23-8-2020,18.84,Bloodhound,2,9,1789,12
31-8-2019,21.3,Bangalore,2,14,2432,17
14-12-2022,27.81,Lifeline,4,4,1402,4
1-3-2021,11.31,Bloodhound,3,1,386,11
24-4-2021,11.0,Pathfinder,1,17,926,7
29-6-2022,10.55,Bangalore,1,10,1208,7
2-6-2020,1.43,Fuse,8,3,722,18
25-2-2021,1.86,Wraith,15,9,3313,1
24-1-2021,17.89,Octane,7,6,2097,16
28-1-2022,3.61,Caustic,1,6,1220,17
10-3-2022,13.44,Bloodhound,3,1,283,7
1-8-2022,3.89,Fuse,8,1,804,11
12-3-2020,20.0,Horizon,9,16,4739,17
4-10-2021,27.05,Fuse,7,4,2013,19
1-5-2020,25.96,Wraith,11,7,1200,14
9-5-2022,18.41,Wraith,6,1,1472,15
28-12-2022,19.82,Bloodhound,1,3,696,19
7-9-2022,8.42,Gibraltar,8,0,657,20
15-10-2021,9.25,Caustic,0,8,461,18
18-12-2020,14.92,Wraith,1,8,1007,12
4-11-2022,11.45,Octane,1,7,654,12
13-8-2020,2.17,Bangalore,1,4,429,2
11-2-2019,19.24,Wraith,1,10,2124,2
3-10-2019,10.96,Bangalore,1,1,372,2
25-4-2020,22.05,Mirage,4,12,2725,11
5-11-2020,4.33,Pathfinder,3,8,1067,17
25-7-2020,21.76,Bloodhound,4,11,1797,1
26-1-2021,17.04,Octane,2,7,1444,2
13-12-2019,20.99,Horizon,3,10,1899,3
1-10-2019,17.92,Wraith,12,10,1409,2
19-4-2021,2.85,Caustic,5,14,3103,1
4-2-2020,20.37,Wraith,3,2,534,19
21-7-2021,5.97,Mirage,0,4,317,7
5-11-2021,14.41,Crypto,4,2,1207,18
6-7-2019,17.95,Bloodhound,4,13,2615,4
5-11-2019,20.03,Lifeline,2,11,1359,13
20-1-2022,3.52,Lifeline,1,3,795,4
6-10-2020,3.81,Bloodhound,2,18,1693,16
7-1-2022,24.98,Mirage,4,15,3159,11
15-12-2022,1.58,Ash,0,2,357,13
29-7-2019,21.88,Bloodhound,2,10,770,8
17-4-2021,5.73,Wraith,11,2,1181,13
23-11-2021,6.97,Caustic,7,8,2347,3
11-12-2021,15.47,Pathfinder,3,2,879,6
16-11-2019,26.17,Fuse,9,6,1389,2
10-11-2019,13.81,Lifeline,14,12,2689,9
8-4-2022,23.86,Wraith,3,7,1015,2
3-11-2020,16.54,Lifeline,12,2,2406,6
20-12-2019,12.46,Caustic,3,5,1625,12
30-5-2021,7.71,Ash,4,13,1108,9
1-2-2021,28.65,Gibraltar,3,6,683,6
14-11-2019,11.06,Pathfinder,3,6,845,11
27-6-2021,9.66,Wraith,4,3,1386,5
9-2-2021,20.88,Pathfinder,7,7,1681,3
9-3-2021,22.82,Wraith,3,11,1085,3
3-3-2019,10.2,Wraith,1,7,1152,11
12-2-2021,15.42,Pathfinder,5,4,1710,9
5-4-2021,21.68,Horizon,13,16,6085,17
29-9-2019,19.96,Lifeline,6,5,2135,19
5-12-2021,10.38,Bangalore,4,1,1084,4
22-12-2022,27.03,Fuse,5,7,1981,11
15-12-2019,10.17,Pathfinder,3,10,1197,7
23-8-2019,4.47,Octane,1,9,1417,14
12-7-2019,10.87,Wraith,11,6,1092,5
7-7-2022,4.32,Crypto,1,14,886,17
19-6-2019,13.45,Ash,1,3,471,4
28-4-2019,27.4,Horizon,16,5,3314,2
18-10-2021,21.24,Wraith,2,4,897,14
3-10-2020,23.9,Mirage,2,8,1594,19
10-7-2022,19.68,Crypto,8,3,1725,19
11-3-2022,25.14,Mirage,11,5,2531,11
4-11-2022,18.0,Crypto,14,8,2878,7
12-10-2021,9.91,Bloodhound,2,1,420,9
19-9-2022,26.56,Ash,13,8,4538,7
9-6-2021,27.77,Crypto,3,12,2300,15
1-8-2020,8.5,Bloodhound,1,2,250,18
11-8-2022,19.59,Octane,1,8,609,17
21-8-2022,20.93,Crypto,4,2,977,3
10-2-2022,23.47,Wraith,4,11,1147,2
24-7-2021,16.27,Ash,3,4,854,2
16-11-2022,11.12,Crypto,1,14,2072,8
2-9-2020,3.59,Mirage,15,3,1105,9
26-5-2022,17.27,Horizon,2,1,613,13
10-9-2021,18.34,Gibraltar,2,1,521,13
17-1-2021,4.97,Wraith,0,10,929,3
16-1-2022,21.19,Lifeline,17,2,3077,3
5-10-2022,16.37,Lifeline,15,2,3436,16
27-11-2019,14.56,Fuse,4,9,1371,11
14-6-2020,12.73,Pathfinder,12,3,1093,20
18-4-2022,14.14,Octane,5,3,766,14
20-6-2020,1.14,Bloodhound,0,9,1305,19
30-5-2020,2.99,Horizon,7,2,2053,12
22-3-2019,1.12,Horizon,15,6,3602,6
4-2-2022,16.19,Bangalore,1,5,433,19
24-10-2021,0.3,Wraith,9,0,1675,9
14-7-2022,9.1,Caustic,0,7,771,7
12-9-2022,29.56,Bloodhound,16,8,4093,10
20-10-2021,13.3,Horizon,6,4,1953,7
13-6-2019,3.29,Ash,11,1,994,8
19-10-2021,11.42,Gibraltar,16,5,2603,9
19-2-2021,26.59,Bangalore,5,2,406,9
13-6-2022,20.59,Wraith,4,8,1181,17
6-3-2019,18.12,Pathfinder,1,3,659,14
9-11-2020,23.56,Crypto,2,2,446,5
19-5-2020,25.04,Caustic,21,4,2153,10
3-12-2022,17.54,Pathfinder,4,10,2635,10
24-3-2022,2.34,Fuse,1,4,769,2
9-7-2019,27.92,Crypto,5,5,874,15
22-1-2022,18.41,Mirage,14,9,3890,13
15-5-2021,8.47,Bloodhound,3,7,1430,11
2-12-2022,22.12,Horizon,4,13,882,17
7-9-2022,11.79,Ash,1,6,427,16
13-11-2020,19.09,Caustic,2,5,900,19
16-11-2020,7.11,Fuse,5,10,1425,17
15-2-2021,25.8,Octane,4,3,707,14
12-3-2021,27.89,Caustic,11,7,3114,2
6-1-2020,22.01,Lifeline,6,3,1131,16
27-7-2022,25.3,Octane,8,2,2116,6
6-7-2021,6.54,Wraith,6,13,2713,17
9-12-2022,16.89,Bloodhound,5,6,1657,16
1-9-2020,3.62,Caustic,3,8,1312,1
20-8-2022,23.2,Lifeline,2,10,2241,17
4-7-2019,20.42,Fuse,2,8,1289,7
22-4-2020,3.01,Wraith,2,2,284,3
7-3-2020,25.23,Bloodhound,2,13,2672,7
24-8-2021,29.23,Pathfinder,3,3,1225,4
4-8-2020,26.71,Bloodhound,4,4,1160,9
19-9-2020,17.75,Octane,13,1,2608,8
25-11-2022,25.03,Octane,9,15,3099,2
4-11-2019,2.06,Wraith,11,11,3358,7
5-5-2019,17.08,Gibraltar,12,8,2917,17
30-6-2019,7.68,Bloodhound,1,0,78,17
16-11-2020,12.11,Ash,7,1,733,13
27-9-2020,26.45,Lifeline,8,7,2732,9
7-11-2020,12.81,Fuse,3,2,650,2
5-8-2022,7.99,Bangalore,1,3,377,2
11-5-2020,0.3,Lifeline,17,5,3710,11
24-3-2020,26.75,Lifeline,2,3,352,11
21-2-2022,25.53,Bloodhound,3,2,559,4
22-1-2020,17.12,Pathfinder,10,5,1441,9
9-1-2022,10.04,Gibraltar,9,7,2880,1
30-1-2021,14.54,Wraith,1,6,817,15
13-11-2022,16.08,Fuse,14,9,2162,9
4-3-2020,16.49,Wraith,10,12,1402,19
28-5-2020,7.14,Ash,5,11,2020,5
17-12-2021,18.76,Lifeline,2,3,895,2
30-5-2022,9.51,Lifeline,1,13,1734,3
1-7-2020,19.74,Bloodhound,4,7,1671,15
25-6-2019,20.84,Lifeline,6,4,2108,15
9-5-2020,5.86,Bloodhound,5,19,2765,2
26-6-2022,24.8,Bloodhound,8,7,2866,16
13-2-2021,29.78,Fuse,13,4,2237,4
20-9-2020,10.87,Crypto,12,17,2153,12
23-6-2020,26.07,Bangalore,7,4,1701,9
19-8-2020,2.04,Bangalore,3,0,552,17
19-2-2021,9.36,Wraith,5,8,1502,4
24-1-2021,11.54,Crypto,3,2,697,16
19-8-2019,15.61,Horizon,7,2,1035,18
13-5-2020,15.51,Horizon,3,5,479,6
20-11-2019,27.18,Lifeline,4,5,1513,16
29-8-2019,4.07,Crypto,6,4,1366,13
20-10-2019,9.29,Lifeline,8,3,1985,16
30-10-2019,1.31,Horizon,3,2,729,7
14-1-2020,21.66,Octane,5,2,1347,20
29-11-2021,1.82,Bloodhound,3,8,1914,10
2-9-2019,28.35,Gibraltar,4,5,1304,11
24-4-2020,16.95,Bangalore,1,19,2243,19
6-3-2020,12.14,Bangalore,4,5,1201,11
26-6-2020,18.08,Horizon,8,3,1865,15
4-12-2020,4.51,Horizon,7,10,945,2
27-5-2019,8.79,Lifeline,2,9,1135,20
24-4-2020,24.86,Mirage,11,5,2001,12
24-12-2019,22.42,Ash,5,8,2518,20
7-6-2019,8.94,Crypto,0,2,300,16
7-3-2020,21.18,Pathfinder,6,2,1257,18
29-7-2020,9.88,Caustic,6,2,1363,6
4-9-2019,25.03,Gibraltar,7,9,901,11
22-3-2019,3.22,Crypto,14,4,1484,13
12-8-2019,23.03,Pathfinder,6,12,2661,20
23-12-2020,23.05,Crypto,3,20,2782,7
11-3-2019,10.6,Caustic,13,17,4449,19
26-9-2022,1.58,Crypto,17,12,6118,15
27-11-2022,6.77,Bloodhound,16,10,3091,1
8-6-2021,0.79,Bangalore,6,4,1386,2
6-9-2020,13.18,Caustic,3,1,530,1
1-4-2020,9.18,Octane,13,1,2374,5
7-10-2019,23.23,Bloodhound,2,3,360,11
16-11-2019,8.06,Mirage,10,0,1983,8
16-9-2019,16.92,Lifeline,5,5,1857,9
9-7-2022,21.26,Wraith,7,12,1926,14
18-3-2020,27.82,Pathfinder,3,11,2623,6
22-4-2019,9.05,Fuse,3,1,647,10
14-12-2022,0.76,Ash,5,0,338,17
27-3-2019,3.83,Octane,8,7,2561,2
8-5-2021,4.91,Ash,0,9,538,8
23-11-2022,22.06,Mirage,8,8,1406,11
5-1-2021,25.43,Caustic,2,2,540,2
30-9-2022,16.89,Gibraltar,1,4,426,9
14-10-2021,17.79,Wraith,6,6,1687,2
3-9-2019,11.09,Pathfinder,1,12,2398,10
20-6-2020,28.94,Gibraltar,7,8,1221,12
3-3-2020,4.16,Fuse,6,1,1546,8
8-12-2021,7.82,Octane,17,17,5897,10
16-2-2021,10.56,Caustic,1,4,297,18
1-12-2020,2.28,Lifeline,1,1,272,7
1-5-2022,1.83,Lifeline,6,6,2406,5
21-8-2019,25.51,Octane,16,12,5650,19
15-7-2019,2.46,Wraith,0,6,1106,11
18-6-2021,24.04,Caustic,12,7,3169,1
9-3-2022,4.14,Octane,1,2,338,3
18-11-2022,28.78,Fuse,2,2,291,15
25-12-2021,6.9,Bangalore,11,1,1953,1
17-8-2022,23.65,Gibraltar,3,10,1327,11
3-9-2019,26.19,Crypto,7,7,2274,12
3-4-2020,6.83,Wraith,3,1,346,3
20-1-2020,23.1,Crypto,7,5,2313,4
30-10-2020,26.94,Octane,6,2,1489,13
10-7-2022,14.46,Pathfinder,11,5,3453,13
11-4-2022,5.41,Pathfinder,2,2,544,18
13-7-2022,13.42,Bloodhound,3,9,639,18
2-5-2022,0.4,Fuse,12,3,2605,8
28-11-2022,14.29,Lifeline,3,2,895,2
9-4-2019,27.6,Wraith,15,8,2451,18
20-8-2020,24.11,Caustic,11,5,1268,5
19-8-2021,20.85,Fuse,11,5,3434,12
16-3-2021,10.89,Crypto,1,14,949,18
10-8-2021,1.15,Fuse,5,2,1044,14
9-9-2019,3.27,Horizon,5,0,458,19
8-10-2022,0.31,Caustic,0,3,367,6
21-4-2022,2.05,Octane,16,16,3560,11
12-10-2020,28.08,Bangalore,2,8,807,20
8-8-2022,22.05,Pathfinder,17,2,2898,16
21-5-2021,2.1,Pathfinder,4,7,791,18
10-6-2022,8.88,Gibraltar,1,8,1131,14
15-9-2020,13.77,Fuse,9,1,2319,19
20-9-2021,29.45,Caustic,2,13,2783,14
11-10-2021,4.52,Octane,7,4,1224,17
30-10-2020,2.85,Crypto,6,0,751,5
17-12-2021,9.5,Bangalore,0,4,438,19
11-8-2021,11.74,Caustic,11,4,2083,7
29-1-2021,17.55,Mirage,1,10,2071,12
29-3-2019,23.17,Octane,4,4,735,6
15-2-2021,6.25,Pathfinder,9,2,1358,13
14-3-2020,15.8,Bloodhound,8,7,1418,7
21-12-2021,13.2,Crypto,3,2,874,2
11-8-2020,16.7,Ash,9,6,1061,19
7-11-2022,6.21,Pathfinder,2,5,627,6
23-8-2019,5.64,Octane,8,2,1795,12
10-8-2022,21.49,Mirage,10,4,1722,17
19-8-2020,0.75,Lifeline,6,0,828,1
11-4-2019,14.22,Lifeline,4,7,1675,4
16-9-2020,7.83,Horizon,2,10,634,1
21-2-2020,2.7,Crypto,1,17,2669,15
12-5-2022,5.05,Bangalore,17,0,1288,9
3-3-2019,28.88,Lifeline,4,18,1707,1
19-4-2019,26.4,Bangalore,9,3,1600,13
4-4-2022,15.71,Bangalore,1,11,812,5
31-3-2021,20.33,Pathfinder,4,9,1884,18
4-4-2019,15.34,Caustic,13,2,2105,15
17-6-2021,10.57,Fuse,4,3,538,17
25-2-2022,3.38,Ash,0,5,941,19
17-6-2020,20.14,Caustic,2,7,903,2
18-12-2021,18.33,Wraith,4,1,498,4
18-5-2020,3.99,Bloodhound,7,0,705,18
6-7-2020,9.45,Wraith,1,11,1997,14
6-1-2021,28.46,Horizon,10,9,1870,14
15-1-2020,13.26,Bloodhound,2,10,1207,12
8-10-2022,21.87,Horizon,5,2,602,8
23-1-2021,9.12,Bloodhound,3,13,2042,9
4-9-2020,4.02,Bangalore,2,5,1231,2
4-6-2022,24.24,Crypto,11,2,1349,14
22-10-2022,26.88,Octane,2,6,1493,1
5-4-2020,14.56,Gibraltar,11,7,2586,8
4-10-2020,28.08,Bangalore,2,7,1397,3
3-6-2020,17.77,Horizon,11,1,2670,19
22-8-2022,19.67,Wraith,3,1,437,18
30-8-2022,2.55,Ash,0,0,0,20
17-4-2019,12.29,Fuse,15,6,3156,20
18-3-2019,3.77,Lifeline,15,12,4139,16
16-2-2022,14.22,Wraith,2,11,1047,5
8-4-2020,26.71,Wraith,14,5,2464,16
5-7-2019,15.68,Pathfinder,16,3,1939,4
5-8-2019,22.38,Bloodhound,2,5,470,1
11-11-2020,15.9,Wraith,3,2,528,17
5-6-2020,17.77,Pathfinder,2,1,551,20
9-4-2022,1.07,Gibraltar,7,1,1376,5
19-3-2021,6.23,Fuse,6,1,1520,18
11-5-2020,15.12,Crypto,2,9,729,20
25-9-2020,1.98,Pathfinder,7,1,975,15
30-9-2020,2.81,Crypto,3,5,469,17
12-4-2020,20.93,Fuse,3,18,2526,13
6-5-2022,27.25,Gibraltar,2,3,897,15
19-1-2020,29.08,Crypto,12,5,2289,13
28-6-2020,18.65,Horizon,2,6,1201,11
19-8-2022,0.9,Mirage,15,15,3869,7
9-8-2022,27.57,Mirage,5,2,629,11
21-7-2022,20.39,Octane,8,8,1535,7
21-10-2019,18.11,Lifeline,1,3,460,1
30-11-2020,4.81,Bloodhound,3,2,1017,19
22-12-2022,16.88,Crypto,4,6,923,12
1-12-2022,16.07,Lifeline,1,6,859,6
3-4-2021,24.86,Pathfinder,11,11,1234,11
2-8-2019,15.47,Caustic,1,2,559,4
11-12-2020,13.14,Pathfinder,2,5,750,8
28-9-2020,3.53,Wraith,0,2,224,3
28-6-2019,8.14,Lifeline,0,2,254,19
22-9-2020,14.02,Bangalore,2,3,301,12
12-8-2020,0.03,Bangalore,7,14,4016,5
10-6-2019,3.96,Lifeline,4,1,553,13
8-5-2020,21.31,Lifeline,11,5,2916,20
30-12-2019,1.01,Bloodhound,18,3,2753,14
25-1-2022,21.47,Crypto,2,4,359,8
11-4-2022,2.04,Wraith,3,1,572,10
28-3-2020,3.27,Octane,0,5,521,2
31-7-2020,13.95,Pathfinder,4,8,1960,3
5-5-2022,2.81,Mirage,2,5,1122,18
29-6-2021,15.64,Caustic,11,3,3159,19
14-9-2019,26.92,Mirage,12,2,3106,4
23-9-2020,26.4,Crypto,3,8,686,19
21-11-2020,8.9,Horizon,0,4,508,3
9-8-2020,27.44,Ash,17,11,3869,11
12-12-2021,20.04,Fuse,2,2,408,16
22-12-2019,24.53,Mirage,4,2,1209,20
18-8-2019,26.29,Ash,3,9,1617,2
30-11-2019,14.73,Wraith,7,7,2620,8
14-2-2022,29.67,Wraith,2,6,788,12
23-3-2022,27.69,Horizon,3,3,901,13
26-8-2021,15.68,Wraith,13,1,1530,6
12-9-2020,18.09,Wraith,2,1,611,13
23-12-2020,8.64,Bloodhound,8,8,1131,9
30-5-2019,23.33,Pathfinder,2,9,1730,7
15-1-2020,15.4,Bangalore,5,20,4229,17
20-12-2022,12.7,Wraith,18,2,2061,13
9-7-2022,4.25,Horizon,0,11,872,8
15-3-2021,26.88,Caustic,2,11,2366,10
20-12-2020,14.54,Wraith,10,4,3018,20
14-9-2019,4.22,Pathfinder,5,2,1148,9
28-6-2019,0.02,Fuse,0,3,282,5
14-7-2019,1.77,Ash,6,6,1145,8
8-5-2019,24.75,Gibraltar,19,11,2207,18
7-12-2019,26.74,Mirage,5,3,727,20
11-5-2019,12.75,Ash,4,5,1061,1
2-6-2022,12.99,Horizon,1,6,796,8
19-5-2022,6.54,Fuse,7,1,815,12
10-12-2022,21.56,Caustic,2,6,940,9
24-10-2021,15.52,Gibraltar,6,8,1953,2
25-2-2021,1.95,Gibraltar,5,17,2173,14
27-7-2021,27.83,Bloodhound,5,19,3347,7
2-5-2022,11.82,Bloodhound,1,1,121,4
11-10-2022,23.48,Wraith,3,2,568,16
9-7-2020,26.09,Fuse,3,13,1009,5
26-4-2022,1.17,Bangalore,0,0,0,19
17-3-2021,15.44,Ash,2,1,613,3
4-7-2019,9.62,Gibraltar,4,7,748,4
15-10-2022,23.41,Mirage,4,12,1965,8
1-5-2021,14.7,Lifeline,4,3,804,8
3-3-2021,24.23,Ash,6,5,888,12
24-11-2019,4.54,Caustic,4,5,619,12
25-8-2020,5.33,Pathfinder,0,0,0,9
29-5-2021,17.65,Bangalore,3,2,1041,19
18-2-2021,4.24,Pathfinder,2,17,3441,11
12-9-2020,20.05,Horizon,5,2,1040,19
5-7-2021,19.53,Ash,1,14,2246,17
21-2-2019,19.06,Caustic,1,2,268,14
21-6-2020,18.19,Bangalore,15,10,2346,8
28-8-2022,9.08,Lifeline,2,0,372,1
29-1-2020,21.33,Bangalore,5,10,1600,6
19-8-2019,28.19,Octane,4,7,1411,14
6-11-2020,4.08,Bloodhound,0,10,1086,6
10-12-2020,29.59,Octane,4,2,826,20
14-4-2020,7.3,Octane,16,14,5336,11
25-8-2021,7.75,Wraith,5,0,672,19
13-2-2020,5.21,Crypto,5,0,479,12
19-7-2022,3.51,Horizon,16,0,2090,16
28-5-2022,15.33,Pathfinder,3,7,1351,13
9-5-2019,12.42,Pathfinder,13,7,1167,18
31-3-2020,1.05,Pathfinder,3,0,300,2
11-6-2021,27.12,Gibraltar,11,18,5981,12
30-9-2019,28.94,Caustic,14,2,3524,16
10-6-2021,9.63,Crypto,5,8,1329,13
14-3-2020,24.91,Pathfinder,18,10,2077,5
11-11-2022,10.96,Horizon,1,1,194,10
16-2-2019,17.25,Fuse,1,6,782,3
23-12-2021,26.71,Ash,3,12,2116,3
28-5-2019,12.61,Ash,5,1,690,6
11-4-2021,22.39,Caustic,7,5,1539,10
16-1-2022,2.9,Ash,0,1,88,7
16-5-2021,2.2,Bangalore,1,2,214,13
10-6-2020,14.51,Wraith,5,5,1652,17
27-9-2022,23.7,Lifeline,3,6,1402,17
20-4-2019,4.79,Ash,2,0,201,12
14-2-2019,24.03,Wraith,2,2,770,5
7-9-2021,16.5,Crypto,1,14,2317,9
23-7-2022,21.05,Caustic,10,3,2268,19
13-9-2020,24.0,Gibraltar,2,2,587,14
15-11-2019,2.75,Lifeline,2,6,1420,18
9-2-2022,8.88,Ash,2,3,752,11
19-1-2022,27.33,Fuse,10,3,1178,14
20-7-2021,23.37,Caustic,9,3,1242,5
23-8-2020,2.4,Ash,13,6,2823,13
18-2-2019,16.8,Fuse,6,3,616,20
21-2-2020,29.36,Bloodhound,14,13,1498,12
30-9-2020,19.55,Octane,1,3,318,9
21-4-2022,8.87,Horizon,3,11,2764,10
23-12-2022,29.54,Caustic,2,15,1888,5
28-1-2021,12.51,Crypto,1,4,880,1
15-8-2019,29.26,Crypto,16,14,6364,9
1-4-2022,20.9,Caustic,2,10,2310,17
14-4-2022,6.87,Lifeline,4,10,1585,14
17-2-2019,24.58,Lifeline,5,3,1594,4
17-3-2020,6.17,Mirage,4,2,364,1
27-2-2019,13.53,Lifeline,2,2,438,10
1-11-2021,13.51,Bloodhound,4,10,1738,4
14-10-2021,0.55,Wraith,2,3,846,17
26-7-2020,14.24,Pathfinder,9,5,2965,8
12-10-2021,3.59,Fuse,6,5,641,18
5-4-2022,14.31,Mirage,8,5,2276,9
1-4-2021,25.04,Gibraltar,3,3,1164,20
16-11-2022,11.54,Mirage,4,15,3555,17
2-11-2019,1.16,Lifeline,0,10,1840,12
28-3-2019,10.41,Fuse,17,7,4075,15
3-4-2020,5.67,Ash,0,3,287,18
4-5-2020,16.99,Gibraltar,11,4,1274,11
12-5-2021,11.51,Pathfinder,3,1,574,7
3-8-2021,14.94,Ash,10,3,1803,10
12-9-2021,11.84,Horizon,1,2,261,16
5-3-2021,26.68,Horizon,4,9,2016,18
22-2-2022,28.91,Octane,3,4,470,17
27-9-2021,16.12,Horizon,10,14,1563,14
27-7-2020,25.67,Lifeline,5,12,1281,17
16-7-2019,23.33,Bangalore,3,2,348,16
24-11-2021,17.47,Mirage,3,3,544,16
2-8-2019,24.19,Octane,7,7,853,9
22-3-2019,28.5,Gibraltar,4,4,570,16
13-12-2019,13.33,Bloodhound,2,3,885,2
7-8-2022,12.78,Bangalore,1,1,393,16
13-6-2021,7.16,Gibraltar,3,2,1044,11
24-1-2021,11.81,Pathfinder,1,2,589,5
24-6-2019,9.77,Octane,1,0,134,5
22-3-2021,6.88,Crypto,0,2,277,4
9-6-2021,18.3,Bangalore,3,1,404,11
17-7-2022,9.2,Crypto,10,3,2364,9
24-12-2020,7.13,Octane,4,0,334,6
28-2-2021,10.66,Crypto,1,5,1044,12
21-4-2022,6.62,Bangalore,9,2,2108,11
24-12-2022,8.84,Horizon,10,6,2307,15
30-12-2020,0.07,Wraith,4,9,1695,2
9-1-2021,18.37,Bloodhound,3,12,2608,17
27-10-2019,23.74,Horizon,11,3,2773,20
13-6-2019,27.27,Bangalore,7,2,1542,3
9-11-2020,29.12,Horizon,4,3,432,6
1-6-2022,20.05,Horizon,2,2,838,11
25-4-2019,3.75,Octane,9,5,2410,13
7-8-2020,24.43,Crypto,5,14,1282,13
20-1-2021,7.2,Octane,0,5,594,9
11-10-2021,23.01,Fuse,3,2,1011,15
13-7-2022,5.1,Fuse,2,7,724,8
19-11-2021,9.55,Wraith,6,1,508,20
8-12-2020,14.41,Caustic,3,10,2542,3
22-5-2019,11.54,Ash,5,1,449,8
29-3-2022,26.67,Bangalore,6,5,1968,3
17-7-2021,7.31,Ash,5,4,709,16
20-4-2019,0.76,Ash,0,2,141,5
16-9-2019,20.36,Ash,14,3,3465,9
27-11-2019,1.85,Crypto,15,2,1331,6
11-6-2020,19.44,Lifeline,5,4,1360,19
26-12-2021,8.23,Caustic,0,11,925,6
19-2-2020,5.54,Octane,1,0,191,16
13-11-2021,22.45,Bloodhound,2,3,457,14
5-8-2021,20.75,Bangalore,6,3,1081,11
6-3-2019,27.19,Octane,4,17,1123,17
21-7-2020,10.12,Caustic,5,10,987,5
23-2-2022,21.02,Wraith,3,9,2115,17
28-1-2021,26.79,Pathfinder,2,3,712,16
19-12-2022,10.12,Crypto,2,6,1582,18
14-12-2021,24.52,Pathfinder,2,2,799,6
15-7-2019,29.28,Caustic,2,15,2602,15
22-6-2021,10.86,Bangalore,1,3,631,7
16-9-2019,22.76,Caustic,5,7,2396,9
16-4-2022,2.05,Caustic,6,0,1185,10
24-8-2021,26.19,Pathfinder,5,12,2200,5
3-5-2022,3.98,Ash,11,13,4901,7
24-9-2020,1.29,Lifeline,1,3,709,14
29-1-2022,3.03,Fuse,7,6,1971,2
1-4-2019,4.78,Fuse,17,0,2862,11
30-4-2020,10.4,Octane,2,11,672,19
14-8-2021,13.93,Bloodhound,5,3,1461,18
21-9-2019,21.01,Crypto,9,5,1123,20
2-8-2020,24.48,Crypto,12,8,4282,10
4-6-2022,10.09,Bangalore,2,1,376,7
6-8-2021,26.89,Horizon,6,2,1525,15
12-11-2022,15.64,Crypto,1,9,1867,20
10-3-2021,15.21,Bloodhound,16,14,4432,16
19-6-2020,20.25,Wraith,2,2,387,7
13-2-2020,25.52,Ash,3,6,1078,4
19-3-2019,4.86,Horizon,15,4,1917,7
30-11-2022,11.28,Octane,2,3,971,4
3-5-2021,17.82,Lifeline,1,4,277,20
17-1-2022,10.24,Lifeline,2,14,832,20
8-4-2022,11.21,Caustic,1,9,968,8
25-3-2022,19.95,Pathfinder,10,9,3743,5
13-7-2020,22.17,Crypto,4,2,617,19
28-8-2020,11.2,Crypto,2,1,555,4
23-5-2020,20.86,Wraith,8,5,2762,17
21-3-2020,17.7,Gibraltar,1,3,396,10
8-12-2021,21.59,Octane,4,18,1086,14
24-11-2019,20.04,Horizon,5,2,1208,1
7-4-2021,9.5,Lifeline,8,0,1767,13
20-5-2021,6.02,Wraith,0,8,710,2
8-3-2019,18.71,Fuse,7,11,2430,9
7-7-2019,27.49,Ash,3,6,1185,5
18-6-2020,10.84,Pathfinder,4,14,1558,11
13-12-2020,21.01,Mirage,4,8,681,7
21-7-2020,11.61,Fuse,11,7,3593,14
9-11-2020,23.15,Bloodhound,2,2,224,18
22-12-2020,12.12,Ash,6,7,2010,12
8-6-2022,23.47,Crypto,2,4,391,15
15-6-2022,20.21,Fuse,3,12,2147,5
22-8-2022,16.27,Ash,4,1,646,12
22-8-2020,3.48,Bloodhound,3,9,1470,2
14-10-2020,25.63,Octane,3,4,1215,20
20-12-2020,18.09,Crypto,2,5,429,18
15-2-2020,20.97,Gibraltar,6,9,1480,20
21-4-2022,6.68,Crypto,0,16,2221,9
13-2-2022,28.85,Bangalore,8,3,1236,19
29-4-2020,24.01,Fuse,14,4,2599,19
20-9-2021,1.73,Wraith,5,12,1756,15
26-9-2022,5.92,Fuse,4,0,519,20
1-9-2021,22.01,Lifeline,15,6,2401,6
1-4-2020,12.15,Horizon,1,1,123,1
16-3-2019,21.39,Gibraltar,2,2,719,13
5-9-2019,23.98,Ash,9,6,844,6
8-4-2019,26.23,Lifeline,8,9,2520,8
28-8-2019,3.31,Octane,0,2,196,14
13-5-2019,27.68,Octane,3,8,645,5
21-3-2020,18.0,Lifeline,5,10,2429,19
21-9-2022,27.27,Fuse,5,2,564,15
9-2-2022,21.28,Ash,4,16,3561,1
14-8-2020,10.27,Ash,12,2,2534,18
1-12-2020,9.27,Ash,11,13,2555,6
29-6-2022,8.91,Fuse,0,9,1395,18
26-10-2021,2.3,Pathfinder,0,3,151,15
6-10-2022,24.65,Pathfinder,6,13,3710,1
18-12-2022,20.02,Gibraltar,6,6,645,5
27-12-2022,16.28,Caustic,6,16,2935,8
24-8-2022,3.76,Pathfinder,15,4,3610,13
20-10-2020,14.64,Pathfinder,12,2,973,17
29-8-2022,2.99,Bloodhound,2,1,479,6
17-5-2021,11.54,Bloodhound,3,8,790,2
20-10-2019,21.66,Mirage,6,4,1762,20
17-5-2021,19.31,Pathfinder,1,6,1258,18
8-8-2022,4.3,Crypto,6,1,1004,10
11-6-2021,9.03,Pathfinder,2,1,468,7
14-1-2022,19.12,Bloodhound,1,20,2130,5
31-10-2020,24.76,Horizon,6,12,2204,9
11-6-2021,15.52,Gibraltar,5,1,1031,20
22-9-2021,9.71,Horizon,0,0,0,8
18-5-2021,11.53,Horizon,8,10,1237,4
14-5-2019,0.02,Crypto,11,5,994,9
18-6-2022,12.91,Caustic,2,2,394,9
15-4-2019,23.52,Bloodhound,2,8,662,8
20-3-2019,20.2,Crypto,4,2,1128,5
16-8-2020,14.13,Pathfinder,5,3,1037,7
26-11-2022,1.34,Caustic,2,9,2030,16
17-10-2021,8.13,Wraith,0,5,376,13
13-4-2019,18.53,Bangalore,3,4,745,7
14-3-2020,13.15,Wraith,1,8,1078,10
2-11-2019,5.26,Bloodhound,4,18,1441,13
16-7-2021,6.03,Horizon,5,0,1015,3
12-9-2021,0.96,Wraith,0,0,0,3
27-9-2021,20.38,Ash,2,13,2025,1
24-11-2020,6.65,Mirage,1,6,1236,16
6-8-2021,1.05,Fuse,0,8,636,3
12-7-2022,20.09,Gibraltar,14,2,2920,15
9-8-2022,8.33,Octane,2,1,376,10
29-8-2019,19.09,Wraith,3,8,929,9
26-6-2021,24.89,Gibraltar,12,3,2425,1
27-1-2021,20.96,Caustic,6,2,1362,2
9-8-2020,9.78,Lifeline,0,1,111,15
17-1-2022,9.83,Octane,2,5,1129,9
19-4-2020,25.91,Fuse,3,4,927,9
27-8-2022,21.52,Octane,5,9,1343,4
27-6-2021,11.42,Pathfinder,6,1,1353,19
14-4-2019,28.42,Wraith,2,5,622,3
23-5-2022,26.78,Bloodhound,3,13,1418,7
25-8-2020,23.15,Horizon,9,3,1293,19
3-1-2020,21.23,Mirage,3,5,1501,10
15-8-2019,24.79,Horizon,13,6,3167,9
18-12-2019,9.53,Wraith,10,2,2447,9
9-11-2021,5.49,Octane,10,11,2901,8
5-6-2022,10.6,Lifeline,6,1,688,10
4-6-2020,12.24,Gibraltar,16,2,3005,19
21-11-2021,28.84,Ash,19,6,1558,16
5-8-2021,6.6,Pathfinder,3,3,775,5
16-2-2022,25.8,Bloodhound,2,9,1494,16
4-12-2021,21.35,Mirage,3,18,1846,11
24-12-2021,5.62,Horizon,12,14,1430,12
18-7-2020,21.25,Pathfinder,13,2,1559,7
21-3-2022,15.81,Lifeline,6,2,946,12
27-8-2022,22.55,Caustic,14,4,2993,4
18-4-2022,29.32,Lifeline,8,12,3832,15
8-5-2019,0.09,Wraith,1,0,137,14
13-1-2020,27.93,Pathfinder,2,17,1195,8
14-11-2020,13.64,Octane,1,19,2374,13
29-3-2022,5.42,Lifeline,6,1,1219,17
28-11-2019,21.04,Wraith,15,5,4092,6
20-7-2022,7.14,Bangalore,9,3,1502,9
9-11-2022,11.04,Lifeline,10,7,3354,8
14-11-2019,7.12,Octane,1,8,1060,10
2-4-2021,14.36,Bloodhound,11,1,1556,20
5-6-2020,12.16,Lifeline,14,8,2788,7
19-8-2022,16.62,Ash,4,2,1120,4
15-3-2019,8.41,Pathfinder,4,3,498,7
11-7-2019,21.39,Fuse,2,9,881,9
1-3-2021,6.55,Ash,3,2,702,15
8-1-2021,10.49,Caustic,2,2,293,15
1-10-2021,26.59,Gibraltar,2,7,1483,4
14-9-2022,7.65,Fuse,7,0,1155,4
13-11-2019,12.66,Mirage,2,4,1187,13
14-10-2019,25.92,Pathfinder,9,14,3763,2
4-6-2019,8.81,Lifeline,6,0,1308,14
30-10-2020,7.17,Gibraltar,12,2,1845,16
1-9-2021,27.01,Fuse,11,2,1372,11
13-11-2021,20.18,Mirage,7,10,2972,12
14-9-2021,6.32,Bloodhound,10,6,2924,18
22-4-2020,12.04,Mirage,12,1,1564,14
2-7-2020,27.89,Ash,3,5,437,16
15-2-2022,0.84,Pathfinder,2,6,862,10
12-4-2019,7.79,Pathfinder,3,3,987,13
10-6-2021,17.49,Fuse,8,6,2894,7
17-4-2020,6.41,Wraith,11,0,1462,10
31-7-2021,0.41,Pathfinder,4,10,797,7
22-11-2021,9.26,Horizon,8,2,1801,7
6-3-2022,1.59,Wraith,0,7,1256,8
6-7-2021,1.77,Bangalore,1,0,217,11
18-10-2020,6.23,Gibraltar,9,5,2545,12
17-6-2021,8.49,Crypto,11,2,2831,14
18-8-2022,22.51,Horizon,11,5,3407,18
27-10-2019,9.41,Bangalore,3,1,653,7
28-2-2019,9.46,Crypto,10,8,3439,14
24-10-2020,1.69,Pathfinder,3,6,1241,16
3-5-2021,21.46,Fuse,9,2,1213,6
3-6-2019,3.03,Wraith,12,3,3308,20
2-5-2022,23.28,Pathfinder,2,6,1283,14
6-5-2021,1.27,Bangalore,0,1,180,18
5-8-2020,16.86,Bloodhound,9,2,1941,17
13-3-2022,5.66,Caustic,1,6,949,15
14-11-2019,23.59,Mirage,7,8,1873,7
6-5-2021,16.11,Fuse,7,1,1132,1
16-11-2019,29.52,Horizon,6,5,2225,6
31-3-2022,5.14,Wraith,18,9,5452,17
1-8-2020,2.19,Mirage,1,0,136,9
29-8-2019,3.14,Caustic,2,3,285,1
1-7-2019,0.45,Wraith,2,4,326,2
30-10-2019,25.82,Bangalore,10,10,1531,12
20-7-2022,29.95,Caustic,7,4,846,19
9-5-2021,23.72,Caustic,10,9,2247,9
16-2-2021,25.81,Wraith,7,2,1287,10
8-10-2021,30.0,Gibraltar,13,4,1583,11
15-10-2022,22.2,Pathfinder,11,6,3691,4
18-5-2019,21.73,Mirage,5,9,2731,5
28-1-2020,12.51,Fuse,4,7,2274,8
8-3-2020,23.05,Lifeline,6,2,487,13
13-9-2021,15.04,Bloodhound,3,10,2431,12
12-7-2021,26.24,Lifeline,14,2,1394,4
6-12-2020,19.11,Fuse,13,7,1905,9
3-12-2020,7.04,Horizon,16,0,3787,19
2-4-2022,29.49,Crypto,3,6,903,9
5-3-2019,17.21,Wraith,7,3,1511,17
3-8-2019,13.04,Caustic,3,13,2208,17
17-4-2020,17.41,Lifeline,3,4,747,4
23-1-2021,1.22,Pathfinder,0,9,794,6
30-1-2021,7.31,Bangalore,3,9,1168,8
5-2-2022,18.17,Pathfinder,2,19,1421,4
13-6-2019,21.61,Lifeline,16,2,1479,18
7-12-2021,4.57,Ash,5,5,728,2
15-6-2022,11.09,Lifeline,4,3,645,1
25-6-2022,12.34,Octane,4,11,1313,19
16-12-2021,25.12,Pathfinder,6,2,852,3
22-4-2020,4.06,Fuse,1,5,1193,16
10-6-2022,8.85,Mirage,3,1,421,6
1-9-2021,7.66,Ash,5,7,1955,12
27-3-2020,10.69,Gibraltar,18,2,3002,17
11-9-2022,26.53,Lifeline,3,2,877,1
21-2-2020,25.45,Octane,4,2,1035,10
16-10-2019,22.23,Crypto,4,2,455,5
29-9-2021,4.39,Horizon,3,3,595,16
12-9-2020,9.99,Mirage,3,2,817,17
22-8-2022,1.9,Wraith,2,9,1176,1
17-10-2019,15.26,Ash,6,1,573,18
6-3-2021,14.09,Mirage,3,11,784,11
15-7-2021,19.79,Lifeline,13,8,3304,5
11-4-2022,2.07,Caustic,7,3,1028,4
9-12-2021,29.67,Caustic,6,5,1930,20
4-10-2020,20.08,Octane,4,16,3005,2
6-12-2020,13.8,Crypto,4,8,1710,2
6-10-2022,19.35,Lifeline,3,5,1428,4
17-3-2021,26.21,Pathfinder,7,2,1426,4
5-4-2020,0.23,Bangalore,9,5,1809,2
27-1-2021,21.93,Mirage,2,3,517,5
12-3-2021,0.6,Octane,2,3,437,10
9-10-2020,25.76,Bangalore,7,7,1918,13
18-4-2021,0.19,Gibraltar,2,0,183,15
24-1-2020,0.61,Bangalore,7,12,1589,16
14-9-2021,9.42,Horizon,1,2,335,11
12-4-2022,10.46,Wraith,5,1,910,1
13-7-2021,9.28,Ash,5,2,630,18
11-3-2021,20.05,Bangalore,7,8,1794,7
13-8-2021,13.19,Bloodhound,4,11,1127,2
2-3-2020,5.46,Ash,3,2,489,13
1-7-2020,5.92,Lifeline,3,0,484,3
27-2-2019,15.74,Wraith,3,1,664,18
23-9-2021,7.96,Gibraltar,7,9,2160,1
1-10-2021,14.83,Fuse,8,6,1688,3
3-3-2022,19.85,Pathfinder,16,3,3138,6
24-8-2022,8.12,Mirage,0,15,1081,14
29-1-2022,3.59,Bloodhound,9,13,4112,5
3-5-2022,20.01,Horizon,3,12,2423,1
6-12-2022,20.06,Fuse,7,17,2508,2
13-6-2019,11.55,Bangalore,9,10,1479,8
4-2-2020,6.55,Octane,0,0,0,2
29-8-2021,12.41,Bloodhound,14,14,5889,4
29-7-2022,19.96,Crypto,1,10,1923,2
20-2-2019,11.29,Gibraltar,6,11,1447,7
13-11-2022,24.21,Mirage,20,4,2695,10
2-2-2021,9.25,Bloodhound,0,5,572,2
7-3-2019,9.74,Wraith,3,8,599,16
21-3-2022,16.8,Caustic,3,1,283,12
10-1-2020,21.05,Caustic,9,12,3473,20
9-2-2022,13.31,Mirage,6,14,1942,3
23-4-2020,11.15,Pathfinder,5,8,2335,12
6-4-2021,2.42,Caustic,9,1,1957,9
6-9-2022,22.54,Wraith,2,6,1536,5
11-8-2019,14.68,Crypto,19,3,2347,1
2-5-2022,25.23,Fuse,18,3,4178,3
4-7-2019,21.1,Mirage,4,2,959,11
24-1-2022,5.87,Bangalore,1,4,670,12
12-5-2020,19.17,Wraith,4,1,918,8
24-4-2019,7.26,Fuse,2,3,371,4
8-12-2021,26.47,Gibraltar,2,2,599,20
4-6-2019,16.31,Crypto,17,3,4172,20
20-11-2021,25.67,Gibraltar,13,10,3296,12
9-3-2022,10.11,Octane,4,2,779,1
19-4-2019,25.87,Ash,15,2,2474,1
24-11-2019,6.82,Lifeline,7,8,1052,9
8-12-2019,23.04,Mirage,2,3,662,15
5-11-2020,20.27,Ash,2,11,1396,6
2-9-2019,12.82,Bangalore,11,4,1397,3
18-3-2021,29.93,Bangalore,3,2,958,5
18-12-2019,5.77,Gibraltar,0,2,146,9
22-10-2022,22.25,Octane,12,8,2610,15
13-5-2019,16.2,Horizon,10,1,2151,5
17-12-2021,1.0,Wraith,0,9,1544,15
1-4-2019,0.43,Fuse,8,0,543,10
23-8-2020,0.34,Caustic,0,5,685,5
25-6-2019,17.39,Octane,1,9,864,19
14-7-2019,12.48,Fuse,15,3,3345,13
25-12-2021,15.35,Octane,2,6,1437,10
10-1-2021,9.9,Caustic,8,4,1593,4
1-10-2022,17.39,Crypto,3,2,966,11
4-10-2019,12.23,Caustic,6,1,1039,6
27-4-2019,25.1,Mirage,2,3,906,8
8-6-2020,16.64,Bloodhound,10,8,1528,12
24-1-2021,29.62,Gibraltar,5,4,1696,15
16-4-2021,11.3,Pathfinder,4,4,1414,16
28-5-2019,26.43,Lifeline,8,13,2753,18
9-4-2020,0.16,Lifeline,0,1,177,3
15-2-2021,10.54,Bloodhound,1,2,577,10
11-11-2021,24.69,Ash,9,6,1829,10
23-7-2022,9.17,Gibraltar,0,3,353,3
24-10-2021,20.34,Wraith,5,5,1331,13
5-4-2019,24.47,Octane,4,5,748,5
18-11-2022,24.88,Lifeline,2,3,593,3
1-3-2021,21.51,Pathfinder,7,2,999,17
29-9-2020,11.11,Wraith,2,11,1970,17
14-6-2020,9.11,Bangalore,0,14,2203,7
29-10-2019,2.7,Pathfinder,0,0,0,1
7-5-2022,13.81,Octane,7,7,1092,4
31-10-2022,22.34,Lifeline,2,4,602,14
4-5-2021,28.59,Caustic,7,2,947,17
17-9-2019,29.73,Wraith,3,3,1085,8
20-2-2022,3.1,Lifeline,3,5,1250,9
12-1-2021,23.9,Wraith,8,14,3660,14
16-10-2021,29.84,Ash,9,3,2329,16
11-5-2022,12.76,Lifeline,4,4,1557,2
23-2-2021,5.17,Fuse,3,6,622,7
30-11-2021,22.48,Gibraltar,7,16,1974,19
14-1-2022,5.55,Pathfinder,4,19,1914,8
2-8-2022,4.98,Ash,0,9,545,12
17-2-2021,29.0,Crypto,12,2,2461,11
30-6-2019,8.94,Gibraltar,8,10,1987,19
10-1-2020,3.83,Mirage,1,4,327,13
23-5-2022,7.19,Wraith,14,11,1411,1
7-9-2019,1.46,Fuse,7,0,1230,10
17-8-2021,20.34,Pathfinder,3,9,1301,5
29-4-2019,23.11,Gibraltar,3,5,963,13
11-9-2021,11.24,Pathfinder,1,3,786,11
28-10-2021,19.46,Mirage,1,2,376,16
13-5-2019,8.6,Horizon,1,2,342,6
1-1-2022,5.37,Bangalore,3,2,1081,8
2-3-2022,22.76,Mirage,4,7,1381,1
29-3-2019,12.01,Octane,15,3,2372,7
18-7-2019,0.46,Gibraltar,9,1,1022,19
24-2-2020,3.74,Gibraltar,1,7,1145,17
31-5-2022,19.5,Horizon,5,5,624,19
5-12-2020,7.13,Pathfinder,0,0,0,6
14-1-2022,14.26,Octane,3,1,798,15
8-9-2022,25.49,Bangalore,2,7,1241,17
24-7-2019,18.21,Wraith,1,4,262,13
22-7-2020,26.5,Fuse,13,2,2234,17
13-11-2019,1.07,Bangalore,5,8,1104,16
10-11-2019,28.48,Caustic,2,16,2338,19
29-10-2019,15.85,Mirage,1,4,754,11
14-7-2020,18.61,Horizon,1,19,2953,3
16-1-2020,6.88,Horizon,2,1,369,20
20-8-2020,8.28,Bangalore,9,4,2695,10
17-9-2020,10.86,Wraith,13,9,3538,14
3-5-2020,25.26,Pathfinder,7,2,1780,1
25-5-2021,3.5,Bangalore,3,0,267,6
17-12-2021,28.09,Pathfinder,3,7,1664,15
9-3-2021,26.76,Mirage,8,2,1419,12
6-4-2021,29.43,Octane,2,4,1033,20
22-9-2019,24.14,Wraith,8,6,2053,11
12-11-2019,20.3,Wraith,2,5,476,7
26-1-2021,16.88,Bangalore,1,6,1241,11
9-1-2022,4.46,Horizon,3,2,722,10
31-10-2019,17.24,Horizon,12,6,1445,16
2-11-2020,27.49,Wraith,3,7,1700,9
29-5-2019,19.2,Caustic,7,11,3370,2
20-4-2020,18.34,Pathfinder,14,7,3911,7
25-6-2022,29.02,Bloodhound,13,15,1513,13
24-3-2020,4.79,Octane,5,2,913,20
18-1-2022,22.7,Octane,13,15,4773,8
23-7-2020,26.43,Caustic,5,3,1148,3
28-7-2020,6.49,Fuse,2,15,3082,5
1-4-2021,2.15,Horizon,0,1,134,16
5-5-2020,17.4,Gibraltar,6,2,889,6
29-12-2021,2.96,Gibraltar,0,0,0,11
26-9-2022,19.77,Lifeline,1,13,2410,5
27-2-2022,13.17,Crypto,1,14,1368,11
4-7-2021,5.65,Ash,4,15,1152,3
10-3-2020,23.34,Bloodhound,4,6,2035,14
1-8-2021,13.06,Mirage,3,5,1312,11
20-11-2019,0.28,Bangalore,4,9,871,3
4-4-2020,21.15,Ash,3,2,934,10
13-1-2021,7.05,Fuse,2,1,521,6
11-7-2022,11.25,Gibraltar,9,11,1715,13
8-12-2022,9.69,Octane,2,2,476,17
7-7-2021,14.57,Lifeline,2,16,3223,16
13-7-2021,17.16,Caustic,4,1,830,15
7-8-2021,9.95,Octane,5,1,711,2
11-11-2021,3.78,Horizon,6,5,834,10
22-3-2022,1.19,Lifeline,0,5,649,16
29-3-2021,16.92,Gibraltar,5,1,1103,17
6-12-2019,24.31,Octane,7,3,845,7
16-5-2021,4.32,Horizon,0,11,1393,14
9-5-2022,20.67,Bangalore,2,3,773,15
22-9-2019,10.05,Crypto,6,10,2474,13
12-12-2019,6.47,Lifeline,0,9,662,8
7-10-2019,8.16,Ash,10,0,1440,3
24-7-2019,15.8,Fuse,2,4,720,16
4-10-2021,27.07,Ash,15,7,4715,3
11-3-2021,10.42,Bloodhound,2,8,707,6
29-6-2020,6.91,Caustic,4,0,526,10
24-4-2019,8.55,Ash,1,10,576,14
26-3-2022,27.65,Bloodhound,2,2,727,10
2-10-2020,8.22,Bangalore,2,4,1038,8
23-3-2022,3.66,Mirage,1,5,801,11
8-9-2020,19.34,Mirage,1,3,330,2
17-3-2019,9.42,Fuse,0,17,2408,4
5-1-2020,20.25,Octane,17,8,4125,8
27-11-2021,29.54,Ash,17,4,4342,1
19-12-2019,20.96,Bloodhound,9,4,1700,5
14-4-2020,8.77,Mirage,1,2,166,18
18-12-2019,21.96,Bloodhound,4,3,986,10
12-8-2019,0.82,Bloodhound,0,0,0,15
22-8-2021,8.74,Bloodhound,2,3,736,18
14-6-2020,25.75,Crypto,15,4,1563,17
20-1-2022,16.36,Wraith,1,3,365,3
19-1-2022,19.06,Bloodhound,12,1,2721,19
14-6-2022,28.43,Pathfinder,15,14,2503,14
29-8-2022,20.81,Wraith,2,6,1614,18
18-4-2022,28.3,Mirage,5,2,1174,18
21-5-2022,6.28,Horizon,9,1,977,2
14-6-2020,25.49,Pathfinder,2,7,465,4
11-5-2021,10.99,Ash,4,11,2759,4
27-12-2020,6.54,Bloodhound,5,4,958,6
18-3-2021,9.64,Octane,18,1,1397,19
29-6-2019,26.27,Octane,7,6,805,1
2-5-2020,1.09,Gibraltar,4,0,677,15
4-11-2020,15.52,Crypto,2,10,2061,1
26-7-2021,4.49,Mirage,10,1,2346,2
10-10-2019,17.93,Horizon,1,13,712,11
12-2-2021,13.69,Horizon,9,4,2548,17
11-6-2022,17.2,Wraith,8,7,1405,1
15-10-2020,5.26,Bloodhound,13,1,1137,1
11-7-2020,20.72,Wraith,12,18,2796,19
7-4-2021,26.23,Mirage,2,3,431,5
30-12-2020,12.15,Pathfinder,1,11,1798,8
26-3-2021,7.3,Pathfinder,0,1,117,8
7-4-2019,7.57,Fuse,0,9,524,18
26-6-2019,27.89,Horizon,14,14,5663,13
13-12-2019,13.09,Gibraltar,8,5,2132,12
26-1-2022,20.6,Fuse,7,3,1134,17
4-2-2020,5.72,Wraith,1,3,542,6
6-3-2022,2.04,Gibraltar,6,7,2400,16
20-5-2021,2.79,Wraith,7,17,3678,7
8-9-2020,3.97,Caustic,4,2,476,16
21-12-2022,7.54,Crypto,10,0,2152,20
7-10-2020,8.87,Fuse,7,2,2024,4
11-1-2021,10.2,Octane,4,2,1223,10
8-11-2021,27.49,Wraith,8,6,1378,12
6-10-2019,16.15,Bangalore,4,7,2084,14
21-8-2021,8.38,Ash,5,12,1235,18
16-5-2020,16.66,Octane,4,1,687,3
14-8-2022,4.12,Ash,0,1,134,4
4-11-2022,21.37,Fuse,5,11,3006,17
11-5-2022,12.29,Ash,2,13,1590,15
19-6-2022,27.22,Ash,7,9,2666,7
23-4-2021,19.01,Lifeline,2,10,776,14
11-8-2019,7.65,Gibraltar,11,0,1659,3
8-7-2021,2.41,Bloodhound,0,3,517,18
14-2-2020,14.98,Pathfinder,16,8,1570,2
26-9-2019,24.76,Fuse,14,13,2458,4
23-8-2021,17.63,Octane,1,2,357,6
26-4-2021,21.28,Octane,2,14,1381,8
24-11-2020,22.43,Horizon,3,7,684,5
16-2-2022,14.63,Bloodhound,8,7,3159,16
20-1-2020,24.03,Ash,8,3,1821,8
21-6-2021,18.91,Mirage,1,2,269,6
18-10-2021,7.63,Horizon,5,10,979,7
28-11-2022,26.91,Gibraltar,2,2,830,6
5-6-2022,11.95,Ash,9,2,2410,10
13-10-2020,22.18,Fuse,5,4,1383,2
14-12-2020,15.4,Octane,4,7,1168,12
20-5-2022,28.99,Caustic,2,2,827,5
2-1-2020,22.84,Wraith,7,2,2028,9
20-5-2019,3.9,Crypto,1,4,1008,8
22-11-2019,24.45,Lifeline,7,7,1715,6
6-1-2022,17.33,Fuse,4,2,1135,13
11-5-2020,24.66,Pathfinder,12,8,2474,17
22-11-2022,14.44,Mirage,7,6,1425,13
18-5-2019,17.26,Gibraltar,4,1,490,18
13-12-2020,29.64,Wraith,6,2,1211,18
6-8-2022,13.21,Mirage,1,4,823,5
10-4-2019,11.79,Bangalore,2,16,2949,4
5-1-2020,6.52,Bangalore,4,9,1981,9
27-7-2022,28.64,Lifeline,5,12,3371,17
24-3-2021,17.99,Bloodhound,6,17,1915,6
11-7-2022,23.55,Bloodhound,7,12,2381,18
21-6-2019,11.22,Mirage,2,1,461,9
16-2-2019,4.99,Caustic,2,12,1295,6
27-1-2022,12.98,Gibraltar,3,19,1709,19
5-11-2021,3.3,Fuse,11,10,1606,14
5-5-2019,1.53,Ash,6,0,1390,10
28-11-2022,16.63,Fuse,2,8,1610,7
19-8-2022,20.16,Mirage,3,2,453,7
16-8-2022,10.62,Horizon,13,6,1544,1
28-3-2021,9.62,Caustic,2,0,307,6
12-12-2019,21.68,Caustic,11,9,3425,20
27-12-2020,2.7,Caustic,2,2,623,10
30-7-2022,20.4,Bloodhound,9,10,1024,2
11-4-2020,6.76,Mirage,3,2,789,11
28-7-2022,26.5,Fuse,3,9,759,17
8-9-2021,22.15,Fuse,4,2,538,4
24-9-2022,19.76,Bloodhound,9,15,4700,1
21-7-2019,16.62,Mirage,3,1,764,7
15-11-2021,12.54,Bloodhound,4,11,3076,2
1-10-2019,12.72,Lifeline,2,2,425,20
25-3-2019,16.63,Gibraltar,1,11,575,7
5-3-2020,18.97,Horizon,1,8,456,3
10-9-2021,7.75,Lifeline,0,2,302,19
25-4-2021,24.49,Mirage,4,10,995,5
28-4-2021,24.2,Octane,3,2,487,4
21-8-2020,11.94,Pathfinder,8,4,1286,15
24-4-2021,18.95,Mirage,9,7,1707,17
28-5-2022,22.14,Lifeline,8,5,1645,4
23-8-2019,22.5,Ash,2,4,506,2
30-9-2020,2.16,Mirage,10,0,1656,13
28-3-2020,10.74,Bloodhound,17,4,2343,10
22-11-2020,13.78,Pathfinder,6,10,1467,3
21-11-2020,26.96,Fuse,4,10,954,1
29-10-2022,13.81,Ash,3,3,496,9
29-11-2020,15.18,Crypto,1,1,134,8
7-10-2020,12.81,Bloodhound,1,12,694,11
12-2-2020,15.44,Wraith,2,6,1578,18
2-10-2020,6.47,Horizon,7,1,1339,3
18-6-2020,28.84,Pathfinder,2,4,357,4
1-12-2019,15.68,Wraith,12,6,2730,13
30-9-2021,1.35,Fuse,0,7,650,19
8-3-2019,26.39,Lifeline,8,7,2482,13
22-6-2020,17.07,Wraith,1,5,1085,3
2-4-2019,8.08,Gibraltar,3,1,583,5
31-12-2022,3.05,Bangalore,3,0,659,3
16-11-2020,28.8,Horizon,5,13,2440,12
26-12-2019,28.02,Mirage,6,5,1439,15
24-7-2019,2.98,Mirage,5,2,1309,1
16-7-2020,17.83,Crypto,5,1,959,10
10-7-2020,3.07,Pathfinder,5,6,1302,11
27-9-2019,2.67,Ash,12,0,2783,13
6-4-2022,9.22,Gibraltar,7,0,863,15
22-5-2021,2.02,Lifeline,6,6,2258,11
1-11-2019,14.57,Octane,6,1,1428,15
15-9-2020,4.62,Gibraltar,3,5,1166,20
28-2-2020,10.13,Crypto,2,2,525,7
11-7-2022,28.54,Pathfinder,2,3,678,11
10-3-2021,15.34,Fuse,4,20,1573,14
13-1-2020,28.89,Horizon,7,5,1304,14
27-9-2021,20.13,Mirage,8,4,1766,4
19-8-2022,0.98,Bloodhound,4,10,1380,11
12-10-2020,13.72,Mirage,10,4,1559,9
23-8-2022,13.79,Wraith,16,5,2646,16
16-8-2019,24.42,Fuse,5,4,690,17
2-4-2022,21.85,Pathfinder,10,4,2650,7
17-5-2022,27.11,Bangalore,2,8,1449,20
16-8-2021,5.74,Mirage,14,2,1489,11
4-3-2022,3.9,Fuse,0,1,83,15
6-2-2020,4.76,Lifeline,16,9,5010,5
22-10-2019,16.49,Fuse,9,2,1503,17
2-2-2021,8.12,Bloodhound,0,1,179,5
30-9-2022,26.75,Lifeline,5,3,842,14
30-12-2020,3.7,Bangalore,4,3,430,2
7-6-2022,4.86,Pathfinder,5,2,1110,8
20-10-2019,13.86,Wraith,6,4,1892,5
9-6-2020,22.47,Bangalore,4,2,828,7
14-2-2022,25.17,Gibraltar,8,10,3489,5
23-12-2021,27.74,Caustic,8,7,2289,3
2-7-2019,24.06,Lifeline,10,14,4389,16
4-1-2020,2.52,Bangalore,11,7,1215,3
27-4-2019,16.57,Wraith,6,7,1463,8
18-10-2021,0.97,Gibraltar,10,3,1537,5
14-2-2021,21.42,Ash,14,2,2522,7
13-1-2021,19.54,Mirage,4,9,1971,8
1-10-2022,29.24,Bangalore,2,14,848,9
8-5-2022,26.84,Wraith,12,5,2445,12
4-5-2021,25.81,Octane,6,7,2523,5
27-10-2020,13.88,Caustic,2,6,796,6
21-4-2021,5.45,Wraith,8,11,3992,5
30-11-2021,10.56,Octane,8,3,1572,15
2-8-2020,8.08,Pathfinder,0,4,317,3
22-1-2020,3.85,Mirage,12,10,2388,15
3-2-2021,7.7,Octane,11,4,1817,6
27-6-2021,16.88,Bloodhound,4,2,1028,5
7-12-2021,5.21,Octane,2,0,365,16
31-12-2021,26.73,Ash,4,12,1439,20
22-6-2021,17.85,Mirage,9,8,1429,14
16-10-2020,27.18,Pathfinder,3,2,628,14
6-11-2021,8.05,Horizon,5,0,597,16
18-6-2019,17.54,Lifeline,19,5,1493,6
4-8-2021,9.96,Ash,1,2,586,8
11-7-2019,25.53,Pathfinder,4,8,1517,9
9-9-2022,18.78,Ash,7,3,1130,5
14-12-2021,23.54,Wraith,7,5,1729,13
2-10-2019,2.84,Bloodhound,3,0,454,2
6-5-2019,14.68,Crypto,6,6,1328,12
24-2-2020,26.18,Bloodhound,15,5,1246,5
16-6-2021,15.54,Ash,1,3,807,2
16-2-2019,16.1,Bloodhound,1,2,339,8
6-1-2020,0.74,Octane,1,0,194,1
15-3-2021,14.48,Gibraltar,7,2,656,9
20-2-2022,11.21,Horizon,9,3,925,13
1-8-2021,0.38,Crypto,13,9,3320,11
16-12-2020,0.1,Gibraltar,0,1,146,10
2-9-2019,4.65,Octane,15,12,5591,16
4-12-2019,16.63,Wraith,9,1,655,4
3-4-2019,0.44,Caustic,2,9,1309,14
19-3-2019,17.78,Lifeline,1,10,1793,9
11-5-2021,25.78,Bangalore,2,15,2791,12
11-5-2020,10.59,Horizon,11,2,1320,17
8-9-2021,6.57,Crypto,3,1,237,5
6-12-2021,15.86,Fuse,2,6,922,10
1-8-2020,13.72,Fuse,1,4,505,6
30-12-2022,26.15,Horizon,6,2,1177,8
27-3-2022,8.36,Wraith,4,0,649,4
3-7-2022,8.75,Bangalore,1,1,139,5
27-4-2019,6.17,Bloodhound,1,9,1104,2
12-10-2020,11.76,Ash,9,1,1279,17
5-7-2022,23.88,Mirage,4,15,2109,7
19-12-2022,9.25,Mirage,4,12,2220,3
9-5-2019,15.77,Pathfinder,10,1,1681,9
21-6-2021,16.62,Caustic,1,5,497,17
3-4-2019,15.57,Mirage,1,8,661,11
4-11-2021,11.82,Mirage,1,3,777,18
12-7-2022,12.13,Ash,1,13,1506,2
6-1-2020,10.32,Octane,4,1,900,20
27-5-2021,26.96,Crypto,2,13,1326,15
8-2-2021,4.12,Lifeline,10,1,1564,5
23-3-2020,17.1,Bangalore,2,20,2290,7
28-2-2019,2.34,Octane,6,9,2296,19
4-7-2021,2.55,Lifeline,12,4,2993,20
26-8-2020,3.74,Crypto,0,6,628,13
12-9-2022,8.89,Ash,0,8,1216,16
2-7-2021,4.05,Fuse,11,8,2817,13
18-1-2022,20.23,Wraith,10,2,1063,1
20-3-2020,23.83,Gibraltar,2,3,612,10
26-4-2019,25.19,Caustic,6,7,2011,1
6-11-2019,29.41,Fuse,5,18,3346,10
21-12-2021,23.6,Mirage,10,3,971,14
22-7-2019,2.31,Horizon,2,0,411,8
24-5-2021,4.97,Mirage,12,1,3070,18
9-8-2021,10.03,Horizon,1,4,625,6
14-7-2019,21.68,Fuse,2,6,1084,13
9-6-2020,3.85,Pathfinder,9,1,2150,16
13-11-2022,4.28,Lifeline,7,0,709,16
27-8-2022,18.4,Pathfinder,4,5,1694,12
12-8-2022,7.65,Wraith,2,1,215,8
17-4-2022,16.25,Bangalore,1,17,3403,17
20-2-2019,13.8,Bangalore,5,2,447,11
24-11-2020,29.56,Fuse,6,2,1354,6
2-8-2022,27.68,Crypto,8,4,2504,8
16-11-2019,20.93,Pathfinder,5,13,3139,2
13-3-2022,12.16,Bloodhound,8,4,2329,5
23-11-2020,22.46,Crypto,2,10,2249,8
8-6-2020,19.7,Mirage,8,18,2802,19
29-5-2021,27.93,Fuse,8,2,2138,12
15-2-2021,10.6,Caustic,3,10,1910,2
5-9-2022,16.65,Mirage,1,1,290,3
18-8-2020,18.05,Bloodhound,2,2,290,6
28-2-2021,0.19,Fuse,2,1,319,11
2-6-2021,19.28,Bloodhound,15,7,2380,16
9-4-2019,16.82,Pathfinder,1,14,2373,18
25-3-2019,8.43,Wraith,0,6,536,11
2-11-2022,3.98,Octane,1,3,656,18
22-4-2021,28.08,Caustic,2,14,2438,14
14-2-2022,6.31,Bangalore,4,2,667,13
13-7-2020,25.48,Bloodhound,3,7,1314,4
25-1-2020,16.22,Horizon,16,3,3345,5
15-9-2021,25.95,Lifeline,2,14,2697,13
18-10-2022,28.06,Bloodhound,3,2,566,19
14-3-2019,27.7,Crypto,5,7,1797,16
7-10-2021,20.22,Lifeline,11,2,2380,20
27-9-2020,26.05,Gibraltar,13,2,1786,18
9-11-2020,10.52,Octane,1,1,247,7
25-2-2019,2.36,Bloodhound,2,6,1243,11
14-2-2022,17.49,Caustic,7,5,2258,16
24-8-2020,29.83,Crypto,8,5,1073,17
30-9-2021,20.88,Ash,14,6,2994,18
9-9-2022,16.92,Caustic,2,4,545,3
17-5-2021,12.99,Gibraltar,4,9,1001,10
18-6-2019,11.56,Octane,15,11,4130,7
29-12-2019,12.16,Crypto,8,4,2192,15
13-9-2020,23.52,Gibraltar,5,8,1726,17
7-3-2021,5.64,Octane,7,3,1293,17
17-8-2019,28.49,Ash,4,13,3265,1
6-6-2021,7.96,Caustic,2,9,746,9
28-10-2021,9.68,Horizon,4,2,788,11
28-11-2019,20.54,Lifeline,3,8,1769,12
2-10-2020,5.09,Gibraltar,8,0,1049,15
10-12-2019,0.96,Horizon,4,1,425,8
7-1-2020,23.72,Mirage,5,3,1175,7
29-6-2022,9.4,Octane,11,8,1497,8
9-11-2019,9.53,Bangalore,2,12,1106,16
6-11-2022,27.16,Bloodhound,5,7,2133,8
16-11-2020,29.46,Crypto,9,9,2675,5
20-8-2022,8.11,Pathfinder,7,5,1103,14
19-12-2019,4.78,Gibraltar,8,4,1388,16
8-5-2022,17.13,Pathfinder,1,2,480,17
11-5-2019,6.55,Bloodhound,5,2,749,7
20-1-2021,14.03,Crypto,7,1,677,6
14-4-2020,26.5,Fuse,8,8,1105,16
26-7-2019,0.96,Wraith,5,12,1750,18
5-5-2019,23.25,Ash,11,5,2064,20
9-9-2019,27.71,Horizon,15,8,3235,2
29-1-2020,0.16,Octane,1,7,751,15
16-2-2022,16.03,Ash,2,2,697,9
26-2-2022,21.5,Mirage,4,4,1580,1
1-5-2022,1.01,Bloodhound,3,6,944,6
29-4-2022,15.18,Crypto,12,5,1659,12
18-2-2021,16.13,Fuse,11,4,3298,11
26-6-2022,9.57,Bangalore,1,5,553,14
26-6-2020,14.15,Octane,6,3,1943,13
29-10-2020,24.9,Ash,15,5,4211,15
12-1-2021,3.93,Ash,6,3,646,7
27-10-2022,9.35,Pathfinder,4,1,619,5
27-12-2019,14.53,Pathfinder,1,13,1852,9
14-8-2021,6.39,Bangalore,8,0,768,11
23-1-2020,11.81,Octane,5,7,1799,4
31-3-2020,12.22,Gibraltar,4,2,692,16
10-2-2022,21.05,Wraith,4,4,1179,3
4-8-2020,27.82,Bloodhound,7,15,1803,11
9-10-2021,2.91,Wraith,0,10,1460,20
26-6-2019,25.67,Bloodhound,10,3,2494,13
28-8-2022,17.74,Bangalore,12,1,2978,13
18-2-2022,2.27,Horizon,1,16,2254,8
13-4-2022,23.83,Horizon,11,6,1097,5
13-12-2020,19.56,Caustic,9,6,906,18
16-10-2019,8.51,Bangalore,9,8,2782,12
7-2-2021,16.39,Pathfinder,3,1,377,20
27-11-2021,27.55,Octane,2,7,1754,10
28-5-2021,16.89,Ash,5,14,2064,4
13-6-2020,6.63,Ash,6,0,1327,15
14-9-2020,20.63,Ash,4,13,2786,2
3-9-2020,27.19,Mirage,2,4,1117,5
9-1-2022,1.28,Bloodhound,8,0,637,18
25-5-2020,10.01,Octane,1,2,436,4
21-6-2021,28.64,Caustic,6,2,1447,1
15-11-2021,29.14,Bloodhound,14,4,3495,16
8-9-2020,23.38,Ash,6,15,1829,19
10-3-2020,27.69,Crypto,11,2,2944,20
9-8-2021,24.84,Pathfinder,8,6,1214,17
26-9-2020,19.9,Octane,12,2,3185,12
17-10-2019,20.05,Octane,2,13,1277,6
5-6-2020,29.26,Fuse,2,18,2517,5
22-5-2019,14.3,Lifeline,4,3,952,17
20-10-2022,9.32,Horizon,1,1,279,16
27-1-2021,23.24,Octane,5,9,2826,11
13-10-2020,22.34,Wraith,18,2,4139,5
23-8-2021,23.94,Wraith,5,21,4869,9
17-3-2020,13.48,Bangalore,12,2,2330,19
11-1-2022,10.73,Crypto,12,4,1401,20
19-5-2021,12.21,Bangalore,1,1,293,1
13-4-2022,14.23,Wraith,6,6,803,18
12-3-2019,16.52,Ash,2,15,955,1
12-5-2021,25.84,Horizon,6,15,1830,3
14-3-2021,26.92,Horizon,6,2,477,8
3-3-2021,11.43,Pathfinder,4,1,676,12
9-1-2020,17.2,Mirage,12,1,1499,19
21-11-2021,23.43,Horizon,4,4,1217,20
8-1-2022,12.74,Bloodhound,5,1,907,11
9-4-2022,6.22,Horizon,4,1,305,9
13-11-2022,28.2,Mirage,2,15,1036,8
7-9-2020,13.63,Lifeline,3,10,1999,7
26-7-2019,17.94,Wraith,1,1,360,10
28-3-2019,20.72,Crypto,8,2,2031,11
11-4-2019,28.86,Horizon,10,17,4331,18
10-12-2019,15.85,Caustic,5,9,2917,4
30-8-2019,26.51,Wraith,6,2,680,14
15-6-2020,0.67,Caustic,7,0,1585,11
7-11-2019,28.7,Ash,6,6,927,10
10-6-2022,25.24,Bangalore,16,3,3467,1
4-8-2021,14.93,Ash,16,18,2329,10
20-8-2021,0.76,Octane,2,0,397,14
24-9-2022,22.68,Mirage,7,19,2580,9
5-3-2020,25.59,Lifeline,5,3,1144,1
7-5-2020,6.48,Wraith,1,0,73,19
3-4-2022,26.63,Mirage,4,2,528,7
20-7-2020,9.27,Ash,0,4,211,9
27-8-2020,23.49,Gibraltar,7,6,1808,11
15-2-2022,11.87,Ash,15,6,3886,20
15-12-2019,6.31,Lifeline,6,2,1787,18
13-4-2022,7.9,Horizon,2,1,436,12
5-9-2019,26.43,Fuse,7,15,3196,3
26-6-2019,28.23,Wraith,3,6,1045,6
16-1-2022,5.4,Pathfinder,16,0,3674,1
12-4-2022,5.4,Gibraltar,4,2,1265,2
20-11-2021,23.86,Mirage,2,2,529,7
17-8-2019,24.18,Lifeline,3,3,726,17
30-9-2020,11.72,Fuse,5,10,1613,4
30-10-2022,16.36,Lifeline,5,2,944,13
9-11-2022,26.35,Gibraltar,3,2,635,11
24-7-2021,4.92,Horizon,1,2,584,3
23-9-2020,4.68,Bangalore,0,7,659,9
11-4-2019,24.09,Wraith,12,4,1893,4
22-11-2022,5.77,Mirage,1,0,183,12
21-3-2021,28.71,Pathfinder,12,10,1909,12
28-9-2022,27.06,Bloodhound,2,3,662,3
22-11-2019,15.99,Bangalore,3,3,560,8
9-12-2022,13.16,Fuse,4,12,2698,15
9-7-2020,9.06,Fuse,0,3,270,20
30-4-2020,26.57,Fuse,3,10,1509,18
30-4-2019,11.85,Horizon,7,7,1936,19
15-12-2021,26.53,Octane,11,2,2127,11
6-1-2022,15.77,Bloodhound,15,9,3819,4
6-9-2022,4.87,Bangalore,3,6,637,3
21-5-2022,24.36,Caustic,2,2,681,3
31-12-2020,22.73,Octane,14,2,1673,6
11-5-2019,3.56,Mirage,5,5,2159,16
22-5-2021,18.97,Bloodhound,1,4,320,7
24-1-2022,29.86,Mirage,2,6,927,11
28-6-2022,21.14,Wraith,2,10,1585,18
5-3-2021,6.68,Ash,5,5,1258,1
8-4-2022,26.57,Mirage,12,2,2062,20
1-5-2019,27.43,Bangalore,13,6,3621,13
11-5-2021,5.04,Fuse,8,4,2193,4
13-10-2021,19.68,Wraith,1,1,346,9
1-9-2022,21.16,Mirage,8,3,1395,10
24-8-2019,6.8,Crypto,1,7,703,11
18-4-2020,0.43,Pathfinder,12,0,2334,15
8-10-2019,9.0,Bangalore,14,0,1735,2
23-3-2019,11.31,Mirage,4,3,508,18
2-2-2022,25.82,Mirage,11,4,1389,5
15-9-2020,16.18,Gibraltar,3,3,950,19
31-5-2020,25.09,Lifeline,2,6,494,17
25-4-2021,17.3,Octane,10,2,2531,8
21-7-2022,4.4,Horizon,9,8,2948,17
21-1-2022,18.92,Wraith,4,6,1715,4
6-8-2021,17.49,Wraith,10,1,1548,7
9-6-2021,4.08,Octane,14,10,1799,2
2-8-2022,1.92,Gibraltar,1,8,999,17
27-10-2020,15.8,Crypto,1,4,634,3
3-6-2022,24.7,Crypto,6,14,1741,16
7-4-2019,19.46,Mirage,4,3,986,8
11-12-2019,28.7,Horizon,9,3,890,4
20-10-2022,15.57,Octane,11,4,3292,13
17-12-2021,26.91,Crypto,5,6,741,19
22-3-2021,14.34,Pathfinder,1,3,668,17
3-8-2022,22.68,Ash,2,6,1246,5
12-9-2020,11.79,Bangalore,8,14,2491,14
4-6-2019,24.35,Wraith,20,10,4454,7
1-6-2021,4.23,Bloodhound,2,0,121,1
31-5-2019,12.05,Ash,4,3,618,10
29-7-2019,29.52,Mirage,2,4,637,13
13-8-2020,16.59,Wraith,10,4,2739,4
7-11-2022,27.14,Gibraltar,3,10,2026,10
23-5-2021,2.58,Ash,1,3,268,11
3-10-2021,7.2,Horizon,4,0,778,11
11-2-2021,28.5,Gibraltar,6,7,822,3
11-10-2022,26.89,Gibraltar,8,2,815,12
22-7-2021,10.53,Mirage,1,7,1314,2
22-9-2022,12.49,Pathfinder,1,8,774,13
2-5-2019,25.69,Bangalore,2,3,539,1
22-9-2020,2.29,Fuse,9,0,1678,20
5-10-2022,26.23,Mirage,3,5,603,15
20-3-2019,17.99,Octane,7,16,4166,9
11-6-2019,20.96,Horizon,8,4,1019,16
18-2-2022,15.61,Bangalore,1,14,1152,12
4-11-2022,19.19,Caustic,2,4,1037,4
23-9-2021,26.46,Crypto,5,14,3445,19
13-12-2022,8.61,Fuse,0,10,1542,3
4-7-2021,28.24,Horizon,19,11,1924,3
6-3-2021,13.5,Fuse,1,6,874,11
29-1-2021,2.57,Caustic,6,7,2412,12
26-10-2022,12.78,Fuse,9,2,1167,18
15-10-2019,1.8,Crypto,1,12,2301,3
6-2-2022,18.38,Fuse,5,7,1300,9
30-3-2021,8.19,Mirage,2,0,368,15
28-5-2019,16.77,Ash,1,8,949,20
8-9-2021,6.03,Pathfinder,2,2,406,13
15-8-2019,10.98,Wraith,6,5,760,1
6-5-2021,5.16,Fuse,2,1,639,2
28-6-2020,4.53,Pathfinder,3,7,1239,19
2-4-2021,23.64,Gibraltar,3,10,1902,5
22-2-2022,23.96,Fuse,3,9,1252,13
28-3-2019,13.39,Lifeline,9,10,3460,1
15-1-2020,4.08,Bangalore,0,15,1535,19
11-11-2019,12.15,Wraith,2,3,520,19
26-11-2020,27.43,Crypto,3,10,877,6
29-3-2019,7.84,Caustic,10,19,2166,13
23-9-2021,18.64,Caustic,5,1,582,5
20-9-2021,9.47,Pathfinder,7,10,2117,5
16-4-2020,0.66,Crypto,3,0,571,14
7-9-2020,8.25,Gibraltar,13,2,1063,7
8-10-2021,11.85,Horizon,7,1,544,6
27-6-2022,7.9,Octane,0,8,669,2
23-2-2021,13.5,Ash,3,11,1437,11
11-12-2020,20.58,Bloodhound,10,2,934,13
15-8-2022,13.66,Crypto,11,6,2402,10
20-1-2020,2.74,Crypto,3,1,685,16
24-7-2019,1.97,Wraith,1,1,178,12
17-12-2021,0.19,Mirage,4,17,1321,3
16-8-2022,15.21,Bloodhound,4,4,772,16
6-10-2021,4.69,Bloodhound,0,0,0,9
11-12-2021,28.71,Wraith,6,8,2358,6
13-8-2020,29.89,Octane,10,14,3336,10
19-12-2022,12.31,Bangalore,14,5,3750,2
18-4-2019,19.75,Fuse,3,15,3359,4
9-3-2021,20.19,Ash,6,11,2245,3
19-4-2022,29.62,Mirage,12,8,2985,3
17-6-2021,25.14,Mirage,16,2,2052,16
28-8-2020,20.89,Bloodhound,9,3,1261,10
10-2-2019,23.9,Gibraltar,11,5,2018,8
26-7-2022,18.52,Caustic,3,3,1020,16
3-8-2021,29.09,Mirage,5,2,1074,5
30-5-2020,22.78,Lifeline,9,3,1201,12
20-1-2021,1.55,Pathfinder,10,17,5501,1
20-9-2019,4.87,Pathfinder,12,5,1532,14
4-1-2021,23.28,Fuse,3,2,365,5
17-3-2021,11.67,Pathfinder,2,1,192,19
7-7-2019,9.29,Wraith,0,3,473,15
8-9-2020,5.03,Wraith,10,9,2483,5
13-4-2020,27.49,Horizon,4,3,734,4
1-8-2021,9.27,Lifeline,0,7,708,14
6-5-2020,3.87,Ash,15,1,2190,1
26-12-2019,22.6,Fuse,10,16,4861,3
22-7-2020,28.07,Lifeline,5,2,1040,18
28-3-2019,1.98,Caustic,9,1,1313,15
19-7-2022,17.77,Octane,2,7,1695,18
8-10-2020,13.0,Pathfinder,3,7,1746,11
4-10-2022,8.67,Lifeline,8,1,1427,12
20-3-2022,29.64,Mirage,5,2,1244,1
2-3-2019,12.88,Gibraltar,5,1,1281,14
15-10-2020,15.33,Bloodhound,5,3,1258,6
22-1-2022,8.77,Lifeline,11,3,2395,2
20-5-2021,1.12,Lifeline,0,2,310,17
28-1-2020,20.33,Octane,2,12,2322,1
23-11-2020,26.62,Octane,3,5,1620,16
27-12-2022,17.56,Wraith,6,3,1639,18
25-7-2020,28.88,Bloodhound,6,15,1670,8
12-7-2020,8.01,Caustic,4,1,334,19
21-2-2021,17.3,Bangalore,16,1,2900,12
22-1-2021,9.88,Pathfinder,10,1,2294,4
30-5-2020,8.09,Pathfinder,9,2,1168,9
7-9-2019,14.42,Crypto,2,11,862,9
27-9-2019,24.09,Pathfinder,4,13,2417,3
14-8-2020,22.61,Mirage,2,6,1404,9
22-3-2020,29.77,Crypto,11,7,2317,14
17-6-2019,18.59,Mirage,17,7,4656,4
28-4-2021,21.93,Caustic,16,11,3858,18
22-6-2020,29.51,Mirage,4,3,886,19
26-7-2020,27.5,Crypto,5,4,1698,9
28-9-2019,7.17,Horizon,0,3,435,7
17-9-2019,26.2,Ash,2,6,1388,14
30-5-2022,16.58,Bloodhound,2,4,346,20
21-2-2019,9.92,Ash,3,6,803,8
27-4-2021,1.89,Octane,3,1,855,4
3-4-2020,27.23,Pathfinder,11,6,1942,17
22-5-2021,12.53,Gibraltar,3,1,590,19
29-7-2019,14.46,Bloodhound,8,8,3097,12
21-8-2021,29.65,Horizon,6,19,1672,7
24-6-2021,0.58,Bloodhound,6,14,1464,18
13-12-2021,23.62,Ash,11,8,2695,16
16-8-2021,26.2,Gibraltar,3,9,1200,1
30-10-2020,22.62,Crypto,8,3,1525,17
22-3-2019,24.68,Lifeline,7,2,1431,1
16-11-2020,27.06,Gibraltar,4,6,1086,3
13-7-2020,3.79,Crypto,7,1,1711,11
7-4-2019,2.19,Crypto,12,8,2743,17
5-10-2019,8.99,Octane,5,18,3884,3
25-8-2022,21.96,Lifeline,18,3,2123,7
7-7-2020,0.98,Caustic,0,4,529,9
31-10-2020,5.78,Lifeline,4,0,813,10
31-7-2021,28.04,Pathfinder,7,9,2063,2
28-1-2021,16.25,Ash,12,5,2548,1
6-6-2020,6.55,Caustic,7,0,1040,17
2-4-2022,5.63,Mirage,3,6,821,2
27-9-2020,9.53,Bangalore,3,7,1449,14
27-5-2021,26.34,Lifeline,5,8,1437,18
14-12-2019,21.99,Wraith,3,20,2512,12
13-3-2022,9.02,Fuse,0,14,2562,3
8-5-2020,3.3,Lifeline,0,4,770,6
27-7-2022,3.88,Caustic,0,3,591,12
18-8-2020,19.07,Gibraltar,5,11,1383,17
23-11-2019,9.04,Gibraltar,3,9,846,17
5-10-2020,13.19,Caustic,12,6,1512,7
16-7-2019,2.14,Mirage,13,2,1990,20
28-1-2022,28.99,Fuse,6,6,2264,4
8-1-2022,2.93,Octane,11,1,2696,2
14-3-2022,15.51,Caustic,4,9,1720,18
28-2-2020,25.61,Ash,7,11,1458,20
2-7-2020,21.37,Pathfinder,6,2,541,19
8-8-2019,24.17,Bloodhound,7,10,1543,1
13-7-2020,29.45,Gibraltar,10,17,5072,18
17-12-2021,1.01,Octane,1,6,630,16
3-6-2021,10.29,Horizon,8,18,1344,19
3-5-2020,29.15,Ash,10,14,2355,11
9-5-2019,18.5,Horizon,6,5,760,20
25-6-2021,21.17,Wraith,2,6,1005,1
17-4-2021,28.78,Caustic,4,7,802,14
23-11-2021,0.64,Pathfinder,2,3,497,17
23-10-2021,23.22,Gibraltar,2,5,1344,20
8-3-2022,15.41,Wraith,13,10,4756,19
24-7-2022,24.06,Wraith,10,12,1417,17
24-5-2020,5.68,Gibraltar,4,0,501,2
4-5-2020,8.85,Wraith,1,0,75,6
4-7-2022,13.39,Wraith,4,3,638,19
15-5-2021,20.24,Horizon,10,4,2191,6
16-5-2022,10.71,Lifeline,1,3,341,6
28-12-2020,6.03,Wraith,4,1,526,12
25-3-2022,6.99,Mirage,2,1,239,13
15-1-2022,8.98,Horizon,14,10,4650,5
2-3-2020,14.12,Wraith,3,5,1415,5
29-9-2022,9.14,Mirage,5,7,889,12
9-9-2021,27.92,Mirage,2,4,786,10
6-7-2019,3.83,Bangalore,2,3,356,7
14-11-2020,13.27,Crypto,13,8,2656,19
22-9-2022,14.87,Octane,2,2,576,16
11-11-2019,21.63,Crypto,10,11,4188,18
6-1-2020,4.71,Octane,13,7,1591,16
12-10-2021,1.8,Ash,2,1,184,11
7-7-2020,29.95,Bloodhound,2,11,1027,13
10-12-2020,3.73,Crypto,2,1,193,1
10-3-2020,17.01,Fuse,1,9,1073,4
31-12-2022,13.4,Octane,10,3,1048,19
23-11-2020,8.08,Fuse,4,2,361,2
5-6-2019,11.54,Wraith,1,6,616,10
9-11-2020,15.25,Wraith,3,7,1911,3
7-2-2020,3.78,Lifeline,6,7,1132,2
19-3-2021,8.52,Pathfinder,10,1,2504,12
19-2-2020,11.96,Ash,2,1,546,12
28-6-2020,4.25,Caustic,0,6,839,4
25-8-2022,24.52,Lifeline,3,3,1126,5
6-3-2019,9.67,Gibraltar,9,5,1862,2
7-11-2019,25.66,Horizon,3,2,392,13
18-12-2021,22.92,Lifeline,18,7,4872,1
11-1-2021,29.03,Fuse,13,13,3414,2
29-3-2020,26.86,Wraith,7,5,1681,19
9-2-2022,10.25,Wraith,4,1,941,13
24-12-2022,13.71,Gibraltar,3,1,451,10
22-9-2021,19.64,Ash,3,3,1206,3
4-11-2019,29.42,Wraith,2,4,1160,7
15-12-2021,17.45,Horizon,6,10,1357,18
8-3-2022,4.04,Wraith,3,0,630,12
20-10-2022,11.83,Caustic,5,4,1214,18
18-8-2022,4.91,Octane,18,0,2401,18
11-9-2021,26.88,Mirage,2,2,664,14
4-10-2019,5.08,Bloodhound,16,0,1913,1
28-2-2020,20.86,Bangalore,4,5,1089,9
8-7-2019,10.93,Ash,1,1,414,5
8-10-2019,7.47,Pathfinder,5,6,1185,14
26-7-2019,17.42,Fuse,8,1,811,8
20-9-2022,4.6,Fuse,0,0,0,20
16-4-2021,10.5,Pathfinder,12,9,4354,18
20-3-2021,24.28,Caustic,13,19,2459,19
20-11-2022,6.67,Wraith,10,10,2124,1
5-4-2022,29.87,Fuse,11,6,2155,10
7-3-2019,28.29,Ash,7,2,1237,12
19-5-2020,29.48,Caustic,6,5,2142,1
17-1-2021,0.43,Wraith,1,8,1285,11
15-4-2020,23.51,Horizon,15,6,4021,10
12-2-2021,8.68,Octane,4,0,318,7
8-5-2019,19.11,Gibraltar,2,1,175,18
20-5-2019,18.2,Crypto,3,14,1332,10
6-5-2022,5.17,Crypto,0,0,0,14
2-9-2021,10.45,Pathfinder,1,2,577,2
9-11-2019,29.39,Bloodhound,4,2,423,11
25-5-2019,17.98,Lifeline,2,1,613,11
19-10-2022,14.8,Fuse,7,3,702,9
15-9-2021,9.59,Bloodhound,10,8,2335,12
16-10-2019,8.41,Pathfinder,14,0,1309,18
12-12-2021,23.76,Fuse,3,3,507,6
13-1-2020,7.18,Lifeline,1,1,217,7
1-4-2022,14.84,Fuse,2,4,568,2
19-10-2022,11.46,Horizon,5,2,1343,16
6-12-2021,25.31,Bangalore,3,12,2489,12
3-3-2019,8.99,Ash,1,0,143,11
16-3-2022,21.77,Pathfinder,14,10,3067,17
2-4-2021,13.96,Caustic,1,2,290,14
31-12-2020,26.95,Gibraltar,2,11,2147,4
13-3-2022,2.1,Bangalore,3,6,765,9
3-9-2019,3.62,Fuse,13,11,4973,8
14-8-2022,3.42,Lifeline,4,5,1266,3
26-11-2019,12.05,Fuse,4,1,410,2
5-7-2020,27.03,Lifeline,6,12,2392,7
6-3-2019,13.96,Caustic,9,2,2199,13
29-7-2020,0.58,Bangalore,3,4,963,18
11-11-2019,10.78,Crypto,6,1,1546,20
14-5-2021,15.28,Bangalore,7,6,1947,9
21-7-2019,9.24,Gibraltar,5,3,502,1
15-4-2021,11.03,Horizon,1,5,1016,7
17-10-2019,26.79,Mirage,5,4,1784,16
12-3-2022,18.74,Fuse,5,1,1370,18
5-4-2019,2.86,Caustic,15,0,1601,19
7-3-2019,12.9,Lifeline,10,2,1119,16
22-3-2020,16.98,Wraith,17,4,4129,19
14-12-2021,10.88,Gibraltar,8,10,2250,16
6-5-2020,14.94,Octane,4,4,1255,2
15-6-2020,4.03,Pathfinder,0,2,218,17
13-2-2019,24.31,Gibraltar,3,8,1169,7
4-9-2019,26.6,Mirage,12,2,2591,8
29-5-2021,16.04,Mirage,6,5,2173,1
8-2-2022,9.65,Ash,7,5,1009,5
16-10-2022,29.71,Gibraltar,2,13,2636,5
3-3-2019,29.01,Lifeline,2,20,1200,20
6-10-2022,24.54,Caustic,2,4,883,5
16-4-2020,23.58,Crypto,6,2,1479,15
10-4-2021,3.47,Wraith,10,14,4126,17
18-2-2021,15.85,Lifeline,12,10,2077,17
26-8-2022,17.82,Caustic,4,2,555,19
6-9-2022,6.13,Bloodhound,4,12,1061,8
30-10-2021,6.84,Fuse,1,1,243,2
3-9-2022,4.07,Pathfinder,2,1,272,8
25-4-2019,2.24,Octane,5,3,1455,9
27-12-2022,4.11,Gibraltar,2,1,581,1
15-6-2022,5.59,Fuse,0,12,732,13
7-5-2021,17.06,Wraith,4,4,1554,16
4-3-2021,28.05,Pathfinder,21,15,5296,2
5-4-2020,11.74,Caustic,1,9,987,5
8-6-2020,26.09,Bangalore,8,16,2811,12
19-9-2021,2.83,Crypto,3,1,247,19
15-8-2022,4.42,Octane,7,4,1203,7
25-5-2019,7.29,Bangalore,1,12,1944,14
5-8-2022,9.7,Horizon,8,1,538,8
7-11-2022,13.23,Lifeline,1,5,443,5
31-7-2020,20.28,Bloodhound,12,2,2531,6
30-9-2021,15.79,Fuse,7,12,1940,12
28-9-2022,12.99,Ash,4,7,676,4
18-12-2019,17.71,Horizon,15,1,1173,14
26-4-2022,17.48,Gibraltar,2,4,1115,1
14-1-2022,0.41,Lifeline,7,0,1252,9
10-3-2020,10.58,Ash,1,1,313,11
4-6-2020,15.68,Lifeline,8,3,1352,17
4-3-2021,12.72,Ash,8,2,1437,3
12-6-2021,23.96,Octane,3,10,1650,11
14-4-2022,11.55,Wraith,3,2,901,2
19-10-2019,26.17,Wraith,2,2,448,8
21-5-2019,3.43,Fuse,9,1,1921,3
3-6-2021,0.23,Horizon,0,14,2553,7
16-7-2020,22.84,Bangalore,11,11,2601,10
28-12-2021,24.73,Mirage,12,10,1524,8
8-3-2019,13.74,Fuse,3,2,390,11
5-5-2022,21.04,Caustic,2,18,3305,12
9-3-2022,26.02,Bloodhound,3,14,2016,15
30-7-2019,16.19,Bloodhound,6,14,2086,4
27-5-2020,25.0,Bangalore,3,9,1569,7
3-1-2020,1.32,Caustic,0,2,169,15
24-10-2022,24.9,Ash,11,8,2990,6
23-4-2020,11.21,Wraith,3,4,1153,5
20-2-2020,23.18,Lifeline,8,8,2496,13
17-5-2022,0.58,Fuse,7,0,1512,8
3-8-2022,23.99,Bloodhound,10,5,2808,5
31-8-2019,1.57,Crypto,1,0,108,20
24-12-2022,20.37,Crypto,5,7,1440,6
26-4-2022,29.78,Crypto,12,3,3103,6
16-3-2021,19.36,Wraith,3,3,397,9
19-7-2021,0.47,Caustic,5,2,868,10
28-5-2019,0.41,Fuse,2,2,418,15
13-3-2021,6.7,Bangalore,0,0,0,2
2-9-2019,28.82,Mirage,2,2,232,1
1-5-2022,2.83,Mirage,3,13,2384,4
21-10-2019,6.94,Caustic,5,18,2964,3
5-2-2022,22.66,Pathfinder,4,17,3496,2
20-8-2022,23.66,Wraith,11,7,3193,7
14-1-2022,3.41,Fuse,4,0,746,8
8-6-2020,25.0,Mirage,9,2,1418,11
10-10-2019,22.26,Caustic,3,5,972,20
14-10-2019,11.18,Ash,2,3,339,18
16-6-2021,21.61,Bloodhound,13,3,2880,4
15-10-2021,10.92,Gibraltar,5,8,1063,7
23-10-2019,6.0,Fuse,1,2,361,9
30-9-2022,10.05,Octane,4,13,1856,19
6-9-2019,9.4,Crypto,1,6,646,12
4-12-2019,28.01,Mirage,5,17,3482,4
1-8-2020,1.38,Crypto,10,9,3412,2
13-4-2019,14.99,Crypto,4,2,826,7
20-1-2022,4.11,Octane,0,0,0,16
25-9-2020,15.03,Ash,1,10,2049,15
16-12-2020,9.37,Bangalore,7,2,1196,3
11-6-2022,25.77,Lifeline,2,7,970,13
21-2-2022,14.43,Lifeline,17,5,3946,11
21-7-2019,28.63,Bangalore,3,5,1521,4
20-2-2020,2.08,Crypto,1,1,129,3
7-7-2021,0.49,Ash,4,5,1608,19
17-4-2021,5.52,Octane,0,3,383,14
1-3-2019,3.91,Octane,1,6,551,4
21-10-2022,2.18,Caustic,0,9,642,1
25-2-2022,2.04,Bangalore,2,4,1074,16
11-5-2021,15.13,Horizon,7,7,1921,14
30-10-2021,2.2,Crypto,13,13,1886,3
8-4-2020,4.25,Wraith,15,3,1518,1
22-4-2019,15.51,Mirage,3,6,1273,9
12-1-2022,23.91,Gibraltar,3,7,816,13
20-1-2021,11.72,Octane,3,16,2606,12
27-9-2019,12.73,Pathfinder,11,4,1743,4
27-11-2022,5.04,Lifeline,1,0,217,10
25-5-2019,4.72,Horizon,4,0,526,15
1-11-2019,9.41,Gibraltar,0,4,645,13
4-1-2020,22.41,Octane,6,4,601,14
26-8-2021,8.69,Caustic,2,3,324,15
6-4-2020,1.63,Fuse,1,8,1720,1
13-8-2020,15.02,Bangalore,6,9,843,16
31-10-2019,20.34,Mirage,7,5,723,16
12-9-2021,26.94,Mirage,8,2,1166,19
5-9-2020,1.45,Crypto,6,11,1996,4
1-12-2021,28.99,Mirage,15,2,1318,13
18-9-2020,14.68,Bloodhound,2,3,1072,18
30-6-2021,12.03,Mirage,12,2,1275,14
11-11-2022,0.95,Gibraltar,10,17,4946,8
30-4-2022,28.29,Crypto,2,10,2357,17
16-3-2022,24.73,Ash,2,2,778,4
29-12-2021,24.35,Bangalore,3,2,878,14
8-6-2019,2.82,Caustic,5,5,1879,9
11-8-2021,11.38,Ash,2,8,1282,7
13-12-2020,11.7,Wraith,2,4,816,13
5-2-2020,12.17,Mirage,1,7,635,20
21-3-2022,18.74,Mirage,10,6,2196,14
1-2-2021,28.66,Pathfinder,3,19,3181,5
29-11-2021,16.58,Mirage,1,1,153,12
16-12-2022,27.36,Lifeline,13,3,2748,9
30-4-2019,28.57,Fuse,2,9,1734,11
26-2-2022,2.19,Octane,9,8,3539,13
21-12-2020,16.13,Mirage,3,6,936,20
2-9-2021,10.32,Horizon,11,1,2106,4
22-8-2022,15.96,Bloodhound,1,3,517,8
31-10-2020,28.85,Fuse,5,12,1484,6
20-11-2019,18.06,Fuse,3,4,652,9
20-11-2021,27.91,Gibraltar,12,8,3734,9
21-9-2021,27.96,Fuse,5,5,1988,20
25-12-2019,8.3,Crypto,6,1,737,8
15-11-2021,20.8,Mirage,5,5,1478,2
13-2-2020,9.1,Octane,3,5,828,9
30-11-2020,17.71,Lifeline,15,7,1645,9
6-2-2022,27.05,Caustic,9,2,2206,10
16-4-2021,17.76,Mirage,11,1,2616,9
12-6-2019,11.85,Caustic,2,5,815,6
8-1-2022,20.67,Ash,6,11,1260,19
12-8-2019,2.71,Ash,4,3,1312,17
15-4-2020,25.77,Crypto,8,17,2244,18
28-3-2021,6.43,Lifeline,16,1,2598,2
3-6-2019,21.2,Bangalore,10,6,1359,11
9-5-2020,2.26,Lifeline,0,10,1772,4
17-1-2020,2.6,Lifeline,9,5,1247,10
14-4-2020,27.51,Wraith,3,5,1173,12
17-4-2020,11.43,Bangalore,8,10,1508,5
22-11-2021,19.89,Wraith,7,2,1461,2
21-7-2021,16.82,Horizon,16,4,2567,3
7-4-2022,13.77,Horizon,3,13,2723,3
22-8-2022,3.81,Crypto,3,10,750,15
22-7-2019,18.09,Gibraltar,1,2,277,9
17-10-2020,17.56,Gibraltar,2,5,612,5
29-12-2019,9.72,Gibraltar,2,4,330,2
28-6-2020,26.1,Octane,21,8,4776,17
14-1-2020,16.41,Fuse,5,13,1564,7
2-6-2019,18.8,Horizon,1,4,890,16
30-9-2022,5.04,Pathfinder,0,12,1455,19
6-11-2021,2.05,Pathfinder,3,0,648,11
6-9-2022,4.25,Octane,1,13,855,19
4-4-2020,4.66,Horizon,6,6,1764,13
31-7-2020,2.21,Pathfinder,10,5,3240,15
24-7-2020,5.46,Gibraltar,7,0,1184,7
31-12-2020,1.57,Lifeline,10,5,2936,18
9-7-2022,5.62,Mirage,5,3,1150,9
16-5-2021,0.86,Lifeline,3,1,735,5
4-5-2021,20.27,Pathfinder,2,11,1425,13
4-1-2021,25.95,Bangalore,3,2,564,15
28-9-2022,11.63,Wraith,2,4,626,14
3-8-2019,27.46,Caustic,14,13,4755,8
12-6-2021,25.37,Gibraltar,6,3,570,6
24-7-2021,0.87,Caustic,4,11,2611,9
20-3-2021,21.11,Fuse,2,7,735,1
27-6-2019,8.92,Lifeline,17,15,6358,7
15-11-2020,1.03,Wraith,8,1,1196,6
19-3-2020,22.35,Horizon,10,4,1579,16
12-7-2019,7.7,Crypto,0,18,1734,8
4-4-2019,0.07,Caustic,0,2,111,2
29-9-2020,21.71,Crypto,2,2,434,1
5-3-2021,27.34,Fuse,2,7,1107,1
10-6-2021,26.04,Crypto,11,16,4723,1
20-7-2020,15.2,Mirage,9,7,2376,2
22-5-2021,0.29,Caustic,8,9,1442,7
24-11-2020,29.3,Bloodhound,10,7,2846,12
24-10-2020,4.94,Pathfinder,11,3,2552,5
27-12-2019,10.61,Mirage,1,3,485,7
27-5-2022,10.28,Wraith,2,3,669,1
9-1-2020,5.78,Ash,1,0,202,5
28-1-2020,19.35,Bloodhound,1,1,253,6
28-3-2022,22.79,Lifeline,12,6,1811,2
10-1-2020,12.3,Horizon,18,10,3320,6
13-3-2020,20.06,Lifeline,2,2,276,4
17-7-2022,10.16,Caustic,1,3,703,20
5-10-2021,21.1,Bloodhound,3,5,509,15
13-11-2019,13.41,Bloodhound,6,1,867,16
2-10-2020,10.86,Lifeline,3,3,402,7
1-6-2020,0.19,Gibraltar,11,2,2605,10
25-11-2019,22.6,Octane,8,7,1821,20
17-8-2019,25.72,Caustic,13,9,3490,18
21-8-2020,12.22,Crypto,3,1,725,7
9-11-2022,24.06,Bangalore,2,10,1267,4
14-12-2019,12.4,Horizon,1,6,855,11
25-8-2022,2.55,Gibraltar,16,0,2326,2
31-8-2022,10.73,Caustic,13,3,1488,15
5-10-2020,12.79,Ash,1,1,247,3
10-1-2020,29.83,Pathfinder,6,6,2431,10
25-11-2021,4.03,Ash,2,4,1183,15
7-10-2021,16.87,Mirage,2,5,1197,20
14-9-2022,1.45,Octane,17,0,2017,15
6-5-2022,16.49,Crypto,7,2,938,9
27-12-2019,7.17,Lifeline,1,13,1180,12
21-6-2020,6.2,Octane,0,7,717,10
3-12-2019,29.11,Horizon,6,5,1206,18
27-10-2020,18.36,Crypto,3,6,830,11
7-4-2019,18.66,Ash,10,11,2800,14
27-1-2020,11.06,Pathfinder,9,7,2644,20
3-4-2022,0.38,Horizon,7,5,1589,13
4-2-2020,25.73,Horizon,6,7,1397,18
24-12-2020,21.12,Bloodhound,3,2,724,13
27-6-2020,28.26,Ash,7,16,3555,17
26-8-2019,7.25,Mirage,8,13,2312,7
29-7-2019,23.74,Mirage,12,7,1968,20
7-12-2020,11.09,Caustic,4,9,1205,11
23-10-2022,4.2,Wraith,4,12,1315,9
1-6-2021,0.33,Ash,9,12,2777,1
19-3-2019,10.14,Ash,10,3,2709,2
10-6-2020,10.18,Bangalore,7,13,3599,10
30-11-2021,29.72,Horizon,2,10,2039,12
22-6-2019,13.78,Mirage,14,14,3824,15
29-1-2022,28.4,Fuse,9,8,2514,3
15-10-2019,26.43,Wraith,6,3,804,5
29-4-2021,20.37,Lifeline,8,3,1712,6
4-3-2022,1.19,Crypto,3,8,2003,9
24-2-2022,4.74,Mirage,6,7,970,5
7-2-2021,23.28,Caustic,3,3,662,1
22-5-2020,0.51,Crypto,10,1,2508,2
16-12-2021,26.59,Lifeline,4,14,3537,17
11-4-2021,11.67,Mirage,10,12,3169,1
18-9-2019,12.77,Octane,2,1,251,16
23-9-2022,24.56,Pathfinder,6,10,1114,9
18-2-2019,29.99,Horizon,3,5,1565,10
23-11-2020,5.25,Caustic,11,1,1925,3
17-6-2019,20.13,Caustic,11,11,3599,19
29-8-2020,18.75,Crypto,16,4,3709,20
30-3-2022,29.19,Mirage,11,2,1084,2
23-8-2021,2.61,Lifeline,0,0,0,5
10-3-2020,0.11,Caustic,2,4,568,3
18-5-2022,26.84,Octane,4,3,457,14
7-5-2021,3.26,Ash,15,5,2016,3
10-9-2019,17.82,Wraith,2,10,2096,4
30-8-2022,19.35,Octane,2,2,837,13
29-6-2021,14.55,Lifeline,7,8,1572,7
22-8-2021,4.78,Bangalore,8,0,540,10
28-5-2021,18.5,Mirage,4,1,973,10
4-11-2020,9.2,Horizon,1,2,313,5
29-11-2021,18.2,Ash,1,12,1204,13
24-2-2019,9.54,Mirage,6,2,700,16
23-12-2019,28.45,Crypto,5,4,1186,15
25-8-2020,14.33,Horizon,3,5,913,1
2-5-2022,18.84,Mirage,2,9,1670,7
8-5-2021,1.02,Pathfinder,10,10,3678,19
25-10-2021,21.46,Horizon,15,2,3183,4
16-12-2022,7.39,Bloodhound,6,8,2066,7
8-12-2022,1.18,Octane,12,4,1612,5
11-7-2022,27.23,Bangalore,2,4,650,8
17-3-2021,26.89,Mirage,18,2,2959,3
12-11-2021,17.18,Bloodhound,10,8,3736,20
8-5-2019,16.79,Horizon,12,2,3227,14
9-11-2021,20.23,Fuse,2,4,1133,3
21-10-2021,19.0,Mirage,4,6,580,4
26-2-2019,3.74,Mirage,5,10,2085,10
4-1-2021,18.39,Lifeline,3,12,1593,3
17-10-2020,2.59,Lifeline,0,16,2934,15
16-8-2019,16.44,Bangalore,2,11,986,3
31-10-2019,3.83,Bangalore,6,12,1392,10
11-2-2022,22.64,Ash,9,4,2543,7
12-2-2019,1.76,Pathfinder,1,5,944,10
28-6-2019,10.49,Ash,2,7,1316,1
10-1-2022,28.81,Mirage,4,9,2437,10
7-7-2022,14.43,Lifeline,2,4,1054,4
18-11-2020,20.53,Bangalore,16,7,1418,19
28-1-2021,26.23,Bloodhound,4,3,1381,8
25-10-2021,15.73,Bloodhound,1,4,821,13
5-7-2020,22.74,Wraith,4,19,2873,14
4-6-2022,20.17,Lifeline,5,2,1418,3
15-12-2021,27.15,Mirage,6,6,1012,20
10-1-2021,27.18,Wraith,2,12,2471,4
13-7-2020,0.54,Octane,2,0,346,12
26-11-2020,26.46,Lifeline,12,14,2427,7
16-2-2020,6.37,Gibraltar,2,1,313,10
1-12-2022,13.67,Bloodhound,7,4,2284,1
24-7-2021,27.99,Horizon,11,4,2301,9
19-1-2020,9.6,Crypto,10,0,1666,5
19-4-2021,19.87,Octane,2,14,2196,6
24-2-2022,20.13,Octane,13,14,4895,15
21-7-2020,18.03,Bloodhound,1,6,955,12
27-10-2019,22.39,Bangalore,5,7,892,13
23-5-2020,25.93,Pathfinder,5,13,3339,10
26-9-2019,2.21,Bloodhound,9,11,1361,3
26-8-2019,5.67,Fuse,12,8,1266,16
29-11-2022,2.67,Gibraltar,7,0,936,8
10-4-2020,10.9,Gibraltar,1,6,1024,15
10-9-2019,21.67,Gibraltar,7,2,1079,15
22-12-2020,29.33,Octane,4,13,2162,11
31-3-2021,13.48,Wraith,4,1,275,16
31-7-2022,11.72,Bangalore,6,13,1481,14
18-7-2020,29.57,Caustic,7,5,2517,11
28-8-2020,20.13,Lifeline,13,3,3436,20
16-9-2020,12.38,Ash,3,18,1892,12
22-4-2020,5.79,Octane,5,5,2068,3
20-9-2021,2.17,Horizon,5,0,690,18
8-8-2021,2.76,Bloodhound,2,9,1333,8
5-2-2020,18.85,Lifeline,1,2,216,8
15-3-2019,15.45,Ash,6,10,1620,19
29-4-2019,9.17,Ash,11,1,1817,6
4-2-2021,27.7,Bangalore,8,2,1362,14
16-11-2022,25.48,Wraith,8,9,1905,6
30-6-2022,23.37,Horizon,3,2,965,13
6-2-2022,10.5,Mirage,6,13,3627,9
26-11-2022,9.48,Fuse,11,5,2424,14
16-11-2022,18.39,Ash,9,14,3987,10
15-1-2022,24.31,Crypto,6,8,1723,11
13-6-2021,1.66,Wraith,4,0,876,20
1-1-2021,8.47,Caustic,4,0,232,13
22-5-2020,24.86,Wraith,3,13,1946,14
2-9-2020,15.39,Crypto,1,1,153,13
15-6-2020,5.24,Octane,1,4,907,19
10-11-2019,19.34,Gibraltar,4,2,653,9
4-7-2021,1.44,Fuse,12,0,950,13
30-4-2021,18.23,Wraith,11,14,2822,20
27-7-2019,5.92,Crypto,0,0,0,10
1-11-2019,20.25,Lifeline,5,9,1276,6
2-9-2022,25.28,Crypto,5,4,1704,15
28-4-2019,27.24,Wraith,14,2,2193,19
18-6-2022,10.9,Wraith,18,5,3100,8
17-12-2021,4.72,Horizon,12,1,2446,12
17-8-2022,11.91,Wraith,2,2,881,14
10-4-2019,22.1,Horizon,16,9,4689,1
2-9-2020,4.08,Crypto,0,10,809,8
30-4-2021,9.41,Mirage,0,2,219,5
16-8-2019,25.09,Bangalore,8,4,1674,14
12-11-2022,16.4,Lifeline,1,6,926,6
18-10-2020,23.6,Crypto,13,3,3613,18
20-7-2019,11.99,Bangalore,11,3,1091,15
6-11-2019,2.17,Caustic,1,7,1476,11
5-3-2020,15.51,Bangalore,2,3,570,7
17-7-2020,4.76,Mirage,2,4,552,16
1-9-2019,3.56,Gibraltar,9,9,1422,6
20-12-2021,20.65,Bloodhound,9,4,2001,15
10-12-2021,23.03,Bloodhound,2,11,1408,4
23-5-2021,7.34,Bloodhound,2,12,1575,17
6-2-2021,17.89,Horizon,6,10,2757,13
31-3-2022,20.59,Octane,3,3,1103,7
3-9-2020,15.77,Caustic,6,13,2452,18
5-11-2019,4.29,Crypto,8,3,1151,12
29-9-2021,0.85,Gibraltar,16,1,2206,11
17-9-2019,14.53,Lifeline,1,10,701,12
4-12-2020,27.29,Pathfinder,4,2,931,14
26-10-2021,6.99,Bangalore,0,4,614,14
23-10-2022,19.25,Octane,6,13,3183,1
23-8-2022,22.65,Mirage,10,10,1459,8
11-5-2021,25.3,Lifeline,6,6,1139,2
6-2-2020,7.85,Caustic,11,19,4220,11
16-4-2021,20.52,Caustic,4,4,866,1
23-12-2019,13.07,Fuse,6,7,2594,13
13-4-2022,0.56,Caustic,2,4,1144,17
2-9-2019,9.91,Octane,2,1,378,7
7-8-2021,3.33,Octane,9,0,1912,8
11-6-2021,21.5,Gibraltar,5,8,1972,16
6-10-2019,12.38,Wraith,11,5,3547,6
