6-6-2019,19.37,Ash,15,2,1010,7
29-1-2020,29.61,Wraith,10,4,2247,6
19-5-2020,21.68,Ash,3,3,717,7
1-1-2021,10.04,Bloodhound,14,18,2477,5
23-10-2019,8.26,Mad Maggie,0,2,137,18
19-9-2022,13.56,Rampart,8,5,2578,6
7-7-2022,0.23,Lifeline,1,1,302,20
12-11-2022,9.86,Lifeline,1,3,551,6
15-12-2019,27.07,Octane,15,2,3043,12
10-6-2021,22.5,Gibraltar,13,7,1835,9
25-4-2020,27.9,Bloodhound,2,5,533,16
3-11-2019,24.05,Wraith,2,3,830,17
21-10-2019,29.29,Mad Maggie,8,2,1316,5
23-9-2020,6.08,Wraith,2,12,1692,14
20-11-2021,4.98,Octane,0,4,754,19
13-8-2019,15.19,Fuse,6,4,734,19
12-5-2020,16.04,Bangalore,2,6,519,19
11-5-2022,8.88,Gibraltar,4,6,628,15
28-8-2020,16.16,Gibraltar,6,1,715,15
4-6-2022,14.09,Rampart,4,12,2343,1
24-2-2020,0.89,Lifeline,0,5,502,20
29-4-2020,15.96,Mad Maggie,12,1,1403,12
18-2-2020,17.4,Lifeline,17,1,3245,15
9-6-2020,26.07,Horizon,3,2,382,20
22-10-2022,2.67,Crypto,4,12,1215,8
22-9-2022,4.99,Crypto,1,13,2653,11
12-2-2021,10.09,Pathfinder,13,3,2097,8
25-12-2021,12.88,Mad Maggie,7,10,3339,12
17-2-2021,11.13,Pathfinder,8,4,1192,8
30-12-2022,0.04,Bloodhound,4,4,1662,5
5-6-2020,2.69,Ash,3,8,2039,9
23-5-2021,7.23,Crypto,18,1,1984,5
7-1-2020,27.8,Ash,10,2,1895,9
5-1-2021,5.72,Mad Maggie,1,10,1158,13
8-7-2022,2.82,Mad Maggie,0,15,1512,10
26-6-2021,18.83,Lifeline,2,2,294,9
9-4-2021,17.73,Valkyrie,9,7,2128,18
29-12-2022,13.68,Horizon,9,4,2233,18
5-7-2019,16.07,Mad Maggie,1,2,496,5
11-3-2022,17.76,Lifeline,15,11,3114,12
25-12-2019,21.35,Bloodhound,8,15,3283,14
12-2-2020,23.9,Octane,11,2,932,11
8-2-2020,19.41,Pathfinder,2,5,968,9
28-7-2019,7.86,Revenant,1,12,2349,12
5-9-2022,23.61,Mirage,4,7,1779,12
15-6-2020,26.14,Lifeline,2,4,945,8
24-4-2019,7.45,Revenant,0,1,83,9
9-2-2019,8.42,Rampart,2,0,464,9
23-4-2019,15.89,Mad Maggie,1,1,143,15
24-12-2021,9.72,Gibraltar,2,4,798,9
8-9-2019,15.57,Pathfinder,6,2,546,9
8-6-2021,26.31,Crypto,5,5,1842,4
17-1-2021,21.79,Gibraltar,6,12,3035,12
3-8-2020,4.9,Lifeline,1,2,427,14
8-6-2019,3.83,Lifeline,1,4,297,12
26-12-2020,8.7,Wraith,6,4,2014,17
23-7-2019,0.85,Ash,14,8,4189,13
19-2-2019,5.81,Mad Maggie,7,5,1322,16
13-5-2020,3.56,Rampart,0,0,0,9
7-4-2021,4.49,Mirage,9,3,1088,18
5-4-2019,23.34,Mad Maggie,10,14,3082,20
2-11-2019,7.86,Horizon,1,9,1760,12
21-12-2021,5.12,Wraith,0,6,796,19
29-8-2022,26.41,Lifeline,11,3,1790,13
12-6-2020,19.26,Fuse,17,13,4736,14
17-5-2020,22.11,Bloodhound,5,9,2078,4
15-12-2022,24.35,Bloodhound,4,9,2424,10
6-6-2019,0.65,Crypto,5,10,1182,18
25-7-2019,11.12,Mirage,2,2,848,7
1-3-2022,26.39,Bloodhound,2,3,449,17
2-3-2021,16.63,Mad Maggie,9,3,1036,14
19-12-2021,25.24,Lifeline,7,17,1972,1
20-3-2019,6.66,Revenant,2,3,1064,7
29-1-2021,8.64,Revenant,6,7,719,9
17-3-2021,19.04,Pathfinder,11,5,1392,19
14-2-2019,15.36,Crypto,5,7,1685,3
11-4-2021,9.85,Wraith,3,1,582,14
17-7-2019,10.14,Lifeline,9,3,1934,8
15-7-2020,11.9,Crypto,1,7,1501,3
7-10-2019,21.34,Bloodhound,4,5,733,1
9-8-2021,1.36,Mirage,9,6,1392,4
19-11-2019,0.94,Valkyrie,2,0,327,20
22-10-2019,7.58,Lifeline,6,7,1545,8
24-9-2021,23.24,Valkyrie,7,6,2239,6
3-7-2021,14.41,Fuse,1,5,470,12
30-7-2022,19.63,Mad Maggie,7,5,1145,1
30-12-2022,5.96,Octane,17,0,3197,6
6-12-2019,5.75,Bangalore,5,2,697,4
4-4-2022,12.6,Mirage,3,5,1209,10
27-3-2022,21.23,Octane,2,2,765,2
30-12-2022,3.22,Mirage,7,4,1537,7
15-3-2019,2.46,Bangalore,10,8,1313,2
27-6-2019,1.45,Horizon,6,0,632,13
5-5-2020,29.85,Bloodhound,14,4,2687,15
24-9-2019,24.38,Horizon,7,6,2533,14
1-12-2022,13.11,Gibraltar,9,1,2102,12
23-5-2019,11.77,Crypto,3,4,466,19
10-8-2022,6.84,Fuse,0,9,755,18
1-5-2021,21.81,Mirage,2,15,1021,16
30-1-2020,10.2,Valkyrie,3,6,489,13
14-12-2020,26.91,Pathfinder,15,2,2360,10
11-7-2020,28.86,Mirage,2,4,965,5
16-8-2022,5.43,Horizon,9,5,1173,10
11-11-2022,13.81,Revenant,13,16,4723,3
21-4-2022,11.14,Mad Maggie,3,1,654,9
15-10-2020,12.91,Mad Maggie,5,1,1359,20
18-10-2020,27.85,Bloodhound,3,2,911,20
27-2-2021,10.03,Pathfinder,5,1,1358,20
25-10-2021,13.96,Valkyrie,3,5,1163,17
15-3-2021,18.75,Octane,5,1,1069,12
15-3-2022,28.52,Mad Maggie,7,2,544,11
16-7-2020,28.03,Gibraltar,2,8,1538,7
18-7-2019,0.8,Crypto,1,2,215,18
14-2-2020,1.69,Lifeline,1,0,131,4
3-7-2020,9.16,Crypto,0,1,52,9
1-4-2021,10.8,Horizon,6,4,1794,4
3-12-2020,27.74,Bangalore,2,4,380,17
19-5-2020,12.4,Gibraltar,2,3,930,15
6-9-2020,19.4,Rampart,1,5,402,18
24-1-2021,18.68,Gibraltar,8,1,1950,18
23-6-2020,13.16,Pathfinder,11,5,1691,8
12-12-2020,8.61,Gibraltar,2,5,1205,11
9-3-2021,25.87,Fuse,3,3,391,20
2-12-2019,4.5,Octane,4,15,1404,17
13-4-2019,23.88,Mad Maggie,2,6,1524,3
21-6-2020,27.32,Ash,6,11,2605,11
12-4-2022,15.89,Wraith,6,2,1077,2
23-8-2020,18.6,Fuse,3,1,352,4
23-5-2022,18.77,Lifeline,4,2,848,7
10-12-2022,16.43,Pathfinder,16,1,1478,4
26-7-2022,2.56,Rampart,1,5,369,8
7-11-2021,15.43,Bangalore,2,7,587,13
13-5-2019,29.07,Mad Maggie,10,2,1467,7
4-8-2021,8.76,Ash,3,3,376,8
23-9-2020,3.3,Wraith,0,9,830,1
23-10-2020,12.95,Crypto,3,10,2438,7
18-12-2021,13.85,Crypto,1,14,2200,6
7-5-2021,18.03,Ash,16,2,2601,19
13-12-2019,5.41,Lifeline,4,6,740,17
16-9-2019,16.25,Pathfinder,14,1,978,20
13-3-2022,12.18,Rampart,2,3,884,18
21-9-2019,24.56,Crypto,2,3,671,3
27-3-2019,24.48,Lifeline,12,4,3003,17
7-12-2020,23.13,Lifeline,2,10,1888,6
1-10-2021,21.65,Rampart,16,5,4372,16
6-7-2022,12.92,Ash,4,8,2416,17
8-11-2019,5.25,Gibraltar,1,15,1030,10
15-10-2019,20.44,Crypto,5,12,2442,6
19-6-2019,20.69,Mirage,13,2,1086,2
18-5-2021,11.49,Pathfinder,4,1,1073,16
8-3-2019,16.66,Octane,7,3,703,5
16-3-2019,24.4,Rampart,2,5,410,11
9-2-2019,2.75,Mirage,1,0,57,15
13-11-2020,10.91,Valkyrie,1,10,551,5
16-5-2020,27.18,Rampart,3,7,1943,8
10-4-2019,19.58,Mirage,11,1,1393,7
19-1-2022,14.61,Bloodhound,3,1,558,12
1-9-2020,11.26,Mirage,17,16,4100,3
7-11-2022,29.4,Bloodhound,20,2,4451,19
26-12-2022,17.55,Wraith,8,15,2175,9
6-11-2019,5.07,Fuse,18,6,5049,1
28-3-2022,24.25,Fuse,2,8,1404,16
2-2-2022,9.27,Revenant,6,9,2026,7
10-8-2020,5.79,Ash,2,3,559,15
20-12-2019,2.88,Crypto,3,0,491,14
24-4-2020,10.56,Mirage,1,6,1214,2
21-9-2019,15.82,Horizon,2,8,1747,16
3-6-2020,3.65,Bangalore,3,4,945,10
22-8-2019,17.75,Mad Maggie,1,14,1321,16
18-12-2022,6.68,Pathfinder,7,3,875,5
7-11-2022,15.87,Pathfinder,4,3,1119,10
12-3-2022,21.3,Rampart,11,2,1707,18
25-6-2019,15.96,Crypto,7,5,691,17
11-8-2019,20.38,Valkyrie,2,12,1812,5
9-2-2019,5.58,Bangalore,0,0,0,18
7-9-2020,23.3,Lifeline,13,16,1690,2
19-7-2020,3.9,Fuse,11,2,2210,11
11-7-2021,9.72,Ash,7,0,1186,18
11-8-2020,2.29,Lifeline,7,8,1515,1
5-11-2021,16.63,Wraith,10,9,1105,14
30-6-2020,11.26,Fuse,9,1,2279,4
23-8-2020,2.29,Bloodhound,12,0,1359,18
19-6-2019,24.27,Octane,8,11,3551,3
27-5-2020,3.11,Horizon,0,0,0,13
10-5-2022,14.49,Horizon,8,1,2011,2
3-7-2022,4.5,Crypto,4,5,1287,20
17-9-2020,24.53,Horizon,7,4,1648,8
24-12-2019,18.99,Gibraltar,10,15,1847,2
11-5-2019,24.42,Bloodhound,6,10,1303,8
12-10-2019,13.92,Valkyrie,6,5,2180,1
9-11-2021,13.56,Bloodhound,1,3,845,3
29-7-2019,14.33,Mad Maggie,1,9,814,5
2-12-2022,17.26,Wraith,9,8,2419,3
9-7-2019,4.55,Mirage,14,0,2300,3
14-5-2020,17.32,Bloodhound,2,12,2575,1
30-6-2022,3.49,Bloodhound,1,4,454,3
28-3-2019,27.89,Fuse,9,4,2157,13
17-3-2020,1.71,Ash,0,14,2043,13
14-7-2020,28.17,Octane,13,2,2740,12
8-10-2022,27.68,Horizon,6,9,1384,19
27-4-2020,5.02,Crypto,9,0,832,1
14-12-2021,8.22,Ash,1,1,113,13
10-9-2020,5.53,Valkyrie,2,0,333,3
3-8-2020,4.8,Octane,6,14,1097,10
15-11-2022,17.75,Bloodhound,13,6,1168,9
5-11-2022,24.91,Mad Maggie,3,17,3786,13
1-12-2020,10.29,Gibraltar,6,8,1956,20
10-1-2020,20.32,Pathfinder,11,3,2719,11
21-6-2022,22.38,Revenant,2,4,447,15
28-4-2021,26.87,Horizon,4,4,1552,1
2-6-2022,19.69,Lifeline,2,1,433,3
1-2-2020,8.29,Revenant,4,0,561,3
22-8-2022,27.97,Bangalore,2,15,1470,16
21-7-2019,20.22,Octane,9,5,2215,19
16-8-2021,13.88,Horizon,6,8,1587,2
10-5-2021,25.34,Gibraltar,11,20,2936,13
8-9-2019,6.61,Fuse,10,0,2127,9
3-12-2022,28.53,Pathfinder,5,6,889,5
3-6-2022,16.81,Mirage,6,5,1995,11
16-10-2021,24.63,Wraith,11,2,1671,18
9-7-2022,2.04,Horizon,2,6,1272,4
1-10-2022,21.04,Horizon,6,3,493,13
27-5-2020,16.89,Valkyrie,4,6,563,13
19-2-2022,11.97,Pathfinder,2,2,721,5
3-11-2021,7.43,Valkyrie,11,0,1833,8
1-7-2022,17.43,Revenant,8,2,632,17
20-11-2022,25.16,Horizon,11,3,1777,15
14-3-2022,4.14,Fuse,2,1,515,8
23-11-2019,24.5,Rampart,4,2,1197,2
15-2-2019,22.09,Ash,8,11,3707,11
30-8-2019,21.71,Wraith,6,2,944,6
11-7-2020,20.39,Horizon,4,5,1274,3
9-10-2019,20.0,Revenant,3,6,791,14
15-6-2020,15.77,Fuse,3,6,1627,14
26-3-2021,28.07,Mirage,6,3,1563,11
25-9-2021,7.95,Revenant,19,15,2385,16
15-8-2022,13.54,Rampart,4,1,342,9
9-6-2021,12.4,Bloodhound,9,15,4735,20
4-6-2019,3.57,Wraith,0,2,282,5
26-11-2020,0.92,Lifeline,6,1,1183,13
16-9-2020,2.24,Bloodhound,3,18,1436,16
13-11-2021,1.07,Bloodhound,5,2,545,9
27-1-2022,9.3,Revenant,2,4,781,19
25-4-2021,13.81,Pathfinder,4,5,543,1
28-2-2020,0.21,Mirage,9,3,2534,16
17-10-2020,3.58,Wraith,7,0,521,10
12-12-2020,9.61,Fuse,2,2,258,18
23-7-2020,5.55,Mirage,15,0,1629,13
20-11-2021,11.28,Mirage,5,5,1437,16
10-12-2021,0.78,Pathfinder,8,8,3361,11
4-2-2021,25.09,Rampart,5,6,2207,16
17-1-2022,21.58,Mad Maggie,2,6,938,5
1-12-2020,27.15,Valkyrie,7,2,1971,13
31-1-2021,10.76,Bangalore,2,12,1474,11
16-3-2020,23.73,Valkyrie,2,2,350,20
28-5-2022,2.79,Gibraltar,3,5,475,4
13-12-2022,14.2,Gibraltar,1,2,363,2
24-6-2022,9.11,Mirage,4,6,1217,20
14-8-2022,7.03,Bloodhound,2,9,1098,4
3-1-2020,7.6,Bangalore,5,2,898,16
28-10-2020,11.27,Bangalore,14,16,4631,7
24-8-2020,0.32,Gibraltar,3,12,1611,11
7-10-2019,10.58,Pathfinder,7,1,1121,9
18-3-2022,18.0,Mirage,1,4,392,6
24-9-2022,14.85,Gibraltar,12,17,3828,6
3-11-2020,24.99,Bangalore,6,2,1404,13
9-4-2020,0.63,Wraith,8,1,1308,2
31-5-2020,10.71,Horizon,16,5,1379,10
26-2-2021,12.22,Fuse,4,12,2629,2
28-2-2020,15.42,Rampart,1,1,238,3
30-4-2022,23.92,Horizon,15,2,3033,4
23-2-2019,28.6,Bangalore,11,2,2814,15
20-5-2021,29.04,Bangalore,2,2,802,2
7-11-2020,2.15,Mirage,0,0,0,1
12-6-2022,4.48,Gibraltar,0,5,718,11
13-8-2022,11.3,Mad Maggie,5,1,1358,11
22-6-2021,3.24,Mad Maggie,1,8,951,16
13-3-2020,24.44,Wraith,13,2,1452,13
7-9-2021,22.97,Mad Maggie,2,5,1373,12
2-10-2020,3.13,Wraith,1,9,1791,9
26-10-2022,10.36,Revenant,3,5,628,15
19-4-2021,29.48,Pathfinder,18,4,2468,19
22-6-2022,7.85,Mad Maggie,6,2,1094,6
3-12-2019,5.44,Lifeline,16,0,1006,17
5-5-2020,10.56,Horizon,15,16,4456,9
26-12-2021,29.37,Mirage,20,7,5984,1
21-10-2019,4.98,Pathfinder,2,2,484,5
9-10-2019,23.24,Mad Maggie,2,3,788,17
13-1-2022,16.7,Fuse,1,4,557,2
23-1-2020,13.65,Bloodhound,3,11,2475,3
26-4-2019,7.32,Pathfinder,5,0,479,5
9-3-2020,1.15,Rampart,5,1,874,15
21-12-2022,14.06,Crypto,1,3,682,6
20-9-2021,15.67,Crypto,10,18,3836,17
23-4-2019,4.57,Bangalore,6,0,902,20
28-11-2022,3.36,Wraith,3,8,555,12
30-5-2022,17.88,Gibraltar,3,14,2169,20
10-6-2019,7.97,Mirage,11,12,2930,6
7-9-2022,7.81,Horizon,0,16,895,18
27-5-2019,2.07,Bloodhound,2,0,257,6
24-1-2021,6.2,Horizon,6,0,1253,6
20-6-2020,5.57,Mad Maggie,2,1,505,5
15-8-2021,11.78,Bangalore,1,4,689,12
13-10-2022,11.07,Fuse,1,7,842,16
8-3-2020,17.29,Revenant,1,5,418,2
13-1-2022,6.7,Fuse,0,6,1050,20
8-5-2020,17.42,Bloodhound,7,1,1105,15
29-11-2022,14.51,Horizon,11,6,1366,11
12-9-2022,6.51,Bloodhound,3,4,438,17
9-4-2021,12.13,Mirage,8,4,1497,14
17-8-2021,18.75,Valkyrie,13,4,3263,5
27-5-2022,22.34,Horizon,8,3,707,15
30-4-2021,23.03,Mad Maggie,10,4,2964,8
22-11-2019,27.09,Rampart,16,4,1452,2
17-12-2021,23.88,Bloodhound,6,8,834,18
8-8-2022,20.94,Mad Maggie,4,6,1793,12
21-4-2019,10.61,Mad Maggie,2,2,650,13
21-8-2020,1.52,Bangalore,5,8,1199,8
3-8-2021,9.36,Wraith,0,4,275,13
4-10-2022,23.61,Mad Maggie,6,2,656,7
12-1-2022,29.08,Mad Maggie,2,4,721,4
5-10-2022,12.78,Valkyrie,1,11,1513,13
25-11-2019,22.95,Lifeline,6,10,1596,14
14-8-2021,1.27,Horizon,3,0,342,20
5-9-2021,12.18,Crypto,5,6,1242,18
11-11-2020,29.66,Octane,7,10,1221,17
15-1-2020,12.68,Lifeline,1,8,1682,13
16-3-2019,29.61,Horizon,2,5,522,18
15-1-2021,1.63,Gibraltar,1,7,910,19
14-9-2020,19.78,Pathfinder,11,9,4130,4
31-7-2019,16.97,Horizon,14,9,2147,3
1-5-2019,19.52,Wraith,1,6,614,11
13-10-2020,21.28,Crypto,19,7,5021,10
26-6-2021,4.21,Bangalore,12,9,3846,13
11-4-2022,19.0,Bangalore,1,5,1131,5
28-2-2019,11.14,Bangalore,1,7,1458,7
2-4-2021,15.78,Horizon,4,1,1028,10
9-5-2022,28.81,Mad Maggie,5,13,2926,10
28-4-2019,22.97,Octane,2,19,1706,3
10-1-2020,21.66,Horizon,16,6,4628,8
21-9-2020,20.43,Fuse,17,18,2940,11
7-1-2020,27.8,Pathfinder,2,9,2167,20
12-7-2020,16.71,Horizon,9,7,898,12
24-2-2020,25.18,Gibraltar,16,13,3347,4
7-6-2020,17.93,Crypto,6,2,1247,10
6-3-2021,2.03,Rampart,0,0,0,13
21-12-2019,25.55,Horizon,2,3,431,2
23-4-2019,15.61,Bangalore,9,4,1728,16
18-5-2019,5.58,Fuse,5,0,981,15
1-3-2019,13.9,Rampart,1,12,2073,13
27-6-2019,18.0,Mad Maggie,1,2,306,12
17-3-2019,6.73,Wraith,1,2,442,16
8-2-2022,26.22,Ash,15,6,2549,2
8-9-2020,10.91,Horizon,7,4,1865,14
10-7-2022,8.0,Bloodhound,10,5,2367,4
4-1-2022,3.81,Wraith,13,6,1167,2
8-5-2022,21.08,Gibraltar,4,6,1796,5
29-5-2021,6.49,Mirage,0,2,318,17
18-5-2021,23.63,Revenant,2,13,1534,11
21-11-2021,29.27,Pathfinder,2,19,3710,17
3-7-2021,21.62,Octane,6,3,1001,3
4-4-2020,4.76,Bangalore,0,0,0,17
8-10-2022,5.41,Valkyrie,1,4,918,12
14-7-2019,21.57,Lifeline,3,3,482,2
16-2-2022,8.4,Rampart,4,2,1193,4
7-8-2022,17.98,Bloodhound,10,1,2011,1
4-7-2019,24.12,Revenant,5,9,2251,12
20-4-2020,8.86,Wraith,3,4,860,17
25-5-2020,25.28,Bangalore,6,5,2168,1
25-6-2021,22.17,Lifeline,15,2,3758,4
14-9-2021,24.96,Bloodhound,5,4,716,8
13-3-2019,22.57,Ash,2,5,1467,11
27-7-2022,15.02,Valkyrie,10,1,1348,14
28-8-2022,25.03,Crypto,4,5,503,14
18-6-2019,28.69,Octane,7,8,2440,11
19-2-2019,1.12,Wraith,18,0,1697,20
5-6-2020,24.19,Valkyrie,16,5,2168,14
19-7-2020,2.32,Fuse,0,1,145,11
15-11-2019,29.34,Crypto,3,3,662,8
20-7-2020,27.16,Mirage,6,2,1634,5
13-6-2022,16.78,Mad Maggie,10,6,1123,2
16-2-2019,28.6,Bloodhound,3,7,1484,1
12-5-2020,4.59,Lifeline,13,0,1810,13
23-8-2021,26.87,Mad Maggie,15,2,1690,20
30-12-2022,19.06,Rampart,10,9,3442,10
1-5-2020,4.8,Lifeline,7,0,1270,10
8-1-2021,2.59,Wraith,5,10,1526,14
29-5-2021,20.13,Lifeline,5,7,2448,18
18-8-2022,16.22,Ash,5,4,660,11
21-1-2020,18.78,Gibraltar,3,1,592,20
20-10-2019,7.06,Crypto,0,4,385,14
18-3-2021,13.62,Mirage,4,7,1443,18
30-7-2021,7.53,Horizon,4,16,2816,17
25-9-2020,6.08,Horizon,1,1,292,18
9-9-2019,9.79,Bangalore,3,1,643,6
4-6-2019,20.75,Valkyrie,4,5,652,4
12-1-2020,15.89,Crypto,3,2,1004,14
4-11-2022,10.16,Bloodhound,1,12,1324,16
10-10-2022,28.74,Lifeline,4,3,1192,11
28-4-2021,1.3,Bloodhound,9,8,1817,3
18-10-2021,16.47,Lifeline,4,5,473,7
26-8-2020,25.9,Fuse,2,16,2876,6
28-12-2019,29.79,Lifeline,7,10,1836,1
25-3-2021,11.37,Wraith,2,17,2586,5
7-10-2022,20.89,Lifeline,9,16,3525,13
22-5-2021,19.96,Bloodhound,3,1,399,19
20-5-2020,10.21,Rampart,13,1,1981,3
29-4-2021,18.08,Crypto,4,3,1051,2
16-5-2022,9.79,Crypto,5,2,1446,19
25-6-2021,13.52,Octane,15,2,1164,18
27-4-2021,7.46,Valkyrie,0,11,1480,12
27-3-2021,11.21,Horizon,2,1,414,3
13-12-2021,5.82,Mirage,6,0,1223,10
31-3-2021,16.19,Octane,7,1,1413,8
21-12-2020,28.21,Ash,4,2,1027,5
18-7-2019,24.66,Horizon,7,6,920,4
6-9-2020,9.07,Lifeline,3,4,698,17
26-11-2021,0.07,Rampart,6,14,1612,9
15-10-2020,19.22,Pathfinder,1,1,389,16
26-10-2022,20.83,Crypto,15,2,3905,16
2-7-2020,14.01,Valkyrie,6,2,1332,5
22-8-2022,9.79,Bloodhound,3,2,583,20
27-8-2021,12.11,Crypto,4,6,1451,18
31-8-2020,15.29,Crypto,1,2,561,10
6-12-2020,5.24,Lifeline,7,1,511,8
1-10-2020,27.3,Lifeline,3,10,1584,5
30-7-2021,24.16,Mad Maggie,10,3,1461,18
14-1-2021,28.56,Wraith,4,3,1015,20
26-10-2019,0.22,Mirage,9,16,2678,14
15-12-2019,4.75,Bangalore,0,0,0,9
13-4-2022,29.23,Mirage,5,11,1622,7
10-11-2019,8.1,Bangalore,0,4,329,10
29-9-2021,18.87,Valkyrie,1,7,1423,6
20-12-2019,2.18,Valkyrie,1,10,1784,16
29-5-2021,0.47,Rampart,3,11,2395,15
18-12-2020,23.75,Mad Maggie,4,7,735,11
31-5-2019,4.41,Valkyrie,2,13,1113,11
25-9-2019,2.93,Crypto,9,7,3324,6
12-10-2021,28.67,Valkyrie,6,2,571,10
20-8-2021,1.21,Bangalore,17,7,3167,13
18-2-2022,25.76,Octane,15,13,5312,20
29-6-2020,25.86,Revenant,9,14,4038,16
6-9-2022,12.73,Mad Maggie,6,2,897,7
28-12-2020,2.32,Bangalore,6,1,862,13
5-4-2020,29.51,Bangalore,4,2,1165,8
17-4-2019,20.68,Crypto,2,2,299,6
7-7-2019,1.79,Mad Maggie,8,0,828,2
3-7-2022,12.61,Mirage,6,10,1169,7
31-12-2022,20.4,Revenant,12,3,989,10
4-10-2019,23.14,Pathfinder,9,2,2136,13
16-6-2019,15.3,Bangalore,11,4,1621,3
2-9-2021,23.61,Revenant,13,3,997,17
1-2-2021,7.94,Bloodhound,7,13,2451,13
7-2-2021,6.32,Octane,4,0,406,19
21-3-2019,4.57,Wraith,0,0,0,8
12-10-2021,27.54,Bangalore,11,2,1919,10
1-10-2022,3.92,Bangalore,0,0,0,20
18-7-2019,5.64,Mirage,13,5,1207,19
12-12-2019,28.98,Horizon,17,12,3886,6
14-5-2021,6.89,Wraith,2,1,259,6
21-11-2021,28.67,Revenant,10,5,1901,19
6-12-2021,26.58,Ash,8,12,2176,16
16-2-2022,16.24,Revenant,16,6,3905,16
15-2-2022,7.57,Mad Maggie,0,11,1528,19
31-5-2022,2.45,Revenant,14,1,2927,18
26-7-2022,7.37,Gibraltar,6,0,1060,13
8-7-2019,8.09,Revenant,3,3,355,18
21-3-2022,23.11,Ash,6,7,1939,13
13-3-2022,22.78,Mirage,7,7,1458,9
24-12-2020,21.88,Horizon,2,2,254,7
3-12-2022,3.54,Pathfinder,0,10,814,9
14-2-2021,8.56,Crypto,0,14,1621,3
5-12-2021,13.42,Lifeline,2,4,415,7
13-3-2019,22.29,Revenant,4,10,1838,18
20-6-2021,21.6,Lifeline,6,3,1747,18
19-1-2020,8.5,Gibraltar,0,0,0,14
9-3-2019,18.45,Mad Maggie,5,1,613,18
26-8-2020,6.58,Gibraltar,9,1,1284,6
19-7-2019,24.24,Octane,4,11,2832,12
4-6-2019,12.18,Lifeline,1,5,511,13
26-5-2020,2.24,Valkyrie,3,2,563,3
19-6-2019,23.42,Valkyrie,9,9,1288,13
28-6-2021,12.99,Rampart,3,2,286,2
9-5-2022,4.18,Pathfinder,0,0,0,11
18-7-2020,28.04,Mirage,9,12,4204,7
4-3-2020,1.89,Bloodhound,0,15,2394,7
25-12-2019,27.92,Bangalore,4,14,3355,10
7-7-2019,26.33,Bangalore,5,2,839,9
31-7-2021,28.72,Wraith,11,19,5638,4
3-12-2020,8.14,Gibraltar,1,14,802,2
19-6-2022,22.89,Pathfinder,4,12,2191,14
26-11-2022,4.45,Horizon,7,11,2952,3
12-12-2020,18.8,Octane,6,7,888,13
20-12-2022,8.34,Gibraltar,0,0,0,8
8-3-2021,18.63,Gibraltar,2,12,928,5
16-10-2020,25.39,Bloodhound,2,5,1075,2
4-1-2021,14.89,Horizon,16,4,1732,2
24-8-2020,11.05,Bloodhound,11,2,2782,20
3-6-2020,2.22,Bloodhound,1,6,844,16
27-8-2019,27.66,Crypto,13,6,3855,2
24-2-2020,26.85,Bloodhound,9,3,1379,19
6-7-2022,1.58,Rampart,10,5,1862,5
25-3-2019,24.35,Bangalore,6,15,3825,4
5-4-2021,18.24,Bloodhound,15,5,2885,4
18-11-2021,19.53,Ash,4,13,3226,10
22-11-2020,7.79,Lifeline,3,5,530,20
19-1-2021,23.16,Wraith,3,7,1439,3
9-5-2021,29.75,Bloodhound,16,8,1968,2
24-9-2020,29.68,Ash,9,6,1872,12
16-11-2022,7.68,Ash,1,3,708,5
2-5-2019,12.4,Gibraltar,1,3,466,14
28-7-2021,4.65,Valkyrie,12,0,1775,6
13-12-2020,0.66,Pathfinder,8,0,1842,20
2-9-2020,24.58,Valkyrie,5,3,1499,10
17-8-2019,13.3,Lifeline,6,3,936,7
17-3-2020,20.92,Mad Maggie,11,2,1941,20
26-11-2019,13.9,Bangalore,6,14,3440,15
11-10-2021,4.38,Bloodhound,18,3,3729,12
7-8-2019,14.14,Fuse,4,13,1291,15
10-4-2022,23.25,Rampart,5,2,951,8
28-2-2022,17.72,Octane,3,2,642,9
24-4-2020,27.9,Gibraltar,7,9,2550,15
22-5-2021,28.9,Valkyrie,7,9,1586,14
13-3-2020,17.93,Horizon,2,2,534,7
31-5-2019,20.66,Horizon,8,2,1660,8
23-5-2019,4.65,Mad Maggie,1,3,631,16
9-11-2020,0.53,Fuse,11,14,5014,3
3-7-2019,4.24,Ash,3,14,1751,8
10-6-2020,17.8,Rampart,11,8,3151,8
20-5-2022,1.85,Lifeline,4,1,302,8
10-8-2019,5.35,Mirage,16,3,2463,3
12-4-2019,29.33,Valkyrie,2,6,1280,13
11-2-2020,22.87,Fuse,2,7,1415,2
10-11-2019,9.95,Bangalore,5,0,913,15
5-10-2022,22.86,Rampart,7,4,2028,6
31-3-2020,24.43,Lifeline,7,11,2830,17
19-10-2020,3.36,Bangalore,2,2,656,2
10-4-2021,20.42,Ash,3,7,1327,6
20-10-2020,26.93,Bloodhound,14,2,1284,11
28-8-2020,29.52,Crypto,16,3,2228,15
3-9-2021,19.2,Valkyrie,9,1,972,11
8-10-2022,23.91,Octane,5,2,1356,12
5-8-2022,19.31,Crypto,4,6,1172,12
2-4-2021,21.44,Revenant,3,2,302,15
2-9-2020,18.12,Crypto,2,2,796,2
22-8-2021,26.06,Horizon,15,18,1989,7
6-7-2020,20.02,Mirage,6,7,1877,15
11-4-2021,21.8,Mad Maggie,3,3,936,6
17-2-2020,9.68,Lifeline,3,4,1400,15
29-7-2019,17.3,Valkyrie,5,1,749,8
27-1-2022,9.51,Bloodhound,2,3,1005,20
6-1-2020,13.87,Fuse,12,4,1759,19
8-10-2019,11.06,Bangalore,16,4,1645,3
10-2-2020,23.35,Wraith,12,5,1286,5
8-10-2022,18.35,Bloodhound,7,7,1729,7
13-11-2020,24.08,Gibraltar,8,3,2050,13
22-2-2022,3.26,Crypto,3,9,1354,19
13-8-2019,1.57,Mad Maggie,1,1,164,6
5-4-2019,8.32,Octane,6,1,947,13
21-6-2019,16.34,Bloodhound,14,5,1812,5
23-6-2020,12.7,Bloodhound,3,8,652,17
6-10-2020,20.16,Gibraltar,5,12,2759,5
2-11-2020,24.81,Bloodhound,7,12,2884,1
8-8-2021,28.9,Ash,14,15,3476,9
16-8-2022,14.79,Crypto,8,1,1119,15
3-11-2020,0.68,Pathfinder,2,6,391,11
12-11-2021,6.51,Crypto,0,1,139,16
3-2-2021,16.28,Bloodhound,6,5,1747,15
11-11-2022,3.32,Gibraltar,3,0,673,1
22-4-2020,12.77,Ash,16,3,4320,20
15-4-2019,3.86,Ash,3,4,737,6
6-11-2022,1.34,Ash,3,0,311,19
4-10-2019,14.98,Gibraltar,4,8,1403,15
8-5-2022,13.53,Mirage,1,1,246,10
24-6-2020,5.96,Lifeline,19,0,4073,7
13-6-2021,5.14,Pathfinder,13,7,1325,1
9-9-2020,7.98,Rampart,0,4,276,18
15-10-2021,5.31,Mirage,10,0,1306,7
17-2-2019,24.31,Pathfinder,12,2,1728,3
30-3-2020,7.7,Mirage,12,0,1318,16
17-7-2022,29.18,Bangalore,20,3,4730,14
15-7-2022,21.05,Gibraltar,8,2,1548,11
9-3-2020,28.88,Ash,10,4,1784,6
3-6-2022,28.22,Horizon,2,3,911,5
30-4-2021,23.39,Mirage,6,6,1354,19
3-2-2021,2.05,Wraith,3,15,2667,11
7-4-2022,10.18,Valkyrie,9,1,1074,11
18-2-2020,11.69,Mirage,1,5,778,3
4-4-2021,8.93,Mirage,7,0,831,10
22-7-2020,17.22,Bangalore,2,6,554,14
17-7-2020,24.03,Ash,10,11,2656,11
1-8-2022,26.67,Mad Maggie,12,8,3521,13
3-10-2021,28.62,Ash,11,8,3083,10
18-7-2022,18.12,Fuse,2,3,1046,2
20-9-2020,23.59,Bangalore,2,11,2563,19
31-7-2019,16.81,Wraith,12,3,2114,20
17-12-2020,2.2,Lifeline,0,14,1596,11
8-7-2020,23.0,Horizon,2,3,630,7
23-4-2020,6.82,Mad Maggie,0,0,0,3
26-9-2022,28.7,Gibraltar,2,4,782,16
22-4-2021,28.19,Lifeline,6,9,976,18
30-11-2019,10.14,Revenant,2,2,460,15
9-3-2020,8.37,Bloodhound,0,0,0,1
20-3-2020,23.63,Pathfinder,12,3,2349,10
24-2-2021,19.38,Octane,2,3,566,3
10-5-2020,9.63,Octane,5,0,870,15
2-4-2022,17.33,Mad Maggie,7,2,1613,13
2-9-2020,14.67,Pathfinder,11,10,4194,2
16-2-2021,21.28,Octane,3,9,1738,1
21-6-2019,23.45,Bangalore,4,2,769,6
13-6-2021,6.84,Wraith,2,1,610,3
11-8-2022,8.69,Mirage,8,2,1019,9
14-8-2019,28.86,Mirage,3,2,852,14
8-7-2020,16.68,Bloodhound,5,3,1573,17
14-6-2020,4.38,Mirage,2,7,556,12
25-9-2022,29.08,Fuse,2,3,1017,17
22-7-2021,21.59,Gibraltar,11,7,3668,18
8-7-2019,21.88,Bloodhound,3,3,908,18
15-4-2019,21.97,Bangalore,5,17,1983,4
15-10-2022,9.67,Gibraltar,5,15,1272,13
13-11-2022,14.92,Bloodhound,2,2,518,14
14-5-2022,29.05,Mad Maggie,2,14,1486,12
16-4-2021,4.43,Mad Maggie,3,12,1051,17
21-12-2022,0.58,Fuse,7,9,3011,7
25-10-2021,6.28,Pathfinder,2,2,666,12
12-2-2020,15.8,Fuse,11,2,2323,7
3-5-2021,13.66,Fuse,3,18,1831,7
25-12-2022,18.09,Valkyrie,17,5,2474,18
22-8-2020,29.31,Octane,16,4,2283,4
13-6-2020,1.34,Lifeline,1,8,1649,10
10-9-2020,19.96,Crypto,12,4,2897,10
27-3-2022,2.12,Wraith,1,0,230,17
30-8-2022,4.24,Horizon,5,9,2360,20
24-2-2019,26.94,Horizon,3,4,891,13
13-10-2021,4.34,Revenant,6,0,882,18
27-10-2021,17.7,Rampart,11,2,2809,20
2-9-2022,26.35,Ash,4,5,1346,2
31-3-2020,9.57,Crypto,0,6,992,7
12-6-2021,9.41,Pathfinder,1,3,422,19
17-5-2019,16.84,Bloodhound,2,1,355,5
2-3-2021,9.33,Octane,0,1,43,1
3-6-2022,21.31,Fuse,4,6,1167,15
13-10-2022,26.78,Rampart,2,3,979,20
9-9-2019,4.45,Crypto,2,12,915,6
14-8-2019,25.88,Valkyrie,12,2,2338,12
17-1-2022,29.17,Rampart,3,2,502,7
15-6-2021,16.98,Octane,6,6,958,12
17-9-2022,24.39,Octane,9,7,3033,12
13-5-2021,27.69,Bangalore,8,3,2006,2
21-5-2020,18.24,Valkyrie,7,2,832,17
7-3-2020,8.36,Mirage,4,1,925,8
24-12-2022,27.63,Mirage,9,15,4281,16
12-7-2020,2.98,Fuse,11,0,1284,8
19-3-2020,22.94,Revenant,12,15,5151,9
3-7-2021,2.83,Octane,0,7,383,20
28-11-2020,14.64,Bloodhound,2,1,581,7
3-7-2020,16.01,Mirage,1,2,435,10
19-5-2020,5.64,Mad Maggie,4,9,2344,3
11-2-2019,6.57,Valkyrie,10,9,1823,10
23-12-2020,16.32,Revenant,5,7,937,14
30-8-2021,3.72,Octane,2,0,214,2
22-12-2021,6.69,Wraith,3,3,604,6
14-12-2019,4.65,Wraith,0,2,256,19
10-3-2019,6.28,Fuse,0,6,915,12
8-4-2022,2.86,Gibraltar,0,2,349,18
16-5-2022,15.29,Valkyrie,9,1,1086,16
9-10-2019,16.99,Bloodhound,3,15,3579,16
3-8-2020,18.93,Lifeline,5,17,3100,18
8-10-2019,18.34,Fuse,5,10,804,14
12-8-2022,29.66,Mad Maggie,2,2,464,17
15-4-2022,6.89,Pathfinder,3,14,1678,2
2-9-2020,26.5,Gibraltar,6,3,1282,19
16-8-2020,1.34,Pathfinder,11,3,3132,9
14-6-2020,16.91,Rampart,10,3,1336,8
5-12-2020,13.37,Gibraltar,4,1,1059,10
16-1-2022,21.98,Revenant,6,5,1655,14
13-7-2022,26.36,Rampart,16,2,1979,3
5-12-2019,7.84,Mirage,9,2,1763,5
17-3-2020,2.22,Fuse,2,1,168,9
2-12-2022,28.59,Gibraltar,4,2,578,15
7-8-2021,3.02,Rampart,4,19,3828,10
30-12-2022,26.39,Mirage,6,2,1162,13
13-11-2019,29.32,Ash,2,12,757,2
25-1-2022,4.22,Valkyrie,5,13,2862,9
21-10-2021,3.71,Lifeline,2,11,1223,7
11-4-2021,4.75,Horizon,1,8,1402,10
15-6-2020,4.7,Mad Maggie,6,4,1030,6
25-7-2020,28.53,Rampart,8,7,1382,12
7-11-2020,28.92,Rampart,15,3,3118,5
7-6-2020,20.2,Revenant,7,5,819,19
5-8-2022,16.2,Bloodhound,1,4,553,14
7-3-2021,16.57,Bloodhound,1,7,831,7
4-3-2020,14.43,Bangalore,2,3,645,7
28-9-2019,10.54,Valkyrie,12,1,2213,9
31-10-2021,5.22,Octane,2,2,312,11
26-5-2020,6.56,Gibraltar,13,6,2897,9
2-3-2021,17.52,Ash,9,1,1479,1
1-12-2020,3.72,Mad Maggie,3,2,322,2
25-7-2020,2.63,Revenant,0,0,0,10
22-2-2022,26.85,Mad Maggie,14,19,1869,2
15-2-2021,27.43,Bangalore,3,6,486,12
10-5-2022,28.62,Bloodhound,6,6,937,5
27-6-2022,16.56,Octane,5,6,1722,11
27-3-2020,10.51,Bloodhound,5,10,2170,18
6-11-2021,8.55,Gibraltar,0,4,181,9
9-5-2020,20.67,Wraith,3,9,2157,11
9-8-2020,16.68,Revenant,3,11,2587,10
28-2-2021,2.81,Bloodhound,0,3,237,3
6-3-2021,25.88,Octane,11,2,2809,1
9-7-2020,10.44,Horizon,16,3,3680,1
15-12-2020,0.39,Crypto,6,9,2471,7
4-3-2021,11.14,Crypto,9,2,2049,12
22-6-2020,28.96,Valkyrie,4,4,723,5
7-7-2020,29.1,Crypto,5,10,2164,3
13-6-2020,22.64,Ash,2,6,1056,4
1-7-2021,23.12,Valkyrie,13,3,2661,2
10-4-2019,24.67,Mad Maggie,5,6,1754,3
4-3-2022,16.79,Fuse,10,2,1124,8
1-11-2021,13.14,Gibraltar,1,9,535,3
3-1-2022,9.54,Revenant,3,7,1395,20
23-3-2021,27.71,Bloodhound,12,7,1580,14
22-1-2021,0.79,Wraith,11,7,3212,12
25-5-2021,12.33,Revenant,4,2,1052,14
20-7-2021,28.32,Wraith,2,9,1990,16
25-5-2019,27.72,Gibraltar,6,8,2837,8
27-6-2022,1.45,Crypto,2,4,586,1
30-9-2019,1.66,Mad Maggie,14,9,2910,14
19-4-2021,11.24,Pathfinder,5,5,1983,8
19-5-2022,15.79,Crypto,1,2,266,9
12-2-2021,1.48,Pathfinder,0,6,592,8
10-4-2022,6.09,Wraith,15,3,1640,19
23-5-2021,29.61,Crypto,3,2,661,8
27-3-2022,12.29,Valkyrie,6,3,1202,19
2-2-2022,0.61,Wraith,13,0,1605,18
9-1-2022,22.69,Octane,4,13,2038,5
20-7-2021,23.76,Valkyrie,2,14,2379,10
9-2-2020,1.39,Octane,4,2,928,7
11-7-2020,27.01,Mirage,5,3,1423,7
16-1-2020,13.31,Revenant,1,7,1349,4
30-4-2022,26.34,Octane,2,8,839,12
10-9-2022,20.5,Horizon,5,6,595,17
22-8-2022,20.84,Valkyrie,2,3,791,11
2-8-2022,13.73,Octane,2,1,322,13
29-6-2020,9.72,Revenant,4,3,421,13
15-10-2019,10.35,Lifeline,11,14,2387,10
1-6-2021,20.33,Ash,2,2,544,5
21-3-2020,1.2,Horizon,0,1,142,7
25-3-2022,15.24,Bangalore,2,2,646,8
1-5-2019,16.37,Octane,15,9,4035,20
9-12-2020,26.61,Bangalore,2,12,1080,3
8-11-2019,8.65,Mirage,8,0,1074,15
25-7-2022,27.88,Gibraltar,9,10,2251,1
20-11-2019,17.54,Rampart,1,3,235,6
25-6-2019,12.13,Valkyrie,16,19,6280,9
1-8-2019,21.59,Pathfinder,2,3,429,1
24-3-2020,21.5,Gibraltar,10,2,2465,17
28-11-2021,6.21,Bloodhound,1,4,697,13
11-3-2019,25.42,Bloodhound,2,6,775,9
1-12-2020,12.75,Gibraltar,8,4,2322,9
20-8-2022,20.24,Gibraltar,9,2,2295,14
29-12-2021,4.87,Bloodhound,12,1,1713,6
26-12-2021,28.72,Gibraltar,9,3,1058,16
26-7-2020,5.28,Lifeline,5,2,1023,18
20-8-2021,7.25,Bangalore,2,4,444,18
8-2-2022,28.69,Lifeline,6,2,990,5
19-7-2021,9.91,Mad Maggie,12,1,842,7
22-6-2022,0.58,Ash,9,0,1773,14
1-11-2022,2.13,Valkyrie,2,0,325,3
10-2-2022,12.99,Mirage,4,5,725,11
21-9-2019,7.68,Ash,18,15,2138,14
19-2-2021,17.43,Lifeline,4,1,325,8
30-12-2019,19.49,Bangalore,2,3,693,11
20-9-2021,9.42,Crypto,3,3,440,5
14-7-2022,1.79,Bangalore,3,18,2059,1
19-3-2022,1.22,Valkyrie,2,10,766,11
26-8-2019,8.3,Valkyrie,10,0,1207,8
28-10-2021,14.07,Bangalore,6,4,799,17
8-11-2020,16.49,Lifeline,6,4,1048,17
19-5-2021,26.01,Wraith,10,9,1473,7
10-8-2022,3.33,Mad Maggie,0,1,193,11
7-7-2020,2.22,Mirage,0,1,68,18
26-4-2020,14.04,Ash,18,4,2282,6
26-3-2021,4.75,Valkyrie,0,1,178,11
27-12-2022,20.32,Rampart,2,2,468,9
30-10-2021,1.24,Ash,1,5,412,5
4-6-2020,23.8,Pathfinder,3,2,469,16
29-7-2020,2.37,Bangalore,3,1,410,20
31-5-2020,25.56,Horizon,5,6,1426,8
15-11-2020,7.16,Lifeline,1,0,213,20
19-9-2021,25.2,Wraith,3,12,2493,15
18-4-2019,6.3,Fuse,12,11,4783,3
25-6-2019,19.27,Valkyrie,5,11,1513,7
4-3-2020,10.67,Ash,3,1,465,11
7-9-2020,25.11,Bloodhound,2,10,768,8
17-12-2021,29.61,Bangalore,4,6,1369,7
3-8-2021,0.6,Bloodhound,4,13,1366,10
19-11-2022,5.9,Pathfinder,4,0,922,6
27-4-2019,28.11,Bangalore,11,11,2848,14
13-1-2021,29.55,Lifeline,2,2,767,2
8-11-2021,24.6,Mirage,4,7,1802,10
17-1-2020,25.35,Rampart,20,2,3545,3
23-2-2022,2.75,Gibraltar,2,4,668,4
5-8-2022,25.49,Octane,3,3,1033,20
10-6-2021,15.55,Mad Maggie,5,5,1248,3
26-12-2020,15.77,Fuse,9,12,1172,20
10-3-2022,15.47,Valkyrie,2,3,453,3
29-8-2022,8.66,Rampart,1,7,563,10
10-12-2020,12.56,Wraith,3,12,1624,18
21-9-2019,12.28,Crypto,3,1,707,2
26-6-2022,19.39,Bloodhound,6,1,1483,11
19-8-2021,26.18,Mad Maggie,13,15,3734,3
16-2-2022,19.39,Bloodhound,6,8,989,20
8-8-2019,18.55,Bangalore,1,1,206,17
19-7-2022,9.21,Bangalore,13,10,3562,12
18-11-2021,21.86,Wraith,12,2,2064,14
3-9-2020,13.21,Pathfinder,6,10,3130,20
3-12-2022,17.92,Wraith,6,1,1356,13
1-6-2020,3.67,Mirage,6,2,1564,14
7-5-2020,13.91,Ash,1,4,519,17
3-4-2020,6.92,Pathfinder,0,0,0,16
14-3-2021,25.34,Wraith,12,4,3639,19
12-12-2021,25.84,Ash,2,9,1459,7
28-9-2019,21.88,Bloodhound,6,3,2041,5
20-10-2019,6.64,Lifeline,5,0,667,13
23-8-2019,20.98,Octane,4,14,1946,18
25-11-2019,17.79,Ash,8,2,1696,4
30-3-2020,27.23,Octane,4,3,415,7
19-7-2022,16.64,Revenant,1,1,390,10
25-10-2022,26.72,Pathfinder,17,2,4084,9
5-8-2021,26.28,Wraith,19,2,3715,19
4-8-2021,28.86,Lifeline,14,17,2812,7
26-10-2022,15.85,Pathfinder,6,15,3249,15
10-1-2020,11.44,Fuse,5,1,771,17
22-11-2019,25.58,Pathfinder,3,5,969,8
3-9-2019,18.61,Crypto,8,7,2683,18
5-8-2020,2.71,Pathfinder,9,14,1291,19
9-7-2022,14.4,Mad Maggie,2,1,290,18
30-12-2021,15.71,Ash,3,1,404,2
6-4-2019,18.71,Bangalore,2,6,904,11
7-10-2021,18.58,Bangalore,8,2,1102,19
20-3-2021,14.12,Lifeline,1,1,279,10
26-2-2020,15.91,Mad Maggie,2,1,464,6
9-4-2019,2.98,Horizon,17,8,1872,4
27-4-2022,16.73,Gibraltar,9,17,2010,19
4-1-2021,13.33,Crypto,1,3,796,5
3-12-2021,20.73,Horizon,2,6,1213,18
12-6-2022,0.1,Bangalore,2,3,396,13
15-7-2021,16.55,Gibraltar,3,18,2188,18
27-4-2020,29.66,Bangalore,5,3,1349,15
19-9-2021,23.39,Horizon,4,2,779,8
7-10-2020,2.27,Lifeline,10,1,2192,7
18-10-2020,13.8,Mad Maggie,13,9,2061,8
16-3-2022,19.46,Horizon,6,1,1618,17
24-5-2022,16.03,Bangalore,3,1,643,4
27-12-2021,10.41,Octane,5,12,2574,15
10-7-2021,3.92,Fuse,3,7,1816,7
17-7-2019,13.77,Lifeline,17,15,4990,14
11-10-2020,12.81,Ash,7,6,938,7
13-11-2021,25.69,Mad Maggie,8,6,2026,20
20-2-2020,7.72,Wraith,1,5,446,9
6-5-2020,6.59,Pathfinder,3,5,431,20
2-12-2020,16.8,Revenant,3,1,663,10
26-11-2020,15.48,Mirage,8,3,2087,12
21-4-2019,28.34,Gibraltar,4,7,2112,2
5-6-2019,6.79,Revenant,11,0,1748,1
6-8-2021,26.49,Crypto,14,3,3270,6
14-2-2022,17.57,Octane,4,3,957,15
12-7-2022,29.41,Gibraltar,2,2,240,4
22-10-2022,8.1,Bloodhound,4,4,1421,20
6-12-2021,2.2,Valkyrie,0,4,400,18
2-1-2020,14.7,Mirage,3,15,2232,4
11-10-2019,27.09,Rampart,9,16,2114,18
25-5-2019,4.93,Octane,5,3,1335,8
26-6-2020,16.64,Rampart,10,17,2404,1
14-2-2020,22.86,Horizon,18,2,3421,14
12-12-2021,29.62,Octane,2,4,1200,5
8-2-2020,5.47,Valkyrie,3,0,468,16
21-1-2021,0.65,Wraith,0,7,1175,20
9-10-2020,5.72,Pathfinder,0,6,464,1
30-3-2020,23.91,Ash,8,3,814,10
13-10-2020,11.37,Mad Maggie,1,12,1767,11
31-10-2020,22.75,Bangalore,2,6,1357,16
7-10-2021,1.18,Rampart,0,1,126,13
6-1-2022,27.35,Rampart,10,2,1769,16
23-8-2020,17.19,Wraith,4,4,461,6
18-10-2020,25.66,Lifeline,5,3,518,15
27-7-2022,25.0,Fuse,9,9,3493,6
28-10-2020,16.02,Revenant,2,11,2381,4
15-1-2020,23.34,Revenant,9,3,768,8
20-8-2021,20.46,Mad Maggie,18,8,2945,2
30-4-2021,13.05,Octane,3,2,409,13
26-6-2019,15.55,Valkyrie,11,7,3867,14
2-7-2022,19.48,Fuse,3,15,1348,20
20-12-2021,18.35,Crypto,1,18,3581,13
27-9-2019,15.59,Wraith,1,3,245,9
21-9-2021,0.28,Wraith,16,15,6565,17
7-4-2022,22.66,Horizon,7,13,3510,14
7-10-2022,2.87,Lifeline,4,8,1581,3
28-3-2019,15.29,Gibraltar,10,1,841,20
27-9-2019,27.22,Octane,9,6,2392,20
22-11-2021,22.1,Horizon,3,11,2179,6
12-7-2020,7.77,Mirage,6,0,994,10
2-5-2020,10.19,Wraith,2,1,428,2
5-10-2019,9.86,Revenant,12,2,2388,11
24-9-2021,24.97,Fuse,13,3,1993,8
3-6-2019,1.97,Revenant,1,7,1287,4
9-3-2020,14.21,Wraith,3,15,1204,3
1-12-2020,0.42,Crypto,0,4,728,6
2-11-2019,15.93,Fuse,7,4,1524,1
25-12-2021,11.71,Ash,9,7,1774,16
5-9-2021,7.55,Ash,8,15,2302,11
2-10-2020,27.97,Fuse,6,2,1269,13
10-10-2020,16.4,Mirage,2,4,428,9
1-12-2021,22.84,Revenant,3,2,942,2
30-12-2020,21.41,Fuse,2,2,386,7
1-7-2022,25.86,Crypto,3,3,1255,13
24-9-2020,3.1,Bloodhound,4,7,787,13
5-10-2021,21.68,Wraith,7,2,1056,17
10-3-2020,25.26,Wraith,12,3,2575,7
26-6-2021,9.18,Crypto,1,0,194,17
27-6-2022,27.8,Wraith,2,9,1381,10
14-2-2020,15.5,Lifeline,1,1,146,15
24-4-2021,2.47,Crypto,0,1,126,2
12-1-2021,8.67,Gibraltar,6,0,1106,16
20-10-2022,4.0,Pathfinder,0,2,103,10
1-6-2021,29.46,Crypto,8,16,3397,19
25-11-2022,27.05,Bloodhound,3,4,756,10
6-1-2020,15.21,Crypto,1,11,874,2
24-10-2020,8.46,Mirage,7,11,2704,3
1-6-2021,25.76,Wraith,9,3,1047,10
27-1-2022,22.67,Revenant,3,7,753,5
6-4-2020,26.14,Revenant,12,9,3657,9
2-11-2021,27.69,Mad Maggie,9,2,2094,17
6-9-2019,3.43,Octane,11,11,4594,8
26-7-2022,6.43,Octane,11,3,2104,5
30-7-2020,23.92,Bloodhound,2,4,1194,3
27-9-2022,24.81,Horizon,6,10,2378,3
22-4-2019,7.54,Bloodhound,6,14,3787,15
28-2-2019,22.48,Rampart,9,5,2259,2
6-3-2022,8.81,Rampart,8,1,1786,9
26-8-2021,27.21,Mirage,14,8,1738,13
4-1-2022,28.84,Octane,6,5,732,4
13-5-2022,7.89,Valkyrie,6,9,2438,20
27-2-2019,2.38,Fuse,3,14,3058,6
17-4-2020,6.74,Rampart,18,2,1595,8
27-8-2019,6.17,Bangalore,0,0,0,13
12-11-2022,3.68,Revenant,2,0,152,13
18-12-2020,19.67,Bloodhound,8,14,2782,17
11-11-2022,11.87,Gibraltar,1,2,244,13
6-2-2021,26.33,Octane,5,3,735,17
17-11-2021,23.2,Bangalore,17,3,2752,14
21-8-2021,26.25,Bloodhound,14,8,1915,1
28-10-2019,18.34,Mad Maggie,5,7,1249,20
3-9-2020,17.06,Fuse,2,8,1896,5
27-12-2019,7.14,Octane,3,0,344,7
20-9-2019,2.37,Valkyrie,2,0,199,5
6-6-2022,10.67,Fuse,2,2,645,17
4-9-2022,20.43,Horizon,18,11,6195,7
19-1-2020,27.76,Ash,3,15,3276,3
31-8-2020,20.76,Bangalore,9,14,4699,11
8-4-2020,29.96,Revenant,13,2,2689,15
24-4-2022,7.55,Horizon,1,1,322,2
5-6-2020,10.88,Valkyrie,9,1,2261,16
28-7-2020,12.52,Ash,1,3,590,20
25-5-2019,25.68,Valkyrie,3,18,2213,16
2-4-2019,23.59,Crypto,2,2,288,7
17-9-2022,21.25,Octane,10,15,5111,11
26-12-2019,3.33,Mad Maggie,10,2,1603,6
23-7-2019,3.4,Pathfinder,2,1,203,1
6-11-2019,20.98,Revenant,18,2,3753,10
16-1-2020,10.13,Octane,3,3,1008,12
21-1-2020,1.11,Horizon,9,12,3300,18
5-2-2022,23.14,Crypto,8,17,2946,9
12-6-2021,26.87,Bangalore,8,5,1228,20
12-8-2021,6.33,Ash,1,12,1461,8
10-2-2019,16.21,Mirage,3,2,570,19
22-4-2020,24.93,Crypto,6,2,1740,5
19-1-2021,13.99,Crypto,3,6,1672,5
9-2-2020,3.94,Fuse,1,1,421,1
21-10-2021,29.76,Gibraltar,2,11,804,18
19-9-2022,2.43,Crypto,5,1,1187,12
22-12-2020,21.79,Octane,11,2,2025,18
22-12-2021,14.8,Bloodhound,2,1,180,3
20-9-2019,7.07,Fuse,4,4,1224,7
4-7-2022,8.57,Wraith,0,7,882,1
24-3-2019,4.14,Gibraltar,3,12,2075,6
21-7-2021,18.57,Fuse,2,7,1668,10
10-5-2022,8.61,Revenant,8,15,3066,5
24-8-2020,9.62,Rampart,2,9,701,4
14-1-2022,4.27,Ash,13,1,2631,20
14-8-2022,22.09,Ash,2,3,404,17
19-4-2020,6.61,Mad Maggie,0,7,544,9
18-2-2019,3.64,Wraith,0,0,0,11
13-5-2019,16.16,Ash,5,2,1440,11
27-9-2019,7.03,Mirage,8,7,3183,3
14-10-2021,6.48,Valkyrie,3,0,442,17
4-6-2021,11.59,Valkyrie,5,4,1881,12
15-10-2020,2.13,Lifeline,0,5,852,16
17-10-2021,13.09,Bangalore,2,2,706,4
16-4-2019,26.95,Octane,15,3,2320,9
27-4-2019,1.92,Rampart,4,6,826,8
7-12-2020,13.25,Mirage,3,4,570,3
16-8-2020,27.84,Mirage,6,10,1379,8
2-3-2020,19.69,Mad Maggie,1,11,2266,13
9-7-2020,29.45,Bangalore,2,3,715,18
28-3-2020,26.28,Mad Maggie,11,10,2434,7
7-11-2022,10.5,Revenant,4,14,1073,16
12-8-2021,3.88,Rampart,6,1,1037,17
5-2-2022,12.19,Octane,2,18,1863,18
23-12-2019,26.2,Wraith,8,13,1395,1
19-7-2022,21.74,Lifeline,5,3,1258,3
18-10-2019,29.29,Fuse,15,4,2846,19
19-1-2022,14.28,Gibraltar,2,3,285,13
3-1-2020,9.09,Mad Maggie,7,5,691,15
26-11-2019,9.84,Crypto,3,4,1195,13
13-7-2020,12.18,Valkyrie,5,7,817,6
22-11-2020,27.71,Pathfinder,11,6,2129,3
23-3-2021,26.81,Fuse,7,6,2113,19
19-9-2021,1.34,Gibraltar,13,2,3066,12
6-2-2020,1.91,Mirage,4,4,1309,17
24-9-2021,22.7,Horizon,9,6,3232,6
16-5-2019,2.44,Mirage,5,3,1156,18
20-1-2022,19.6,Valkyrie,10,1,1778,13
14-11-2022,10.84,Lifeline,1,3,774,13
7-5-2020,13.81,Mirage,1,2,514,6
9-8-2021,11.18,Horizon,8,20,4787,12
13-11-2022,20.62,Bangalore,5,3,851,4
18-2-2021,4.74,Bloodhound,8,1,1661,13
5-5-2019,12.87,Fuse,9,1,1964,8
2-7-2022,13.54,Bangalore,9,12,3602,14
19-3-2020,23.54,Horizon,2,2,381,1
9-11-2021,14.08,Revenant,9,7,1516,10
20-3-2020,27.47,Mad Maggie,3,7,628,12
24-5-2019,24.45,Bloodhound,3,8,717,2
2-5-2021,5.04,Octane,2,3,512,19
12-11-2022,23.68,Bloodhound,4,13,871,19
9-4-2020,15.84,Mad Maggie,5,1,994,1
8-7-2020,12.69,Bangalore,3,5,1585,18
4-11-2021,0.33,Valkyrie,7,3,1353,2
24-1-2021,0.84,Bloodhound,8,14,2809,2
2-2-2020,29.15,Horizon,4,2,654,9
25-12-2019,25.97,Wraith,4,9,1230,2
29-12-2020,14.54,Bangalore,7,6,1801,4
6-2-2021,22.07,Horizon,13,12,4959,6
18-6-2021,1.75,Rampart,9,4,1289,14
11-9-2022,17.3,Pathfinder,3,6,616,14
17-11-2021,2.5,Wraith,1,3,576,8
26-3-2020,11.29,Horizon,2,1,358,20
8-9-2022,22.48,Crypto,2,2,354,7
6-10-2019,1.41,Octane,5,5,1040,4
30-5-2022,14.24,Fuse,6,3,668,9
17-7-2019,27.89,Valkyrie,3,5,564,3
2-8-2020,23.3,Ash,14,8,3127,17
1-7-2022,28.9,Lifeline,6,3,1242,12
21-12-2022,0.21,Mad Maggie,11,8,1319,10
28-8-2019,12.92,Bloodhound,15,7,2095,17
24-3-2019,9.86,Mad Maggie,12,9,3732,17
20-12-2022,24.47,Gibraltar,6,2,1362,13
2-12-2019,6.69,Rampart,10,4,2880,2
27-4-2019,1.05,Octane,2,0,458,7
3-7-2022,15.06,Gibraltar,5,8,1664,6
3-4-2021,16.88,Wraith,11,9,3240,20
27-6-2021,3.32,Bloodhound,14,0,1134,13
10-10-2019,10.21,Ash,5,5,1745,2
30-9-2019,22.55,Rampart,2,10,1867,5
5-5-2022,6.36,Fuse,2,1,515,18
5-12-2022,12.94,Revenant,10,8,3529,1
19-6-2022,2.88,Mad Maggie,4,9,1308,6
4-6-2019,19.44,Bloodhound,14,4,2975,10
16-1-2021,19.66,Mad Maggie,20,13,3659,20
30-4-2021,14.7,Fuse,2,2,287,2
21-11-2021,19.16,Lifeline,2,8,1577,19
26-9-2021,25.6,Lifeline,2,8,1581,11
23-6-2020,27.25,Rampart,2,11,787,13
30-8-2022,17.08,Revenant,8,8,1169,12
26-10-2022,24.51,Rampart,2,4,969,15
27-9-2020,2.59,Crypto,4,1,309,8
25-12-2022,4.67,Gibraltar,0,10,1515,6
11-3-2022,28.17,Bangalore,13,11,3650,12
17-5-2022,0.99,Bloodhound,2,2,800,17
28-5-2019,0.57,Bangalore,10,3,1495,1
27-6-2019,25.24,Gibraltar,3,7,1373,6
13-8-2019,24.64,Horizon,2,12,2462,20
10-8-2020,23.86,Rampart,2,15,2529,8
12-2-2020,19.87,Lifeline,1,2,169,4
28-8-2020,0.39,Bloodhound,4,13,2646,15
16-10-2019,19.53,Wraith,2,3,592,15
22-7-2022,12.6,Valkyrie,5,11,2064,15
11-9-2021,1.41,Mad Maggie,1,1,366,6
23-3-2019,17.38,Crypto,1,3,432,7
28-8-2020,1.07,Lifeline,3,1,689,18
2-10-2019,25.26,Valkyrie,4,2,1101,8
19-8-2022,4.17,Crypto,15,9,3090,6
12-3-2021,14.07,Bloodhound,9,7,2409,16
5-8-2021,7.91,Lifeline,14,6,3877,8
29-11-2022,9.95,Octane,0,0,0,6
10-8-2020,20.85,Pathfinder,2,4,977,13
3-7-2021,15.72,Valkyrie,6,1,739,4
22-9-2019,2.58,Horizon,1,2,273,12
28-7-2020,22.94,Lifeline,5,5,1562,19
13-10-2020,21.37,Pathfinder,14,5,3682,17
8-2-2021,15.96,Crypto,8,4,2486,10
4-4-2021,7.52,Wraith,3,7,1727,5
16-3-2022,25.51,Horizon,14,3,1012,7
25-8-2021,25.9,Ash,10,5,2321,12
9-6-2021,11.88,Octane,20,1,1405,5
8-8-2019,13.8,Rampart,3,5,578,20
14-6-2019,24.18,Mirage,5,7,1287,9
25-6-2022,27.24,Revenant,4,2,859,12
27-2-2021,26.34,Horizon,4,6,1717,11
26-7-2022,23.97,Fuse,2,5,971,4
1-6-2019,2.51,Mirage,7,2,1348,14
13-4-2020,9.88,Fuse,5,1,1014,17
9-8-2021,15.62,Rampart,3,6,841,14
25-3-2022,6.95,Fuse,0,3,463,13
28-1-2021,9.28,Bloodhound,2,12,2117,14
23-5-2021,5.42,Crypto,8,14,4046,2
5-5-2019,24.09,Ash,7,11,3233,4
29-1-2022,1.05,Revenant,2,1,293,16
12-6-2021,7.36,Rampart,2,13,2721,2
29-11-2019,16.2,Horizon,7,4,1953,12
8-5-2019,21.3,Gibraltar,12,9,1298,16
31-3-2020,22.66,Gibraltar,8,15,1601,10
26-10-2019,12.81,Octane,10,2,2650,2
18-12-2020,13.92,Wraith,14,2,2689,5
7-3-2022,9.91,Gibraltar,1,14,2340,13
24-2-2019,17.42,Fuse,8,2,2221,10
2-5-2021,17.71,Revenant,16,4,1543,14
16-8-2020,14.55,Lifeline,3,4,360,16
8-11-2022,23.6,Revenant,14,2,1898,4
16-1-2021,5.01,Horizon,11,0,2112,8
11-11-2020,28.16,Gibraltar,4,8,1243,20
3-7-2020,7.61,Rampart,1,4,530,1
10-8-2022,25.28,Mad Maggie,14,4,1783,10
10-3-2021,4.97,Pathfinder,0,2,111,20
26-7-2021,18.0,Gibraltar,3,1,729,1
26-12-2019,3.37,Mirage,8,3,2306,7
7-11-2020,15.46,Valkyrie,13,3,3675,8
22-8-2019,7.49,Gibraltar,16,2,3821,20
28-8-2022,25.82,Revenant,2,4,734,7
30-1-2020,26.27,Bangalore,5,3,1517,5
18-7-2019,26.24,Valkyrie,8,4,2047,2
31-8-2022,3.26,Crypto,0,0,0,10
3-3-2021,13.47,Ash,3,17,3806,17
21-6-2021,12.2,Rampart,6,5,1105,14
21-3-2021,29.15,Mirage,2,2,642,6
16-3-2022,20.18,Valkyrie,9,8,1332,8
9-3-2020,2.21,Horizon,4,4,755,17
26-3-2019,25.01,Rampart,7,9,2478,16
15-3-2022,4.21,Horizon,3,10,898,18
31-8-2020,1.43,Pathfinder,3,8,1341,11
12-12-2021,25.29,Crypto,4,5,861,1
30-10-2019,26.68,Gibraltar,2,6,1374,12
10-8-2019,9.67,Revenant,3,14,3162,12
2-10-2021,2.01,Revenant,1,2,269,3
11-5-2022,23.93,Rampart,17,4,1998,12
24-8-2019,30.0,Gibraltar,3,6,1139,1
6-8-2019,27.24,Valkyrie,15,6,4623,14
15-12-2022,28.36,Lifeline,7,4,1577,16
2-9-2020,1.14,Fuse,11,3,2524,2
18-6-2020,12.93,Revenant,8,3,1606,1
26-1-2021,8.14,Ash,8,2,866,5
24-1-2021,15.69,Bloodhound,8,15,4753,12
4-5-2019,22.9,Revenant,11,2,2612,20
15-7-2022,2.83,Lifeline,0,4,652,2
24-11-2021,26.15,Rampart,11,4,3261,8
30-11-2022,28.29,Horizon,3,2,461,15
1-2-2020,16.89,Bangalore,2,8,632,1
10-5-2020,27.15,Bloodhound,3,2,503,20
24-5-2022,17.98,Gibraltar,2,2,579,9
23-3-2020,19.39,Octane,9,4,2659,9
26-2-2020,7.73,Fuse,7,1,1740,2
27-2-2019,0.36,Mad Maggie,0,15,1740,18
31-7-2019,14.53,Ash,14,11,2073,5
11-2-2020,8.42,Horizon,6,2,928,14
24-1-2021,10.6,Pathfinder,16,1,2883,2
14-5-2022,20.4,Horizon,2,2,723,3
30-5-2020,21.87,Crypto,6,3,1922,12
26-3-2019,2.34,Ash,5,1,423,10
4-2-2020,20.19,Wraith,13,11,4185,6
27-4-2019,21.95,Mad Maggie,12,12,3891,15
30-3-2021,15.81,Bloodhound,3,3,808,1
23-9-2019,5.48,Revenant,5,0,1099,5
10-9-2021,27.78,Octane,14,10,4146,14
4-6-2019,20.51,Bloodhound,10,8,1444,10
17-6-2022,22.63,Fuse,11,7,2801,12
10-12-2021,18.76,Revenant,1,1,365,2
6-11-2022,9.01,Ash,10,1,746,13
12-7-2022,16.18,Wraith,3,6,888,4
6-2-2022,5.23,Revenant,0,2,310,9
25-8-2021,2.95,Horizon,9,4,1629,11
18-2-2020,3.6,Rampart,2,0,263,7
19-7-2021,29.43,Bloodhound,6,2,1073,19
30-5-2022,26.0,Horizon,2,3,859,20
31-1-2020,24.83,Mirage,10,2,2560,4
14-3-2019,15.96,Pathfinder,8,10,1602,10
16-10-2020,4.18,Crypto,1,5,705,18
24-4-2021,24.58,Wraith,3,2,1042,19
10-7-2022,14.87,Wraith,6,1,878,7
30-1-2022,16.01,Crypto,3,1,281,7
5-9-2020,23.17,Crypto,14,4,1278,3
13-11-2020,4.53,Wraith,2,0,391,2
29-10-2022,29.03,Rampart,6,2,1460,15
10-6-2020,12.41,Bloodhound,3,15,1065,17
3-4-2020,3.13,Horizon,6,10,952,6
13-8-2022,2.2,Rampart,12,1,2905,20
16-11-2020,23.75,Revenant,6,9,2231,1
13-12-2021,10.49,Octane,2,10,1504,9
27-10-2019,29.51,Pathfinder,3,10,936,14
24-5-2020,6.99,Octane,6,7,879,5
25-7-2019,23.42,Horizon,5,2,640,18
15-2-2022,15.24,Bangalore,1,8,1165,9
11-8-2022,25.94,Mirage,2,19,2592,19
28-11-2022,28.2,Fuse,2,18,2991,11
30-5-2021,20.42,Wraith,9,4,1676,14
18-3-2020,26.92,Gibraltar,6,7,1302,19
6-9-2020,8.97,Pathfinder,4,1,757,9
11-10-2020,23.0,Bangalore,5,20,2696,18
28-6-2021,21.4,Ash,4,11,1282,6
17-9-2019,12.93,Rampart,1,5,980,5
4-6-2021,7.2,Horizon,7,14,3209,16
19-5-2020,24.59,Mirage,7,6,1154,16
12-3-2021,15.44,Mirage,9,3,1385,9
8-6-2020,23.96,Horizon,9,6,1627,19
22-7-2022,1.12,Rampart,0,1,143,5
13-10-2019,5.93,Revenant,3,2,891,20
23-1-2020,17.66,Crypto,2,2,395,18
30-5-2022,12.1,Pathfinder,6,1,646,20
28-2-2022,23.92,Gibraltar,12,2,1562,9
20-3-2020,21.32,Horizon,6,2,1132,20
22-9-2020,12.26,Rampart,8,13,2787,20
12-10-2019,16.55,Bloodhound,1,1,146,5
17-10-2021,23.71,Octane,2,2,585,7
17-3-2020,8.94,Mad Maggie,1,7,746,8
13-6-2019,18.05,Mirage,1,3,481,20
26-11-2019,25.61,Ash,6,4,622,10
11-4-2022,21.33,Bloodhound,15,2,1994,9
27-9-2020,10.02,Rampart,4,2,492,20
30-8-2019,12.15,Mirage,6,9,2325,10
18-3-2019,8.55,Bloodhound,10,9,2442,18
27-6-2020,2.63,Revenant,3,5,1318,8
3-7-2021,7.81,Valkyrie,6,3,1955,2
24-2-2021,15.1,Pathfinder,2,2,293,6
14-2-2022,9.75,Octane,0,7,634,12
25-12-2020,24.37,Valkyrie,2,10,909,6
18-8-2021,23.12,Lifeline,5,12,1429,8
19-2-2021,22.75,Crypto,13,15,2818,11
30-3-2022,15.97,Mirage,3,3,751,6
4-8-2022,19.31,Bangalore,2,13,2709,6
12-2-2019,7.18,Crypto,0,1,129,10
1-8-2019,19.23,Wraith,2,8,1878,7
7-4-2020,19.05,Fuse,5,8,2117,18
29-10-2020,25.01,Rampart,7,8,2165,7
13-5-2020,20.22,Pathfinder,18,6,2092,12
27-11-2021,9.51,Bloodhound,1,4,982,15
22-8-2019,13.6,Valkyrie,11,1,1506,19
14-3-2021,7.35,Bangalore,5,0,648,16
21-2-2020,7.8,Mad Maggie,1,11,600,10
6-12-2021,21.2,Gibraltar,8,8,1908,14
9-5-2021,19.23,Horizon,3,15,2247,9
4-6-2020,29.13,Gibraltar,4,2,1163,5
7-7-2019,15.7,Crypto,1,4,568,7
20-10-2022,13.26,Octane,17,11,2791,1
22-3-2019,2.36,Ash,0,5,533,6
9-6-2021,7.59,Lifeline,1,4,555,7
28-11-2019,19.44,Valkyrie,10,12,4627,14
27-11-2022,9.11,Lifeline,2,2,665,11
2-10-2021,1.37,Wraith,1,5,542,6
11-9-2022,19.41,Valkyrie,7,9,2040,15
28-5-2022,11.24,Mad Maggie,7,2,1296,4
25-2-2021,27.35,Mirage,11,6,2416,13
16-10-2022,9.53,Valkyrie,0,11,1878,10
17-10-2019,10.73,Valkyrie,6,2,1415,20
5-12-2019,19.63,Pathfinder,1,3,365,19
19-4-2020,12.62,Revenant,1,10,1382,14
17-4-2020,22.32,Gibraltar,2,3,458,2
24-1-2022,17.38,Rampart,16,1,3583,10
12-2-2021,14.1,Rampart,3,2,878,4
30-9-2021,4.82,Pathfinder,8,14,2838,1
3-3-2020,23.19,Valkyrie,3,11,2335,20
17-9-2020,13.89,Bloodhound,2,2,348,9
11-3-2020,12.1,Rampart,2,10,737,13
7-2-2022,20.18,Rampart,4,3,1173,11
23-11-2020,1.01,Bangalore,8,5,2909,3
12-2-2022,0.83,Bloodhound,1,4,921,8
9-8-2019,21.03,Ash,5,2,1567,11
22-1-2022,15.06,Bangalore,12,9,2361,14
18-8-2019,25.77,Crypto,3,17,1654,19
22-3-2022,1.02,Mirage,3,6,1575,11
4-6-2020,14.35,Ash,3,1,732,17
7-1-2020,15.69,Crypto,5,5,622,19
25-1-2021,23.06,Mirage,10,3,1129,20
1-7-2022,25.7,Valkyrie,2,3,856,20
19-10-2020,13.82,Rampart,1,10,1724,1
3-2-2020,21.14,Pathfinder,7,2,2038,18
28-8-2020,18.03,Mad Maggie,2,3,420,19
2-10-2019,11.85,Crypto,8,9,2233,2
30-8-2021,26.09,Crypto,10,2,2183,8
10-1-2021,14.31,Crypto,11,17,4715,16
21-12-2019,14.05,Octane,2,2,460,14
5-9-2021,15.36,Ash,6,12,3508,3
24-10-2020,2.62,Rampart,10,16,2211,15
1-6-2021,19.14,Crypto,4,2,795,13
8-12-2022,27.51,Bloodhound,7,9,3155,11
7-2-2020,15.82,Horizon,2,2,619,15
3-11-2019,22.08,Crypto,6,6,1666,2
10-5-2021,13.54,Gibraltar,4,4,1540,14
19-12-2019,7.64,Ash,2,5,604,14
20-7-2022,29.59,Lifeline,2,5,1094,17
12-12-2020,20.8,Horizon,6,10,1544,7
11-3-2019,4.88,Horizon,1,18,2041,2
8-10-2020,17.77,Rampart,18,13,3756,17
6-4-2019,24.47,Revenant,3,3,1003,2
22-7-2022,6.19,Revenant,4,9,1296,17
28-1-2022,26.15,Pathfinder,7,6,1954,7
27-4-2019,10.98,Ash,13,7,2294,8
14-9-2022,23.52,Rampart,5,2,426,14
30-9-2021,17.8,Horizon,3,8,1231,6
21-10-2019,26.55,Mirage,5,4,1367,13
23-6-2020,4.35,Lifeline,2,0,403,2
1-10-2019,26.54,Wraith,4,3,807,3
17-10-2022,25.96,Bangalore,9,2,905,20
21-6-2022,22.35,Horizon,6,4,2060,11
16-3-2019,26.53,Gibraltar,17,6,2921,6
18-2-2020,20.77,Bloodhound,2,11,1572,9
25-5-2021,6.97,Horizon,2,0,291,2
19-10-2021,18.35,Mirage,9,6,2925,3
17-5-2020,16.17,Crypto,1,5,854,20
11-11-2019,26.59,Bloodhound,13,5,1999,4
30-5-2022,1.79,Mad Maggie,0,3,295,3
23-10-2022,14.44,Wraith,6,9,1106,19
7-9-2020,18.69,Fuse,2,4,806,20
3-2-2021,23.97,Valkyrie,14,12,4094,6
13-2-2019,22.89,Octane,3,6,1546,1
2-11-2020,20.96,Revenant,5,3,1455,4
22-3-2022,27.62,Ash,3,6,792,11
10-10-2021,26.94,Mad Maggie,3,9,1452,2
4-12-2020,15.41,Gibraltar,12,9,3929,9
25-2-2019,16.01,Rampart,11,1,1702,17
26-2-2021,29.6,Bloodhound,2,11,1209,13
24-11-2020,7.86,Revenant,2,2,798,6
4-12-2021,2.47,Crypto,6,0,866,6
18-7-2020,2.38,Wraith,0,0,0,16
16-10-2019,28.09,Mirage,2,4,689,6
22-8-2021,0.88,Lifeline,7,2,1204,16
18-9-2021,9.95,Crypto,6,11,3440,6
2-2-2020,23.68,Mad Maggie,3,2,480,11
14-1-2022,13.8,Mad Maggie,10,8,1083,12
18-11-2021,18.65,Mirage,6,10,2710,11
27-2-2021,8.67,Fuse,10,12,4517,18
14-3-2022,27.76,Octane,3,7,1494,10
2-5-2020,3.73,Gibraltar,0,4,671,4
25-2-2021,2.98,Valkyrie,3,1,268,10
20-8-2019,26.41,Revenant,4,17,2740,17
1-11-2020,8.25,Lifeline,2,2,728,3
17-2-2020,11.83,Bangalore,5,1,1206,11
8-4-2021,11.03,Rampart,1,2,206,9
25-9-2021,24.62,Horizon,2,16,2053,2
18-8-2022,25.4,Revenant,6,4,2043,14
20-2-2022,25.33,Crypto,2,4,459,6
28-6-2020,13.9,Revenant,18,8,2031,5
27-12-2019,13.31,Ash,1,7,1518,19
24-7-2020,16.13,Gibraltar,7,1,1566,19
10-8-2021,20.88,Crypto,3,3,923,7
2-8-2019,19.39,Valkyrie,4,1,537,20
28-4-2019,1.95,Bloodhound,1,0,176,12
13-3-2021,14.87,Revenant,8,19,5325,5
21-10-2019,1.09,Pathfinder,4,1,846,12
6-12-2022,25.34,Horizon,15,7,2290,5
21-5-2020,11.69,Bangalore,3,4,855,5
24-1-2021,8.07,Gibraltar,2,7,1410,14
15-11-2019,16.16,Rampart,15,2,3891,10
15-8-2022,3.11,Bloodhound,11,0,1260,5
10-9-2019,20.66,Octane,4,2,1024,13
21-12-2019,13.74,Mad Maggie,3,10,2138,16
23-4-2019,12.56,Wraith,2,7,1055,9
29-1-2020,26.6,Wraith,2,7,958,19
7-9-2020,29.37,Crypto,14,16,5091,12
26-8-2019,19.45,Pathfinder,1,14,1959,15
20-2-2022,8.39,Bangalore,5,19,2884,12
30-12-2022,3.24,Fuse,6,9,2157,14
31-12-2019,28.01,Pathfinder,5,12,2264,12
13-12-2022,2.76,Lifeline,5,2,1399,12
21-8-2020,3.12,Rampart,1,1,122,3
22-9-2022,21.23,Valkyrie,2,2,430,14
7-7-2019,3.82,Horizon,2,0,311,15
29-11-2020,18.61,Pathfinder,2,4,782,2
22-8-2021,1.57,Horizon,4,3,1064,1
20-1-2021,26.16,Rampart,13,7,1264,11
4-7-2021,4.29,Pathfinder,4,10,2395,4
30-11-2020,5.6,Mirage,5,2,1029,7
5-10-2020,12.17,Gibraltar,4,13,1504,16
17-12-2020,3.19,Mad Maggie,13,1,2679,19
26-2-2019,22.54,Horizon,9,4,1844,4
13-7-2021,22.04,Bloodhound,9,12,3065,19
26-9-2021,22.29,Octane,4,2,1154,10
25-5-2022,16.68,Crypto,7,12,2370,1
2-10-2021,16.76,Rampart,1,9,1686,5
20-12-2022,9.41,Bangalore,1,13,2208,5
17-6-2020,21.77,Rampart,3,3,1125,7
23-5-2019,6.18,Mad Maggie,9,4,1533,19
20-9-2021,5.21,Mirage,2,0,134,19
12-8-2021,15.5,Wraith,2,2,821,5
19-8-2019,26.87,Lifeline,4,14,1412,4
14-1-2020,12.46,Gibraltar,8,1,1789,8
6-10-2020,7.47,Mirage,7,8,2393,13
27-11-2019,3.15,Gibraltar,4,14,1329,6
22-6-2019,28.04,Valkyrie,6,3,1259,6
24-8-2022,14.82,Bloodhound,1,9,1869,14
17-11-2021,21.98,Octane,14,3,1466,19
5-11-2021,3.11,Bloodhound,10,12,1286,13
18-5-2020,26.47,Lifeline,10,3,1353,1
17-8-2020,17.34,Bloodhound,6,13,1063,8
16-11-2021,2.74,Gibraltar,4,0,275,14
25-4-2020,1.88,Wraith,2,3,281,19
7-1-2020,24.0,Valkyrie,7,3,949,14
10-6-2020,23.92,Valkyrie,11,4,1878,12
23-9-2020,16.22,Mirage,1,5,1141,14
29-7-2019,9.28,Octane,3,2,869,15
24-4-2021,2.19,Horizon,5,0,398,16
18-1-2020,16.27,Octane,1,10,2115,2
14-12-2021,15.39,Horizon,1,8,1668,11
28-9-2021,6.97,Rampart,1,6,1011,9
13-9-2020,4.08,Pathfinder,0,15,2576,11
20-10-2021,16.35,Revenant,1,2,566,3
30-7-2020,7.58,Lifeline,1,13,1168,10
1-1-2020,21.19,Bangalore,16,14,4668,14
10-5-2020,28.36,Crypto,4,3,1464,8
15-4-2022,24.44,Bloodhound,2,3,982,13
22-6-2020,2.63,Mirage,3,10,1424,2
12-12-2022,3.47,Wraith,2,3,1014,1
6-10-2022,7.67,Fuse,17,11,3827,10
17-6-2021,29.13,Rampart,3,3,869,18
1-11-2022,12.76,Gibraltar,2,19,3932,6
11-12-2020,14.02,Bangalore,7,1,1525,20
18-9-2019,28.53,Gibraltar,2,2,470,20
12-7-2022,18.54,Bloodhound,9,2,1314,18
1-9-2019,26.34,Wraith,13,5,3398,3
5-2-2022,1.01,Ash,2,3,1035,7
29-11-2019,29.22,Octane,5,4,1918,13
4-7-2020,22.92,Mirage,2,6,731,7
28-3-2019,25.33,Revenant,3,13,2456,6
11-5-2022,15.7,Valkyrie,19,1,4556,6
8-11-2020,11.88,Revenant,2,1,275,2
9-3-2020,8.19,Octane,2,7,1637,7
15-11-2021,0.36,Fuse,0,6,304,2
31-3-2022,28.03,Horizon,13,2,2664,2
1-3-2022,13.71,Rampart,7,6,985,17
29-11-2019,2.54,Wraith,8,4,978,13
13-8-2020,7.36,Revenant,3,17,1846,18
27-1-2020,7.33,Valkyrie,1,4,369,20
24-5-2019,12.95,Wraith,3,5,636,11
10-5-2020,14.84,Bloodhound,2,1,427,17
4-4-2020,13.96,Mirage,2,2,711,19
22-2-2020,22.5,Rampart,2,2,255,16
24-4-2019,26.97,Lifeline,5,6,645,17
7-11-2022,17.7,Rampart,7,2,1866,9
29-11-2022,7.03,Rampart,1,9,696,18
23-12-2019,8.65,Crypto,0,10,1297,15
8-7-2021,4.1,Mad Maggie,7,1,664,7
14-2-2022,29.3,Crypto,7,9,3036,4
5-11-2021,0.72,Bangalore,8,3,1510,20
6-10-2022,22.36,Rampart,10,4,2087,11
9-3-2020,7.02,Rampart,15,8,2109,17
25-12-2022,26.63,Octane,2,3,527,17
23-6-2020,2.71,Wraith,0,7,1266,3
25-9-2019,16.78,Gibraltar,1,9,922,8
3-5-2021,6.06,Gibraltar,0,2,341,19
29-8-2020,19.22,Mirage,3,3,1153,16
26-5-2019,4.43,Octane,7,0,393,14
6-10-2020,25.49,Crypto,2,10,742,15
18-11-2022,19.12,Wraith,10,9,3360,4
2-11-2020,19.78,Pathfinder,14,1,2451,13
10-12-2020,7.99,Ash,9,0,1590,15
26-5-2019,8.49,Bloodhound,15,1,1903,17
21-2-2020,25.69,Fuse,3,8,876,9
12-3-2021,12.86,Gibraltar,4,10,1556,17
7-6-2020,11.78,Horizon,8,1,643,19
27-12-2020,7.95,Revenant,0,2,126,2
8-7-2020,10.13,Mirage,4,4,1591,11
12-8-2019,8.95,Bloodhound,1,4,908,6
7-5-2021,29.67,Pathfinder,3,10,1540,18
9-11-2019,29.07,Lifeline,2,7,953,20
30-5-2019,27.91,Octane,8,4,2641,16
28-4-2019,9.24,Pathfinder,8,1,1583,5
18-7-2020,19.97,Octane,3,7,1731,20
24-4-2020,3.69,Fuse,12,1,1517,20
7-7-2022,24.55,Wraith,10,5,1585,8
1-12-2021,16.83,Gibraltar,4,3,846,20
13-12-2020,23.22,Revenant,9,3,907,1
7-5-2021,2.44,Mirage,1,2,385,10
21-7-2020,11.8,Mad Maggie,6,1,1137,11
10-6-2019,16.88,Gibraltar,12,19,4816,10
5-9-2021,5.69,Wraith,2,14,3181,18
1-7-2022,8.08,Bangalore,11,0,2384,6
31-8-2020,20.59,Revenant,3,3,1185,12
4-2-2020,10.28,Bloodhound,3,1,684,4
23-3-2020,28.83,Octane,10,12,3948,16
23-7-2021,2.48,Mad Maggie,0,0,0,5
29-4-2019,9.93,Bloodhound,2,2,752,12
30-7-2021,0.09,Bloodhound,10,0,1493,16
7-3-2019,26.34,Bangalore,10,5,2575,7
27-8-2021,8.9,Crypto,5,2,1096,10
6-5-2022,0.0,Bloodhound,1,1,320,7
23-5-2019,5.29,Gibraltar,0,3,464,9
2-7-2020,9.21,Bangalore,5,1,440,6
28-7-2020,28.09,Bloodhound,9,2,1080,15
23-8-2019,11.51,Bloodhound,3,16,1851,13
2-2-2020,28.1,Crypto,7,2,1536,3
28-8-2021,10.96,Bangalore,3,1,291,19
9-8-2019,16.13,Gibraltar,4,3,1479,18
8-8-2020,3.68,Mad Maggie,2,4,353,1
27-9-2020,27.96,Valkyrie,2,2,367,12
21-3-2020,29.93,Bangalore,3,3,473,10
6-4-2022,14.27,Valkyrie,4,12,1154,4
20-8-2021,25.45,Octane,15,3,4088,12
14-2-2021,16.52,Revenant,8,5,1073,17
17-5-2020,28.55,Mirage,2,14,2860,2
23-9-2022,2.23,Lifeline,7,0,1480,7
7-3-2022,14.2,Bloodhound,2,1,194,16
20-3-2022,15.86,Octane,8,1,820,16
31-7-2019,19.13,Revenant,1,7,807,11
10-7-2019,27.91,Ash,3,5,960,6
24-2-2022,28.24,Ash,14,8,2251,9
14-10-2019,15.27,Pathfinder,5,7,786,9
27-12-2020,23.24,Fuse,2,2,504,6
7-12-2020,12.85,Gibraltar,2,12,2557,3
8-10-2022,16.65,Mirage,5,1,948,9
13-3-2020,11.19,Mirage,2,6,1310,12
2-11-2020,13.61,Lifeline,1,4,417,9
25-1-2022,25.26,Valkyrie,6,9,2893,10
31-12-2020,18.94,Wraith,10,12,4764,7
4-12-2022,29.97,Horizon,3,7,531,8
5-1-2020,1.74,Valkyrie,7,0,686,19
5-9-2019,28.76,Horizon,3,7,814,14
7-9-2021,21.09,Rampart,2,4,372,16
31-10-2020,27.53,Bangalore,7,13,1459,8
22-4-2021,11.98,Valkyrie,2,11,2105,15
26-7-2022,18.65,Gibraltar,16,1,1356,10
20-3-2021,27.42,Pathfinder,5,11,2776,14
19-11-2020,5.06,Wraith,14,0,1814,7
17-12-2022,1.23,Horizon,7,11,3149,20
8-12-2022,1.2,Rampart,5,0,771,19
18-4-2019,6.06,Crypto,7,3,2094,17
5-8-2022,21.37,Crypto,9,6,2812,19
9-10-2020,9.55,Valkyrie,4,0,299,7
13-5-2020,18.61,Bloodhound,1,9,547,15
30-5-2021,9.12,Mirage,17,7,1816,6
27-7-2020,4.46,Lifeline,0,7,957,15
18-3-2019,8.21,Bangalore,4,4,1661,2
4-8-2019,9.57,Bloodhound,0,5,713,15
21-3-2022,22.67,Rampart,8,3,1972,1
7-4-2021,24.9,Gibraltar,11,12,2314,19
2-1-2022,4.2,Mirage,0,0,0,11
9-11-2022,23.21,Lifeline,10,2,1545,19
4-8-2019,13.67,Bangalore,6,1,1506,14
3-7-2020,29.29,Revenant,2,2,412,7
3-7-2022,12.89,Bloodhound,2,7,1612,10
29-9-2022,29.46,Crypto,3,7,859,5
3-10-2022,19.85,Mirage,3,16,1413,3
5-6-2020,26.84,Mirage,3,10,2376,7
29-3-2022,19.98,Wraith,15,2,3051,8
17-9-2020,1.91,Revenant,9,0,590,2
13-10-2022,21.37,Fuse,3,12,1830,4
19-9-2022,4.85,Wraith,5,7,1883,7
9-12-2021,18.47,Revenant,11,1,2370,1
12-4-2022,28.63,Octane,2,4,506,10
1-8-2021,18.32,Horizon,2,3,407,4
2-8-2021,27.3,Fuse,8,2,1646,2
9-8-2020,20.68,Rampart,3,2,982,3
20-8-2020,20.19,Mad Maggie,4,2,1212,6
4-3-2020,23.97,Crypto,11,2,1984,7
30-5-2021,23.78,Bangalore,8,10,3390,15
6-12-2022,22.08,Revenant,5,2,589,2
8-11-2019,22.88,Pathfinder,8,9,1232,4
20-7-2020,5.19,Fuse,1,7,1209,20
10-1-2020,17.69,Wraith,12,1,2988,17
6-12-2019,4.5,Fuse,14,3,1054,17
3-3-2020,18.69,Bangalore,1,3,420,9
30-10-2021,6.73,Gibraltar,0,13,708,12
30-3-2020,1.9,Valkyrie,3,2,359,3
11-3-2022,27.54,Mirage,7,7,1364,16
13-2-2020,6.39,Ash,6,0,513,9
8-2-2022,0.87,Bloodhound,9,4,1895,17
24-3-2020,20.5,Bloodhound,6,2,1465,10
27-6-2021,18.32,Horizon,4,7,763,2
31-8-2020,6.41,Octane,0,5,575,6
3-4-2020,10.08,Revenant,9,1,1610,1
7-9-2020,14.26,Lifeline,1,8,1661,1
30-7-2019,25.73,Mirage,7,13,3134,9
9-1-2020,11.0,Pathfinder,9,2,2232,13
9-3-2019,22.22,Mad Maggie,10,7,3197,5
7-6-2021,15.69,Pathfinder,2,1,613,6
23-3-2022,18.76,Bangalore,6,12,1182,4
2-4-2021,8.67,Octane,0,6,365,5
18-6-2021,14.49,Revenant,2,10,1746,2
4-6-2022,26.32,Octane,10,3,2866,12
10-2-2022,18.69,Bloodhound,5,9,2892,19
2-5-2022,6.93,Mad Maggie,11,1,2792,14
25-5-2022,25.38,Revenant,8,9,1345,16
19-12-2019,25.77,Valkyrie,18,3,1961,3
30-4-2021,5.07,Mad Maggie,12,9,3388,8
18-11-2022,19.82,Crypto,4,10,2536,12
18-9-2022,9.03,Lifeline,1,3,788,5
21-7-2021,7.29,Fuse,4,0,555,18
19-7-2019,21.36,Valkyrie,3,14,2876,12
5-6-2022,4.73,Ash,1,4,328,10
22-10-2019,1.39,Wraith,1,0,114,16
30-7-2022,18.79,Bangalore,2,17,1781,15
29-11-2022,6.29,Bangalore,3,1,615,7
12-5-2022,1.28,Crypto,2,3,910,19
1-4-2020,6.22,Lifeline,3,3,661,18
9-4-2022,25.87,Mad Maggie,20,2,3400,4
30-11-2020,13.42,Gibraltar,1,1,373,20
7-6-2019,8.27,Gibraltar,9,14,4406,14
24-6-2019,21.14,Ash,20,3,3045,2
15-8-2022,0.5,Revenant,0,4,576,16
9-4-2021,25.95,Horizon,6,10,1517,6
3-1-2020,27.46,Pathfinder,10,3,1521,10
3-2-2020,2.61,Gibraltar,10,0,2340,14
26-2-2019,14.58,Mirage,3,3,1137,2
4-12-2021,10.39,Gibraltar,11,4,940,4
3-4-2022,14.03,Crypto,3,2,340,11
24-9-2019,3.45,Pathfinder,8,1,683,12
28-3-2020,24.63,Bangalore,8,3,1582,18
16-7-2021,9.26,Wraith,0,5,647,5
12-1-2021,23.04,Mirage,14,5,3504,16
25-2-2019,25.69,Mirage,3,2,355,3
4-7-2019,6.01,Ash,2,3,880,15
13-11-2021,18.06,Lifeline,7,15,2738,12
22-1-2022,3.58,Valkyrie,0,6,691,10
8-3-2019,12.28,Mad Maggie,3,2,664,3
7-4-2019,9.63,Gibraltar,0,13,722,4
7-3-2020,24.52,Gibraltar,15,12,2817,19
15-3-2021,14.73,Gibraltar,3,6,1114,10
30-9-2022,25.52,Horizon,2,3,949,16
10-9-2020,8.57,Pathfinder,6,7,1569,3
23-4-2021,8.63,Valkyrie,0,1,62,20
24-5-2021,23.79,Bangalore,5,2,571,20
23-1-2022,21.67,Mirage,8,4,1519,4
8-9-2020,2.99,Octane,7,12,3043,11
5-12-2022,25.6,Revenant,7,5,1062,11
13-2-2020,18.25,Gibraltar,5,18,1618,19
24-2-2020,4.25,Fuse,2,9,823,14
25-6-2022,21.21,Horizon,18,14,5479,11
22-4-2021,11.56,Horizon,1,3,720,1
24-12-2021,8.93,Wraith,5,10,2555,9
26-10-2019,19.66,Bangalore,11,4,1015,7
21-5-2022,1.47,Wraith,0,2,383,18
14-3-2022,10.97,Mirage,2,10,1496,19
16-10-2020,17.99,Mad Maggie,6,14,2810,4
25-5-2022,23.28,Rampart,6,12,1386,5
2-10-2020,15.7,Bloodhound,4,14,1858,4
30-3-2020,5.55,Mad Maggie,10,4,2971,10
1-5-2022,1.61,Mirage,2,2,858,17
8-1-2020,20.64,Fuse,14,2,3675,19
2-7-2021,23.57,Mirage,2,3,454,20
6-5-2022,16.76,Gibraltar,3,2,1020,18
24-5-2020,4.57,Lifeline,0,0,0,20
24-9-2020,9.29,Pathfinder,12,13,2350,12
28-3-2019,28.99,Mirage,4,7,1043,17
5-1-2022,16.6,Fuse,10,14,5075,3
2-3-2021,23.89,Wraith,2,8,1071,12
1-7-2022,7.16,Revenant,5,10,999,7
29-6-2022,17.88,Lifeline,1,1,253,10
19-8-2020,24.69,Wraith,6,13,1835,10
23-3-2021,29.66,Bangalore,4,11,1704,18
8-3-2020,1.37,Ash,1,0,200,1
10-4-2019,27.57,Crypto,3,5,539,9
24-5-2020,15.09,Octane,5,1,476,7
1-7-2021,17.74,Wraith,3,4,951,7
16-4-2021,28.73,Horizon,2,6,1409,6
25-6-2021,8.06,Pathfinder,6,11,1095,17
7-9-2022,17.15,Bangalore,2,15,3055,11
3-7-2021,25.52,Bangalore,13,2,2097,8
10-7-2021,1.25,Fuse,8,2,1434,19
27-9-2020,0.6,Revenant,1,2,487,6
8-9-2022,22.78,Bloodhound,16,3,4117,16
2-11-2019,1.65,Wraith,8,5,1509,14
22-4-2022,10.38,Revenant,6,17,3087,16
29-12-2020,2.4,Fuse,4,19,4179,7
15-1-2020,20.17,Mirage,6,2,1443,16
23-1-2020,6.01,Bangalore,5,8,2532,6
3-4-2019,7.39,Octane,0,8,1157,17
25-9-2019,12.77,Ash,12,5,3643,13
13-11-2020,18.71,Wraith,6,1,1493,7
22-6-2022,9.2,Horizon,0,4,617,19
7-11-2022,21.71,Fuse,7,5,875,20
21-4-2020,15.82,Bangalore,3,2,710,11
15-2-2021,22.06,Wraith,10,3,1441,13
20-2-2020,6.57,Gibraltar,4,5,656,5
9-10-2022,11.33,Horizon,14,3,3786,10
23-2-2019,5.94,Octane,0,0,0,16
20-10-2021,28.08,Octane,4,3,983,20
1-6-2022,15.31,Lifeline,17,9,5630,20
18-10-2022,28.47,Lifeline,2,3,706,15
19-12-2022,4.9,Revenant,2,0,375,6
10-2-2021,19.2,Valkyrie,1,14,1753,15
28-1-2020,26.66,Mad Maggie,4,7,1844,11
4-3-2022,24.72,Gibraltar,7,7,2083,5
22-1-2022,3.78,Lifeline,2,5,739,7
24-7-2022,11.69,Mirage,7,9,1147,12
23-12-2019,27.83,Wraith,11,9,3657,17
25-4-2021,25.85,Mad Maggie,6,7,1377,16
25-3-2022,16.88,Pathfinder,4,10,1371,17
25-12-2022,16.1,Lifeline,12,13,2842,20
20-5-2021,18.73,Ash,1,11,658,4
2-6-2021,19.14,Lifeline,4,4,1276,12
22-6-2020,18.41,Mirage,1,13,2221,17
26-2-2021,5.37,Revenant,7,0,1111,18
29-10-2020,22.3,Revenant,5,4,1125,14
6-10-2019,16.12,Mad Maggie,9,5,1664,7
6-10-2020,28.09,Octane,4,6,1232,16
26-12-2022,18.18,Lifeline,1,1,201,4
9-6-2019,19.34,Valkyrie,5,2,1441,6
7-7-2021,21.75,Mirage,2,4,455,5
8-9-2021,2.97,Octane,2,6,545,16
9-6-2022,10.42,Mirage,2,3,296,10
29-6-2020,3.21,Lifeline,2,14,2892,6
26-11-2022,14.11,Ash,4,8,2322,16
15-12-2020,28.71,Gibraltar,6,9,1881,17
10-6-2019,11.24,Bloodhound,12,15,5239,13
20-7-2021,14.9,Ash,8,5,2564,6
8-3-2022,19.84,Lifeline,2,1,570,6
1-10-2019,0.68,Pathfinder,5,0,1087,17
21-1-2020,28.87,Octane,3,2,935,16
12-1-2022,26.68,Pathfinder,2,11,1604,2
8-3-2021,0.28,Horizon,0,3,523,15
8-7-2022,9.56,Ash,9,1,630,3
24-8-2020,1.35,Bangalore,5,1,852,20
14-5-2022,12.59,Horizon,2,7,1519,10
6-4-2019,17.3,Revenant,10,3,2632,11
15-1-2022,24.11,Rampart,14,6,3167,5
15-9-2020,18.31,Bangalore,2,9,1996,2
27-10-2021,8.27,Crypto,5,1,1359,12
10-6-2019,19.34,Gibraltar,11,6,1193,13
17-2-2022,4.09,Revenant,1,9,1440,12
4-2-2021,22.08,Lifeline,10,4,1633,17
23-11-2020,18.79,Fuse,9,4,756,18
1-8-2021,8.85,Bloodhound,2,15,958,3
1-1-2022,29.38,Ash,6,9,2063,14
26-6-2020,0.7,Crypto,2,0,200,15
11-12-2020,14.02,Gibraltar,7,11,2481,2
5-9-2021,18.3,Gibraltar,7,1,1411,6
18-10-2019,12.49,Mad Maggie,9,7,1712,9
27-6-2022,19.17,Ash,13,2,3204,18
8-5-2021,5.33,Mirage,17,1,1619,9
26-6-2021,3.92,Valkyrie,6,0,807,5
25-3-2019,29.38,Horizon,2,10,972,7
4-7-2020,21.12,Lifeline,14,17,5113,6
31-5-2022,22.59,Octane,2,5,1350,2
26-12-2019,2.73,Gibraltar,7,18,4933,6
25-10-2020,29.39,Mad Maggie,4,10,1785,17
13-7-2021,12.92,Fuse,8,4,2038,6
30-10-2019,1.17,Ash,7,2,1413,4
16-9-2020,8.13,Pathfinder,1,0,207,10
21-9-2020,23.09,Revenant,5,2,1187,15
27-10-2021,25.85,Pathfinder,3,7,1215,12
27-10-2019,11.29,Crypto,8,2,1636,5
20-10-2019,28.94,Rampart,7,8,2456,15
23-10-2019,7.11,Horizon,1,2,564,16
23-7-2021,14.83,Ash,3,5,1612,20
14-12-2020,1.55,Ash,14,0,2465,4
1-11-2022,16.08,Mirage,16,12,3268,13
14-8-2019,5.95,Crypto,2,9,1351,13
10-6-2021,22.9,Fuse,17,18,5989,6
29-1-2022,1.15,Horizon,13,8,4460,16
19-11-2020,7.47,Mad Maggie,2,7,1394,13
27-1-2022,9.7,Mad Maggie,9,0,1145,20
8-4-2021,12.81,Gibraltar,6,2,1693,12
6-3-2021,13.59,Gibraltar,6,10,1908,3
4-5-2022,25.97,Rampart,5,2,1123,17
15-2-2020,8.91,Fuse,7,13,3726,3
14-11-2019,15.45,Bloodhound,8,1,2027,4
14-11-2020,23.25,Wraith,4,4,1144,16
23-11-2022,2.01,Gibraltar,1,6,804,20
27-5-2022,1.08,Bangalore,9,3,2458,19
16-8-2019,17.81,Mirage,1,8,1479,20
10-9-2019,8.14,Lifeline,1,0,148,13
20-3-2021,9.35,Mirage,0,7,1207,16
16-5-2020,13.05,Mirage,4,1,1062,14
24-10-2022,10.19,Horizon,5,1,1245,12
5-3-2019,2.31,Bangalore,6,0,1122,11
12-1-2020,10.23,Bloodhound,7,1,815,3
12-10-2020,10.67,Revenant,1,6,934,10
14-6-2019,19.46,Horizon,17,2,1897,4
5-4-2020,29.67,Crypto,6,3,1741,16
20-7-2022,23.67,Octane,6,5,1739,16
29-4-2019,2.38,Lifeline,2,4,410,6
22-5-2020,10.07,Octane,1,2,301,1
13-9-2020,19.23,Fuse,6,4,2232,4
6-9-2019,0.47,Wraith,2,12,2333,18
27-9-2021,26.37,Bangalore,2,20,3474,4
8-7-2022,8.14,Wraith,9,2,1385,13
23-9-2021,27.01,Valkyrie,10,6,3043,13
20-10-2022,20.06,Gibraltar,5,5,1770,12
26-4-2020,16.21,Lifeline,4,8,1289,3
8-12-2020,3.23,Revenant,3,2,349,19
1-11-2019,7.7,Gibraltar,13,11,4511,5
30-9-2022,24.68,Gibraltar,2,4,900,20
18-6-2021,20.82,Ash,2,8,1460,11
24-9-2022,28.12,Gibraltar,3,3,1156,2
22-9-2020,19.49,Fuse,16,13,3078,7
20-12-2021,23.1,Ash,11,13,3630,8
20-10-2022,26.99,Mirage,8,8,1444,17
16-3-2019,22.31,Bloodhound,2,2,697,13
3-4-2019,3.44,Lifeline,0,3,184,1
19-7-2020,9.14,Mad Maggie,4,0,424,4
26-7-2021,21.63,Valkyrie,3,2,876,12
3-9-2020,7.61,Octane,2,1,226,17
7-7-2022,15.78,Lifeline,1,4,882,1
22-9-2022,9.21,Mirage,3,2,908,8
2-3-2021,25.5,Lifeline,6,4,915,12
7-7-2019,23.65,Bangalore,15,8,4540,3
6-12-2020,17.31,Bangalore,2,3,650,20
16-7-2019,2.13,Gibraltar,3,0,701,4
27-8-2020,19.88,Mad Maggie,5,7,1711,16
30-11-2019,28.32,Octane,13,13,4362,3
30-11-2021,6.33,Lifeline,1,5,987,17
17-6-2022,13.12,Valkyrie,5,3,472,13
21-6-2021,25.1,Lifeline,6,9,2141,19
25-3-2021,6.01,Pathfinder,6,4,1675,14
1-9-2019,1.5,Valkyrie,10,4,2352,8
25-1-2021,6.11,Horizon,14,2,1080,17
29-7-2019,25.89,Horizon,4,3,945,20
17-5-2021,27.99,Wraith,2,11,2213,18
11-5-2022,26.19,Mirage,7,5,2296,12
28-8-2019,13.19,Bloodhound,2,1,678,7
17-3-2020,6.47,Lifeline,1,10,1225,16
27-7-2022,4.02,Valkyrie,10,10,3954,6
19-10-2020,23.2,Mad Maggie,5,13,1556,10
20-2-2022,23.84,Rampart,4,16,3898,16
1-11-2022,27.64,Bangalore,7,11,1662,7
28-7-2021,29.62,Rampart,12,7,3549,8
2-7-2019,12.48,Rampart,4,7,1319,1
21-10-2020,9.73,Mad Maggie,16,1,2326,13
10-1-2021,23.72,Revenant,3,8,1861,10
4-4-2020,7.42,Wraith,8,6,1210,4
6-4-2021,7.2,Bangalore,0,0,0,9
23-3-2020,15.92,Ash,1,14,1489,15
19-5-2020,0.64,Lifeline,1,12,1565,10
16-2-2022,15.49,Wraith,1,3,563,10
18-5-2022,24.9,Gibraltar,4,3,719,6
22-2-2020,28.61,Mad Maggie,16,2,3881,12
11-1-2022,1.9,Mirage,0,8,1055,5
6-10-2022,24.73,Ash,2,2,350,13
25-3-2019,25.12,Pathfinder,7,9,1194,6
27-10-2022,9.21,Horizon,13,5,3384,9
4-11-2019,8.89,Rampart,1,4,818,10
17-2-2019,2.34,Revenant,4,0,411,5
14-4-2021,25.21,Valkyrie,6,9,936,10
20-6-2021,16.96,Bloodhound,16,13,1951,3
30-9-2022,26.03,Mad Maggie,7,3,1950,19
21-3-2020,9.11,Gibraltar,8,9,2873,11
5-6-2019,14.18,Bangalore,6,7,2621,17
24-2-2021,20.66,Lifeline,13,4,1316,5
22-4-2019,4.15,Bangalore,10,14,4264,19
5-8-2021,25.66,Fuse,3,2,338,8
14-11-2022,25.56,Fuse,8,7,2463,14
27-3-2019,2.51,Octane,6,3,1910,10
26-5-2019,11.39,Revenant,2,12,944,19
29-4-2019,22.73,Octane,3,11,2045,16
25-3-2022,25.23,Ash,11,3,2896,3
16-5-2021,24.76,Octane,4,4,474,3
14-4-2022,25.57,Horizon,2,10,1252,7
19-7-2021,0.0,Rampart,0,0,0,14
2-10-2019,10.64,Pathfinder,7,3,822,6
9-1-2020,16.06,Mirage,4,2,1016,12
6-4-2021,6.77,Ash,1,0,172,10
12-4-2022,12.97,Lifeline,10,5,2854,2
10-7-2021,20.2,Octane,2,15,1914,19
3-3-2019,14.31,Ash,5,3,573,9
18-1-2021,27.95,Wraith,11,6,3361,14
12-11-2019,18.03,Wraith,9,9,1729,14
4-10-2022,28.87,Crypto,12,6,1551,2
31-3-2022,10.7,Gibraltar,1,4,763,15
28-7-2019,24.33,Wraith,8,14,3354,1
16-4-2020,15.59,Gibraltar,8,2,802,2
13-12-2022,28.56,Rampart,6,2,1659,2
22-9-2019,9.94,Fuse,1,8,1541,17
1-9-2020,5.28,Rampart,7,2,948,13
12-9-2019,13.32,Wraith,8,1,1508,12
12-4-2021,3.36,Pathfinder,1,6,683,11
27-10-2022,6.29,Mirage,1,3,794,3
17-10-2019,11.86,Ash,2,17,935,10
24-9-2021,0.11,Bloodhound,1,0,228,14
28-9-2021,6.7,Revenant,0,5,741,16
23-5-2021,7.4,Lifeline,3,0,744,13
14-12-2019,2.18,Pathfinder,1,6,636,3
7-2-2022,11.12,Revenant,3,5,1340,19
14-5-2019,9.81,Octane,7,0,1433,18
19-5-2020,12.05,Crypto,11,8,1077,20
20-9-2022,28.0,Valkyrie,2,4,403,6
21-4-2021,29.4,Mirage,3,5,1126,13
4-7-2022,13.95,Octane,1,1,261,4
1-1-2020,29.83,Crypto,4,17,2302,9
5-8-2019,17.96,Fuse,2,6,1632,9
3-9-2021,2.14,Gibraltar,3,0,407,14
17-4-2022,19.3,Lifeline,10,17,2498,5
12-4-2021,18.17,Octane,1,6,753,16
8-11-2020,15.94,Gibraltar,3,16,3112,18
16-8-2022,15.34,Gibraltar,1,3,557,18
18-7-2022,3.12,Gibraltar,12,8,2253,8
26-3-2020,23.16,Mirage,3,16,1524,20
18-5-2020,25.34,Pathfinder,6,5,1987,17
8-11-2020,8.2,Horizon,5,6,1080,13
5-7-2019,16.39,Mad Maggie,1,1,284,4
2-12-2019,27.51,Valkyrie,3,13,2804,17
4-12-2019,25.01,Octane,4,10,2172,18
6-6-2019,2.24,Mirage,13,7,2298,18
17-4-2021,11.53,Pathfinder,12,1,840,14
30-4-2021,22.65,Mirage,9,4,2279,13
18-7-2022,1.99,Gibraltar,10,3,2725,12
28-11-2020,5.52,Bloodhound,8,3,2520,8
19-12-2022,5.68,Revenant,10,18,2386,13
21-6-2019,25.72,Crypto,19,14,6668,17
24-7-2020,8.04,Bangalore,0,13,2111,11
24-5-2020,1.53,Ash,3,3,1239,18
18-2-2019,21.45,Gibraltar,8,3,1335,5
13-4-2022,25.68,Rampart,7,2,1064,15
9-4-2019,29.83,Lifeline,5,2,1441,16
21-5-2021,22.46,Wraith,5,8,2074,18
28-6-2022,10.95,Revenant,6,18,3936,14
11-4-2022,5.29,Octane,1,11,1325,2
8-11-2022,27.16,Mad Maggie,2,15,1467,14
12-12-2019,1.41,Pathfinder,2,0,238,14
19-1-2022,29.07,Rampart,2,3,578,17
13-4-2022,14.56,Gibraltar,3,2,1056,11
8-12-2022,26.54,Pathfinder,2,2,788,15
27-3-2022,8.94,Octane,9,4,732,12
14-8-2022,16.84,Bloodhound,1,1,319,12
11-5-2021,26.97,Octane,3,5,1294,17
24-8-2022,0.42,Rampart,3,5,1445,4
22-5-2022,26.59,Ash,11,3,2280,17
22-5-2020,5.38,Ash,14,0,2618,12
18-6-2020,18.45,Mirage,6,1,652,19
21-9-2021,2.99,Mirage,1,0,191,16
17-8-2021,14.68,Bloodhound,4,1,377,3
17-5-2019,21.81,Ash,4,14,1033,18
5-3-2019,24.91,Pathfinder,10,2,2266,19
12-5-2022,6.06,Valkyrie,12,0,1525,20
14-1-2022,15.36,Bloodhound,6,3,748,3
22-7-2019,19.3,Valkyrie,1,9,1623,15
5-8-2020,20.09,Octane,4,10,1846,9
14-3-2021,16.67,Mad Maggie,6,3,1192,20
16-1-2020,0.45,Mirage,2,14,1524,1
6-11-2021,0.63,Fuse,8,17,2174,2
5-4-2022,22.25,Bloodhound,2,3,764,9
5-1-2020,15.8,Mirage,17,1,4044,6
10-5-2020,25.63,Gibraltar,4,5,1377,6
14-11-2022,16.18,Fuse,7,3,1458,18
16-2-2019,11.88,Fuse,1,3,749,10
23-7-2019,12.49,Octane,2,12,1582,13
13-5-2019,29.77,Pathfinder,10,2,2556,9
10-6-2019,8.06,Gibraltar,10,1,1957,1
1-7-2022,10.8,Pathfinder,1,3,579,19
13-6-2020,8.01,Horizon,1,16,3058,17
21-2-2019,14.3,Mirage,3,10,1928,19
14-6-2021,19.2,Mad Maggie,3,7,1974,6
13-11-2022,3.54,Revenant,1,7,1524,19
4-7-2021,22.13,Octane,2,4,1149,7
14-10-2021,21.14,Bangalore,2,7,699,13
29-8-2019,26.87,Horizon,3,12,1350,16
19-2-2019,24.27,Pathfinder,4,13,3330,9
29-1-2021,13.28,Gibraltar,1,4,906,12
14-3-2020,22.6,Horizon,3,4,739,1
9-8-2022,25.61,Mad Maggie,5,7,1483,1
17-11-2020,1.72,Octane,4,4,924,6
3-3-2021,2.18,Rampart,6,14,2604,15
27-5-2022,28.26,Lifeline,8,12,1366,20
5-9-2022,2.82,Lifeline,2,3,813,20
24-5-2020,22.95,Ash,10,3,1065,1
15-6-2019,4.04,Ash,6,0,1015,20
17-9-2019,27.44,Ash,11,11,1441,10
24-11-2019,25.71,Bloodhound,4,8,2343,16
19-12-2019,10.72,Pathfinder,9,4,1868,10
18-12-2019,25.19,Ash,4,12,2715,2
31-10-2019,15.83,Fuse,1,3,761,1
4-6-2022,25.38,Gibraltar,6,2,974,9
1-8-2019,10.02,Fuse,6,16,4035,2
13-3-2020,2.84,Pathfinder,6,7,973,12
24-9-2021,10.81,Ash,1,5,892,11
13-11-2022,8.7,Mad Maggie,16,5,4095,5
5-11-2021,18.03,Bloodhound,9,5,1021,16
9-7-2021,26.23,Pathfinder,2,16,2435,11
10-10-2019,1.61,Revenant,0,0,0,10
28-7-2020,4.04,Mad Maggie,5,8,2406,3
24-5-2021,24.36,Octane,10,11,4275,15
12-6-2019,9.48,Fuse,1,9,1222,13
5-3-2020,23.57,Bangalore,14,5,3902,17
16-10-2020,21.66,Lifeline,15,3,3307,4
19-11-2020,20.92,Mad Maggie,2,2,666,7
3-9-2019,20.93,Mirage,4,3,1298,7
30-7-2019,27.0,Rampart,8,8,2705,4
2-5-2020,10.0,Horizon,9,1,2220,20
27-6-2020,14.54,Fuse,4,1,390,14
23-7-2019,13.7,Revenant,17,9,3091,13
15-5-2022,24.38,Revenant,20,17,3436,5
5-4-2020,10.53,Gibraltar,8,12,3801,20
8-8-2021,1.47,Bloodhound,3,9,2310,10
24-11-2019,21.14,Fuse,11,4,2304,10
2-10-2020,20.33,Revenant,18,10,4026,8
28-6-2022,0.42,Rampart,3,0,486,4
1-9-2021,22.37,Crypto,5,8,857,8
21-3-2020,14.35,Bangalore,4,8,2056,3
8-5-2020,29.52,Fuse,21,3,2395,8
12-10-2021,0.66,Rampart,9,0,1484,12
30-3-2019,27.78,Ash,5,10,1073,2
5-4-2022,22.17,Lifeline,10,5,1055,6
1-7-2019,29.88,Ash,2,6,1575,19
6-8-2022,28.31,Pathfinder,3,2,348,1
30-9-2021,17.05,Octane,2,6,1466,6
10-11-2022,25.5,Gibraltar,3,2,702,11
20-7-2022,9.71,Rampart,0,0,0,16
26-4-2022,17.41,Octane,4,4,1593,8
18-7-2021,10.75,Pathfinder,15,5,2810,13
26-11-2020,0.7,Bangalore,8,0,883,8
19-3-2020,5.68,Valkyrie,1,1,261,19
18-9-2021,29.08,Mirage,8,2,866,16
8-11-2021,1.03,Crypto,1,5,342,14
21-10-2022,24.06,Crypto,15,7,2390,9
5-11-2020,15.89,Mad Maggie,12,2,2890,16
14-8-2021,14.53,Crypto,1,6,846,19
2-12-2022,22.56,Ash,3,3,1058,2
17-10-2019,16.09,Pathfinder,15,17,3990,5
16-4-2020,29.19,Ash,2,10,2076,11
4-10-2020,24.16,Octane,3,2,655,12
9-9-2022,12.44,Octane,2,9,1216,11
18-5-2020,4.06,Lifeline,3,4,519,13
30-7-2019,17.4,Mad Maggie,7,3,1239,16
6-9-2019,19.64,Mirage,2,14,1805,3
15-3-2019,9.34,Fuse,2,9,2092,14
26-10-2021,17.63,Ash,12,1,1641,1
24-3-2021,3.4,Revenant,18,6,3073,17
21-10-2020,10.97,Bangalore,7,1,1328,1
25-6-2019,16.29,Valkyrie,4,2,370,20
11-1-2021,16.74,Mad Maggie,4,7,853,20
9-10-2020,3.3,Wraith,4,4,1000,6
19-4-2021,18.98,Rampart,6,3,1514,2
8-6-2022,5.5,Mad Maggie,7,9,1409,8
30-5-2022,13.91,Horizon,10,1,1313,10
5-12-2021,4.02,Horizon,0,7,1235,3
1-3-2019,3.11,Rampart,6,11,1351,14
14-10-2022,15.4,Bloodhound,4,1,985,4
16-5-2022,5.86,Bloodhound,12,2,1292,18
16-5-2020,26.68,Valkyrie,9,9,3305,17
10-10-2019,24.75,Crypto,4,7,1135,2
16-6-2022,21.65,Rampart,6,9,2728,19
11-7-2021,4.84,Mad Maggie,0,6,383,15
12-2-2019,1.64,Revenant,13,6,1981,1
20-8-2021,14.38,Wraith,4,9,2051,5
21-2-2020,22.71,Ash,6,8,2346,9
12-1-2020,25.55,Mad Maggie,6,10,2569,5
30-9-2019,23.27,Wraith,2,8,868,20
26-10-2021,3.61,Octane,7,12,1777,14
23-5-2020,13.02,Bloodhound,9,8,1848,1
2-2-2020,25.77,Fuse,8,14,3389,10
30-9-2020,22.24,Horizon,4,2,679,3
8-12-2021,9.5,Lifeline,17,12,1725,13
10-4-2022,9.82,Lifeline,0,1,164,9
13-7-2019,29.69,Mirage,7,5,1426,12
8-8-2020,17.85,Horizon,14,5,2373,12
19-6-2019,18.1,Wraith,4,6,1578,8
27-5-2021,14.56,Mirage,9,2,1929,11
2-1-2020,11.4,Lifeline,6,5,1179,14
14-5-2021,15.64,Fuse,4,3,557,13
2-6-2022,7.49,Octane,0,1,145,10
31-8-2019,21.86,Rampart,2,14,1160,19
23-3-2019,26.72,Fuse,5,5,604,9
11-8-2019,7.74,Rampart,9,15,2498,11
27-9-2019,9.91,Mad Maggie,15,4,3856,14
5-11-2021,20.71,Wraith,10,2,2117,1
11-5-2019,10.47,Bangalore,1,9,918,3
25-9-2021,7.18,Mirage,5,9,1686,10
25-4-2022,6.55,Crypto,2,0,140,5
9-3-2021,29.64,Crypto,7,8,1585,8
25-9-2022,2.79,Revenant,5,14,2333,8
17-2-2019,17.46,Ash,2,4,913,4
23-1-2020,10.68,Lifeline,1,4,833,4
29-12-2022,21.64,Crypto,2,5,439,16
13-9-2019,5.71,Wraith,8,3,1490,13
30-10-2021,12.79,Wraith,4,3,1397,16
24-6-2022,22.58,Gibraltar,16,16,4000,3
2-6-2020,21.96,Pathfinder,14,8,3829,6
12-3-2021,12.87,Lifeline,6,2,534,5
26-9-2022,29.22,Rampart,11,3,1780,15
12-8-2020,7.3,Crypto,9,1,1316,5
23-4-2021,25.32,Fuse,3,4,1301,18
3-8-2019,18.88,Valkyrie,4,1,893,11
13-2-2019,29.83,Mirage,5,7,1303,9
12-9-2021,11.33,Lifeline,15,4,3585,11
26-10-2019,24.12,Pathfinder,4,13,2050,8
8-3-2022,26.96,Bloodhound,5,5,1133,4
7-7-2019,16.57,Octane,5,3,781,5
10-1-2020,0.07,Revenant,6,14,1259,11
9-7-2022,6.95,Mad Maggie,5,5,1044,2
28-11-2020,9.4,Bloodhound,3,11,1642,6
6-3-2022,1.43,Mirage,2,3,483,13
13-9-2021,5.22,Octane,9,2,2183,6
11-11-2019,3.65,Lifeline,11,0,1357,4
16-11-2022,10.34,Valkyrie,8,1,955,10
1-5-2020,24.84,Revenant,7,6,1244,19
7-12-2019,10.19,Gibraltar,10,12,4274,2
25-1-2021,18.52,Crypto,2,3,954,3
21-5-2021,23.47,Gibraltar,8,19,2207,14
6-4-2021,10.37,Octane,17,8,3145,8
10-10-2021,15.48,Valkyrie,6,2,514,10
27-4-2019,1.25,Wraith,4,0,414,10
18-7-2020,0.64,Crypto,2,4,770,2
13-2-2021,8.02,Pathfinder,7,2,1189,4
6-9-2020,29.06,Gibraltar,8,3,1662,18
12-6-2022,23.35,Horizon,3,14,1005,7
11-9-2019,5.99,Mirage,1,16,1656,4
9-5-2019,15.61,Bangalore,2,9,1736,5
23-12-2022,15.63,Ash,13,5,1517,13
25-10-2019,26.4,Bloodhound,3,9,2266,20
4-2-2021,19.99,Ash,5,2,1101,14
2-12-2019,11.14,Gibraltar,5,7,2013,18
5-1-2020,10.34,Mad Maggie,7,14,3529,12
23-2-2019,16.27,Lifeline,3,13,2618,5
1-4-2020,12.6,Revenant,6,10,2935,14
28-1-2021,15.07,Mirage,6,12,1953,5
8-1-2020,6.71,Crypto,0,2,282,13
7-4-2019,25.75,Ash,5,9,1372,14
20-3-2022,19.89,Wraith,8,19,4499,5
2-7-2021,3.47,Ash,12,0,1223,15
23-5-2022,29.45,Gibraltar,7,12,3014,7
9-2-2019,28.04,Mirage,2,11,1792,5
2-8-2022,15.39,Horizon,6,3,1233,15
14-1-2021,15.12,Wraith,4,1,323,6
3-9-2021,25.8,Horizon,6,10,1628,17
22-12-2019,9.97,Bangalore,0,10,472,13
5-2-2021,9.75,Pathfinder,5,3,463,8
24-4-2021,23.95,Lifeline,7,17,2515,19
29-6-2019,7.73,Gibraltar,2,8,1830,4
20-11-2021,19.22,Crypto,18,12,3295,17
3-6-2020,23.88,Ash,15,4,1343,11
6-5-2020,0.54,Ash,0,0,0,20
8-8-2019,19.23,Octane,15,6,2680,7
3-5-2021,11.69,Pathfinder,2,12,891,18
3-10-2019,1.1,Mirage,3,3,396,5
4-6-2022,28.28,Mad Maggie,9,2,1569,4
28-5-2021,16.59,Fuse,5,1,754,9
9-10-2021,1.34,Lifeline,5,3,1213,5
16-1-2022,16.49,Lifeline,4,9,2367,20
16-3-2020,20.17,Horizon,4,12,810,8
10-8-2020,25.26,Gibraltar,3,2,831,15
23-3-2019,8.51,Ash,1,3,293,3
26-7-2021,11.42,Bloodhound,5,11,892,14
21-10-2019,16.83,Bangalore,20,7,5123,20
4-11-2022,16.43,Gibraltar,9,5,2053,20
23-12-2020,29.42,Crypto,2,21,2261,2
10-5-2020,23.82,Mad Maggie,8,13,2248,6
24-2-2022,26.71,Mad Maggie,5,7,759,12
2-8-2022,16.67,Wraith,1,1,204,15
16-4-2022,11.6,Ash,9,8,3269,1
8-4-2019,18.98,Mad Maggie,5,9,964,5
8-5-2021,17.91,Bangalore,13,1,3244,8
6-7-2019,10.19,Octane,4,18,2218,8
22-4-2019,12.24,Wraith,6,12,1691,6
21-3-2022,4.34,Pathfinder,8,17,4443,17
7-4-2019,26.05,Mirage,2,9,1288,5
16-12-2021,5.96,Rampart,8,16,2379,3
3-8-2021,8.72,Wraith,8,3,1492,4
9-9-2022,21.31,Valkyrie,2,4,325,5
22-6-2020,7.41,Ash,0,0,0,2
23-1-2022,18.52,Bangalore,2,3,922,13
15-3-2019,27.03,Horizon,2,10,1662,8
22-9-2021,8.87,Crypto,1,3,780,12
23-3-2019,4.39,Mirage,2,0,246,14
7-5-2021,16.7,Mirage,5,1,728,15
27-11-2020,29.83,Revenant,16,15,4019,8
21-5-2022,3.63,Bloodhound,6,1,1253,12
11-3-2020,25.98,Crypto,15,4,1285,20
4-10-2020,7.2,Wraith,8,2,1574,4
5-11-2020,28.74,Ash,4,20,2818,15
22-12-2022,27.61,Mad Maggie,14,8,4085,20
2-5-2022,9.81,Bloodhound,9,8,3541,8
24-2-2022,15.81,Lifeline,4,10,879,6
23-12-2022,12.42,Valkyrie,5,15,1630,17
19-5-2019,2.71,Crypto,8,11,1546,10
17-4-2020,17.4,Gibraltar,7,3,2052,13
10-2-2021,5.21,Horizon,2,6,1492,20
27-2-2019,3.3,Rampart,1,2,389,16
9-7-2021,23.28,Pathfinder,5,7,1350,12
12-4-2022,14.74,Valkyrie,6,6,2031,19
3-12-2021,14.71,Rampart,1,5,1166,8
22-5-2021,18.69,Mirage,8,1,2012,18
27-11-2020,20.85,Bangalore,4,2,1007,15
27-10-2021,10.92,Fuse,8,1,852,15
25-4-2022,15.44,Bloodhound,1,5,570,20
23-12-2021,26.73,Ash,4,2,1061,5
29-12-2020,20.09,Bloodhound,5,5,1379,6
7-8-2021,13.69,Mad Maggie,2,3,751,16
21-4-2020,24.0,Horizon,2,3,703,3
15-11-2020,14.93,Mad Maggie,1,3,720,14
28-7-2020,25.4,Crypto,17,15,4468,17
24-2-2022,5.16,Ash,3,1,490,10
5-2-2020,19.94,Horizon,1,13,2026,16
9-5-2020,24.33,Mad Maggie,8,4,2046,19
15-2-2021,26.73,Ash,8,9,3271,9
25-5-2019,20.53,Valkyrie,2,12,2727,5
7-6-2019,3.5,Wraith,2,1,329,16
4-5-2020,5.02,Mirage,3,5,993,19
8-1-2021,17.77,Gibraltar,7,1,646,20
5-9-2019,15.76,Mad Maggie,10,2,2512,13
19-11-2022,20.35,Crypto,4,10,1497,3
17-12-2022,6.99,Lifeline,4,18,3451,14
21-9-2021,25.34,Valkyrie,10,4,2682,6
16-6-2020,24.01,Wraith,10,4,2268,6
15-4-2020,1.1,Rampart,2,9,1846,2
23-10-2019,22.23,Pathfinder,12,9,3383,15
1-3-2020,3.03,Valkyrie,4,1,361,10
12-6-2021,20.33,Valkyrie,2,2,314,9
16-5-2019,18.99,Pathfinder,2,11,2501,3
28-6-2022,0.51,Bangalore,13,10,4386,13
1-10-2019,21.8,Mirage,4,4,973,16
7-11-2021,18.94,Gibraltar,1,17,2667,4
6-9-2022,5.21,Wraith,3,14,3193,1
17-5-2022,9.33,Mad Maggie,6,5,2069,17
1-10-2021,7.98,Mad Maggie,0,6,1007,10
27-2-2020,27.06,Octane,3,10,1560,15
17-8-2022,7.33,Crypto,6,2,1322,10
10-11-2019,20.75,Mirage,3,7,1426,14
27-2-2020,7.2,Lifeline,1,15,1958,17
26-8-2022,19.28,Lifeline,1,1,402,6
22-8-2020,14.73,Mirage,5,6,2255,18
19-11-2019,4.18,Lifeline,2,10,864,15
3-6-2021,5.54,Bloodhound,4,6,599,18
18-11-2020,14.68,Bloodhound,1,2,564,12
17-3-2019,0.57,Mad Maggie,2,0,248,4
10-4-2022,16.12,Valkyrie,2,12,1076,10
11-7-2019,11.88,Fuse,4,4,1115,2
20-8-2020,5.04,Fuse,2,3,519,4
13-3-2021,5.75,Valkyrie,1,4,899,2
5-10-2022,27.61,Revenant,12,4,2670,15
3-9-2019,25.26,Bangalore,10,7,1070,5
16-5-2020,11.1,Pathfinder,3,4,483,12
19-6-2019,27.0,Horizon,2,13,1060,15
5-4-2019,22.93,Pathfinder,2,16,1708,14
1-9-2021,3.56,Mad Maggie,1,17,1972,19
4-5-2020,10.97,Revenant,4,12,2665,9
23-12-2019,23.06,Bangalore,2,5,741,17
8-1-2021,13.12,Wraith,2,2,380,7
21-4-2022,0.06,Gibraltar,5,0,314,18
12-11-2019,20.38,Horizon,7,9,1493,16
25-5-2021,24.99,Bloodhound,2,2,239,17
29-10-2022,6.5,Crypto,1,6,970,11
22-6-2022,22.9,Valkyrie,7,2,1675,10
20-12-2020,27.47,Bangalore,2,13,1953,8
1-1-2022,17.06,Ash,1,10,658,14
7-3-2020,26.75,Horizon,16,4,2095,12
10-11-2019,8.45,Rampart,7,5,1429,8
21-2-2022,15.38,Fuse,4,12,2249,18
30-3-2020,2.63,Gibraltar,0,9,1177,4
6-9-2019,26.63,Revenant,11,11,2760,8
21-8-2019,27.88,Revenant,7,6,2077,13
21-1-2020,0.93,Valkyrie,8,10,1479,12
27-10-2020,9.07,Rampart,0,12,1220,4
3-3-2019,9.37,Pathfinder,10,6,2973,10
12-7-2022,4.73,Crypto,4,12,878,15
28-6-2019,22.03,Crypto,9,3,2188,2
14-9-2021,13.29,Gibraltar,16,3,1513,3
19-2-2022,7.44,Gibraltar,3,7,1175,1
30-5-2019,15.52,Pathfinder,4,2,956,3
15-4-2020,8.33,Bloodhound,5,2,1337,18
11-6-2020,12.18,Revenant,5,7,1862,8
15-2-2022,3.65,Mad Maggie,8,14,3937,16
15-4-2022,16.72,Mirage,3,2,564,20
11-7-2022,3.88,Revenant,0,0,0,2
22-1-2020,2.47,Mad Maggie,0,6,796,5
30-10-2022,22.97,Bangalore,7,3,1980,20
30-8-2020,3.09,Bloodhound,12,0,1124,2
2-11-2021,0.38,Horizon,5,0,1179,13
7-1-2022,24.08,Octane,13,13,3879,15
6-2-2020,16.65,Mirage,4,11,2715,18
29-4-2022,9.14,Horizon,2,7,1271,6
4-5-2020,2.51,Lifeline,1,4,365,13
5-1-2020,10.21,Ash,1,2,521,11
28-7-2022,18.73,Valkyrie,1,10,1010,17
7-6-2020,28.21,Bangalore,13,6,1922,12
20-1-2021,25.09,Revenant,12,10,2391,14
9-3-2019,23.05,Crypto,15,12,4267,19
5-5-2022,18.71,Pathfinder,14,5,1373,19
4-10-2022,3.38,Bangalore,2,3,660,4
3-2-2021,29.42,Horizon,14,17,1704,17
18-8-2020,18.3,Mad Maggie,1,1,123,7
29-3-2021,18.83,Pathfinder,2,14,2609,7
5-3-2022,26.13,Gibraltar,5,6,869,8
25-5-2020,0.88,Bloodhound,0,0,0,14
8-2-2021,7.51,Wraith,16,2,1896,20
22-7-2019,24.15,Wraith,12,2,2601,12
18-6-2020,7.49,Lifeline,14,6,3098,11
20-3-2020,3.97,Rampart,1,14,1110,6
3-4-2022,24.44,Revenant,8,4,2200,3
30-12-2022,7.03,Fuse,1,2,185,5
25-11-2021,12.27,Horizon,6,5,2380,7
16-9-2019,15.88,Mirage,7,1,1574,3
23-11-2020,2.77,Ash,5,14,2878,20
8-3-2022,9.62,Valkyrie,2,4,780,9
23-10-2021,25.69,Valkyrie,11,14,2343,16
30-1-2022,28.83,Valkyrie,21,2,3362,15
19-12-2019,25.02,Octane,5,13,2288,7
24-12-2020,9.29,Bangalore,8,2,1704,17
7-7-2021,5.3,Mad Maggie,13,15,1778,13
27-2-2022,29.45,Lifeline,8,16,4674,9
15-8-2020,28.87,Bloodhound,7,2,796,2
15-10-2019,10.98,Gibraltar,1,3,227,17
3-9-2022,11.59,Fuse,9,13,3084,2
1-6-2020,2.45,Bloodhound,7,3,1917,16
5-5-2021,13.91,Octane,2,1,474,12
10-2-2020,6.89,Pathfinder,0,2,116,14
13-9-2019,7.53,Lifeline,3,4,435,10
21-6-2022,1.23,Bangalore,10,1,1256,15
21-3-2019,11.71,Rampart,8,15,3772,13
18-1-2022,0.93,Bangalore,6,2,1487,8
5-7-2019,0.8,Pathfinder,6,6,1382,6
27-1-2021,21.86,Lifeline,5,7,2323,16
10-12-2021,8.44,Horizon,5,1,915,6
8-5-2022,24.99,Ash,9,7,1638,15
16-6-2019,1.72,Bangalore,1,1,285,18
18-8-2022,4.55,Fuse,9,5,2108,19
30-12-2019,19.27,Mad Maggie,1,11,754,15
13-2-2021,8.99,Bloodhound,2,4,448,11
28-11-2022,9.32,Ash,1,1,196,6
18-5-2019,19.15,Ash,3,2,347,14
28-9-2022,27.39,Lifeline,6,2,503,20
18-11-2019,24.35,Wraith,9,7,1187,17
14-8-2021,6.29,Revenant,2,2,437,10
21-10-2021,6.4,Mad Maggie,0,7,1161,2
13-6-2022,26.05,Fuse,15,7,4204,9
7-3-2022,28.94,Mad Maggie,17,16,3336,7
22-11-2021,29.72,Gibraltar,9,11,1958,12
11-6-2020,26.8,Rampart,2,6,1433,9
29-8-2021,20.91,Fuse,2,16,1396,10
18-12-2021,12.96,Mirage,14,2,3152,18
15-7-2021,6.34,Bangalore,0,10,1421,1
21-10-2021,1.69,Valkyrie,1,5,962,12
6-2-2022,24.02,Horizon,8,16,2105,14
17-12-2019,13.49,Valkyrie,11,9,1676,6
7-3-2020,17.78,Crypto,6,1,1229,1
31-7-2019,18.09,Lifeline,1,14,2380,8
22-9-2019,24.03,Wraith,7,2,700,14
7-2-2022,13.74,Pathfinder,4,16,3126,16
23-7-2019,5.57,Pathfinder,1,2,234,11
4-9-2019,5.99,Valkyrie,1,13,2051,16
19-11-2020,27.44,Wraith,7,9,3114,13
6-3-2021,14.31,Pathfinder,5,1,1200,13
11-7-2019,4.57,Bangalore,0,2,316,10
4-3-2020,17.69,Gibraltar,1,1,371,9
9-8-2019,18.7,Revenant,2,1,304,7
13-1-2022,19.04,Pathfinder,3,18,2188,10
7-8-2022,3.85,Ash,0,3,374,3
4-9-2020,17.28,Ash,6,7,1001,17
3-4-2022,3.57,Ash,4,10,2502,7
28-8-2020,15.72,Valkyrie,9,2,2320,4
7-8-2022,4.76,Gibraltar,1,0,54,12
9-7-2020,21.15,Octane,2,2,690,13
4-2-2020,8.33,Crypto,5,0,1026,10
18-12-2022,6.77,Horizon,2,1,387,2
16-5-2020,7.67,Horizon,10,0,972,4
21-3-2022,6.97,Fuse,8,2,1020,18
11-11-2020,26.39,Bloodhound,2,10,2025,18
4-2-2020,18.39,Ash,2,1,296,3
26-5-2021,5.46,Revenant,3,0,629,8
8-8-2022,27.09,Wraith,5,9,2077,2
25-9-2019,3.47,Lifeline,0,3,187,3
29-11-2022,24.15,Bangalore,5,11,2684,6
18-4-2022,14.87,Lifeline,11,6,1030,19
7-9-2021,26.32,Rampart,8,2,1596,4
11-12-2021,2.71,Ash,12,1,1737,18
30-5-2022,9.54,Bangalore,6,2,1659,8
16-3-2021,8.58,Mad Maggie,1,1,344,2
12-10-2019,17.64,Bangalore,5,6,2281,10
21-11-2019,22.98,Revenant,9,10,2773,3
1-12-2019,18.89,Revenant,5,15,3286,11
21-4-2022,14.07,Rampart,1,6,507,14
11-1-2021,24.91,Octane,4,4,1394,10
14-7-2021,6.36,Lifeline,0,11,1103,4
8-8-2019,24.97,Wraith,5,5,857,9
3-4-2019,20.61,Octane,2,4,1059,16
23-4-2021,3.7,Octane,11,1,2180,14
6-7-2020,21.7,Revenant,12,16,3650,11
26-8-2019,8.73,Mad Maggie,3,1,458,4
20-6-2022,16.13,Bloodhound,5,5,693,13
2-9-2019,28.55,Rampart,7,2,646,12
26-3-2019,22.35,Horizon,3,2,738,13
2-5-2020,8.31,Mad Maggie,6,6,870,3
21-3-2021,8.43,Mirage,12,5,1412,10
20-11-2022,12.02,Mirage,10,12,4057,12
19-11-2019,3.2,Valkyrie,10,2,1318,18
23-4-2019,25.94,Bangalore,2,6,638,20
14-6-2020,22.19,Octane,4,3,1487,11
2-9-2022,29.34,Bangalore,4,5,1073,18
8-12-2019,14.82,Bangalore,4,1,853,18
25-8-2019,5.95,Rampart,6,0,471,7
13-7-2021,14.98,Gibraltar,1,1,283,11
12-5-2019,3.71,Rampart,7,4,790,18
22-3-2020,27.73,Mad Maggie,13,4,3078,15
24-9-2022,29.45,Mirage,3,4,1311,19
29-9-2022,8.91,Bloodhound,0,0,0,9
10-3-2020,24.49,Crypto,5,17,2906,5
8-5-2022,14.47,Crypto,3,8,1898,19
18-2-2021,2.95,Pathfinder,2,8,1120,20
11-3-2019,6.52,Wraith,2,0,402,14
14-4-2020,18.24,Crypto,3,11,2722,8
15-11-2021,23.15,Bangalore,7,7,1125,11
10-6-2019,23.56,Revenant,16,2,2550,12
22-11-2022,21.68,Horizon,18,2,2867,9
29-9-2021,7.07,Bangalore,5,3,868,6
5-5-2021,11.93,Rampart,12,5,3231,13
29-11-2020,10.48,Horizon,5,1,1374,18
16-12-2022,15.82,Mirage,3,8,1013,2
19-5-2020,27.54,Valkyrie,2,4,1068,5
12-7-2021,0.34,Wraith,10,1,1966,1
6-3-2021,11.08,Crypto,1,3,711,17
23-2-2019,18.12,Octane,15,3,1784,3
20-10-2022,5.17,Horizon,4,8,1772,16
9-3-2022,3.8,Pathfinder,17,8,2050,12
5-8-2020,15.11,Crypto,7,7,2651,4
20-5-2019,27.62,Bangalore,16,3,3875,19
5-1-2022,11.84,Octane,6,1,878,4
12-1-2022,13.9,Revenant,12,19,4677,7
9-6-2020,7.12,Octane,0,0,0,4
18-12-2021,8.85,Pathfinder,0,6,575,9
7-6-2019,4.7,Crypto,11,1,2288,7
23-2-2021,24.28,Rampart,9,2,1592,13
5-10-2019,9.12,Octane,4,0,828,19
9-10-2022,10.08,Octane,1,7,1205,15
29-1-2021,10.83,Crypto,4,1,607,5
31-10-2022,24.01,Pathfinder,18,3,1358,16
9-4-2019,23.34,Revenant,17,2,2460,9
13-5-2022,24.43,Horizon,2,3,615,1
10-9-2021,19.82,Horizon,5,4,924,11
15-9-2022,14.07,Revenant,3,2,630,8
15-2-2021,21.2,Rampart,2,5,533,16
1-7-2020,22.21,Fuse,2,9,1666,14
15-2-2022,0.53,Gibraltar,8,0,1575,9
14-2-2022,27.48,Bloodhound,7,5,1322,18
30-7-2021,14.77,Pathfinder,3,8,1707,19
30-3-2020,0.18,Fuse,0,15,2801,17
22-1-2020,1.92,Bangalore,3,19,3369,6
6-8-2020,21.22,Revenant,9,2,2085,13
19-5-2021,7.88,Ash,1,18,1563,12
11-4-2019,22.15,Octane,2,5,752,16
18-6-2021,20.73,Ash,2,3,1033,12
21-2-2020,12.74,Pathfinder,7,2,938,3
14-7-2019,25.58,Horizon,6,4,1580,6
9-6-2020,25.07,Lifeline,8,9,1744,8
14-9-2022,25.23,Gibraltar,6,19,2901,18
14-1-2022,29.92,Ash,10,6,2367,8
5-5-2020,19.4,Pathfinder,8,9,3344,2
12-12-2019,23.48,Octane,2,3,752,14
5-6-2021,18.23,Mirage,2,1,377,20
16-2-2019,28.4,Mirage,7,7,1572,18
27-10-2020,8.69,Valkyrie,1,1,152,8
6-12-2019,9.7,Pathfinder,15,0,3519,1
23-12-2021,0.12,Crypto,9,0,1311,18
7-11-2020,5.13,Lifeline,3,11,1328,16
22-9-2019,17.53,Ash,5,3,931,6
9-7-2022,17.94,Mirage,9,2,2039,14
15-1-2020,26.79,Bloodhound,10,7,1648,5
20-11-2022,10.7,Wraith,10,18,5325,14
30-1-2022,18.34,Bangalore,7,2,1536,5
28-8-2021,5.29,Mirage,18,2,2113,4
19-2-2022,10.18,Lifeline,8,6,2692,15
2-3-2019,24.05,Valkyrie,12,13,3557,4
5-1-2022,15.78,Crypto,17,14,4013,1
21-5-2022,2.54,Wraith,1,6,817,10
16-12-2022,27.24,Wraith,3,8,797,15
1-7-2019,5.49,Crypto,15,8,4211,7
30-10-2021,23.3,Octane,2,8,504,14
8-7-2020,6.94,Revenant,13,2,3101,13
15-5-2021,29.02,Mirage,12,2,1358,6
16-8-2021,26.25,Valkyrie,18,2,2548,15
13-5-2021,24.21,Lifeline,9,4,1673,3
11-6-2021,11.28,Bangalore,1,4,857,9
11-5-2019,15.94,Gibraltar,1,6,993,15
11-9-2021,26.27,Wraith,3,8,798,16
14-1-2021,24.58,Valkyrie,17,10,4042,3
22-1-2021,15.19,Crypto,1,6,579,17
23-10-2022,27.01,Rampart,2,2,685,1
28-9-2022,3.34,Rampart,3,8,2017,2
7-10-2021,11.83,Mad Maggie,17,5,2579,15
25-5-2019,24.48,Octane,5,3,533,11
1-9-2021,26.83,Revenant,10,6,3129,5
14-2-2019,27.13,Lifeline,8,2,1882,10
24-4-2020,11.08,Wraith,8,1,1261,7
28-5-2019,8.18,Rampart,5,5,2052,12
14-1-2022,19.79,Revenant,8,9,1697,5
1-12-2019,19.16,Octane,7,12,2251,10
1-8-2021,21.55,Octane,2,4,476,18
21-5-2020,22.17,Fuse,2,6,1539,13
10-5-2020,18.23,Ash,8,13,3321,2
1-7-2021,23.86,Rampart,6,13,1281,11
15-2-2019,13.98,Valkyrie,2,2,800,3
11-6-2019,11.28,Bloodhound,2,8,905,15
12-5-2021,21.46,Lifeline,19,2,2449,20
15-4-2020,14.64,Gibraltar,11,3,1098,19
7-4-2021,17.87,Wraith,1,1,184,20
